{"nodelist": ["MethodDeclaration", "{'public'}", "public", "ReferenceType", "Builder", "addAllRegions", "FormalParameter", "ReferenceType", "java", "ReferenceType", "lang", "ReferenceType", "Iterable", "TypeArgument", "ReferenceType", "org", "ReferenceType", "apache", "ReferenceType", "hadoop", "ReferenceType", "hbase", "ReferenceType", "rest", "ReferenceType", "protobuf", "ReferenceType", "generated", "ReferenceType", "StorageClusterStatusMessage", "ReferenceType", "StorageClusterStatus", "ReferenceType", "Region", "extends", "values", "IfStatement", "MethodInvocation", "result.regions_", "isEmpty", "BlockStatement", "StatementExpression", "Assignment", "MemberReference", "result", "regions_", "ClassCreator", "ReferenceType", "java", "ReferenceType", "util", "ReferenceType", "ArrayList", "TypeArgument", "ReferenceType", "org", "ReferenceType", "apache", "ReferenceType", "hadoop", "ReferenceType", "hbase", "ReferenceType", "rest", "ReferenceType", "protobuf", "ReferenceType", "generated", "ReferenceType", "StorageClusterStatusMessage", "ReferenceType", "StorageClusterStatus", "ReferenceType", "Region", "=", "StatementExpression", "SuperMethodInvocation", "MemberReference", "values", "MemberReference", "result", "regions_", "addAll", "ReturnStatement", "This"], "nodes": {"0": "MethodDeclaration", "1": "Modifier", "2": "public", "3": "ReferenceType", "4": "Builder", "5": "addAllRegions", "6": "FormalParameter", "7": "ReferenceType", "8": "java", "9": "ReferenceType", "10": "lang", "11": "ReferenceType", "12": "Iterable", "13": "TypeArgument", "14": "ReferenceType", "15": "org", "16": "ReferenceType", "17": "apache", "18": "ReferenceType", "19": "hadoop", "20": "ReferenceType", "21": "hbase", "22": "ReferenceType", "23": "rest", "24": "ReferenceType", "25": "protobuf", "26": "ReferenceType", "27": "generated", "28": "ReferenceType", "29": "StorageClusterStatusMessage", "30": "ReferenceType", "31": "StorageClusterStatus", "32": "ReferenceType", "33": "Region", "34": "extends", "35": "values", "36": "IfStatement", "37": "MethodInvocation", "38": "result.regions_", "39": "isEmpty", "40": "BlockStatement", "41": "StatementExpression", "42": "Assignment", "43": "MemberReference", "44": "result", "45": "regions_", "46": "ClassCreator", "47": "ReferenceType", "48": "java", "49": "ReferenceType", "50": "util", "51": "ReferenceType", "52": "ArrayList", "53": "TypeArgument", "54": "ReferenceType", "55": "org", "56": "ReferenceType", "57": "apache", "58": "ReferenceType", "59": "hadoop", "60": "ReferenceType", "61": "hbase", "62": "ReferenceType", "63": "rest", "64": "ReferenceType", "65": "protobuf", "66": "ReferenceType", "67": "generated", "68": "ReferenceType", "69": "StorageClusterStatusMessage", "70": "ReferenceType", "71": "StorageClusterStatus", "72": "ReferenceType", "73": "Region", "74": "=", "75": "StatementExpression", "76": "SuperMethodInvocation", "77": "MemberReference", "78": "values", "79": "MemberReference", "80": "result", "81": "regions_", "82": "addAll", "83": "ReturnStatement", "84": "This"}, "edges": {"0->1": 0, "1->0": 0, "1->2": 0, "2->1": 0, "0->3": 0, "3->0": 0, "3->4": 0, "4->3": 0, "0->5": 0, "5->0": 0, "0->6": 0, "6->0": 0, "6->7": 0, "7->6": 0, "7->8": 0, "8->7": 0, "7->9": 0, "9->7": 0, "9->10": 0, "10->9": 0, "9->11": 0, "11->9": 0, "11->12": 0, "12->11": 0, "11->13": 0, "13->11": 0, "13->14": 0, "14->13": 0, "14->15": 0, "15->14": 0, "14->16": 0, "16->14": 0, "16->17": 0, "17->16": 0, "16->18": 0, "18->16": 0, "18->19": 0, "19->18": 0, "18->20": 0, "20->18": 0, "20->21": 0, "21->20": 0, "20->22": 0, "22->20": 0, "22->23": 0, "23->22": 0, "22->24": 0, "24->22": 0, "24->25": 0, "25->24": 0, "24->26": 0, "26->24": 0, "26->27": 0, "27->26": 0, "26->28": 0, "28->26": 0, "28->29": 0, "29->28": 0, "28->30": 0, "30->28": 0, "30->31": 0, "31->30": 0, "30->32": 0, "32->30": 0, "32->33": 0, "33->32": 0, "13->34": 0, "34->13": 0, "6->35": 0, "35->6": 0, "0->36": 0, "36->0": 0, "36->37": 0, "37->36": 0, "37->38": 0, "38->37": 0, "37->39": 0, "39->37": 0, "36->40": 0, "40->36": 0, "40->41": 0, "41->40": 0, "41->42": 0, "42->41": 0, "42->43": 0, "43->42": 0, "43->44": 0, "44->43": 0, "43->45": 0, "45->43": 0, "42->46": 0, "46->42": 0, "46->47": 0, "47->46": 0, "47->48": 0, "48->47": 0, "47->49": 0, "49->47": 0, "49->50": 0, "50->49": 0, "49->51": 0, "51->49": 0, "51->52": 0, "52->51": 0, "51->53": 0, "53->51": 0, "53->54": 0, "54->53": 0, "54->55": 0, "55->54": 0, "54->56": 0, "56->54": 0, "56->57": 0, "57->56": 0, "56->58": 0, "58->56": 0, "58->59": 0, "59->58": 0, "58->60": 0, "60->58": 0, "60->61": 0, "61->60": 0, "60->62": 0, "62->60": 0, "62->63": 0, "63->62": 0, "62->64": 0, "64->62": 0, "64->65": 0, "65->64": 0, "64->66": 0, "66->64": 0, "66->67": 0, "67->66": 0, "66->68": 0, "68->66": 0, "68->69": 0, "69->68": 0, "68->70": 0, "70->68": 0, "70->71": 0, "71->70": 0, "70->72": 0, "72->70": 0, "72->73": 0, "73->72": 0, "42->74": 0, "74->42": 0, "0->75": 0, "75->0": 0, "75->76": 0, "76->75": 0, "76->77": 0, "77->76": 0, "77->78": 0, "78->77": 0, "76->79": 0, "79->76": 0, "79->80": 0, "80->79": 0, "79->81": 0, "81->79": 0, "76->82": 0, "82->76": 0, "0->83": 0, "83->0": 0, "83->84": 0, "84->83": 0, "1->3": 1, "3->1": 12, "3->5": 1, "5->3": 12, "5->6": 1, "6->5": 12, "6->36": 1, "36->6": 12, "36->75": 1, "75->36": 12, "75->83": 1, "83->75": 12, "7->35": 1, "35->7": 12, "8->9": 1, "9->8": 12, "10->11": 1, "11->10": 12, "12->13": 1, "13->12": 12, "14->34": 1, "34->14": 12, "15->16": 1, "16->15": 12, "17->18": 1, "18->17": 12, "19->20": 1, "20->19": 12, "21->22": 1, "22->21": 12, "23->24": 1, "24->23": 12, "25->26": 1, "26->25": 12, "27->28": 1, "28->27": 12, "29->30": 1, "30->29": 12, "31->32": 1, "32->31": 12, "37->40": 6, "40->37": 6, "38->39": 2, "39->38": 3, "43->46": 1, "46->43": 12, "46->74": 1, "74->46": 12, "44->45": 2, "45->44": 3, "48->49": 1, "49->48": 12, "50->51": 1, "51->50": 12, "52->53": 1, "53->52": 12, "55->56": 1, "56->55": 12, "57->58": 1, "58->57": 12, "59->60": 1, "60->59": 12, "61->62": 1, "62->61": 12, "63->64": 1, "64->63": 12, "65->66": 1, "66->65": 12, "67->68": 1, "68->67": 12, "69->70": 1, "70->69": 12, "71->72": 1, "72->71": 12, "77->79": 1, "79->77": 12, "79->82": 1, "82->79": 12, "80->81": 2, "81->80": 3, "2->4": 2, "4->2": 3, "4->5": 2, "5->4": 3, "5->8": 2, "8->5": 3, "8->10": 2, "10->8": 3, "10->12": 2, "12->10": 3, "12->15": 2, "15->12": 3, "15->17": 2, "17->15": 3, "17->19": 2, "19->17": 3, "19->21": 2, "21->19": 3, "21->23": 2, "23->21": 3, "23->25": 2, "25->23": 3, "25->27": 2, "27->25": 3, "27->29": 2, "29->27": 3, "29->31": 2, "31->29": 3, "31->33": 2, "33->31": 3, "33->34": 2, "34->33": 3, "34->35": 2, "35->34": 3, "35->38": 2, "38->35": 3, "39->44": 2, "44->39": 3, "45->48": 2, "48->45": 3, "48->50": 2, "50->48": 3, "50->52": 2, "52->50": 3, "52->55": 2, "55->52": 3, "55->57": 2, "57->55": 3, "57->59": 2, "59->57": 3, "59->61": 2, "61->59": 3, "61->63": 2, "63->61": 3, "63->65": 2, "65->63": 3, "65->67": 2, "67->65": 3, "67->69": 2, "69->67": 3, "69->71": 2, "71->69": 3, "71->73": 2, "73->71": 3, "73->74": 2, "74->73": 3, "74->78": 2, "78->74": 3, "78->80": 2, "80->78": 3, "81->82": 2, "82->81": 3, "82->84": 2, "84->82": 3, "45->81": 4, "81->45": 5}, "metrics": [7.0, 2.0, 1.0]}