{"nodelist": ["MethodDeclaration", "{'public'}", "public", "Annotation", "Override", "ReferenceType", "Result", "next", "IOException", "IfStatement", "BinaryOperation", "&&", "BinaryOperation", "==", "MethodInvocation", "cache", "size", "Literal", "0", "This", "MemberReference", "closed", "BlockStatement", "ReturnStatement", "Literal", "null", "IfStatement", "BinaryOperation", "==", "MethodInvocation", "cache", "size", "Literal", "0", "BlockStatement", "StatementExpression", "MethodInvocation", "loadCache", "IfStatement", "BinaryOperation", ">", "MethodInvocation", "cache", "size", "Literal", "0", "BlockStatement", "ReturnStatement", "MethodInvocation", "cache", "poll", "StatementExpression", "MethodInvocation", "writeScanMetrics", "ReturnStatement", "Literal", "null"], "nodes": {"0": "MethodDeclaration", "1": "Modifier", "2": "public", "3": "Annotation", "4": "Override", "5": "ReferenceType", "6": "Result", "7": "next", "8": "IOException", "9": "IfStatement", "10": "BinaryOperation", "11": "&&", "12": "BinaryOperation", "13": "==", "14": "MethodInvocation", "15": "cache", "16": "size", "17": "Literal", "18": "0", "19": "This", "20": "MemberReference", "21": "closed", "22": "BlockStatement", "23": "ReturnStatement", "24": "Literal", "25": "null", "26": "IfStatement", "27": "BinaryOperation", "28": "==", "29": "MethodInvocation", "30": "cache", "31": "size", "32": "Literal", "33": "0", "34": "BlockStatement", "35": "StatementExpression", "36": "MethodInvocation", "37": "loadCache", "38": "IfStatement", "39": "BinaryOperation", "40": ">", "41": "MethodInvocation", "42": "cache", "43": "size", "44": "Literal", "45": "0", "46": "BlockStatement", "47": "ReturnStatement", "48": "MethodInvocation", "49": "cache", "50": "poll", "51": "StatementExpression", "52": "MethodInvocation", "53": "writeScanMetrics", "54": "ReturnStatement", "55": "Literal", "56": "null"}, "edges": {"0->1": 0, "1->0": 0, "1->2": 0, "2->1": 0, "0->3": 0, "3->0": 0, "3->4": 0, "4->3": 0, "0->5": 0, "5->0": 0, "5->6": 0, "6->5": 0, "0->7": 0, "7->0": 0, "0->8": 0, "8->0": 0, "0->9": 0, "9->0": 0, "9->10": 0, "10->9": 0, "10->11": 0, "11->10": 0, "10->12": 0, "12->10": 0, "12->13": 0, "13->12": 0, "12->14": 0, "14->12": 0, "14->15": 0, "15->14": 0, "14->16": 0, "16->14": 0, "12->17": 0, "17->12": 0, "17->18": 0, "18->17": 0, "10->19": 0, "19->10": 0, "19->20": 0, "20->19": 0, "20->21": 0, "21->20": 0, "9->22": 0, "22->9": 0, "22->23": 0, "23->22": 0, "23->24": 0, "24->23": 0, "24->25": 0, "25->24": 0, "0->26": 0, "26->0": 0, "26->27": 0, "27->26": 0, "27->28": 0, "28->27": 0, "27->29": 0, "29->27": 0, "29->30": 0, "30->29": 0, "29->31": 0, "31->29": 0, "27->32": 0, "32->27": 0, "32->33": 0, "33->32": 0, "26->34": 0, "34->26": 0, "34->35": 0, "35->34": 0, "35->36": 0, "36->35": 0, "36->37": 0, "37->36": 0, "0->38": 0, "38->0": 0, "38->39": 0, "39->38": 0, "39->40": 0, "40->39": 0, "39->41": 0, "41->39": 0, "41->42": 0, "42->41": 0, "41->43": 0, "43->41": 0, "39->44": 0, "44->39": 0, "44->45": 0, "45->44": 0, "38->46": 0, "46->38": 0, "46->47": 0, "47->46": 0, "47->48": 0, "48->47": 0, "48->49": 0, "49->48": 0, "48->50": 0, "50->48": 0, "0->51": 0, "51->0": 0, "51->52": 0, "52->51": 0, "52->53": 0, "53->52": 0, "0->54": 0, "54->0": 0, "54->55": 0, "55->54": 0, "55->56": 0, "56->55": 0, "1->3": 1, "3->1": 12, "3->5": 1, "5->3": 12, "5->7": 1, "7->5": 12, "7->8": 2, "8->7": 3, "8->9": 1, "9->8": 12, "9->26": 1, "26->9": 12, "26->38": 1, "38->26": 12, "38->51": 1, "51->38": 12, "51->54": 1, "54->51": 12, "10->22": 6, "22->10": 6, "11->12": 1, "12->11": 12, "12->19": 1, "19->12": 12, "13->14": 1, "14->13": 12, "14->17": 1, "17->14": 12, "15->16": 2, "16->15": 3, "27->34": 6, "34->27": 6, "28->29": 1, "29->28": 12, "29->32": 1, "32->29": 12, "30->31": 2, "31->30": 3, "39->46": 6, "46->39": 6, "40->41": 1, "41->40": 12, "41->44": 1, "44->41": 12, "42->43": 2, "43->42": 3, "49->50": 2, "50->49": 3, "2->4": 2, "4->2": 3, "4->6": 2, "6->4": 3, "6->7": 2, "7->6": 3, "8->11": 2, "11->8": 3, "11->13": 2, "13->11": 3, "13->15": 2, "15->13": 3, "16->18": 2, "18->16": 3, "18->21": 2, "21->18": 3, "21->25": 2, "25->21": 3, "25->28": 2, "28->25": 3, "28->30": 2, "30->28": 3, "31->33": 2, "33->31": 3, "33->37": 2, "37->33": 3, "37->40": 2, "40->37": 3, "40->42": 2, "42->40": 3, "43->45": 2, "45->43": 3, "45->49": 2, "49->45": 3, "50->53": 2, "53->50": 3, "53->56": 2, "56->53": 3}, "metrics": [13.0, 4.0, 0.0]}