{"nodelist": ["MethodDeclaration", "{'public'}", "public", "ReferenceType", "AsyncMethodCallback", "TypeArgument", "ReferenceType", "Boolean", "getResultHandler", "FormalParameter", "{'final'}", "final", "ReferenceType", "AsyncFrameBuffer", "fb", "FormalParameter", "{'final'}", "final", "BasicType", "int", "seqid", "LocalVariableDeclaration", "{'final'}", "final", "ReferenceType", "org", "ReferenceType", "apache", "ReferenceType", "thrift", "ReferenceType", "AsyncProcessFunction", "VariableDeclarator", "fcall", "This", "ReturnStatement", "ClassCreator", "ReferenceType", "AsyncMethodCallback", "TypeArgument", "ReferenceType", "Boolean", "MethodDeclaration", "{'public'}", "public", "onComplete", "FormalParameter", "ReferenceType", "Boolean", "o", "LocalVariableDeclaration", "ReferenceType", "isTableEnabled_result", "VariableDeclarator", "result", "ClassCreator", "ReferenceType", "isTableEnabled_result", "StatementExpression", "Assignment", "MemberReference", "result", "success", "MemberReference", "o", "=", "StatementExpression", "MethodInvocation", "result", "Literal", "true", "setSuccessIsSet", "TryStatement", "StatementExpression", "MethodInvocation", "fcall", "MemberReference", "fb", "MemberReference", "result", "MemberReference", "org.apache.thrift.protocol.TMessageType", "REPLY", "MemberReference", "seqid", "sendResponse", "ReturnStatement", "CatchClause", "CatchClauseParameter", "Exception", "e", "StatementExpression", "MethodInvocation", "LOGGER", "Literal", "\"Exception writing to internal frame buffer\"", "MemberReference", "e", "error", "StatementExpression", "MethodInvocation", "fb", "close", "MethodDeclaration", "{'public'}", "public", "onError", "FormalParameter", "ReferenceType", "Exception", "e", "LocalVariableDeclaration", "BasicType", "byte", "VariableDeclarator", "msgType", "MemberReference", "org.apache.thrift.protocol.TMessageType", "REPLY", "LocalVariableDeclaration", "ReferenceType", "org", "ReferenceType", "apache", "ReferenceType", "thrift", "ReferenceType", "TBase", "VariableDeclarator", "msg", "LocalVariableDeclaration", "ReferenceType", "isTableEnabled_result", "VariableDeclarator", "result", "ClassCreator", "ReferenceType", "isTableEnabled_result", "IfStatement", "BinaryOperation", "instanceof", "MemberReference", "e", "ReferenceType", "IOError", "BlockStatement", "StatementExpression", "Assignment", "MemberReference", "result", "io", "Cast", "ReferenceType", "IOError", "MemberReference", "e", "=", "StatementExpression", "MethodInvocation", "result", "Literal", "true", "setIoIsSet", "StatementExpression", "Assignment", "MemberReference", "msg", "MemberReference", "result", "=", "BlockStatement", "StatementExpression", "Assignment", "MemberReference", "msgType", "MemberReference", "org.apache.thrift.protocol.TMessageType", "EXCEPTION", "=", "StatementExpression", "Assignment", "MemberReference", "msg", "Cast", "ReferenceType", "org", "ReferenceType", "apache", "ReferenceType", "thrift", "ReferenceType", "TBase", "ClassCreator", "ReferenceType", "org", "ReferenceType", "apache", "ReferenceType", "thrift", "ReferenceType", "TApplicationException", "MemberReference", "org.apache.thrift.TApplicationException", "INTERNAL_ERROR", "MethodInvocation", "e", "getMessage", "=", "TryStatement", "StatementExpression", "MethodInvocation", "fcall", "MemberReference", "fb", "MemberReference", "msg", "MemberReference", "msgType", "MemberReference", "seqid", "sendResponse", "ReturnStatement", "CatchClause", "CatchClauseParameter", "Exception", "ex", "StatementExpression", "MethodInvocation", "LOGGER", "Literal", "\"Exception writing to internal frame buffer\"", "MemberReference", "ex", "error", "StatementExpression", "MethodInvocation", "fb", "close"], "nodes": {"0": "MethodDeclaration", "1": "Modifier", "2": "public", "3": "ReferenceType", "4": "AsyncMethodCallback", "5": "TypeArgument", "6": "ReferenceType", "7": "Boolean", "8": "getResultHandler", "9": "FormalParameter", "10": "Modifier", "11": "final", "12": "ReferenceType", "13": "AsyncFrameBuffer", "14": "fb", "15": "FormalParameter", "16": "Modifier", "17": "final", "18": "BasicType", "19": "int", "20": "seqid", "21": "LocalVariableDeclaration", "22": "Modifier", "23": "final", "24": "ReferenceType", "25": "org", "26": "ReferenceType", "27": "apache", "28": "ReferenceType", "29": "thrift", "30": "ReferenceType", "31": "AsyncProcessFunction", "32": "VariableDeclarator", "33": "fcall", "34": "This", "35": "ReturnStatement", "36": "ClassCreator", "37": "ReferenceType", "38": "AsyncMethodCallback", "39": "TypeArgument", "40": "ReferenceType", "41": "Boolean", "42": "MethodDeclaration", "43": "Modifier", "44": "public", "45": "onComplete", "46": "FormalParameter", "47": "ReferenceType", "48": "Boolean", "49": "o", "50": "LocalVariableDeclaration", "51": "ReferenceType", "52": "isTableEnabled_result", "53": "VariableDeclarator", "54": "result", "55": "ClassCreator", "56": "ReferenceType", "57": "isTableEnabled_result", "58": "StatementExpression", "59": "Assignment", "60": "MemberReference", "61": "result", "62": "success", "63": "MemberReference", "64": "o", "65": "=", "66": "StatementExpression", "67": "MethodInvocation", "68": "result", "69": "Literal", "70": "true", "71": "setSuccessIsSet", "72": "TryStatement", "73": "StatementExpression", "74": "MethodInvocation", "75": "fcall", "76": "MemberReference", "77": "fb", "78": "MemberReference", "79": "result", "80": "MemberReference", "81": "org.apache.thrift.protocol.TMessageType", "82": "REPLY", "83": "MemberReference", "84": "seqid", "85": "sendResponse", "86": "ReturnStatement", "87": "CatchClause", "88": "CatchClauseParameter", "89": "Exception", "90": "e", "91": "StatementExpression", "92": "MethodInvocation", "93": "LOGGER", "94": "Literal", "95": "\"Exception writing to internal frame buffer\"", "96": "MemberReference", "97": "e", "98": "error", "99": "StatementExpression", "100": "MethodInvocation", "101": "fb", "102": "close", "103": "MethodDeclaration", "104": "Modifier", "105": "public", "106": "onError", "107": "FormalParameter", "108": "ReferenceType", "109": "Exception", "110": "e", "111": "LocalVariableDeclaration", "112": "BasicType", "113": "byte", "114": "VariableDeclarator", "115": "msgType", "116": "MemberReference", "117": "org.apache.thrift.protocol.TMessageType", "118": "REPLY", "119": "LocalVariableDeclaration", "120": "ReferenceType", "121": "org", "122": "ReferenceType", "123": "apache", "124": "ReferenceType", "125": "thrift", "126": "ReferenceType", "127": "TBase", "128": "VariableDeclarator", "129": "msg", "130": "LocalVariableDeclaration", "131": "ReferenceType", "132": "isTableEnabled_result", "133": "VariableDeclarator", "134": "result", "135": "ClassCreator", "136": "ReferenceType", "137": "isTableEnabled_result", "138": "IfStatement", "139": "BinaryOperation", "140": "instanceof", "141": "MemberReference", "142": "e", "143": "ReferenceType", "144": "IOError", "145": "BlockStatement", "146": "StatementExpression", "147": "Assignment", "148": "MemberReference", "149": "result", "150": "io", "151": "Cast", "152": "ReferenceType", "153": "IOError", "154": "MemberReference", "155": "e", "156": "=", "157": "StatementExpression", "158": "MethodInvocation", "159": "result", "160": "Literal", "161": "true", "162": "setIoIsSet", "163": "StatementExpression", "164": "Assignment", "165": "MemberReference", "166": "msg", "167": "MemberReference", "168": "result", "169": "=", "170": "BlockStatement", "171": "StatementExpression", "172": "Assignment", "173": "MemberReference", "174": "msgType", "175": "MemberReference", "176": "org.apache.thrift.protocol.TMessageType", "177": "EXCEPTION", "178": "=", "179": "StatementExpression", "180": "Assignment", "181": "MemberReference", "182": "msg", "183": "Cast", "184": "ReferenceType", "185": "org", "186": "ReferenceType", "187": "apache", "188": "ReferenceType", "189": "thrift", "190": "ReferenceType", "191": "TBase", "192": "ClassCreator", "193": "ReferenceType", "194": "org", "195": "ReferenceType", "196": "apache", "197": "ReferenceType", "198": "thrift", "199": "ReferenceType", "200": "TApplicationException", "201": "MemberReference", "202": "org.apache.thrift.TApplicationException", "203": "INTERNAL_ERROR", "204": "MethodInvocation", "205": "e", "206": "getMessage", "207": "=", "208": "TryStatement", "209": "StatementExpression", "210": "MethodInvocation", "211": "fcall", "212": "MemberReference", "213": "fb", "214": "MemberReference", "215": "msg", "216": "MemberReference", "217": "msgType", "218": "MemberReference", "219": "seqid", "220": "sendResponse", "221": "ReturnStatement", "222": "CatchClause", "223": "CatchClauseParameter", "224": "Exception", "225": "ex", "226": "StatementExpression", "227": "MethodInvocation", "228": "LOGGER", "229": "Literal", "230": "\"Exception writing to internal frame buffer\"", "231": "MemberReference", "232": "ex", "233": "error", "234": "StatementExpression", "235": "MethodInvocation", "236": "fb", "237": "close"}, "edges": {"0->1": 0, "1->0": 0, "1->2": 0, "2->1": 0, "0->3": 0, "3->0": 0, "3->4": 0, "4->3": 0, "3->5": 0, "5->3": 0, "5->6": 0, "6->5": 0, "6->7": 0, "7->6": 0, "0->8": 0, "8->0": 0, "0->9": 0, "9->0": 0, "9->10": 0, "10->9": 0, "10->11": 0, "11->10": 0, "9->12": 0, "12->9": 0, "12->13": 0, "13->12": 0, "9->14": 0, "14->9": 0, "0->15": 0, "15->0": 0, "15->16": 0, "16->15": 0, "16->17": 0, "17->16": 0, "15->18": 0, "18->15": 0, "18->19": 0, "19->18": 0, "15->20": 0, "20->15": 0, "0->21": 0, "21->0": 0, "21->22": 0, "22->21": 0, "22->23": 0, "23->22": 0, "21->24": 0, "24->21": 0, "24->25": 0, "25->24": 0, "24->26": 0, "26->24": 0, "26->27": 0, "27->26": 0, "26->28": 0, "28->26": 0, "28->29": 0, "29->28": 0, "28->30": 0, "30->28": 0, "30->31": 0, "31->30": 0, "21->32": 0, "32->21": 0, "32->33": 0, "33->32": 0, "32->34": 0, "34->32": 0, "0->35": 0, "35->0": 0, "35->36": 0, "36->35": 0, "36->37": 0, "37->36": 0, "37->38": 0, "38->37": 0, "37->39": 0, "39->37": 0, "39->40": 0, "40->39": 0, "40->41": 0, "41->40": 0, "36->42": 0, "42->36": 0, "42->43": 0, "43->42": 0, "43->44": 0, "44->43": 0, "42->45": 0, "45->42": 0, "42->46": 0, "46->42": 0, "46->47": 0, "47->46": 0, "47->48": 0, "48->47": 0, "46->49": 0, "49->46": 0, "42->50": 0, "50->42": 0, "50->51": 0, "51->50": 0, "51->52": 0, "52->51": 0, "50->53": 0, "53->50": 0, "53->54": 0, "54->53": 0, "53->55": 0, "55->53": 0, "55->56": 0, "56->55": 0, "56->57": 0, "57->56": 0, "42->58": 0, "58->42": 0, "58->59": 0, "59->58": 0, "59->60": 0, "60->59": 0, "60->61": 0, "61->60": 0, "60->62": 0, "62->60": 0, "59->63": 0, "63->59": 0, "63->64": 0, "64->63": 0, "59->65": 0, "65->59": 0, "42->66": 0, "66->42": 0, "66->67": 0, "67->66": 0, "67->68": 0, "68->67": 0, "67->69": 0, "69->67": 0, "69->70": 0, "70->69": 0, "67->71": 0, "71->67": 0, "42->72": 0, "72->42": 0, "72->73": 0, "73->72": 0, "73->74": 0, "74->73": 0, "74->75": 0, "75->74": 0, "74->76": 0, "76->74": 0, "76->77": 0, "77->76": 0, "74->78": 0, "78->74": 0, "78->79": 0, "79->78": 0, "74->80": 0, "80->74": 0, "80->81": 0, "81->80": 0, "80->82": 0, "82->80": 0, "74->83": 0, "83->74": 0, "83->84": 0, "84->83": 0, "74->85": 0, "85->74": 0, "72->86": 0, "86->72": 0, "72->87": 0, "87->72": 0, "87->88": 0, "88->87": 0, "88->89": 0, "89->88": 0, "88->90": 0, "90->88": 0, "87->91": 0, "91->87": 0, "91->92": 0, "92->91": 0, "92->93": 0, "93->92": 0, "92->94": 0, "94->92": 0, "94->95": 0, "95->94": 0, "92->96": 0, "96->92": 0, "96->97": 0, "97->96": 0, "92->98": 0, "98->92": 0, "42->99": 0, "99->42": 0, "99->100": 0, "100->99": 0, "100->101": 0, "101->100": 0, "100->102": 0, "102->100": 0, "36->103": 0, "103->36": 0, "103->104": 0, "104->103": 0, "104->105": 0, "105->104": 0, "103->106": 0, "106->103": 0, "103->107": 0, "107->103": 0, "107->108": 0, "108->107": 0, "108->109": 0, "109->108": 0, "107->110": 0, "110->107": 0, "103->111": 0, "111->103": 0, "111->112": 0, "112->111": 0, "112->113": 0, "113->112": 0, "111->114": 0, "114->111": 0, "114->115": 0, "115->114": 0, "114->116": 0, "116->114": 0, "116->117": 0, "117->116": 0, "116->118": 0, "118->116": 0, "103->119": 0, "119->103": 0, "119->120": 0, "120->119": 0, "120->121": 0, "121->120": 0, "120->122": 0, "122->120": 0, "122->123": 0, "123->122": 0, "122->124": 0, "124->122": 0, "124->125": 0, "125->124": 0, "124->126": 0, "126->124": 0, "126->127": 0, "127->126": 0, "119->128": 0, "128->119": 0, "128->129": 0, "129->128": 0, "103->130": 0, "130->103": 0, "130->131": 0, "131->130": 0, "131->132": 0, "132->131": 0, "130->133": 0, "133->130": 0, "133->134": 0, "134->133": 0, "133->135": 0, "135->133": 0, "135->136": 0, "136->135": 0, "136->137": 0, "137->136": 0, "103->138": 0, "138->103": 0, "138->139": 0, "139->138": 0, "139->140": 0, "140->139": 0, "139->141": 0, "141->139": 0, "141->142": 0, "142->141": 0, "139->143": 0, "143->139": 0, "143->144": 0, "144->143": 0, "138->145": 0, "145->138": 0, "145->146": 0, "146->145": 0, "146->147": 0, "147->146": 0, "147->148": 0, "148->147": 0, "148->149": 0, "149->148": 0, "148->150": 0, "150->148": 0, "147->151": 0, "151->147": 0, "151->152": 0, "152->151": 0, "152->153": 0, "153->152": 0, "151->154": 0, "154->151": 0, "154->155": 0, "155->154": 0, "147->156": 0, "156->147": 0, "145->157": 0, "157->145": 0, "157->158": 0, "158->157": 0, "158->159": 0, "159->158": 0, "158->160": 0, "160->158": 0, "160->161": 0, "161->160": 0, "158->162": 0, "162->158": 0, "145->163": 0, "163->145": 0, "163->164": 0, "164->163": 0, "164->165": 0, "165->164": 0, "165->166": 0, "166->165": 0, "164->167": 0, "167->164": 0, "167->168": 0, "168->167": 0, "164->169": 0, "169->164": 0, "138->170": 0, "170->138": 0, "170->171": 0, "171->170": 0, "171->172": 0, "172->171": 0, "172->173": 0, "173->172": 0, "173->174": 0, "174->173": 0, "172->175": 0, "175->172": 0, "175->176": 0, "176->175": 0, "175->177": 0, "177->175": 0, "172->178": 0, "178->172": 0, "170->179": 0, "179->170": 0, "179->180": 0, "180->179": 0, "180->181": 0, "181->180": 0, "181->182": 0, "182->181": 0, "180->183": 0, "183->180": 0, "183->184": 0, "184->183": 0, "184->185": 0, "185->184": 0, "184->186": 0, "186->184": 0, "186->187": 0, "187->186": 0, "186->188": 0, "188->186": 0, "188->189": 0, "189->188": 0, "188->190": 0, "190->188": 0, "190->191": 0, "191->190": 0, "183->192": 0, "192->183": 0, "192->193": 0, "193->192": 0, "193->194": 0, "194->193": 0, "193->195": 0, "195->193": 0, "195->196": 0, "196->195": 0, "195->197": 0, "197->195": 0, "197->198": 0, "198->197": 0, "197->199": 0, "199->197": 0, "199->200": 0, "200->199": 0, "192->201": 0, "201->192": 0, "201->202": 0, "202->201": 0, "201->203": 0, "203->201": 0, "192->204": 0, "204->192": 0, "204->205": 0, "205->204": 0, "204->206": 0, "206->204": 0, "180->207": 0, "207->180": 0, "103->208": 0, "208->103": 0, "208->209": 0, "209->208": 0, "209->210": 0, "210->209": 0, "210->211": 0, "211->210": 0, "210->212": 0, "212->210": 0, "212->213": 0, "213->212": 0, "210->214": 0, "214->210": 0, "214->215": 0, "215->214": 0, "210->216": 0, "216->210": 0, "216->217": 0, "217->216": 0, "210->218": 0, "218->210": 0, "218->219": 0, "219->218": 0, "210->220": 0, "220->210": 0, "208->221": 0, "221->208": 0, "208->222": 0, "222->208": 0, "222->223": 0, "223->222": 0, "223->224": 0, "224->223": 0, "223->225": 0, "225->223": 0, "222->226": 0, "226->222": 0, "226->227": 0, "227->226": 0, "227->228": 0, "228->227": 0, "227->229": 0, "229->227": 0, "229->230": 0, "230->229": 0, "227->231": 0, "231->227": 0, "231->232": 0, "232->231": 0, "227->233": 0, "233->227": 0, "103->234": 0, "234->103": 0, "234->235": 0, "235->234": 0, "235->236": 0, "236->235": 0, "235->237": 0, "237->235": 0, "1->3": 1, "3->1": 12, "3->8": 1, "8->3": 12, "8->9": 1, "9->8": 12, "9->15": 1, "15->9": 12, "15->21": 1, "21->15": 12, "21->35": 1, "35->21": 12, "4->5": 1, "5->4": 12, "10->12": 1, "12->10": 12, "12->14": 1, "14->12": 12, "16->18": 1, "18->16": 12, "18->20": 1, "20->18": 12, "22->24": 1, "24->22": 12, "24->32": 1, "32->24": 12, "25->26": 1, "26->25": 12, "27->28": 1, "28->27": 12, "29->30": 1, "30->29": 12, "33->34": 2, "34->33": 3, "37->42": 1, "42->37": 12, "42->103": 1, "103->42": 12, "38->39": 1, "39->38": 12, "43->45": 1, "45->43": 12, "45->46": 1, "46->45": 12, "46->50": 1, "50->46": 12, "50->58": 1, "58->50": 12, "58->66": 1, "66->58": 12, "66->72": 1, "72->66": 12, "72->99": 1, "99->72": 12, "47->49": 1, "49->47": 12, "51->53": 1, "53->51": 12, "54->55": 1, "55->54": 12, "60->63": 1, "63->60": 12, "63->65": 1, "65->63": 12, "61->62": 2, "62->61": 3, "68->69": 1, "69->68": 12, "69->71": 1, "71->69": 12, "73->86": 1, "86->73": 12, "86->87": 1, "87->86": 12, "75->76": 1, "76->75": 12, "76->78": 1, "78->76": 12, "78->80": 1, "80->78": 12, "80->83": 1, "83->80": 12, "83->85": 1, "85->83": 12, "81->82": 2, "82->81": 3, "88->91": 1, "91->88": 12, "89->90": 2, "90->89": 3, "93->94": 1, "94->93": 12, "94->96": 1, "96->94": 12, "96->98": 1, "98->96": 12, "101->102": 2, "102->101": 3, "104->106": 1, "106->104": 12, "106->107": 1, "107->106": 12, "107->111": 1, "111->107": 12, "111->119": 1, "119->111": 12, "119->130": 1, "130->119": 12, "130->138": 1, "138->130": 12, "138->208": 1, "208->138": 12, "208->234": 1, "234->208": 12, "108->110": 1, "110->108": 12, "112->114": 1, "114->112": 12, "115->116": 1, "116->115": 12, "117->118": 2, "118->117": 3, "120->128": 1, "128->120": 12, "121->122": 1, "122->121": 12, "123->124": 1, "124->123": 12, "125->126": 1, "126->125": 12, "131->133": 1, "133->131": 12, "134->135": 1, "135->134": 12, "139->145": 6, "145->139": 6, "145->170": 1, "170->145": 12, "140->141": 1, "141->140": 12, "141->143": 1, "143->141": 12, "146->157": 10, "157->146": 11, "157->163": 10, "163->157": 11, "148->151": 1, "151->148": 12, "151->156": 1, "156->151": 12, "149->150": 2, "150->149": 3, "152->154": 1, "154->152": 12, "159->160": 1, "160->159": 12, "160->162": 1, "162->160": 12, "165->167": 1, "167->165": 12, "167->169": 1, "169->167": 12, "171->179": 10, "179->171": 11, "173->175": 1, "175->173": 12, "175->178": 1, "178->175": 12, "176->177": 2, "177->176": 3, "181->183": 1, "183->181": 12, "183->207": 1, "207->183": 12, "184->192": 1, "192->184": 12, "185->186": 1, "186->185": 12, "187->188": 1, "188->187": 12, "189->190": 1, "190->189": 12, "193->201": 1, "201->193": 12, "201->204": 1, "204->201": 12, "194->195": 1, "195->194": 12, "196->197": 1, "197->196": 12, "198->199": 1, "199->198": 12, "202->203": 2, "203->202": 3, "205->206": 2, "206->205": 3, "209->221": 1, "221->209": 12, "221->222": 1, "222->221": 12, "211->212": 1, "212->211": 12, "212->214": 1, "214->212": 12, "214->216": 1, "216->214": 12, "216->218": 1, "218->216": 12, "218->220": 1, "220->218": 12, "223->226": 1, "226->223": 12, "224->225": 2, "225->224": 3, "228->229": 1, "229->228": 12, "229->231": 1, "231->229": 12, "231->233": 1, "233->231": 12, "236->237": 2, "237->236": 3, "139->170": 7, "170->139": 7, "2->4": 2, "4->2": 3, "4->7": 2, "7->4": 3, "7->8": 2, "8->7": 3, "8->11": 2, "11->8": 3, "11->13": 2, "13->11": 3, "13->14": 2, "14->13": 3, "14->17": 2, "17->14": 3, "17->19": 2, "19->17": 3, "19->20": 2, "20->19": 3, "20->23": 2, "23->20": 3, "23->25": 2, "25->23": 3, "25->27": 2, "27->25": 3, "27->29": 2, "29->27": 3, "29->31": 2, "31->29": 3, "31->33": 2, "33->31": 3, "34->38": 2, "38->34": 3, "38->41": 2, "41->38": 3, "41->44": 2, "44->41": 3, "44->45": 2, "45->44": 3, "45->48": 2, "48->45": 3, "48->49": 2, "49->48": 3, "49->52": 2, "52->49": 3, "52->54": 2, "54->52": 3, "54->57": 2, "57->54": 3, "57->61": 2, "61->57": 3, "62->64": 2, "64->62": 3, "64->65": 2, "65->64": 3, "65->68": 2, "68->65": 3, "68->70": 2, "70->68": 3, "70->71": 2, "71->70": 3, "71->75": 2, "75->71": 3, "75->77": 2, "77->75": 3, "77->79": 2, "79->77": 3, "79->81": 2, "81->79": 3, "82->84": 2, "84->82": 3, "84->85": 2, "85->84": 3, "85->86": 2, "86->85": 3, "86->89": 2, "89->86": 3, "90->93": 2, "93->90": 3, "93->95": 2, "95->93": 3, "95->97": 2, "97->95": 3, "97->98": 2, "98->97": 3, "98->101": 2, "101->98": 3, "102->105": 2, "105->102": 3, "105->106": 2, "106->105": 3, "106->109": 2, "109->106": 3, "109->110": 2, "110->109": 3, "110->113": 2, "113->110": 3, "113->115": 2, "115->113": 3, "115->117": 2, "117->115": 3, "118->121": 2, "121->118": 3, "121->123": 2, "123->121": 3, "123->125": 2, "125->123": 3, "125->127": 2, "127->125": 3, "127->129": 2, "129->127": 3, "129->132": 2, "132->129": 3, "132->134": 2, "134->132": 3, "134->137": 2, "137->134": 3, "137->140": 2, "140->137": 3, "140->142": 2, "142->140": 3, "142->144": 2, "144->142": 3, "144->149": 2, "149->144": 3, "150->153": 2, "153->150": 3, "153->155": 2, "155->153": 3, "155->156": 2, "156->155": 3, "156->159": 2, "159->156": 3, "159->161": 2, "161->159": 3, "161->162": 2, "162->161": 3, "162->166": 2, "166->162": 3, "166->168": 2, "168->166": 3, "168->169": 2, "169->168": 3, "169->174": 2, "174->169": 3, "174->176": 2, "176->174": 3, "177->178": 2, "178->177": 3, "178->182": 2, "182->178": 3, "182->185": 2, "185->182": 3, "185->187": 2, "187->185": 3, "187->189": 2, "189->187": 3, "189->191": 2, "191->189": 3, "191->194": 2, "194->191": 3, "194->196": 2, "196->194": 3, "196->198": 2, "198->196": 3, "198->200": 2, "200->198": 3, "200->202": 2, "202->200": 3, "203->205": 2, "205->203": 3, "206->207": 2, "207->206": 3, "207->211": 2, "211->207": 3, "211->213": 2, "213->211": 3, "213->215": 2, "215->213": 3, "215->217": 2, "217->215": 3, "217->219": 2, "219->217": 3, "219->220": 2, "220->219": 3, "220->221": 2, "221->220": 3, "221->224": 2, "224->221": 3, "225->228": 2, "228->225": 3, "228->230": 2, "230->228": 3, "230->232": 2, "232->230": 3, "232->233": 2, "233->232": 3, "233->236": 2, "236->233": 3, "77->213": 4, "213->77": 5, "79->168": 4, "168->79": 5, "82->118": 4, "118->82": 5, "84->219": 4, "219->84": 5, "97->142": 4, "142->97": 5, "142->155": 4, "155->142": 5, "166->182": 4, "182->166": 5, "182->215": 4, "215->182": 5, "174->217": 4, "217->174": 5}, "metrics": [41.0, 2.0, 2.0]}