{"nodelist": ["MethodDeclaration", "{'public'}", "public", "Annotation", "Override", "Annotation", "QosPriority", "ElementValuePair", "priority", "MemberReference", "HIGH_QOS", "openRegion", "FormalParameter", "ReferenceType", "HRegionInfo", "region", "RegionServerStoppedException", "StatementExpression", "MethodInvocation", "LOG", "BinaryOperation", "+", "Literal", "\"Received request to open region: \"", "MethodInvocation", "region", "getRegionNameAsString", "info", "IfStatement", "This", "MemberReference", "stopped", "ThrowStatement", "ClassCreator", "ReferenceType", "RegionServerStoppedException", "IfStatement", "MethodInvocation", "region", "isRootRegion", "BlockStatement", "StatementExpression", "This", "MemberReference", "service", "MethodInvocation", "ClassCreator", "ReferenceType", "OpenRootHandler", "This", "This", "MemberReference", "region", "submit", "IfStatement", "MethodInvocation", "region", "isMetaRegion", "BlockStatement", "StatementExpression", "This", "MemberReference", "service", "MethodInvocation", "ClassCreator", "ReferenceType", "OpenMetaHandler", "This", "This", "MemberReference", "region", "submit", "BlockStatement", "StatementExpression", "This", "MemberReference", "service", "MethodInvocation", "ClassCreator", "ReferenceType", "OpenRegionHandler", "This", "This", "MemberReference", "region", "submit"], "nodes": {"0": "MethodDeclaration", "1": "Modifier", "2": "public", "3": "Annotation", "4": "Override", "5": "Annotation", "6": "QosPriority", "7": "ElementValuePair", "8": "priority", "9": "MemberReference", "10": "HIGH_QOS", "11": "openRegion", "12": "FormalParameter", "13": "ReferenceType", "14": "HRegionInfo", "15": "region", "16": "RegionServerStoppedException", "17": "StatementExpression", "18": "MethodInvocation", "19": "LOG", "20": "BinaryOperation", "21": "+", "22": "Literal", "23": "\"Received request to open region: \"", "24": "MethodInvocation", "25": "region", "26": "getRegionNameAsString", "27": "info", "28": "IfStatement", "29": "This", "30": "MemberReference", "31": "stopped", "32": "ThrowStatement", "33": "ClassCreator", "34": "ReferenceType", "35": "RegionServerStoppedException", "36": "IfStatement", "37": "MethodInvocation", "38": "region", "39": "isRootRegion", "40": "BlockStatement", "41": "StatementExpression", "42": "This", "43": "MemberReference", "44": "service", "45": "MethodInvocation", "46": "ClassCreator", "47": "ReferenceType", "48": "OpenRootHandler", "49": "This", "50": "This", "51": "MemberReference", "52": "region", "53": "submit", "54": "IfStatement", "55": "MethodInvocation", "56": "region", "57": "isMetaRegion", "58": "BlockStatement", "59": "StatementExpression", "60": "This", "61": "MemberReference", "62": "service", "63": "MethodInvocation", "64": "ClassCreator", "65": "ReferenceType", "66": "OpenMetaHandler", "67": "This", "68": "This", "69": "MemberReference", "70": "region", "71": "submit", "72": "BlockStatement", "73": "StatementExpression", "74": "This", "75": "MemberReference", "76": "service", "77": "MethodInvocation", "78": "ClassCreator", "79": "ReferenceType", "80": "OpenRegionHandler", "81": "This", "82": "This", "83": "MemberReference", "84": "region", "85": "submit"}, "edges": {"0->1": 0, "1->0": 0, "1->2": 0, "2->1": 0, "0->3": 0, "3->0": 0, "3->4": 0, "4->3": 0, "0->5": 0, "5->0": 0, "5->6": 0, "6->5": 0, "5->7": 0, "7->5": 0, "7->8": 0, "8->7": 0, "7->9": 0, "9->7": 0, "9->10": 0, "10->9": 0, "0->11": 0, "11->0": 0, "0->12": 0, "12->0": 0, "12->13": 0, "13->12": 0, "13->14": 0, "14->13": 0, "12->15": 0, "15->12": 0, "0->16": 0, "16->0": 0, "0->17": 0, "17->0": 0, "17->18": 0, "18->17": 0, "18->19": 0, "19->18": 0, "18->20": 0, "20->18": 0, "20->21": 0, "21->20": 0, "20->22": 0, "22->20": 0, "22->23": 0, "23->22": 0, "20->24": 0, "24->20": 0, "24->25": 0, "25->24": 0, "24->26": 0, "26->24": 0, "18->27": 0, "27->18": 0, "0->28": 0, "28->0": 0, "28->29": 0, "29->28": 0, "29->30": 0, "30->29": 0, "30->31": 0, "31->30": 0, "28->32": 0, "32->28": 0, "32->33": 0, "33->32": 0, "33->34": 0, "34->33": 0, "34->35": 0, "35->34": 0, "0->36": 0, "36->0": 0, "36->37": 0, "37->36": 0, "37->38": 0, "38->37": 0, "37->39": 0, "39->37": 0, "36->40": 0, "40->36": 0, "40->41": 0, "41->40": 0, "41->42": 0, "42->41": 0, "42->43": 0, "43->42": 0, "43->44": 0, "44->43": 0, "42->45": 0, "45->42": 0, "45->46": 0, "46->45": 0, "46->47": 0, "47->46": 0, "47->48": 0, "48->47": 0, "46->49": 0, "49->46": 0, "46->50": 0, "50->46": 0, "46->51": 0, "51->46": 0, "51->52": 0, "52->51": 0, "45->53": 0, "53->45": 0, "36->54": 0, "54->36": 0, "54->55": 0, "55->54": 0, "55->56": 0, "56->55": 0, "55->57": 0, "57->55": 0, "54->58": 0, "58->54": 0, "58->59": 0, "59->58": 0, "59->60": 0, "60->59": 0, "60->61": 0, "61->60": 0, "61->62": 0, "62->61": 0, "60->63": 0, "63->60": 0, "63->64": 0, "64->63": 0, "64->65": 0, "65->64": 0, "65->66": 0, "66->65": 0, "64->67": 0, "67->64": 0, "64->68": 0, "68->64": 0, "64->69": 0, "69->64": 0, "69->70": 0, "70->69": 0, "63->71": 0, "71->63": 0, "54->72": 0, "72->54": 0, "72->73": 0, "73->72": 0, "73->74": 0, "74->73": 0, "74->75": 0, "75->74": 0, "75->76": 0, "76->75": 0, "74->77": 0, "77->74": 0, "77->78": 0, "78->77": 0, "78->79": 0, "79->78": 0, "79->80": 0, "80->79": 0, "78->81": 0, "81->78": 0, "78->82": 0, "82->78": 0, "78->83": 0, "83->78": 0, "83->84": 0, "84->83": 0, "77->85": 0, "85->77": 0, "1->3": 1, "3->1": 12, "3->5": 1, "5->3": 12, "5->11": 1, "11->5": 12, "11->12": 1, "12->11": 12, "12->16": 1, "16->12": 12, "16->17": 1, "17->16": 12, "17->28": 1, "28->17": 12, "28->36": 1, "36->28": 12, "6->7": 1, "7->6": 12, "8->9": 1, "9->8": 12, "13->15": 1, "15->13": 12, "19->20": 1, "20->19": 12, "20->27": 1, "27->20": 12, "21->22": 1, "22->21": 12, "22->24": 1, "24->22": 12, "25->26": 2, "26->25": 3, "29->32": 6, "32->29": 6, "37->40": 6, "40->37": 6, "40->54": 1, "54->40": 12, "38->39": 2, "39->38": 3, "43->45": 1, "45->43": 12, "46->53": 1, "53->46": 12, "47->49": 1, "49->47": 12, "49->50": 2, "50->49": 3, "50->51": 1, "51->50": 12, "55->58": 6, "58->55": 6, "58->72": 1, "72->58": 12, "56->57": 2, "57->56": 3, "61->63": 1, "63->61": 12, "64->71": 1, "71->64": 12, "65->67": 1, "67->65": 12, "67->68": 2, "68->67": 3, "68->69": 1, "69->68": 12, "75->77": 1, "77->75": 12, "78->85": 1, "85->78": 12, "79->81": 1, "81->79": 12, "81->82": 2, "82->81": 3, "82->83": 1, "83->82": 12, "37->54": 7, "54->37": 7, "55->72": 7, "72->55": 7, "2->4": 2, "4->2": 3, "4->6": 2, "6->4": 3, "6->8": 2, "8->6": 3, "8->10": 2, "10->8": 3, "10->11": 2, "11->10": 3, "11->14": 2, "14->11": 3, "14->15": 2, "15->14": 3, "15->16": 2, "16->15": 3, "16->19": 2, "19->16": 3, "19->21": 2, "21->19": 3, "21->23": 2, "23->21": 3, "23->25": 2, "25->23": 3, "26->27": 2, "27->26": 3, "27->31": 2, "31->27": 3, "31->35": 2, "35->31": 3, "35->38": 2, "38->35": 3, "39->44": 2, "44->39": 3, "44->48": 2, "48->44": 3, "48->49": 2, "49->48": 3, "50->52": 2, "52->50": 3, "52->53": 2, "53->52": 3, "53->56": 2, "56->53": 3, "57->62": 2, "62->57": 3, "62->66": 2, "66->62": 3, "66->67": 2, "67->66": 3, "68->70": 2, "70->68": 3, "70->71": 2, "71->70": 3, "71->76": 2, "76->71": 3, "76->80": 2, "80->76": 3, "80->81": 2, "81->80": 3, "82->84": 2, "84->82": 3, "84->85": 2, "85->84": 3, "44->62": 4, "62->44": 5, "62->76": 4, "76->62": 5, "52->70": 4, "70->52": 5, "70->84": 4, "84->70": 5}, "metrics": [13.0, 4.0, 1.0]}