{"nodelist": ["MethodDeclaration", "{'public'}", "public", "ReferenceType", "Builder", "addAllRegions", "FormalParameter", "ReferenceType", "java", "ReferenceType", "lang", "ReferenceType", "Iterable", "TypeArgument", "ReferenceType", "org", "ReferenceType", "apache", "ReferenceType", "hadoop", "ReferenceType", "hbase", "ReferenceType", "rest", "ReferenceType", "protobuf", "ReferenceType", "generated", "ReferenceType", "StorageClusterStatusMessage", "ReferenceType", "StorageClusterStatus", "ReferenceType", "Region", "extends", "values", "IfStatement", "BinaryOperation", "==", "MemberReference", "regionsBuilder_", "Literal", "null", "BlockStatement", "StatementExpression", "MethodInvocation", "ensureRegionsIsMutable", "StatementExpression", "SuperMethodInvocation", "MemberReference", "values", "MemberReference", "regions_", "addAll", "StatementExpression", "MethodInvocation", "onChanged", "BlockStatement", "StatementExpression", "MethodInvocation", "regionsBuilder_", "MemberReference", "values", "addAllMessages", "ReturnStatement", "This"], "nodes": {"0": "MethodDeclaration", "1": "Modifier", "2": "public", "3": "ReferenceType", "4": "Builder", "5": "addAllRegions", "6": "FormalParameter", "7": "ReferenceType", "8": "java", "9": "ReferenceType", "10": "lang", "11": "ReferenceType", "12": "Iterable", "13": "TypeArgument", "14": "ReferenceType", "15": "org", "16": "ReferenceType", "17": "apache", "18": "ReferenceType", "19": "hadoop", "20": "ReferenceType", "21": "hbase", "22": "ReferenceType", "23": "rest", "24": "ReferenceType", "25": "protobuf", "26": "ReferenceType", "27": "generated", "28": "ReferenceType", "29": "StorageClusterStatusMessage", "30": "ReferenceType", "31": "StorageClusterStatus", "32": "ReferenceType", "33": "Region", "34": "extends", "35": "values", "36": "IfStatement", "37": "BinaryOperation", "38": "==", "39": "MemberReference", "40": "regionsBuilder_", "41": "Literal", "42": "null", "43": "BlockStatement", "44": "StatementExpression", "45": "MethodInvocation", "46": "ensureRegionsIsMutable", "47": "StatementExpression", "48": "SuperMethodInvocation", "49": "MemberReference", "50": "values", "51": "MemberReference", "52": "regions_", "53": "addAll", "54": "StatementExpression", "55": "MethodInvocation", "56": "onChanged", "57": "BlockStatement", "58": "StatementExpression", "59": "MethodInvocation", "60": "regionsBuilder_", "61": "MemberReference", "62": "values", "63": "addAllMessages", "64": "ReturnStatement", "65": "This"}, "edges": {"0->1": 0, "1->0": 0, "1->2": 0, "2->1": 0, "0->3": 0, "3->0": 0, "3->4": 0, "4->3": 0, "0->5": 0, "5->0": 0, "0->6": 0, "6->0": 0, "6->7": 0, "7->6": 0, "7->8": 0, "8->7": 0, "7->9": 0, "9->7": 0, "9->10": 0, "10->9": 0, "9->11": 0, "11->9": 0, "11->12": 0, "12->11": 0, "11->13": 0, "13->11": 0, "13->14": 0, "14->13": 0, "14->15": 0, "15->14": 0, "14->16": 0, "16->14": 0, "16->17": 0, "17->16": 0, "16->18": 0, "18->16": 0, "18->19": 0, "19->18": 0, "18->20": 0, "20->18": 0, "20->21": 0, "21->20": 0, "20->22": 0, "22->20": 0, "22->23": 0, "23->22": 0, "22->24": 0, "24->22": 0, "24->25": 0, "25->24": 0, "24->26": 0, "26->24": 0, "26->27": 0, "27->26": 0, "26->28": 0, "28->26": 0, "28->29": 0, "29->28": 0, "28->30": 0, "30->28": 0, "30->31": 0, "31->30": 0, "30->32": 0, "32->30": 0, "32->33": 0, "33->32": 0, "13->34": 0, "34->13": 0, "6->35": 0, "35->6": 0, "0->36": 0, "36->0": 0, "36->37": 0, "37->36": 0, "37->38": 0, "38->37": 0, "37->39": 0, "39->37": 0, "39->40": 0, "40->39": 0, "37->41": 0, "41->37": 0, "41->42": 0, "42->41": 0, "36->43": 0, "43->36": 0, "43->44": 0, "44->43": 0, "44->45": 0, "45->44": 0, "45->46": 0, "46->45": 0, "43->47": 0, "47->43": 0, "47->48": 0, "48->47": 0, "48->49": 0, "49->48": 0, "49->50": 0, "50->49": 0, "48->51": 0, "51->48": 0, "51->52": 0, "52->51": 0, "48->53": 0, "53->48": 0, "43->54": 0, "54->43": 0, "54->55": 0, "55->54": 0, "55->56": 0, "56->55": 0, "36->57": 0, "57->36": 0, "57->58": 0, "58->57": 0, "58->59": 0, "59->58": 0, "59->60": 0, "60->59": 0, "59->61": 0, "61->59": 0, "61->62": 0, "62->61": 0, "59->63": 0, "63->59": 0, "0->64": 0, "64->0": 0, "64->65": 0, "65->64": 0, "1->3": 1, "3->1": 12, "3->5": 1, "5->3": 12, "5->6": 1, "6->5": 12, "6->36": 1, "36->6": 12, "36->64": 1, "64->36": 12, "7->35": 1, "35->7": 12, "8->9": 1, "9->8": 12, "10->11": 1, "11->10": 12, "12->13": 1, "13->12": 12, "14->34": 1, "34->14": 12, "15->16": 1, "16->15": 12, "17->18": 1, "18->17": 12, "19->20": 1, "20->19": 12, "21->22": 1, "22->21": 12, "23->24": 1, "24->23": 12, "25->26": 1, "26->25": 12, "27->28": 1, "28->27": 12, "29->30": 1, "30->29": 12, "31->32": 1, "32->31": 12, "37->43": 6, "43->37": 6, "43->57": 1, "57->43": 12, "38->39": 1, "39->38": 12, "39->41": 1, "41->39": 12, "44->47": 10, "47->44": 11, "47->54": 10, "54->47": 11, "49->51": 1, "51->49": 12, "51->53": 1, "53->51": 12, "60->61": 1, "61->60": 12, "61->63": 1, "63->61": 12, "37->57": 7, "57->37": 7, "2->4": 2, "4->2": 3, "4->5": 2, "5->4": 3, "5->8": 2, "8->5": 3, "8->10": 2, "10->8": 3, "10->12": 2, "12->10": 3, "12->15": 2, "15->12": 3, "15->17": 2, "17->15": 3, "17->19": 2, "19->17": 3, "19->21": 2, "21->19": 3, "21->23": 2, "23->21": 3, "23->25": 2, "25->23": 3, "25->27": 2, "27->25": 3, "27->29": 2, "29->27": 3, "29->31": 2, "31->29": 3, "31->33": 2, "33->31": 3, "33->34": 2, "34->33": 3, "34->35": 2, "35->34": 3, "35->38": 2, "38->35": 3, "38->40": 2, "40->38": 3, "40->42": 2, "42->40": 3, "42->46": 2, "46->42": 3, "46->50": 2, "50->46": 3, "50->52": 2, "52->50": 3, "52->53": 2, "53->52": 3, "53->56": 2, "56->53": 3, "56->60": 2, "60->56": 3, "60->62": 2, "62->60": 3, "62->63": 2, "63->62": 3, "63->65": 2, "65->63": 3, "50->62": 4, "62->50": 5}, "metrics": [11.0, 2.0, 1.0]}