{"nodelist": ["MethodDeclaration", "{'public'}", "public", "Annotation", "Override", "read", "FormalParameter", "ReferenceType", "org", "ReferenceType", "apache", "ReferenceType", "thrift", "ReferenceType", "protocol", "ReferenceType", "TProtocol", "prot", "FormalParameter", "ReferenceType", "incrementRows_args", "struct", "org.apache.thrift.TException", "LocalVariableDeclaration", "ReferenceType", "org", "ReferenceType", "apache", "ReferenceType", "thrift", "ReferenceType", "protocol", "ReferenceType", "TTupleProtocol", "VariableDeclarator", "iprot", "Cast", "ReferenceType", "org", "ReferenceType", "apache", "ReferenceType", "thrift", "ReferenceType", "protocol", "ReferenceType", "TTupleProtocol", "MemberReference", "prot", "LocalVariableDeclaration", "ReferenceType", "java", "ReferenceType", "util", "ReferenceType", "BitSet", "VariableDeclarator", "incoming", "MethodInvocation", "iprot", "Literal", "1", "readBitSet", "IfStatement", "MethodInvocation", "incoming", "Literal", "0", "get", "BlockStatement", "BlockStatement", "LocalVariableDeclaration", "ReferenceType", "org", "ReferenceType", "apache", "ReferenceType", "thrift", "ReferenceType", "protocol", "ReferenceType", "TList", "VariableDeclarator", "_list453", "MethodInvocation", "iprot", "MemberReference", "org.apache.thrift.protocol.TType", "STRUCT", "readListBegin", "StatementExpression", "Assignment", "MemberReference", "struct", "increments", "ClassCreator", "ReferenceType", "java", "ReferenceType", "util", "ReferenceType", "ArrayList", "TypeArgument", "ReferenceType", "TIncrement", "MemberReference", "_list453", "size", "=", "LocalVariableDeclaration", "Annotation", "org.apache.thrift.annotation.Nullable", "ReferenceType", "TIncrement", "VariableDeclarator", "_elem454", "ForStatement", "ForControl", "VariableDeclaration", "BasicType", "int", "VariableDeclarator", "_i455", "Literal", "0", "BinaryOperation", "<", "MemberReference", "_i455", "MemberReference", "_list453", "size", "MemberReference", "++", "_i455", "BlockStatement", "StatementExpression", "Assignment", "MemberReference", "_elem454", "ClassCreator", "ReferenceType", "TIncrement", "=", "StatementExpression", "MethodInvocation", "_elem454", "MemberReference", "iprot", "read", "StatementExpression", "MethodInvocation", "struct.increments", "MemberReference", "_elem454", "add", "StatementExpression", "MethodInvocation", "struct", "Literal", "true", "setIncrementsIsSet"], "nodes": {"0": "MethodDeclaration", "1": "Modifier", "2": "public", "3": "Annotation", "4": "Override", "5": "read", "6": "FormalParameter", "7": "ReferenceType", "8": "org", "9": "ReferenceType", "10": "apache", "11": "ReferenceType", "12": "thrift", "13": "ReferenceType", "14": "protocol", "15": "ReferenceType", "16": "TProtocol", "17": "prot", "18": "FormalParameter", "19": "ReferenceType", "20": "incrementRows_args", "21": "struct", "22": "org.apache.thrift.TException", "23": "LocalVariableDeclaration", "24": "ReferenceType", "25": "org", "26": "ReferenceType", "27": "apache", "28": "ReferenceType", "29": "thrift", "30": "ReferenceType", "31": "protocol", "32": "ReferenceType", "33": "TTupleProtocol", "34": "VariableDeclarator", "35": "iprot", "36": "Cast", "37": "ReferenceType", "38": "org", "39": "ReferenceType", "40": "apache", "41": "ReferenceType", "42": "thrift", "43": "ReferenceType", "44": "protocol", "45": "ReferenceType", "46": "TTupleProtocol", "47": "MemberReference", "48": "prot", "49": "LocalVariableDeclaration", "50": "ReferenceType", "51": "java", "52": "ReferenceType", "53": "util", "54": "ReferenceType", "55": "BitSet", "56": "VariableDeclarator", "57": "incoming", "58": "MethodInvocation", "59": "iprot", "60": "Literal", "61": "1", "62": "readBitSet", "63": "IfStatement", "64": "MethodInvocation", "65": "incoming", "66": "Literal", "67": "0", "68": "get", "69": "BlockStatement", "70": "BlockStatement", "71": "LocalVariableDeclaration", "72": "ReferenceType", "73": "org", "74": "ReferenceType", "75": "apache", "76": "ReferenceType", "77": "thrift", "78": "ReferenceType", "79": "protocol", "80": "ReferenceType", "81": "TList", "82": "VariableDeclarator", "83": "_list453", "84": "MethodInvocation", "85": "iprot", "86": "MemberReference", "87": "org.apache.thrift.protocol.TType", "88": "STRUCT", "89": "readListBegin", "90": "StatementExpression", "91": "Assignment", "92": "MemberReference", "93": "struct", "94": "increments", "95": "ClassCreator", "96": "ReferenceType", "97": "java", "98": "ReferenceType", "99": "util", "100": "ReferenceType", "101": "ArrayList", "102": "TypeArgument", "103": "ReferenceType", "104": "TIncrement", "105": "MemberReference", "106": "_list453", "107": "size", "108": "=", "109": "LocalVariableDeclaration", "110": "Annotation", "111": "org.apache.thrift.annotation.Nullable", "112": "ReferenceType", "113": "TIncrement", "114": "VariableDeclarator", "115": "_elem454", "116": "ForStatement", "117": "ForControl", "118": "VariableDeclaration", "119": "BasicType", "120": "int", "121": "VariableDeclarator", "122": "_i455", "123": "Literal", "124": "0", "125": "BinaryOperation", "126": "<", "127": "MemberReference", "128": "_i455", "129": "MemberReference", "130": "_list453", "131": "size", "132": "MemberReference", "133": "++", "134": "_i455", "135": "BlockStatement", "136": "StatementExpression", "137": "Assignment", "138": "MemberReference", "139": "_elem454", "140": "ClassCreator", "141": "ReferenceType", "142": "TIncrement", "143": "=", "144": "StatementExpression", "145": "MethodInvocation", "146": "_elem454", "147": "MemberReference", "148": "iprot", "149": "read", "150": "StatementExpression", "151": "MethodInvocation", "152": "struct.increments", "153": "MemberReference", "154": "_elem454", "155": "add", "156": "StatementExpression", "157": "MethodInvocation", "158": "struct", "159": "Literal", "160": "true", "161": "setIncrementsIsSet"}, "edges": {"0->1": 0, "1->0": 0, "1->2": 0, "2->1": 0, "0->3": 0, "3->0": 0, "3->4": 0, "4->3": 0, "0->5": 0, "5->0": 0, "0->6": 0, "6->0": 0, "6->7": 0, "7->6": 0, "7->8": 0, "8->7": 0, "7->9": 0, "9->7": 0, "9->10": 0, "10->9": 0, "9->11": 0, "11->9": 0, "11->12": 0, "12->11": 0, "11->13": 0, "13->11": 0, "13->14": 0, "14->13": 0, "13->15": 0, "15->13": 0, "15->16": 0, "16->15": 0, "6->17": 0, "17->6": 0, "0->18": 0, "18->0": 0, "18->19": 0, "19->18": 0, "19->20": 0, "20->19": 0, "18->21": 0, "21->18": 0, "0->22": 0, "22->0": 0, "0->23": 0, "23->0": 0, "23->24": 0, "24->23": 0, "24->25": 0, "25->24": 0, "24->26": 0, "26->24": 0, "26->27": 0, "27->26": 0, "26->28": 0, "28->26": 0, "28->29": 0, "29->28": 0, "28->30": 0, "30->28": 0, "30->31": 0, "31->30": 0, "30->32": 0, "32->30": 0, "32->33": 0, "33->32": 0, "23->34": 0, "34->23": 0, "34->35": 0, "35->34": 0, "34->36": 0, "36->34": 0, "36->37": 0, "37->36": 0, "37->38": 0, "38->37": 0, "37->39": 0, "39->37": 0, "39->40": 0, "40->39": 0, "39->41": 0, "41->39": 0, "41->42": 0, "42->41": 0, "41->43": 0, "43->41": 0, "43->44": 0, "44->43": 0, "43->45": 0, "45->43": 0, "45->46": 0, "46->45": 0, "36->47": 0, "47->36": 0, "47->48": 0, "48->47": 0, "0->49": 0, "49->0": 0, "49->50": 0, "50->49": 0, "50->51": 0, "51->50": 0, "50->52": 0, "52->50": 0, "52->53": 0, "53->52": 0, "52->54": 0, "54->52": 0, "54->55": 0, "55->54": 0, "49->56": 0, "56->49": 0, "56->57": 0, "57->56": 0, "56->58": 0, "58->56": 0, "58->59": 0, "59->58": 0, "58->60": 0, "60->58": 0, "60->61": 0, "61->60": 0, "58->62": 0, "62->58": 0, "0->63": 0, "63->0": 0, "63->64": 0, "64->63": 0, "64->65": 0, "65->64": 0, "64->66": 0, "66->64": 0, "66->67": 0, "67->66": 0, "64->68": 0, "68->64": 0, "63->69": 0, "69->63": 0, "69->70": 0, "70->69": 0, "70->71": 0, "71->70": 0, "71->72": 0, "72->71": 0, "72->73": 0, "73->72": 0, "72->74": 0, "74->72": 0, "74->75": 0, "75->74": 0, "74->76": 0, "76->74": 0, "76->77": 0, "77->76": 0, "76->78": 0, "78->76": 0, "78->79": 0, "79->78": 0, "78->80": 0, "80->78": 0, "80->81": 0, "81->80": 0, "71->82": 0, "82->71": 0, "82->83": 0, "83->82": 0, "82->84": 0, "84->82": 0, "84->85": 0, "85->84": 0, "84->86": 0, "86->84": 0, "86->87": 0, "87->86": 0, "86->88": 0, "88->86": 0, "84->89": 0, "89->84": 0, "70->90": 0, "90->70": 0, "90->91": 0, "91->90": 0, "91->92": 0, "92->91": 0, "92->93": 0, "93->92": 0, "92->94": 0, "94->92": 0, "91->95": 0, "95->91": 0, "95->96": 0, "96->95": 0, "96->97": 0, "97->96": 0, "96->98": 0, "98->96": 0, "98->99": 0, "99->98": 0, "98->100": 0, "100->98": 0, "100->101": 0, "101->100": 0, "100->102": 0, "102->100": 0, "102->103": 0, "103->102": 0, "103->104": 0, "104->103": 0, "95->105": 0, "105->95": 0, "105->106": 0, "106->105": 0, "105->107": 0, "107->105": 0, "91->108": 0, "108->91": 0, "70->109": 0, "109->70": 0, "109->110": 0, "110->109": 0, "110->111": 0, "111->110": 0, "109->112": 0, "112->109": 0, "112->113": 0, "113->112": 0, "109->114": 0, "114->109": 0, "114->115": 0, "115->114": 0, "70->116": 0, "116->70": 0, "116->117": 0, "117->116": 0, "117->118": 0, "118->117": 0, "118->119": 0, "119->118": 0, "119->120": 0, "120->119": 0, "118->121": 0, "121->118": 0, "121->122": 0, "122->121": 0, "121->123": 0, "123->121": 0, "123->124": 0, "124->123": 0, "117->125": 0, "125->117": 0, "125->126": 0, "126->125": 0, "125->127": 0, "127->125": 0, "127->128": 0, "128->127": 0, "125->129": 0, "129->125": 0, "129->130": 0, "130->129": 0, "129->131": 0, "131->129": 0, "117->132": 0, "132->117": 0, "132->133": 0, "133->132": 0, "132->134": 0, "134->132": 0, "116->135": 0, "135->116": 0, "135->136": 0, "136->135": 0, "136->137": 0, "137->136": 0, "137->138": 0, "138->137": 0, "138->139": 0, "139->138": 0, "137->140": 0, "140->137": 0, "140->141": 0, "141->140": 0, "141->142": 0, "142->141": 0, "137->143": 0, "143->137": 0, "135->144": 0, "144->135": 0, "144->145": 0, "145->144": 0, "145->146": 0, "146->145": 0, "145->147": 0, "147->145": 0, "147->148": 0, "148->147": 0, "145->149": 0, "149->145": 0, "135->150": 0, "150->135": 0, "150->151": 0, "151->150": 0, "151->152": 0, "152->151": 0, "151->153": 0, "153->151": 0, "153->154": 0, "154->153": 0, "151->155": 0, "155->151": 0, "69->156": 0, "156->69": 0, "156->157": 0, "157->156": 0, "157->158": 0, "158->157": 0, "157->159": 0, "159->157": 0, "159->160": 0, "160->159": 0, "157->161": 0, "161->157": 0, "1->3": 1, "3->1": 12, "3->5": 1, "5->3": 12, "5->6": 1, "6->5": 12, "6->18": 1, "18->6": 12, "18->22": 1, "22->18": 12, "22->23": 1, "23->22": 12, "23->49": 1, "49->23": 12, "49->63": 1, "63->49": 12, "7->17": 1, "17->7": 12, "8->9": 1, "9->8": 12, "10->11": 1, "11->10": 12, "12->13": 1, "13->12": 12, "14->15": 1, "15->14": 12, "19->21": 1, "21->19": 12, "24->34": 1, "34->24": 12, "25->26": 1, "26->25": 12, "27->28": 1, "28->27": 12, "29->30": 1, "30->29": 12, "31->32": 1, "32->31": 12, "35->36": 1, "36->35": 12, "37->47": 1, "47->37": 12, "38->39": 1, "39->38": 12, "40->41": 1, "41->40": 12, "42->43": 1, "43->42": 12, "44->45": 1, "45->44": 12, "50->56": 1, "56->50": 12, "51->52": 1, "52->51": 12, "53->54": 1, "54->53": 12, "57->58": 1, "58->57": 12, "59->60": 1, "60->59": 12, "60->62": 1, "62->60": 12, "64->69": 6, "69->64": 6, "65->66": 1, "66->65": 12, "66->68": 1, "68->66": 12, "70->156": 10, "156->70": 11, "71->90": 10, "90->71": 11, "90->109": 10, "109->90": 11, "109->116": 10, "116->109": 11, "72->82": 1, "82->72": 12, "73->74": 1, "74->73": 12, "75->76": 1, "76->75": 12, "77->78": 1, "78->77": 12, "79->80": 1, "80->79": 12, "83->84": 1, "84->83": 12, "85->86": 1, "86->85": 12, "86->89": 1, "89->86": 12, "87->88": 2, "88->87": 3, "92->95": 1, "95->92": 12, "95->108": 1, "108->95": 12, "93->94": 2, "94->93": 3, "96->105": 1, "105->96": 12, "97->98": 1, "98->97": 12, "99->100": 1, "100->99": 12, "101->102": 1, "102->101": 12, "106->107": 2, "107->106": 3, "110->112": 1, "112->110": 12, "112->114": 1, "114->112": 12, "117->135": 9, "135->117": 9, "118->125": 1, "125->118": 12, "125->132": 1, "132->125": 12, "119->121": 1, "121->119": 12, "122->123": 1, "123->122": 12, "126->127": 1, "127->126": 12, "127->129": 1, "129->127": 12, "130->131": 2, "131->130": 3, "133->134": 2, "134->133": 3, "136->144": 10, "144->136": 11, "144->150": 10, "150->144": 11, "138->140": 1, "140->138": 12, "140->143": 1, "143->140": 12, "146->147": 1, "147->146": 12, "147->149": 1, "149->147": 12, "152->153": 1, "153->152": 12, "153->155": 1, "155->153": 12, "158->159": 1, "159->158": 12, "159->161": 1, "161->159": 12, "2->4": 2, "4->2": 3, "4->5": 2, "5->4": 3, "5->8": 2, "8->5": 3, "8->10": 2, "10->8": 3, "10->12": 2, "12->10": 3, "12->14": 2, "14->12": 3, "14->16": 2, "16->14": 3, "16->17": 2, "17->16": 3, "17->20": 2, "20->17": 3, "20->21": 2, "21->20": 3, "21->22": 2, "22->21": 3, "22->25": 2, "25->22": 3, "25->27": 2, "27->25": 3, "27->29": 2, "29->27": 3, "29->31": 2, "31->29": 3, "31->33": 2, "33->31": 3, "33->35": 2, "35->33": 3, "35->38": 2, "38->35": 3, "38->40": 2, "40->38": 3, "40->42": 2, "42->40": 3, "42->44": 2, "44->42": 3, "44->46": 2, "46->44": 3, "46->48": 2, "48->46": 3, "48->51": 2, "51->48": 3, "51->53": 2, "53->51": 3, "53->55": 2, "55->53": 3, "55->57": 2, "57->55": 3, "57->59": 2, "59->57": 3, "59->61": 2, "61->59": 3, "61->62": 2, "62->61": 3, "62->65": 2, "65->62": 3, "65->67": 2, "67->65": 3, "67->68": 2, "68->67": 3, "68->73": 2, "73->68": 3, "73->75": 2, "75->73": 3, "75->77": 2, "77->75": 3, "77->79": 2, "79->77": 3, "79->81": 2, "81->79": 3, "81->83": 2, "83->81": 3, "83->85": 2, "85->83": 3, "85->87": 2, "87->85": 3, "88->89": 2, "89->88": 3, "89->93": 2, "93->89": 3, "94->97": 2, "97->94": 3, "97->99": 2, "99->97": 3, "99->101": 2, "101->99": 3, "101->104": 2, "104->101": 3, "104->106": 2, "106->104": 3, "107->108": 2, "108->107": 3, "108->111": 2, "111->108": 3, "111->113": 2, "113->111": 3, "113->115": 2, "115->113": 3, "115->120": 2, "120->115": 3, "120->122": 2, "122->120": 3, "122->124": 2, "124->122": 3, "124->126": 2, "126->124": 3, "126->128": 2, "128->126": 3, "128->130": 2, "130->128": 3, "131->133": 2, "133->131": 3, "134->139": 2, "139->134": 3, "139->142": 2, "142->139": 3, "142->143": 2, "143->142": 3, "143->146": 2, "146->143": 3, "146->148": 2, "148->146": 3, "148->149": 2, "149->148": 3, "149->152": 2, "152->149": 3, "152->154": 2, "154->152": 3, "154->155": 2, "155->154": 3, "155->158": 2, "158->155": 3, "158->160": 2, "160->158": 3, "160->161": 2, "161->160": 3, "107->131": 4, "131->107": 5, "128->134": 4, "134->128": 5, "139->154": 4, "154->139": 5}, "metrics": [17.0, 3.0, 2.0]}