{"nodelist": ["MethodDeclaration", "{'public'}", "public", "Annotation", "Override", "cleanupBulkLoad", "FormalParameter", "ReferenceType", "RpcController", "controller", "FormalParameter", "ReferenceType", "CleanupBulkLoadRequest", "request", "FormalParameter", "ReferenceType", "RpcCallback", "TypeArgument", "ReferenceType", "CleanupBulkLoadResponse", "done", "TryStatement", "StatementExpression", "MethodInvocation", "MethodInvocation", "MemberReference", "env", "preCleanupBulkLoad", "getAccessController", "StatementExpression", "MethodInvocation", "fs", "MethodInvocation", "MemberReference", "baseStagingDir", "MethodInvocation", "getActiveUser", "MethodInvocation", "env", "MethodInvocation", "getTableDesc", "MethodInvocation", "getTableName", "getRegion", "ClassCreator", "MethodInvocation", "getName", "ReferenceType", "Path", "MethodInvocation", "request", "getBulkToken", "createStagingDir", "Literal", "true", "delete", "StatementExpression", "MethodInvocation", "done", "MethodInvocation", "CleanupBulkLoadResponse", "MethodInvocation", "build", "newBuilder", "run", "CatchClause", "CatchClauseParameter", "IOException", "e", "StatementExpression", "MethodInvocation", "ResponseConverter", "MemberReference", "controller", "MemberReference", "e", "setControllerException", "StatementExpression", "MethodInvocation", "done", "Literal", "null", "run"], "nodes": {"0": "MethodDeclaration", "1": "Modifier", "2": "public", "3": "Annotation", "4": "Override", "5": "cleanupBulkLoad", "6": "FormalParameter", "7": "ReferenceType", "8": "RpcController", "9": "controller", "10": "FormalParameter", "11": "ReferenceType", "12": "CleanupBulkLoadRequest", "13": "request", "14": "FormalParameter", "15": "ReferenceType", "16": "RpcCallback", "17": "TypeArgument", "18": "ReferenceType", "19": "CleanupBulkLoadResponse", "20": "done", "21": "TryStatement", "22": "StatementExpression", "23": "MethodInvocation", "24": "MethodInvocation", "25": "MemberReference", "26": "env", "27": "preCleanupBulkLoad", "28": "getAccessController", "29": "StatementExpression", "30": "MethodInvocation", "31": "fs", "32": "MethodInvocation", "33": "MemberReference", "34": "baseStagingDir", "35": "MethodInvocation", "36": "getActiveUser", "37": "MethodInvocation", "38": "env", "39": "MethodInvocation", "40": "getTableDesc", "41": "MethodInvocation", "42": "getTableName", "43": "getRegion", "44": "ClassCreator", "45": "MethodInvocation", "46": "getName", "47": "ReferenceType", "48": "Path", "49": "MethodInvocation", "50": "request", "51": "getBulkToken", "52": "createStagingDir", "53": "Literal", "54": "true", "55": "delete", "56": "StatementExpression", "57": "MethodInvocation", "58": "done", "59": "MethodInvocation", "60": "CleanupBulkLoadResponse", "61": "MethodInvocation", "62": "build", "63": "newBuilder", "64": "run", "65": "CatchClause", "66": "CatchClauseParameter", "67": "IOException", "68": "e", "69": "StatementExpression", "70": "MethodInvocation", "71": "ResponseConverter", "72": "MemberReference", "73": "controller", "74": "MemberReference", "75": "e", "76": "setControllerException", "77": "StatementExpression", "78": "MethodInvocation", "79": "done", "80": "Literal", "81": "null", "82": "run"}, "edges": {"0->1": 0, "1->0": 0, "1->2": 0, "2->1": 0, "0->3": 0, "3->0": 0, "3->4": 0, "4->3": 0, "0->5": 0, "5->0": 0, "0->6": 0, "6->0": 0, "6->7": 0, "7->6": 0, "7->8": 0, "8->7": 0, "6->9": 0, "9->6": 0, "0->10": 0, "10->0": 0, "10->11": 0, "11->10": 0, "11->12": 0, "12->11": 0, "10->13": 0, "13->10": 0, "0->14": 0, "14->0": 0, "14->15": 0, "15->14": 0, "15->16": 0, "16->15": 0, "15->17": 0, "17->15": 0, "17->18": 0, "18->17": 0, "18->19": 0, "19->18": 0, "14->20": 0, "20->14": 0, "0->21": 0, "21->0": 0, "21->22": 0, "22->21": 0, "22->23": 0, "23->22": 0, "23->24": 0, "24->23": 0, "24->25": 0, "25->24": 0, "25->26": 0, "26->25": 0, "24->27": 0, "27->24": 0, "23->28": 0, "28->23": 0, "21->29": 0, "29->21": 0, "29->30": 0, "30->29": 0, "30->31": 0, "31->30": 0, "30->32": 0, "32->30": 0, "32->33": 0, "33->32": 0, "33->34": 0, "34->33": 0, "32->35": 0, "35->32": 0, "35->36": 0, "36->35": 0, "32->37": 0, "37->32": 0, "37->38": 0, "38->37": 0, "37->39": 0, "39->37": 0, "39->40": 0, "40->39": 0, "37->41": 0, "41->37": 0, "41->42": 0, "42->41": 0, "37->43": 0, "43->37": 0, "32->44": 0, "44->32": 0, "44->45": 0, "45->44": 0, "45->46": 0, "46->45": 0, "44->47": 0, "47->44": 0, "47->48": 0, "48->47": 0, "44->49": 0, "49->44": 0, "49->50": 0, "50->49": 0, "49->51": 0, "51->49": 0, "32->52": 0, "52->32": 0, "30->53": 0, "53->30": 0, "53->54": 0, "54->53": 0, "30->55": 0, "55->30": 0, "21->56": 0, "56->21": 0, "56->57": 0, "57->56": 0, "57->58": 0, "58->57": 0, "57->59": 0, "59->57": 0, "59->60": 0, "60->59": 0, "59->61": 0, "61->59": 0, "61->62": 0, "62->61": 0, "59->63": 0, "63->59": 0, "57->64": 0, "64->57": 0, "21->65": 0, "65->21": 0, "65->66": 0, "66->65": 0, "66->67": 0, "67->66": 0, "66->68": 0, "68->66": 0, "65->69": 0, "69->65": 0, "69->70": 0, "70->69": 0, "70->71": 0, "71->70": 0, "70->72": 0, "72->70": 0, "72->73": 0, "73->72": 0, "70->74": 0, "74->70": 0, "74->75": 0, "75->74": 0, "70->76": 0, "76->70": 0, "0->77": 0, "77->0": 0, "77->78": 0, "78->77": 0, "78->79": 0, "79->78": 0, "78->80": 0, "80->78": 0, "80->81": 0, "81->80": 0, "78->82": 0, "82->78": 0, "1->3": 1, "3->1": 12, "3->5": 1, "5->3": 12, "5->6": 1, "6->5": 12, "6->10": 1, "10->6": 12, "10->14": 1, "14->10": 12, "14->21": 1, "21->14": 12, "21->77": 1, "77->21": 12, "7->9": 1, "9->7": 12, "11->13": 1, "13->11": 12, "15->20": 1, "20->15": 12, "16->17": 1, "17->16": 12, "22->29": 1, "29->22": 12, "29->56": 1, "56->29": 12, "56->65": 1, "65->56": 12, "24->28": 1, "28->24": 12, "25->27": 1, "27->25": 12, "31->32": 1, "32->31": 12, "32->53": 1, "53->32": 12, "53->55": 1, "55->53": 12, "33->35": 1, "35->33": 12, "35->37": 1, "37->35": 12, "37->44": 1, "44->37": 12, "44->52": 1, "52->44": 12, "38->39": 1, "39->38": 12, "39->41": 1, "41->39": 12, "41->43": 1, "43->41": 12, "45->47": 1, "47->45": 12, "47->49": 1, "49->47": 12, "50->51": 2, "51->50": 3, "58->59": 1, "59->58": 12, "59->64": 1, "64->59": 12, "60->61": 1, "61->60": 12, "61->63": 1, "63->61": 12, "66->69": 1, "69->66": 12, "67->68": 2, "68->67": 3, "71->72": 1, "72->71": 12, "72->74": 1, "74->72": 12, "74->76": 1, "76->74": 12, "79->80": 1, "80->79": 12, "80->82": 1, "82->80": 12, "2->4": 2, "4->2": 3, "4->5": 2, "5->4": 3, "5->8": 2, "8->5": 3, "8->9": 2, "9->8": 3, "9->12": 2, "12->9": 3, "12->13": 2, "13->12": 3, "13->16": 2, "16->13": 3, "16->19": 2, "19->16": 3, "19->20": 2, "20->19": 3, "20->26": 2, "26->20": 3, "26->27": 2, "27->26": 3, "27->28": 2, "28->27": 3, "28->31": 2, "31->28": 3, "31->34": 2, "34->31": 3, "34->36": 2, "36->34": 3, "36->38": 2, "38->36": 3, "38->40": 2, "40->38": 3, "40->42": 2, "42->40": 3, "42->43": 2, "43->42": 3, "43->46": 2, "46->43": 3, "46->48": 2, "48->46": 3, "48->50": 2, "50->48": 3, "51->52": 2, "52->51": 3, "52->54": 2, "54->52": 3, "54->55": 2, "55->54": 3, "55->58": 2, "58->55": 3, "58->60": 2, "60->58": 3, "60->62": 2, "62->60": 3, "62->63": 2, "63->62": 3, "63->64": 2, "64->63": 3, "64->67": 2, "67->64": 3, "68->71": 2, "71->68": 3, "71->73": 2, "73->71": 3, "73->75": 2, "75->73": 3, "75->76": 2, "76->75": 3, "76->79": 2, "79->76": 3, "79->81": 2, "81->79": 3, "81->82": 2, "82->81": 3}, "metrics": [11.0, 1.0, 3.0]}