{"nodelist": ["MethodDeclaration", "{'private'}", "private", "ReferenceType", "List", "TypeArgument", "ReferenceType", "Future", "TypeArgument", "ReferenceType", "Void", "sniff", "FormalParameter", "ReferenceType", "TaskType", "taskType", "FormalParameter", "ReferenceType", "RegionStdOutSink", "regionSink", "Exception", "StatementExpression", "MethodInvocation", "LOG", "Literal", "\"Reading list of tables\"", "debug", "LocalVariableDeclaration", "ReferenceType", "List", "TypeArgument", "ReferenceType", "Future", "TypeArgument", "ReferenceType", "Void", "VariableDeclarator", "taskFutures", "ClassCreator", "ReferenceType", "LinkedList", "ForStatement", "EnhancedForControl", "VariableDeclaration", "ReferenceType", "HTableDescriptor", "VariableDeclarator", "td", "MethodInvocation", "admin", "listTables", "BlockStatement", "IfStatement", "BinaryOperation", "&&", "BinaryOperation", "&&", "MethodInvocation", "admin", "MethodInvocation", "td", "getTableName", "tableExists", "MethodInvocation", "admin", "MethodInvocation", "td", "getTableName", "isTableEnabled", "MethodInvocation", "td", "getTableName", "BlockStatement", "LocalVariableDeclaration", "ReferenceType", "AtomicLong", "VariableDeclarator", "readLatency", "MethodInvocation", "regionSink", "MethodInvocation", "td", "MethodInvocation", "getNameAsString", "getTableName", "initializeAndGetReadLatencyForTable", "StatementExpression", "MethodInvocation", "taskFutures", "MethodInvocation", "CanaryTool", "MemberReference", "admin", "MemberReference", "sink", "MemberReference", "td", "MemberReference", "executor", "MemberReference", "taskType", "This", "MemberReference", "rawScanEnabled", "MemberReference", "readLatency", "sniff", "addAll", "ReturnStatement", "MemberReference", "taskFutures"], "nodes": {"0": "MethodDeclaration", "1": "Modifier", "2": "private", "3": "ReferenceType", "4": "List", "5": "TypeArgument", "6": "ReferenceType", "7": "Future", "8": "TypeArgument", "9": "ReferenceType", "10": "Void", "11": "sniff", "12": "FormalParameter", "13": "ReferenceType", "14": "TaskType", "15": "taskType", "16": "FormalParameter", "17": "ReferenceType", "18": "RegionStdOutSink", "19": "regionSink", "20": "Exception", "21": "StatementExpression", "22": "MethodInvocation", "23": "LOG", "24": "Literal", "25": "\"Reading list of tables\"", "26": "debug", "27": "LocalVariableDeclaration", "28": "ReferenceType", "29": "List", "30": "TypeArgument", "31": "ReferenceType", "32": "Future", "33": "TypeArgument", "34": "ReferenceType", "35": "Void", "36": "VariableDeclarator", "37": "taskFutures", "38": "ClassCreator", "39": "ReferenceType", "40": "LinkedList", "41": "ForStatement", "42": "EnhancedForControl", "43": "VariableDeclaration", "44": "ReferenceType", "45": "HTableDescriptor", "46": "VariableDeclarator", "47": "td", "48": "MethodInvocation", "49": "admin", "50": "listTables", "51": "BlockStatement", "52": "IfStatement", "53": "BinaryOperation", "54": "&&", "55": "BinaryOperation", "56": "&&", "57": "MethodInvocation", "58": "admin", "59": "MethodInvocation", "60": "td", "61": "getTableName", "62": "tableExists", "63": "MethodInvocation", "64": "admin", "65": "MethodInvocation", "66": "td", "67": "getTableName", "68": "isTableEnabled", "69": "MethodInvocation", "70": "td", "71": "getTableName", "72": "BlockStatement", "73": "LocalVariableDeclaration", "74": "ReferenceType", "75": "AtomicLong", "76": "VariableDeclarator", "77": "readLatency", "78": "MethodInvocation", "79": "regionSink", "80": "MethodInvocation", "81": "td", "82": "MethodInvocation", "83": "getNameAsString", "84": "getTableName", "85": "initializeAndGetReadLatencyForTable", "86": "StatementExpression", "87": "MethodInvocation", "88": "taskFutures", "89": "MethodInvocation", "90": "CanaryTool", "91": "MemberReference", "92": "admin", "93": "MemberReference", "94": "sink", "95": "MemberReference", "96": "td", "97": "MemberReference", "98": "executor", "99": "MemberReference", "100": "taskType", "101": "This", "102": "MemberReference", "103": "rawScanEnabled", "104": "MemberReference", "105": "readLatency", "106": "sniff", "107": "addAll", "108": "ReturnStatement", "109": "MemberReference", "110": "taskFutures"}, "edges": {"0->1": 0, "1->0": 0, "1->2": 0, "2->1": 0, "0->3": 0, "3->0": 0, "3->4": 0, "4->3": 0, "3->5": 0, "5->3": 0, "5->6": 0, "6->5": 0, "6->7": 0, "7->6": 0, "6->8": 0, "8->6": 0, "8->9": 0, "9->8": 0, "9->10": 0, "10->9": 0, "0->11": 0, "11->0": 0, "0->12": 0, "12->0": 0, "12->13": 0, "13->12": 0, "13->14": 0, "14->13": 0, "12->15": 0, "15->12": 0, "0->16": 0, "16->0": 0, "16->17": 0, "17->16": 0, "17->18": 0, "18->17": 0, "16->19": 0, "19->16": 0, "0->20": 0, "20->0": 0, "0->21": 0, "21->0": 0, "21->22": 0, "22->21": 0, "22->23": 0, "23->22": 0, "22->24": 0, "24->22": 0, "24->25": 0, "25->24": 0, "22->26": 0, "26->22": 0, "0->27": 0, "27->0": 0, "27->28": 0, "28->27": 0, "28->29": 0, "29->28": 0, "28->30": 0, "30->28": 0, "30->31": 0, "31->30": 0, "31->32": 0, "32->31": 0, "31->33": 0, "33->31": 0, "33->34": 0, "34->33": 0, "34->35": 0, "35->34": 0, "27->36": 0, "36->27": 0, "36->37": 0, "37->36": 0, "36->38": 0, "38->36": 0, "38->39": 0, "39->38": 0, "39->40": 0, "40->39": 0, "0->41": 0, "41->0": 0, "41->42": 0, "42->41": 0, "42->43": 0, "43->42": 0, "43->44": 0, "44->43": 0, "44->45": 0, "45->44": 0, "43->46": 0, "46->43": 0, "46->47": 0, "47->46": 0, "42->48": 0, "48->42": 0, "48->49": 0, "49->48": 0, "48->50": 0, "50->48": 0, "41->51": 0, "51->41": 0, "51->52": 0, "52->51": 0, "52->53": 0, "53->52": 0, "53->54": 0, "54->53": 0, "53->55": 0, "55->53": 0, "55->56": 0, "56->55": 0, "55->57": 0, "57->55": 0, "57->58": 0, "58->57": 0, "57->59": 0, "59->57": 0, "59->60": 0, "60->59": 0, "59->61": 0, "61->59": 0, "57->62": 0, "62->57": 0, "55->63": 0, "63->55": 0, "63->64": 0, "64->63": 0, "63->65": 0, "65->63": 0, "65->66": 0, "66->65": 0, "65->67": 0, "67->65": 0, "63->68": 0, "68->63": 0, "53->69": 0, "69->53": 0, "69->70": 0, "70->69": 0, "69->71": 0, "71->69": 0, "52->72": 0, "72->52": 0, "72->73": 0, "73->72": 0, "73->74": 0, "74->73": 0, "74->75": 0, "75->74": 0, "73->76": 0, "76->73": 0, "76->77": 0, "77->76": 0, "76->78": 0, "78->76": 0, "78->79": 0, "79->78": 0, "78->80": 0, "80->78": 0, "80->81": 0, "81->80": 0, "80->82": 0, "82->80": 0, "82->83": 0, "83->82": 0, "80->84": 0, "84->80": 0, "78->85": 0, "85->78": 0, "72->86": 0, "86->72": 0, "86->87": 0, "87->86": 0, "87->88": 0, "88->87": 0, "87->89": 0, "89->87": 0, "89->90": 0, "90->89": 0, "89->91": 0, "91->89": 0, "91->92": 0, "92->91": 0, "89->93": 0, "93->89": 0, "93->94": 0, "94->93": 0, "89->95": 0, "95->89": 0, "95->96": 0, "96->95": 0, "89->97": 0, "97->89": 0, "97->98": 0, "98->97": 0, "89->99": 0, "99->89": 0, "99->100": 0, "100->99": 0, "89->101": 0, "101->89": 0, "101->102": 0, "102->101": 0, "102->103": 0, "103->102": 0, "89->104": 0, "104->89": 0, "104->105": 0, "105->104": 0, "89->106": 0, "106->89": 0, "87->107": 0, "107->87": 0, "0->108": 0, "108->0": 0, "108->109": 0, "109->108": 0, "109->110": 0, "110->109": 0, "1->3": 1, "3->1": 12, "3->11": 1, "11->3": 12, "11->12": 1, "12->11": 12, "12->16": 1, "16->12": 12, "16->20": 1, "20->16": 12, "20->21": 1, "21->20": 12, "21->27": 1, "27->21": 12, "27->41": 1, "41->27": 12, "41->108": 1, "108->41": 12, "4->5": 1, "5->4": 12, "7->8": 1, "8->7": 12, "13->15": 1, "15->13": 12, "17->19": 1, "19->17": 12, "23->24": 1, "24->23": 12, "24->26": 1, "26->24": 12, "28->36": 1, "36->28": 12, "29->30": 1, "30->29": 12, "32->33": 1, "33->32": 12, "37->38": 1, "38->37": 12, "42->51": 9, "51->42": 9, "43->48": 1, "48->43": 12, "44->46": 1, "46->44": 12, "49->50": 2, "50->49": 3, "53->72": 6, "72->53": 6, "54->55": 1, "55->54": 12, "55->69": 1, "69->55": 12, "56->57": 1, "57->56": 12, "57->63": 1, "63->57": 12, "58->59": 1, "59->58": 12, "59->62": 1, "62->59": 12, "60->61": 2, "61->60": 3, "64->65": 1, "65->64": 12, "65->68": 1, "68->65": 12, "66->67": 2, "67->66": 3, "70->71": 2, "71->70": 3, "73->86": 10, "86->73": 11, "74->76": 1, "76->74": 12, "77->78": 1, "78->77": 12, "79->80": 1, "80->79": 12, "80->85": 1, "85->80": 12, "81->82": 1, "82->81": 12, "82->84": 1, "84->82": 12, "88->89": 1, "89->88": 12, "89->107": 1, "107->89": 12, "90->91": 1, "91->90": 12, "91->93": 1, "93->91": 12, "93->95": 1, "95->93": 12, "95->97": 1, "97->95": 12, "97->99": 1, "99->97": 12, "99->101": 1, "101->99": 12, "101->104": 1, "104->101": 12, "104->106": 1, "106->104": 12, "2->4": 2, "4->2": 3, "4->7": 2, "7->4": 3, "7->10": 2, "10->7": 3, "10->11": 2, "11->10": 3, "11->14": 2, "14->11": 3, "14->15": 2, "15->14": 3, "15->18": 2, "18->15": 3, "18->19": 2, "19->18": 3, "19->20": 2, "20->19": 3, "20->23": 2, "23->20": 3, "23->25": 2, "25->23": 3, "25->26": 2, "26->25": 3, "26->29": 2, "29->26": 3, "29->32": 2, "32->29": 3, "32->35": 2, "35->32": 3, "35->37": 2, "37->35": 3, "37->40": 2, "40->37": 3, "40->45": 2, "45->40": 3, "45->47": 2, "47->45": 3, "47->49": 2, "49->47": 3, "50->54": 2, "54->50": 3, "54->56": 2, "56->54": 3, "56->58": 2, "58->56": 3, "58->60": 2, "60->58": 3, "61->62": 2, "62->61": 3, "62->64": 2, "64->62": 3, "64->66": 2, "66->64": 3, "67->68": 2, "68->67": 3, "68->70": 2, "70->68": 3, "71->75": 2, "75->71": 3, "75->77": 2, "77->75": 3, "77->79": 2, "79->77": 3, "79->81": 2, "81->79": 3, "81->83": 2, "83->81": 3, "83->84": 2, "84->83": 3, "84->85": 2, "85->84": 3, "85->88": 2, "88->85": 3, "88->90": 2, "90->88": 3, "90->92": 2, "92->90": 3, "92->94": 2, "94->92": 3, "94->96": 2, "96->94": 3, "96->98": 2, "98->96": 3, "98->100": 2, "100->98": 3, "100->103": 2, "103->100": 3, "103->105": 2, "105->103": 3, "105->106": 2, "106->105": 3, "106->107": 2, "107->106": 3, "107->110": 2, "110->107": 3}, "metrics": [11.0, 3.0, 2.0]}