{"nodelist": ["MethodDeclaration", "{'public'}", "public", "Annotation", "Override", "ReferenceType", "EncodedSeeker", "createSeeker", "FormalParameter", "ReferenceType", "KVComparator", "comparator", "FormalParameter", "{'final'}", "final", "ReferenceType", "HFileBlockDecodingContext", "decodingCtx", "ReturnStatement", "ClassCreator", "ReferenceType", "FastDiffSeekerStateBufferedEncodedSeeker", "MemberReference", "comparator", "MemberReference", "decodingCtx"], "nodes": {"0": "MethodDeclaration", "1": "Modifier", "2": "public", "3": "Annotation", "4": "Override", "5": "ReferenceType", "6": "EncodedSeeker", "7": "createSeeker", "8": "FormalParameter", "9": "ReferenceType", "10": "KVComparator", "11": "comparator", "12": "FormalParameter", "13": "Modifier", "14": "final", "15": "ReferenceType", "16": "HFileBlockDecodingContext", "17": "decodingCtx", "18": "ReturnStatement", "19": "ClassCreator", "20": "ReferenceType", "21": "FastDiffSeekerStateBufferedEncodedSeeker", "22": "MemberReference", "23": "comparator", "24": "MemberReference", "25": "decodingCtx"}, "edges": {"0->1": 0, "1->0": 0, "1->2": 0, "2->1": 0, "0->3": 0, "3->0": 0, "3->4": 0, "4->3": 0, "0->5": 0, "5->0": 0, "5->6": 0, "6->5": 0, "0->7": 0, "7->0": 0, "0->8": 0, "8->0": 0, "8->9": 0, "9->8": 0, "9->10": 0, "10->9": 0, "8->11": 0, "11->8": 0, "0->12": 0, "12->0": 0, "12->13": 0, "13->12": 0, "13->14": 0, "14->13": 0, "12->15": 0, "15->12": 0, "15->16": 0, "16->15": 0, "12->17": 0, "17->12": 0, "0->18": 0, "18->0": 0, "18->19": 0, "19->18": 0, "19->20": 0, "20->19": 0, "20->21": 0, "21->20": 0, "19->22": 0, "22->19": 0, "22->23": 0, "23->22": 0, "19->24": 0, "24->19": 0, "24->25": 0, "25->24": 0, "1->3": 1, "3->1": 12, "3->5": 1, "5->3": 12, "5->7": 1, "7->5": 12, "7->8": 1, "8->7": 12, "8->12": 1, "12->8": 12, "12->18": 1, "18->12": 12, "9->11": 1, "11->9": 12, "13->15": 1, "15->13": 12, "15->17": 1, "17->15": 12, "20->22": 1, "22->20": 12, "22->24": 1, "24->22": 12, "2->4": 2, "4->2": 3, "4->6": 2, "6->4": 3, "6->7": 2, "7->6": 3, "7->10": 2, "10->7": 3, "10->11": 2, "11->10": 3, "11->14": 2, "14->11": 3, "14->16": 2, "16->14": 3, "16->17": 2, "17->16": 3, "17->21": 2, "21->17": 3, "21->23": 2, "23->21": 3, "23->25": 2, "25->23": 3}, "metrics": [3.0, 1.0, 2.0]}