{"nodelist": ["MethodDeclaration", "{'public'}", "public", "BasicType", "long", "indexSize", "ReturnStatement", "BinaryOperation", "+", "TernaryExpression", "BinaryOperation", "!=", "This", "MemberReference", "blockIndex", "Literal", "null", "This", "MemberReference", "blockIndex", "MethodInvocation", "heapSize", "Literal", "0", "TernaryExpression", "BinaryOperation", "!=", "This", "MemberReference", "metaIndex", "Literal", "null", "This", "MemberReference", "metaIndex", "MethodInvocation", "heapSize", "Literal", "0"], "nodes": {"0": "MethodDeclaration", "1": "Modifier", "2": "public", "3": "BasicType", "4": "long", "5": "indexSize", "6": "ReturnStatement", "7": "BinaryOperation", "8": "+", "9": "TernaryExpression", "10": "BinaryOperation", "11": "!=", "12": "This", "13": "MemberReference", "14": "blockIndex", "15": "Literal", "16": "null", "17": "This", "18": "MemberReference", "19": "blockIndex", "20": "MethodInvocation", "21": "heapSize", "22": "Literal", "23": "0", "24": "TernaryExpression", "25": "BinaryOperation", "26": "!=", "27": "This", "28": "MemberReference", "29": "metaIndex", "30": "Literal", "31": "null", "32": "This", "33": "MemberReference", "34": "metaIndex", "35": "MethodInvocation", "36": "heapSize", "37": "Literal", "38": "0"}, "edges": {"0->1": 0, "1->0": 0, "1->2": 0, "2->1": 0, "0->3": 0, "3->0": 0, "3->4": 0, "4->3": 0, "0->5": 0, "5->0": 0, "0->6": 0, "6->0": 0, "6->7": 0, "7->6": 0, "7->8": 0, "8->7": 0, "7->9": 0, "9->7": 0, "9->10": 0, "10->9": 0, "10->11": 0, "11->10": 0, "10->12": 0, "12->10": 0, "12->13": 0, "13->12": 0, "13->14": 0, "14->13": 0, "10->15": 0, "15->10": 0, "15->16": 0, "16->15": 0, "9->17": 0, "17->9": 0, "17->18": 0, "18->17": 0, "18->19": 0, "19->18": 0, "17->20": 0, "20->17": 0, "20->21": 0, "21->20": 0, "9->22": 0, "22->9": 0, "22->23": 0, "23->22": 0, "7->24": 0, "24->7": 0, "24->25": 0, "25->24": 0, "25->26": 0, "26->25": 0, "25->27": 0, "27->25": 0, "27->28": 0, "28->27": 0, "28->29": 0, "29->28": 0, "25->30": 0, "30->25": 0, "30->31": 0, "31->30": 0, "24->32": 0, "32->24": 0, "32->33": 0, "33->32": 0, "33->34": 0, "34->33": 0, "32->35": 0, "35->32": 0, "35->36": 0, "36->35": 0, "24->37": 0, "37->24": 0, "37->38": 0, "38->37": 0, "1->3": 1, "3->1": 12, "3->5": 1, "5->3": 12, "5->6": 1, "6->5": 12, "8->9": 1, "9->8": 12, "9->24": 1, "24->9": 12, "10->17": 1, "17->10": 12, "17->22": 1, "22->17": 12, "11->12": 1, "12->11": 12, "12->15": 1, "15->12": 12, "18->20": 1, "20->18": 12, "25->32": 1, "32->25": 12, "32->37": 1, "37->32": 12, "26->27": 1, "27->26": 12, "27->30": 1, "30->27": 12, "33->35": 1, "35->33": 12, "2->4": 2, "4->2": 3, "4->5": 2, "5->4": 3, "5->8": 2, "8->5": 3, "8->11": 2, "11->8": 3, "11->14": 2, "14->11": 3, "14->16": 2, "16->14": 3, "16->19": 2, "19->16": 3, "19->21": 2, "21->19": 3, "21->23": 2, "23->21": 3, "23->26": 2, "26->23": 3, "26->29": 2, "29->26": 3, "29->31": 2, "31->29": 3, "31->34": 2, "34->31": 3, "34->36": 2, "36->34": 3, "36->38": 2, "38->36": 3, "14->19": 4, "19->14": 5, "29->34": 4, "34->29": 5}, "metrics": [3.0, 1.0, 0.0]}