{"nodelist": ["MethodDeclaration", "{'public'}", "public", "Annotation", "Override", "read", "FormalParameter", "ReferenceType", "org", "ReferenceType", "apache", "ReferenceType", "thrift", "ReferenceType", "protocol", "ReferenceType", "TProtocol", "prot", "FormalParameter", "ReferenceType", "putMultiple_args", "struct", "org.apache.thrift.TException", "LocalVariableDeclaration", "ReferenceType", "org", "ReferenceType", "apache", "ReferenceType", "thrift", "ReferenceType", "protocol", "ReferenceType", "TTupleProtocol", "VariableDeclarator", "iprot", "Cast", "ReferenceType", "org", "ReferenceType", "apache", "ReferenceType", "thrift", "ReferenceType", "protocol", "ReferenceType", "TTupleProtocol", "MemberReference", "prot", "StatementExpression", "Assignment", "MemberReference", "struct", "table", "MethodInvocation", "iprot", "readBinary", "=", "StatementExpression", "MethodInvocation", "struct", "Literal", "true", "setTableIsSet", "BlockStatement", "LocalVariableDeclaration", "ReferenceType", "org", "ReferenceType", "apache", "ReferenceType", "thrift", "ReferenceType", "protocol", "ReferenceType", "TList", "VariableDeclarator", "_list227", "ClassCreator", "ReferenceType", "org", "ReferenceType", "apache", "ReferenceType", "thrift", "ReferenceType", "protocol", "ReferenceType", "TList", "MemberReference", "org.apache.thrift.protocol.TType", "STRUCT", "MethodInvocation", "iprot", "readI32", "StatementExpression", "Assignment", "MemberReference", "struct", "tputs", "ClassCreator", "ReferenceType", "java", "ReferenceType", "util", "ReferenceType", "ArrayList", "TypeArgument", "ReferenceType", "TPut", "MemberReference", "_list227", "size", "=", "LocalVariableDeclaration", "Annotation", "org.apache.thrift.annotation.Nullable", "ReferenceType", "TPut", "VariableDeclarator", "_elem228", "ForStatement", "ForControl", "VariableDeclaration", "BasicType", "int", "VariableDeclarator", "_i229", "Literal", "0", "BinaryOperation", "<", "MemberReference", "_i229", "MemberReference", "_list227", "size", "MemberReference", "++", "_i229", "BlockStatement", "StatementExpression", "Assignment", "MemberReference", "_elem228", "ClassCreator", "ReferenceType", "TPut", "=", "StatementExpression", "MethodInvocation", "_elem228", "MemberReference", "iprot", "read", "StatementExpression", "MethodInvocation", "struct.tputs", "MemberReference", "_elem228", "add", "StatementExpression", "MethodInvocation", "struct", "Literal", "true", "setTputsIsSet"], "nodes": {"0": "MethodDeclaration", "1": "Modifier", "2": "public", "3": "Annotation", "4": "Override", "5": "read", "6": "FormalParameter", "7": "ReferenceType", "8": "org", "9": "ReferenceType", "10": "apache", "11": "ReferenceType", "12": "thrift", "13": "ReferenceType", "14": "protocol", "15": "ReferenceType", "16": "TProtocol", "17": "prot", "18": "FormalParameter", "19": "ReferenceType", "20": "putMultiple_args", "21": "struct", "22": "org.apache.thrift.TException", "23": "LocalVariableDeclaration", "24": "ReferenceType", "25": "org", "26": "ReferenceType", "27": "apache", "28": "ReferenceType", "29": "thrift", "30": "ReferenceType", "31": "protocol", "32": "ReferenceType", "33": "TTupleProtocol", "34": "VariableDeclarator", "35": "iprot", "36": "Cast", "37": "ReferenceType", "38": "org", "39": "ReferenceType", "40": "apache", "41": "ReferenceType", "42": "thrift", "43": "ReferenceType", "44": "protocol", "45": "ReferenceType", "46": "TTupleProtocol", "47": "MemberReference", "48": "prot", "49": "StatementExpression", "50": "Assignment", "51": "MemberReference", "52": "struct", "53": "table", "54": "MethodInvocation", "55": "iprot", "56": "readBinary", "57": "=", "58": "StatementExpression", "59": "MethodInvocation", "60": "struct", "61": "Literal", "62": "true", "63": "setTableIsSet", "64": "BlockStatement", "65": "LocalVariableDeclaration", "66": "ReferenceType", "67": "org", "68": "ReferenceType", "69": "apache", "70": "ReferenceType", "71": "thrift", "72": "ReferenceType", "73": "protocol", "74": "ReferenceType", "75": "TList", "76": "VariableDeclarator", "77": "_list227", "78": "ClassCreator", "79": "ReferenceType", "80": "org", "81": "ReferenceType", "82": "apache", "83": "ReferenceType", "84": "thrift", "85": "ReferenceType", "86": "protocol", "87": "ReferenceType", "88": "TList", "89": "MemberReference", "90": "org.apache.thrift.protocol.TType", "91": "STRUCT", "92": "MethodInvocation", "93": "iprot", "94": "readI32", "95": "StatementExpression", "96": "Assignment", "97": "MemberReference", "98": "struct", "99": "tputs", "100": "ClassCreator", "101": "ReferenceType", "102": "java", "103": "ReferenceType", "104": "util", "105": "ReferenceType", "106": "ArrayList", "107": "TypeArgument", "108": "ReferenceType", "109": "TPut", "110": "MemberReference", "111": "_list227", "112": "size", "113": "=", "114": "LocalVariableDeclaration", "115": "Annotation", "116": "org.apache.thrift.annotation.Nullable", "117": "ReferenceType", "118": "TPut", "119": "VariableDeclarator", "120": "_elem228", "121": "ForStatement", "122": "ForControl", "123": "VariableDeclaration", "124": "BasicType", "125": "int", "126": "VariableDeclarator", "127": "_i229", "128": "Literal", "129": "0", "130": "BinaryOperation", "131": "<", "132": "MemberReference", "133": "_i229", "134": "MemberReference", "135": "_list227", "136": "size", "137": "MemberReference", "138": "++", "139": "_i229", "140": "BlockStatement", "141": "StatementExpression", "142": "Assignment", "143": "MemberReference", "144": "_elem228", "145": "ClassCreator", "146": "ReferenceType", "147": "TPut", "148": "=", "149": "StatementExpression", "150": "MethodInvocation", "151": "_elem228", "152": "MemberReference", "153": "iprot", "154": "read", "155": "StatementExpression", "156": "MethodInvocation", "157": "struct.tputs", "158": "MemberReference", "159": "_elem228", "160": "add", "161": "StatementExpression", "162": "MethodInvocation", "163": "struct", "164": "Literal", "165": "true", "166": "setTputsIsSet"}, "edges": {"0->1": 0, "1->0": 0, "1->2": 0, "2->1": 0, "0->3": 0, "3->0": 0, "3->4": 0, "4->3": 0, "0->5": 0, "5->0": 0, "0->6": 0, "6->0": 0, "6->7": 0, "7->6": 0, "7->8": 0, "8->7": 0, "7->9": 0, "9->7": 0, "9->10": 0, "10->9": 0, "9->11": 0, "11->9": 0, "11->12": 0, "12->11": 0, "11->13": 0, "13->11": 0, "13->14": 0, "14->13": 0, "13->15": 0, "15->13": 0, "15->16": 0, "16->15": 0, "6->17": 0, "17->6": 0, "0->18": 0, "18->0": 0, "18->19": 0, "19->18": 0, "19->20": 0, "20->19": 0, "18->21": 0, "21->18": 0, "0->22": 0, "22->0": 0, "0->23": 0, "23->0": 0, "23->24": 0, "24->23": 0, "24->25": 0, "25->24": 0, "24->26": 0, "26->24": 0, "26->27": 0, "27->26": 0, "26->28": 0, "28->26": 0, "28->29": 0, "29->28": 0, "28->30": 0, "30->28": 0, "30->31": 0, "31->30": 0, "30->32": 0, "32->30": 0, "32->33": 0, "33->32": 0, "23->34": 0, "34->23": 0, "34->35": 0, "35->34": 0, "34->36": 0, "36->34": 0, "36->37": 0, "37->36": 0, "37->38": 0, "38->37": 0, "37->39": 0, "39->37": 0, "39->40": 0, "40->39": 0, "39->41": 0, "41->39": 0, "41->42": 0, "42->41": 0, "41->43": 0, "43->41": 0, "43->44": 0, "44->43": 0, "43->45": 0, "45->43": 0, "45->46": 0, "46->45": 0, "36->47": 0, "47->36": 0, "47->48": 0, "48->47": 0, "0->49": 0, "49->0": 0, "49->50": 0, "50->49": 0, "50->51": 0, "51->50": 0, "51->52": 0, "52->51": 0, "51->53": 0, "53->51": 0, "50->54": 0, "54->50": 0, "54->55": 0, "55->54": 0, "54->56": 0, "56->54": 0, "50->57": 0, "57->50": 0, "0->58": 0, "58->0": 0, "58->59": 0, "59->58": 0, "59->60": 0, "60->59": 0, "59->61": 0, "61->59": 0, "61->62": 0, "62->61": 0, "59->63": 0, "63->59": 0, "0->64": 0, "64->0": 0, "64->65": 0, "65->64": 0, "65->66": 0, "66->65": 0, "66->67": 0, "67->66": 0, "66->68": 0, "68->66": 0, "68->69": 0, "69->68": 0, "68->70": 0, "70->68": 0, "70->71": 0, "71->70": 0, "70->72": 0, "72->70": 0, "72->73": 0, "73->72": 0, "72->74": 0, "74->72": 0, "74->75": 0, "75->74": 0, "65->76": 0, "76->65": 0, "76->77": 0, "77->76": 0, "76->78": 0, "78->76": 0, "78->79": 0, "79->78": 0, "79->80": 0, "80->79": 0, "79->81": 0, "81->79": 0, "81->82": 0, "82->81": 0, "81->83": 0, "83->81": 0, "83->84": 0, "84->83": 0, "83->85": 0, "85->83": 0, "85->86": 0, "86->85": 0, "85->87": 0, "87->85": 0, "87->88": 0, "88->87": 0, "78->89": 0, "89->78": 0, "89->90": 0, "90->89": 0, "89->91": 0, "91->89": 0, "78->92": 0, "92->78": 0, "92->93": 0, "93->92": 0, "92->94": 0, "94->92": 0, "64->95": 0, "95->64": 0, "95->96": 0, "96->95": 0, "96->97": 0, "97->96": 0, "97->98": 0, "98->97": 0, "97->99": 0, "99->97": 0, "96->100": 0, "100->96": 0, "100->101": 0, "101->100": 0, "101->102": 0, "102->101": 0, "101->103": 0, "103->101": 0, "103->104": 0, "104->103": 0, "103->105": 0, "105->103": 0, "105->106": 0, "106->105": 0, "105->107": 0, "107->105": 0, "107->108": 0, "108->107": 0, "108->109": 0, "109->108": 0, "100->110": 0, "110->100": 0, "110->111": 0, "111->110": 0, "110->112": 0, "112->110": 0, "96->113": 0, "113->96": 0, "64->114": 0, "114->64": 0, "114->115": 0, "115->114": 0, "115->116": 0, "116->115": 0, "114->117": 0, "117->114": 0, "117->118": 0, "118->117": 0, "114->119": 0, "119->114": 0, "119->120": 0, "120->119": 0, "64->121": 0, "121->64": 0, "121->122": 0, "122->121": 0, "122->123": 0, "123->122": 0, "123->124": 0, "124->123": 0, "124->125": 0, "125->124": 0, "123->126": 0, "126->123": 0, "126->127": 0, "127->126": 0, "126->128": 0, "128->126": 0, "128->129": 0, "129->128": 0, "122->130": 0, "130->122": 0, "130->131": 0, "131->130": 0, "130->132": 0, "132->130": 0, "132->133": 0, "133->132": 0, "130->134": 0, "134->130": 0, "134->135": 0, "135->134": 0, "134->136": 0, "136->134": 0, "122->137": 0, "137->122": 0, "137->138": 0, "138->137": 0, "137->139": 0, "139->137": 0, "121->140": 0, "140->121": 0, "140->141": 0, "141->140": 0, "141->142": 0, "142->141": 0, "142->143": 0, "143->142": 0, "143->144": 0, "144->143": 0, "142->145": 0, "145->142": 0, "145->146": 0, "146->145": 0, "146->147": 0, "147->146": 0, "142->148": 0, "148->142": 0, "140->149": 0, "149->140": 0, "149->150": 0, "150->149": 0, "150->151": 0, "151->150": 0, "150->152": 0, "152->150": 0, "152->153": 0, "153->152": 0, "150->154": 0, "154->150": 0, "140->155": 0, "155->140": 0, "155->156": 0, "156->155": 0, "156->157": 0, "157->156": 0, "156->158": 0, "158->156": 0, "158->159": 0, "159->158": 0, "156->160": 0, "160->156": 0, "0->161": 0, "161->0": 0, "161->162": 0, "162->161": 0, "162->163": 0, "163->162": 0, "162->164": 0, "164->162": 0, "164->165": 0, "165->164": 0, "162->166": 0, "166->162": 0, "1->3": 1, "3->1": 12, "3->5": 1, "5->3": 12, "5->6": 1, "6->5": 12, "6->18": 1, "18->6": 12, "18->22": 1, "22->18": 12, "22->23": 1, "23->22": 12, "23->49": 1, "49->23": 12, "49->58": 1, "58->49": 12, "58->64": 1, "64->58": 12, "64->161": 1, "161->64": 12, "7->17": 1, "17->7": 12, "8->9": 1, "9->8": 12, "10->11": 1, "11->10": 12, "12->13": 1, "13->12": 12, "14->15": 1, "15->14": 12, "19->21": 1, "21->19": 12, "24->34": 1, "34->24": 12, "25->26": 1, "26->25": 12, "27->28": 1, "28->27": 12, "29->30": 1, "30->29": 12, "31->32": 1, "32->31": 12, "35->36": 1, "36->35": 12, "37->47": 1, "47->37": 12, "38->39": 1, "39->38": 12, "40->41": 1, "41->40": 12, "42->43": 1, "43->42": 12, "44->45": 1, "45->44": 12, "51->54": 1, "54->51": 12, "54->57": 1, "57->54": 12, "52->53": 2, "53->52": 3, "55->56": 2, "56->55": 3, "60->61": 1, "61->60": 12, "61->63": 1, "63->61": 12, "65->95": 10, "95->65": 11, "95->114": 10, "114->95": 11, "114->121": 10, "121->114": 11, "66->76": 1, "76->66": 12, "67->68": 1, "68->67": 12, "69->70": 1, "70->69": 12, "71->72": 1, "72->71": 12, "73->74": 1, "74->73": 12, "77->78": 1, "78->77": 12, "79->89": 1, "89->79": 12, "89->92": 1, "92->89": 12, "80->81": 1, "81->80": 12, "82->83": 1, "83->82": 12, "84->85": 1, "85->84": 12, "86->87": 1, "87->86": 12, "90->91": 2, "91->90": 3, "93->94": 2, "94->93": 3, "97->100": 1, "100->97": 12, "100->113": 1, "113->100": 12, "98->99": 2, "99->98": 3, "101->110": 1, "110->101": 12, "102->103": 1, "103->102": 12, "104->105": 1, "105->104": 12, "106->107": 1, "107->106": 12, "111->112": 2, "112->111": 3, "115->117": 1, "117->115": 12, "117->119": 1, "119->117": 12, "122->140": 9, "140->122": 9, "123->130": 1, "130->123": 12, "130->137": 1, "137->130": 12, "124->126": 1, "126->124": 12, "127->128": 1, "128->127": 12, "131->132": 1, "132->131": 12, "132->134": 1, "134->132": 12, "135->136": 2, "136->135": 3, "138->139": 2, "139->138": 3, "141->149": 10, "149->141": 11, "149->155": 10, "155->149": 11, "143->145": 1, "145->143": 12, "145->148": 1, "148->145": 12, "151->152": 1, "152->151": 12, "152->154": 1, "154->152": 12, "157->158": 1, "158->157": 12, "158->160": 1, "160->158": 12, "163->164": 1, "164->163": 12, "164->166": 1, "166->164": 12, "2->4": 2, "4->2": 3, "4->5": 2, "5->4": 3, "5->8": 2, "8->5": 3, "8->10": 2, "10->8": 3, "10->12": 2, "12->10": 3, "12->14": 2, "14->12": 3, "14->16": 2, "16->14": 3, "16->17": 2, "17->16": 3, "17->20": 2, "20->17": 3, "20->21": 2, "21->20": 3, "21->22": 2, "22->21": 3, "22->25": 2, "25->22": 3, "25->27": 2, "27->25": 3, "27->29": 2, "29->27": 3, "29->31": 2, "31->29": 3, "31->33": 2, "33->31": 3, "33->35": 2, "35->33": 3, "35->38": 2, "38->35": 3, "38->40": 2, "40->38": 3, "40->42": 2, "42->40": 3, "42->44": 2, "44->42": 3, "44->46": 2, "46->44": 3, "46->48": 2, "48->46": 3, "48->52": 2, "52->48": 3, "53->55": 2, "55->53": 3, "56->57": 2, "57->56": 3, "57->60": 2, "60->57": 3, "60->62": 2, "62->60": 3, "62->63": 2, "63->62": 3, "63->67": 2, "67->63": 3, "67->69": 2, "69->67": 3, "69->71": 2, "71->69": 3, "71->73": 2, "73->71": 3, "73->75": 2, "75->73": 3, "75->77": 2, "77->75": 3, "77->80": 2, "80->77": 3, "80->82": 2, "82->80": 3, "82->84": 2, "84->82": 3, "84->86": 2, "86->84": 3, "86->88": 2, "88->86": 3, "88->90": 2, "90->88": 3, "91->93": 2, "93->91": 3, "94->98": 2, "98->94": 3, "99->102": 2, "102->99": 3, "102->104": 2, "104->102": 3, "104->106": 2, "106->104": 3, "106->109": 2, "109->106": 3, "109->111": 2, "111->109": 3, "112->113": 2, "113->112": 3, "113->116": 2, "116->113": 3, "116->118": 2, "118->116": 3, "118->120": 2, "120->118": 3, "120->125": 2, "125->120": 3, "125->127": 2, "127->125": 3, "127->129": 2, "129->127": 3, "129->131": 2, "131->129": 3, "131->133": 2, "133->131": 3, "133->135": 2, "135->133": 3, "136->138": 2, "138->136": 3, "139->144": 2, "144->139": 3, "144->147": 2, "147->144": 3, "147->148": 2, "148->147": 3, "148->151": 2, "151->148": 3, "151->153": 2, "153->151": 3, "153->154": 2, "154->153": 3, "154->157": 2, "157->154": 3, "157->159": 2, "159->157": 3, "159->160": 2, "160->159": 3, "160->163": 2, "163->160": 3, "163->165": 2, "165->163": 3, "165->166": 2, "166->165": 3, "112->136": 4, "136->112": 5, "133->139": 4, "139->133": 5, "144->159": 4, "159->144": 5}, "metrics": [16.0, 2.0, 2.0]}