{"nodelist": ["MethodDeclaration", "{'private'}", "private", "checkAndUpdateNamespaceRegionQuota", "FormalParameter", "BasicType", "int", "updatedRegionCount", "FormalParameter", "ReferenceType", "TableName", "tableName", "IOException", "IfStatement", "This", "MemberReference", "master", "MethodInvocation", "getMasterQuotaManager", "MethodInvocation", "isQuotaInitialized", "BlockStatement", "StatementExpression", "This", "MemberReference", "master", "MethodInvocation", "getMasterQuotaManager", "MethodInvocation", "MemberReference", "tableName", "MemberReference", "updatedRegionCount", "checkAndUpdateNamespaceRegionQuota"], "nodes": {"0": "MethodDeclaration", "1": "Modifier", "2": "private", "3": "checkAndUpdateNamespaceRegionQuota", "4": "FormalParameter", "5": "BasicType", "6": "int", "7": "updatedRegionCount", "8": "FormalParameter", "9": "ReferenceType", "10": "TableName", "11": "tableName", "12": "IOException", "13": "IfStatement", "14": "This", "15": "MemberReference", "16": "master", "17": "MethodInvocation", "18": "getMasterQuotaManager", "19": "MethodInvocation", "20": "isQuotaInitialized", "21": "BlockStatement", "22": "StatementExpression", "23": "This", "24": "MemberReference", "25": "master", "26": "MethodInvocation", "27": "getMasterQuotaManager", "28": "MethodInvocation", "29": "MemberReference", "30": "tableName", "31": "MemberReference", "32": "updatedRegionCount", "33": "checkAndUpdateNamespaceRegionQuota"}, "edges": {"0->1": 0, "1->0": 0, "1->2": 0, "2->1": 0, "0->3": 0, "3->0": 0, "0->4": 0, "4->0": 0, "4->5": 0, "5->4": 0, "5->6": 0, "6->5": 0, "4->7": 0, "7->4": 0, "0->8": 0, "8->0": 0, "8->9": 0, "9->8": 0, "9->10": 0, "10->9": 0, "8->11": 0, "11->8": 0, "0->12": 0, "12->0": 0, "0->13": 0, "13->0": 0, "13->14": 0, "14->13": 0, "14->15": 0, "15->14": 0, "15->16": 0, "16->15": 0, "14->17": 0, "17->14": 0, "17->18": 0, "18->17": 0, "14->19": 0, "19->14": 0, "19->20": 0, "20->19": 0, "13->21": 0, "21->13": 0, "21->22": 0, "22->21": 0, "22->23": 0, "23->22": 0, "23->24": 0, "24->23": 0, "24->25": 0, "25->24": 0, "23->26": 0, "26->23": 0, "26->27": 0, "27->26": 0, "23->28": 0, "28->23": 0, "28->29": 0, "29->28": 0, "29->30": 0, "30->29": 0, "28->31": 0, "31->28": 0, "31->32": 0, "32->31": 0, "28->33": 0, "33->28": 0, "1->3": 1, "3->1": 12, "3->4": 1, "4->3": 12, "4->8": 1, "8->4": 12, "8->12": 1, "12->8": 12, "12->13": 1, "13->12": 12, "5->7": 1, "7->5": 12, "9->11": 1, "11->9": 12, "14->21": 6, "21->14": 6, "15->17": 1, "17->15": 12, "17->19": 1, "19->17": 12, "24->26": 1, "26->24": 12, "26->28": 1, "28->26": 12, "29->31": 1, "31->29": 12, "31->33": 1, "33->31": 12, "2->3": 2, "3->2": 3, "3->6": 2, "6->3": 3, "6->7": 2, "7->6": 3, "7->10": 2, "10->7": 3, "10->11": 2, "11->10": 3, "11->12": 2, "12->11": 3, "12->16": 2, "16->12": 3, "16->18": 2, "18->16": 3, "18->20": 2, "20->18": 3, "20->25": 2, "25->20": 3, "25->27": 2, "27->25": 3, "27->30": 2, "30->27": 3, "30->32": 2, "32->30": 3, "32->33": 2, "33->32": 3, "16->25": 4, "25->16": 5}, "metrics": [5.0, 2.0, 2.0]}