{"nodelist": ["MethodDeclaration", "{'private'}", "private", "putHeader", "FormalParameter", "BasicType", "byte", "dest", "FormalParameter", "BasicType", "int", "offset", "FormalParameter", "BasicType", "int", "onDiskSize", "FormalParameter", "BasicType", "int", "uncompressedSize", "StatementExpression", "Assignment", "MemberReference", "offset", "MethodInvocation", "blockType", "MemberReference", "dest", "MemberReference", "offset", "put", "=", "StatementExpression", "Assignment", "MemberReference", "offset", "MethodInvocation", "Bytes", "MemberReference", "dest", "MemberReference", "offset", "BinaryOperation", "-", "MemberReference", "onDiskSize", "MemberReference", "HEADER_SIZE", "putInt", "=", "StatementExpression", "Assignment", "MemberReference", "offset", "MethodInvocation", "Bytes", "MemberReference", "dest", "MemberReference", "offset", "BinaryOperation", "-", "MemberReference", "uncompressedSize", "MemberReference", "HEADER_SIZE", "putInt", "=", "StatementExpression", "MethodInvocation", "Bytes", "MemberReference", "dest", "MemberReference", "offset", "MemberReference", "prevOffset", "putLong"], "nodes": {"0": "MethodDeclaration", "1": "Modifier", "2": "private", "3": "putHeader", "4": "FormalParameter", "5": "BasicType", "6": "byte", "7": "dest", "8": "FormalParameter", "9": "BasicType", "10": "int", "11": "offset", "12": "FormalParameter", "13": "BasicType", "14": "int", "15": "onDiskSize", "16": "FormalParameter", "17": "BasicType", "18": "int", "19": "uncompressedSize", "20": "StatementExpression", "21": "Assignment", "22": "MemberReference", "23": "offset", "24": "MethodInvocation", "25": "blockType", "26": "MemberReference", "27": "dest", "28": "MemberReference", "29": "offset", "30": "put", "31": "=", "32": "StatementExpression", "33": "Assignment", "34": "MemberReference", "35": "offset", "36": "MethodInvocation", "37": "Bytes", "38": "MemberReference", "39": "dest", "40": "MemberReference", "41": "offset", "42": "BinaryOperation", "43": "-", "44": "MemberReference", "45": "onDiskSize", "46": "MemberReference", "47": "HEADER_SIZE", "48": "putInt", "49": "=", "50": "StatementExpression", "51": "Assignment", "52": "MemberReference", "53": "offset", "54": "MethodInvocation", "55": "Bytes", "56": "MemberReference", "57": "dest", "58": "MemberReference", "59": "offset", "60": "BinaryOperation", "61": "-", "62": "MemberReference", "63": "uncompressedSize", "64": "MemberReference", "65": "HEADER_SIZE", "66": "putInt", "67": "=", "68": "StatementExpression", "69": "MethodInvocation", "70": "Bytes", "71": "MemberReference", "72": "dest", "73": "MemberReference", "74": "offset", "75": "MemberReference", "76": "prevOffset", "77": "putLong"}, "edges": {"0->1": 0, "1->0": 0, "1->2": 0, "2->1": 0, "0->3": 0, "3->0": 0, "0->4": 0, "4->0": 0, "4->5": 0, "5->4": 0, "5->6": 0, "6->5": 0, "4->7": 0, "7->4": 0, "0->8": 0, "8->0": 0, "8->9": 0, "9->8": 0, "9->10": 0, "10->9": 0, "8->11": 0, "11->8": 0, "0->12": 0, "12->0": 0, "12->13": 0, "13->12": 0, "13->14": 0, "14->13": 0, "12->15": 0, "15->12": 0, "0->16": 0, "16->0": 0, "16->17": 0, "17->16": 0, "17->18": 0, "18->17": 0, "16->19": 0, "19->16": 0, "0->20": 0, "20->0": 0, "20->21": 0, "21->20": 0, "21->22": 0, "22->21": 0, "22->23": 0, "23->22": 0, "21->24": 0, "24->21": 0, "24->25": 0, "25->24": 0, "24->26": 0, "26->24": 0, "26->27": 0, "27->26": 0, "24->28": 0, "28->24": 0, "28->29": 0, "29->28": 0, "24->30": 0, "30->24": 0, "21->31": 0, "31->21": 0, "0->32": 0, "32->0": 0, "32->33": 0, "33->32": 0, "33->34": 0, "34->33": 0, "34->35": 0, "35->34": 0, "33->36": 0, "36->33": 0, "36->37": 0, "37->36": 0, "36->38": 0, "38->36": 0, "38->39": 0, "39->38": 0, "36->40": 0, "40->36": 0, "40->41": 0, "41->40": 0, "36->42": 0, "42->36": 0, "42->43": 0, "43->42": 0, "42->44": 0, "44->42": 0, "44->45": 0, "45->44": 0, "42->46": 0, "46->42": 0, "46->47": 0, "47->46": 0, "36->48": 0, "48->36": 0, "33->49": 0, "49->33": 0, "0->50": 0, "50->0": 0, "50->51": 0, "51->50": 0, "51->52": 0, "52->51": 0, "52->53": 0, "53->52": 0, "51->54": 0, "54->51": 0, "54->55": 0, "55->54": 0, "54->56": 0, "56->54": 0, "56->57": 0, "57->56": 0, "54->58": 0, "58->54": 0, "58->59": 0, "59->58": 0, "54->60": 0, "60->54": 0, "60->61": 0, "61->60": 0, "60->62": 0, "62->60": 0, "62->63": 0, "63->62": 0, "60->64": 0, "64->60": 0, "64->65": 0, "65->64": 0, "54->66": 0, "66->54": 0, "51->67": 0, "67->51": 0, "0->68": 0, "68->0": 0, "68->69": 0, "69->68": 0, "69->70": 0, "70->69": 0, "69->71": 0, "71->69": 0, "71->72": 0, "72->71": 0, "69->73": 0, "73->69": 0, "73->74": 0, "74->73": 0, "69->75": 0, "75->69": 0, "75->76": 0, "76->75": 0, "69->77": 0, "77->69": 0, "1->3": 1, "3->1": 12, "3->4": 1, "4->3": 12, "4->8": 1, "8->4": 12, "8->12": 1, "12->8": 12, "12->16": 1, "16->12": 12, "16->20": 1, "20->16": 12, "20->32": 1, "32->20": 12, "32->50": 1, "50->32": 12, "50->68": 1, "68->50": 12, "5->7": 1, "7->5": 12, "9->11": 1, "11->9": 12, "13->15": 1, "15->13": 12, "17->19": 1, "19->17": 12, "22->24": 1, "24->22": 12, "24->31": 1, "31->24": 12, "25->26": 1, "26->25": 12, "26->28": 1, "28->26": 12, "28->30": 1, "30->28": 12, "34->36": 1, "36->34": 12, "36->49": 1, "49->36": 12, "37->38": 1, "38->37": 12, "38->40": 1, "40->38": 12, "40->42": 1, "42->40": 12, "42->48": 1, "48->42": 12, "43->44": 1, "44->43": 12, "44->46": 1, "46->44": 12, "52->54": 1, "54->52": 12, "54->67": 1, "67->54": 12, "55->56": 1, "56->55": 12, "56->58": 1, "58->56": 12, "58->60": 1, "60->58": 12, "60->66": 1, "66->60": 12, "61->62": 1, "62->61": 12, "62->64": 1, "64->62": 12, "70->71": 1, "71->70": 12, "71->73": 1, "73->71": 12, "73->75": 1, "75->73": 12, "75->77": 1, "77->75": 12, "2->3": 2, "3->2": 3, "3->6": 2, "6->3": 3, "6->7": 2, "7->6": 3, "7->10": 2, "10->7": 3, "10->11": 2, "11->10": 3, "11->14": 2, "14->11": 3, "14->15": 2, "15->14": 3, "15->18": 2, "18->15": 3, "18->19": 2, "19->18": 3, "19->23": 2, "23->19": 3, "23->25": 2, "25->23": 3, "25->27": 2, "27->25": 3, "27->29": 2, "29->27": 3, "29->30": 2, "30->29": 3, "30->31": 2, "31->30": 3, "31->35": 2, "35->31": 3, "35->37": 2, "37->35": 3, "37->39": 2, "39->37": 3, "39->41": 2, "41->39": 3, "41->43": 2, "43->41": 3, "43->45": 2, "45->43": 3, "45->47": 2, "47->45": 3, "47->48": 2, "48->47": 3, "48->49": 2, "49->48": 3, "49->53": 2, "53->49": 3, "53->55": 2, "55->53": 3, "55->57": 2, "57->55": 3, "57->59": 2, "59->57": 3, "59->61": 2, "61->59": 3, "61->63": 2, "63->61": 3, "63->65": 2, "65->63": 3, "65->66": 2, "66->65": 3, "66->67": 2, "67->66": 3, "67->70": 2, "70->67": 3, "70->72": 2, "72->70": 3, "72->74": 2, "74->72": 3, "74->76": 2, "76->74": 3, "76->77": 2, "77->76": 3, "23->29": 4, "29->23": 5, "29->35": 4, "35->29": 5, "35->41": 4, "41->35": 5, "41->53": 4, "53->41": 5, "53->59": 4, "59->53": 5, "59->74": 4, "74->59": 5, "27->39": 4, "39->27": 5, "39->57": 4, "57->39": 5, "57->72": 4, "72->57": 5, "47->65": 4, "65->47": 5}, "metrics": [6.0, 1.0, 4.0]}