{"nodelist": ["MethodDeclaration", "{'synchronized', 'protected'}", "synchronized", "protected", "setResponse", "FormalParameter", "ReferenceType", "Object", "m", "FormalParameter", "{'final'}", "final", "ReferenceType", "CellScanner", "cells", "FormalParameter", "ReferenceType", "Throwable", "t", "FormalParameter", "ReferenceType", "String", "errorMsg", "IfStatement", "This", "MemberReference", "isError", "ReturnStatement", "IfStatement", "BinaryOperation", "!=", "MemberReference", "t", "Literal", "null", "StatementExpression", "Assignment", "This", "MemberReference", "isError", "Literal", "true", "=", "LocalVariableDeclaration", "ReferenceType", "BufferChain", "VariableDeclarator", "bc", "Literal", "null", "TryStatement", "LocalVariableDeclaration", "ReferenceType", "ResponseHeader", "ReferenceType", "Builder", "VariableDeclarator", "headerBuilder", "MethodInvocation", "ResponseHeader", "newBuilder", "LocalVariableDeclaration", "ReferenceType", "Message", "VariableDeclarator", "result", "Cast", "ReferenceType", "Message", "MemberReference", "m", "StatementExpression", "MethodInvocation", "headerBuilder", "This", "MemberReference", "id", "setCallId", "IfStatement", "BinaryOperation", "!=", "MemberReference", "t", "Literal", "null", "BlockStatement", "LocalVariableDeclaration", "ReferenceType", "ExceptionResponse", "ReferenceType", "Builder", "VariableDeclarator", "exceptionBuilder", "MethodInvocation", "ExceptionResponse", "newBuilder", "StatementExpression", "MethodInvocation", "exceptionBuilder", "MethodInvocation", "t", "MethodInvocation", "getName", "getClass", "setExceptionClassName", "StatementExpression", "MethodInvocation", "exceptionBuilder", "MemberReference", "errorMsg", "setStackTrace", "StatementExpression", "MethodInvocation", "exceptionBuilder", "BinaryOperation", "instanceof", "MemberReference", "t", "ReferenceType", "DoNotRetryIOException", "setDoNotRetry", "IfStatement", "BinaryOperation", "instanceof", "MemberReference", "t", "ReferenceType", "RegionMovedException", "BlockStatement", "LocalVariableDeclaration", "ReferenceType", "RegionMovedException", "VariableDeclarator", "rme", "Cast", "ReferenceType", "RegionMovedException", "MemberReference", "t", "StatementExpression", "MethodInvocation", "exceptionBuilder", "MethodInvocation", "rme", "getHostname", "setHostname", "StatementExpression", "MethodInvocation", "exceptionBuilder", "MethodInvocation", "rme", "getPort", "setPort", "StatementExpression", "MethodInvocation", "headerBuilder", "MethodInvocation", "exceptionBuilder", "build", "setException", "StatementExpression", "Assignment", "This", "MemberReference", "cellBlock", "MethodInvocation", "ipcUtil", "This", "MemberReference", "connection", "MemberReference", "codec", "This", "MemberReference", "connection", "MemberReference", "compressionCodec", "MemberReference", "cells", "MemberReference", "reservoir", "buildCellBlock", "=", "IfStatement", "BinaryOperation", "!=", "This", "MemberReference", "cellBlock", "Literal", "null", "BlockStatement", "LocalVariableDeclaration", "ReferenceType", "CellBlockMeta", "ReferenceType", "Builder", "VariableDeclarator", "cellBlockBuilder", "MethodInvocation", "CellBlockMeta", "newBuilder", "StatementExpression", "MethodInvocation", "cellBlockBuilder", "This", "MemberReference", "cellBlock", "MethodInvocation", "limit", "setLength", "StatementExpression", "MethodInvocation", "headerBuilder", "MethodInvocation", "cellBlockBuilder", "build", "setCellBlockMeta", "LocalVariableDeclaration", "ReferenceType", "Message", "VariableDeclarator", "header", "MethodInvocation", "headerBuilder", "build", "LocalVariableDeclaration", "BasicType", "byte", "VariableDeclarator", "b", "MethodInvocation", "MemberReference", "result", "MemberReference", "header", "createHeaderAndMessageBytes", "StatementExpression", "Assignment", "MemberReference", "bc", "ClassCreator", "ReferenceType", "BufferChain", "MethodInvocation", "ByteBuffer", "MemberReference", "b", "wrap", "This", "MemberReference", "cellBlock", "=", "IfStatement", "MemberReference", "connection", "useWrap", "BlockStatement", "StatementExpression", "Assignment", "MemberReference", "bc", "MethodInvocation", "MemberReference", "bc", "wrapWithSasl", "=", "CatchClause", "CatchClauseParameter", "IOException", "e", "StatementExpression", "MethodInvocation", "LOG", "BinaryOperation", "+", "Literal", "\"Exception while creating response \"", "MemberReference", "e", "warn", "StatementExpression", "Assignment", "This", "MemberReference", "response", "MemberReference", "bc", "="], "nodes": {"0": "MethodDeclaration", "1": "Modifier", "2": "synchronized", "3": "protected", "4": "setResponse", "5": "FormalParameter", "6": "ReferenceType", "7": "Object", "8": "m", "9": "FormalParameter", "10": "Modifier", "11": "final", "12": "ReferenceType", "13": "CellScanner", "14": "cells", "15": "FormalParameter", "16": "ReferenceType", "17": "Throwable", "18": "t", "19": "FormalParameter", "20": "ReferenceType", "21": "String", "22": "errorMsg", "23": "IfStatement", "24": "This", "25": "MemberReference", "26": "isError", "27": "ReturnStatement", "28": "IfStatement", "29": "BinaryOperation", "30": "!=", "31": "MemberReference", "32": "t", "33": "Literal", "34": "null", "35": "StatementExpression", "36": "Assignment", "37": "This", "38": "MemberReference", "39": "isError", "40": "Literal", "41": "true", "42": "=", "43": "LocalVariableDeclaration", "44": "ReferenceType", "45": "BufferChain", "46": "VariableDeclarator", "47": "bc", "48": "Literal", "49": "null", "50": "TryStatement", "51": "LocalVariableDeclaration", "52": "ReferenceType", "53": "ResponseHeader", "54": "ReferenceType", "55": "Builder", "56": "VariableDeclarator", "57": "headerBuilder", "58": "MethodInvocation", "59": "ResponseHeader", "60": "newBuilder", "61": "LocalVariableDeclaration", "62": "ReferenceType", "63": "Message", "64": "VariableDeclarator", "65": "result", "66": "Cast", "67": "ReferenceType", "68": "Message", "69": "MemberReference", "70": "m", "71": "StatementExpression", "72": "MethodInvocation", "73": "headerBuilder", "74": "This", "75": "MemberReference", "76": "id", "77": "setCallId", "78": "IfStatement", "79": "BinaryOperation", "80": "!=", "81": "MemberReference", "82": "t", "83": "Literal", "84": "null", "85": "BlockStatement", "86": "LocalVariableDeclaration", "87": "ReferenceType", "88": "ExceptionResponse", "89": "ReferenceType", "90": "Builder", "91": "VariableDeclarator", "92": "exceptionBuilder", "93": "MethodInvocation", "94": "ExceptionResponse", "95": "newBuilder", "96": "StatementExpression", "97": "MethodInvocation", "98": "exceptionBuilder", "99": "MethodInvocation", "100": "t", "101": "MethodInvocation", "102": "getName", "103": "getClass", "104": "setExceptionClassName", "105": "StatementExpression", "106": "MethodInvocation", "107": "exceptionBuilder", "108": "MemberReference", "109": "errorMsg", "110": "setStackTrace", "111": "StatementExpression", "112": "MethodInvocation", "113": "exceptionBuilder", "114": "BinaryOperation", "115": "instanceof", "116": "MemberReference", "117": "t", "118": "ReferenceType", "119": "DoNotRetryIOException", "120": "setDoNotRetry", "121": "IfStatement", "122": "BinaryOperation", "123": "instanceof", "124": "MemberReference", "125": "t", "126": "ReferenceType", "127": "RegionMovedException", "128": "BlockStatement", "129": "LocalVariableDeclaration", "130": "ReferenceType", "131": "RegionMovedException", "132": "VariableDeclarator", "133": "rme", "134": "Cast", "135": "ReferenceType", "136": "RegionMovedException", "137": "MemberReference", "138": "t", "139": "StatementExpression", "140": "MethodInvocation", "141": "exceptionBuilder", "142": "MethodInvocation", "143": "rme", "144": "getHostname", "145": "setHostname", "146": "StatementExpression", "147": "MethodInvocation", "148": "exceptionBuilder", "149": "MethodInvocation", "150": "rme", "151": "getPort", "152": "setPort", "153": "StatementExpression", "154": "MethodInvocation", "155": "headerBuilder", "156": "MethodInvocation", "157": "exceptionBuilder", "158": "build", "159": "setException", "160": "StatementExpression", "161": "Assignment", "162": "This", "163": "MemberReference", "164": "cellBlock", "165": "MethodInvocation", "166": "ipcUtil", "167": "This", "168": "MemberReference", "169": "connection", "170": "MemberReference", "171": "codec", "172": "This", "173": "MemberReference", "174": "connection", "175": "MemberReference", "176": "compressionCodec", "177": "MemberReference", "178": "cells", "179": "MemberReference", "180": "reservoir", "181": "buildCellBlock", "182": "=", "183": "IfStatement", "184": "BinaryOperation", "185": "!=", "186": "This", "187": "MemberReference", "188": "cellBlock", "189": "Literal", "190": "null", "191": "BlockStatement", "192": "LocalVariableDeclaration", "193": "ReferenceType", "194": "CellBlockMeta", "195": "ReferenceType", "196": "Builder", "197": "VariableDeclarator", "198": "cellBlockBuilder", "199": "MethodInvocation", "200": "CellBlockMeta", "201": "newBuilder", "202": "StatementExpression", "203": "MethodInvocation", "204": "cellBlockBuilder", "205": "This", "206": "MemberReference", "207": "cellBlock", "208": "MethodInvocation", "209": "limit", "210": "setLength", "211": "StatementExpression", "212": "MethodInvocation", "213": "headerBuilder", "214": "MethodInvocation", "215": "cellBlockBuilder", "216": "build", "217": "setCellBlockMeta", "218": "LocalVariableDeclaration", "219": "ReferenceType", "220": "Message", "221": "VariableDeclarator", "222": "header", "223": "MethodInvocation", "224": "headerBuilder", "225": "build", "226": "LocalVariableDeclaration", "227": "BasicType", "228": "byte", "229": "VariableDeclarator", "230": "b", "231": "MethodInvocation", "232": "MemberReference", "233": "result", "234": "MemberReference", "235": "header", "236": "createHeaderAndMessageBytes", "237": "StatementExpression", "238": "Assignment", "239": "MemberReference", "240": "bc", "241": "ClassCreator", "242": "ReferenceType", "243": "BufferChain", "244": "MethodInvocation", "245": "ByteBuffer", "246": "MemberReference", "247": "b", "248": "wrap", "249": "This", "250": "MemberReference", "251": "cellBlock", "252": "=", "253": "IfStatement", "254": "MemberReference", "255": "connection", "256": "useWrap", "257": "BlockStatement", "258": "StatementExpression", "259": "Assignment", "260": "MemberReference", "261": "bc", "262": "MethodInvocation", "263": "MemberReference", "264": "bc", "265": "wrapWithSasl", "266": "=", "267": "CatchClause", "268": "CatchClauseParameter", "269": "IOException", "270": "e", "271": "StatementExpression", "272": "MethodInvocation", "273": "LOG", "274": "BinaryOperation", "275": "+", "276": "Literal", "277": "\"Exception while creating response \"", "278": "MemberReference", "279": "e", "280": "warn", "281": "StatementExpression", "282": "Assignment", "283": "This", "284": "MemberReference", "285": "response", "286": "MemberReference", "287": "bc", "288": "="}, "edges": {"0->1": 0, "1->0": 0, "1->2": 0, "2->1": 0, "1->3": 0, "3->1": 0, "0->4": 0, "4->0": 0, "0->5": 0, "5->0": 0, "5->6": 0, "6->5": 0, "6->7": 0, "7->6": 0, "5->8": 0, "8->5": 0, "0->9": 0, "9->0": 0, "9->10": 0, "10->9": 0, "10->11": 0, "11->10": 0, "9->12": 0, "12->9": 0, "12->13": 0, "13->12": 0, "9->14": 0, "14->9": 0, "0->15": 0, "15->0": 0, "15->16": 0, "16->15": 0, "16->17": 0, "17->16": 0, "15->18": 0, "18->15": 0, "0->19": 0, "19->0": 0, "19->20": 0, "20->19": 0, "20->21": 0, "21->20": 0, "19->22": 0, "22->19": 0, "0->23": 0, "23->0": 0, "23->24": 0, "24->23": 0, "24->25": 0, "25->24": 0, "25->26": 0, "26->25": 0, "23->27": 0, "27->23": 0, "0->28": 0, "28->0": 0, "28->29": 0, "29->28": 0, "29->30": 0, "30->29": 0, "29->31": 0, "31->29": 0, "31->32": 0, "32->31": 0, "29->33": 0, "33->29": 0, "33->34": 0, "34->33": 0, "28->35": 0, "35->28": 0, "35->36": 0, "36->35": 0, "36->37": 0, "37->36": 0, "37->38": 0, "38->37": 0, "38->39": 0, "39->38": 0, "36->40": 0, "40->36": 0, "40->41": 0, "41->40": 0, "36->42": 0, "42->36": 0, "0->43": 0, "43->0": 0, "43->44": 0, "44->43": 0, "44->45": 0, "45->44": 0, "43->46": 0, "46->43": 0, "46->47": 0, "47->46": 0, "46->48": 0, "48->46": 0, "48->49": 0, "49->48": 0, "0->50": 0, "50->0": 0, "50->51": 0, "51->50": 0, "51->52": 0, "52->51": 0, "52->53": 0, "53->52": 0, "52->54": 0, "54->52": 0, "54->55": 0, "55->54": 0, "51->56": 0, "56->51": 0, "56->57": 0, "57->56": 0, "56->58": 0, "58->56": 0, "58->59": 0, "59->58": 0, "58->60": 0, "60->58": 0, "50->61": 0, "61->50": 0, "61->62": 0, "62->61": 0, "62->63": 0, "63->62": 0, "61->64": 0, "64->61": 0, "64->65": 0, "65->64": 0, "64->66": 0, "66->64": 0, "66->67": 0, "67->66": 0, "67->68": 0, "68->67": 0, "66->69": 0, "69->66": 0, "69->70": 0, "70->69": 0, "50->71": 0, "71->50": 0, "71->72": 0, "72->71": 0, "72->73": 0, "73->72": 0, "72->74": 0, "74->72": 0, "74->75": 0, "75->74": 0, "75->76": 0, "76->75": 0, "72->77": 0, "77->72": 0, "50->78": 0, "78->50": 0, "78->79": 0, "79->78": 0, "79->80": 0, "80->79": 0, "79->81": 0, "81->79": 0, "81->82": 0, "82->81": 0, "79->83": 0, "83->79": 0, "83->84": 0, "84->83": 0, "78->85": 0, "85->78": 0, "85->86": 0, "86->85": 0, "86->87": 0, "87->86": 0, "87->88": 0, "88->87": 0, "87->89": 0, "89->87": 0, "89->90": 0, "90->89": 0, "86->91": 0, "91->86": 0, "91->92": 0, "92->91": 0, "91->93": 0, "93->91": 0, "93->94": 0, "94->93": 0, "93->95": 0, "95->93": 0, "85->96": 0, "96->85": 0, "96->97": 0, "97->96": 0, "97->98": 0, "98->97": 0, "97->99": 0, "99->97": 0, "99->100": 0, "100->99": 0, "99->101": 0, "101->99": 0, "101->102": 0, "102->101": 0, "99->103": 0, "103->99": 0, "97->104": 0, "104->97": 0, "85->105": 0, "105->85": 0, "105->106": 0, "106->105": 0, "106->107": 0, "107->106": 0, "106->108": 0, "108->106": 0, "108->109": 0, "109->108": 0, "106->110": 0, "110->106": 0, "85->111": 0, "111->85": 0, "111->112": 0, "112->111": 0, "112->113": 0, "113->112": 0, "112->114": 0, "114->112": 0, "114->115": 0, "115->114": 0, "114->116": 0, "116->114": 0, "116->117": 0, "117->116": 0, "114->118": 0, "118->114": 0, "118->119": 0, "119->118": 0, "112->120": 0, "120->112": 0, "85->121": 0, "121->85": 0, "121->122": 0, "122->121": 0, "122->123": 0, "123->122": 0, "122->124": 0, "124->122": 0, "124->125": 0, "125->124": 0, "122->126": 0, "126->122": 0, "126->127": 0, "127->126": 0, "121->128": 0, "128->121": 0, "128->129": 0, "129->128": 0, "129->130": 0, "130->129": 0, "130->131": 0, "131->130": 0, "129->132": 0, "132->129": 0, "132->133": 0, "133->132": 0, "132->134": 0, "134->132": 0, "134->135": 0, "135->134": 0, "135->136": 0, "136->135": 0, "134->137": 0, "137->134": 0, "137->138": 0, "138->137": 0, "128->139": 0, "139->128": 0, "139->140": 0, "140->139": 0, "140->141": 0, "141->140": 0, "140->142": 0, "142->140": 0, "142->143": 0, "143->142": 0, "142->144": 0, "144->142": 0, "140->145": 0, "145->140": 0, "128->146": 0, "146->128": 0, "146->147": 0, "147->146": 0, "147->148": 0, "148->147": 0, "147->149": 0, "149->147": 0, "149->150": 0, "150->149": 0, "149->151": 0, "151->149": 0, "147->152": 0, "152->147": 0, "85->153": 0, "153->85": 0, "153->154": 0, "154->153": 0, "154->155": 0, "155->154": 0, "154->156": 0, "156->154": 0, "156->157": 0, "157->156": 0, "156->158": 0, "158->156": 0, "154->159": 0, "159->154": 0, "50->160": 0, "160->50": 0, "160->161": 0, "161->160": 0, "161->162": 0, "162->161": 0, "162->163": 0, "163->162": 0, "163->164": 0, "164->163": 0, "161->165": 0, "165->161": 0, "165->166": 0, "166->165": 0, "165->167": 0, "167->165": 0, "167->168": 0, "168->167": 0, "168->169": 0, "169->168": 0, "167->170": 0, "170->167": 0, "170->171": 0, "171->170": 0, "165->172": 0, "172->165": 0, "172->173": 0, "173->172": 0, "173->174": 0, "174->173": 0, "172->175": 0, "175->172": 0, "175->176": 0, "176->175": 0, "165->177": 0, "177->165": 0, "177->178": 0, "178->177": 0, "165->179": 0, "179->165": 0, "179->180": 0, "180->179": 0, "165->181": 0, "181->165": 0, "161->182": 0, "182->161": 0, "50->183": 0, "183->50": 0, "183->184": 0, "184->183": 0, "184->185": 0, "185->184": 0, "184->186": 0, "186->184": 0, "186->187": 0, "187->186": 0, "187->188": 0, "188->187": 0, "184->189": 0, "189->184": 0, "189->190": 0, "190->189": 0, "183->191": 0, "191->183": 0, "191->192": 0, "192->191": 0, "192->193": 0, "193->192": 0, "193->194": 0, "194->193": 0, "193->195": 0, "195->193": 0, "195->196": 0, "196->195": 0, "192->197": 0, "197->192": 0, "197->198": 0, "198->197": 0, "197->199": 0, "199->197": 0, "199->200": 0, "200->199": 0, "199->201": 0, "201->199": 0, "191->202": 0, "202->191": 0, "202->203": 0, "203->202": 0, "203->204": 0, "204->203": 0, "203->205": 0, "205->203": 0, "205->206": 0, "206->205": 0, "206->207": 0, "207->206": 0, "205->208": 0, "208->205": 0, "208->209": 0, "209->208": 0, "203->210": 0, "210->203": 0, "191->211": 0, "211->191": 0, "211->212": 0, "212->211": 0, "212->213": 0, "213->212": 0, "212->214": 0, "214->212": 0, "214->215": 0, "215->214": 0, "214->216": 0, "216->214": 0, "212->217": 0, "217->212": 0, "50->218": 0, "218->50": 0, "218->219": 0, "219->218": 0, "219->220": 0, "220->219": 0, "218->221": 0, "221->218": 0, "221->222": 0, "222->221": 0, "221->223": 0, "223->221": 0, "223->224": 0, "224->223": 0, "223->225": 0, "225->223": 0, "50->226": 0, "226->50": 0, "226->227": 0, "227->226": 0, "227->228": 0, "228->227": 0, "226->229": 0, "229->226": 0, "229->230": 0, "230->229": 0, "229->231": 0, "231->229": 0, "231->232": 0, "232->231": 0, "232->233": 0, "233->232": 0, "231->234": 0, "234->231": 0, "234->235": 0, "235->234": 0, "231->236": 0, "236->231": 0, "50->237": 0, "237->50": 0, "237->238": 0, "238->237": 0, "238->239": 0, "239->238": 0, "239->240": 0, "240->239": 0, "238->241": 0, "241->238": 0, "241->242": 0, "242->241": 0, "242->243": 0, "243->242": 0, "241->244": 0, "244->241": 0, "244->245": 0, "245->244": 0, "244->246": 0, "246->244": 0, "246->247": 0, "247->246": 0, "244->248": 0, "248->244": 0, "241->249": 0, "249->241": 0, "249->250": 0, "250->249": 0, "250->251": 0, "251->250": 0, "238->252": 0, "252->238": 0, "50->253": 0, "253->50": 0, "253->254": 0, "254->253": 0, "254->255": 0, "255->254": 0, "254->256": 0, "256->254": 0, "253->257": 0, "257->253": 0, "257->258": 0, "258->257": 0, "258->259": 0, "259->258": 0, "259->260": 0, "260->259": 0, "260->261": 0, "261->260": 0, "259->262": 0, "262->259": 0, "262->263": 0, "263->262": 0, "263->264": 0, "264->263": 0, "262->265": 0, "265->262": 0, "259->266": 0, "266->259": 0, "50->267": 0, "267->50": 0, "267->268": 0, "268->267": 0, "268->269": 0, "269->268": 0, "268->270": 0, "270->268": 0, "267->271": 0, "271->267": 0, "271->272": 0, "272->271": 0, "272->273": 0, "273->272": 0, "272->274": 0, "274->272": 0, "274->275": 0, "275->274": 0, "274->276": 0, "276->274": 0, "276->277": 0, "277->276": 0, "274->278": 0, "278->274": 0, "278->279": 0, "279->278": 0, "272->280": 0, "280->272": 0, "0->281": 0, "281->0": 0, "281->282": 0, "282->281": 0, "282->283": 0, "283->282": 0, "283->284": 0, "284->283": 0, "284->285": 0, "285->284": 0, "282->286": 0, "286->282": 0, "286->287": 0, "287->286": 0, "282->288": 0, "288->282": 0, "1->4": 1, "4->1": 12, "4->5": 1, "5->4": 12, "5->9": 1, "9->5": 12, "9->15": 1, "15->9": 12, "15->19": 1, "19->15": 12, "19->23": 1, "23->19": 12, "23->28": 1, "28->23": 12, "28->43": 1, "43->28": 12, "43->50": 1, "50->43": 12, "50->281": 1, "281->50": 12, "2->3": 2, "3->2": 3, "6->8": 1, "8->6": 12, "10->12": 1, "12->10": 12, "12->14": 1, "14->12": 12, "16->18": 1, "18->16": 12, "20->22": 1, "22->20": 12, "24->27": 6, "27->24": 6, "29->35": 6, "35->29": 6, "30->31": 1, "31->30": 12, "31->33": 1, "33->31": 12, "37->40": 1, "40->37": 12, "40->42": 1, "42->40": 12, "44->46": 1, "46->44": 12, "47->48": 1, "48->47": 12, "51->61": 1, "61->51": 12, "61->71": 1, "71->61": 12, "71->78": 1, "78->71": 12, "78->160": 1, "160->78": 12, "160->183": 1, "183->160": 12, "183->218": 1, "218->183": 12, "218->226": 1, "226->218": 12, "226->237": 1, "237->226": 12, "237->253": 1, "253->237": 12, "253->267": 1, "267->253": 12, "52->56": 1, "56->52": 12, "53->54": 1, "54->53": 12, "57->58": 1, "58->57": 12, "59->60": 2, "60->59": 3, "62->64": 1, "64->62": 12, "65->66": 1, "66->65": 12, "67->69": 1, "69->67": 12, "73->74": 1, "74->73": 12, "74->77": 1, "77->74": 12, "79->85": 6, "85->79": 6, "80->81": 1, "81->80": 12, "81->83": 1, "83->81": 12, "86->96": 10, "96->86": 11, "96->105": 10, "105->96": 11, "105->111": 10, "111->105": 11, "111->121": 10, "121->111": 11, "121->153": 10, "153->121": 11, "87->91": 1, "91->87": 12, "88->89": 1, "89->88": 12, "92->93": 1, "93->92": 12, "94->95": 2, "95->94": 3, "98->99": 1, "99->98": 12, "99->104": 1, "104->99": 12, "100->101": 1, "101->100": 12, "101->103": 1, "103->101": 12, "107->108": 1, "108->107": 12, "108->110": 1, "110->108": 12, "113->114": 1, "114->113": 12, "114->120": 1, "120->114": 12, "115->116": 1, "116->115": 12, "116->118": 1, "118->116": 12, "122->128": 6, "128->122": 6, "123->124": 1, "124->123": 12, "124->126": 1, "126->124": 12, "129->139": 10, "139->129": 11, "139->146": 10, "146->139": 11, "130->132": 1, "132->130": 12, "133->134": 1, "134->133": 12, "135->137": 1, "137->135": 12, "141->142": 1, "142->141": 12, "142->145": 1, "145->142": 12, "143->144": 2, "144->143": 3, "148->149": 1, "149->148": 12, "149->152": 1, "152->149": 12, "150->151": 2, "151->150": 3, "155->156": 1, "156->155": 12, "156->159": 1, "159->156": 12, "157->158": 2, "158->157": 3, "162->165": 1, "165->162": 12, "165->182": 1, "182->165": 12, "166->167": 1, "167->166": 12, "167->172": 1, "172->167": 12, "172->177": 1, "177->172": 12, "177->179": 1, "179->177": 12, "179->181": 1, "181->179": 12, "168->170": 1, "170->168": 12, "173->175": 1, "175->173": 12, "184->191": 6, "191->184": 6, "185->186": 1, "186->185": 12, "186->189": 1, "189->186": 12, "192->202": 10, "202->192": 11, "202->211": 10, "211->202": 11, "193->197": 1, "197->193": 12, "194->195": 1, "195->194": 12, "198->199": 1, "199->198": 12, "200->201": 2, "201->200": 3, "204->205": 1, "205->204": 12, "205->210": 1, "210->205": 12, "206->208": 1, "208->206": 12, "213->214": 1, "214->213": 12, "214->217": 1, "217->214": 12, "215->216": 2, "216->215": 3, "219->221": 1, "221->219": 12, "222->223": 1, "223->222": 12, "224->225": 2, "225->224": 3, "227->229": 1, "229->227": 12, "230->231": 1, "231->230": 12, "232->234": 1, "234->232": 12, "234->236": 1, "236->234": 12, "239->241": 1, "241->239": 12, "241->252": 1, "252->241": 12, "242->244": 1, "244->242": 12, "244->249": 1, "249->244": 12, "245->246": 1, "246->245": 12, "246->248": 1, "248->246": 12, "254->257": 6, "257->254": 6, "255->256": 2, "256->255": 3, "260->262": 1, "262->260": 12, "262->266": 1, "266->262": 12, "263->265": 1, "265->263": 12, "268->271": 1, "271->268": 12, "269->270": 2, "270->269": 3, "273->274": 1, "274->273": 12, "274->280": 1, "280->274": 12, "275->276": 1, "276->275": 12, "276->278": 1, "278->276": 12, "283->286": 1, "286->283": 12, "286->288": 1, "288->286": 12, "3->4": 2, "4->3": 3, "4->7": 2, "7->4": 3, "7->8": 2, "8->7": 3, "8->11": 2, "11->8": 3, "11->13": 2, "13->11": 3, "13->14": 2, "14->13": 3, "14->17": 2, "17->14": 3, "17->18": 2, "18->17": 3, "18->21": 2, "21->18": 3, "21->22": 2, "22->21": 3, "22->26": 2, "26->22": 3, "26->27": 2, "27->26": 3, "27->30": 2, "30->27": 3, "30->32": 2, "32->30": 3, "32->34": 2, "34->32": 3, "34->39": 2, "39->34": 3, "39->41": 2, "41->39": 3, "41->42": 2, "42->41": 3, "42->45": 2, "45->42": 3, "45->47": 2, "47->45": 3, "47->49": 2, "49->47": 3, "49->53": 2, "53->49": 3, "53->55": 2, "55->53": 3, "55->57": 2, "57->55": 3, "57->59": 2, "59->57": 3, "60->63": 2, "63->60": 3, "63->65": 2, "65->63": 3, "65->68": 2, "68->65": 3, "68->70": 2, "70->68": 3, "70->73": 2, "73->70": 3, "73->76": 2, "76->73": 3, "76->77": 2, "77->76": 3, "77->80": 2, "80->77": 3, "80->82": 2, "82->80": 3, "82->84": 2, "84->82": 3, "84->88": 2, "88->84": 3, "88->90": 2, "90->88": 3, "90->92": 2, "92->90": 3, "92->94": 2, "94->92": 3, "95->98": 2, "98->95": 3, "98->100": 2, "100->98": 3, "100->102": 2, "102->100": 3, "102->103": 2, "103->102": 3, "103->104": 2, "104->103": 3, "104->107": 2, "107->104": 3, "107->109": 2, "109->107": 3, "109->110": 2, "110->109": 3, "110->113": 2, "113->110": 3, "113->115": 2, "115->113": 3, "115->117": 2, "117->115": 3, "117->119": 2, "119->117": 3, "119->120": 2, "120->119": 3, "120->123": 2, "123->120": 3, "123->125": 2, "125->123": 3, "125->127": 2, "127->125": 3, "127->131": 2, "131->127": 3, "131->133": 2, "133->131": 3, "133->136": 2, "136->133": 3, "136->138": 2, "138->136": 3, "138->141": 2, "141->138": 3, "141->143": 2, "143->141": 3, "144->145": 2, "145->144": 3, "145->148": 2, "148->145": 3, "148->150": 2, "150->148": 3, "151->152": 2, "152->151": 3, "152->155": 2, "155->152": 3, "155->157": 2, "157->155": 3, "158->159": 2, "159->158": 3, "159->164": 2, "164->159": 3, "164->166": 2, "166->164": 3, "166->169": 2, "169->166": 3, "169->171": 2, "171->169": 3, "171->174": 2, "174->171": 3, "174->176": 2, "176->174": 3, "176->178": 2, "178->176": 3, "178->180": 2, "180->178": 3, "180->181": 2, "181->180": 3, "181->182": 2, "182->181": 3, "182->185": 2, "185->182": 3, "185->188": 2, "188->185": 3, "188->190": 2, "190->188": 3, "190->194": 2, "194->190": 3, "194->196": 2, "196->194": 3, "196->198": 2, "198->196": 3, "198->200": 2, "200->198": 3, "201->204": 2, "204->201": 3, "204->207": 2, "207->204": 3, "207->209": 2, "209->207": 3, "209->210": 2, "210->209": 3, "210->213": 2, "213->210": 3, "213->215": 2, "215->213": 3, "216->217": 2, "217->216": 3, "217->220": 2, "220->217": 3, "220->222": 2, "222->220": 3, "222->224": 2, "224->222": 3, "225->228": 2, "228->225": 3, "228->230": 2, "230->228": 3, "230->233": 2, "233->230": 3, "233->235": 2, "235->233": 3, "235->236": 2, "236->235": 3, "236->240": 2, "240->236": 3, "240->243": 2, "243->240": 3, "243->245": 2, "245->243": 3, "245->247": 2, "247->245": 3, "247->248": 2, "248->247": 3, "248->251": 2, "251->248": 3, "251->252": 2, "252->251": 3, "252->255": 2, "255->252": 3, "256->261": 2, "261->256": 3, "261->264": 4, "264->261": 5, "264->265": 2, "265->264": 3, "265->266": 2, "266->265": 3, "266->269": 2, "269->266": 3, "270->273": 2, "273->270": 3, "273->275": 2, "275->273": 3, "275->277": 2, "277->275": 3, "277->279": 2, "279->277": 3, "279->280": 2, "280->279": 3, "280->285": 2, "285->280": 3, "285->287": 2, "287->285": 3, "287->288": 2, "288->287": 3, "26->39": 4, "39->26": 5, "32->82": 4, "82->32": 5, "82->117": 4, "117->82": 5, "117->125": 4, "125->117": 5, "125->138": 4, "138->125": 5, "164->188": 4, "188->164": 5, "188->207": 4, "207->188": 5, "207->251": 4, "251->207": 5, "169->174": 4, "174->169": 5, "240->261": 4, "261->240": 5, "264->287": 4, "287->264": 5}, "metrics": [38.0, 7.0, 4.0]}