{"nodelist": ["MethodDeclaration", "{'public'}", "public", "onError", "FormalParameter", "ReferenceType", "Exception", "e", "LocalVariableDeclaration", "BasicType", "byte", "VariableDeclarator", "msgType", "MemberReference", "org.apache.thrift.protocol.TMessageType", "REPLY", "LocalVariableDeclaration", "ReferenceType", "org", "ReferenceType", "apache", "ReferenceType", "thrift", "ReferenceType", "TBase", "VariableDeclarator", "msg", "LocalVariableDeclaration", "ReferenceType", "get_result", "VariableDeclarator", "result", "ClassCreator", "ReferenceType", "get_result", "IfStatement", "BinaryOperation", "instanceof", "MemberReference", "e", "ReferenceType", "IOError", "BlockStatement", "StatementExpression", "Assignment", "MemberReference", "result", "io", "Cast", "ReferenceType", "IOError", "MemberReference", "e", "=", "StatementExpression", "MethodInvocation", "result", "Literal", "true", "setIoIsSet", "StatementExpression", "Assignment", "MemberReference", "msg", "MemberReference", "result", "=", "BlockStatement", "StatementExpression", "Assignment", "MemberReference", "msgType", "MemberReference", "org.apache.thrift.protocol.TMessageType", "EXCEPTION", "=", "StatementExpression", "Assignment", "MemberReference", "msg", "Cast", "ReferenceType", "org", "ReferenceType", "apache", "ReferenceType", "thrift", "ReferenceType", "TBase", "ClassCreator", "ReferenceType", "org", "ReferenceType", "apache", "ReferenceType", "thrift", "ReferenceType", "TApplicationException", "MemberReference", "org.apache.thrift.TApplicationException", "INTERNAL_ERROR", "MethodInvocation", "e", "getMessage", "=", "TryStatement", "StatementExpression", "MethodInvocation", "fcall", "MemberReference", "fb", "MemberReference", "msg", "MemberReference", "msgType", "MemberReference", "seqid", "sendResponse", "ReturnStatement", "CatchClause", "CatchClauseParameter", "Exception", "ex", "StatementExpression", "MethodInvocation", "LOGGER", "Literal", "\"Exception writing to internal frame buffer\"", "MemberReference", "ex", "error", "StatementExpression", "MethodInvocation", "fb", "close"], "nodes": {"0": "MethodDeclaration", "1": "Modifier", "2": "public", "3": "onError", "4": "FormalParameter", "5": "ReferenceType", "6": "Exception", "7": "e", "8": "LocalVariableDeclaration", "9": "BasicType", "10": "byte", "11": "VariableDeclarator", "12": "msgType", "13": "MemberReference", "14": "org.apache.thrift.protocol.TMessageType", "15": "REPLY", "16": "LocalVariableDeclaration", "17": "ReferenceType", "18": "org", "19": "ReferenceType", "20": "apache", "21": "ReferenceType", "22": "thrift", "23": "ReferenceType", "24": "TBase", "25": "VariableDeclarator", "26": "msg", "27": "LocalVariableDeclaration", "28": "ReferenceType", "29": "get_result", "30": "VariableDeclarator", "31": "result", "32": "ClassCreator", "33": "ReferenceType", "34": "get_result", "35": "IfStatement", "36": "BinaryOperation", "37": "instanceof", "38": "MemberReference", "39": "e", "40": "ReferenceType", "41": "IOError", "42": "BlockStatement", "43": "StatementExpression", "44": "Assignment", "45": "MemberReference", "46": "result", "47": "io", "48": "Cast", "49": "ReferenceType", "50": "IOError", "51": "MemberReference", "52": "e", "53": "=", "54": "StatementExpression", "55": "MethodInvocation", "56": "result", "57": "Literal", "58": "true", "59": "setIoIsSet", "60": "StatementExpression", "61": "Assignment", "62": "MemberReference", "63": "msg", "64": "MemberReference", "65": "result", "66": "=", "67": "BlockStatement", "68": "StatementExpression", "69": "Assignment", "70": "MemberReference", "71": "msgType", "72": "MemberReference", "73": "org.apache.thrift.protocol.TMessageType", "74": "EXCEPTION", "75": "=", "76": "StatementExpression", "77": "Assignment", "78": "MemberReference", "79": "msg", "80": "Cast", "81": "ReferenceType", "82": "org", "83": "ReferenceType", "84": "apache", "85": "ReferenceType", "86": "thrift", "87": "ReferenceType", "88": "TBase", "89": "ClassCreator", "90": "ReferenceType", "91": "org", "92": "ReferenceType", "93": "apache", "94": "ReferenceType", "95": "thrift", "96": "ReferenceType", "97": "TApplicationException", "98": "MemberReference", "99": "org.apache.thrift.TApplicationException", "100": "INTERNAL_ERROR", "101": "MethodInvocation", "102": "e", "103": "getMessage", "104": "=", "105": "TryStatement", "106": "StatementExpression", "107": "MethodInvocation", "108": "fcall", "109": "MemberReference", "110": "fb", "111": "MemberReference", "112": "msg", "113": "MemberReference", "114": "msgType", "115": "MemberReference", "116": "seqid", "117": "sendResponse", "118": "ReturnStatement", "119": "CatchClause", "120": "CatchClauseParameter", "121": "Exception", "122": "ex", "123": "StatementExpression", "124": "MethodInvocation", "125": "LOGGER", "126": "Literal", "127": "\"Exception writing to internal frame buffer\"", "128": "MemberReference", "129": "ex", "130": "error", "131": "StatementExpression", "132": "MethodInvocation", "133": "fb", "134": "close"}, "edges": {"0->1": 0, "1->0": 0, "1->2": 0, "2->1": 0, "0->3": 0, "3->0": 0, "0->4": 0, "4->0": 0, "4->5": 0, "5->4": 0, "5->6": 0, "6->5": 0, "4->7": 0, "7->4": 0, "0->8": 0, "8->0": 0, "8->9": 0, "9->8": 0, "9->10": 0, "10->9": 0, "8->11": 0, "11->8": 0, "11->12": 0, "12->11": 0, "11->13": 0, "13->11": 0, "13->14": 0, "14->13": 0, "13->15": 0, "15->13": 0, "0->16": 0, "16->0": 0, "16->17": 0, "17->16": 0, "17->18": 0, "18->17": 0, "17->19": 0, "19->17": 0, "19->20": 0, "20->19": 0, "19->21": 0, "21->19": 0, "21->22": 0, "22->21": 0, "21->23": 0, "23->21": 0, "23->24": 0, "24->23": 0, "16->25": 0, "25->16": 0, "25->26": 0, "26->25": 0, "0->27": 0, "27->0": 0, "27->28": 0, "28->27": 0, "28->29": 0, "29->28": 0, "27->30": 0, "30->27": 0, "30->31": 0, "31->30": 0, "30->32": 0, "32->30": 0, "32->33": 0, "33->32": 0, "33->34": 0, "34->33": 0, "0->35": 0, "35->0": 0, "35->36": 0, "36->35": 0, "36->37": 0, "37->36": 0, "36->38": 0, "38->36": 0, "38->39": 0, "39->38": 0, "36->40": 0, "40->36": 0, "40->41": 0, "41->40": 0, "35->42": 0, "42->35": 0, "42->43": 0, "43->42": 0, "43->44": 0, "44->43": 0, "44->45": 0, "45->44": 0, "45->46": 0, "46->45": 0, "45->47": 0, "47->45": 0, "44->48": 0, "48->44": 0, "48->49": 0, "49->48": 0, "49->50": 0, "50->49": 0, "48->51": 0, "51->48": 0, "51->52": 0, "52->51": 0, "44->53": 0, "53->44": 0, "42->54": 0, "54->42": 0, "54->55": 0, "55->54": 0, "55->56": 0, "56->55": 0, "55->57": 0, "57->55": 0, "57->58": 0, "58->57": 0, "55->59": 0, "59->55": 0, "42->60": 0, "60->42": 0, "60->61": 0, "61->60": 0, "61->62": 0, "62->61": 0, "62->63": 0, "63->62": 0, "61->64": 0, "64->61": 0, "64->65": 0, "65->64": 0, "61->66": 0, "66->61": 0, "35->67": 0, "67->35": 0, "67->68": 0, "68->67": 0, "68->69": 0, "69->68": 0, "69->70": 0, "70->69": 0, "70->71": 0, "71->70": 0, "69->72": 0, "72->69": 0, "72->73": 0, "73->72": 0, "72->74": 0, "74->72": 0, "69->75": 0, "75->69": 0, "67->76": 0, "76->67": 0, "76->77": 0, "77->76": 0, "77->78": 0, "78->77": 0, "78->79": 0, "79->78": 0, "77->80": 0, "80->77": 0, "80->81": 0, "81->80": 0, "81->82": 0, "82->81": 0, "81->83": 0, "83->81": 0, "83->84": 0, "84->83": 0, "83->85": 0, "85->83": 0, "85->86": 0, "86->85": 0, "85->87": 0, "87->85": 0, "87->88": 0, "88->87": 0, "80->89": 0, "89->80": 0, "89->90": 0, "90->89": 0, "90->91": 0, "91->90": 0, "90->92": 0, "92->90": 0, "92->93": 0, "93->92": 0, "92->94": 0, "94->92": 0, "94->95": 0, "95->94": 0, "94->96": 0, "96->94": 0, "96->97": 0, "97->96": 0, "89->98": 0, "98->89": 0, "98->99": 0, "99->98": 0, "98->100": 0, "100->98": 0, "89->101": 0, "101->89": 0, "101->102": 0, "102->101": 0, "101->103": 0, "103->101": 0, "77->104": 0, "104->77": 0, "0->105": 0, "105->0": 0, "105->106": 0, "106->105": 0, "106->107": 0, "107->106": 0, "107->108": 0, "108->107": 0, "107->109": 0, "109->107": 0, "109->110": 0, "110->109": 0, "107->111": 0, "111->107": 0, "111->112": 0, "112->111": 0, "107->113": 0, "113->107": 0, "113->114": 0, "114->113": 0, "107->115": 0, "115->107": 0, "115->116": 0, "116->115": 0, "107->117": 0, "117->107": 0, "105->118": 0, "118->105": 0, "105->119": 0, "119->105": 0, "119->120": 0, "120->119": 0, "120->121": 0, "121->120": 0, "120->122": 0, "122->120": 0, "119->123": 0, "123->119": 0, "123->124": 0, "124->123": 0, "124->125": 0, "125->124": 0, "124->126": 0, "126->124": 0, "126->127": 0, "127->126": 0, "124->128": 0, "128->124": 0, "128->129": 0, "129->128": 0, "124->130": 0, "130->124": 0, "0->131": 0, "131->0": 0, "131->132": 0, "132->131": 0, "132->133": 0, "133->132": 0, "132->134": 0, "134->132": 0, "1->3": 1, "3->1": 12, "3->4": 1, "4->3": 12, "4->8": 1, "8->4": 12, "8->16": 1, "16->8": 12, "16->27": 1, "27->16": 12, "27->35": 1, "35->27": 12, "35->105": 1, "105->35": 12, "105->131": 1, "131->105": 12, "5->7": 1, "7->5": 12, "9->11": 1, "11->9": 12, "12->13": 1, "13->12": 12, "14->15": 2, "15->14": 3, "17->25": 1, "25->17": 12, "18->19": 1, "19->18": 12, "20->21": 1, "21->20": 12, "22->23": 1, "23->22": 12, "28->30": 1, "30->28": 12, "31->32": 1, "32->31": 12, "36->42": 6, "42->36": 6, "42->67": 1, "67->42": 12, "37->38": 1, "38->37": 12, "38->40": 1, "40->38": 12, "43->54": 10, "54->43": 11, "54->60": 10, "60->54": 11, "45->48": 1, "48->45": 12, "48->53": 1, "53->48": 12, "46->47": 2, "47->46": 3, "49->51": 1, "51->49": 12, "56->57": 1, "57->56": 12, "57->59": 1, "59->57": 12, "62->64": 1, "64->62": 12, "64->66": 1, "66->64": 12, "68->76": 10, "76->68": 11, "70->72": 1, "72->70": 12, "72->75": 1, "75->72": 12, "73->74": 2, "74->73": 3, "78->80": 1, "80->78": 12, "80->104": 1, "104->80": 12, "81->89": 1, "89->81": 12, "82->83": 1, "83->82": 12, "84->85": 1, "85->84": 12, "86->87": 1, "87->86": 12, "90->98": 1, "98->90": 12, "98->101": 1, "101->98": 12, "91->92": 1, "92->91": 12, "93->94": 1, "94->93": 12, "95->96": 1, "96->95": 12, "99->100": 2, "100->99": 3, "102->103": 2, "103->102": 3, "106->118": 1, "118->106": 12, "118->119": 1, "119->118": 12, "108->109": 1, "109->108": 12, "109->111": 1, "111->109": 12, "111->113": 1, "113->111": 12, "113->115": 1, "115->113": 12, "115->117": 1, "117->115": 12, "120->123": 1, "123->120": 12, "121->122": 2, "122->121": 3, "125->126": 1, "126->125": 12, "126->128": 1, "128->126": 12, "128->130": 1, "130->128": 12, "133->134": 2, "134->133": 3, "36->67": 7, "67->36": 7, "2->3": 2, "3->2": 3, "3->6": 2, "6->3": 3, "6->7": 2, "7->6": 3, "7->10": 2, "10->7": 3, "10->12": 2, "12->10": 3, "12->14": 2, "14->12": 3, "15->18": 2, "18->15": 3, "18->20": 2, "20->18": 3, "20->22": 2, "22->20": 3, "22->24": 2, "24->22": 3, "24->26": 2, "26->24": 3, "26->29": 2, "29->26": 3, "29->31": 2, "31->29": 3, "31->34": 2, "34->31": 3, "34->37": 2, "37->34": 3, "37->39": 2, "39->37": 3, "39->41": 2, "41->39": 3, "41->46": 2, "46->41": 3, "47->50": 2, "50->47": 3, "50->52": 2, "52->50": 3, "52->53": 2, "53->52": 3, "53->56": 2, "56->53": 3, "56->58": 2, "58->56": 3, "58->59": 2, "59->58": 3, "59->63": 2, "63->59": 3, "63->65": 2, "65->63": 3, "65->66": 2, "66->65": 3, "66->71": 2, "71->66": 3, "71->73": 2, "73->71": 3, "74->75": 2, "75->74": 3, "75->79": 2, "79->75": 3, "79->82": 2, "82->79": 3, "82->84": 2, "84->82": 3, "84->86": 2, "86->84": 3, "86->88": 2, "88->86": 3, "88->91": 2, "91->88": 3, "91->93": 2, "93->91": 3, "93->95": 2, "95->93": 3, "95->97": 2, "97->95": 3, "97->99": 2, "99->97": 3, "100->102": 2, "102->100": 3, "103->104": 2, "104->103": 3, "104->108": 2, "108->104": 3, "108->110": 2, "110->108": 3, "110->112": 2, "112->110": 3, "112->114": 2, "114->112": 3, "114->116": 2, "116->114": 3, "116->117": 2, "117->116": 3, "117->118": 2, "118->117": 3, "118->121": 2, "121->118": 3, "122->125": 2, "125->122": 3, "125->127": 2, "127->125": 3, "127->129": 2, "129->127": 3, "129->130": 2, "130->129": 3, "130->133": 2, "133->130": 3, "39->52": 4, "52->39": 5, "63->79": 4, "79->63": 5, "79->112": 4, "112->79": 5, "71->114": 4, "114->71": 5}, "metrics": [22.0, 2.0, 1.0]}