{"nodelist": ["MethodDeclaration", "{'private'}", "private", "TypeParameter", "T", "ReferenceType", "Comparable", "TypeArgument", "ReferenceType", "T", "ReferenceType", "Procedure", "TypeArgument", "?", "doPoll", "FormalParameter", "{'final'}", "final", "ReferenceType", "FairQueue", "TypeArgument", "ReferenceType", "T", "fairq", "LocalVariableDeclaration", "ReferenceType", "Queue", "TypeArgument", "ReferenceType", "T", "VariableDeclarator", "rq", "MethodInvocation", "fairq", "poll", "IfStatement", "BinaryOperation", "||", "BinaryOperation", "==", "MemberReference", "rq", "Literal", "null", "MethodInvocation", "!", "rq", "isAvailable", "BlockStatement", "ReturnStatement", "Literal", "null", "ForStatement", "ForControl", "VariableDeclaration", "BasicType", "int", "VariableDeclarator", "i", "Literal", "0", "VariableDeclarator", "n", "MethodInvocation", "rq", "size", "BinaryOperation", "<", "MemberReference", "i", "MemberReference", "n", "MemberReference", "++", "i", "BlockStatement", "LocalVariableDeclaration", "ReferenceType", "Procedure", "TypeArgument", "?", "VariableDeclarator", "proc", "MethodInvocation", "rq", "poll", "IfStatement", "MethodInvocation", "MemberReference", "proc", "MemberReference", "rq", "isLockReady", "BlockStatement", "IfStatement", "MethodInvocation", "rq", "isEmpty", "BlockStatement", "StatementExpression", "MethodInvocation", "MemberReference", "fairq", "MemberReference", "rq", "LambdaExpression", "BinaryOperation", "+", "Literal", "\"queue is empty after polling out \"", "MemberReference", "proc", "removeFromRunQueue", "ReturnStatement", "MemberReference", "proc", "StatementExpression", "MethodInvocation", "rq", "MemberReference", "proc", "Literal", "false", "add", "StatementExpression", "MethodInvocation", "MemberReference", "fairq", "MemberReference", "rq", "LambdaExpression", "Literal", "\"no procedure can be executed\"", "removeFromRunQueue", "ReturnStatement", "Literal", "null"], "nodes": {"0": "MethodDeclaration", "1": "Modifier", "2": "private", "3": "TypeParameter", "4": "T", "5": "ReferenceType", "6": "Comparable", "7": "TypeArgument", "8": "ReferenceType", "9": "T", "10": "ReferenceType", "11": "Procedure", "12": "TypeArgument", "13": "?", "14": "doPoll", "15": "FormalParameter", "16": "Modifier", "17": "final", "18": "ReferenceType", "19": "FairQueue", "20": "TypeArgument", "21": "ReferenceType", "22": "T", "23": "fairq", "24": "LocalVariableDeclaration", "25": "ReferenceType", "26": "Queue", "27": "TypeArgument", "28": "ReferenceType", "29": "T", "30": "VariableDeclarator", "31": "rq", "32": "MethodInvocation", "33": "fairq", "34": "poll", "35": "IfStatement", "36": "BinaryOperation", "37": "||", "38": "BinaryOperation", "39": "==", "40": "MemberReference", "41": "rq", "42": "Literal", "43": "null", "44": "MethodInvocation", "45": "!", "46": "rq", "47": "isAvailable", "48": "BlockStatement", "49": "ReturnStatement", "50": "Literal", "51": "null", "52": "ForStatement", "53": "ForControl", "54": "VariableDeclaration", "55": "BasicType", "56": "int", "57": "VariableDeclarator", "58": "i", "59": "Literal", "60": "0", "61": "VariableDeclarator", "62": "n", "63": "MethodInvocation", "64": "rq", "65": "size", "66": "BinaryOperation", "67": "<", "68": "MemberReference", "69": "i", "70": "MemberReference", "71": "n", "72": "MemberReference", "73": "++", "74": "i", "75": "BlockStatement", "76": "LocalVariableDeclaration", "77": "ReferenceType", "78": "Procedure", "79": "TypeArgument", "80": "?", "81": "VariableDeclarator", "82": "proc", "83": "MethodInvocation", "84": "rq", "85": "poll", "86": "IfStatement", "87": "MethodInvocation", "88": "MemberReference", "89": "proc", "90": "MemberReference", "91": "rq", "92": "isLockReady", "93": "BlockStatement", "94": "IfStatement", "95": "MethodInvocation", "96": "rq", "97": "isEmpty", "98": "BlockStatement", "99": "StatementExpression", "100": "MethodInvocation", "101": "MemberReference", "102": "fairq", "103": "MemberReference", "104": "rq", "105": "LambdaExpression", "106": "BinaryOperation", "107": "+", "108": "Literal", "109": "\"queue is empty after polling out \"", "110": "MemberReference", "111": "proc", "112": "removeFromRunQueue", "113": "ReturnStatement", "114": "MemberReference", "115": "proc", "116": "StatementExpression", "117": "MethodInvocation", "118": "rq", "119": "MemberReference", "120": "proc", "121": "Literal", "122": "false", "123": "add", "124": "StatementExpression", "125": "MethodInvocation", "126": "MemberReference", "127": "fairq", "128": "MemberReference", "129": "rq", "130": "LambdaExpression", "131": "Literal", "132": "\"no procedure can be executed\"", "133": "removeFromRunQueue", "134": "ReturnStatement", "135": "Literal", "136": "null"}, "edges": {"0->1": 0, "1->0": 0, "1->2": 0, "2->1": 0, "0->3": 0, "3->0": 0, "3->4": 0, "4->3": 0, "3->5": 0, "5->3": 0, "5->6": 0, "6->5": 0, "5->7": 0, "7->5": 0, "7->8": 0, "8->7": 0, "8->9": 0, "9->8": 0, "0->10": 0, "10->0": 0, "10->11": 0, "11->10": 0, "10->12": 0, "12->10": 0, "12->13": 0, "13->12": 0, "0->14": 0, "14->0": 0, "0->15": 0, "15->0": 0, "15->16": 0, "16->15": 0, "16->17": 0, "17->16": 0, "15->18": 0, "18->15": 0, "18->19": 0, "19->18": 0, "18->20": 0, "20->18": 0, "20->21": 0, "21->20": 0, "21->22": 0, "22->21": 0, "15->23": 0, "23->15": 0, "0->24": 0, "24->0": 0, "24->25": 0, "25->24": 0, "25->26": 0, "26->25": 0, "25->27": 0, "27->25": 0, "27->28": 0, "28->27": 0, "28->29": 0, "29->28": 0, "24->30": 0, "30->24": 0, "30->31": 0, "31->30": 0, "30->32": 0, "32->30": 0, "32->33": 0, "33->32": 0, "32->34": 0, "34->32": 0, "0->35": 0, "35->0": 0, "35->36": 0, "36->35": 0, "36->37": 0, "37->36": 0, "36->38": 0, "38->36": 0, "38->39": 0, "39->38": 0, "38->40": 0, "40->38": 0, "40->41": 0, "41->40": 0, "38->42": 0, "42->38": 0, "42->43": 0, "43->42": 0, "36->44": 0, "44->36": 0, "44->45": 0, "45->44": 0, "44->46": 0, "46->44": 0, "44->47": 0, "47->44": 0, "35->48": 0, "48->35": 0, "48->49": 0, "49->48": 0, "49->50": 0, "50->49": 0, "50->51": 0, "51->50": 0, "0->52": 0, "52->0": 0, "52->53": 0, "53->52": 0, "53->54": 0, "54->53": 0, "54->55": 0, "55->54": 0, "55->56": 0, "56->55": 0, "54->57": 0, "57->54": 0, "57->58": 0, "58->57": 0, "57->59": 0, "59->57": 0, "59->60": 0, "60->59": 0, "54->61": 0, "61->54": 0, "61->62": 0, "62->61": 0, "61->63": 0, "63->61": 0, "63->64": 0, "64->63": 0, "63->65": 0, "65->63": 0, "53->66": 0, "66->53": 0, "66->67": 0, "67->66": 0, "66->68": 0, "68->66": 0, "68->69": 0, "69->68": 0, "66->70": 0, "70->66": 0, "70->71": 0, "71->70": 0, "53->72": 0, "72->53": 0, "72->73": 0, "73->72": 0, "72->74": 0, "74->72": 0, "52->75": 0, "75->52": 0, "75->76": 0, "76->75": 0, "76->77": 0, "77->76": 0, "77->78": 0, "78->77": 0, "77->79": 0, "79->77": 0, "79->80": 0, "80->79": 0, "76->81": 0, "81->76": 0, "81->82": 0, "82->81": 0, "81->83": 0, "83->81": 0, "83->84": 0, "84->83": 0, "83->85": 0, "85->83": 0, "75->86": 0, "86->75": 0, "86->87": 0, "87->86": 0, "87->88": 0, "88->87": 0, "88->89": 0, "89->88": 0, "87->90": 0, "90->87": 0, "90->91": 0, "91->90": 0, "87->92": 0, "92->87": 0, "86->93": 0, "93->86": 0, "93->94": 0, "94->93": 0, "94->95": 0, "95->94": 0, "95->96": 0, "96->95": 0, "95->97": 0, "97->95": 0, "94->98": 0, "98->94": 0, "98->99": 0, "99->98": 0, "99->100": 0, "100->99": 0, "100->101": 0, "101->100": 0, "101->102": 0, "102->101": 0, "100->103": 0, "103->100": 0, "103->104": 0, "104->103": 0, "100->105": 0, "105->100": 0, "105->106": 0, "106->105": 0, "106->107": 0, "107->106": 0, "106->108": 0, "108->106": 0, "108->109": 0, "109->108": 0, "106->110": 0, "110->106": 0, "110->111": 0, "111->110": 0, "100->112": 0, "112->100": 0, "93->113": 0, "113->93": 0, "113->114": 0, "114->113": 0, "114->115": 0, "115->114": 0, "75->116": 0, "116->75": 0, "116->117": 0, "117->116": 0, "117->118": 0, "118->117": 0, "117->119": 0, "119->117": 0, "119->120": 0, "120->119": 0, "117->121": 0, "121->117": 0, "121->122": 0, "122->121": 0, "117->123": 0, "123->117": 0, "0->124": 0, "124->0": 0, "124->125": 0, "125->124": 0, "125->126": 0, "126->125": 0, "126->127": 0, "127->126": 0, "125->128": 0, "128->125": 0, "128->129": 0, "129->128": 0, "125->130": 0, "130->125": 0, "130->131": 0, "131->130": 0, "131->132": 0, "132->131": 0, "125->133": 0, "133->125": 0, "0->134": 0, "134->0": 0, "134->135": 0, "135->134": 0, "135->136": 0, "136->135": 0, "1->3": 1, "3->1": 12, "3->10": 1, "10->3": 12, "10->14": 1, "14->10": 12, "14->15": 1, "15->14": 12, "15->24": 1, "24->15": 12, "24->35": 1, "35->24": 12, "35->52": 1, "52->35": 12, "52->124": 1, "124->52": 12, "124->134": 1, "134->124": 12, "4->5": 1, "5->4": 12, "6->7": 1, "7->6": 12, "11->12": 1, "12->11": 12, "16->18": 1, "18->16": 12, "18->23": 1, "23->18": 12, "19->20": 1, "20->19": 12, "25->30": 1, "30->25": 12, "26->27": 1, "27->26": 12, "31->32": 1, "32->31": 12, "33->34": 2, "34->33": 3, "36->48": 6, "48->36": 6, "37->38": 1, "38->37": 12, "38->44": 1, "44->38": 12, "39->40": 1, "40->39": 12, "40->42": 1, "42->40": 12, "45->46": 2, "46->45": 3, "46->47": 2, "47->46": 3, "53->75": 9, "75->53": 9, "54->66": 1, "66->54": 12, "66->72": 1, "72->66": 12, "55->57": 1, "57->55": 12, "57->61": 1, "61->57": 12, "58->59": 1, "59->58": 12, "62->63": 1, "63->62": 12, "64->65": 2, "65->64": 3, "67->68": 1, "68->67": 12, "68->70": 1, "70->68": 12, "73->74": 2, "74->73": 3, "76->86": 10, "86->76": 11, "86->116": 10, "116->86": 11, "77->81": 1, "81->77": 12, "78->79": 1, "79->78": 12, "82->83": 1, "83->82": 12, "84->85": 2, "85->84": 3, "87->93": 6, "93->87": 6, "88->90": 1, "90->88": 12, "90->92": 1, "92->90": 12, "94->113": 10, "113->94": 11, "95->98": 6, "98->95": 6, "96->97": 2, "97->96": 3, "101->103": 1, "103->101": 12, "103->105": 1, "105->103": 12, "105->112": 1, "112->105": 12, "107->108": 1, "108->107": 12, "108->110": 1, "110->108": 12, "118->119": 1, "119->118": 12, "119->121": 1, "121->119": 12, "121->123": 1, "123->121": 12, "126->128": 1, "128->126": 12, "128->130": 1, "130->128": 12, "130->133": 1, "133->130": 12, "2->4": 2, "4->2": 3, "4->6": 2, "6->4": 3, "6->9": 2, "9->6": 3, "9->11": 2, "11->9": 3, "11->13": 2, "13->11": 3, "13->14": 2, "14->13": 3, "14->17": 2, "17->14": 3, "17->19": 2, "19->17": 3, "19->22": 2, "22->19": 3, "22->23": 2, "23->22": 3, "23->26": 2, "26->23": 3, "26->29": 2, "29->26": 3, "29->31": 2, "31->29": 3, "31->33": 2, "33->31": 3, "34->37": 2, "37->34": 3, "37->39": 2, "39->37": 3, "39->41": 2, "41->39": 3, "41->43": 2, "43->41": 3, "43->45": 2, "45->43": 3, "47->51": 2, "51->47": 3, "51->56": 2, "56->51": 3, "56->58": 2, "58->56": 3, "58->60": 2, "60->58": 3, "60->62": 2, "62->60": 3, "62->64": 2, "64->62": 3, "65->67": 2, "67->65": 3, "67->69": 2, "69->67": 3, "69->71": 2, "71->69": 3, "71->73": 2, "73->71": 3, "74->78": 2, "78->74": 3, "78->80": 2, "80->78": 3, "80->82": 2, "82->80": 3, "82->84": 2, "84->82": 3, "85->89": 2, "89->85": 3, "89->91": 2, "91->89": 3, "91->92": 2, "92->91": 3, "92->96": 2, "96->92": 3, "97->102": 2, "102->97": 3, "102->104": 2, "104->102": 3, "104->107": 2, "107->104": 3, "107->109": 2, "109->107": 3, "109->111": 2, "111->109": 3, "111->112": 2, "112->111": 3, "112->115": 2, "115->112": 3, "115->118": 2, "118->115": 3, "118->120": 2, "120->118": 3, "120->122": 2, "122->120": 3, "122->123": 2, "123->122": 3, "123->127": 2, "127->123": 3, "127->129": 2, "129->127": 3, "129->132": 2, "132->129": 3, "132->133": 2, "133->132": 3, "133->136": 2, "136->133": 3, "41->91": 4, "91->41": 5, "91->104": 4, "104->91": 5, "104->129": 4, "129->104": 5, "69->74": 4, "74->69": 5, "89->111": 4, "111->89": 5, "111->115": 4, "115->111": 5, "115->120": 4, "120->115": 5, "102->127": 4, "127->102": 5}, "metrics": [18.0, 5.0, 1.0]}