{"nodelist": ["MethodDeclaration", "{'static', 'protected'}", "static", "protected", "setTableStateToDisabling", "FormalParameter", "{'final'}", "final", "ReferenceType", "MasterProcedureEnv", "env", "FormalParameter", "{'final'}", "final", "ReferenceType", "TableName", "tableName", "HBaseException", "IOException", "StatementExpression", "MethodInvocation", "env", "MethodInvocation", "getAssignmentManager", "MethodInvocation", "getTableStateManager", "MethodInvocation", "MemberReference", "tableName", "MemberReference", "ZooKeeperProtos.Table.State", "DISABLING", "setTableState", "getMasterServices"], "nodes": {"0": "MethodDeclaration", "1": "Modifier", "2": "static", "3": "protected", "4": "setTableStateToDisabling", "5": "FormalParameter", "6": "Modifier", "7": "final", "8": "ReferenceType", "9": "MasterProcedureEnv", "10": "env", "11": "FormalParameter", "12": "Modifier", "13": "final", "14": "ReferenceType", "15": "TableName", "16": "tableName", "17": "HBaseException", "18": "IOException", "19": "StatementExpression", "20": "MethodInvocation", "21": "env", "22": "MethodInvocation", "23": "getAssignmentManager", "24": "MethodInvocation", "25": "getTableStateManager", "26": "MethodInvocation", "27": "MemberReference", "28": "tableName", "29": "MemberReference", "30": "ZooKeeperProtos.Table.State", "31": "DISABLING", "32": "setTableState", "33": "getMasterServices"}, "edges": {"0->1": 0, "1->0": 0, "1->2": 0, "2->1": 0, "1->3": 0, "3->1": 0, "0->4": 0, "4->0": 0, "0->5": 0, "5->0": 0, "5->6": 0, "6->5": 0, "6->7": 0, "7->6": 0, "5->8": 0, "8->5": 0, "8->9": 0, "9->8": 0, "5->10": 0, "10->5": 0, "0->11": 0, "11->0": 0, "11->12": 0, "12->11": 0, "12->13": 0, "13->12": 0, "11->14": 0, "14->11": 0, "14->15": 0, "15->14": 0, "11->16": 0, "16->11": 0, "0->17": 0, "17->0": 0, "0->18": 0, "18->0": 0, "0->19": 0, "19->0": 0, "19->20": 0, "20->19": 0, "20->21": 0, "21->20": 0, "20->22": 0, "22->20": 0, "22->23": 0, "23->22": 0, "20->24": 0, "24->20": 0, "24->25": 0, "25->24": 0, "20->26": 0, "26->20": 0, "26->27": 0, "27->26": 0, "27->28": 0, "28->27": 0, "26->29": 0, "29->26": 0, "29->30": 0, "30->29": 0, "29->31": 0, "31->29": 0, "26->32": 0, "32->26": 0, "20->33": 0, "33->20": 0, "1->4": 1, "4->1": 12, "4->5": 1, "5->4": 12, "5->11": 1, "11->5": 12, "11->17": 1, "17->11": 12, "17->18": 2, "18->17": 3, "18->19": 1, "19->18": 12, "2->3": 2, "3->2": 3, "6->8": 1, "8->6": 12, "8->10": 1, "10->8": 12, "12->14": 1, "14->12": 12, "14->16": 1, "16->14": 12, "21->22": 1, "22->21": 12, "22->24": 1, "24->22": 12, "24->26": 1, "26->24": 12, "26->33": 1, "33->26": 12, "27->29": 1, "29->27": 12, "29->32": 1, "32->29": 12, "30->31": 2, "31->30": 3, "3->4": 2, "4->3": 3, "4->7": 2, "7->4": 3, "7->9": 2, "9->7": 3, "9->10": 2, "10->9": 3, "10->13": 2, "13->10": 3, "13->15": 2, "15->13": 3, "15->16": 2, "16->15": 3, "16->17": 2, "17->16": 3, "18->21": 2, "21->18": 3, "21->23": 2, "23->21": 3, "23->25": 2, "25->23": 3, "25->28": 2, "28->25": 3, "28->30": 2, "30->28": 3, "31->32": 2, "32->31": 3, "32->33": 2, "33->32": 3}, "metrics": [3.0, 1.0, 2.0]}