{"nodelist": ["MethodDeclaration", "{'public'}", "public", "publishReadTiming", "FormalParameter", "ReferenceType", "ServerName", "serverName", "FormalParameter", "ReferenceType", "RegionInfo", "region", "FormalParameter", "ReferenceType", "ColumnFamilyDescriptor", "column", "FormalParameter", "BasicType", "long", "msTime", "StatementExpression", "MethodInvocation", "LOG", "Literal", "\"Read from {} on {} {} in {}ms\"", "MethodInvocation", "region", "getRegionNameAsString", "MemberReference", "serverName", "MethodInvocation", "column", "getNameAsString", "MemberReference", "msTime", "info"], "nodes": {"0": "MethodDeclaration", "1": "Modifier", "2": "public", "3": "publishReadTiming", "4": "FormalParameter", "5": "ReferenceType", "6": "ServerName", "7": "serverName", "8": "FormalParameter", "9": "ReferenceType", "10": "RegionInfo", "11": "region", "12": "FormalParameter", "13": "ReferenceType", "14": "ColumnFamilyDescriptor", "15": "column", "16": "FormalParameter", "17": "BasicType", "18": "long", "19": "msTime", "20": "StatementExpression", "21": "MethodInvocation", "22": "LOG", "23": "Literal", "24": "\"Read from {} on {} {} in {}ms\"", "25": "MethodInvocation", "26": "region", "27": "getRegionNameAsString", "28": "MemberReference", "29": "serverName", "30": "MethodInvocation", "31": "column", "32": "getNameAsString", "33": "MemberReference", "34": "msTime", "35": "info"}, "edges": {"0->1": 0, "1->0": 0, "1->2": 0, "2->1": 0, "0->3": 0, "3->0": 0, "0->4": 0, "4->0": 0, "4->5": 0, "5->4": 0, "5->6": 0, "6->5": 0, "4->7": 0, "7->4": 0, "0->8": 0, "8->0": 0, "8->9": 0, "9->8": 0, "9->10": 0, "10->9": 0, "8->11": 0, "11->8": 0, "0->12": 0, "12->0": 0, "12->13": 0, "13->12": 0, "13->14": 0, "14->13": 0, "12->15": 0, "15->12": 0, "0->16": 0, "16->0": 0, "16->17": 0, "17->16": 0, "17->18": 0, "18->17": 0, "16->19": 0, "19->16": 0, "0->20": 0, "20->0": 0, "20->21": 0, "21->20": 0, "21->22": 0, "22->21": 0, "21->23": 0, "23->21": 0, "23->24": 0, "24->23": 0, "21->25": 0, "25->21": 0, "25->26": 0, "26->25": 0, "25->27": 0, "27->25": 0, "21->28": 0, "28->21": 0, "28->29": 0, "29->28": 0, "21->30": 0, "30->21": 0, "30->31": 0, "31->30": 0, "30->32": 0, "32->30": 0, "21->33": 0, "33->21": 0, "33->34": 0, "34->33": 0, "21->35": 0, "35->21": 0, "1->3": 1, "3->1": 12, "3->4": 1, "4->3": 12, "4->8": 1, "8->4": 12, "8->12": 1, "12->8": 12, "12->16": 1, "16->12": 12, "16->20": 1, "20->16": 12, "5->7": 1, "7->5": 12, "9->11": 1, "11->9": 12, "13->15": 1, "15->13": 12, "17->19": 1, "19->17": 12, "22->23": 1, "23->22": 12, "23->25": 1, "25->23": 12, "25->28": 1, "28->25": 12, "28->30": 1, "30->28": 12, "30->33": 1, "33->30": 12, "33->35": 1, "35->33": 12, "26->27": 2, "27->26": 3, "31->32": 2, "32->31": 3, "2->3": 2, "3->2": 3, "3->6": 2, "6->3": 3, "6->7": 2, "7->6": 3, "7->10": 2, "10->7": 3, "10->11": 2, "11->10": 3, "11->14": 2, "14->11": 3, "14->15": 2, "15->14": 3, "15->18": 2, "18->15": 3, "18->19": 2, "19->18": 3, "19->22": 2, "22->19": 3, "22->24": 2, "24->22": 3, "24->26": 2, "26->24": 3, "27->29": 2, "29->27": 3, "29->31": 2, "31->29": 3, "32->34": 2, "34->32": 3, "34->35": 2, "35->34": 3}, "metrics": [3.0, 1.0, 4.0]}