{"nodelist": ["MethodDeclaration", "{'public'}", "public", "Annotation", "Override", "prepareDecoding", "FormalParameter", "BasicType", "int", "onDiskSizeWithoutHeader", "FormalParameter", "BasicType", "int", "uncompressedSizeWithoutHeader", "FormalParameter", "ReferenceType", "ByteBuff", "blockBufferWithoutHeader", "FormalParameter", "ReferenceType", "ByteBuff", "onDiskBlock", "IOException", "LocalVariableDeclaration", "{'final'}", "final", "ReferenceType", "ByteBuffInputStream", "VariableDeclarator", "byteBuffInputStream", "ClassCreator", "ReferenceType", "ByteBuffInputStream", "MemberReference", "onDiskBlock", "LocalVariableDeclaration", "ReferenceType", "InputStream", "VariableDeclarator", "dataInputStream", "ClassCreator", "ReferenceType", "DataInputStream", "MemberReference", "byteBuffInputStream", "TryStatement", "LocalVariableDeclaration", "ReferenceType", "Encryption", "ReferenceType", "Context", "VariableDeclarator", "cryptoContext", "MethodInvocation", "fileContext", "getEncryptionContext", "IfStatement", "BinaryOperation", "!=", "MemberReference", "cryptoContext", "MemberReference", "Encryption.Context", "NONE", "BlockStatement", "LocalVariableDeclaration", "ReferenceType", "Cipher", "VariableDeclarator", "cipher", "MethodInvocation", "cryptoContext", "getCipher", "LocalVariableDeclaration", "ReferenceType", "Decryptor", "VariableDeclarator", "decryptor", "MethodInvocation", "cipher", "getDecryptor", "StatementExpression", "MethodInvocation", "decryptor", "MethodInvocation", "cryptoContext", "getKey", "setKey", "LocalVariableDeclaration", "BasicType", "int", "VariableDeclarator", "ivLength", "MethodInvocation", "dataInputStream", "read", "IfStatement", "BinaryOperation", ">", "MemberReference", "ivLength", "Literal", "0", "BlockStatement", "LocalVariableDeclaration", "BasicType", "byte", "VariableDeclarator", "iv", "ArrayCreator", "BasicType", "byte", "MemberReference", "ivLength", "StatementExpression", "MethodInvocation", "IOUtils", "MemberReference", "dataInputStream", "MemberReference", "iv", "readFully", "StatementExpression", "MethodInvocation", "decryptor", "MemberReference", "iv", "setIv", "StatementExpression", "MethodInvocation", "decryptor", "reset", "StatementExpression", "Assignment", "MemberReference", "dataInputStream", "MethodInvocation", "decryptor", "MemberReference", "dataInputStream", "createDecryptionStream", "=", "StatementExpression", "Assignment", "MemberReference", "onDiskSizeWithoutHeader", "BinaryOperation", "+", "MemberReference", "Bytes", "SIZEOF_BYTE", "MemberReference", "ivLength", "-=", "LocalVariableDeclaration", "ReferenceType", "Compression", "ReferenceType", "Algorithm", "VariableDeclarator", "compression", "MethodInvocation", "fileContext", "getCompression", "IfStatement", "BinaryOperation", "!=", "MemberReference", "compression", "MemberReference", "Compression.Algorithm", "NONE", "BlockStatement", "StatementExpression", "MethodInvocation", "Compression", "MemberReference", "blockBufferWithoutHeader", "MemberReference", "dataInputStream", "MemberReference", "uncompressedSizeWithoutHeader", "MemberReference", "compression", "decompress", "BlockStatement", "StatementExpression", "MethodInvocation", "BlockIOUtils", "MemberReference", "dataInputStream", "MemberReference", "blockBufferWithoutHeader", "MemberReference", "onDiskSizeWithoutHeader", "readFullyWithHeapBuffer", "StatementExpression", "MethodInvocation", "byteBuffInputStream", "close", "StatementExpression", "MethodInvocation", "dataInputStream", "close"], "nodes": {"0": "MethodDeclaration", "1": "Modifier", "2": "public", "3": "Annotation", "4": "Override", "5": "prepareDecoding", "6": "FormalParameter", "7": "BasicType", "8": "int", "9": "onDiskSizeWithoutHeader", "10": "FormalParameter", "11": "BasicType", "12": "int", "13": "uncompressedSizeWithoutHeader", "14": "FormalParameter", "15": "ReferenceType", "16": "ByteBuff", "17": "blockBufferWithoutHeader", "18": "FormalParameter", "19": "ReferenceType", "20": "ByteBuff", "21": "onDiskBlock", "22": "IOException", "23": "LocalVariableDeclaration", "24": "Modifier", "25": "final", "26": "ReferenceType", "27": "ByteBuffInputStream", "28": "VariableDeclarator", "29": "byteBuffInputStream", "30": "ClassCreator", "31": "ReferenceType", "32": "ByteBuffInputStream", "33": "MemberReference", "34": "onDiskBlock", "35": "LocalVariableDeclaration", "36": "ReferenceType", "37": "InputStream", "38": "VariableDeclarator", "39": "dataInputStream", "40": "ClassCreator", "41": "ReferenceType", "42": "DataInputStream", "43": "MemberReference", "44": "byteBuffInputStream", "45": "TryStatement", "46": "LocalVariableDeclaration", "47": "ReferenceType", "48": "Encryption", "49": "ReferenceType", "50": "Context", "51": "VariableDeclarator", "52": "cryptoContext", "53": "MethodInvocation", "54": "fileContext", "55": "getEncryptionContext", "56": "IfStatement", "57": "BinaryOperation", "58": "!=", "59": "MemberReference", "60": "cryptoContext", "61": "MemberReference", "62": "Encryption.Context", "63": "NONE", "64": "BlockStatement", "65": "LocalVariableDeclaration", "66": "ReferenceType", "67": "Cipher", "68": "VariableDeclarator", "69": "cipher", "70": "MethodInvocation", "71": "cryptoContext", "72": "getCipher", "73": "LocalVariableDeclaration", "74": "ReferenceType", "75": "Decryptor", "76": "VariableDeclarator", "77": "decryptor", "78": "MethodInvocation", "79": "cipher", "80": "getDecryptor", "81": "StatementExpression", "82": "MethodInvocation", "83": "decryptor", "84": "MethodInvocation", "85": "cryptoContext", "86": "getKey", "87": "setKey", "88": "LocalVariableDeclaration", "89": "BasicType", "90": "int", "91": "VariableDeclarator", "92": "ivLength", "93": "MethodInvocation", "94": "dataInputStream", "95": "read", "96": "IfStatement", "97": "BinaryOperation", "98": ">", "99": "MemberReference", "100": "ivLength", "101": "Literal", "102": "0", "103": "BlockStatement", "104": "LocalVariableDeclaration", "105": "BasicType", "106": "byte", "107": "VariableDeclarator", "108": "iv", "109": "ArrayCreator", "110": "BasicType", "111": "byte", "112": "MemberReference", "113": "ivLength", "114": "StatementExpression", "115": "MethodInvocation", "116": "IOUtils", "117": "MemberReference", "118": "dataInputStream", "119": "MemberReference", "120": "iv", "121": "readFully", "122": "StatementExpression", "123": "MethodInvocation", "124": "decryptor", "125": "MemberReference", "126": "iv", "127": "setIv", "128": "StatementExpression", "129": "MethodInvocation", "130": "decryptor", "131": "reset", "132": "StatementExpression", "133": "Assignment", "134": "MemberReference", "135": "dataInputStream", "136": "MethodInvocation", "137": "decryptor", "138": "MemberReference", "139": "dataInputStream", "140": "createDecryptionStream", "141": "=", "142": "StatementExpression", "143": "Assignment", "144": "MemberReference", "145": "onDiskSizeWithoutHeader", "146": "BinaryOperation", "147": "+", "148": "MemberReference", "149": "Bytes", "150": "SIZEOF_BYTE", "151": "MemberReference", "152": "ivLength", "153": "-=", "154": "LocalVariableDeclaration", "155": "ReferenceType", "156": "Compression", "157": "ReferenceType", "158": "Algorithm", "159": "VariableDeclarator", "160": "compression", "161": "MethodInvocation", "162": "fileContext", "163": "getCompression", "164": "IfStatement", "165": "BinaryOperation", "166": "!=", "167": "MemberReference", "168": "compression", "169": "MemberReference", "170": "Compression.Algorithm", "171": "NONE", "172": "BlockStatement", "173": "StatementExpression", "174": "MethodInvocation", "175": "Compression", "176": "MemberReference", "177": "blockBufferWithoutHeader", "178": "MemberReference", "179": "dataInputStream", "180": "MemberReference", "181": "uncompressedSizeWithoutHeader", "182": "MemberReference", "183": "compression", "184": "decompress", "185": "BlockStatement", "186": "StatementExpression", "187": "MethodInvocation", "188": "BlockIOUtils", "189": "MemberReference", "190": "dataInputStream", "191": "MemberReference", "192": "blockBufferWithoutHeader", "193": "MemberReference", "194": "onDiskSizeWithoutHeader", "195": "readFullyWithHeapBuffer", "196": "StatementExpression", "197": "MethodInvocation", "198": "byteBuffInputStream", "199": "close", "200": "StatementExpression", "201": "MethodInvocation", "202": "dataInputStream", "203": "close"}, "edges": {"0->1": 0, "1->0": 0, "1->2": 0, "2->1": 0, "0->3": 0, "3->0": 0, "3->4": 0, "4->3": 0, "0->5": 0, "5->0": 0, "0->6": 0, "6->0": 0, "6->7": 0, "7->6": 0, "7->8": 0, "8->7": 0, "6->9": 0, "9->6": 0, "0->10": 0, "10->0": 0, "10->11": 0, "11->10": 0, "11->12": 0, "12->11": 0, "10->13": 0, "13->10": 0, "0->14": 0, "14->0": 0, "14->15": 0, "15->14": 0, "15->16": 0, "16->15": 0, "14->17": 0, "17->14": 0, "0->18": 0, "18->0": 0, "18->19": 0, "19->18": 0, "19->20": 0, "20->19": 0, "18->21": 0, "21->18": 0, "0->22": 0, "22->0": 0, "0->23": 0, "23->0": 0, "23->24": 0, "24->23": 0, "24->25": 0, "25->24": 0, "23->26": 0, "26->23": 0, "26->27": 0, "27->26": 0, "23->28": 0, "28->23": 0, "28->29": 0, "29->28": 0, "28->30": 0, "30->28": 0, "30->31": 0, "31->30": 0, "31->32": 0, "32->31": 0, "30->33": 0, "33->30": 0, "33->34": 0, "34->33": 0, "0->35": 0, "35->0": 0, "35->36": 0, "36->35": 0, "36->37": 0, "37->36": 0, "35->38": 0, "38->35": 0, "38->39": 0, "39->38": 0, "38->40": 0, "40->38": 0, "40->41": 0, "41->40": 0, "41->42": 0, "42->41": 0, "40->43": 0, "43->40": 0, "43->44": 0, "44->43": 0, "0->45": 0, "45->0": 0, "45->46": 0, "46->45": 0, "46->47": 0, "47->46": 0, "47->48": 0, "48->47": 0, "47->49": 0, "49->47": 0, "49->50": 0, "50->49": 0, "46->51": 0, "51->46": 0, "51->52": 0, "52->51": 0, "51->53": 0, "53->51": 0, "53->54": 0, "54->53": 0, "53->55": 0, "55->53": 0, "45->56": 0, "56->45": 0, "56->57": 0, "57->56": 0, "57->58": 0, "58->57": 0, "57->59": 0, "59->57": 0, "59->60": 0, "60->59": 0, "57->61": 0, "61->57": 0, "61->62": 0, "62->61": 0, "61->63": 0, "63->61": 0, "56->64": 0, "64->56": 0, "64->65": 0, "65->64": 0, "65->66": 0, "66->65": 0, "66->67": 0, "67->66": 0, "65->68": 0, "68->65": 0, "68->69": 0, "69->68": 0, "68->70": 0, "70->68": 0, "70->71": 0, "71->70": 0, "70->72": 0, "72->70": 0, "64->73": 0, "73->64": 0, "73->74": 0, "74->73": 0, "74->75": 0, "75->74": 0, "73->76": 0, "76->73": 0, "76->77": 0, "77->76": 0, "76->78": 0, "78->76": 0, "78->79": 0, "79->78": 0, "78->80": 0, "80->78": 0, "64->81": 0, "81->64": 0, "81->82": 0, "82->81": 0, "82->83": 0, "83->82": 0, "82->84": 0, "84->82": 0, "84->85": 0, "85->84": 0, "84->86": 0, "86->84": 0, "82->87": 0, "87->82": 0, "64->88": 0, "88->64": 0, "88->89": 0, "89->88": 0, "89->90": 0, "90->89": 0, "88->91": 0, "91->88": 0, "91->92": 0, "92->91": 0, "91->93": 0, "93->91": 0, "93->94": 0, "94->93": 0, "93->95": 0, "95->93": 0, "64->96": 0, "96->64": 0, "96->97": 0, "97->96": 0, "97->98": 0, "98->97": 0, "97->99": 0, "99->97": 0, "99->100": 0, "100->99": 0, "97->101": 0, "101->97": 0, "101->102": 0, "102->101": 0, "96->103": 0, "103->96": 0, "103->104": 0, "104->103": 0, "104->105": 0, "105->104": 0, "105->106": 0, "106->105": 0, "104->107": 0, "107->104": 0, "107->108": 0, "108->107": 0, "107->109": 0, "109->107": 0, "109->110": 0, "110->109": 0, "110->111": 0, "111->110": 0, "109->112": 0, "112->109": 0, "112->113": 0, "113->112": 0, "103->114": 0, "114->103": 0, "114->115": 0, "115->114": 0, "115->116": 0, "116->115": 0, "115->117": 0, "117->115": 0, "117->118": 0, "118->117": 0, "115->119": 0, "119->115": 0, "119->120": 0, "120->119": 0, "115->121": 0, "121->115": 0, "103->122": 0, "122->103": 0, "122->123": 0, "123->122": 0, "123->124": 0, "124->123": 0, "123->125": 0, "125->123": 0, "125->126": 0, "126->125": 0, "123->127": 0, "127->123": 0, "103->128": 0, "128->103": 0, "128->129": 0, "129->128": 0, "129->130": 0, "130->129": 0, "129->131": 0, "131->129": 0, "103->132": 0, "132->103": 0, "132->133": 0, "133->132": 0, "133->134": 0, "134->133": 0, "134->135": 0, "135->134": 0, "133->136": 0, "136->133": 0, "136->137": 0, "137->136": 0, "136->138": 0, "138->136": 0, "138->139": 0, "139->138": 0, "136->140": 0, "140->136": 0, "133->141": 0, "141->133": 0, "64->142": 0, "142->64": 0, "142->143": 0, "143->142": 0, "143->144": 0, "144->143": 0, "144->145": 0, "145->144": 0, "143->146": 0, "146->143": 0, "146->147": 0, "147->146": 0, "146->148": 0, "148->146": 0, "148->149": 0, "149->148": 0, "148->150": 0, "150->148": 0, "146->151": 0, "151->146": 0, "151->152": 0, "152->151": 0, "143->153": 0, "153->143": 0, "45->154": 0, "154->45": 0, "154->155": 0, "155->154": 0, "155->156": 0, "156->155": 0, "155->157": 0, "157->155": 0, "157->158": 0, "158->157": 0, "154->159": 0, "159->154": 0, "159->160": 0, "160->159": 0, "159->161": 0, "161->159": 0, "161->162": 0, "162->161": 0, "161->163": 0, "163->161": 0, "45->164": 0, "164->45": 0, "164->165": 0, "165->164": 0, "165->166": 0, "166->165": 0, "165->167": 0, "167->165": 0, "167->168": 0, "168->167": 0, "165->169": 0, "169->165": 0, "169->170": 0, "170->169": 0, "169->171": 0, "171->169": 0, "164->172": 0, "172->164": 0, "172->173": 0, "173->172": 0, "173->174": 0, "174->173": 0, "174->175": 0, "175->174": 0, "174->176": 0, "176->174": 0, "176->177": 0, "177->176": 0, "174->178": 0, "178->174": 0, "178->179": 0, "179->178": 0, "174->180": 0, "180->174": 0, "180->181": 0, "181->180": 0, "174->182": 0, "182->174": 0, "182->183": 0, "183->182": 0, "174->184": 0, "184->174": 0, "164->185": 0, "185->164": 0, "185->186": 0, "186->185": 0, "186->187": 0, "187->186": 0, "187->188": 0, "188->187": 0, "187->189": 0, "189->187": 0, "189->190": 0, "190->189": 0, "187->191": 0, "191->187": 0, "191->192": 0, "192->191": 0, "187->193": 0, "193->187": 0, "193->194": 0, "194->193": 0, "187->195": 0, "195->187": 0, "45->196": 0, "196->45": 0, "196->197": 0, "197->196": 0, "197->198": 0, "198->197": 0, "197->199": 0, "199->197": 0, "45->200": 0, "200->45": 0, "200->201": 0, "201->200": 0, "201->202": 0, "202->201": 0, "201->203": 0, "203->201": 0, "1->3": 1, "3->1": 12, "3->5": 1, "5->3": 12, "5->6": 1, "6->5": 12, "6->10": 1, "10->6": 12, "10->14": 1, "14->10": 12, "14->18": 1, "18->14": 12, "18->22": 1, "22->18": 12, "22->23": 1, "23->22": 12, "23->35": 1, "35->23": 12, "35->45": 1, "45->35": 12, "7->9": 1, "9->7": 12, "11->13": 1, "13->11": 12, "15->17": 1, "17->15": 12, "19->21": 1, "21->19": 12, "24->26": 1, "26->24": 12, "26->28": 1, "28->26": 12, "29->30": 1, "30->29": 12, "31->33": 1, "33->31": 12, "36->38": 1, "38->36": 12, "39->40": 1, "40->39": 12, "41->43": 1, "43->41": 12, "46->56": 1, "56->46": 12, "56->154": 1, "154->56": 12, "154->164": 1, "164->154": 12, "164->196": 1, "196->164": 12, "196->200": 1, "200->196": 12, "47->51": 1, "51->47": 12, "48->49": 1, "49->48": 12, "52->53": 1, "53->52": 12, "54->55": 2, "55->54": 3, "57->64": 6, "64->57": 6, "58->59": 1, "59->58": 12, "59->61": 1, "61->59": 12, "62->63": 2, "63->62": 3, "65->73": 10, "73->65": 11, "73->81": 10, "81->73": 11, "81->88": 10, "88->81": 11, "88->96": 10, "96->88": 11, "96->142": 10, "142->96": 11, "66->68": 1, "68->66": 12, "69->70": 1, "70->69": 12, "71->72": 2, "72->71": 3, "74->76": 1, "76->74": 12, "77->78": 1, "78->77": 12, "79->80": 2, "80->79": 3, "83->84": 1, "84->83": 12, "84->87": 1, "87->84": 12, "85->86": 2, "86->85": 3, "89->91": 1, "91->89": 12, "92->93": 1, "93->92": 12, "94->95": 2, "95->94": 3, "97->103": 6, "103->97": 6, "98->99": 1, "99->98": 12, "99->101": 1, "101->99": 12, "104->114": 10, "114->104": 11, "114->122": 10, "122->114": 11, "122->128": 10, "128->122": 11, "128->132": 10, "132->128": 11, "105->107": 1, "107->105": 12, "108->109": 1, "109->108": 12, "110->112": 1, "112->110": 12, "116->117": 1, "117->116": 12, "117->119": 1, "119->117": 12, "119->121": 1, "121->119": 12, "124->125": 1, "125->124": 12, "125->127": 1, "127->125": 12, "130->131": 2, "131->130": 3, "134->136": 1, "136->134": 12, "136->141": 1, "141->136": 12, "137->138": 1, "138->137": 12, "138->140": 1, "140->138": 12, "144->146": 1, "146->144": 12, "146->153": 1, "153->146": 12, "147->148": 1, "148->147": 12, "148->151": 1, "151->148": 12, "149->150": 2, "150->149": 3, "155->159": 1, "159->155": 12, "156->157": 1, "157->156": 12, "160->161": 1, "161->160": 12, "162->163": 2, "163->162": 3, "165->172": 6, "172->165": 6, "172->185": 1, "185->172": 12, "166->167": 1, "167->166": 12, "167->169": 1, "169->167": 12, "170->171": 2, "171->170": 3, "175->176": 1, "176->175": 12, "176->178": 1, "178->176": 12, "178->180": 1, "180->178": 12, "180->182": 1, "182->180": 12, "182->184": 1, "184->182": 12, "188->189": 1, "189->188": 12, "189->191": 1, "191->189": 12, "191->193": 1, "193->191": 12, "193->195": 1, "195->193": 12, "198->199": 2, "199->198": 3, "202->203": 2, "203->202": 3, "165->185": 7, "185->165": 7, "2->4": 2, "4->2": 3, "4->5": 2, "5->4": 3, "5->8": 2, "8->5": 3, "8->9": 2, "9->8": 3, "9->12": 2, "12->9": 3, "12->13": 2, "13->12": 3, "13->16": 2, "16->13": 3, "16->17": 2, "17->16": 3, "17->20": 2, "20->17": 3, "20->21": 2, "21->20": 3, "21->22": 2, "22->21": 3, "22->25": 2, "25->22": 3, "25->27": 2, "27->25": 3, "27->29": 2, "29->27": 3, "29->32": 2, "32->29": 3, "32->34": 2, "34->32": 3, "34->37": 2, "37->34": 3, "37->39": 2, "39->37": 3, "39->42": 2, "42->39": 3, "42->44": 2, "44->42": 3, "44->48": 2, "48->44": 3, "48->50": 2, "50->48": 3, "50->52": 2, "52->50": 3, "52->54": 2, "54->52": 3, "55->58": 2, "58->55": 3, "58->60": 2, "60->58": 3, "60->62": 2, "62->60": 3, "63->67": 2, "67->63": 3, "67->69": 2, "69->67": 3, "69->71": 2, "71->69": 3, "72->75": 2, "75->72": 3, "75->77": 2, "77->75": 3, "77->79": 2, "79->77": 3, "80->83": 2, "83->80": 3, "83->85": 2, "85->83": 3, "86->87": 2, "87->86": 3, "87->90": 2, "90->87": 3, "90->92": 2, "92->90": 3, "92->94": 2, "94->92": 3, "95->98": 2, "98->95": 3, "98->100": 2, "100->98": 3, "100->102": 2, "102->100": 3, "102->106": 2, "106->102": 3, "106->108": 2, "108->106": 3, "108->111": 2, "111->108": 3, "111->113": 2, "113->111": 3, "113->116": 2, "116->113": 3, "116->118": 2, "118->116": 3, "118->120": 2, "120->118": 3, "120->121": 2, "121->120": 3, "121->124": 2, "124->121": 3, "124->126": 2, "126->124": 3, "126->127": 2, "127->126": 3, "127->130": 2, "130->127": 3, "131->135": 2, "135->131": 3, "135->137": 2, "137->135": 3, "137->139": 2, "139->137": 3, "139->140": 2, "140->139": 3, "140->141": 2, "141->140": 3, "141->145": 2, "145->141": 3, "145->147": 2, "147->145": 3, "147->149": 2, "149->147": 3, "150->152": 2, "152->150": 3, "152->153": 2, "153->152": 3, "153->156": 2, "156->153": 3, "156->158": 2, "158->156": 3, "158->160": 2, "160->158": 3, "160->162": 2, "162->160": 3, "163->166": 2, "166->163": 3, "166->168": 2, "168->166": 3, "168->170": 2, "170->168": 3, "171->175": 2, "175->171": 3, "175->177": 2, "177->175": 3, "177->179": 2, "179->177": 3, "179->181": 2, "181->179": 3, "181->183": 2, "183->181": 3, "183->184": 2, "184->183": 3, "184->188": 2, "188->184": 3, "188->190": 2, "190->188": 3, "190->192": 2, "192->190": 3, "192->194": 2, "194->192": 3, "194->195": 2, "195->194": 3, "195->198": 2, "198->195": 3, "199->202": 2, "202->199": 3, "63->171": 4, "171->63": 5, "100->113": 4, "113->100": 5, "113->152": 4, "152->113": 5, "118->135": 4, "135->118": 5, "135->139": 4, "139->135": 5, "139->179": 4, "179->139": 5, "179->190": 4, "190->179": 5, "120->126": 4, "126->120": 5, "145->194": 4, "194->145": 5, "168->183": 4, "183->168": 5, "177->192": 4, "192->177": 5}, "metrics": [32.0, 4.0, 4.0]}