{"nodelist": ["MethodDeclaration", "{'public'}", "public", "ReferenceType", "org", "ReferenceType", "apache", "ReferenceType", "thrift", "ReferenceType", "async", "ReferenceType", "AsyncMethodCallback", "TypeArgument", "ReferenceType", "java", "ReferenceType", "util", "ReferenceType", "List", "TypeArgument", "ReferenceType", "TDelete", "getResultHandler", "FormalParameter", "{'final'}", "final", "ReferenceType", "org", "ReferenceType", "apache", "ReferenceType", "thrift", "ReferenceType", "server", "ReferenceType", "AbstractNonblockingServer", "ReferenceType", "AsyncFrameBuffer", "fb", "FormalParameter", "{'final'}", "final", "BasicType", "int", "seqid", "LocalVariableDeclaration", "{'final'}", "final", "ReferenceType", "org", "ReferenceType", "apache", "ReferenceType", "thrift", "ReferenceType", "AsyncProcessFunction", "VariableDeclarator", "fcall", "This", "ReturnStatement", "ClassCreator", "ReferenceType", "org", "ReferenceType", "apache", "ReferenceType", "thrift", "ReferenceType", "async", "ReferenceType", "AsyncMethodCallback", "TypeArgument", "ReferenceType", "java", "ReferenceType", "util", "ReferenceType", "List", "TypeArgument", "ReferenceType", "TDelete", "MethodDeclaration", "{'public'}", "public", "onComplete", "FormalParameter", "ReferenceType", "java", "ReferenceType", "util", "ReferenceType", "List", "TypeArgument", "ReferenceType", "TDelete", "o", "LocalVariableDeclaration", "ReferenceType", "deleteMultiple_result", "VariableDeclarator", "result", "ClassCreator", "ReferenceType", "deleteMultiple_result", "StatementExpression", "Assignment", "MemberReference", "result", "success", "MemberReference", "o", "=", "TryStatement", "StatementExpression", "MethodInvocation", "fcall", "MemberReference", "fb", "MemberReference", "result", "MemberReference", "org.apache.thrift.protocol.TMessageType", "REPLY", "MemberReference", "seqid", "sendResponse", "CatchClause", "CatchClauseParameter", "org.apache.thrift.transport.TTransportException", "e", "StatementExpression", "MethodInvocation", "_LOGGER", "Literal", "\"TTransportException writing to internal frame buffer\"", "MemberReference", "e", "error", "StatementExpression", "MethodInvocation", "fb", "close", "CatchClause", "CatchClauseParameter", "java.lang.Exception", "e", "StatementExpression", "MethodInvocation", "_LOGGER", "Literal", "\"Exception writing to internal frame buffer\"", "MemberReference", "e", "error", "StatementExpression", "MethodInvocation", "MemberReference", "e", "onError", "MethodDeclaration", "{'public'}", "public", "onError", "FormalParameter", "ReferenceType", "java", "ReferenceType", "lang", "ReferenceType", "Exception", "e", "LocalVariableDeclaration", "BasicType", "byte", "VariableDeclarator", "msgType", "MemberReference", "org.apache.thrift.protocol.TMessageType", "REPLY", "LocalVariableDeclaration", "ReferenceType", "org", "ReferenceType", "apache", "ReferenceType", "thrift", "ReferenceType", "TSerializable", "VariableDeclarator", "msg", "LocalVariableDeclaration", "ReferenceType", "deleteMultiple_result", "VariableDeclarator", "result", "ClassCreator", "ReferenceType", "deleteMultiple_result", "IfStatement", "BinaryOperation", "instanceof", "MemberReference", "e", "ReferenceType", "TIOError", "BlockStatement", "StatementExpression", "Assignment", "MemberReference", "result", "io", "Cast", "ReferenceType", "TIOError", "MemberReference", "e", "=", "StatementExpression", "MethodInvocation", "result", "Literal", "true", "setIoIsSet", "StatementExpression", "Assignment", "MemberReference", "msg", "MemberReference", "result", "=", "IfStatement", "BinaryOperation", "instanceof", "MemberReference", "e", "ReferenceType", "org", "ReferenceType", "apache", "ReferenceType", "thrift", "ReferenceType", "transport", "ReferenceType", "TTransportException", "BlockStatement", "StatementExpression", "MethodInvocation", "_LOGGER", "Literal", "\"TTransportException inside handler\"", "MemberReference", "e", "error", "StatementExpression", "MethodInvocation", "fb", "close", "ReturnStatement", "IfStatement", "BinaryOperation", "instanceof", "MemberReference", "e", "ReferenceType", "org", "ReferenceType", "apache", "ReferenceType", "thrift", "ReferenceType", "TApplicationException", "BlockStatement", "StatementExpression", "MethodInvocation", "_LOGGER", "Literal", "\"TApplicationException inside handler\"", "MemberReference", "e", "error", "StatementExpression", "Assignment", "MemberReference", "msgType", "MemberReference", "org.apache.thrift.protocol.TMessageType", "EXCEPTION", "=", "StatementExpression", "Assignment", "MemberReference", "msg", "Cast", "ReferenceType", "org", "ReferenceType", "apache", "ReferenceType", "thrift", "ReferenceType", "TApplicationException", "MemberReference", "e", "=", "BlockStatement", "StatementExpression", "MethodInvocation", "_LOGGER", "Literal", "\"Exception inside handler\"", "MemberReference", "e", "error", "StatementExpression", "Assignment", "MemberReference", "msgType", "MemberReference", "org.apache.thrift.protocol.TMessageType", "EXCEPTION", "=", "StatementExpression", "Assignment", "MemberReference", "msg", "ClassCreator", "ReferenceType", "org", "ReferenceType", "apache", "ReferenceType", "thrift", "ReferenceType", "TApplicationException", "MemberReference", "org.apache.thrift.TApplicationException", "INTERNAL_ERROR", "MethodInvocation", "e", "getMessage", "=", "TryStatement", "StatementExpression", "MethodInvocation", "fcall", "MemberReference", "fb", "MemberReference", "msg", "MemberReference", "msgType", "MemberReference", "seqid", "sendResponse", "CatchClause", "CatchClauseParameter", "java.lang.Exception", "ex", "StatementExpression", "MethodInvocation", "_LOGGER", "Literal", "\"Exception writing to internal frame buffer\"", "MemberReference", "ex", "error", "StatementExpression", "MethodInvocation", "fb", "close"], "nodes": {"0": "MethodDeclaration", "1": "Modifier", "2": "public", "3": "ReferenceType", "4": "org", "5": "ReferenceType", "6": "apache", "7": "ReferenceType", "8": "thrift", "9": "ReferenceType", "10": "async", "11": "ReferenceType", "12": "AsyncMethodCallback", "13": "TypeArgument", "14": "ReferenceType", "15": "java", "16": "ReferenceType", "17": "util", "18": "ReferenceType", "19": "List", "20": "TypeArgument", "21": "ReferenceType", "22": "TDelete", "23": "getResultHandler", "24": "FormalParameter", "25": "Modifier", "26": "final", "27": "ReferenceType", "28": "org", "29": "ReferenceType", "30": "apache", "31": "ReferenceType", "32": "thrift", "33": "ReferenceType", "34": "server", "35": "ReferenceType", "36": "AbstractNonblockingServer", "37": "ReferenceType", "38": "AsyncFrameBuffer", "39": "fb", "40": "FormalParameter", "41": "Modifier", "42": "final", "43": "BasicType", "44": "int", "45": "seqid", "46": "LocalVariableDeclaration", "47": "Modifier", "48": "final", "49": "ReferenceType", "50": "org", "51": "ReferenceType", "52": "apache", "53": "ReferenceType", "54": "thrift", "55": "ReferenceType", "56": "AsyncProcessFunction", "57": "VariableDeclarator", "58": "fcall", "59": "This", "60": "ReturnStatement", "61": "ClassCreator", "62": "ReferenceType", "63": "org", "64": "ReferenceType", "65": "apache", "66": "ReferenceType", "67": "thrift", "68": "ReferenceType", "69": "async", "70": "ReferenceType", "71": "AsyncMethodCallback", "72": "TypeArgument", "73": "ReferenceType", "74": "java", "75": "ReferenceType", "76": "util", "77": "ReferenceType", "78": "List", "79": "TypeArgument", "80": "ReferenceType", "81": "TDelete", "82": "MethodDeclaration", "83": "Modifier", "84": "public", "85": "onComplete", "86": "FormalParameter", "87": "ReferenceType", "88": "java", "89": "ReferenceType", "90": "util", "91": "ReferenceType", "92": "List", "93": "TypeArgument", "94": "ReferenceType", "95": "TDelete", "96": "o", "97": "LocalVariableDeclaration", "98": "ReferenceType", "99": "deleteMultiple_result", "100": "VariableDeclarator", "101": "result", "102": "ClassCreator", "103": "ReferenceType", "104": "deleteMultiple_result", "105": "StatementExpression", "106": "Assignment", "107": "MemberReference", "108": "result", "109": "success", "110": "MemberReference", "111": "o", "112": "=", "113": "TryStatement", "114": "StatementExpression", "115": "MethodInvocation", "116": "fcall", "117": "MemberReference", "118": "fb", "119": "MemberReference", "120": "result", "121": "MemberReference", "122": "org.apache.thrift.protocol.TMessageType", "123": "REPLY", "124": "MemberReference", "125": "seqid", "126": "sendResponse", "127": "CatchClause", "128": "CatchClauseParameter", "129": "org.apache.thrift.transport.TTransportException", "130": "e", "131": "StatementExpression", "132": "MethodInvocation", "133": "_LOGGER", "134": "Literal", "135": "\"TTransportException writing to internal frame buffer\"", "136": "MemberReference", "137": "e", "138": "error", "139": "StatementExpression", "140": "MethodInvocation", "141": "fb", "142": "close", "143": "CatchClause", "144": "CatchClauseParameter", "145": "java.lang.Exception", "146": "e", "147": "StatementExpression", "148": "MethodInvocation", "149": "_LOGGER", "150": "Literal", "151": "\"Exception writing to internal frame buffer\"", "152": "MemberReference", "153": "e", "154": "error", "155": "StatementExpression", "156": "MethodInvocation", "157": "MemberReference", "158": "e", "159": "onError", "160": "MethodDeclaration", "161": "Modifier", "162": "public", "163": "onError", "164": "FormalParameter", "165": "ReferenceType", "166": "java", "167": "ReferenceType", "168": "lang", "169": "ReferenceType", "170": "Exception", "171": "e", "172": "LocalVariableDeclaration", "173": "BasicType", "174": "byte", "175": "VariableDeclarator", "176": "msgType", "177": "MemberReference", "178": "org.apache.thrift.protocol.TMessageType", "179": "REPLY", "180": "LocalVariableDeclaration", "181": "ReferenceType", "182": "org", "183": "ReferenceType", "184": "apache", "185": "ReferenceType", "186": "thrift", "187": "ReferenceType", "188": "TSerializable", "189": "VariableDeclarator", "190": "msg", "191": "LocalVariableDeclaration", "192": "ReferenceType", "193": "deleteMultiple_result", "194": "VariableDeclarator", "195": "result", "196": "ClassCreator", "197": "ReferenceType", "198": "deleteMultiple_result", "199": "IfStatement", "200": "BinaryOperation", "201": "instanceof", "202": "MemberReference", "203": "e", "204": "ReferenceType", "205": "TIOError", "206": "BlockStatement", "207": "StatementExpression", "208": "Assignment", "209": "MemberReference", "210": "result", "211": "io", "212": "Cast", "213": "ReferenceType", "214": "TIOError", "215": "MemberReference", "216": "e", "217": "=", "218": "StatementExpression", "219": "MethodInvocation", "220": "result", "221": "Literal", "222": "true", "223": "setIoIsSet", "224": "StatementExpression", "225": "Assignment", "226": "MemberReference", "227": "msg", "228": "MemberReference", "229": "result", "230": "=", "231": "IfStatement", "232": "BinaryOperation", "233": "instanceof", "234": "MemberReference", "235": "e", "236": "ReferenceType", "237": "org", "238": "ReferenceType", "239": "apache", "240": "ReferenceType", "241": "thrift", "242": "ReferenceType", "243": "transport", "244": "ReferenceType", "245": "TTransportException", "246": "BlockStatement", "247": "StatementExpression", "248": "MethodInvocation", "249": "_LOGGER", "250": "Literal", "251": "\"TTransportException inside handler\"", "252": "MemberReference", "253": "e", "254": "error", "255": "StatementExpression", "256": "MethodInvocation", "257": "fb", "258": "close", "259": "ReturnStatement", "260": "IfStatement", "261": "BinaryOperation", "262": "instanceof", "263": "MemberReference", "264": "e", "265": "ReferenceType", "266": "org", "267": "ReferenceType", "268": "apache", "269": "ReferenceType", "270": "thrift", "271": "ReferenceType", "272": "TApplicationException", "273": "BlockStatement", "274": "StatementExpression", "275": "MethodInvocation", "276": "_LOGGER", "277": "Literal", "278": "\"TApplicationException inside handler\"", "279": "MemberReference", "280": "e", "281": "error", "282": "StatementExpression", "283": "Assignment", "284": "MemberReference", "285": "msgType", "286": "MemberReference", "287": "org.apache.thrift.protocol.TMessageType", "288": "EXCEPTION", "289": "=", "290": "StatementExpression", "291": "Assignment", "292": "MemberReference", "293": "msg", "294": "Cast", "295": "ReferenceType", "296": "org", "297": "ReferenceType", "298": "apache", "299": "ReferenceType", "300": "thrift", "301": "ReferenceType", "302": "TApplicationException", "303": "MemberReference", "304": "e", "305": "=", "306": "BlockStatement", "307": "StatementExpression", "308": "MethodInvocation", "309": "_LOGGER", "310": "Literal", "311": "\"Exception inside handler\"", "312": "MemberReference", "313": "e", "314": "error", "315": "StatementExpression", "316": "Assignment", "317": "MemberReference", "318": "msgType", "319": "MemberReference", "320": "org.apache.thrift.protocol.TMessageType", "321": "EXCEPTION", "322": "=", "323": "StatementExpression", "324": "Assignment", "325": "MemberReference", "326": "msg", "327": "ClassCreator", "328": "ReferenceType", "329": "org", "330": "ReferenceType", "331": "apache", "332": "ReferenceType", "333": "thrift", "334": "ReferenceType", "335": "TApplicationException", "336": "MemberReference", "337": "org.apache.thrift.TApplicationException", "338": "INTERNAL_ERROR", "339": "MethodInvocation", "340": "e", "341": "getMessage", "342": "=", "343": "TryStatement", "344": "StatementExpression", "345": "MethodInvocation", "346": "fcall", "347": "MemberReference", "348": "fb", "349": "MemberReference", "350": "msg", "351": "MemberReference", "352": "msgType", "353": "MemberReference", "354": "seqid", "355": "sendResponse", "356": "CatchClause", "357": "CatchClauseParameter", "358": "java.lang.Exception", "359": "ex", "360": "StatementExpression", "361": "MethodInvocation", "362": "_LOGGER", "363": "Literal", "364": "\"Exception writing to internal frame buffer\"", "365": "MemberReference", "366": "ex", "367": "error", "368": "StatementExpression", "369": "MethodInvocation", "370": "fb", "371": "close"}, "edges": {"0->1": 0, "1->0": 0, "1->2": 0, "2->1": 0, "0->3": 0, "3->0": 0, "3->4": 0, "4->3": 0, "3->5": 0, "5->3": 0, "5->6": 0, "6->5": 0, "5->7": 0, "7->5": 0, "7->8": 0, "8->7": 0, "7->9": 0, "9->7": 0, "9->10": 0, "10->9": 0, "9->11": 0, "11->9": 0, "11->12": 0, "12->11": 0, "11->13": 0, "13->11": 0, "13->14": 0, "14->13": 0, "14->15": 0, "15->14": 0, "14->16": 0, "16->14": 0, "16->17": 0, "17->16": 0, "16->18": 0, "18->16": 0, "18->19": 0, "19->18": 0, "18->20": 0, "20->18": 0, "20->21": 0, "21->20": 0, "21->22": 0, "22->21": 0, "0->23": 0, "23->0": 0, "0->24": 0, "24->0": 0, "24->25": 0, "25->24": 0, "25->26": 0, "26->25": 0, "24->27": 0, "27->24": 0, "27->28": 0, "28->27": 0, "27->29": 0, "29->27": 0, "29->30": 0, "30->29": 0, "29->31": 0, "31->29": 0, "31->32": 0, "32->31": 0, "31->33": 0, "33->31": 0, "33->34": 0, "34->33": 0, "33->35": 0, "35->33": 0, "35->36": 0, "36->35": 0, "35->37": 0, "37->35": 0, "37->38": 0, "38->37": 0, "24->39": 0, "39->24": 0, "0->40": 0, "40->0": 0, "40->41": 0, "41->40": 0, "41->42": 0, "42->41": 0, "40->43": 0, "43->40": 0, "43->44": 0, "44->43": 0, "40->45": 0, "45->40": 0, "0->46": 0, "46->0": 0, "46->47": 0, "47->46": 0, "47->48": 0, "48->47": 0, "46->49": 0, "49->46": 0, "49->50": 0, "50->49": 0, "49->51": 0, "51->49": 0, "51->52": 0, "52->51": 0, "51->53": 0, "53->51": 0, "53->54": 0, "54->53": 0, "53->55": 0, "55->53": 0, "55->56": 0, "56->55": 0, "46->57": 0, "57->46": 0, "57->58": 0, "58->57": 0, "57->59": 0, "59->57": 0, "0->60": 0, "60->0": 0, "60->61": 0, "61->60": 0, "61->62": 0, "62->61": 0, "62->63": 0, "63->62": 0, "62->64": 0, "64->62": 0, "64->65": 0, "65->64": 0, "64->66": 0, "66->64": 0, "66->67": 0, "67->66": 0, "66->68": 0, "68->66": 0, "68->69": 0, "69->68": 0, "68->70": 0, "70->68": 0, "70->71": 0, "71->70": 0, "70->72": 0, "72->70": 0, "72->73": 0, "73->72": 0, "73->74": 0, "74->73": 0, "73->75": 0, "75->73": 0, "75->76": 0, "76->75": 0, "75->77": 0, "77->75": 0, "77->78": 0, "78->77": 0, "77->79": 0, "79->77": 0, "79->80": 0, "80->79": 0, "80->81": 0, "81->80": 0, "61->82": 0, "82->61": 0, "82->83": 0, "83->82": 0, "83->84": 0, "84->83": 0, "82->85": 0, "85->82": 0, "82->86": 0, "86->82": 0, "86->87": 0, "87->86": 0, "87->88": 0, "88->87": 0, "87->89": 0, "89->87": 0, "89->90": 0, "90->89": 0, "89->91": 0, "91->89": 0, "91->92": 0, "92->91": 0, "91->93": 0, "93->91": 0, "93->94": 0, "94->93": 0, "94->95": 0, "95->94": 0, "86->96": 0, "96->86": 0, "82->97": 0, "97->82": 0, "97->98": 0, "98->97": 0, "98->99": 0, "99->98": 0, "97->100": 0, "100->97": 0, "100->101": 0, "101->100": 0, "100->102": 0, "102->100": 0, "102->103": 0, "103->102": 0, "103->104": 0, "104->103": 0, "82->105": 0, "105->82": 0, "105->106": 0, "106->105": 0, "106->107": 0, "107->106": 0, "107->108": 0, "108->107": 0, "107->109": 0, "109->107": 0, "106->110": 0, "110->106": 0, "110->111": 0, "111->110": 0, "106->112": 0, "112->106": 0, "82->113": 0, "113->82": 0, "113->114": 0, "114->113": 0, "114->115": 0, "115->114": 0, "115->116": 0, "116->115": 0, "115->117": 0, "117->115": 0, "117->118": 0, "118->117": 0, "115->119": 0, "119->115": 0, "119->120": 0, "120->119": 0, "115->121": 0, "121->115": 0, "121->122": 0, "122->121": 0, "121->123": 0, "123->121": 0, "115->124": 0, "124->115": 0, "124->125": 0, "125->124": 0, "115->126": 0, "126->115": 0, "113->127": 0, "127->113": 0, "127->128": 0, "128->127": 0, "128->129": 0, "129->128": 0, "128->130": 0, "130->128": 0, "127->131": 0, "131->127": 0, "131->132": 0, "132->131": 0, "132->133": 0, "133->132": 0, "132->134": 0, "134->132": 0, "134->135": 0, "135->134": 0, "132->136": 0, "136->132": 0, "136->137": 0, "137->136": 0, "132->138": 0, "138->132": 0, "127->139": 0, "139->127": 0, "139->140": 0, "140->139": 0, "140->141": 0, "141->140": 0, "140->142": 0, "142->140": 0, "113->143": 0, "143->113": 0, "143->144": 0, "144->143": 0, "144->145": 0, "145->144": 0, "144->146": 0, "146->144": 0, "143->147": 0, "147->143": 0, "147->148": 0, "148->147": 0, "148->149": 0, "149->148": 0, "148->150": 0, "150->148": 0, "150->151": 0, "151->150": 0, "148->152": 0, "152->148": 0, "152->153": 0, "153->152": 0, "148->154": 0, "154->148": 0, "143->155": 0, "155->143": 0, "155->156": 0, "156->155": 0, "156->157": 0, "157->156": 0, "157->158": 0, "158->157": 0, "156->159": 0, "159->156": 0, "61->160": 0, "160->61": 0, "160->161": 0, "161->160": 0, "161->162": 0, "162->161": 0, "160->163": 0, "163->160": 0, "160->164": 0, "164->160": 0, "164->165": 0, "165->164": 0, "165->166": 0, "166->165": 0, "165->167": 0, "167->165": 0, "167->168": 0, "168->167": 0, "167->169": 0, "169->167": 0, "169->170": 0, "170->169": 0, "164->171": 0, "171->164": 0, "160->172": 0, "172->160": 0, "172->173": 0, "173->172": 0, "173->174": 0, "174->173": 0, "172->175": 0, "175->172": 0, "175->176": 0, "176->175": 0, "175->177": 0, "177->175": 0, "177->178": 0, "178->177": 0, "177->179": 0, "179->177": 0, "160->180": 0, "180->160": 0, "180->181": 0, "181->180": 0, "181->182": 0, "182->181": 0, "181->183": 0, "183->181": 0, "183->184": 0, "184->183": 0, "183->185": 0, "185->183": 0, "185->186": 0, "186->185": 0, "185->187": 0, "187->185": 0, "187->188": 0, "188->187": 0, "180->189": 0, "189->180": 0, "189->190": 0, "190->189": 0, "160->191": 0, "191->160": 0, "191->192": 0, "192->191": 0, "192->193": 0, "193->192": 0, "191->194": 0, "194->191": 0, "194->195": 0, "195->194": 0, "194->196": 0, "196->194": 0, "196->197": 0, "197->196": 0, "197->198": 0, "198->197": 0, "160->199": 0, "199->160": 0, "199->200": 0, "200->199": 0, "200->201": 0, "201->200": 0, "200->202": 0, "202->200": 0, "202->203": 0, "203->202": 0, "200->204": 0, "204->200": 0, "204->205": 0, "205->204": 0, "199->206": 0, "206->199": 0, "206->207": 0, "207->206": 0, "207->208": 0, "208->207": 0, "208->209": 0, "209->208": 0, "209->210": 0, "210->209": 0, "209->211": 0, "211->209": 0, "208->212": 0, "212->208": 0, "212->213": 0, "213->212": 0, "213->214": 0, "214->213": 0, "212->215": 0, "215->212": 0, "215->216": 0, "216->215": 0, "208->217": 0, "217->208": 0, "206->218": 0, "218->206": 0, "218->219": 0, "219->218": 0, "219->220": 0, "220->219": 0, "219->221": 0, "221->219": 0, "221->222": 0, "222->221": 0, "219->223": 0, "223->219": 0, "206->224": 0, "224->206": 0, "224->225": 0, "225->224": 0, "225->226": 0, "226->225": 0, "226->227": 0, "227->226": 0, "225->228": 0, "228->225": 0, "228->229": 0, "229->228": 0, "225->230": 0, "230->225": 0, "199->231": 0, "231->199": 0, "231->232": 0, "232->231": 0, "232->233": 0, "233->232": 0, "232->234": 0, "234->232": 0, "234->235": 0, "235->234": 0, "232->236": 0, "236->232": 0, "236->237": 0, "237->236": 0, "236->238": 0, "238->236": 0, "238->239": 0, "239->238": 0, "238->240": 0, "240->238": 0, "240->241": 0, "241->240": 0, "240->242": 0, "242->240": 0, "242->243": 0, "243->242": 0, "242->244": 0, "244->242": 0, "244->245": 0, "245->244": 0, "231->246": 0, "246->231": 0, "246->247": 0, "247->246": 0, "247->248": 0, "248->247": 0, "248->249": 0, "249->248": 0, "248->250": 0, "250->248": 0, "250->251": 0, "251->250": 0, "248->252": 0, "252->248": 0, "252->253": 0, "253->252": 0, "248->254": 0, "254->248": 0, "246->255": 0, "255->246": 0, "255->256": 0, "256->255": 0, "256->257": 0, "257->256": 0, "256->258": 0, "258->256": 0, "246->259": 0, "259->246": 0, "231->260": 0, "260->231": 0, "260->261": 0, "261->260": 0, "261->262": 0, "262->261": 0, "261->263": 0, "263->261": 0, "263->264": 0, "264->263": 0, "261->265": 0, "265->261": 0, "265->266": 0, "266->265": 0, "265->267": 0, "267->265": 0, "267->268": 0, "268->267": 0, "267->269": 0, "269->267": 0, "269->270": 0, "270->269": 0, "269->271": 0, "271->269": 0, "271->272": 0, "272->271": 0, "260->273": 0, "273->260": 0, "273->274": 0, "274->273": 0, "274->275": 0, "275->274": 0, "275->276": 0, "276->275": 0, "275->277": 0, "277->275": 0, "277->278": 0, "278->277": 0, "275->279": 0, "279->275": 0, "279->280": 0, "280->279": 0, "275->281": 0, "281->275": 0, "273->282": 0, "282->273": 0, "282->283": 0, "283->282": 0, "283->284": 0, "284->283": 0, "284->285": 0, "285->284": 0, "283->286": 0, "286->283": 0, "286->287": 0, "287->286": 0, "286->288": 0, "288->286": 0, "283->289": 0, "289->283": 0, "273->290": 0, "290->273": 0, "290->291": 0, "291->290": 0, "291->292": 0, "292->291": 0, "292->293": 0, "293->292": 0, "291->294": 0, "294->291": 0, "294->295": 0, "295->294": 0, "295->296": 0, "296->295": 0, "295->297": 0, "297->295": 0, "297->298": 0, "298->297": 0, "297->299": 0, "299->297": 0, "299->300": 0, "300->299": 0, "299->301": 0, "301->299": 0, "301->302": 0, "302->301": 0, "294->303": 0, "303->294": 0, "303->304": 0, "304->303": 0, "291->305": 0, "305->291": 0, "260->306": 0, "306->260": 0, "306->307": 0, "307->306": 0, "307->308": 0, "308->307": 0, "308->309": 0, "309->308": 0, "308->310": 0, "310->308": 0, "310->311": 0, "311->310": 0, "308->312": 0, "312->308": 0, "312->313": 0, "313->312": 0, "308->314": 0, "314->308": 0, "306->315": 0, "315->306": 0, "315->316": 0, "316->315": 0, "316->317": 0, "317->316": 0, "317->318": 0, "318->317": 0, "316->319": 0, "319->316": 0, "319->320": 0, "320->319": 0, "319->321": 0, "321->319": 0, "316->322": 0, "322->316": 0, "306->323": 0, "323->306": 0, "323->324": 0, "324->323": 0, "324->325": 0, "325->324": 0, "325->326": 0, "326->325": 0, "324->327": 0, "327->324": 0, "327->328": 0, "328->327": 0, "328->329": 0, "329->328": 0, "328->330": 0, "330->328": 0, "330->331": 0, "331->330": 0, "330->332": 0, "332->330": 0, "332->333": 0, "333->332": 0, "332->334": 0, "334->332": 0, "334->335": 0, "335->334": 0, "327->336": 0, "336->327": 0, "336->337": 0, "337->336": 0, "336->338": 0, "338->336": 0, "327->339": 0, "339->327": 0, "339->340": 0, "340->339": 0, "339->341": 0, "341->339": 0, "324->342": 0, "342->324": 0, "160->343": 0, "343->160": 0, "343->344": 0, "344->343": 0, "344->345": 0, "345->344": 0, "345->346": 0, "346->345": 0, "345->347": 0, "347->345": 0, "347->348": 0, "348->347": 0, "345->349": 0, "349->345": 0, "349->350": 0, "350->349": 0, "345->351": 0, "351->345": 0, "351->352": 0, "352->351": 0, "345->353": 0, "353->345": 0, "353->354": 0, "354->353": 0, "345->355": 0, "355->345": 0, "343->356": 0, "356->343": 0, "356->357": 0, "357->356": 0, "357->358": 0, "358->357": 0, "357->359": 0, "359->357": 0, "356->360": 0, "360->356": 0, "360->361": 0, "361->360": 0, "361->362": 0, "362->361": 0, "361->363": 0, "363->361": 0, "363->364": 0, "364->363": 0, "361->365": 0, "365->361": 0, "365->366": 0, "366->365": 0, "361->367": 0, "367->361": 0, "356->368": 0, "368->356": 0, "368->369": 0, "369->368": 0, "369->370": 0, "370->369": 0, "369->371": 0, "371->369": 0, "1->3": 1, "3->1": 12, "3->23": 1, "23->3": 12, "23->24": 1, "24->23": 12, "24->40": 1, "40->24": 12, "40->46": 1, "46->40": 12, "46->60": 1, "60->46": 12, "4->5": 1, "5->4": 12, "6->7": 1, "7->6": 12, "8->9": 1, "9->8": 12, "10->11": 1, "11->10": 12, "12->13": 1, "13->12": 12, "15->16": 1, "16->15": 12, "17->18": 1, "18->17": 12, "19->20": 1, "20->19": 12, "25->27": 1, "27->25": 12, "27->39": 1, "39->27": 12, "28->29": 1, "29->28": 12, "30->31": 1, "31->30": 12, "32->33": 1, "33->32": 12, "34->35": 1, "35->34": 12, "36->37": 1, "37->36": 12, "41->43": 1, "43->41": 12, "43->45": 1, "45->43": 12, "47->49": 1, "49->47": 12, "49->57": 1, "57->49": 12, "50->51": 1, "51->50": 12, "52->53": 1, "53->52": 12, "54->55": 1, "55->54": 12, "58->59": 2, "59->58": 3, "62->82": 1, "82->62": 12, "82->160": 1, "160->82": 12, "63->64": 1, "64->63": 12, "65->66": 1, "66->65": 12, "67->68": 1, "68->67": 12, "69->70": 1, "70->69": 12, "71->72": 1, "72->71": 12, "74->75": 1, "75->74": 12, "76->77": 1, "77->76": 12, "78->79": 1, "79->78": 12, "83->85": 1, "85->83": 12, "85->86": 1, "86->85": 12, "86->97": 1, "97->86": 12, "97->105": 1, "105->97": 12, "105->113": 1, "113->105": 12, "87->96": 1, "96->87": 12, "88->89": 1, "89->88": 12, "90->91": 1, "91->90": 12, "92->93": 1, "93->92": 12, "98->100": 1, "100->98": 12, "101->102": 1, "102->101": 12, "107->110": 1, "110->107": 12, "110->112": 1, "112->110": 12, "108->109": 2, "109->108": 3, "114->127": 1, "127->114": 12, "127->143": 1, "143->127": 12, "116->117": 1, "117->116": 12, "117->119": 1, "119->117": 12, "119->121": 1, "121->119": 12, "121->124": 1, "124->121": 12, "124->126": 1, "126->124": 12, "122->123": 2, "123->122": 3, "128->131": 1, "131->128": 12, "131->139": 1, "139->131": 12, "129->130": 2, "130->129": 3, "133->134": 1, "134->133": 12, "134->136": 1, "136->134": 12, "136->138": 1, "138->136": 12, "141->142": 2, "142->141": 3, "144->147": 1, "147->144": 12, "147->155": 1, "155->147": 12, "145->146": 2, "146->145": 3, "149->150": 1, "150->149": 12, "150->152": 1, "152->150": 12, "152->154": 1, "154->152": 12, "157->159": 1, "159->157": 12, "161->163": 1, "163->161": 12, "163->164": 1, "164->163": 12, "164->172": 1, "172->164": 12, "172->180": 1, "180->172": 12, "180->191": 1, "191->180": 12, "191->199": 1, "199->191": 12, "199->343": 1, "343->199": 12, "165->171": 1, "171->165": 12, "166->167": 1, "167->166": 12, "168->169": 1, "169->168": 12, "173->175": 1, "175->173": 12, "176->177": 1, "177->176": 12, "178->179": 2, "179->178": 3, "181->189": 1, "189->181": 12, "182->183": 1, "183->182": 12, "184->185": 1, "185->184": 12, "186->187": 1, "187->186": 12, "192->194": 1, "194->192": 12, "195->196": 1, "196->195": 12, "200->206": 6, "206->200": 6, "206->231": 1, "231->206": 12, "201->202": 1, "202->201": 12, "202->204": 1, "204->202": 12, "207->218": 10, "218->207": 11, "218->224": 10, "224->218": 11, "209->212": 1, "212->209": 12, "212->217": 1, "217->212": 12, "210->211": 2, "211->210": 3, "213->215": 1, "215->213": 12, "220->221": 1, "221->220": 12, "221->223": 1, "223->221": 12, "226->228": 1, "228->226": 12, "228->230": 1, "230->228": 12, "232->246": 6, "246->232": 6, "246->260": 1, "260->246": 12, "233->234": 1, "234->233": 12, "234->236": 1, "236->234": 12, "237->238": 1, "238->237": 12, "239->240": 1, "240->239": 12, "241->242": 1, "242->241": 12, "243->244": 1, "244->243": 12, "247->255": 10, "255->247": 11, "255->259": 10, "259->255": 11, "249->250": 1, "250->249": 12, "250->252": 1, "252->250": 12, "252->254": 1, "254->252": 12, "257->258": 2, "258->257": 3, "261->273": 6, "273->261": 6, "273->306": 1, "306->273": 12, "262->263": 1, "263->262": 12, "263->265": 1, "265->263": 12, "266->267": 1, "267->266": 12, "268->269": 1, "269->268": 12, "270->271": 1, "271->270": 12, "274->282": 10, "282->274": 11, "282->290": 10, "290->282": 11, "276->277": 1, "277->276": 12, "277->279": 1, "279->277": 12, "279->281": 1, "281->279": 12, "284->286": 1, "286->284": 12, "286->289": 1, "289->286": 12, "287->288": 2, "288->287": 3, "292->294": 1, "294->292": 12, "294->305": 1, "305->294": 12, "295->303": 1, "303->295": 12, "296->297": 1, "297->296": 12, "298->299": 1, "299->298": 12, "300->301": 1, "301->300": 12, "307->315": 10, "315->307": 11, "315->323": 10, "323->315": 11, "309->310": 1, "310->309": 12, "310->312": 1, "312->310": 12, "312->314": 1, "314->312": 12, "317->319": 1, "319->317": 12, "319->322": 1, "322->319": 12, "320->321": 2, "321->320": 3, "325->327": 1, "327->325": 12, "327->342": 1, "342->327": 12, "328->336": 1, "336->328": 12, "336->339": 1, "339->336": 12, "329->330": 1, "330->329": 12, "331->332": 1, "332->331": 12, "333->334": 1, "334->333": 12, "337->338": 2, "338->337": 3, "340->341": 2, "341->340": 3, "344->356": 1, "356->344": 12, "346->347": 1, "347->346": 12, "347->349": 1, "349->347": 12, "349->351": 1, "351->349": 12, "351->353": 1, "353->351": 12, "353->355": 1, "355->353": 12, "357->360": 1, "360->357": 12, "360->368": 1, "368->360": 12, "358->359": 2, "359->358": 3, "362->363": 1, "363->362": 12, "363->365": 1, "365->363": 12, "365->367": 1, "367->365": 12, "370->371": 2, "371->370": 3, "200->231": 7, "231->200": 7, "232->260": 7, "260->232": 7, "261->306": 7, "306->261": 7, "2->4": 2, "4->2": 3, "4->6": 2, "6->4": 3, "6->8": 2, "8->6": 3, "8->10": 2, "10->8": 3, "10->12": 2, "12->10": 3, "12->15": 2, "15->12": 3, "15->17": 2, "17->15": 3, "17->19": 2, "19->17": 3, "19->22": 2, "22->19": 3, "22->23": 2, "23->22": 3, "23->26": 2, "26->23": 3, "26->28": 2, "28->26": 3, "28->30": 2, "30->28": 3, "30->32": 2, "32->30": 3, "32->34": 2, "34->32": 3, "34->36": 2, "36->34": 3, "36->38": 2, "38->36": 3, "38->39": 2, "39->38": 3, "39->42": 2, "42->39": 3, "42->44": 2, "44->42": 3, "44->45": 2, "45->44": 3, "45->48": 2, "48->45": 3, "48->50": 2, "50->48": 3, "50->52": 2, "52->50": 3, "52->54": 2, "54->52": 3, "54->56": 2, "56->54": 3, "56->58": 2, "58->56": 3, "59->63": 2, "63->59": 3, "63->65": 2, "65->63": 3, "65->67": 2, "67->65": 3, "67->69": 2, "69->67": 3, "69->71": 2, "71->69": 3, "71->74": 2, "74->71": 3, "74->76": 2, "76->74": 3, "76->78": 2, "78->76": 3, "78->81": 2, "81->78": 3, "81->84": 2, "84->81": 3, "84->85": 2, "85->84": 3, "85->88": 2, "88->85": 3, "88->90": 2, "90->88": 3, "90->92": 2, "92->90": 3, "92->95": 2, "95->92": 3, "95->96": 2, "96->95": 3, "96->99": 2, "99->96": 3, "99->101": 2, "101->99": 3, "101->104": 2, "104->101": 3, "104->108": 2, "108->104": 3, "109->111": 2, "111->109": 3, "111->112": 2, "112->111": 3, "112->116": 2, "116->112": 3, "116->118": 2, "118->116": 3, "118->120": 2, "120->118": 3, "120->122": 2, "122->120": 3, "123->125": 2, "125->123": 3, "125->126": 2, "126->125": 3, "126->129": 2, "129->126": 3, "130->133": 2, "133->130": 3, "133->135": 2, "135->133": 3, "135->137": 2, "137->135": 3, "137->138": 2, "138->137": 3, "138->141": 2, "141->138": 3, "142->145": 2, "145->142": 3, "146->149": 2, "149->146": 3, "149->151": 2, "151->149": 3, "151->153": 2, "153->151": 3, "153->154": 2, "154->153": 3, "154->158": 2, "158->154": 3, "158->159": 2, "159->158": 3, "159->162": 2, "162->159": 3, "162->163": 2, "163->162": 3, "163->166": 2, "166->163": 3, "166->168": 2, "168->166": 3, "168->170": 2, "170->168": 3, "170->171": 2, "171->170": 3, "171->174": 2, "174->171": 3, "174->176": 2, "176->174": 3, "176->178": 2, "178->176": 3, "179->182": 2, "182->179": 3, "182->184": 2, "184->182": 3, "184->186": 2, "186->184": 3, "186->188": 2, "188->186": 3, "188->190": 2, "190->188": 3, "190->193": 2, "193->190": 3, "193->195": 2, "195->193": 3, "195->198": 2, "198->195": 3, "198->201": 2, "201->198": 3, "201->203": 2, "203->201": 3, "203->205": 2, "205->203": 3, "205->210": 2, "210->205": 3, "211->214": 2, "214->211": 3, "214->216": 2, "216->214": 3, "216->217": 2, "217->216": 3, "217->220": 2, "220->217": 3, "220->222": 2, "222->220": 3, "222->223": 2, "223->222": 3, "223->227": 2, "227->223": 3, "227->229": 2, "229->227": 3, "229->230": 2, "230->229": 3, "230->233": 2, "233->230": 3, "233->235": 2, "235->233": 3, "235->237": 2, "237->235": 3, "237->239": 2, "239->237": 3, "239->241": 2, "241->239": 3, "241->243": 2, "243->241": 3, "243->245": 2, "245->243": 3, "245->249": 2, "249->245": 3, "249->251": 2, "251->249": 3, "251->253": 2, "253->251": 3, "253->254": 2, "254->253": 3, "254->257": 2, "257->254": 3, "258->259": 2, "259->258": 3, "259->262": 2, "262->259": 3, "262->264": 2, "264->262": 3, "264->266": 2, "266->264": 3, "266->268": 2, "268->266": 3, "268->270": 2, "270->268": 3, "270->272": 2, "272->270": 3, "272->276": 2, "276->272": 3, "276->278": 2, "278->276": 3, "278->280": 2, "280->278": 3, "280->281": 2, "281->280": 3, "281->285": 2, "285->281": 3, "285->287": 2, "287->285": 3, "288->289": 2, "289->288": 3, "289->293": 2, "293->289": 3, "293->296": 2, "296->293": 3, "296->298": 2, "298->296": 3, "298->300": 2, "300->298": 3, "300->302": 2, "302->300": 3, "302->304": 2, "304->302": 3, "304->305": 2, "305->304": 3, "305->309": 2, "309->305": 3, "309->311": 2, "311->309": 3, "311->313": 2, "313->311": 3, "313->314": 2, "314->313": 3, "314->318": 2, "318->314": 3, "318->320": 2, "320->318": 3, "321->322": 2, "322->321": 3, "322->326": 2, "326->322": 3, "326->329": 2, "329->326": 3, "329->331": 2, "331->329": 3, "331->333": 2, "333->331": 3, "333->335": 2, "335->333": 3, "335->337": 2, "337->335": 3, "338->340": 2, "340->338": 3, "341->342": 2, "342->341": 3, "342->346": 2, "346->342": 3, "346->348": 2, "348->346": 3, "348->350": 2, "350->348": 3, "350->352": 2, "352->350": 3, "352->354": 2, "354->352": 3, "354->355": 2, "355->354": 3, "355->358": 2, "358->355": 3, "359->362": 2, "362->359": 3, "362->364": 2, "364->362": 3, "364->366": 2, "366->364": 3, "366->367": 2, "367->366": 3, "367->370": 2, "370->367": 3, "118->348": 4, "348->118": 5, "120->229": 4, "229->120": 5, "123->179": 4, "179->123": 5, "125->354": 4, "354->125": 5, "137->153": 4, "153->137": 5, "153->158": 4, "158->153": 5, "158->203": 4, "203->158": 5, "203->216": 4, "216->203": 5, "216->235": 4, "235->216": 5, "235->253": 4, "253->235": 5, "253->264": 4, "264->253": 5, "264->280": 4, "280->264": 5, "280->304": 4, "304->280": 5, "304->313": 4, "313->304": 5, "227->293": 4, "293->227": 5, "293->326": 4, "326->293": 5, "326->350": 4, "350->326": 5, "285->318": 4, "318->285": 5, "318->352": 4, "352->318": 5, "288->321": 4, "321->288": 5}, "metrics": [53.0, 4.0, 2.0]}