{"nodelist": ["MethodDeclaration", "{'public'}", "public", "Annotation", "Test", "testEmptyWALEditAreNotSeen", "Exception", "LocalVariableDeclaration", "{'final'}", "final", "ReferenceType", "HRegionInfo", "VariableDeclarator", "hri", "MethodInvocation", "MethodInvocation", "Bytes", "MemberReference", "TEST_TABLE", "toString", "createBasic3FamilyHRegionInfo", "LocalVariableDeclaration", "{'final'}", "final", "ReferenceType", "HTableDescriptor", "VariableDeclarator", "htd", "MethodInvocation", "MethodInvocation", "Bytes", "MemberReference", "TEST_TABLE", "toString", "createBasic3FamilyHTD", "LocalVariableDeclaration", "{'final'}", "final", "ReferenceType", "MultiVersionConcurrencyControl", "VariableDeclarator", "mvcc", "ClassCreator", "ReferenceType", "MultiVersionConcurrencyControl", "LocalVariableDeclaration", "ReferenceType", "WAL", "VariableDeclarator", "log", "MethodInvocation", "wals", "MemberReference", "UNSPECIFIED_REGION", "getWAL", "TryStatement", "LocalVariableDeclaration", "ReferenceType", "SampleRegionWALObserver", "VariableDeclarator", "cp", "MethodInvocation", "MemberReference", "log", "ClassReference", "ReferenceType", "SampleRegionWALObserver", "getCoprocessor", "StatementExpression", "MethodInvocation", "cp", "MemberReference", "TEST_TABLE", "Literal", "null", "Literal", "null", "Literal", "null", "Literal", "null", "Literal", "null", "Literal", "null", "Literal", "null", "setTestValues", "StatementExpression", "MethodInvocation", "MethodInvocation", "cp", "isPreWALWriteCalled", "assertFalse", "StatementExpression", "MethodInvocation", "MethodInvocation", "cp", "isPostWALWriteCalled", "assertFalse", "LocalVariableDeclaration", "{'final'}", "final", "BasicType", "long", "VariableDeclarator", "now", "MethodInvocation", "EnvironmentEdgeManager", "currentTime", "LocalVariableDeclaration", "BasicType", "long", "VariableDeclarator", "txid", "MethodInvocation", "log", "MemberReference", "htd", "MemberReference", "hri", "ClassCreator", "ReferenceType", "WALKey", "MethodInvocation", "hri", "getEncodedNameAsBytes", "MethodInvocation", "hri", "getTable", "MemberReference", "now", "MemberReference", "mvcc", "ClassCreator", "ReferenceType", "WALEdit", "Literal", "true", "append", "StatementExpression", "MethodInvocation", "log", "MemberReference", "txid", "sync", "StatementExpression", "MethodInvocation", "Literal", "\"Empty WALEdit should skip coprocessor evaluation.\"", "MethodInvocation", "cp", "isPreWALWriteCalled", "assertFalse", "StatementExpression", "MethodInvocation", "Literal", "\"Empty WALEdit should skip coprocessor evaluation.\"", "MethodInvocation", "cp", "isPostWALWriteCalled", "assertFalse", "StatementExpression", "MethodInvocation", "log", "close"], "nodes": {"0": "MethodDeclaration", "1": "Modifier", "2": "public", "3": "Annotation", "4": "Test", "5": "testEmptyWALEditAreNotSeen", "6": "Exception", "7": "LocalVariableDeclaration", "8": "Modifier", "9": "final", "10": "ReferenceType", "11": "HRegionInfo", "12": "VariableDeclarator", "13": "hri", "14": "MethodInvocation", "15": "MethodInvocation", "16": "Bytes", "17": "MemberReference", "18": "TEST_TABLE", "19": "toString", "20": "createBasic3FamilyHRegionInfo", "21": "LocalVariableDeclaration", "22": "Modifier", "23": "final", "24": "ReferenceType", "25": "HTableDescriptor", "26": "VariableDeclarator", "27": "htd", "28": "MethodInvocation", "29": "MethodInvocation", "30": "Bytes", "31": "MemberReference", "32": "TEST_TABLE", "33": "toString", "34": "createBasic3FamilyHTD", "35": "LocalVariableDeclaration", "36": "Modifier", "37": "final", "38": "ReferenceType", "39": "MultiVersionConcurrencyControl", "40": "VariableDeclarator", "41": "mvcc", "42": "ClassCreator", "43": "ReferenceType", "44": "MultiVersionConcurrencyControl", "45": "LocalVariableDeclaration", "46": "ReferenceType", "47": "WAL", "48": "VariableDeclarator", "49": "log", "50": "MethodInvocation", "51": "wals", "52": "MemberReference", "53": "UNSPECIFIED_REGION", "54": "getWAL", "55": "TryStatement", "56": "LocalVariableDeclaration", "57": "ReferenceType", "58": "SampleRegionWALObserver", "59": "VariableDeclarator", "60": "cp", "61": "MethodInvocation", "62": "MemberReference", "63": "log", "64": "ClassReference", "65": "ReferenceType", "66": "SampleRegionWALObserver", "67": "getCoprocessor", "68": "StatementExpression", "69": "MethodInvocation", "70": "cp", "71": "MemberReference", "72": "TEST_TABLE", "73": "Literal", "74": "null", "75": "Literal", "76": "null", "77": "Literal", "78": "null", "79": "Literal", "80": "null", "81": "Literal", "82": "null", "83": "Literal", "84": "null", "85": "Literal", "86": "null", "87": "setTestValues", "88": "StatementExpression", "89": "MethodInvocation", "90": "MethodInvocation", "91": "cp", "92": "isPreWALWriteCalled", "93": "assertFalse", "94": "StatementExpression", "95": "MethodInvocation", "96": "MethodInvocation", "97": "cp", "98": "isPostWALWriteCalled", "99": "assertFalse", "100": "LocalVariableDeclaration", "101": "Modifier", "102": "final", "103": "BasicType", "104": "long", "105": "VariableDeclarator", "106": "now", "107": "MethodInvocation", "108": "EnvironmentEdgeManager", "109": "currentTime", "110": "LocalVariableDeclaration", "111": "BasicType", "112": "long", "113": "VariableDeclarator", "114": "txid", "115": "MethodInvocation", "116": "log", "117": "MemberReference", "118": "htd", "119": "MemberReference", "120": "hri", "121": "ClassCreator", "122": "ReferenceType", "123": "WALKey", "124": "MethodInvocation", "125": "hri", "126": "getEncodedNameAsBytes", "127": "MethodInvocation", "128": "hri", "129": "getTable", "130": "MemberReference", "131": "now", "132": "MemberReference", "133": "mvcc", "134": "ClassCreator", "135": "ReferenceType", "136": "WALEdit", "137": "Literal", "138": "true", "139": "append", "140": "StatementExpression", "141": "MethodInvocation", "142": "log", "143": "MemberReference", "144": "txid", "145": "sync", "146": "StatementExpression", "147": "MethodInvocation", "148": "Literal", "149": "\"Empty WALEdit should skip coprocessor evaluation.\"", "150": "MethodInvocation", "151": "cp", "152": "isPreWALWriteCalled", "153": "assertFalse", "154": "StatementExpression", "155": "MethodInvocation", "156": "Literal", "157": "\"Empty WALEdit should skip coprocessor evaluation.\"", "158": "MethodInvocation", "159": "cp", "160": "isPostWALWriteCalled", "161": "assertFalse", "162": "StatementExpression", "163": "MethodInvocation", "164": "log", "165": "close"}, "edges": {"0->1": 0, "1->0": 0, "1->2": 0, "2->1": 0, "0->3": 0, "3->0": 0, "3->4": 0, "4->3": 0, "0->5": 0, "5->0": 0, "0->6": 0, "6->0": 0, "0->7": 0, "7->0": 0, "7->8": 0, "8->7": 0, "8->9": 0, "9->8": 0, "7->10": 0, "10->7": 0, "10->11": 0, "11->10": 0, "7->12": 0, "12->7": 0, "12->13": 0, "13->12": 0, "12->14": 0, "14->12": 0, "14->15": 0, "15->14": 0, "15->16": 0, "16->15": 0, "15->17": 0, "17->15": 0, "17->18": 0, "18->17": 0, "15->19": 0, "19->15": 0, "14->20": 0, "20->14": 0, "0->21": 0, "21->0": 0, "21->22": 0, "22->21": 0, "22->23": 0, "23->22": 0, "21->24": 0, "24->21": 0, "24->25": 0, "25->24": 0, "21->26": 0, "26->21": 0, "26->27": 0, "27->26": 0, "26->28": 0, "28->26": 0, "28->29": 0, "29->28": 0, "29->30": 0, "30->29": 0, "29->31": 0, "31->29": 0, "31->32": 0, "32->31": 0, "29->33": 0, "33->29": 0, "28->34": 0, "34->28": 0, "0->35": 0, "35->0": 0, "35->36": 0, "36->35": 0, "36->37": 0, "37->36": 0, "35->38": 0, "38->35": 0, "38->39": 0, "39->38": 0, "35->40": 0, "40->35": 0, "40->41": 0, "41->40": 0, "40->42": 0, "42->40": 0, "42->43": 0, "43->42": 0, "43->44": 0, "44->43": 0, "0->45": 0, "45->0": 0, "45->46": 0, "46->45": 0, "46->47": 0, "47->46": 0, "45->48": 0, "48->45": 0, "48->49": 0, "49->48": 0, "48->50": 0, "50->48": 0, "50->51": 0, "51->50": 0, "50->52": 0, "52->50": 0, "52->53": 0, "53->52": 0, "50->54": 0, "54->50": 0, "0->55": 0, "55->0": 0, "55->56": 0, "56->55": 0, "56->57": 0, "57->56": 0, "57->58": 0, "58->57": 0, "56->59": 0, "59->56": 0, "59->60": 0, "60->59": 0, "59->61": 0, "61->59": 0, "61->62": 0, "62->61": 0, "62->63": 0, "63->62": 0, "61->64": 0, "64->61": 0, "64->65": 0, "65->64": 0, "65->66": 0, "66->65": 0, "61->67": 0, "67->61": 0, "55->68": 0, "68->55": 0, "68->69": 0, "69->68": 0, "69->70": 0, "70->69": 0, "69->71": 0, "71->69": 0, "71->72": 0, "72->71": 0, "69->73": 0, "73->69": 0, "73->74": 0, "74->73": 0, "69->75": 0, "75->69": 0, "75->76": 0, "76->75": 0, "69->77": 0, "77->69": 0, "77->78": 0, "78->77": 0, "69->79": 0, "79->69": 0, "79->80": 0, "80->79": 0, "69->81": 0, "81->69": 0, "81->82": 0, "82->81": 0, "69->83": 0, "83->69": 0, "83->84": 0, "84->83": 0, "69->85": 0, "85->69": 0, "85->86": 0, "86->85": 0, "69->87": 0, "87->69": 0, "55->88": 0, "88->55": 0, "88->89": 0, "89->88": 0, "89->90": 0, "90->89": 0, "90->91": 0, "91->90": 0, "90->92": 0, "92->90": 0, "89->93": 0, "93->89": 0, "55->94": 0, "94->55": 0, "94->95": 0, "95->94": 0, "95->96": 0, "96->95": 0, "96->97": 0, "97->96": 0, "96->98": 0, "98->96": 0, "95->99": 0, "99->95": 0, "55->100": 0, "100->55": 0, "100->101": 0, "101->100": 0, "101->102": 0, "102->101": 0, "100->103": 0, "103->100": 0, "103->104": 0, "104->103": 0, "100->105": 0, "105->100": 0, "105->106": 0, "106->105": 0, "105->107": 0, "107->105": 0, "107->108": 0, "108->107": 0, "107->109": 0, "109->107": 0, "55->110": 0, "110->55": 0, "110->111": 0, "111->110": 0, "111->112": 0, "112->111": 0, "110->113": 0, "113->110": 0, "113->114": 0, "114->113": 0, "113->115": 0, "115->113": 0, "115->116": 0, "116->115": 0, "115->117": 0, "117->115": 0, "117->118": 0, "118->117": 0, "115->119": 0, "119->115": 0, "119->120": 0, "120->119": 0, "115->121": 0, "121->115": 0, "121->122": 0, "122->121": 0, "122->123": 0, "123->122": 0, "121->124": 0, "124->121": 0, "124->125": 0, "125->124": 0, "124->126": 0, "126->124": 0, "121->127": 0, "127->121": 0, "127->128": 0, "128->127": 0, "127->129": 0, "129->127": 0, "121->130": 0, "130->121": 0, "130->131": 0, "131->130": 0, "121->132": 0, "132->121": 0, "132->133": 0, "133->132": 0, "115->134": 0, "134->115": 0, "134->135": 0, "135->134": 0, "135->136": 0, "136->135": 0, "115->137": 0, "137->115": 0, "137->138": 0, "138->137": 0, "115->139": 0, "139->115": 0, "55->140": 0, "140->55": 0, "140->141": 0, "141->140": 0, "141->142": 0, "142->141": 0, "141->143": 0, "143->141": 0, "143->144": 0, "144->143": 0, "141->145": 0, "145->141": 0, "55->146": 0, "146->55": 0, "146->147": 0, "147->146": 0, "147->148": 0, "148->147": 0, "148->149": 0, "149->148": 0, "147->150": 0, "150->147": 0, "150->151": 0, "151->150": 0, "150->152": 0, "152->150": 0, "147->153": 0, "153->147": 0, "55->154": 0, "154->55": 0, "154->155": 0, "155->154": 0, "155->156": 0, "156->155": 0, "156->157": 0, "157->156": 0, "155->158": 0, "158->155": 0, "158->159": 0, "159->158": 0, "158->160": 0, "160->158": 0, "155->161": 0, "161->155": 0, "55->162": 0, "162->55": 0, "162->163": 0, "163->162": 0, "163->164": 0, "164->163": 0, "163->165": 0, "165->163": 0, "1->3": 1, "3->1": 12, "3->5": 1, "5->3": 12, "5->6": 2, "6->5": 3, "6->7": 1, "7->6": 12, "7->21": 1, "21->7": 12, "21->35": 1, "35->21": 12, "35->45": 1, "45->35": 12, "45->55": 1, "55->45": 12, "8->10": 1, "10->8": 12, "10->12": 1, "12->10": 12, "13->14": 1, "14->13": 12, "15->20": 1, "20->15": 12, "16->17": 1, "17->16": 12, "17->19": 1, "19->17": 12, "22->24": 1, "24->22": 12, "24->26": 1, "26->24": 12, "27->28": 1, "28->27": 12, "29->34": 1, "34->29": 12, "30->31": 1, "31->30": 12, "31->33": 1, "33->31": 12, "36->38": 1, "38->36": 12, "38->40": 1, "40->38": 12, "41->42": 1, "42->41": 12, "46->48": 1, "48->46": 12, "49->50": 1, "50->49": 12, "51->52": 1, "52->51": 12, "52->54": 1, "54->52": 12, "56->68": 1, "68->56": 12, "68->88": 1, "88->68": 12, "88->94": 1, "94->88": 12, "94->100": 1, "100->94": 12, "100->110": 1, "110->100": 12, "110->140": 1, "140->110": 12, "140->146": 1, "146->140": 12, "146->154": 1, "154->146": 12, "154->162": 1, "162->154": 12, "57->59": 1, "59->57": 12, "60->61": 1, "61->60": 12, "62->64": 1, "64->62": 12, "64->67": 1, "67->64": 12, "70->71": 1, "71->70": 12, "71->73": 1, "73->71": 12, "73->75": 1, "75->73": 12, "75->77": 1, "77->75": 12, "77->79": 1, "79->77": 12, "79->81": 1, "81->79": 12, "81->83": 1, "83->81": 12, "83->85": 1, "85->83": 12, "85->87": 1, "87->85": 12, "90->93": 1, "93->90": 12, "91->92": 2, "92->91": 3, "96->99": 1, "99->96": 12, "97->98": 2, "98->97": 3, "101->103": 1, "103->101": 12, "103->105": 1, "105->103": 12, "106->107": 1, "107->106": 12, "108->109": 2, "109->108": 3, "111->113": 1, "113->111": 12, "114->115": 1, "115->114": 12, "116->117": 1, "117->116": 12, "117->119": 1, "119->117": 12, "119->121": 1, "121->119": 12, "121->134": 1, "134->121": 12, "134->137": 1, "137->134": 12, "137->139": 1, "139->137": 12, "122->124": 1, "124->122": 12, "124->127": 1, "127->124": 12, "127->130": 1, "130->127": 12, "130->132": 1, "132->130": 12, "125->126": 2, "126->125": 3, "128->129": 2, "129->128": 3, "142->143": 1, "143->142": 12, "143->145": 1, "145->143": 12, "148->150": 1, "150->148": 12, "150->153": 1, "153->150": 12, "151->152": 2, "152->151": 3, "156->158": 1, "158->156": 12, "158->161": 1, "161->158": 12, "159->160": 2, "160->159": 3, "164->165": 2, "165->164": 3, "2->4": 2, "4->2": 3, "4->5": 2, "5->4": 3, "6->9": 2, "9->6": 3, "9->11": 2, "11->9": 3, "11->13": 2, "13->11": 3, "13->16": 2, "16->13": 3, "16->18": 2, "18->16": 3, "18->19": 2, "19->18": 3, "19->20": 2, "20->19": 3, "20->23": 2, "23->20": 3, "23->25": 2, "25->23": 3, "25->27": 2, "27->25": 3, "27->30": 2, "30->27": 3, "30->32": 2, "32->30": 3, "32->33": 2, "33->32": 3, "33->34": 2, "34->33": 3, "34->37": 2, "37->34": 3, "37->39": 2, "39->37": 3, "39->41": 2, "41->39": 3, "41->44": 2, "44->41": 3, "44->47": 2, "47->44": 3, "47->49": 2, "49->47": 3, "49->51": 2, "51->49": 3, "51->53": 2, "53->51": 3, "53->54": 2, "54->53": 3, "54->58": 2, "58->54": 3, "58->60": 2, "60->58": 3, "60->63": 2, "63->60": 3, "63->66": 2, "66->63": 3, "66->67": 2, "67->66": 3, "67->70": 2, "70->67": 3, "70->72": 2, "72->70": 3, "72->74": 2, "74->72": 3, "74->76": 2, "76->74": 3, "76->78": 2, "78->76": 3, "78->80": 2, "80->78": 3, "80->82": 2, "82->80": 3, "82->84": 2, "84->82": 3, "84->86": 2, "86->84": 3, "86->87": 2, "87->86": 3, "87->91": 2, "91->87": 3, "92->93": 2, "93->92": 3, "93->97": 2, "97->93": 3, "98->99": 2, "99->98": 3, "99->102": 2, "102->99": 3, "102->104": 2, "104->102": 3, "104->106": 2, "106->104": 3, "106->108": 2, "108->106": 3, "109->112": 2, "112->109": 3, "112->114": 2, "114->112": 3, "114->116": 2, "116->114": 3, "116->118": 2, "118->116": 3, "118->120": 2, "120->118": 3, "120->123": 2, "123->120": 3, "123->125": 2, "125->123": 3, "126->128": 2, "128->126": 3, "129->131": 2, "131->129": 3, "131->133": 2, "133->131": 3, "133->136": 2, "136->133": 3, "136->138": 2, "138->136": 3, "138->139": 2, "139->138": 3, "139->142": 2, "142->139": 3, "142->144": 2, "144->142": 3, "144->145": 2, "145->144": 3, "145->149": 2, "149->145": 3, "149->151": 2, "151->149": 3, "152->153": 2, "153->152": 3, "153->157": 2, "157->153": 3, "157->159": 2, "159->157": 3, "160->161": 2, "161->160": 3, "161->164": 2, "164->161": 3, "18->32": 4, "32->18": 5, "32->72": 4, "72->32": 5}, "metrics": [20.0, 1.0, 0.0]}