{"nodelist": ["ConstructorDeclaration", "{'public'}", "public", "StoreFileInfo", "FormalParameter", "{'final'}", "final", "ReferenceType", "Configuration", "conf", "FormalParameter", "{'final'}", "final", "ReferenceType", "FileSystem", "fs", "FormalParameter", "{'final'}", "final", "ReferenceType", "FileStatus", "fileStatus", "FormalParameter", "{'final'}", "final", "ReferenceType", "Reference", "reference", "FormalParameter", "{'final'}", "final", "ReferenceType", "HFileLink", "link", "StatementExpression", "Assignment", "This", "MemberReference", "fs", "MemberReference", "fs", "=", "StatementExpression", "Assignment", "This", "MemberReference", "conf", "MemberReference", "conf", "=", "StatementExpression", "Assignment", "This", "MemberReference", "initialPath", "MethodInvocation", "fileStatus", "getPath", "=", "StatementExpression", "Assignment", "This", "MemberReference", "createdTimestamp", "MethodInvocation", "fileStatus", "getModificationTime", "=", "StatementExpression", "Assignment", "This", "MemberReference", "reference", "MemberReference", "reference", "=", "StatementExpression", "Assignment", "This", "MemberReference", "link", "MemberReference", "link", "="], "nodes": {"0": "ConstructorDeclaration", "1": "Modifier", "2": "public", "3": "StoreFileInfo", "4": "FormalParameter", "5": "Modifier", "6": "final", "7": "ReferenceType", "8": "Configuration", "9": "conf", "10": "FormalParameter", "11": "Modifier", "12": "final", "13": "ReferenceType", "14": "FileSystem", "15": "fs", "16": "FormalParameter", "17": "Modifier", "18": "final", "19": "ReferenceType", "20": "FileStatus", "21": "fileStatus", "22": "FormalParameter", "23": "Modifier", "24": "final", "25": "ReferenceType", "26": "Reference", "27": "reference", "28": "FormalParameter", "29": "Modifier", "30": "final", "31": "ReferenceType", "32": "HFileLink", "33": "link", "34": "StatementExpression", "35": "Assignment", "36": "This", "37": "MemberReference", "38": "fs", "39": "MemberReference", "40": "fs", "41": "=", "42": "StatementExpression", "43": "Assignment", "44": "This", "45": "MemberReference", "46": "conf", "47": "MemberReference", "48": "conf", "49": "=", "50": "StatementExpression", "51": "Assignment", "52": "This", "53": "MemberReference", "54": "initialPath", "55": "MethodInvocation", "56": "fileStatus", "57": "getPath", "58": "=", "59": "StatementExpression", "60": "Assignment", "61": "This", "62": "MemberReference", "63": "createdTimestamp", "64": "MethodInvocation", "65": "fileStatus", "66": "getModificationTime", "67": "=", "68": "StatementExpression", "69": "Assignment", "70": "This", "71": "MemberReference", "72": "reference", "73": "MemberReference", "74": "reference", "75": "=", "76": "StatementExpression", "77": "Assignment", "78": "This", "79": "MemberReference", "80": "link", "81": "MemberReference", "82": "link", "83": "="}, "edges": {"0->1": 0, "1->0": 0, "1->2": 0, "2->1": 0, "0->3": 0, "3->0": 0, "0->4": 0, "4->0": 0, "4->5": 0, "5->4": 0, "5->6": 0, "6->5": 0, "4->7": 0, "7->4": 0, "7->8": 0, "8->7": 0, "4->9": 0, "9->4": 0, "0->10": 0, "10->0": 0, "10->11": 0, "11->10": 0, "11->12": 0, "12->11": 0, "10->13": 0, "13->10": 0, "13->14": 0, "14->13": 0, "10->15": 0, "15->10": 0, "0->16": 0, "16->0": 0, "16->17": 0, "17->16": 0, "17->18": 0, "18->17": 0, "16->19": 0, "19->16": 0, "19->20": 0, "20->19": 0, "16->21": 0, "21->16": 0, "0->22": 0, "22->0": 0, "22->23": 0, "23->22": 0, "23->24": 0, "24->23": 0, "22->25": 0, "25->22": 0, "25->26": 0, "26->25": 0, "22->27": 0, "27->22": 0, "0->28": 0, "28->0": 0, "28->29": 0, "29->28": 0, "29->30": 0, "30->29": 0, "28->31": 0, "31->28": 0, "31->32": 0, "32->31": 0, "28->33": 0, "33->28": 0, "0->34": 0, "34->0": 0, "34->35": 0, "35->34": 0, "35->36": 0, "36->35": 0, "36->37": 0, "37->36": 0, "37->38": 0, "38->37": 0, "35->39": 0, "39->35": 0, "39->40": 0, "40->39": 0, "35->41": 0, "41->35": 0, "0->42": 0, "42->0": 0, "42->43": 0, "43->42": 0, "43->44": 0, "44->43": 0, "44->45": 0, "45->44": 0, "45->46": 0, "46->45": 0, "43->47": 0, "47->43": 0, "47->48": 0, "48->47": 0, "43->49": 0, "49->43": 0, "0->50": 0, "50->0": 0, "50->51": 0, "51->50": 0, "51->52": 0, "52->51": 0, "52->53": 0, "53->52": 0, "53->54": 0, "54->53": 0, "51->55": 0, "55->51": 0, "55->56": 0, "56->55": 0, "55->57": 0, "57->55": 0, "51->58": 0, "58->51": 0, "0->59": 0, "59->0": 0, "59->60": 0, "60->59": 0, "60->61": 0, "61->60": 0, "61->62": 0, "62->61": 0, "62->63": 0, "63->62": 0, "60->64": 0, "64->60": 0, "64->65": 0, "65->64": 0, "64->66": 0, "66->64": 0, "60->67": 0, "67->60": 0, "0->68": 0, "68->0": 0, "68->69": 0, "69->68": 0, "69->70": 0, "70->69": 0, "70->71": 0, "71->70": 0, "71->72": 0, "72->71": 0, "69->73": 0, "73->69": 0, "73->74": 0, "74->73": 0, "69->75": 0, "75->69": 0, "0->76": 0, "76->0": 0, "76->77": 0, "77->76": 0, "77->78": 0, "78->77": 0, "78->79": 0, "79->78": 0, "79->80": 0, "80->79": 0, "77->81": 0, "81->77": 0, "81->82": 0, "82->81": 0, "77->83": 0, "83->77": 0, "1->3": 1, "3->1": 12, "3->4": 1, "4->3": 12, "4->10": 1, "10->4": 12, "10->16": 1, "16->10": 12, "16->22": 1, "22->16": 12, "22->28": 1, "28->22": 12, "28->34": 1, "34->28": 12, "34->42": 1, "42->34": 12, "42->50": 1, "50->42": 12, "50->59": 1, "59->50": 12, "59->68": 1, "68->59": 12, "68->76": 1, "76->68": 12, "5->7": 1, "7->5": 12, "7->9": 1, "9->7": 12, "11->13": 1, "13->11": 12, "13->15": 1, "15->13": 12, "17->19": 1, "19->17": 12, "19->21": 1, "21->19": 12, "23->25": 1, "25->23": 12, "25->27": 1, "27->25": 12, "29->31": 1, "31->29": 12, "31->33": 1, "33->31": 12, "36->39": 1, "39->36": 12, "39->41": 1, "41->39": 12, "44->47": 1, "47->44": 12, "47->49": 1, "49->47": 12, "52->55": 1, "55->52": 12, "55->58": 1, "58->55": 12, "56->57": 2, "57->56": 3, "61->64": 1, "64->61": 12, "64->67": 1, "67->64": 12, "65->66": 2, "66->65": 3, "70->73": 1, "73->70": 12, "73->75": 1, "75->73": 12, "78->81": 1, "81->78": 12, "81->83": 1, "83->81": 12, "2->3": 2, "3->2": 3, "3->6": 2, "6->3": 3, "6->8": 2, "8->6": 3, "8->9": 2, "9->8": 3, "9->12": 2, "12->9": 3, "12->14": 2, "14->12": 3, "14->15": 2, "15->14": 3, "15->18": 2, "18->15": 3, "18->20": 2, "20->18": 3, "20->21": 2, "21->20": 3, "21->24": 2, "24->21": 3, "24->26": 2, "26->24": 3, "26->27": 2, "27->26": 3, "27->30": 2, "30->27": 3, "30->32": 2, "32->30": 3, "32->33": 2, "33->32": 3, "33->38": 2, "38->33": 3, "38->40": 4, "40->38": 5, "40->41": 2, "41->40": 3, "41->46": 2, "46->41": 3, "46->48": 4, "48->46": 5, "48->49": 2, "49->48": 3, "49->54": 2, "54->49": 3, "54->56": 2, "56->54": 3, "57->58": 2, "58->57": 3, "58->63": 2, "63->58": 3, "63->65": 2, "65->63": 3, "66->67": 2, "67->66": 3, "67->72": 2, "72->67": 3, "72->74": 4, "74->72": 5, "74->75": 2, "75->74": 3, "75->80": 2, "80->75": 3, "80->82": 4, "82->80": 5, "82->83": 2, "83->82": 3}, "metrics": [8.0, 1.0, 5.0]}