{"nodelist": ["MethodDeclaration", "{'static', 'public'}", "static", "public", "BasicType", "boolean", "isHBaseSecurityEnabled", "FormalParameter", "ReferenceType", "Configuration", "conf", "ReturnStatement", "Literal", "MethodInvocation", "MethodInvocation", "conf", "MemberReference", "HBASE_SECURITY_CONF_KEY", "get", "equalsIgnoreCase", "\"kerberos\""], "nodes": {"0": "MethodDeclaration", "1": "Modifier", "2": "static", "3": "public", "4": "BasicType", "5": "boolean", "6": "isHBaseSecurityEnabled", "7": "FormalParameter", "8": "ReferenceType", "9": "Configuration", "10": "conf", "11": "ReturnStatement", "12": "Literal", "13": "MethodInvocation", "14": "MethodInvocation", "15": "conf", "16": "MemberReference", "17": "HBASE_SECURITY_CONF_KEY", "18": "get", "19": "equalsIgnoreCase", "20": "\"kerberos\""}, "edges": {"0->1": 0, "1->0": 0, "1->2": 0, "2->1": 0, "1->3": 0, "3->1": 0, "0->4": 0, "4->0": 0, "4->5": 0, "5->4": 0, "0->6": 0, "6->0": 0, "0->7": 0, "7->0": 0, "7->8": 0, "8->7": 0, "8->9": 0, "9->8": 0, "7->10": 0, "10->7": 0, "0->11": 0, "11->0": 0, "11->12": 0, "12->11": 0, "12->13": 0, "13->12": 0, "13->14": 0, "14->13": 0, "14->15": 0, "15->14": 0, "14->16": 0, "16->14": 0, "16->17": 0, "17->16": 0, "14->18": 0, "18->14": 0, "13->19": 0, "19->13": 0, "12->20": 0, "20->12": 0, "1->4": 1, "4->1": 12, "4->6": 1, "6->4": 12, "6->7": 1, "7->6": 12, "7->11": 1, "11->7": 12, "2->3": 2, "3->2": 3, "8->10": 1, "10->8": 12, "13->20": 1, "20->13": 12, "14->19": 1, "19->14": 12, "15->16": 1, "16->15": 12, "16->18": 1, "18->16": 12, "3->5": 2, "5->3": 3, "5->6": 2, "6->5": 3, "6->9": 2, "9->6": 3, "9->10": 2, "10->9": 3, "10->15": 2, "15->10": 3, "15->17": 2, "17->15": 3, "17->18": 2, "18->17": 3, "18->19": 2, "19->18": 3, "19->20": 2, "20->19": 3}, "metrics": [3.0, 1.0, 1.0]}