{"nodelist": ["MethodDeclaration", "{'public'}", "public", "ReferenceType", "RowResult", "getClosestRowBefore", "FormalParameter", "{'final'}", "final", "BasicType", "byte", "row", "FormalParameter", "{'final'}", "final", "BasicType", "byte", "columnFamily", "IOException", "LocalVariableDeclaration", "ReferenceType", "HStoreKey", "VariableDeclarator", "key", "Literal", "null", "StatementExpression", "MethodInvocation", "MemberReference", "row", "checkRow", "StatementExpression", "MethodInvocation", "splitsAndClosesLock", "MethodInvocation", "lock", "readLock", "TryStatement", "LocalVariableDeclaration", "ReferenceType", "HStore", "VariableDeclarator", "store", "MethodInvocation", "MemberReference", "columnFamily", "getStore", "LocalVariableDeclaration", "BasicType", "byte", "VariableDeclarator", "closestKey", "MethodInvocation", "store", "MemberReference", "row", "getRowKeyAtOrBefore", "IfStatement", "BinaryOperation", "!=", "MemberReference", "closestKey", "Literal", "null", "BlockStatement", "IfStatement", "MethodInvocation", "HStoreKey", "MemberReference", "regionInfo", "MemberReference", "row", "MemberReference", "closestKey", "equalsTwoRowKeys", "BlockStatement", "StatementExpression", "Assignment", "MemberReference", "key", "ClassCreator", "ReferenceType", "HStoreKey", "MemberReference", "closestKey", "This", "MemberReference", "regionInfo", "=", "IfStatement", "BinaryOperation", "==", "MemberReference", "key", "Literal", "null", "BlockStatement", "StatementExpression", "Assignment", "MemberReference", "key", "ClassCreator", "ReferenceType", "HStoreKey", "MemberReference", "closestKey", "This", "MemberReference", "regionInfo", "=", "IfStatement", "BinaryOperation", "==", "MemberReference", "key", "Literal", "null", "BlockStatement", "ReturnStatement", "Literal", "null", "LocalVariableDeclaration", "ReferenceType", "HbaseMapWritable", "TypeArgument", "BasicType", "byte", "TypeArgument", "ReferenceType", "Cell", "VariableDeclarator", "cells", "ClassCreator", "ReferenceType", "HbaseMapWritable", "TypeArgument", "BasicType", "byte", "TypeArgument", "ReferenceType", "Cell", "StatementExpression", "MethodInvocation", "store", "MemberReference", "key", "Literal", "null", "Literal", "1", "MemberReference", "cells", "getFull", "ReturnStatement", "ClassCreator", "ReferenceType", "RowResult", "MethodInvocation", "key", "getRow", "MemberReference", "cells", "StatementExpression", "MethodInvocation", "splitsAndClosesLock", "MethodInvocation", "unlock", "readLock"], "nodes": {"0": "MethodDeclaration", "1": "Modifier", "2": "public", "3": "ReferenceType", "4": "RowResult", "5": "getClosestRowBefore", "6": "FormalParameter", "7": "Modifier", "8": "final", "9": "BasicType", "10": "byte", "11": "row", "12": "FormalParameter", "13": "Modifier", "14": "final", "15": "BasicType", "16": "byte", "17": "columnFamily", "18": "IOException", "19": "LocalVariableDeclaration", "20": "ReferenceType", "21": "HStoreKey", "22": "VariableDeclarator", "23": "key", "24": "Literal", "25": "null", "26": "StatementExpression", "27": "MethodInvocation", "28": "MemberReference", "29": "row", "30": "checkRow", "31": "StatementExpression", "32": "MethodInvocation", "33": "splitsAndClosesLock", "34": "MethodInvocation", "35": "lock", "36": "readLock", "37": "TryStatement", "38": "LocalVariableDeclaration", "39": "ReferenceType", "40": "HStore", "41": "VariableDeclarator", "42": "store", "43": "MethodInvocation", "44": "MemberReference", "45": "columnFamily", "46": "getStore", "47": "LocalVariableDeclaration", "48": "BasicType", "49": "byte", "50": "VariableDeclarator", "51": "closestKey", "52": "MethodInvocation", "53": "store", "54": "MemberReference", "55": "row", "56": "getRowKeyAtOrBefore", "57": "IfStatement", "58": "BinaryOperation", "59": "!=", "60": "MemberReference", "61": "closestKey", "62": "Literal", "63": "null", "64": "BlockStatement", "65": "IfStatement", "66": "MethodInvocation", "67": "HStoreKey", "68": "MemberReference", "69": "regionInfo", "70": "MemberReference", "71": "row", "72": "MemberReference", "73": "closestKey", "74": "equalsTwoRowKeys", "75": "BlockStatement", "76": "StatementExpression", "77": "Assignment", "78": "MemberReference", "79": "key", "80": "ClassCreator", "81": "ReferenceType", "82": "HStoreKey", "83": "MemberReference", "84": "closestKey", "85": "This", "86": "MemberReference", "87": "regionInfo", "88": "=", "89": "IfStatement", "90": "BinaryOperation", "91": "==", "92": "MemberReference", "93": "key", "94": "Literal", "95": "null", "96": "BlockStatement", "97": "StatementExpression", "98": "Assignment", "99": "MemberReference", "100": "key", "101": "ClassCreator", "102": "ReferenceType", "103": "HStoreKey", "104": "MemberReference", "105": "closestKey", "106": "This", "107": "MemberReference", "108": "regionInfo", "109": "=", "110": "IfStatement", "111": "BinaryOperation", "112": "==", "113": "MemberReference", "114": "key", "115": "Literal", "116": "null", "117": "BlockStatement", "118": "ReturnStatement", "119": "Literal", "120": "null", "121": "LocalVariableDeclaration", "122": "ReferenceType", "123": "HbaseMapWritable", "124": "TypeArgument", "125": "BasicType", "126": "byte", "127": "TypeArgument", "128": "ReferenceType", "129": "Cell", "130": "VariableDeclarator", "131": "cells", "132": "ClassCreator", "133": "ReferenceType", "134": "HbaseMapWritable", "135": "TypeArgument", "136": "BasicType", "137": "byte", "138": "TypeArgument", "139": "ReferenceType", "140": "Cell", "141": "StatementExpression", "142": "MethodInvocation", "143": "store", "144": "MemberReference", "145": "key", "146": "Literal", "147": "null", "148": "Literal", "149": "1", "150": "MemberReference", "151": "cells", "152": "getFull", "153": "ReturnStatement", "154": "ClassCreator", "155": "ReferenceType", "156": "RowResult", "157": "MethodInvocation", "158": "key", "159": "getRow", "160": "MemberReference", "161": "cells", "162": "StatementExpression", "163": "MethodInvocation", "164": "splitsAndClosesLock", "165": "MethodInvocation", "166": "unlock", "167": "readLock"}, "edges": {"0->1": 0, "1->0": 0, "1->2": 0, "2->1": 0, "0->3": 0, "3->0": 0, "3->4": 0, "4->3": 0, "0->5": 0, "5->0": 0, "0->6": 0, "6->0": 0, "6->7": 0, "7->6": 0, "7->8": 0, "8->7": 0, "6->9": 0, "9->6": 0, "9->10": 0, "10->9": 0, "6->11": 0, "11->6": 0, "0->12": 0, "12->0": 0, "12->13": 0, "13->12": 0, "13->14": 0, "14->13": 0, "12->15": 0, "15->12": 0, "15->16": 0, "16->15": 0, "12->17": 0, "17->12": 0, "0->18": 0, "18->0": 0, "0->19": 0, "19->0": 0, "19->20": 0, "20->19": 0, "20->21": 0, "21->20": 0, "19->22": 0, "22->19": 0, "22->23": 0, "23->22": 0, "22->24": 0, "24->22": 0, "24->25": 0, "25->24": 0, "0->26": 0, "26->0": 0, "26->27": 0, "27->26": 0, "27->28": 0, "28->27": 0, "28->29": 0, "29->28": 0, "27->30": 0, "30->27": 0, "0->31": 0, "31->0": 0, "31->32": 0, "32->31": 0, "32->33": 0, "33->32": 0, "32->34": 0, "34->32": 0, "34->35": 0, "35->34": 0, "32->36": 0, "36->32": 0, "0->37": 0, "37->0": 0, "37->38": 0, "38->37": 0, "38->39": 0, "39->38": 0, "39->40": 0, "40->39": 0, "38->41": 0, "41->38": 0, "41->42": 0, "42->41": 0, "41->43": 0, "43->41": 0, "43->44": 0, "44->43": 0, "44->45": 0, "45->44": 0, "43->46": 0, "46->43": 0, "37->47": 0, "47->37": 0, "47->48": 0, "48->47": 0, "48->49": 0, "49->48": 0, "47->50": 0, "50->47": 0, "50->51": 0, "51->50": 0, "50->52": 0, "52->50": 0, "52->53": 0, "53->52": 0, "52->54": 0, "54->52": 0, "54->55": 0, "55->54": 0, "52->56": 0, "56->52": 0, "37->57": 0, "57->37": 0, "57->58": 0, "58->57": 0, "58->59": 0, "59->58": 0, "58->60": 0, "60->58": 0, "60->61": 0, "61->60": 0, "58->62": 0, "62->58": 0, "62->63": 0, "63->62": 0, "57->64": 0, "64->57": 0, "64->65": 0, "65->64": 0, "65->66": 0, "66->65": 0, "66->67": 0, "67->66": 0, "66->68": 0, "68->66": 0, "68->69": 0, "69->68": 0, "66->70": 0, "70->66": 0, "70->71": 0, "71->70": 0, "66->72": 0, "72->66": 0, "72->73": 0, "73->72": 0, "66->74": 0, "74->66": 0, "65->75": 0, "75->65": 0, "75->76": 0, "76->75": 0, "76->77": 0, "77->76": 0, "77->78": 0, "78->77": 0, "78->79": 0, "79->78": 0, "77->80": 0, "80->77": 0, "80->81": 0, "81->80": 0, "81->82": 0, "82->81": 0, "80->83": 0, "83->80": 0, "83->84": 0, "84->83": 0, "80->85": 0, "85->80": 0, "85->86": 0, "86->85": 0, "86->87": 0, "87->86": 0, "77->88": 0, "88->77": 0, "64->89": 0, "89->64": 0, "89->90": 0, "90->89": 0, "90->91": 0, "91->90": 0, "90->92": 0, "92->90": 0, "92->93": 0, "93->92": 0, "90->94": 0, "94->90": 0, "94->95": 0, "95->94": 0, "89->96": 0, "96->89": 0, "96->97": 0, "97->96": 0, "97->98": 0, "98->97": 0, "98->99": 0, "99->98": 0, "99->100": 0, "100->99": 0, "98->101": 0, "101->98": 0, "101->102": 0, "102->101": 0, "102->103": 0, "103->102": 0, "101->104": 0, "104->101": 0, "104->105": 0, "105->104": 0, "101->106": 0, "106->101": 0, "106->107": 0, "107->106": 0, "107->108": 0, "108->107": 0, "98->109": 0, "109->98": 0, "37->110": 0, "110->37": 0, "110->111": 0, "111->110": 0, "111->112": 0, "112->111": 0, "111->113": 0, "113->111": 0, "113->114": 0, "114->113": 0, "111->115": 0, "115->111": 0, "115->116": 0, "116->115": 0, "110->117": 0, "117->110": 0, "117->118": 0, "118->117": 0, "118->119": 0, "119->118": 0, "119->120": 0, "120->119": 0, "37->121": 0, "121->37": 0, "121->122": 0, "122->121": 0, "122->123": 0, "123->122": 0, "122->124": 0, "124->122": 0, "124->125": 0, "125->124": 0, "125->126": 0, "126->125": 0, "122->127": 0, "127->122": 0, "127->128": 0, "128->127": 0, "128->129": 0, "129->128": 0, "121->130": 0, "130->121": 0, "130->131": 0, "131->130": 0, "130->132": 0, "132->130": 0, "132->133": 0, "133->132": 0, "133->134": 0, "134->133": 0, "133->135": 0, "135->133": 0, "135->136": 0, "136->135": 0, "136->137": 0, "137->136": 0, "133->138": 0, "138->133": 0, "138->139": 0, "139->138": 0, "139->140": 0, "140->139": 0, "37->141": 0, "141->37": 0, "141->142": 0, "142->141": 0, "142->143": 0, "143->142": 0, "142->144": 0, "144->142": 0, "144->145": 0, "145->144": 0, "142->146": 0, "146->142": 0, "146->147": 0, "147->146": 0, "142->148": 0, "148->142": 0, "148->149": 0, "149->148": 0, "142->150": 0, "150->142": 0, "150->151": 0, "151->150": 0, "142->152": 0, "152->142": 0, "37->153": 0, "153->37": 0, "153->154": 0, "154->153": 0, "154->155": 0, "155->154": 0, "155->156": 0, "156->155": 0, "154->157": 0, "157->154": 0, "157->158": 0, "158->157": 0, "157->159": 0, "159->157": 0, "154->160": 0, "160->154": 0, "160->161": 0, "161->160": 0, "37->162": 0, "162->37": 0, "162->163": 0, "163->162": 0, "163->164": 0, "164->163": 0, "163->165": 0, "165->163": 0, "165->166": 0, "166->165": 0, "163->167": 0, "167->163": 0, "1->3": 1, "3->1": 12, "3->5": 1, "5->3": 12, "5->6": 1, "6->5": 12, "6->12": 1, "12->6": 12, "12->18": 1, "18->12": 12, "18->19": 1, "19->18": 12, "19->26": 1, "26->19": 12, "26->31": 1, "31->26": 12, "31->37": 1, "37->31": 12, "7->9": 1, "9->7": 12, "9->11": 1, "11->9": 12, "13->15": 1, "15->13": 12, "15->17": 1, "17->15": 12, "20->22": 1, "22->20": 12, "23->24": 1, "24->23": 12, "28->30": 1, "30->28": 12, "33->34": 1, "34->33": 12, "34->36": 1, "36->34": 12, "38->47": 1, "47->38": 12, "47->57": 1, "57->47": 12, "57->110": 1, "110->57": 12, "110->121": 1, "121->110": 12, "121->141": 1, "141->121": 12, "141->153": 1, "153->141": 12, "153->162": 1, "162->153": 12, "39->41": 1, "41->39": 12, "42->43": 1, "43->42": 12, "44->46": 1, "46->44": 12, "48->50": 1, "50->48": 12, "51->52": 1, "52->51": 12, "53->54": 1, "54->53": 12, "54->56": 1, "56->54": 12, "58->64": 6, "64->58": 6, "59->60": 1, "60->59": 12, "60->62": 1, "62->60": 12, "65->89": 10, "89->65": 11, "66->75": 6, "75->66": 6, "67->68": 1, "68->67": 12, "68->70": 1, "70->68": 12, "70->72": 1, "72->70": 12, "72->74": 1, "74->72": 12, "78->80": 1, "80->78": 12, "80->88": 1, "88->80": 12, "81->83": 1, "83->81": 12, "83->85": 1, "85->83": 12, "90->96": 6, "96->90": 6, "91->92": 1, "92->91": 12, "92->94": 1, "94->92": 12, "99->101": 1, "101->99": 12, "101->109": 1, "109->101": 12, "102->104": 1, "104->102": 12, "104->106": 1, "106->104": 12, "111->117": 6, "117->111": 6, "112->113": 1, "113->112": 12, "113->115": 1, "115->113": 12, "122->130": 1, "130->122": 12, "123->124": 1, "124->123": 12, "124->127": 1, "127->124": 12, "131->132": 1, "132->131": 12, "134->135": 1, "135->134": 12, "135->138": 1, "138->135": 12, "143->144": 1, "144->143": 12, "144->146": 1, "146->144": 12, "146->148": 1, "148->146": 12, "148->150": 1, "150->148": 12, "150->152": 1, "152->150": 12, "155->157": 1, "157->155": 12, "157->160": 1, "160->157": 12, "158->159": 2, "159->158": 3, "164->165": 1, "165->164": 12, "165->167": 1, "167->165": 12, "2->4": 2, "4->2": 3, "4->5": 2, "5->4": 3, "5->8": 2, "8->5": 3, "8->10": 2, "10->8": 3, "10->11": 2, "11->10": 3, "11->14": 2, "14->11": 3, "14->16": 2, "16->14": 3, "16->17": 2, "17->16": 3, "17->18": 2, "18->17": 3, "18->21": 2, "21->18": 3, "21->23": 2, "23->21": 3, "23->25": 2, "25->23": 3, "25->29": 2, "29->25": 3, "29->30": 2, "30->29": 3, "30->33": 2, "33->30": 3, "33->35": 2, "35->33": 3, "35->36": 2, "36->35": 3, "36->40": 2, "40->36": 3, "40->42": 2, "42->40": 3, "42->45": 2, "45->42": 3, "45->46": 2, "46->45": 3, "46->49": 2, "49->46": 3, "49->51": 2, "51->49": 3, "51->53": 2, "53->51": 3, "53->55": 2, "55->53": 3, "55->56": 2, "56->55": 3, "56->59": 2, "59->56": 3, "59->61": 2, "61->59": 3, "61->63": 2, "63->61": 3, "63->67": 2, "67->63": 3, "67->69": 2, "69->67": 3, "69->71": 2, "71->69": 3, "71->73": 2, "73->71": 3, "73->74": 2, "74->73": 3, "74->79": 2, "79->74": 3, "79->82": 2, "82->79": 3, "82->84": 2, "84->82": 3, "84->87": 2, "87->84": 3, "87->88": 2, "88->87": 3, "88->91": 2, "91->88": 3, "91->93": 2, "93->91": 3, "93->95": 2, "95->93": 3, "95->100": 2, "100->95": 3, "100->103": 2, "103->100": 3, "103->105": 2, "105->103": 3, "105->108": 2, "108->105": 3, "108->109": 2, "109->108": 3, "109->112": 2, "112->109": 3, "112->114": 2, "114->112": 3, "114->116": 2, "116->114": 3, "116->120": 2, "120->116": 3, "120->123": 2, "123->120": 3, "123->126": 2, "126->123": 3, "126->129": 2, "129->126": 3, "129->131": 2, "131->129": 3, "131->134": 2, "134->131": 3, "134->137": 2, "137->134": 3, "137->140": 2, "140->137": 3, "140->143": 2, "143->140": 3, "143->145": 2, "145->143": 3, "145->147": 2, "147->145": 3, "147->149": 2, "149->147": 3, "149->151": 2, "151->149": 3, "151->152": 2, "152->151": 3, "152->156": 2, "156->152": 3, "156->158": 2, "158->156": 3, "159->161": 2, "161->159": 3, "161->164": 2, "164->161": 3, "164->166": 2, "166->164": 3, "166->167": 2, "167->166": 3, "29->55": 4, "55->29": 5, "55->71": 4, "71->55": 5, "61->73": 4, "73->61": 5, "73->84": 4, "84->73": 5, "84->105": 4, "105->84": 5, "69->87": 4, "87->69": 5, "87->108": 4, "108->87": 5, "79->93": 4, "93->79": 5, "93->100": 4, "100->93": 5, "100->114": 4, "114->100": 5, "114->145": 4, "145->114": 5, "151->161": 4, "161->151": 5}, "metrics": [26.0, 5.0, 2.0]}