{"nodelist": ["MethodDeclaration", "{'public'}", "public", "Annotation", "Override", "ReferenceType", "String", "toString", "LocalVariableDeclaration", "ReferenceType", "StringBuilder", "VariableDeclarator", "sb", "ClassCreator", "ReferenceType", "StringBuilder", "Literal", "\"TRowResult(\"", "LocalVariableDeclaration", "BasicType", "boolean", "VariableDeclarator", "first", "Literal", "true", "StatementExpression", "MethodInvocation", "sb", "Literal", "\"row:\"", "append", "IfStatement", "BinaryOperation", "==", "This", "MemberReference", "row", "Literal", "null", "BlockStatement", "StatementExpression", "MethodInvocation", "sb", "Literal", "\"null\"", "append", "BlockStatement", "StatementExpression", "MethodInvocation", "sb", "This", "MemberReference", "row", "append", "StatementExpression", "Assignment", "MemberReference", "first", "Literal", "false", "=", "IfStatement", "MethodInvocation", "isSetColumns", "BlockStatement", "IfStatement", "MemberReference", "!", "first", "StatementExpression", "MethodInvocation", "sb", "Literal", "\", \"", "append", "StatementExpression", "MethodInvocation", "sb", "Literal", "\"columns:\"", "append", "IfStatement", "BinaryOperation", "==", "This", "MemberReference", "columns", "Literal", "null", "BlockStatement", "StatementExpression", "MethodInvocation", "sb", "Literal", "\"null\"", "append", "BlockStatement", "StatementExpression", "MethodInvocation", "sb", "This", "MemberReference", "columns", "append", "StatementExpression", "Assignment", "MemberReference", "first", "Literal", "false", "=", "IfStatement", "MethodInvocation", "isSetSortedColumns", "BlockStatement", "IfStatement", "MemberReference", "!", "first", "StatementExpression", "MethodInvocation", "sb", "Literal", "\", \"", "append", "StatementExpression", "MethodInvocation", "sb", "Literal", "\"sortedColumns:\"", "append", "IfStatement", "BinaryOperation", "==", "This", "MemberReference", "sortedColumns", "Literal", "null", "BlockStatement", "StatementExpression", "MethodInvocation", "sb", "Literal", "\"null\"", "append", "BlockStatement", "StatementExpression", "MethodInvocation", "sb", "This", "MemberReference", "sortedColumns", "append", "StatementExpression", "Assignment", "MemberReference", "first", "Literal", "false", "=", "StatementExpression", "MethodInvocation", "sb", "Literal", "\")\"", "append", "ReturnStatement", "MethodInvocation", "sb", "toString"], "nodes": {"0": "MethodDeclaration", "1": "Modifier", "2": "public", "3": "Annotation", "4": "Override", "5": "ReferenceType", "6": "String", "7": "toString", "8": "LocalVariableDeclaration", "9": "ReferenceType", "10": "StringBuilder", "11": "VariableDeclarator", "12": "sb", "13": "ClassCreator", "14": "ReferenceType", "15": "StringBuilder", "16": "Literal", "17": "\"TRowResult(\"", "18": "LocalVariableDeclaration", "19": "BasicType", "20": "boolean", "21": "VariableDeclarator", "22": "first", "23": "Literal", "24": "true", "25": "StatementExpression", "26": "MethodInvocation", "27": "sb", "28": "Literal", "29": "\"row:\"", "30": "append", "31": "IfStatement", "32": "BinaryOperation", "33": "==", "34": "This", "35": "MemberReference", "36": "row", "37": "Literal", "38": "null", "39": "BlockStatement", "40": "StatementExpression", "41": "MethodInvocation", "42": "sb", "43": "Literal", "44": "\"null\"", "45": "append", "46": "BlockStatement", "47": "StatementExpression", "48": "MethodInvocation", "49": "sb", "50": "This", "51": "MemberReference", "52": "row", "53": "append", "54": "StatementExpression", "55": "Assignment", "56": "MemberReference", "57": "first", "58": "Literal", "59": "false", "60": "=", "61": "IfStatement", "62": "MethodInvocation", "63": "isSetColumns", "64": "BlockStatement", "65": "IfStatement", "66": "MemberReference", "67": "!", "68": "first", "69": "StatementExpression", "70": "MethodInvocation", "71": "sb", "72": "Literal", "73": "\", \"", "74": "append", "75": "StatementExpression", "76": "MethodInvocation", "77": "sb", "78": "Literal", "79": "\"columns:\"", "80": "append", "81": "IfStatement", "82": "BinaryOperation", "83": "==", "84": "This", "85": "MemberReference", "86": "columns", "87": "Literal", "88": "null", "89": "BlockStatement", "90": "StatementExpression", "91": "MethodInvocation", "92": "sb", "93": "Literal", "94": "\"null\"", "95": "append", "96": "BlockStatement", "97": "StatementExpression", "98": "MethodInvocation", "99": "sb", "100": "This", "101": "MemberReference", "102": "columns", "103": "append", "104": "StatementExpression", "105": "Assignment", "106": "MemberReference", "107": "first", "108": "Literal", "109": "false", "110": "=", "111": "IfStatement", "112": "MethodInvocation", "113": "isSetSortedColumns", "114": "BlockStatement", "115": "IfStatement", "116": "MemberReference", "117": "!", "118": "first", "119": "StatementExpression", "120": "MethodInvocation", "121": "sb", "122": "Literal", "123": "\", \"", "124": "append", "125": "StatementExpression", "126": "MethodInvocation", "127": "sb", "128": "Literal", "129": "\"sortedColumns:\"", "130": "append", "131": "IfStatement", "132": "BinaryOperation", "133": "==", "134": "This", "135": "MemberReference", "136": "sortedColumns", "137": "Literal", "138": "null", "139": "BlockStatement", "140": "StatementExpression", "141": "MethodInvocation", "142": "sb", "143": "Literal", "144": "\"null\"", "145": "append", "146": "BlockStatement", "147": "StatementExpression", "148": "MethodInvocation", "149": "sb", "150": "This", "151": "MemberReference", "152": "sortedColumns", "153": "append", "154": "StatementExpression", "155": "Assignment", "156": "MemberReference", "157": "first", "158": "Literal", "159": "false", "160": "=", "161": "StatementExpression", "162": "MethodInvocation", "163": "sb", "164": "Literal", "165": "\")\"", "166": "append", "167": "ReturnStatement", "168": "MethodInvocation", "169": "sb", "170": "toString"}, "edges": {"0->1": 0, "1->0": 0, "1->2": 0, "2->1": 0, "0->3": 0, "3->0": 0, "3->4": 0, "4->3": 0, "0->5": 0, "5->0": 0, "5->6": 0, "6->5": 0, "0->7": 0, "7->0": 0, "0->8": 0, "8->0": 0, "8->9": 0, "9->8": 0, "9->10": 0, "10->9": 0, "8->11": 0, "11->8": 0, "11->12": 0, "12->11": 0, "11->13": 0, "13->11": 0, "13->14": 0, "14->13": 0, "14->15": 0, "15->14": 0, "13->16": 0, "16->13": 0, "16->17": 0, "17->16": 0, "0->18": 0, "18->0": 0, "18->19": 0, "19->18": 0, "19->20": 0, "20->19": 0, "18->21": 0, "21->18": 0, "21->22": 0, "22->21": 0, "21->23": 0, "23->21": 0, "23->24": 0, "24->23": 0, "0->25": 0, "25->0": 0, "25->26": 0, "26->25": 0, "26->27": 0, "27->26": 0, "26->28": 0, "28->26": 0, "28->29": 0, "29->28": 0, "26->30": 0, "30->26": 0, "0->31": 0, "31->0": 0, "31->32": 0, "32->31": 0, "32->33": 0, "33->32": 0, "32->34": 0, "34->32": 0, "34->35": 0, "35->34": 0, "35->36": 0, "36->35": 0, "32->37": 0, "37->32": 0, "37->38": 0, "38->37": 0, "31->39": 0, "39->31": 0, "39->40": 0, "40->39": 0, "40->41": 0, "41->40": 0, "41->42": 0, "42->41": 0, "41->43": 0, "43->41": 0, "43->44": 0, "44->43": 0, "41->45": 0, "45->41": 0, "31->46": 0, "46->31": 0, "46->47": 0, "47->46": 0, "47->48": 0, "48->47": 0, "48->49": 0, "49->48": 0, "48->50": 0, "50->48": 0, "50->51": 0, "51->50": 0, "51->52": 0, "52->51": 0, "48->53": 0, "53->48": 0, "0->54": 0, "54->0": 0, "54->55": 0, "55->54": 0, "55->56": 0, "56->55": 0, "56->57": 0, "57->56": 0, "55->58": 0, "58->55": 0, "58->59": 0, "59->58": 0, "55->60": 0, "60->55": 0, "0->61": 0, "61->0": 0, "61->62": 0, "62->61": 0, "62->63": 0, "63->62": 0, "61->64": 0, "64->61": 0, "64->65": 0, "65->64": 0, "65->66": 0, "66->65": 0, "66->67": 0, "67->66": 0, "66->68": 0, "68->66": 0, "65->69": 0, "69->65": 0, "69->70": 0, "70->69": 0, "70->71": 0, "71->70": 0, "70->72": 0, "72->70": 0, "72->73": 0, "73->72": 0, "70->74": 0, "74->70": 0, "64->75": 0, "75->64": 0, "75->76": 0, "76->75": 0, "76->77": 0, "77->76": 0, "76->78": 0, "78->76": 0, "78->79": 0, "79->78": 0, "76->80": 0, "80->76": 0, "64->81": 0, "81->64": 0, "81->82": 0, "82->81": 0, "82->83": 0, "83->82": 0, "82->84": 0, "84->82": 0, "84->85": 0, "85->84": 0, "85->86": 0, "86->85": 0, "82->87": 0, "87->82": 0, "87->88": 0, "88->87": 0, "81->89": 0, "89->81": 0, "89->90": 0, "90->89": 0, "90->91": 0, "91->90": 0, "91->92": 0, "92->91": 0, "91->93": 0, "93->91": 0, "93->94": 0, "94->93": 0, "91->95": 0, "95->91": 0, "81->96": 0, "96->81": 0, "96->97": 0, "97->96": 0, "97->98": 0, "98->97": 0, "98->99": 0, "99->98": 0, "98->100": 0, "100->98": 0, "100->101": 0, "101->100": 0, "101->102": 0, "102->101": 0, "98->103": 0, "103->98": 0, "64->104": 0, "104->64": 0, "104->105": 0, "105->104": 0, "105->106": 0, "106->105": 0, "106->107": 0, "107->106": 0, "105->108": 0, "108->105": 0, "108->109": 0, "109->108": 0, "105->110": 0, "110->105": 0, "0->111": 0, "111->0": 0, "111->112": 0, "112->111": 0, "112->113": 0, "113->112": 0, "111->114": 0, "114->111": 0, "114->115": 0, "115->114": 0, "115->116": 0, "116->115": 0, "116->117": 0, "117->116": 0, "116->118": 0, "118->116": 0, "115->119": 0, "119->115": 0, "119->120": 0, "120->119": 0, "120->121": 0, "121->120": 0, "120->122": 0, "122->120": 0, "122->123": 0, "123->122": 0, "120->124": 0, "124->120": 0, "114->125": 0, "125->114": 0, "125->126": 0, "126->125": 0, "126->127": 0, "127->126": 0, "126->128": 0, "128->126": 0, "128->129": 0, "129->128": 0, "126->130": 0, "130->126": 0, "114->131": 0, "131->114": 0, "131->132": 0, "132->131": 0, "132->133": 0, "133->132": 0, "132->134": 0, "134->132": 0, "134->135": 0, "135->134": 0, "135->136": 0, "136->135": 0, "132->137": 0, "137->132": 0, "137->138": 0, "138->137": 0, "131->139": 0, "139->131": 0, "139->140": 0, "140->139": 0, "140->141": 0, "141->140": 0, "141->142": 0, "142->141": 0, "141->143": 0, "143->141": 0, "143->144": 0, "144->143": 0, "141->145": 0, "145->141": 0, "131->146": 0, "146->131": 0, "146->147": 0, "147->146": 0, "147->148": 0, "148->147": 0, "148->149": 0, "149->148": 0, "148->150": 0, "150->148": 0, "150->151": 0, "151->150": 0, "151->152": 0, "152->151": 0, "148->153": 0, "153->148": 0, "114->154": 0, "154->114": 0, "154->155": 0, "155->154": 0, "155->156": 0, "156->155": 0, "156->157": 0, "157->156": 0, "155->158": 0, "158->155": 0, "158->159": 0, "159->158": 0, "155->160": 0, "160->155": 0, "0->161": 0, "161->0": 0, "161->162": 0, "162->161": 0, "162->163": 0, "163->162": 0, "162->164": 0, "164->162": 0, "164->165": 0, "165->164": 0, "162->166": 0, "166->162": 0, "0->167": 0, "167->0": 0, "167->168": 0, "168->167": 0, "168->169": 0, "169->168": 0, "168->170": 0, "170->168": 0, "1->3": 1, "3->1": 12, "3->5": 1, "5->3": 12, "5->7": 1, "7->5": 12, "7->8": 1, "8->7": 12, "8->18": 1, "18->8": 12, "18->25": 1, "25->18": 12, "25->31": 1, "31->25": 12, "31->54": 1, "54->31": 12, "54->61": 1, "61->54": 12, "61->111": 1, "111->61": 12, "111->161": 1, "161->111": 12, "161->167": 1, "167->161": 12, "9->11": 1, "11->9": 12, "12->13": 1, "13->12": 12, "14->16": 1, "16->14": 12, "19->21": 1, "21->19": 12, "22->23": 1, "23->22": 12, "27->28": 1, "28->27": 12, "28->30": 1, "30->28": 12, "32->39": 6, "39->32": 6, "39->46": 1, "46->39": 12, "33->34": 1, "34->33": 12, "34->37": 1, "37->34": 12, "42->43": 1, "43->42": 12, "43->45": 1, "45->43": 12, "49->50": 1, "50->49": 12, "50->53": 1, "53->50": 12, "56->58": 1, "58->56": 12, "58->60": 1, "60->58": 12, "62->64": 6, "64->62": 6, "65->75": 10, "75->65": 11, "75->81": 10, "81->75": 11, "81->104": 10, "104->81": 11, "66->69": 6, "69->66": 6, "67->68": 2, "68->67": 3, "71->72": 1, "72->71": 12, "72->74": 1, "74->72": 12, "77->78": 1, "78->77": 12, "78->80": 1, "80->78": 12, "82->89": 6, "89->82": 6, "89->96": 1, "96->89": 12, "83->84": 1, "84->83": 12, "84->87": 1, "87->84": 12, "92->93": 1, "93->92": 12, "93->95": 1, "95->93": 12, "99->100": 1, "100->99": 12, "100->103": 1, "103->100": 12, "106->108": 1, "108->106": 12, "108->110": 1, "110->108": 12, "112->114": 6, "114->112": 6, "115->125": 10, "125->115": 11, "125->131": 10, "131->125": 11, "131->154": 10, "154->131": 11, "116->119": 6, "119->116": 6, "117->118": 2, "118->117": 3, "121->122": 1, "122->121": 12, "122->124": 1, "124->122": 12, "127->128": 1, "128->127": 12, "128->130": 1, "130->128": 12, "132->139": 6, "139->132": 6, "139->146": 1, "146->139": 12, "133->134": 1, "134->133": 12, "134->137": 1, "137->134": 12, "142->143": 1, "143->142": 12, "143->145": 1, "145->143": 12, "149->150": 1, "150->149": 12, "150->153": 1, "153->150": 12, "156->158": 1, "158->156": 12, "158->160": 1, "160->158": 12, "163->164": 1, "164->163": 12, "164->166": 1, "166->164": 12, "169->170": 2, "170->169": 3, "32->46": 7, "46->32": 7, "82->96": 7, "96->82": 7, "132->146": 7, "146->132": 7, "2->4": 2, "4->2": 3, "4->6": 2, "6->4": 3, "6->7": 2, "7->6": 3, "7->10": 2, "10->7": 3, "10->12": 2, "12->10": 3, "12->15": 2, "15->12": 3, "15->17": 2, "17->15": 3, "17->20": 2, "20->17": 3, "20->22": 2, "22->20": 3, "22->24": 2, "24->22": 3, "24->27": 2, "27->24": 3, "27->29": 2, "29->27": 3, "29->30": 2, "30->29": 3, "30->33": 2, "33->30": 3, "33->36": 2, "36->33": 3, "36->38": 2, "38->36": 3, "38->42": 2, "42->38": 3, "42->44": 2, "44->42": 3, "44->45": 2, "45->44": 3, "45->49": 2, "49->45": 3, "49->52": 2, "52->49": 3, "52->53": 2, "53->52": 3, "53->57": 2, "57->53": 3, "57->59": 2, "59->57": 3, "59->60": 2, "60->59": 3, "60->63": 2, "63->60": 3, "63->67": 2, "67->63": 3, "68->71": 2, "71->68": 3, "71->73": 2, "73->71": 3, "73->74": 2, "74->73": 3, "74->77": 2, "77->74": 3, "77->79": 2, "79->77": 3, "79->80": 2, "80->79": 3, "80->83": 2, "83->80": 3, "83->86": 2, "86->83": 3, "86->88": 2, "88->86": 3, "88->92": 2, "92->88": 3, "92->94": 2, "94->92": 3, "94->95": 2, "95->94": 3, "95->99": 2, "99->95": 3, "99->102": 2, "102->99": 3, "102->103": 2, "103->102": 3, "103->107": 2, "107->103": 3, "107->109": 2, "109->107": 3, "109->110": 2, "110->109": 3, "110->113": 2, "113->110": 3, "113->117": 2, "117->113": 3, "118->121": 2, "121->118": 3, "121->123": 2, "123->121": 3, "123->124": 2, "124->123": 3, "124->127": 2, "127->124": 3, "127->129": 2, "129->127": 3, "129->130": 2, "130->129": 3, "130->133": 2, "133->130": 3, "133->136": 2, "136->133": 3, "136->138": 2, "138->136": 3, "138->142": 2, "142->138": 3, "142->144": 2, "144->142": 3, "144->145": 2, "145->144": 3, "145->149": 2, "149->145": 3, "149->152": 2, "152->149": 3, "152->153": 2, "153->152": 3, "153->157": 2, "157->153": 3, "157->159": 2, "159->157": 3, "159->160": 2, "160->159": 3, "160->163": 2, "163->160": 3, "163->165": 2, "165->163": 3, "165->166": 2, "166->165": 3, "166->169": 2, "169->166": 3, "36->52": 4, "52->36": 5, "57->68": 4, "68->57": 5, "68->107": 4, "107->68": 5, "107->118": 4, "118->107": 5, "118->157": 4, "157->118": 5, "86->102": 4, "102->86": 5, "136->152": 4, "152->136": 5}, "metrics": [36.0, 8.0, 0.0]}