{"nodelist": ["ConstructorDeclaration", "{'public'}", "public", "SnapshotManager", "FormalParameter", "{'final'}", "final", "ReferenceType", "MasterServices", "master", "FormalParameter", "{'final'}", "final", "ReferenceType", "MetricsMaster", "metricsMaster", "FormalParameter", "ReferenceType", "ProcedureCoordinator", "coordinator", "FormalParameter", "ReferenceType", "ExecutorService", "pool", "IOException", "UnsupportedOperationException", "StatementExpression", "Assignment", "This", "MemberReference", "master", "MemberReference", "master", "=", "StatementExpression", "Assignment", "This", "MemberReference", "metricsMaster", "MemberReference", "metricsMaster", "=", "StatementExpression", "Assignment", "This", "MemberReference", "rootDir", "MethodInvocation", "master", "MethodInvocation", "getRootDir", "getMasterFileSystem", "=", "StatementExpression", "MethodInvocation", "MethodInvocation", "master", "getConfiguration", "MethodInvocation", "master", "getMasterFileSystem", "checkSnapshotSupport", "StatementExpression", "Assignment", "This", "MemberReference", "snapshotLayoutVersion", "MethodInvocation", "SnapshotDescriptionUtils", "MethodInvocation", "master", "getConfiguration", "getDefaultSnapshotLayoutFormat", "=", "StatementExpression", "Assignment", "This", "MemberReference", "coordinator", "MemberReference", "coordinator", "=", "StatementExpression", "Assignment", "This", "MemberReference", "executorService", "MemberReference", "pool", "=", "StatementExpression", "MethodInvocation", "resetTempDir"], "nodes": {"0": "ConstructorDeclaration", "1": "Modifier", "2": "public", "3": "SnapshotManager", "4": "FormalParameter", "5": "Modifier", "6": "final", "7": "ReferenceType", "8": "MasterServices", "9": "master", "10": "FormalParameter", "11": "Modifier", "12": "final", "13": "ReferenceType", "14": "MetricsMaster", "15": "metricsMaster", "16": "FormalParameter", "17": "ReferenceType", "18": "ProcedureCoordinator", "19": "coordinator", "20": "FormalParameter", "21": "ReferenceType", "22": "ExecutorService", "23": "pool", "24": "IOException", "25": "UnsupportedOperationException", "26": "StatementExpression", "27": "Assignment", "28": "This", "29": "MemberReference", "30": "master", "31": "MemberReference", "32": "master", "33": "=", "34": "StatementExpression", "35": "Assignment", "36": "This", "37": "MemberReference", "38": "metricsMaster", "39": "MemberReference", "40": "metricsMaster", "41": "=", "42": "StatementExpression", "43": "Assignment", "44": "This", "45": "MemberReference", "46": "rootDir", "47": "MethodInvocation", "48": "master", "49": "MethodInvocation", "50": "getRootDir", "51": "getMasterFileSystem", "52": "=", "53": "StatementExpression", "54": "MethodInvocation", "55": "MethodInvocation", "56": "master", "57": "getConfiguration", "58": "MethodInvocation", "59": "master", "60": "getMasterFileSystem", "61": "checkSnapshotSupport", "62": "StatementExpression", "63": "Assignment", "64": "This", "65": "MemberReference", "66": "snapshotLayoutVersion", "67": "MethodInvocation", "68": "SnapshotDescriptionUtils", "69": "MethodInvocation", "70": "master", "71": "getConfiguration", "72": "getDefaultSnapshotLayoutFormat", "73": "=", "74": "StatementExpression", "75": "Assignment", "76": "This", "77": "MemberReference", "78": "coordinator", "79": "MemberReference", "80": "coordinator", "81": "=", "82": "StatementExpression", "83": "Assignment", "84": "This", "85": "MemberReference", "86": "executorService", "87": "MemberReference", "88": "pool", "89": "=", "90": "StatementExpression", "91": "MethodInvocation", "92": "resetTempDir"}, "edges": {"0->1": 0, "1->0": 0, "1->2": 0, "2->1": 0, "0->3": 0, "3->0": 0, "0->4": 0, "4->0": 0, "4->5": 0, "5->4": 0, "5->6": 0, "6->5": 0, "4->7": 0, "7->4": 0, "7->8": 0, "8->7": 0, "4->9": 0, "9->4": 0, "0->10": 0, "10->0": 0, "10->11": 0, "11->10": 0, "11->12": 0, "12->11": 0, "10->13": 0, "13->10": 0, "13->14": 0, "14->13": 0, "10->15": 0, "15->10": 0, "0->16": 0, "16->0": 0, "16->17": 0, "17->16": 0, "17->18": 0, "18->17": 0, "16->19": 0, "19->16": 0, "0->20": 0, "20->0": 0, "20->21": 0, "21->20": 0, "21->22": 0, "22->21": 0, "20->23": 0, "23->20": 0, "0->24": 0, "24->0": 0, "0->25": 0, "25->0": 0, "0->26": 0, "26->0": 0, "26->27": 0, "27->26": 0, "27->28": 0, "28->27": 0, "28->29": 0, "29->28": 0, "29->30": 0, "30->29": 0, "27->31": 0, "31->27": 0, "31->32": 0, "32->31": 0, "27->33": 0, "33->27": 0, "0->34": 0, "34->0": 0, "34->35": 0, "35->34": 0, "35->36": 0, "36->35": 0, "36->37": 0, "37->36": 0, "37->38": 0, "38->37": 0, "35->39": 0, "39->35": 0, "39->40": 0, "40->39": 0, "35->41": 0, "41->35": 0, "0->42": 0, "42->0": 0, "42->43": 0, "43->42": 0, "43->44": 0, "44->43": 0, "44->45": 0, "45->44": 0, "45->46": 0, "46->45": 0, "43->47": 0, "47->43": 0, "47->48": 0, "48->47": 0, "47->49": 0, "49->47": 0, "49->50": 0, "50->49": 0, "47->51": 0, "51->47": 0, "43->52": 0, "52->43": 0, "0->53": 0, "53->0": 0, "53->54": 0, "54->53": 0, "54->55": 0, "55->54": 0, "55->56": 0, "56->55": 0, "55->57": 0, "57->55": 0, "54->58": 0, "58->54": 0, "58->59": 0, "59->58": 0, "58->60": 0, "60->58": 0, "54->61": 0, "61->54": 0, "0->62": 0, "62->0": 0, "62->63": 0, "63->62": 0, "63->64": 0, "64->63": 0, "64->65": 0, "65->64": 0, "65->66": 0, "66->65": 0, "63->67": 0, "67->63": 0, "67->68": 0, "68->67": 0, "67->69": 0, "69->67": 0, "69->70": 0, "70->69": 0, "69->71": 0, "71->69": 0, "67->72": 0, "72->67": 0, "63->73": 0, "73->63": 0, "0->74": 0, "74->0": 0, "74->75": 0, "75->74": 0, "75->76": 0, "76->75": 0, "76->77": 0, "77->76": 0, "77->78": 0, "78->77": 0, "75->79": 0, "79->75": 0, "79->80": 0, "80->79": 0, "75->81": 0, "81->75": 0, "0->82": 0, "82->0": 0, "82->83": 0, "83->82": 0, "83->84": 0, "84->83": 0, "84->85": 0, "85->84": 0, "85->86": 0, "86->85": 0, "83->87": 0, "87->83": 0, "87->88": 0, "88->87": 0, "83->89": 0, "89->83": 0, "0->90": 0, "90->0": 0, "90->91": 0, "91->90": 0, "91->92": 0, "92->91": 0, "1->3": 1, "3->1": 12, "3->4": 1, "4->3": 12, "4->10": 1, "10->4": 12, "10->16": 1, "16->10": 12, "16->20": 1, "20->16": 12, "20->24": 1, "24->20": 12, "24->25": 2, "25->24": 3, "25->26": 1, "26->25": 12, "26->34": 1, "34->26": 12, "34->42": 1, "42->34": 12, "42->53": 1, "53->42": 12, "53->62": 1, "62->53": 12, "62->74": 1, "74->62": 12, "74->82": 1, "82->74": 12, "82->90": 1, "90->82": 12, "5->7": 1, "7->5": 12, "7->9": 1, "9->7": 12, "11->13": 1, "13->11": 12, "13->15": 1, "15->13": 12, "17->19": 1, "19->17": 12, "21->23": 1, "23->21": 12, "28->31": 1, "31->28": 12, "31->33": 1, "33->31": 12, "36->39": 1, "39->36": 12, "39->41": 1, "41->39": 12, "44->47": 1, "47->44": 12, "47->52": 1, "52->47": 12, "48->49": 1, "49->48": 12, "49->51": 1, "51->49": 12, "55->58": 1, "58->55": 12, "58->61": 1, "61->58": 12, "56->57": 2, "57->56": 3, "59->60": 2, "60->59": 3, "64->67": 1, "67->64": 12, "67->73": 1, "73->67": 12, "68->69": 1, "69->68": 12, "69->72": 1, "72->69": 12, "70->71": 2, "71->70": 3, "76->79": 1, "79->76": 12, "79->81": 1, "81->79": 12, "84->87": 1, "87->84": 12, "87->89": 1, "89->87": 12, "2->3": 2, "3->2": 3, "3->6": 2, "6->3": 3, "6->8": 2, "8->6": 3, "8->9": 2, "9->8": 3, "9->12": 2, "12->9": 3, "12->14": 2, "14->12": 3, "14->15": 2, "15->14": 3, "15->18": 2, "18->15": 3, "18->19": 2, "19->18": 3, "19->22": 2, "22->19": 3, "22->23": 2, "23->22": 3, "23->24": 2, "24->23": 3, "25->30": 2, "30->25": 3, "30->32": 4, "32->30": 5, "32->33": 2, "33->32": 3, "33->38": 2, "38->33": 3, "38->40": 4, "40->38": 5, "40->41": 2, "41->40": 3, "41->46": 2, "46->41": 3, "46->48": 2, "48->46": 3, "48->50": 2, "50->48": 3, "50->51": 2, "51->50": 3, "51->52": 2, "52->51": 3, "52->56": 2, "56->52": 3, "57->59": 2, "59->57": 3, "60->61": 2, "61->60": 3, "61->66": 2, "66->61": 3, "66->68": 2, "68->66": 3, "68->70": 2, "70->68": 3, "71->72": 2, "72->71": 3, "72->73": 2, "73->72": 3, "73->78": 2, "78->73": 3, "78->80": 4, "80->78": 5, "80->81": 2, "81->80": 3, "81->86": 2, "86->81": 3, "86->88": 2, "88->86": 3, "88->89": 2, "89->88": 3, "89->92": 2, "92->89": 3}, "metrics": [10.0, 1.0, 4.0]}