{"nodelist": ["MethodDeclaration", "{'private'}", "private", "disablePeer", "FormalParameter", "ReferenceType", "String", "id", "FormalParameter", "BasicType", "int", "masterClusterNumber", "Exception", "TryStatement", "TryResource", "ReferenceType", "Connection", "conn", "MethodInvocation", "ConnectionFactory", "MemberReference", "ArraySelector", "MemberReference", "masterClusterNumber", "configurations", "createConnection", "TryResource", "ReferenceType", "Admin", "admin", "MethodInvocation", "conn", "getAdmin", "StatementExpression", "MethodInvocation", "admin", "MemberReference", "id", "disableReplicationPeer"], "nodes": {"0": "MethodDeclaration", "1": "Modifier", "2": "private", "3": "disablePeer", "4": "FormalParameter", "5": "ReferenceType", "6": "String", "7": "id", "8": "FormalParameter", "9": "BasicType", "10": "int", "11": "masterClusterNumber", "12": "Exception", "13": "TryStatement", "14": "TryResource", "15": "ReferenceType", "16": "Connection", "17": "conn", "18": "MethodInvocation", "19": "ConnectionFactory", "20": "MemberReference", "21": "ArraySelector", "22": "MemberReference", "23": "masterClusterNumber", "24": "configurations", "25": "createConnection", "26": "TryResource", "27": "ReferenceType", "28": "Admin", "29": "admin", "30": "MethodInvocation", "31": "conn", "32": "getAdmin", "33": "StatementExpression", "34": "MethodInvocation", "35": "admin", "36": "MemberReference", "37": "id", "38": "disableReplicationPeer"}, "edges": {"0->1": 0, "1->0": 0, "1->2": 0, "2->1": 0, "0->3": 0, "3->0": 0, "0->4": 0, "4->0": 0, "4->5": 0, "5->4": 0, "5->6": 0, "6->5": 0, "4->7": 0, "7->4": 0, "0->8": 0, "8->0": 0, "8->9": 0, "9->8": 0, "9->10": 0, "10->9": 0, "8->11": 0, "11->8": 0, "0->12": 0, "12->0": 0, "0->13": 0, "13->0": 0, "13->14": 0, "14->13": 0, "14->15": 0, "15->14": 0, "15->16": 0, "16->15": 0, "14->17": 0, "17->14": 0, "14->18": 0, "18->14": 0, "18->19": 0, "19->18": 0, "18->20": 0, "20->18": 0, "20->21": 0, "21->20": 0, "21->22": 0, "22->21": 0, "22->23": 0, "23->22": 0, "20->24": 0, "24->20": 0, "18->25": 0, "25->18": 0, "13->26": 0, "26->13": 0, "26->27": 0, "27->26": 0, "27->28": 0, "28->27": 0, "26->29": 0, "29->26": 0, "26->30": 0, "30->26": 0, "30->31": 0, "31->30": 0, "30->32": 0, "32->30": 0, "13->33": 0, "33->13": 0, "33->34": 0, "34->33": 0, "34->35": 0, "35->34": 0, "34->36": 0, "36->34": 0, "36->37": 0, "37->36": 0, "34->38": 0, "38->34": 0, "1->3": 1, "3->1": 12, "3->4": 1, "4->3": 12, "4->8": 1, "8->4": 12, "8->12": 1, "12->8": 12, "12->13": 1, "13->12": 12, "5->7": 1, "7->5": 12, "9->11": 1, "11->9": 12, "14->26": 1, "26->14": 12, "26->33": 1, "33->26": 12, "15->17": 1, "17->15": 12, "17->18": 1, "18->17": 12, "19->20": 1, "20->19": 12, "20->25": 1, "25->20": 12, "21->24": 1, "24->21": 12, "27->29": 1, "29->27": 12, "29->30": 1, "30->29": 12, "31->32": 2, "32->31": 3, "35->36": 1, "36->35": 12, "36->38": 1, "38->36": 12, "2->3": 2, "3->2": 3, "3->6": 2, "6->3": 3, "6->7": 2, "7->6": 3, "7->10": 2, "10->7": 3, "10->11": 2, "11->10": 3, "11->12": 2, "12->11": 3, "12->16": 2, "16->12": 3, "16->17": 2, "17->16": 3, "17->19": 2, "19->17": 3, "19->23": 2, "23->19": 3, "23->24": 2, "24->23": 3, "24->25": 2, "25->24": 3, "25->28": 2, "28->25": 3, "28->29": 2, "29->28": 3, "29->31": 2, "31->29": 3, "32->35": 2, "35->32": 3, "35->37": 2, "37->35": 3, "37->38": 2, "38->37": 3}, "metrics": [5.0, 1.0, 2.0]}