{"nodelist": ["MethodDeclaration", "ReferenceType", "String", "toFamilyString", "LocalVariableDeclaration", "ReferenceType", "StringBuilder", "VariableDeclarator", "sb", "ClassCreator", "ReferenceType", "StringBuilder", "IfStatement", "BinaryOperation", "!=", "MemberReference", "families", "Literal", "null", "BlockStatement", "LocalVariableDeclaration", "BasicType", "boolean", "VariableDeclarator", "first", "Literal", "true", "ForStatement", "EnhancedForControl", "VariableDeclaration", "ReferenceType", "Map", "ReferenceType", "Entry", "TypeArgument", "BasicType", "byte", "TypeArgument", "ReferenceType", "Collection", "TypeArgument", "?", "extends", "VariableDeclarator", "entry", "MethodInvocation", "families", "entrySet", "BlockStatement", "LocalVariableDeclaration", "ReferenceType", "String", "VariableDeclarator", "familyName", "MethodInvocation", "Bytes", "MethodInvocation", "entry", "getKey", "toString", "IfStatement", "BinaryOperation", "&&", "BinaryOperation", "!=", "MethodInvocation", "entry", "getValue", "Literal", "null", "MethodInvocation", "!", "entry", "MethodInvocation", "isEmpty", "getValue", "BlockStatement", "ForStatement", "EnhancedForControl", "VariableDeclaration", "ReferenceType", "Object", "VariableDeclarator", "o", "MethodInvocation", "entry", "getValue", "BlockStatement", "LocalVariableDeclaration", "ReferenceType", "String", "VariableDeclarator", "qualifier", "IfStatement", "BinaryOperation", "instanceof", "MemberReference", "o", "BasicType", "byte", "BlockStatement", "StatementExpression", "Assignment", "MemberReference", "qualifier", "MethodInvocation", "Bytes", "Cast", "BasicType", "byte", "MemberReference", "o", "toString", "=", "IfStatement", "BinaryOperation", "instanceof", "MemberReference", "o", "ReferenceType", "Cell", "BlockStatement", "LocalVariableDeclaration", "ReferenceType", "Cell", "VariableDeclarator", "c", "Cast", "ReferenceType", "Cell", "MemberReference", "o", "StatementExpression", "Assignment", "MemberReference", "qualifier", "MethodInvocation", "Bytes", "MethodInvocation", "c", "getQualifierArray", "MethodInvocation", "c", "getQualifierOffset", "MethodInvocation", "c", "getQualifierLength", "toString", "=", "BlockStatement", "StatementExpression", "Assignment", "MemberReference", "qualifier", "MethodInvocation", "o", "toString", "=", "IfStatement", "MemberReference", "!", "first", "BlockStatement", "StatementExpression", "MethodInvocation", "sb", "Literal", "\"|\"", "append", "StatementExpression", "Assignment", "MemberReference", "first", "Literal", "false", "=", "StatementExpression", "MethodInvocation", "sb", "MethodInvocation", "Literal", "\":\"", "append", "MethodInvocation", "MemberReference", "qualifier", "append", "MemberReference", "familyName", "append", "BlockStatement", "IfStatement", "MemberReference", "!", "first", "BlockStatement", "StatementExpression", "MethodInvocation", "sb", "Literal", "\"|\"", "append", "StatementExpression", "Assignment", "MemberReference", "first", "Literal", "false", "=", "StatementExpression", "MethodInvocation", "sb", "MemberReference", "familyName", "append", "IfStatement", "BinaryOperation", "!=", "MemberReference", "family", "Literal", "null", "BlockStatement", "StatementExpression", "MethodInvocation", "sb", "MethodInvocation", "Bytes", "MemberReference", "family", "toString", "append", "IfStatement", "BinaryOperation", "!=", "MemberReference", "qualifier", "Literal", "null", "BlockStatement", "StatementExpression", "MethodInvocation", "sb", "MethodInvocation", "MethodInvocation", "Bytes", "MemberReference", "qualifier", "toString", "append", "Literal", "\":\"", "append", "ReturnStatement", "MethodInvocation", "sb", "toString"], "nodes": {"0": "MethodDeclaration", "1": "ReferenceType", "2": "String", "3": "toFamilyString", "4": "LocalVariableDeclaration", "5": "ReferenceType", "6": "StringBuilder", "7": "VariableDeclarator", "8": "sb", "9": "ClassCreator", "10": "ReferenceType", "11": "StringBuilder", "12": "IfStatement", "13": "BinaryOperation", "14": "!=", "15": "MemberReference", "16": "families", "17": "Literal", "18": "null", "19": "BlockStatement", "20": "LocalVariableDeclaration", "21": "BasicType", "22": "boolean", "23": "VariableDeclarator", "24": "first", "25": "Literal", "26": "true", "27": "ForStatement", "28": "EnhancedForControl", "29": "VariableDeclaration", "30": "ReferenceType", "31": "Map", "32": "ReferenceType", "33": "Entry", "34": "TypeArgument", "35": "BasicType", "36": "byte", "37": "TypeArgument", "38": "ReferenceType", "39": "Collection", "40": "TypeArgument", "41": "?", "42": "extends", "43": "VariableDeclarator", "44": "entry", "45": "MethodInvocation", "46": "families", "47": "entrySet", "48": "BlockStatement", "49": "LocalVariableDeclaration", "50": "ReferenceType", "51": "String", "52": "VariableDeclarator", "53": "familyName", "54": "MethodInvocation", "55": "Bytes", "56": "MethodInvocation", "57": "entry", "58": "getKey", "59": "toString", "60": "IfStatement", "61": "BinaryOperation", "62": "&&", "63": "BinaryOperation", "64": "!=", "65": "MethodInvocation", "66": "entry", "67": "getValue", "68": "Literal", "69": "null", "70": "MethodInvocation", "71": "!", "72": "entry", "73": "MethodInvocation", "74": "isEmpty", "75": "getValue", "76": "BlockStatement", "77": "ForStatement", "78": "EnhancedForControl", "79": "VariableDeclaration", "80": "ReferenceType", "81": "Object", "82": "VariableDeclarator", "83": "o", "84": "MethodInvocation", "85": "entry", "86": "getValue", "87": "BlockStatement", "88": "LocalVariableDeclaration", "89": "ReferenceType", "90": "String", "91": "VariableDeclarator", "92": "qualifier", "93": "IfStatement", "94": "BinaryOperation", "95": "instanceof", "96": "MemberReference", "97": "o", "98": "BasicType", "99": "byte", "100": "BlockStatement", "101": "StatementExpression", "102": "Assignment", "103": "MemberReference", "104": "qualifier", "105": "MethodInvocation", "106": "Bytes", "107": "Cast", "108": "BasicType", "109": "byte", "110": "MemberReference", "111": "o", "112": "toString", "113": "=", "114": "IfStatement", "115": "BinaryOperation", "116": "instanceof", "117": "MemberReference", "118": "o", "119": "ReferenceType", "120": "Cell", "121": "BlockStatement", "122": "LocalVariableDeclaration", "123": "ReferenceType", "124": "Cell", "125": "VariableDeclarator", "126": "c", "127": "Cast", "128": "ReferenceType", "129": "Cell", "130": "MemberReference", "131": "o", "132": "StatementExpression", "133": "Assignment", "134": "MemberReference", "135": "qualifier", "136": "MethodInvocation", "137": "Bytes", "138": "MethodInvocation", "139": "c", "140": "getQualifierArray", "141": "MethodInvocation", "142": "c", "143": "getQualifierOffset", "144": "MethodInvocation", "145": "c", "146": "getQualifierLength", "147": "toString", "148": "=", "149": "BlockStatement", "150": "StatementExpression", "151": "Assignment", "152": "MemberReference", "153": "qualifier", "154": "MethodInvocation", "155": "o", "156": "toString", "157": "=", "158": "IfStatement", "159": "MemberReference", "160": "!", "161": "first", "162": "BlockStatement", "163": "StatementExpression", "164": "MethodInvocation", "165": "sb", "166": "Literal", "167": "\"|\"", "168": "append", "169": "StatementExpression", "170": "Assignment", "171": "MemberReference", "172": "first", "173": "Literal", "174": "false", "175": "=", "176": "StatementExpression", "177": "MethodInvocation", "178": "sb", "179": "MethodInvocation", "180": "Literal", "181": "\":\"", "182": "append", "183": "MethodInvocation", "184": "MemberReference", "185": "qualifier", "186": "append", "187": "MemberReference", "188": "familyName", "189": "append", "190": "BlockStatement", "191": "IfStatement", "192": "MemberReference", "193": "!", "194": "first", "195": "BlockStatement", "196": "StatementExpression", "197": "MethodInvocation", "198": "sb", "199": "Literal", "200": "\"|\"", "201": "append", "202": "StatementExpression", "203": "Assignment", "204": "MemberReference", "205": "first", "206": "Literal", "207": "false", "208": "=", "209": "StatementExpression", "210": "MethodInvocation", "211": "sb", "212": "MemberReference", "213": "familyName", "214": "append", "215": "IfStatement", "216": "BinaryOperation", "217": "!=", "218": "MemberReference", "219": "family", "220": "Literal", "221": "null", "222": "BlockStatement", "223": "StatementExpression", "224": "MethodInvocation", "225": "sb", "226": "MethodInvocation", "227": "Bytes", "228": "MemberReference", "229": "family", "230": "toString", "231": "append", "232": "IfStatement", "233": "BinaryOperation", "234": "!=", "235": "MemberReference", "236": "qualifier", "237": "Literal", "238": "null", "239": "BlockStatement", "240": "StatementExpression", "241": "MethodInvocation", "242": "sb", "243": "MethodInvocation", "244": "MethodInvocation", "245": "Bytes", "246": "MemberReference", "247": "qualifier", "248": "toString", "249": "append", "250": "Literal", "251": "\":\"", "252": "append", "253": "ReturnStatement", "254": "MethodInvocation", "255": "sb", "256": "toString"}, "edges": {"0->1": 0, "1->0": 0, "1->2": 0, "2->1": 0, "0->3": 0, "3->0": 0, "0->4": 0, "4->0": 0, "4->5": 0, "5->4": 0, "5->6": 0, "6->5": 0, "4->7": 0, "7->4": 0, "7->8": 0, "8->7": 0, "7->9": 0, "9->7": 0, "9->10": 0, "10->9": 0, "10->11": 0, "11->10": 0, "0->12": 0, "12->0": 0, "12->13": 0, "13->12": 0, "13->14": 0, "14->13": 0, "13->15": 0, "15->13": 0, "15->16": 0, "16->15": 0, "13->17": 0, "17->13": 0, "17->18": 0, "18->17": 0, "12->19": 0, "19->12": 0, "19->20": 0, "20->19": 0, "20->21": 0, "21->20": 0, "21->22": 0, "22->21": 0, "20->23": 0, "23->20": 0, "23->24": 0, "24->23": 0, "23->25": 0, "25->23": 0, "25->26": 0, "26->25": 0, "19->27": 0, "27->19": 0, "27->28": 0, "28->27": 0, "28->29": 0, "29->28": 0, "29->30": 0, "30->29": 0, "30->31": 0, "31->30": 0, "30->32": 0, "32->30": 0, "32->33": 0, "33->32": 0, "32->34": 0, "34->32": 0, "34->35": 0, "35->34": 0, "35->36": 0, "36->35": 0, "32->37": 0, "37->32": 0, "37->38": 0, "38->37": 0, "38->39": 0, "39->38": 0, "38->40": 0, "40->38": 0, "40->41": 0, "41->40": 0, "37->42": 0, "42->37": 0, "29->43": 0, "43->29": 0, "43->44": 0, "44->43": 0, "28->45": 0, "45->28": 0, "45->46": 0, "46->45": 0, "45->47": 0, "47->45": 0, "27->48": 0, "48->27": 0, "48->49": 0, "49->48": 0, "49->50": 0, "50->49": 0, "50->51": 0, "51->50": 0, "49->52": 0, "52->49": 0, "52->53": 0, "53->52": 0, "52->54": 0, "54->52": 0, "54->55": 0, "55->54": 0, "54->56": 0, "56->54": 0, "56->57": 0, "57->56": 0, "56->58": 0, "58->56": 0, "54->59": 0, "59->54": 0, "48->60": 0, "60->48": 0, "60->61": 0, "61->60": 0, "61->62": 0, "62->61": 0, "61->63": 0, "63->61": 0, "63->64": 0, "64->63": 0, "63->65": 0, "65->63": 0, "65->66": 0, "66->65": 0, "65->67": 0, "67->65": 0, "63->68": 0, "68->63": 0, "68->69": 0, "69->68": 0, "61->70": 0, "70->61": 0, "70->71": 0, "71->70": 0, "70->72": 0, "72->70": 0, "70->73": 0, "73->70": 0, "73->74": 0, "74->73": 0, "70->75": 0, "75->70": 0, "60->76": 0, "76->60": 0, "76->77": 0, "77->76": 0, "77->78": 0, "78->77": 0, "78->79": 0, "79->78": 0, "79->80": 0, "80->79": 0, "80->81": 0, "81->80": 0, "79->82": 0, "82->79": 0, "82->83": 0, "83->82": 0, "78->84": 0, "84->78": 0, "84->85": 0, "85->84": 0, "84->86": 0, "86->84": 0, "77->87": 0, "87->77": 0, "87->88": 0, "88->87": 0, "88->89": 0, "89->88": 0, "89->90": 0, "90->89": 0, "88->91": 0, "91->88": 0, "91->92": 0, "92->91": 0, "87->93": 0, "93->87": 0, "93->94": 0, "94->93": 0, "94->95": 0, "95->94": 0, "94->96": 0, "96->94": 0, "96->97": 0, "97->96": 0, "94->98": 0, "98->94": 0, "98->99": 0, "99->98": 0, "93->100": 0, "100->93": 0, "100->101": 0, "101->100": 0, "101->102": 0, "102->101": 0, "102->103": 0, "103->102": 0, "103->104": 0, "104->103": 0, "102->105": 0, "105->102": 0, "105->106": 0, "106->105": 0, "105->107": 0, "107->105": 0, "107->108": 0, "108->107": 0, "108->109": 0, "109->108": 0, "107->110": 0, "110->107": 0, "110->111": 0, "111->110": 0, "105->112": 0, "112->105": 0, "102->113": 0, "113->102": 0, "93->114": 0, "114->93": 0, "114->115": 0, "115->114": 0, "115->116": 0, "116->115": 0, "115->117": 0, "117->115": 0, "117->118": 0, "118->117": 0, "115->119": 0, "119->115": 0, "119->120": 0, "120->119": 0, "114->121": 0, "121->114": 0, "121->122": 0, "122->121": 0, "122->123": 0, "123->122": 0, "123->124": 0, "124->123": 0, "122->125": 0, "125->122": 0, "125->126": 0, "126->125": 0, "125->127": 0, "127->125": 0, "127->128": 0, "128->127": 0, "128->129": 0, "129->128": 0, "127->130": 0, "130->127": 0, "130->131": 0, "131->130": 0, "121->132": 0, "132->121": 0, "132->133": 0, "133->132": 0, "133->134": 0, "134->133": 0, "134->135": 0, "135->134": 0, "133->136": 0, "136->133": 0, "136->137": 0, "137->136": 0, "136->138": 0, "138->136": 0, "138->139": 0, "139->138": 0, "138->140": 0, "140->138": 0, "136->141": 0, "141->136": 0, "141->142": 0, "142->141": 0, "141->143": 0, "143->141": 0, "136->144": 0, "144->136": 0, "144->145": 0, "145->144": 0, "144->146": 0, "146->144": 0, "136->147": 0, "147->136": 0, "133->148": 0, "148->133": 0, "114->149": 0, "149->114": 0, "149->150": 0, "150->149": 0, "150->151": 0, "151->150": 0, "151->152": 0, "152->151": 0, "152->153": 0, "153->152": 0, "151->154": 0, "154->151": 0, "154->155": 0, "155->154": 0, "154->156": 0, "156->154": 0, "151->157": 0, "157->151": 0, "87->158": 0, "158->87": 0, "158->159": 0, "159->158": 0, "159->160": 0, "160->159": 0, "159->161": 0, "161->159": 0, "158->162": 0, "162->158": 0, "162->163": 0, "163->162": 0, "163->164": 0, "164->163": 0, "164->165": 0, "165->164": 0, "164->166": 0, "166->164": 0, "166->167": 0, "167->166": 0, "164->168": 0, "168->164": 0, "87->169": 0, "169->87": 0, "169->170": 0, "170->169": 0, "170->171": 0, "171->170": 0, "171->172": 0, "172->171": 0, "170->173": 0, "173->170": 0, "173->174": 0, "174->173": 0, "170->175": 0, "175->170": 0, "87->176": 0, "176->87": 0, "176->177": 0, "177->176": 0, "177->178": 0, "178->177": 0, "177->179": 0, "179->177": 0, "179->180": 0, "180->179": 0, "180->181": 0, "181->180": 0, "179->182": 0, "182->179": 0, "177->183": 0, "183->177": 0, "183->184": 0, "184->183": 0, "184->185": 0, "185->184": 0, "183->186": 0, "186->183": 0, "177->187": 0, "187->177": 0, "187->188": 0, "188->187": 0, "177->189": 0, "189->177": 0, "60->190": 0, "190->60": 0, "190->191": 0, "191->190": 0, "191->192": 0, "192->191": 0, "192->193": 0, "193->192": 0, "192->194": 0, "194->192": 0, "191->195": 0, "195->191": 0, "195->196": 0, "196->195": 0, "196->197": 0, "197->196": 0, "197->198": 0, "198->197": 0, "197->199": 0, "199->197": 0, "199->200": 0, "200->199": 0, "197->201": 0, "201->197": 0, "190->202": 0, "202->190": 0, "202->203": 0, "203->202": 0, "203->204": 0, "204->203": 0, "204->205": 0, "205->204": 0, "203->206": 0, "206->203": 0, "206->207": 0, "207->206": 0, "203->208": 0, "208->203": 0, "190->209": 0, "209->190": 0, "209->210": 0, "210->209": 0, "210->211": 0, "211->210": 0, "210->212": 0, "212->210": 0, "212->213": 0, "213->212": 0, "210->214": 0, "214->210": 0, "12->215": 0, "215->12": 0, "215->216": 0, "216->215": 0, "216->217": 0, "217->216": 0, "216->218": 0, "218->216": 0, "218->219": 0, "219->218": 0, "216->220": 0, "220->216": 0, "220->221": 0, "221->220": 0, "215->222": 0, "222->215": 0, "222->223": 0, "223->222": 0, "223->224": 0, "224->223": 0, "224->225": 0, "225->224": 0, "224->226": 0, "226->224": 0, "226->227": 0, "227->226": 0, "226->228": 0, "228->226": 0, "228->229": 0, "229->228": 0, "226->230": 0, "230->226": 0, "224->231": 0, "231->224": 0, "222->232": 0, "232->222": 0, "232->233": 0, "233->232": 0, "233->234": 0, "234->233": 0, "233->235": 0, "235->233": 0, "235->236": 0, "236->235": 0, "233->237": 0, "237->233": 0, "237->238": 0, "238->237": 0, "232->239": 0, "239->232": 0, "239->240": 0, "240->239": 0, "240->241": 0, "241->240": 0, "241->242": 0, "242->241": 0, "241->243": 0, "243->241": 0, "243->244": 0, "244->243": 0, "244->245": 0, "245->244": 0, "244->246": 0, "246->244": 0, "246->247": 0, "247->246": 0, "244->248": 0, "248->244": 0, "243->249": 0, "249->243": 0, "241->250": 0, "250->241": 0, "250->251": 0, "251->250": 0, "241->252": 0, "252->241": 0, "0->253": 0, "253->0": 0, "253->254": 0, "254->253": 0, "254->255": 0, "255->254": 0, "254->256": 0, "256->254": 0, "1->3": 1, "3->1": 12, "3->4": 1, "4->3": 12, "4->12": 1, "12->4": 12, "12->253": 1, "253->12": 12, "5->7": 1, "7->5": 12, "8->9": 1, "9->8": 12, "13->19": 6, "19->13": 6, "19->215": 1, "215->19": 12, "14->15": 1, "15->14": 12, "15->17": 1, "17->15": 12, "20->27": 10, "27->20": 11, "21->23": 1, "23->21": 12, "24->25": 1, "25->24": 12, "28->48": 9, "48->28": 9, "29->45": 1, "45->29": 12, "30->43": 1, "43->30": 12, "31->32": 1, "32->31": 12, "33->34": 1, "34->33": 12, "34->37": 1, "37->34": 12, "38->42": 1, "42->38": 12, "39->40": 1, "40->39": 12, "46->47": 2, "47->46": 3, "49->60": 10, "60->49": 11, "50->52": 1, "52->50": 12, "53->54": 1, "54->53": 12, "55->56": 1, "56->55": 12, "56->59": 1, "59->56": 12, "57->58": 2, "58->57": 3, "61->76": 6, "76->61": 6, "76->190": 1, "190->76": 12, "62->63": 1, "63->62": 12, "63->70": 1, "70->63": 12, "64->65": 1, "65->64": 12, "65->68": 1, "68->65": 12, "66->67": 2, "67->66": 3, "71->72": 2, "72->71": 3, "72->73": 1, "73->72": 12, "73->75": 1, "75->73": 12, "78->87": 9, "87->78": 9, "79->84": 1, "84->79": 12, "80->82": 1, "82->80": 12, "85->86": 2, "86->85": 3, "88->93": 10, "93->88": 11, "93->158": 10, "158->93": 11, "158->169": 10, "169->158": 11, "169->176": 10, "176->169": 11, "89->91": 1, "91->89": 12, "94->100": 6, "100->94": 6, "100->114": 1, "114->100": 12, "95->96": 1, "96->95": 12, "96->98": 1, "98->96": 12, "103->105": 1, "105->103": 12, "105->113": 1, "113->105": 12, "106->107": 1, "107->106": 12, "107->112": 1, "112->107": 12, "108->110": 1, "110->108": 12, "115->121": 6, "121->115": 6, "121->149": 1, "149->121": 12, "116->117": 1, "117->116": 12, "117->119": 1, "119->117": 12, "122->132": 10, "132->122": 11, "123->125": 1, "125->123": 12, "126->127": 1, "127->126": 12, "128->130": 1, "130->128": 12, "134->136": 1, "136->134": 12, "136->148": 1, "148->136": 12, "137->138": 1, "138->137": 12, "138->141": 1, "141->138": 12, "141->144": 1, "144->141": 12, "144->147": 1, "147->144": 12, "139->140": 2, "140->139": 3, "142->143": 2, "143->142": 3, "145->146": 2, "146->145": 3, "152->154": 1, "154->152": 12, "154->157": 1, "157->154": 12, "155->156": 2, "156->155": 3, "159->162": 6, "162->159": 6, "160->161": 2, "161->160": 3, "165->166": 1, "166->165": 12, "166->168": 1, "168->166": 12, "171->173": 1, "173->171": 12, "173->175": 1, "175->173": 12, "178->179": 1, "179->178": 12, "179->183": 1, "183->179": 12, "183->187": 1, "187->183": 12, "187->189": 1, "189->187": 12, "180->182": 1, "182->180": 12, "184->186": 1, "186->184": 12, "191->202": 10, "202->191": 11, "202->209": 10, "209->202": 11, "192->195": 6, "195->192": 6, "193->194": 2, "194->193": 3, "198->199": 1, "199->198": 12, "199->201": 1, "201->199": 12, "204->206": 1, "206->204": 12, "206->208": 1, "208->206": 12, "211->212": 1, "212->211": 12, "212->214": 1, "214->212": 12, "216->222": 6, "222->216": 6, "217->218": 1, "218->217": 12, "218->220": 1, "220->218": 12, "223->232": 10, "232->223": 11, "225->226": 1, "226->225": 12, "226->231": 1, "231->226": 12, "227->228": 1, "228->227": 12, "228->230": 1, "230->228": 12, "233->239": 6, "239->233": 6, "234->235": 1, "235->234": 12, "235->237": 1, "237->235": 12, "242->243": 1, "243->242": 12, "243->250": 1, "250->243": 12, "250->252": 1, "252->250": 12, "244->249": 1, "249->244": 12, "245->246": 1, "246->245": 12, "246->248": 1, "248->246": 12, "255->256": 2, "256->255": 3, "13->215": 7, "215->13": 7, "61->190": 7, "190->61": 7, "94->114": 7, "114->94": 7, "115->149": 7, "149->115": 7, "2->3": 2, "3->2": 3, "3->6": 2, "6->3": 3, "6->8": 2, "8->6": 3, "8->11": 2, "11->8": 3, "11->14": 2, "14->11": 3, "14->16": 2, "16->14": 3, "16->18": 2, "18->16": 3, "18->22": 2, "22->18": 3, "22->24": 2, "24->22": 3, "24->26": 2, "26->24": 3, "26->31": 2, "31->26": 3, "31->33": 2, "33->31": 3, "33->36": 2, "36->33": 3, "36->39": 2, "39->36": 3, "39->41": 2, "41->39": 3, "41->42": 2, "42->41": 3, "42->44": 2, "44->42": 3, "44->46": 2, "46->44": 3, "47->51": 2, "51->47": 3, "51->53": 2, "53->51": 3, "53->55": 2, "55->53": 3, "55->57": 2, "57->55": 3, "58->59": 2, "59->58": 3, "59->62": 2, "62->59": 3, "62->64": 2, "64->62": 3, "64->66": 2, "66->64": 3, "67->69": 2, "69->67": 3, "69->71": 2, "71->69": 3, "72->74": 2, "74->72": 3, "74->75": 2, "75->74": 3, "75->81": 2, "81->75": 3, "81->83": 2, "83->81": 3, "83->85": 2, "85->83": 3, "86->90": 2, "90->86": 3, "90->92": 2, "92->90": 3, "92->95": 2, "95->92": 3, "95->97": 2, "97->95": 3, "97->99": 2, "99->97": 3, "99->104": 2, "104->99": 3, "104->106": 2, "106->104": 3, "106->109": 2, "109->106": 3, "109->111": 2, "111->109": 3, "111->112": 2, "112->111": 3, "112->113": 2, "113->112": 3, "113->116": 2, "116->113": 3, "116->118": 2, "118->116": 3, "118->120": 2, "120->118": 3, "120->124": 2, "124->120": 3, "124->126": 2, "126->124": 3, "126->129": 2, "129->126": 3, "129->131": 2, "131->129": 3, "131->135": 2, "135->131": 3, "135->137": 2, "137->135": 3, "137->139": 2, "139->137": 3, "140->142": 2, "142->140": 3, "143->145": 2, "145->143": 3, "146->147": 2, "147->146": 3, "147->148": 2, "148->147": 3, "148->153": 2, "153->148": 3, "153->155": 2, "155->153": 3, "156->157": 2, "157->156": 3, "157->160": 2, "160->157": 3, "161->165": 2, "165->161": 3, "165->167": 2, "167->165": 3, "167->168": 2, "168->167": 3, "168->172": 2, "172->168": 3, "172->174": 2, "174->172": 3, "174->175": 2, "175->174": 3, "175->178": 2, "178->175": 3, "178->181": 2, "181->178": 3, "181->182": 2, "182->181": 3, "182->185": 2, "185->182": 3, "185->186": 2, "186->185": 3, "186->188": 2, "188->186": 3, "188->189": 2, "189->188": 3, "189->193": 2, "193->189": 3, "194->198": 2, "198->194": 3, "198->200": 2, "200->198": 3, "200->201": 2, "201->200": 3, "201->205": 2, "205->201": 3, "205->207": 2, "207->205": 3, "207->208": 2, "208->207": 3, "208->211": 2, "211->208": 3, "211->213": 2, "213->211": 3, "213->214": 2, "214->213": 3, "214->217": 2, "217->214": 3, "217->219": 2, "219->217": 3, "219->221": 2, "221->219": 3, "221->225": 2, "225->221": 3, "225->227": 2, "227->225": 3, "227->229": 2, "229->227": 3, "229->230": 2, "230->229": 3, "230->231": 2, "231->230": 3, "231->234": 2, "234->231": 3, "234->236": 2, "236->234": 3, "236->238": 2, "238->236": 3, "238->242": 2, "242->238": 3, "242->245": 2, "245->242": 3, "245->247": 2, "247->245": 3, "247->248": 2, "248->247": 3, "248->249": 2, "249->248": 3, "249->251": 2, "251->249": 3, "251->252": 2, "252->251": 3, "252->255": 2, "255->252": 3, "97->111": 4, "111->97": 5, "111->118": 4, "118->111": 5, "118->131": 4, "131->118": 5, "104->135": 4, "135->104": 5, "135->153": 4, "153->135": 5, "153->185": 4, "185->153": 5, "185->236": 4, "236->185": 5, "236->247": 4, "247->236": 5, "161->172": 4, "172->161": 5, "172->194": 4, "194->172": 5, "194->205": 4, "205->194": 5, "188->213": 4, "213->188": 5, "219->229": 4, "229->219": 5}, "metrics": [43.0, 11.0, 0.0]}