{"nodelist": ["MethodDeclaration", "{'public'}", "public", "Annotation", "Override", "ReferenceType", "DataBlockEncoding", "getDataBlockEncoding", "ReturnStatement", "MethodInvocation", "MemberReference", "DATA_BLOCK_ENCODING_BYTES", "MethodReference", "MemberReference", "DataBlockEncoding", "MemberReference", "valueOf", "MemberReference", "DataBlockEncoding", "NONE", "getStringOrDefault"], "nodes": {"0": "MethodDeclaration", "1": "Modifier", "2": "public", "3": "Annotation", "4": "Override", "5": "ReferenceType", "6": "DataBlockEncoding", "7": "getDataBlockEncoding", "8": "ReturnStatement", "9": "MethodInvocation", "10": "MemberReference", "11": "DATA_BLOCK_ENCODING_BYTES", "12": "MethodReference", "13": "MemberReference", "14": "DataBlockEncoding", "15": "MemberReference", "16": "valueOf", "17": "MemberReference", "18": "DataBlockEncoding", "19": "NONE", "20": "getStringOrDefault"}, "edges": {"0->1": 0, "1->0": 0, "1->2": 0, "2->1": 0, "0->3": 0, "3->0": 0, "3->4": 0, "4->3": 0, "0->5": 0, "5->0": 0, "5->6": 0, "6->5": 0, "0->7": 0, "7->0": 0, "0->8": 0, "8->0": 0, "8->9": 0, "9->8": 0, "9->10": 0, "10->9": 0, "10->11": 0, "11->10": 0, "9->12": 0, "12->9": 0, "12->13": 0, "13->12": 0, "13->14": 0, "14->13": 0, "12->15": 0, "15->12": 0, "15->16": 0, "16->15": 0, "9->17": 0, "17->9": 0, "17->18": 0, "18->17": 0, "17->19": 0, "19->17": 0, "9->20": 0, "20->9": 0, "1->3": 1, "3->1": 12, "3->5": 1, "5->3": 12, "5->7": 1, "7->5": 12, "7->8": 1, "8->7": 12, "10->12": 1, "12->10": 12, "12->17": 1, "17->12": 12, "17->20": 1, "20->17": 12, "13->15": 1, "15->13": 12, "18->19": 2, "19->18": 3, "2->4": 2, "4->2": 3, "4->6": 2, "6->4": 3, "6->7": 2, "7->6": 3, "7->11": 2, "11->7": 3, "11->14": 2, "14->11": 3, "14->16": 2, "16->14": 3, "16->18": 2, "18->16": 3, "19->20": 2, "20->19": 3}, "metrics": [3.0, 1.0, 0.0]}