{"nodelist": ["MethodDeclaration", "{'public'}", "public", "ReferenceType", "Mutation", "setCellVisibility", "FormalParameter", "ReferenceType", "CellVisibility", "expression", "StatementExpression", "This", "MethodInvocation", "MemberReference", "VisibilityConstants", "VISIBILITY_LABELS_ATTR_KEY", "MethodInvocation", "MethodInvocation", "toByteArray", "MemberReference", "expression", "toCellVisibility", "setAttribute", "ReturnStatement", "This"], "nodes": {"0": "MethodDeclaration", "1": "Modifier", "2": "public", "3": "ReferenceType", "4": "Mutation", "5": "setCellVisibility", "6": "FormalParameter", "7": "ReferenceType", "8": "CellVisibility", "9": "expression", "10": "StatementExpression", "11": "This", "12": "MethodInvocation", "13": "MemberReference", "14": "VisibilityConstants", "15": "VISIBILITY_LABELS_ATTR_KEY", "16": "MethodInvocation", "17": "MethodInvocation", "18": "toByteArray", "19": "MemberReference", "20": "expression", "21": "toCellVisibility", "22": "setAttribute", "23": "ReturnStatement", "24": "This"}, "edges": {"0->1": 0, "1->0": 0, "1->2": 0, "2->1": 0, "0->3": 0, "3->0": 0, "3->4": 0, "4->3": 0, "0->5": 0, "5->0": 0, "0->6": 0, "6->0": 0, "6->7": 0, "7->6": 0, "7->8": 0, "8->7": 0, "6->9": 0, "9->6": 0, "0->10": 0, "10->0": 0, "10->11": 0, "11->10": 0, "11->12": 0, "12->11": 0, "12->13": 0, "13->12": 0, "13->14": 0, "14->13": 0, "13->15": 0, "15->13": 0, "12->16": 0, "16->12": 0, "16->17": 0, "17->16": 0, "17->18": 0, "18->17": 0, "16->19": 0, "19->16": 0, "19->20": 0, "20->19": 0, "16->21": 0, "21->16": 0, "12->22": 0, "22->12": 0, "0->23": 0, "23->0": 0, "23->24": 0, "24->23": 0, "1->3": 1, "3->1": 12, "3->5": 1, "5->3": 12, "5->6": 1, "6->5": 12, "6->10": 1, "10->6": 12, "10->23": 1, "23->10": 12, "7->9": 1, "9->7": 12, "13->16": 1, "16->13": 12, "16->22": 1, "22->16": 12, "14->15": 2, "15->14": 3, "17->19": 1, "19->17": 12, "19->21": 1, "21->19": 12, "2->4": 2, "4->2": 3, "4->5": 2, "5->4": 3, "5->8": 2, "8->5": 3, "8->9": 2, "9->8": 3, "9->14": 2, "14->9": 3, "15->18": 2, "18->15": 3, "18->20": 2, "20->18": 3, "20->21": 2, "21->20": 3, "21->22": 2, "22->21": 3, "22->24": 2, "24->22": 3}, "metrics": [4.0, 1.0, 1.0]}