{"nodelist": ["MethodDeclaration", "{'abstract', 'public'}", "abstract", "public", "ReferenceType", "E", "createEnvironment", "FormalParameter", "ReferenceType", "Class", "TypeArgument", "?", "implClass", "FormalParameter", "ReferenceType", "Coprocessor", "instance", "FormalParameter", "BasicType", "int", "priority", "FormalParameter", "BasicType", "int", "sequence", "FormalParameter", "ReferenceType", "Configuration", "conf"], "nodes": {"0": "MethodDeclaration", "1": "Modifier", "2": "abstract", "3": "public", "4": "ReferenceType", "5": "E", "6": "createEnvironment", "7": "FormalParameter", "8": "ReferenceType", "9": "Class", "10": "TypeArgument", "11": "?", "12": "implClass", "13": "FormalParameter", "14": "ReferenceType", "15": "Coprocessor", "16": "instance", "17": "FormalParameter", "18": "BasicType", "19": "int", "20": "priority", "21": "FormalParameter", "22": "BasicType", "23": "int", "24": "sequence", "25": "FormalParameter", "26": "ReferenceType", "27": "Configuration", "28": "conf"}, "edges": {"0->1": 0, "1->0": 0, "1->2": 0, "2->1": 0, "1->3": 0, "3->1": 0, "0->4": 0, "4->0": 0, "4->5": 0, "5->4": 0, "0->6": 0, "6->0": 0, "0->7": 0, "7->0": 0, "7->8": 0, "8->7": 0, "8->9": 0, "9->8": 0, "8->10": 0, "10->8": 0, "10->11": 0, "11->10": 0, "7->12": 0, "12->7": 0, "0->13": 0, "13->0": 0, "13->14": 0, "14->13": 0, "14->15": 0, "15->14": 0, "13->16": 0, "16->13": 0, "0->17": 0, "17->0": 0, "17->18": 0, "18->17": 0, "18->19": 0, "19->18": 0, "17->20": 0, "20->17": 0, "0->21": 0, "21->0": 0, "21->22": 0, "22->21": 0, "22->23": 0, "23->22": 0, "21->24": 0, "24->21": 0, "0->25": 0, "25->0": 0, "25->26": 0, "26->25": 0, "26->27": 0, "27->26": 0, "25->28": 0, "28->25": 0, "1->4": 1, "4->1": 12, "4->6": 1, "6->4": 12, "6->7": 1, "7->6": 12, "7->13": 1, "13->7": 12, "13->17": 1, "17->13": 12, "17->21": 1, "21->17": 12, "21->25": 1, "25->21": 12, "2->3": 2, "3->2": 3, "8->12": 1, "12->8": 12, "9->10": 1, "10->9": 12, "14->16": 1, "16->14": 12, "18->20": 1, "20->18": 12, "22->24": 1, "24->22": 12, "26->28": 1, "28->26": 12, "3->5": 2, "5->3": 3, "5->6": 2, "6->5": 3, "6->9": 2, "9->6": 3, "9->11": 2, "11->9": 3, "11->12": 2, "12->11": 3, "12->15": 2, "15->12": 3, "15->16": 2, "16->15": 3, "16->19": 2, "19->16": 3, "19->20": 2, "20->19": 3, "20->23": 2, "23->20": 3, "23->24": 2, "24->23": 3, "24->27": 2, "27->24": 3, "27->28": 2, "28->27": 3}, "metrics": [0.0, 1.0, 5.0]}