{"nodelist": ["MethodDeclaration", "{'public'}", "public", "takeSnapshot", "FormalParameter", "ReferenceType", "SnapshotDescription", "snapshot", "IOException", "StatementExpression", "This", "MemberReference", "takingSnapshotLock", "MethodInvocation", "readLock", "MethodInvocation", "lock", "TryStatement", "StatementExpression", "MethodInvocation", "MemberReference", "snapshot", "takeSnapshotInternal", "StatementExpression", "This", "MemberReference", "takingSnapshotLock", "MethodInvocation", "readLock", "MethodInvocation", "unlock"], "nodes": {"0": "MethodDeclaration", "1": "Modifier", "2": "public", "3": "takeSnapshot", "4": "FormalParameter", "5": "ReferenceType", "6": "SnapshotDescription", "7": "snapshot", "8": "IOException", "9": "StatementExpression", "10": "This", "11": "MemberReference", "12": "takingSnapshotLock", "13": "MethodInvocation", "14": "readLock", "15": "MethodInvocation", "16": "lock", "17": "TryStatement", "18": "StatementExpression", "19": "MethodInvocation", "20": "MemberReference", "21": "snapshot", "22": "takeSnapshotInternal", "23": "StatementExpression", "24": "This", "25": "MemberReference", "26": "takingSnapshotLock", "27": "MethodInvocation", "28": "readLock", "29": "MethodInvocation", "30": "unlock"}, "edges": {"0->1": 0, "1->0": 0, "1->2": 0, "2->1": 0, "0->3": 0, "3->0": 0, "0->4": 0, "4->0": 0, "4->5": 0, "5->4": 0, "5->6": 0, "6->5": 0, "4->7": 0, "7->4": 0, "0->8": 0, "8->0": 0, "0->9": 0, "9->0": 0, "9->10": 0, "10->9": 0, "10->11": 0, "11->10": 0, "11->12": 0, "12->11": 0, "10->13": 0, "13->10": 0, "13->14": 0, "14->13": 0, "10->15": 0, "15->10": 0, "15->16": 0, "16->15": 0, "0->17": 0, "17->0": 0, "17->18": 0, "18->17": 0, "18->19": 0, "19->18": 0, "19->20": 0, "20->19": 0, "20->21": 0, "21->20": 0, "19->22": 0, "22->19": 0, "17->23": 0, "23->17": 0, "23->24": 0, "24->23": 0, "24->25": 0, "25->24": 0, "25->26": 0, "26->25": 0, "24->27": 0, "27->24": 0, "27->28": 0, "28->27": 0, "24->29": 0, "29->24": 0, "29->30": 0, "30->29": 0, "1->3": 1, "3->1": 12, "3->4": 1, "4->3": 12, "4->8": 1, "8->4": 12, "8->9": 1, "9->8": 12, "9->17": 1, "17->9": 12, "5->7": 1, "7->5": 12, "11->13": 1, "13->11": 12, "13->15": 1, "15->13": 12, "18->23": 1, "23->18": 12, "20->22": 1, "22->20": 12, "25->27": 1, "27->25": 12, "27->29": 1, "29->27": 12, "2->3": 2, "3->2": 3, "3->6": 2, "6->3": 3, "6->7": 2, "7->6": 3, "7->8": 2, "8->7": 3, "8->12": 2, "12->8": 3, "12->14": 2, "14->12": 3, "14->16": 2, "16->14": 3, "16->21": 2, "21->16": 3, "21->22": 2, "22->21": 3, "22->26": 2, "26->22": 3, "26->28": 2, "28->26": 3, "28->30": 2, "30->28": 3, "12->26": 4, "26->12": 5}, "metrics": [9.0, 1.0, 1.0]}