{"nodelist": ["MethodDeclaration", "{'protected'}", "protected", "ReferenceType", "Cell", "parseCell", "IOException", "LocalVariableDeclaration", "ReferenceType", "CellProtos", "ReferenceType", "Cell", "VariableDeclarator", "pbcell", "MethodInvocation", "CellProtos.Cell", "This", "MemberReference", "in", "parseDelimitedFrom", "ReturnStatement", "MethodInvocation", "CellUtil", "MethodInvocation", "pbcell", "MethodInvocation", "toByteArray", "getRow", "MethodInvocation", "pbcell", "MethodInvocation", "toByteArray", "getFamily", "MethodInvocation", "pbcell", "MethodInvocation", "toByteArray", "getQualifier", "MethodInvocation", "pbcell", "getTimestamp", "Cast", "BasicType", "byte", "MethodInvocation", "pbcell", "MethodInvocation", "getNumber", "getCellType", "MethodInvocation", "pbcell", "MethodInvocation", "toByteArray", "getValue", "createCell"], "nodes": {"0": "MethodDeclaration", "1": "Modifier", "2": "protected", "3": "ReferenceType", "4": "Cell", "5": "parseCell", "6": "IOException", "7": "LocalVariableDeclaration", "8": "ReferenceType", "9": "CellProtos", "10": "ReferenceType", "11": "Cell", "12": "VariableDeclarator", "13": "pbcell", "14": "MethodInvocation", "15": "CellProtos.Cell", "16": "This", "17": "MemberReference", "18": "in", "19": "parseDelimitedFrom", "20": "ReturnStatement", "21": "MethodInvocation", "22": "CellUtil", "23": "MethodInvocation", "24": "pbcell", "25": "MethodInvocation", "26": "toByteArray", "27": "getRow", "28": "MethodInvocation", "29": "pbcell", "30": "MethodInvocation", "31": "toByteArray", "32": "getFamily", "33": "MethodInvocation", "34": "pbcell", "35": "MethodInvocation", "36": "toByteArray", "37": "getQualifier", "38": "MethodInvocation", "39": "pbcell", "40": "getTimestamp", "41": "Cast", "42": "BasicType", "43": "byte", "44": "MethodInvocation", "45": "pbcell", "46": "MethodInvocation", "47": "getNumber", "48": "getCellType", "49": "MethodInvocation", "50": "pbcell", "51": "MethodInvocation", "52": "toByteArray", "53": "getValue", "54": "createCell"}, "edges": {"0->1": 0, "1->0": 0, "1->2": 0, "2->1": 0, "0->3": 0, "3->0": 0, "3->4": 0, "4->3": 0, "0->5": 0, "5->0": 0, "0->6": 0, "6->0": 0, "0->7": 0, "7->0": 0, "7->8": 0, "8->7": 0, "8->9": 0, "9->8": 0, "8->10": 0, "10->8": 0, "10->11": 0, "11->10": 0, "7->12": 0, "12->7": 0, "12->13": 0, "13->12": 0, "12->14": 0, "14->12": 0, "14->15": 0, "15->14": 0, "14->16": 0, "16->14": 0, "16->17": 0, "17->16": 0, "17->18": 0, "18->17": 0, "14->19": 0, "19->14": 0, "0->20": 0, "20->0": 0, "20->21": 0, "21->20": 0, "21->22": 0, "22->21": 0, "21->23": 0, "23->21": 0, "23->24": 0, "24->23": 0, "23->25": 0, "25->23": 0, "25->26": 0, "26->25": 0, "23->27": 0, "27->23": 0, "21->28": 0, "28->21": 0, "28->29": 0, "29->28": 0, "28->30": 0, "30->28": 0, "30->31": 0, "31->30": 0, "28->32": 0, "32->28": 0, "21->33": 0, "33->21": 0, "33->34": 0, "34->33": 0, "33->35": 0, "35->33": 0, "35->36": 0, "36->35": 0, "33->37": 0, "37->33": 0, "21->38": 0, "38->21": 0, "38->39": 0, "39->38": 0, "38->40": 0, "40->38": 0, "21->41": 0, "41->21": 0, "41->42": 0, "42->41": 0, "42->43": 0, "43->42": 0, "41->44": 0, "44->41": 0, "44->45": 0, "45->44": 0, "44->46": 0, "46->44": 0, "46->47": 0, "47->46": 0, "44->48": 0, "48->44": 0, "21->49": 0, "49->21": 0, "49->50": 0, "50->49": 0, "49->51": 0, "51->49": 0, "51->52": 0, "52->51": 0, "49->53": 0, "53->49": 0, "21->54": 0, "54->21": 0, "1->3": 1, "3->1": 12, "3->5": 1, "5->3": 12, "5->6": 2, "6->5": 3, "6->7": 1, "7->6": 12, "7->20": 1, "20->7": 12, "8->12": 1, "12->8": 12, "9->10": 1, "10->9": 12, "13->14": 1, "14->13": 12, "15->16": 1, "16->15": 12, "16->19": 1, "19->16": 12, "22->23": 1, "23->22": 12, "23->28": 1, "28->23": 12, "28->33": 1, "33->28": 12, "33->38": 1, "38->33": 12, "38->41": 1, "41->38": 12, "41->49": 1, "49->41": 12, "49->54": 1, "54->49": 12, "24->25": 1, "25->24": 12, "25->27": 1, "27->25": 12, "29->30": 1, "30->29": 12, "30->32": 1, "32->30": 12, "34->35": 1, "35->34": 12, "35->37": 1, "37->35": 12, "39->40": 2, "40->39": 3, "42->44": 1, "44->42": 12, "45->46": 1, "46->45": 12, "46->48": 1, "48->46": 12, "50->51": 1, "51->50": 12, "51->53": 1, "53->51": 12, "2->4": 2, "4->2": 3, "4->5": 2, "5->4": 3, "6->9": 2, "9->6": 3, "9->11": 2, "11->9": 3, "11->13": 2, "13->11": 3, "13->15": 2, "15->13": 3, "15->18": 2, "18->15": 3, "18->19": 2, "19->18": 3, "19->22": 2, "22->19": 3, "22->24": 2, "24->22": 3, "24->26": 2, "26->24": 3, "26->27": 2, "27->26": 3, "27->29": 2, "29->27": 3, "29->31": 2, "31->29": 3, "31->32": 2, "32->31": 3, "32->34": 2, "34->32": 3, "34->36": 2, "36->34": 3, "36->37": 2, "37->36": 3, "37->39": 2, "39->37": 3, "40->43": 2, "43->40": 3, "43->45": 2, "45->43": 3, "45->47": 2, "47->45": 3, "47->48": 2, "48->47": 3, "48->50": 2, "50->48": 3, "50->52": 2, "52->50": 3, "52->53": 2, "53->52": 3, "53->54": 2, "54->53": 3}, "metrics": [4.0, 1.0, 0.0]}