{"nodelist": ["MethodDeclaration", "{'public'}", "public", "onError", "FormalParameter", "ReferenceType", "java", "ReferenceType", "lang", "ReferenceType", "Exception", "e", "LocalVariableDeclaration", "BasicType", "byte", "VariableDeclarator", "msgType", "MemberReference", "org.apache.thrift.protocol.TMessageType", "REPLY", "LocalVariableDeclaration", "ReferenceType", "org", "ReferenceType", "apache", "ReferenceType", "thrift", "ReferenceType", "TSerializable", "VariableDeclarator", "msg", "LocalVariableDeclaration", "ReferenceType", "scannerGet_result", "VariableDeclarator", "result", "ClassCreator", "ReferenceType", "scannerGet_result", "IfStatement", "BinaryOperation", "instanceof", "MemberReference", "e", "ReferenceType", "IOError", "BlockStatement", "StatementExpression", "Assignment", "MemberReference", "result", "io", "Cast", "ReferenceType", "IOError", "MemberReference", "e", "=", "StatementExpression", "MethodInvocation", "result", "Literal", "true", "setIoIsSet", "StatementExpression", "Assignment", "MemberReference", "msg", "MemberReference", "result", "=", "IfStatement", "BinaryOperation", "instanceof", "MemberReference", "e", "ReferenceType", "IllegalArgument", "BlockStatement", "StatementExpression", "Assignment", "MemberReference", "result", "ia", "Cast", "ReferenceType", "IllegalArgument", "MemberReference", "e", "=", "StatementExpression", "MethodInvocation", "result", "Literal", "true", "setIaIsSet", "StatementExpression", "Assignment", "MemberReference", "msg", "MemberReference", "result", "=", "IfStatement", "BinaryOperation", "instanceof", "MemberReference", "e", "ReferenceType", "org", "ReferenceType", "apache", "ReferenceType", "thrift", "ReferenceType", "transport", "ReferenceType", "TTransportException", "BlockStatement", "StatementExpression", "MethodInvocation", "_LOGGER", "Literal", "\"TTransportException inside handler\"", "MemberReference", "e", "error", "StatementExpression", "MethodInvocation", "fb", "close", "ReturnStatement", "IfStatement", "BinaryOperation", "instanceof", "MemberReference", "e", "ReferenceType", "org", "ReferenceType", "apache", "ReferenceType", "thrift", "ReferenceType", "TApplicationException", "BlockStatement", "StatementExpression", "MethodInvocation", "_LOGGER", "Literal", "\"TApplicationException inside handler\"", "MemberReference", "e", "error", "StatementExpression", "Assignment", "MemberReference", "msgType", "MemberReference", "org.apache.thrift.protocol.TMessageType", "EXCEPTION", "=", "StatementExpression", "Assignment", "MemberReference", "msg", "Cast", "ReferenceType", "org", "ReferenceType", "apache", "ReferenceType", "thrift", "ReferenceType", "TApplicationException", "MemberReference", "e", "=", "BlockStatement", "StatementExpression", "MethodInvocation", "_LOGGER", "Literal", "\"Exception inside handler\"", "MemberReference", "e", "error", "StatementExpression", "Assignment", "MemberReference", "msgType", "MemberReference", "org.apache.thrift.protocol.TMessageType", "EXCEPTION", "=", "StatementExpression", "Assignment", "MemberReference", "msg", "ClassCreator", "ReferenceType", "org", "ReferenceType", "apache", "ReferenceType", "thrift", "ReferenceType", "TApplicationException", "MemberReference", "org.apache.thrift.TApplicationException", "INTERNAL_ERROR", "MethodInvocation", "e", "getMessage", "=", "TryStatement", "StatementExpression", "MethodInvocation", "fcall", "MemberReference", "fb", "MemberReference", "msg", "MemberReference", "msgType", "MemberReference", "seqid", "sendResponse", "CatchClause", "CatchClauseParameter", "java.lang.Exception", "ex", "StatementExpression", "MethodInvocation", "_LOGGER", "Literal", "\"Exception writing to internal frame buffer\"", "MemberReference", "ex", "error", "StatementExpression", "MethodInvocation", "fb", "close"], "nodes": {"0": "MethodDeclaration", "1": "Modifier", "2": "public", "3": "onError", "4": "FormalParameter", "5": "ReferenceType", "6": "java", "7": "ReferenceType", "8": "lang", "9": "ReferenceType", "10": "Exception", "11": "e", "12": "LocalVariableDeclaration", "13": "BasicType", "14": "byte", "15": "VariableDeclarator", "16": "msgType", "17": "MemberReference", "18": "org.apache.thrift.protocol.TMessageType", "19": "REPLY", "20": "LocalVariableDeclaration", "21": "ReferenceType", "22": "org", "23": "ReferenceType", "24": "apache", "25": "ReferenceType", "26": "thrift", "27": "ReferenceType", "28": "TSerializable", "29": "VariableDeclarator", "30": "msg", "31": "LocalVariableDeclaration", "32": "ReferenceType", "33": "scannerGet_result", "34": "VariableDeclarator", "35": "result", "36": "ClassCreator", "37": "ReferenceType", "38": "scannerGet_result", "39": "IfStatement", "40": "BinaryOperation", "41": "instanceof", "42": "MemberReference", "43": "e", "44": "ReferenceType", "45": "IOError", "46": "BlockStatement", "47": "StatementExpression", "48": "Assignment", "49": "MemberReference", "50": "result", "51": "io", "52": "Cast", "53": "ReferenceType", "54": "IOError", "55": "MemberReference", "56": "e", "57": "=", "58": "StatementExpression", "59": "MethodInvocation", "60": "result", "61": "Literal", "62": "true", "63": "setIoIsSet", "64": "StatementExpression", "65": "Assignment", "66": "MemberReference", "67": "msg", "68": "MemberReference", "69": "result", "70": "=", "71": "IfStatement", "72": "BinaryOperation", "73": "instanceof", "74": "MemberReference", "75": "e", "76": "ReferenceType", "77": "IllegalArgument", "78": "BlockStatement", "79": "StatementExpression", "80": "Assignment", "81": "MemberReference", "82": "result", "83": "ia", "84": "Cast", "85": "ReferenceType", "86": "IllegalArgument", "87": "MemberReference", "88": "e", "89": "=", "90": "StatementExpression", "91": "MethodInvocation", "92": "result", "93": "Literal", "94": "true", "95": "setIaIsSet", "96": "StatementExpression", "97": "Assignment", "98": "MemberReference", "99": "msg", "100": "MemberReference", "101": "result", "102": "=", "103": "IfStatement", "104": "BinaryOperation", "105": "instanceof", "106": "MemberReference", "107": "e", "108": "ReferenceType", "109": "org", "110": "ReferenceType", "111": "apache", "112": "ReferenceType", "113": "thrift", "114": "ReferenceType", "115": "transport", "116": "ReferenceType", "117": "TTransportException", "118": "BlockStatement", "119": "StatementExpression", "120": "MethodInvocation", "121": "_LOGGER", "122": "Literal", "123": "\"TTransportException inside handler\"", "124": "MemberReference", "125": "e", "126": "error", "127": "StatementExpression", "128": "MethodInvocation", "129": "fb", "130": "close", "131": "ReturnStatement", "132": "IfStatement", "133": "BinaryOperation", "134": "instanceof", "135": "MemberReference", "136": "e", "137": "ReferenceType", "138": "org", "139": "ReferenceType", "140": "apache", "141": "ReferenceType", "142": "thrift", "143": "ReferenceType", "144": "TApplicationException", "145": "BlockStatement", "146": "StatementExpression", "147": "MethodInvocation", "148": "_LOGGER", "149": "Literal", "150": "\"TApplicationException inside handler\"", "151": "MemberReference", "152": "e", "153": "error", "154": "StatementExpression", "155": "Assignment", "156": "MemberReference", "157": "msgType", "158": "MemberReference", "159": "org.apache.thrift.protocol.TMessageType", "160": "EXCEPTION", "161": "=", "162": "StatementExpression", "163": "Assignment", "164": "MemberReference", "165": "msg", "166": "Cast", "167": "ReferenceType", "168": "org", "169": "ReferenceType", "170": "apache", "171": "ReferenceType", "172": "thrift", "173": "ReferenceType", "174": "TApplicationException", "175": "MemberReference", "176": "e", "177": "=", "178": "BlockStatement", "179": "StatementExpression", "180": "MethodInvocation", "181": "_LOGGER", "182": "Literal", "183": "\"Exception inside handler\"", "184": "MemberReference", "185": "e", "186": "error", "187": "StatementExpression", "188": "Assignment", "189": "MemberReference", "190": "msgType", "191": "MemberReference", "192": "org.apache.thrift.protocol.TMessageType", "193": "EXCEPTION", "194": "=", "195": "StatementExpression", "196": "Assignment", "197": "MemberReference", "198": "msg", "199": "ClassCreator", "200": "ReferenceType", "201": "org", "202": "ReferenceType", "203": "apache", "204": "ReferenceType", "205": "thrift", "206": "ReferenceType", "207": "TApplicationException", "208": "MemberReference", "209": "org.apache.thrift.TApplicationException", "210": "INTERNAL_ERROR", "211": "MethodInvocation", "212": "e", "213": "getMessage", "214": "=", "215": "TryStatement", "216": "StatementExpression", "217": "MethodInvocation", "218": "fcall", "219": "MemberReference", "220": "fb", "221": "MemberReference", "222": "msg", "223": "MemberReference", "224": "msgType", "225": "MemberReference", "226": "seqid", "227": "sendResponse", "228": "CatchClause", "229": "CatchClauseParameter", "230": "java.lang.Exception", "231": "ex", "232": "StatementExpression", "233": "MethodInvocation", "234": "_LOGGER", "235": "Literal", "236": "\"Exception writing to internal frame buffer\"", "237": "MemberReference", "238": "ex", "239": "error", "240": "StatementExpression", "241": "MethodInvocation", "242": "fb", "243": "close"}, "edges": {"0->1": 0, "1->0": 0, "1->2": 0, "2->1": 0, "0->3": 0, "3->0": 0, "0->4": 0, "4->0": 0, "4->5": 0, "5->4": 0, "5->6": 0, "6->5": 0, "5->7": 0, "7->5": 0, "7->8": 0, "8->7": 0, "7->9": 0, "9->7": 0, "9->10": 0, "10->9": 0, "4->11": 0, "11->4": 0, "0->12": 0, "12->0": 0, "12->13": 0, "13->12": 0, "13->14": 0, "14->13": 0, "12->15": 0, "15->12": 0, "15->16": 0, "16->15": 0, "15->17": 0, "17->15": 0, "17->18": 0, "18->17": 0, "17->19": 0, "19->17": 0, "0->20": 0, "20->0": 0, "20->21": 0, "21->20": 0, "21->22": 0, "22->21": 0, "21->23": 0, "23->21": 0, "23->24": 0, "24->23": 0, "23->25": 0, "25->23": 0, "25->26": 0, "26->25": 0, "25->27": 0, "27->25": 0, "27->28": 0, "28->27": 0, "20->29": 0, "29->20": 0, "29->30": 0, "30->29": 0, "0->31": 0, "31->0": 0, "31->32": 0, "32->31": 0, "32->33": 0, "33->32": 0, "31->34": 0, "34->31": 0, "34->35": 0, "35->34": 0, "34->36": 0, "36->34": 0, "36->37": 0, "37->36": 0, "37->38": 0, "38->37": 0, "0->39": 0, "39->0": 0, "39->40": 0, "40->39": 0, "40->41": 0, "41->40": 0, "40->42": 0, "42->40": 0, "42->43": 0, "43->42": 0, "40->44": 0, "44->40": 0, "44->45": 0, "45->44": 0, "39->46": 0, "46->39": 0, "46->47": 0, "47->46": 0, "47->48": 0, "48->47": 0, "48->49": 0, "49->48": 0, "49->50": 0, "50->49": 0, "49->51": 0, "51->49": 0, "48->52": 0, "52->48": 0, "52->53": 0, "53->52": 0, "53->54": 0, "54->53": 0, "52->55": 0, "55->52": 0, "55->56": 0, "56->55": 0, "48->57": 0, "57->48": 0, "46->58": 0, "58->46": 0, "58->59": 0, "59->58": 0, "59->60": 0, "60->59": 0, "59->61": 0, "61->59": 0, "61->62": 0, "62->61": 0, "59->63": 0, "63->59": 0, "46->64": 0, "64->46": 0, "64->65": 0, "65->64": 0, "65->66": 0, "66->65": 0, "66->67": 0, "67->66": 0, "65->68": 0, "68->65": 0, "68->69": 0, "69->68": 0, "65->70": 0, "70->65": 0, "39->71": 0, "71->39": 0, "71->72": 0, "72->71": 0, "72->73": 0, "73->72": 0, "72->74": 0, "74->72": 0, "74->75": 0, "75->74": 0, "72->76": 0, "76->72": 0, "76->77": 0, "77->76": 0, "71->78": 0, "78->71": 0, "78->79": 0, "79->78": 0, "79->80": 0, "80->79": 0, "80->81": 0, "81->80": 0, "81->82": 0, "82->81": 0, "81->83": 0, "83->81": 0, "80->84": 0, "84->80": 0, "84->85": 0, "85->84": 0, "85->86": 0, "86->85": 0, "84->87": 0, "87->84": 0, "87->88": 0, "88->87": 0, "80->89": 0, "89->80": 0, "78->90": 0, "90->78": 0, "90->91": 0, "91->90": 0, "91->92": 0, "92->91": 0, "91->93": 0, "93->91": 0, "93->94": 0, "94->93": 0, "91->95": 0, "95->91": 0, "78->96": 0, "96->78": 0, "96->97": 0, "97->96": 0, "97->98": 0, "98->97": 0, "98->99": 0, "99->98": 0, "97->100": 0, "100->97": 0, "100->101": 0, "101->100": 0, "97->102": 0, "102->97": 0, "71->103": 0, "103->71": 0, "103->104": 0, "104->103": 0, "104->105": 0, "105->104": 0, "104->106": 0, "106->104": 0, "106->107": 0, "107->106": 0, "104->108": 0, "108->104": 0, "108->109": 0, "109->108": 0, "108->110": 0, "110->108": 0, "110->111": 0, "111->110": 0, "110->112": 0, "112->110": 0, "112->113": 0, "113->112": 0, "112->114": 0, "114->112": 0, "114->115": 0, "115->114": 0, "114->116": 0, "116->114": 0, "116->117": 0, "117->116": 0, "103->118": 0, "118->103": 0, "118->119": 0, "119->118": 0, "119->120": 0, "120->119": 0, "120->121": 0, "121->120": 0, "120->122": 0, "122->120": 0, "122->123": 0, "123->122": 0, "120->124": 0, "124->120": 0, "124->125": 0, "125->124": 0, "120->126": 0, "126->120": 0, "118->127": 0, "127->118": 0, "127->128": 0, "128->127": 0, "128->129": 0, "129->128": 0, "128->130": 0, "130->128": 0, "118->131": 0, "131->118": 0, "103->132": 0, "132->103": 0, "132->133": 0, "133->132": 0, "133->134": 0, "134->133": 0, "133->135": 0, "135->133": 0, "135->136": 0, "136->135": 0, "133->137": 0, "137->133": 0, "137->138": 0, "138->137": 0, "137->139": 0, "139->137": 0, "139->140": 0, "140->139": 0, "139->141": 0, "141->139": 0, "141->142": 0, "142->141": 0, "141->143": 0, "143->141": 0, "143->144": 0, "144->143": 0, "132->145": 0, "145->132": 0, "145->146": 0, "146->145": 0, "146->147": 0, "147->146": 0, "147->148": 0, "148->147": 0, "147->149": 0, "149->147": 0, "149->150": 0, "150->149": 0, "147->151": 0, "151->147": 0, "151->152": 0, "152->151": 0, "147->153": 0, "153->147": 0, "145->154": 0, "154->145": 0, "154->155": 0, "155->154": 0, "155->156": 0, "156->155": 0, "156->157": 0, "157->156": 0, "155->158": 0, "158->155": 0, "158->159": 0, "159->158": 0, "158->160": 0, "160->158": 0, "155->161": 0, "161->155": 0, "145->162": 0, "162->145": 0, "162->163": 0, "163->162": 0, "163->164": 0, "164->163": 0, "164->165": 0, "165->164": 0, "163->166": 0, "166->163": 0, "166->167": 0, "167->166": 0, "167->168": 0, "168->167": 0, "167->169": 0, "169->167": 0, "169->170": 0, "170->169": 0, "169->171": 0, "171->169": 0, "171->172": 0, "172->171": 0, "171->173": 0, "173->171": 0, "173->174": 0, "174->173": 0, "166->175": 0, "175->166": 0, "175->176": 0, "176->175": 0, "163->177": 0, "177->163": 0, "132->178": 0, "178->132": 0, "178->179": 0, "179->178": 0, "179->180": 0, "180->179": 0, "180->181": 0, "181->180": 0, "180->182": 0, "182->180": 0, "182->183": 0, "183->182": 0, "180->184": 0, "184->180": 0, "184->185": 0, "185->184": 0, "180->186": 0, "186->180": 0, "178->187": 0, "187->178": 0, "187->188": 0, "188->187": 0, "188->189": 0, "189->188": 0, "189->190": 0, "190->189": 0, "188->191": 0, "191->188": 0, "191->192": 0, "192->191": 0, "191->193": 0, "193->191": 0, "188->194": 0, "194->188": 0, "178->195": 0, "195->178": 0, "195->196": 0, "196->195": 0, "196->197": 0, "197->196": 0, "197->198": 0, "198->197": 0, "196->199": 0, "199->196": 0, "199->200": 0, "200->199": 0, "200->201": 0, "201->200": 0, "200->202": 0, "202->200": 0, "202->203": 0, "203->202": 0, "202->204": 0, "204->202": 0, "204->205": 0, "205->204": 0, "204->206": 0, "206->204": 0, "206->207": 0, "207->206": 0, "199->208": 0, "208->199": 0, "208->209": 0, "209->208": 0, "208->210": 0, "210->208": 0, "199->211": 0, "211->199": 0, "211->212": 0, "212->211": 0, "211->213": 0, "213->211": 0, "196->214": 0, "214->196": 0, "0->215": 0, "215->0": 0, "215->216": 0, "216->215": 0, "216->217": 0, "217->216": 0, "217->218": 0, "218->217": 0, "217->219": 0, "219->217": 0, "219->220": 0, "220->219": 0, "217->221": 0, "221->217": 0, "221->222": 0, "222->221": 0, "217->223": 0, "223->217": 0, "223->224": 0, "224->223": 0, "217->225": 0, "225->217": 0, "225->226": 0, "226->225": 0, "217->227": 0, "227->217": 0, "215->228": 0, "228->215": 0, "228->229": 0, "229->228": 0, "229->230": 0, "230->229": 0, "229->231": 0, "231->229": 0, "228->232": 0, "232->228": 0, "232->233": 0, "233->232": 0, "233->234": 0, "234->233": 0, "233->235": 0, "235->233": 0, "235->236": 0, "236->235": 0, "233->237": 0, "237->233": 0, "237->238": 0, "238->237": 0, "233->239": 0, "239->233": 0, "228->240": 0, "240->228": 0, "240->241": 0, "241->240": 0, "241->242": 0, "242->241": 0, "241->243": 0, "243->241": 0, "1->3": 1, "3->1": 12, "3->4": 1, "4->3": 12, "4->12": 1, "12->4": 12, "12->20": 1, "20->12": 12, "20->31": 1, "31->20": 12, "31->39": 1, "39->31": 12, "39->215": 1, "215->39": 12, "5->11": 1, "11->5": 12, "6->7": 1, "7->6": 12, "8->9": 1, "9->8": 12, "13->15": 1, "15->13": 12, "16->17": 1, "17->16": 12, "18->19": 2, "19->18": 3, "21->29": 1, "29->21": 12, "22->23": 1, "23->22": 12, "24->25": 1, "25->24": 12, "26->27": 1, "27->26": 12, "32->34": 1, "34->32": 12, "35->36": 1, "36->35": 12, "40->46": 6, "46->40": 6, "46->71": 1, "71->46": 12, "41->42": 1, "42->41": 12, "42->44": 1, "44->42": 12, "47->58": 10, "58->47": 11, "58->64": 10, "64->58": 11, "49->52": 1, "52->49": 12, "52->57": 1, "57->52": 12, "50->51": 2, "51->50": 3, "53->55": 1, "55->53": 12, "60->61": 1, "61->60": 12, "61->63": 1, "63->61": 12, "66->68": 1, "68->66": 12, "68->70": 1, "70->68": 12, "72->78": 6, "78->72": 6, "78->103": 1, "103->78": 12, "73->74": 1, "74->73": 12, "74->76": 1, "76->74": 12, "79->90": 10, "90->79": 11, "90->96": 10, "96->90": 11, "81->84": 1, "84->81": 12, "84->89": 1, "89->84": 12, "82->83": 2, "83->82": 3, "85->87": 1, "87->85": 12, "92->93": 1, "93->92": 12, "93->95": 1, "95->93": 12, "98->100": 1, "100->98": 12, "100->102": 1, "102->100": 12, "104->118": 6, "118->104": 6, "118->132": 1, "132->118": 12, "105->106": 1, "106->105": 12, "106->108": 1, "108->106": 12, "109->110": 1, "110->109": 12, "111->112": 1, "112->111": 12, "113->114": 1, "114->113": 12, "115->116": 1, "116->115": 12, "119->127": 10, "127->119": 11, "127->131": 10, "131->127": 11, "121->122": 1, "122->121": 12, "122->124": 1, "124->122": 12, "124->126": 1, "126->124": 12, "129->130": 2, "130->129": 3, "133->145": 6, "145->133": 6, "145->178": 1, "178->145": 12, "134->135": 1, "135->134": 12, "135->137": 1, "137->135": 12, "138->139": 1, "139->138": 12, "140->141": 1, "141->140": 12, "142->143": 1, "143->142": 12, "146->154": 10, "154->146": 11, "154->162": 10, "162->154": 11, "148->149": 1, "149->148": 12, "149->151": 1, "151->149": 12, "151->153": 1, "153->151": 12, "156->158": 1, "158->156": 12, "158->161": 1, "161->158": 12, "159->160": 2, "160->159": 3, "164->166": 1, "166->164": 12, "166->177": 1, "177->166": 12, "167->175": 1, "175->167": 12, "168->169": 1, "169->168": 12, "170->171": 1, "171->170": 12, "172->173": 1, "173->172": 12, "179->187": 10, "187->179": 11, "187->195": 10, "195->187": 11, "181->182": 1, "182->181": 12, "182->184": 1, "184->182": 12, "184->186": 1, "186->184": 12, "189->191": 1, "191->189": 12, "191->194": 1, "194->191": 12, "192->193": 2, "193->192": 3, "197->199": 1, "199->197": 12, "199->214": 1, "214->199": 12, "200->208": 1, "208->200": 12, "208->211": 1, "211->208": 12, "201->202": 1, "202->201": 12, "203->204": 1, "204->203": 12, "205->206": 1, "206->205": 12, "209->210": 2, "210->209": 3, "212->213": 2, "213->212": 3, "216->228": 1, "228->216": 12, "218->219": 1, "219->218": 12, "219->221": 1, "221->219": 12, "221->223": 1, "223->221": 12, "223->225": 1, "225->223": 12, "225->227": 1, "227->225": 12, "229->232": 1, "232->229": 12, "232->240": 1, "240->232": 12, "230->231": 2, "231->230": 3, "234->235": 1, "235->234": 12, "235->237": 1, "237->235": 12, "237->239": 1, "239->237": 12, "242->243": 2, "243->242": 3, "40->71": 7, "71->40": 7, "72->103": 7, "103->72": 7, "104->132": 7, "132->104": 7, "133->178": 7, "178->133": 7, "2->3": 2, "3->2": 3, "3->6": 2, "6->3": 3, "6->8": 2, "8->6": 3, "8->10": 2, "10->8": 3, "10->11": 2, "11->10": 3, "11->14": 2, "14->11": 3, "14->16": 2, "16->14": 3, "16->18": 2, "18->16": 3, "19->22": 2, "22->19": 3, "22->24": 2, "24->22": 3, "24->26": 2, "26->24": 3, "26->28": 2, "28->26": 3, "28->30": 2, "30->28": 3, "30->33": 2, "33->30": 3, "33->35": 2, "35->33": 3, "35->38": 2, "38->35": 3, "38->41": 2, "41->38": 3, "41->43": 2, "43->41": 3, "43->45": 2, "45->43": 3, "45->50": 2, "50->45": 3, "51->54": 2, "54->51": 3, "54->56": 2, "56->54": 3, "56->57": 2, "57->56": 3, "57->60": 2, "60->57": 3, "60->62": 2, "62->60": 3, "62->63": 2, "63->62": 3, "63->67": 2, "67->63": 3, "67->69": 2, "69->67": 3, "69->70": 2, "70->69": 3, "70->73": 2, "73->70": 3, "73->75": 2, "75->73": 3, "75->77": 2, "77->75": 3, "77->82": 2, "82->77": 3, "83->86": 2, "86->83": 3, "86->88": 2, "88->86": 3, "88->89": 2, "89->88": 3, "89->92": 2, "92->89": 3, "92->94": 2, "94->92": 3, "94->95": 2, "95->94": 3, "95->99": 2, "99->95": 3, "99->101": 2, "101->99": 3, "101->102": 2, "102->101": 3, "102->105": 2, "105->102": 3, "105->107": 2, "107->105": 3, "107->109": 2, "109->107": 3, "109->111": 2, "111->109": 3, "111->113": 2, "113->111": 3, "113->115": 2, "115->113": 3, "115->117": 2, "117->115": 3, "117->121": 2, "121->117": 3, "121->123": 2, "123->121": 3, "123->125": 2, "125->123": 3, "125->126": 2, "126->125": 3, "126->129": 2, "129->126": 3, "130->131": 2, "131->130": 3, "131->134": 2, "134->131": 3, "134->136": 2, "136->134": 3, "136->138": 2, "138->136": 3, "138->140": 2, "140->138": 3, "140->142": 2, "142->140": 3, "142->144": 2, "144->142": 3, "144->148": 2, "148->144": 3, "148->150": 2, "150->148": 3, "150->152": 2, "152->150": 3, "152->153": 2, "153->152": 3, "153->157": 2, "157->153": 3, "157->159": 2, "159->157": 3, "160->161": 2, "161->160": 3, "161->165": 2, "165->161": 3, "165->168": 2, "168->165": 3, "168->170": 2, "170->168": 3, "170->172": 2, "172->170": 3, "172->174": 2, "174->172": 3, "174->176": 2, "176->174": 3, "176->177": 2, "177->176": 3, "177->181": 2, "181->177": 3, "181->183": 2, "183->181": 3, "183->185": 2, "185->183": 3, "185->186": 2, "186->185": 3, "186->190": 2, "190->186": 3, "190->192": 2, "192->190": 3, "193->194": 2, "194->193": 3, "194->198": 2, "198->194": 3, "198->201": 2, "201->198": 3, "201->203": 2, "203->201": 3, "203->205": 2, "205->203": 3, "205->207": 2, "207->205": 3, "207->209": 2, "209->207": 3, "210->212": 2, "212->210": 3, "213->214": 2, "214->213": 3, "214->218": 2, "218->214": 3, "218->220": 2, "220->218": 3, "220->222": 2, "222->220": 3, "222->224": 2, "224->222": 3, "224->226": 2, "226->224": 3, "226->227": 2, "227->226": 3, "227->230": 2, "230->227": 3, "231->234": 2, "234->231": 3, "234->236": 2, "236->234": 3, "236->238": 2, "238->236": 3, "238->239": 2, "239->238": 3, "239->242": 2, "242->239": 3, "43->56": 4, "56->43": 5, "56->75": 4, "75->56": 5, "75->88": 4, "88->75": 5, "88->107": 4, "107->88": 5, "107->125": 4, "125->107": 5, "125->136": 4, "136->125": 5, "136->152": 4, "152->136": 5, "152->176": 4, "176->152": 5, "176->185": 4, "185->176": 5, "67->99": 4, "99->67": 5, "99->165": 4, "165->99": 5, "165->198": 4, "198->165": 5, "198->222": 4, "222->198": 5, "69->101": 4, "101->69": 5, "157->190": 4, "190->157": 5, "190->224": 4, "224->190": 5, "160->193": 4, "193->160": 5}, "metrics": [37.0, 5.0, 1.0]}