{"nodelist": ["MethodDeclaration", "{'public'}", "public", "ReferenceType", "TransitRegionStateProcedure", "createOneAssignProcedure", "FormalParameter", "ReferenceType", "RegionInfo", "ri", "FormalParameter", "BasicType", "boolean", "override", "LocalVariableDeclaration", "ReferenceType", "TransitRegionStateProcedure", "VariableDeclarator", "trsp", "Literal", "null", "TryStatement", "StatementExpression", "Assignment", "MemberReference", "trsp", "MethodInvocation", "MemberReference", "ri", "Literal", "null", "MemberReference", "override", "createAssignProcedure", "=", "CatchClause", "CatchClauseParameter", "IOException", "ioe", "StatementExpression", "MethodInvocation", "LOG", "BinaryOperation", "+", "Literal", "\"Failed {} assign, override={}\"", "TernaryExpression", "MemberReference", "override", "Literal", "\"\"", "Literal", "\"; set override to by-pass state checks.\"", "MethodInvocation", "ri", "getEncodedName", "MemberReference", "override", "MemberReference", "ioe", "info", "ReturnStatement", "MemberReference", "trsp"], "nodes": {"0": "MethodDeclaration", "1": "Modifier", "2": "public", "3": "ReferenceType", "4": "TransitRegionStateProcedure", "5": "createOneAssignProcedure", "6": "FormalParameter", "7": "ReferenceType", "8": "RegionInfo", "9": "ri", "10": "FormalParameter", "11": "BasicType", "12": "boolean", "13": "override", "14": "LocalVariableDeclaration", "15": "ReferenceType", "16": "TransitRegionStateProcedure", "17": "VariableDeclarator", "18": "trsp", "19": "Literal", "20": "null", "21": "TryStatement", "22": "StatementExpression", "23": "Assignment", "24": "MemberReference", "25": "trsp", "26": "MethodInvocation", "27": "MemberReference", "28": "ri", "29": "Literal", "30": "null", "31": "MemberReference", "32": "override", "33": "createAssignProcedure", "34": "=", "35": "CatchClause", "36": "CatchClauseParameter", "37": "IOException", "38": "ioe", "39": "StatementExpression", "40": "MethodInvocation", "41": "LOG", "42": "BinaryOperation", "43": "+", "44": "Literal", "45": "\"Failed {} assign, override={}\"", "46": "TernaryExpression", "47": "MemberReference", "48": "override", "49": "Literal", "50": "\"\"", "51": "Literal", "52": "\"; set override to by-pass state checks.\"", "53": "MethodInvocation", "54": "ri", "55": "getEncodedName", "56": "MemberReference", "57": "override", "58": "MemberReference", "59": "ioe", "60": "info", "61": "ReturnStatement", "62": "MemberReference", "63": "trsp"}, "edges": {"0->1": 0, "1->0": 0, "1->2": 0, "2->1": 0, "0->3": 0, "3->0": 0, "3->4": 0, "4->3": 0, "0->5": 0, "5->0": 0, "0->6": 0, "6->0": 0, "6->7": 0, "7->6": 0, "7->8": 0, "8->7": 0, "6->9": 0, "9->6": 0, "0->10": 0, "10->0": 0, "10->11": 0, "11->10": 0, "11->12": 0, "12->11": 0, "10->13": 0, "13->10": 0, "0->14": 0, "14->0": 0, "14->15": 0, "15->14": 0, "15->16": 0, "16->15": 0, "14->17": 0, "17->14": 0, "17->18": 0, "18->17": 0, "17->19": 0, "19->17": 0, "19->20": 0, "20->19": 0, "0->21": 0, "21->0": 0, "21->22": 0, "22->21": 0, "22->23": 0, "23->22": 0, "23->24": 0, "24->23": 0, "24->25": 0, "25->24": 0, "23->26": 0, "26->23": 0, "26->27": 0, "27->26": 0, "27->28": 0, "28->27": 0, "26->29": 0, "29->26": 0, "29->30": 0, "30->29": 0, "26->31": 0, "31->26": 0, "31->32": 0, "32->31": 0, "26->33": 0, "33->26": 0, "23->34": 0, "34->23": 0, "21->35": 0, "35->21": 0, "35->36": 0, "36->35": 0, "36->37": 0, "37->36": 0, "36->38": 0, "38->36": 0, "35->39": 0, "39->35": 0, "39->40": 0, "40->39": 0, "40->41": 0, "41->40": 0, "40->42": 0, "42->40": 0, "42->43": 0, "43->42": 0, "42->44": 0, "44->42": 0, "44->45": 0, "45->44": 0, "42->46": 0, "46->42": 0, "46->47": 0, "47->46": 0, "47->48": 0, "48->47": 0, "46->49": 0, "49->46": 0, "49->50": 0, "50->49": 0, "46->51": 0, "51->46": 0, "51->52": 0, "52->51": 0, "40->53": 0, "53->40": 0, "53->54": 0, "54->53": 0, "53->55": 0, "55->53": 0, "40->56": 0, "56->40": 0, "56->57": 0, "57->56": 0, "40->58": 0, "58->40": 0, "58->59": 0, "59->58": 0, "40->60": 0, "60->40": 0, "0->61": 0, "61->0": 0, "61->62": 0, "62->61": 0, "62->63": 0, "63->62": 0, "1->3": 1, "3->1": 12, "3->5": 1, "5->3": 12, "5->6": 1, "6->5": 12, "6->10": 1, "10->6": 12, "10->14": 1, "14->10": 12, "14->21": 1, "21->14": 12, "21->61": 1, "61->21": 12, "7->9": 1, "9->7": 12, "11->13": 1, "13->11": 12, "15->17": 1, "17->15": 12, "18->19": 1, "19->18": 12, "22->35": 1, "35->22": 12, "24->26": 1, "26->24": 12, "26->34": 1, "34->26": 12, "27->29": 1, "29->27": 12, "29->31": 1, "31->29": 12, "31->33": 1, "33->31": 12, "36->39": 1, "39->36": 12, "37->38": 2, "38->37": 3, "41->42": 1, "42->41": 12, "42->53": 1, "53->42": 12, "53->56": 1, "56->53": 12, "56->58": 1, "58->56": 12, "58->60": 1, "60->58": 12, "43->44": 1, "44->43": 12, "44->46": 1, "46->44": 12, "47->49": 1, "49->47": 12, "49->51": 1, "51->49": 12, "54->55": 2, "55->54": 3, "2->4": 2, "4->2": 3, "4->5": 2, "5->4": 3, "5->8": 2, "8->5": 3, "8->9": 2, "9->8": 3, "9->12": 2, "12->9": 3, "12->13": 2, "13->12": 3, "13->16": 2, "16->13": 3, "16->18": 2, "18->16": 3, "18->20": 2, "20->18": 3, "20->25": 2, "25->20": 3, "25->28": 2, "28->25": 3, "28->30": 2, "30->28": 3, "30->32": 2, "32->30": 3, "32->33": 2, "33->32": 3, "33->34": 2, "34->33": 3, "34->37": 2, "37->34": 3, "38->41": 2, "41->38": 3, "41->43": 2, "43->41": 3, "43->45": 2, "45->43": 3, "45->48": 2, "48->45": 3, "48->50": 2, "50->48": 3, "50->52": 2, "52->50": 3, "52->54": 2, "54->52": 3, "55->57": 2, "57->55": 3, "57->59": 2, "59->57": 3, "59->60": 2, "60->59": 3, "60->63": 2, "63->60": 3, "25->63": 4, "63->25": 5, "32->48": 4, "48->32": 5, "48->57": 4, "57->48": 5}, "metrics": [10.0, 1.0, 2.0]}