{"nodelist": ["MethodDeclaration", "{'default'}", "default", "preStoreScannerOpen", "FormalParameter", "ReferenceType", "ObserverContext", "TypeArgument", "ReferenceType", "RegionCoprocessorEnvironment", "ctx", "FormalParameter", "ReferenceType", "Store", "store", "FormalParameter", "ReferenceType", "ScanOptions", "options", "IOException"], "nodes": {"0": "MethodDeclaration", "1": "Modifier", "2": "default", "3": "preStoreScannerOpen", "4": "FormalParameter", "5": "ReferenceType", "6": "ObserverContext", "7": "TypeArgument", "8": "ReferenceType", "9": "RegionCoprocessorEnvironment", "10": "ctx", "11": "FormalParameter", "12": "ReferenceType", "13": "Store", "14": "store", "15": "FormalParameter", "16": "ReferenceType", "17": "ScanOptions", "18": "options", "19": "IOException"}, "edges": {"0->1": 0, "1->0": 0, "1->2": 0, "2->1": 0, "0->3": 0, "3->0": 0, "0->4": 0, "4->0": 0, "4->5": 0, "5->4": 0, "5->6": 0, "6->5": 0, "5->7": 0, "7->5": 0, "7->8": 0, "8->7": 0, "8->9": 0, "9->8": 0, "4->10": 0, "10->4": 0, "0->11": 0, "11->0": 0, "11->12": 0, "12->11": 0, "12->13": 0, "13->12": 0, "11->14": 0, "14->11": 0, "0->15": 0, "15->0": 0, "15->16": 0, "16->15": 0, "16->17": 0, "17->16": 0, "15->18": 0, "18->15": 0, "0->19": 0, "19->0": 0, "1->3": 1, "3->1": 12, "3->4": 1, "4->3": 12, "4->11": 1, "11->4": 12, "11->15": 1, "15->11": 12, "15->19": 1, "19->15": 12, "5->10": 1, "10->5": 12, "6->7": 1, "7->6": 12, "12->14": 1, "14->12": 12, "16->18": 1, "18->16": 12, "2->3": 2, "3->2": 3, "3->6": 2, "6->3": 3, "6->9": 2, "9->6": 3, "9->10": 2, "10->9": 3, "10->13": 2, "13->10": 3, "13->14": 2, "14->13": 3, "14->17": 2, "17->14": 3, "17->18": 2, "18->17": 3, "18->19": 2, "19->18": 3}, "metrics": [2.0, 1.0, 3.0]}