{"nodelist": ["MethodDeclaration", "{'public'}", "public", "Annotation", "Test", "testStopMaster", "Exception", "LocalVariableDeclaration", "ReferenceType", "AccessTestAction", "VariableDeclarator", "action", "ClassCreator", "ReferenceType", "AccessTestAction", "MethodDeclaration", "{'public'}", "public", "Annotation", "Override", "ReferenceType", "Object", "run", "Exception", "StatementExpression", "MethodInvocation", "ACCESS_CONTROLLER", "MethodInvocation", "ObserverContext", "MemberReference", "CP_ENV", "Literal", "null", "createAndPrepare", "preStopMaster", "ReturnStatement", "Literal", "null", "StatementExpression", "MethodInvocation", "MemberReference", "action", "MemberReference", "SUPERUSER", "MemberReference", "USER_ADMIN", "MemberReference", "USER_GROUP_ADMIN", "verifyAllowed", "StatementExpression", "MethodInvocation", "MemberReference", "action", "MemberReference", "USER_CREATE", "MemberReference", "USER_OWNER", "MemberReference", "USER_RW", "MemberReference", "USER_RO", "MemberReference", "USER_NONE", "MemberReference", "USER_GROUP_READ", "MemberReference", "USER_GROUP_WRITE", "MemberReference", "USER_GROUP_CREATE", "verifyDenied"], "nodes": {"0": "MethodDeclaration", "1": "Modifier", "2": "public", "3": "Annotation", "4": "Test", "5": "testStopMaster", "6": "Exception", "7": "LocalVariableDeclaration", "8": "ReferenceType", "9": "AccessTestAction", "10": "VariableDeclarator", "11": "action", "12": "ClassCreator", "13": "ReferenceType", "14": "AccessTestAction", "15": "MethodDeclaration", "16": "Modifier", "17": "public", "18": "Annotation", "19": "Override", "20": "ReferenceType", "21": "Object", "22": "run", "23": "Exception", "24": "StatementExpression", "25": "MethodInvocation", "26": "ACCESS_CONTROLLER", "27": "MethodInvocation", "28": "ObserverContext", "29": "MemberReference", "30": "CP_ENV", "31": "Literal", "32": "null", "33": "createAndPrepare", "34": "preStopMaster", "35": "ReturnStatement", "36": "Literal", "37": "null", "38": "StatementExpression", "39": "MethodInvocation", "40": "MemberReference", "41": "action", "42": "MemberReference", "43": "SUPERUSER", "44": "MemberReference", "45": "USER_ADMIN", "46": "MemberReference", "47": "USER_GROUP_ADMIN", "48": "verifyAllowed", "49": "StatementExpression", "50": "MethodInvocation", "51": "MemberReference", "52": "action", "53": "MemberReference", "54": "USER_CREATE", "55": "MemberReference", "56": "USER_OWNER", "57": "MemberReference", "58": "USER_RW", "59": "MemberReference", "60": "USER_RO", "61": "MemberReference", "62": "USER_NONE", "63": "MemberReference", "64": "USER_GROUP_READ", "65": "MemberReference", "66": "USER_GROUP_WRITE", "67": "MemberReference", "68": "USER_GROUP_CREATE", "69": "verifyDenied"}, "edges": {"0->1": 0, "1->0": 0, "1->2": 0, "2->1": 0, "0->3": 0, "3->0": 0, "3->4": 0, "4->3": 0, "0->5": 0, "5->0": 0, "0->6": 0, "6->0": 0, "0->7": 0, "7->0": 0, "7->8": 0, "8->7": 0, "8->9": 0, "9->8": 0, "7->10": 0, "10->7": 0, "10->11": 0, "11->10": 0, "10->12": 0, "12->10": 0, "12->13": 0, "13->12": 0, "13->14": 0, "14->13": 0, "12->15": 0, "15->12": 0, "15->16": 0, "16->15": 0, "16->17": 0, "17->16": 0, "15->18": 0, "18->15": 0, "18->19": 0, "19->18": 0, "15->20": 0, "20->15": 0, "20->21": 0, "21->20": 0, "15->22": 0, "22->15": 0, "15->23": 0, "23->15": 0, "15->24": 0, "24->15": 0, "24->25": 0, "25->24": 0, "25->26": 0, "26->25": 0, "25->27": 0, "27->25": 0, "27->28": 0, "28->27": 0, "27->29": 0, "29->27": 0, "29->30": 0, "30->29": 0, "27->31": 0, "31->27": 0, "31->32": 0, "32->31": 0, "27->33": 0, "33->27": 0, "25->34": 0, "34->25": 0, "15->35": 0, "35->15": 0, "35->36": 0, "36->35": 0, "36->37": 0, "37->36": 0, "0->38": 0, "38->0": 0, "38->39": 0, "39->38": 0, "39->40": 0, "40->39": 0, "40->41": 0, "41->40": 0, "39->42": 0, "42->39": 0, "42->43": 0, "43->42": 0, "39->44": 0, "44->39": 0, "44->45": 0, "45->44": 0, "39->46": 0, "46->39": 0, "46->47": 0, "47->46": 0, "39->48": 0, "48->39": 0, "0->49": 0, "49->0": 0, "49->50": 0, "50->49": 0, "50->51": 0, "51->50": 0, "51->52": 0, "52->51": 0, "50->53": 0, "53->50": 0, "53->54": 0, "54->53": 0, "50->55": 0, "55->50": 0, "55->56": 0, "56->55": 0, "50->57": 0, "57->50": 0, "57->58": 0, "58->57": 0, "50->59": 0, "59->50": 0, "59->60": 0, "60->59": 0, "50->61": 0, "61->50": 0, "61->62": 0, "62->61": 0, "50->63": 0, "63->50": 0, "63->64": 0, "64->63": 0, "50->65": 0, "65->50": 0, "65->66": 0, "66->65": 0, "50->67": 0, "67->50": 0, "67->68": 0, "68->67": 0, "50->69": 0, "69->50": 0, "1->3": 1, "3->1": 12, "3->5": 1, "5->3": 12, "5->6": 2, "6->5": 3, "6->7": 1, "7->6": 12, "7->38": 1, "38->7": 12, "38->49": 1, "49->38": 12, "8->10": 1, "10->8": 12, "11->12": 1, "12->11": 12, "13->15": 1, "15->13": 12, "16->18": 1, "18->16": 12, "18->20": 1, "20->18": 12, "20->22": 1, "22->20": 12, "22->23": 2, "23->22": 3, "23->24": 1, "24->23": 12, "24->35": 1, "35->24": 12, "26->27": 1, "27->26": 12, "27->34": 1, "34->27": 12, "28->29": 1, "29->28": 12, "29->31": 1, "31->29": 12, "31->33": 1, "33->31": 12, "40->42": 1, "42->40": 12, "42->44": 1, "44->42": 12, "44->46": 1, "46->44": 12, "46->48": 1, "48->46": 12, "51->53": 1, "53->51": 12, "53->55": 1, "55->53": 12, "55->57": 1, "57->55": 12, "57->59": 1, "59->57": 12, "59->61": 1, "61->59": 12, "61->63": 1, "63->61": 12, "63->65": 1, "65->63": 12, "65->67": 1, "67->65": 12, "67->69": 1, "69->67": 12, "2->4": 2, "4->2": 3, "4->5": 2, "5->4": 3, "6->9": 2, "9->6": 3, "9->11": 2, "11->9": 3, "11->14": 2, "14->11": 3, "14->17": 2, "17->14": 3, "17->19": 2, "19->17": 3, "19->21": 2, "21->19": 3, "21->22": 2, "22->21": 3, "23->26": 2, "26->23": 3, "26->28": 2, "28->26": 3, "28->30": 2, "30->28": 3, "30->32": 2, "32->30": 3, "32->33": 2, "33->32": 3, "33->34": 2, "34->33": 3, "34->37": 2, "37->34": 3, "37->41": 2, "41->37": 3, "41->43": 2, "43->41": 3, "43->45": 2, "45->43": 3, "45->47": 2, "47->45": 3, "47->48": 2, "48->47": 3, "48->52": 2, "52->48": 3, "52->54": 2, "54->52": 3, "54->56": 2, "56->54": 3, "56->58": 2, "58->56": 3, "58->60": 2, "60->58": 3, "60->62": 2, "62->60": 3, "62->64": 2, "64->62": 3, "64->66": 2, "66->64": 3, "66->68": 2, "68->66": 3, "68->69": 2, "69->68": 3, "41->52": 4, "52->41": 5}, "metrics": [11.0, 1.0, 0.0]}