{"nodelist": ["MethodDeclaration", "{'static', 'public'}", "static", "public", "BasicType", "byte", "getIpAddressBytes", "TryStatement", "LocalVariableDeclaration", "ReferenceType", "Enumeration", "TypeArgument", "ReferenceType", "NetworkInterface", "VariableDeclarator", "interfaces", "MethodInvocation", "NetworkInterface", "getNetworkInterfaces", "WhileStatement", "MethodInvocation", "interfaces", "hasMoreElements", "BlockStatement", "LocalVariableDeclaration", "ReferenceType", "NetworkInterface", "VariableDeclarator", "current", "MethodInvocation", "interfaces", "nextElement", "IfStatement", "BinaryOperation", "||", "BinaryOperation", "||", "MethodInvocation", "!", "current", "isUp", "MethodInvocation", "current", "isLoopback", "MethodInvocation", "current", "isVirtual", "ContinueStatement", "LocalVariableDeclaration", "ReferenceType", "Enumeration", "TypeArgument", "ReferenceType", "InetAddress", "VariableDeclarator", "addresses", "MethodInvocation", "current", "getInetAddresses", "WhileStatement", "MethodInvocation", "addresses", "hasMoreElements", "BlockStatement", "LocalVariableDeclaration", "ReferenceType", "InetAddress", "VariableDeclarator", "addr", "MethodInvocation", "addresses", "nextElement", "IfStatement", "MethodInvocation", "addr", "isLoopbackAddress", "ContinueStatement", "IfStatement", "BinaryOperation", "||", "BinaryOperation", "instanceof", "MemberReference", "addr", "ReferenceType", "Inet4Address", "BinaryOperation", "instanceof", "MemberReference", "addr", "ReferenceType", "Inet6Address", "BlockStatement", "ReturnStatement", "MethodInvocation", "addr", "getAddress", "CatchClause", "CatchClauseParameter", "IOException", "ex", "StatementExpression", "MethodInvocation", "LOG", "Literal", "\"Failed to get IP address bytes\"", "MemberReference", "ex", "warn", "ReturnStatement", "ArrayCreator", "BasicType", "byte", "Literal", "0"], "nodes": {"0": "MethodDeclaration", "1": "Modifier", "2": "static", "3": "public", "4": "BasicType", "5": "byte", "6": "getIpAddressBytes", "7": "TryStatement", "8": "LocalVariableDeclaration", "9": "ReferenceType", "10": "Enumeration", "11": "TypeArgument", "12": "ReferenceType", "13": "NetworkInterface", "14": "VariableDeclarator", "15": "interfaces", "16": "MethodInvocation", "17": "NetworkInterface", "18": "getNetworkInterfaces", "19": "WhileStatement", "20": "MethodInvocation", "21": "interfaces", "22": "hasMoreElements", "23": "BlockStatement", "24": "LocalVariableDeclaration", "25": "ReferenceType", "26": "NetworkInterface", "27": "VariableDeclarator", "28": "current", "29": "MethodInvocation", "30": "interfaces", "31": "nextElement", "32": "IfStatement", "33": "BinaryOperation", "34": "||", "35": "BinaryOperation", "36": "||", "37": "MethodInvocation", "38": "!", "39": "current", "40": "isUp", "41": "MethodInvocation", "42": "current", "43": "isLoopback", "44": "MethodInvocation", "45": "current", "46": "isVirtual", "47": "ContinueStatement", "48": "LocalVariableDeclaration", "49": "ReferenceType", "50": "Enumeration", "51": "TypeArgument", "52": "ReferenceType", "53": "InetAddress", "54": "VariableDeclarator", "55": "addresses", "56": "MethodInvocation", "57": "current", "58": "getInetAddresses", "59": "WhileStatement", "60": "MethodInvocation", "61": "addresses", "62": "hasMoreElements", "63": "BlockStatement", "64": "LocalVariableDeclaration", "65": "ReferenceType", "66": "InetAddress", "67": "VariableDeclarator", "68": "addr", "69": "MethodInvocation", "70": "addresses", "71": "nextElement", "72": "IfStatement", "73": "MethodInvocation", "74": "addr", "75": "isLoopbackAddress", "76": "ContinueStatement", "77": "IfStatement", "78": "BinaryOperation", "79": "||", "80": "BinaryOperation", "81": "instanceof", "82": "MemberReference", "83": "addr", "84": "ReferenceType", "85": "Inet4Address", "86": "BinaryOperation", "87": "instanceof", "88": "MemberReference", "89": "addr", "90": "ReferenceType", "91": "Inet6Address", "92": "BlockStatement", "93": "ReturnStatement", "94": "MethodInvocation", "95": "addr", "96": "getAddress", "97": "CatchClause", "98": "CatchClauseParameter", "99": "IOException", "100": "ex", "101": "StatementExpression", "102": "MethodInvocation", "103": "LOG", "104": "Literal", "105": "\"Failed to get IP address bytes\"", "106": "MemberReference", "107": "ex", "108": "warn", "109": "ReturnStatement", "110": "ArrayCreator", "111": "BasicType", "112": "byte", "113": "Literal", "114": "0"}, "edges": {"0->1": 0, "1->0": 0, "1->2": 0, "2->1": 0, "1->3": 0, "3->1": 0, "0->4": 0, "4->0": 0, "4->5": 0, "5->4": 0, "0->6": 0, "6->0": 0, "0->7": 0, "7->0": 0, "7->8": 0, "8->7": 0, "8->9": 0, "9->8": 0, "9->10": 0, "10->9": 0, "9->11": 0, "11->9": 0, "11->12": 0, "12->11": 0, "12->13": 0, "13->12": 0, "8->14": 0, "14->8": 0, "14->15": 0, "15->14": 0, "14->16": 0, "16->14": 0, "16->17": 0, "17->16": 0, "16->18": 0, "18->16": 0, "7->19": 0, "19->7": 0, "19->20": 0, "20->19": 0, "20->21": 0, "21->20": 0, "20->22": 0, "22->20": 0, "19->23": 0, "23->19": 0, "23->24": 0, "24->23": 0, "24->25": 0, "25->24": 0, "25->26": 0, "26->25": 0, "24->27": 0, "27->24": 0, "27->28": 0, "28->27": 0, "27->29": 0, "29->27": 0, "29->30": 0, "30->29": 0, "29->31": 0, "31->29": 0, "23->32": 0, "32->23": 0, "32->33": 0, "33->32": 0, "33->34": 0, "34->33": 0, "33->35": 0, "35->33": 0, "35->36": 0, "36->35": 0, "35->37": 0, "37->35": 0, "37->38": 0, "38->37": 0, "37->39": 0, "39->37": 0, "37->40": 0, "40->37": 0, "35->41": 0, "41->35": 0, "41->42": 0, "42->41": 0, "41->43": 0, "43->41": 0, "33->44": 0, "44->33": 0, "44->45": 0, "45->44": 0, "44->46": 0, "46->44": 0, "32->47": 0, "47->32": 0, "23->48": 0, "48->23": 0, "48->49": 0, "49->48": 0, "49->50": 0, "50->49": 0, "49->51": 0, "51->49": 0, "51->52": 0, "52->51": 0, "52->53": 0, "53->52": 0, "48->54": 0, "54->48": 0, "54->55": 0, "55->54": 0, "54->56": 0, "56->54": 0, "56->57": 0, "57->56": 0, "56->58": 0, "58->56": 0, "23->59": 0, "59->23": 0, "59->60": 0, "60->59": 0, "60->61": 0, "61->60": 0, "60->62": 0, "62->60": 0, "59->63": 0, "63->59": 0, "63->64": 0, "64->63": 0, "64->65": 0, "65->64": 0, "65->66": 0, "66->65": 0, "64->67": 0, "67->64": 0, "67->68": 0, "68->67": 0, "67->69": 0, "69->67": 0, "69->70": 0, "70->69": 0, "69->71": 0, "71->69": 0, "63->72": 0, "72->63": 0, "72->73": 0, "73->72": 0, "73->74": 0, "74->73": 0, "73->75": 0, "75->73": 0, "72->76": 0, "76->72": 0, "63->77": 0, "77->63": 0, "77->78": 0, "78->77": 0, "78->79": 0, "79->78": 0, "78->80": 0, "80->78": 0, "80->81": 0, "81->80": 0, "80->82": 0, "82->80": 0, "82->83": 0, "83->82": 0, "80->84": 0, "84->80": 0, "84->85": 0, "85->84": 0, "78->86": 0, "86->78": 0, "86->87": 0, "87->86": 0, "86->88": 0, "88->86": 0, "88->89": 0, "89->88": 0, "86->90": 0, "90->86": 0, "90->91": 0, "91->90": 0, "77->92": 0, "92->77": 0, "92->93": 0, "93->92": 0, "93->94": 0, "94->93": 0, "94->95": 0, "95->94": 0, "94->96": 0, "96->94": 0, "7->97": 0, "97->7": 0, "97->98": 0, "98->97": 0, "98->99": 0, "99->98": 0, "98->100": 0, "100->98": 0, "97->101": 0, "101->97": 0, "101->102": 0, "102->101": 0, "102->103": 0, "103->102": 0, "102->104": 0, "104->102": 0, "104->105": 0, "105->104": 0, "102->106": 0, "106->102": 0, "106->107": 0, "107->106": 0, "102->108": 0, "108->102": 0, "0->109": 0, "109->0": 0, "109->110": 0, "110->109": 0, "110->111": 0, "111->110": 0, "111->112": 0, "112->111": 0, "110->113": 0, "113->110": 0, "113->114": 0, "114->113": 0, "1->4": 1, "4->1": 12, "4->6": 1, "6->4": 12, "6->7": 1, "7->6": 12, "7->109": 1, "109->7": 12, "2->3": 2, "3->2": 3, "8->19": 1, "19->8": 12, "19->97": 1, "97->19": 12, "9->14": 1, "14->9": 12, "10->11": 1, "11->10": 12, "15->16": 1, "16->15": 12, "17->18": 2, "18->17": 3, "20->23": 8, "23->20": 8, "21->22": 2, "22->21": 3, "24->32": 10, "32->24": 11, "32->48": 10, "48->32": 11, "48->59": 10, "59->48": 11, "25->27": 1, "27->25": 12, "28->29": 1, "29->28": 12, "30->31": 2, "31->30": 3, "33->47": 6, "47->33": 6, "34->35": 1, "35->34": 12, "35->44": 1, "44->35": 12, "36->37": 1, "37->36": 12, "37->41": 1, "41->37": 12, "38->39": 2, "39->38": 3, "39->40": 2, "40->39": 3, "42->43": 2, "43->42": 3, "45->46": 2, "46->45": 3, "49->54": 1, "54->49": 12, "50->51": 1, "51->50": 12, "55->56": 1, "56->55": 12, "57->58": 2, "58->57": 3, "60->63": 8, "63->60": 8, "61->62": 2, "62->61": 3, "64->72": 10, "72->64": 11, "72->77": 10, "77->72": 11, "65->67": 1, "67->65": 12, "68->69": 1, "69->68": 12, "70->71": 2, "71->70": 3, "73->76": 6, "76->73": 6, "74->75": 2, "75->74": 3, "78->92": 6, "92->78": 6, "79->80": 1, "80->79": 12, "80->86": 1, "86->80": 12, "81->82": 1, "82->81": 12, "82->84": 1, "84->82": 12, "87->88": 1, "88->87": 12, "88->90": 1, "90->88": 12, "95->96": 2, "96->95": 3, "98->101": 1, "101->98": 12, "99->100": 2, "100->99": 3, "103->104": 1, "104->103": 12, "104->106": 1, "106->104": 12, "106->108": 1, "108->106": 12, "111->113": 1, "113->111": 12, "3->5": 2, "5->3": 3, "5->6": 2, "6->5": 3, "6->10": 2, "10->6": 3, "10->13": 2, "13->10": 3, "13->15": 2, "15->13": 3, "15->17": 2, "17->15": 3, "18->21": 2, "21->18": 3, "22->26": 2, "26->22": 3, "26->28": 2, "28->26": 3, "28->30": 2, "30->28": 3, "31->34": 2, "34->31": 3, "34->36": 2, "36->34": 3, "36->38": 2, "38->36": 3, "40->42": 2, "42->40": 3, "43->45": 2, "45->43": 3, "46->47": 2, "47->46": 3, "47->50": 2, "50->47": 3, "50->53": 2, "53->50": 3, "53->55": 2, "55->53": 3, "55->57": 2, "57->55": 3, "58->61": 2, "61->58": 3, "62->66": 2, "66->62": 3, "66->68": 2, "68->66": 3, "68->70": 2, "70->68": 3, "71->74": 2, "74->71": 3, "75->76": 2, "76->75": 3, "76->79": 2, "79->76": 3, "79->81": 2, "81->79": 3, "81->83": 2, "83->81": 3, "83->85": 2, "85->83": 3, "85->87": 2, "87->85": 3, "87->89": 2, "89->87": 3, "89->91": 2, "91->89": 3, "91->95": 2, "95->91": 3, "96->99": 2, "99->96": 3, "100->103": 2, "103->100": 3, "103->105": 2, "105->103": 3, "105->107": 2, "107->105": 3, "107->108": 2, "108->107": 3, "108->112": 2, "112->108": 3, "112->114": 2, "114->112": 3, "83->89": 4, "89->83": 5}, "metrics": [21.0, 6.0, 0.0]}