{"nodelist": ["MethodDeclaration", "{'static', 'public'}", "static", "public", "BasicType", "boolean", "checkClusterIdExists", "FormalParameter", "ReferenceType", "FileSystem", "fs", "FormalParameter", "ReferenceType", "Path", "rootdir", "FormalParameter", "BasicType", "long", "wait", "IOException", "WhileStatement", "Literal", "true", "BlockStatement", "TryStatement", "LocalVariableDeclaration", "ReferenceType", "Path", "VariableDeclarator", "filePath", "ClassCreator", "ReferenceType", "Path", "MemberReference", "rootdir", "MemberReference", "HConstants", "CLUSTER_ID_FILE_NAME", "ReturnStatement", "MethodInvocation", "fs", "MemberReference", "filePath", "exists", "CatchClause", "CatchClauseParameter", "IOException", "ioe", "IfStatement", "BinaryOperation", ">", "MemberReference", "wait", "Literal", "0L", "BlockStatement", "StatementExpression", "MethodInvocation", "LOG", "Literal", "\"Unable to check cluster ID file in {}, retrying in {}ms\"", "MemberReference", "rootdir", "MemberReference", "wait", "MemberReference", "ioe", "warn", "TryStatement", "StatementExpression", "MethodInvocation", "Thread", "MemberReference", "wait", "sleep", "CatchClause", "CatchClauseParameter", "InterruptedException", "e", "StatementExpression", "MethodInvocation", "Thread", "MethodInvocation", "interrupt", "currentThread", "ThrowStatement", "Cast", "ReferenceType", "InterruptedIOException", "ClassCreator", "MethodInvocation", "MemberReference", "e", "initCause", "ReferenceType", "InterruptedIOException", "BlockStatement", "ThrowStatement", "MemberReference", "ioe"], "nodes": {"0": "MethodDeclaration", "1": "Modifier", "2": "static", "3": "public", "4": "BasicType", "5": "boolean", "6": "checkClusterIdExists", "7": "FormalParameter", "8": "ReferenceType", "9": "FileSystem", "10": "fs", "11": "FormalParameter", "12": "ReferenceType", "13": "Path", "14": "rootdir", "15": "FormalParameter", "16": "BasicType", "17": "long", "18": "wait", "19": "IOException", "20": "WhileStatement", "21": "Literal", "22": "true", "23": "BlockStatement", "24": "TryStatement", "25": "LocalVariableDeclaration", "26": "ReferenceType", "27": "Path", "28": "VariableDeclarator", "29": "filePath", "30": "ClassCreator", "31": "ReferenceType", "32": "Path", "33": "MemberReference", "34": "rootdir", "35": "MemberReference", "36": "HConstants", "37": "CLUSTER_ID_FILE_NAME", "38": "ReturnStatement", "39": "MethodInvocation", "40": "fs", "41": "MemberReference", "42": "filePath", "43": "exists", "44": "CatchClause", "45": "CatchClauseParameter", "46": "IOException", "47": "ioe", "48": "IfStatement", "49": "BinaryOperation", "50": ">", "51": "MemberReference", "52": "wait", "53": "Literal", "54": "0L", "55": "BlockStatement", "56": "StatementExpression", "57": "MethodInvocation", "58": "LOG", "59": "Literal", "60": "\"Unable to check cluster ID file in {}, retrying in {}ms\"", "61": "MemberReference", "62": "rootdir", "63": "MemberReference", "64": "wait", "65": "MemberReference", "66": "ioe", "67": "warn", "68": "TryStatement", "69": "StatementExpression", "70": "MethodInvocation", "71": "Thread", "72": "MemberReference", "73": "wait", "74": "sleep", "75": "CatchClause", "76": "CatchClauseParameter", "77": "InterruptedException", "78": "e", "79": "StatementExpression", "80": "MethodInvocation", "81": "Thread", "82": "MethodInvocation", "83": "interrupt", "84": "currentThread", "85": "ThrowStatement", "86": "Cast", "87": "ReferenceType", "88": "InterruptedIOException", "89": "ClassCreator", "90": "MethodInvocation", "91": "MemberReference", "92": "e", "93": "initCause", "94": "ReferenceType", "95": "InterruptedIOException", "96": "BlockStatement", "97": "ThrowStatement", "98": "MemberReference", "99": "ioe"}, "edges": {"0->1": 0, "1->0": 0, "1->2": 0, "2->1": 0, "1->3": 0, "3->1": 0, "0->4": 0, "4->0": 0, "4->5": 0, "5->4": 0, "0->6": 0, "6->0": 0, "0->7": 0, "7->0": 0, "7->8": 0, "8->7": 0, "8->9": 0, "9->8": 0, "7->10": 0, "10->7": 0, "0->11": 0, "11->0": 0, "11->12": 0, "12->11": 0, "12->13": 0, "13->12": 0, "11->14": 0, "14->11": 0, "0->15": 0, "15->0": 0, "15->16": 0, "16->15": 0, "16->17": 0, "17->16": 0, "15->18": 0, "18->15": 0, "0->19": 0, "19->0": 0, "0->20": 0, "20->0": 0, "20->21": 0, "21->20": 0, "21->22": 0, "22->21": 0, "20->23": 0, "23->20": 0, "23->24": 0, "24->23": 0, "24->25": 0, "25->24": 0, "25->26": 0, "26->25": 0, "26->27": 0, "27->26": 0, "25->28": 0, "28->25": 0, "28->29": 0, "29->28": 0, "28->30": 0, "30->28": 0, "30->31": 0, "31->30": 0, "31->32": 0, "32->31": 0, "30->33": 0, "33->30": 0, "33->34": 0, "34->33": 0, "30->35": 0, "35->30": 0, "35->36": 0, "36->35": 0, "35->37": 0, "37->35": 0, "24->38": 0, "38->24": 0, "38->39": 0, "39->38": 0, "39->40": 0, "40->39": 0, "39->41": 0, "41->39": 0, "41->42": 0, "42->41": 0, "39->43": 0, "43->39": 0, "24->44": 0, "44->24": 0, "44->45": 0, "45->44": 0, "45->46": 0, "46->45": 0, "45->47": 0, "47->45": 0, "44->48": 0, "48->44": 0, "48->49": 0, "49->48": 0, "49->50": 0, "50->49": 0, "49->51": 0, "51->49": 0, "51->52": 0, "52->51": 0, "49->53": 0, "53->49": 0, "53->54": 0, "54->53": 0, "48->55": 0, "55->48": 0, "55->56": 0, "56->55": 0, "56->57": 0, "57->56": 0, "57->58": 0, "58->57": 0, "57->59": 0, "59->57": 0, "59->60": 0, "60->59": 0, "57->61": 0, "61->57": 0, "61->62": 0, "62->61": 0, "57->63": 0, "63->57": 0, "63->64": 0, "64->63": 0, "57->65": 0, "65->57": 0, "65->66": 0, "66->65": 0, "57->67": 0, "67->57": 0, "55->68": 0, "68->55": 0, "68->69": 0, "69->68": 0, "69->70": 0, "70->69": 0, "70->71": 0, "71->70": 0, "70->72": 0, "72->70": 0, "72->73": 0, "73->72": 0, "70->74": 0, "74->70": 0, "68->75": 0, "75->68": 0, "75->76": 0, "76->75": 0, "76->77": 0, "77->76": 0, "76->78": 0, "78->76": 0, "75->79": 0, "79->75": 0, "79->80": 0, "80->79": 0, "80->81": 0, "81->80": 0, "80->82": 0, "82->80": 0, "82->83": 0, "83->82": 0, "80->84": 0, "84->80": 0, "75->85": 0, "85->75": 0, "85->86": 0, "86->85": 0, "86->87": 0, "87->86": 0, "87->88": 0, "88->87": 0, "86->89": 0, "89->86": 0, "89->90": 0, "90->89": 0, "90->91": 0, "91->90": 0, "91->92": 0, "92->91": 0, "90->93": 0, "93->90": 0, "89->94": 0, "94->89": 0, "94->95": 0, "95->94": 0, "48->96": 0, "96->48": 0, "96->97": 0, "97->96": 0, "97->98": 0, "98->97": 0, "98->99": 0, "99->98": 0, "1->4": 1, "4->1": 12, "4->6": 1, "6->4": 12, "6->7": 1, "7->6": 12, "7->11": 1, "11->7": 12, "11->15": 1, "15->11": 12, "15->19": 1, "19->15": 12, "19->20": 1, "20->19": 12, "2->3": 2, "3->2": 3, "8->10": 1, "10->8": 12, "12->14": 1, "14->12": 12, "16->18": 1, "18->16": 12, "21->23": 8, "23->21": 8, "25->38": 1, "38->25": 12, "38->44": 1, "44->38": 12, "26->28": 1, "28->26": 12, "29->30": 1, "30->29": 12, "31->33": 1, "33->31": 12, "33->35": 1, "35->33": 12, "36->37": 2, "37->36": 3, "40->41": 1, "41->40": 12, "41->43": 1, "43->41": 12, "45->48": 1, "48->45": 12, "46->47": 2, "47->46": 3, "49->55": 6, "55->49": 6, "55->96": 1, "96->55": 12, "50->51": 1, "51->50": 12, "51->53": 1, "53->51": 12, "56->68": 10, "68->56": 11, "58->59": 1, "59->58": 12, "59->61": 1, "61->59": 12, "61->63": 1, "63->61": 12, "63->65": 1, "65->63": 12, "65->67": 1, "67->65": 12, "69->75": 1, "75->69": 12, "71->72": 1, "72->71": 12, "72->74": 1, "74->72": 12, "76->79": 1, "79->76": 12, "79->85": 1, "85->79": 12, "77->78": 2, "78->77": 3, "81->82": 1, "82->81": 12, "82->84": 1, "84->82": 12, "87->89": 1, "89->87": 12, "90->94": 1, "94->90": 12, "91->93": 1, "93->91": 12, "49->96": 7, "96->49": 7, "3->5": 2, "5->3": 3, "5->6": 2, "6->5": 3, "6->9": 2, "9->6": 3, "9->10": 2, "10->9": 3, "10->13": 2, "13->10": 3, "13->14": 2, "14->13": 3, "14->17": 2, "17->14": 3, "17->18": 2, "18->17": 3, "18->19": 2, "19->18": 3, "19->22": 2, "22->19": 3, "22->27": 2, "27->22": 3, "27->29": 2, "29->27": 3, "29->32": 2, "32->29": 3, "32->34": 2, "34->32": 3, "34->36": 2, "36->34": 3, "37->40": 2, "40->37": 3, "40->42": 2, "42->40": 3, "42->43": 2, "43->42": 3, "43->46": 2, "46->43": 3, "47->50": 2, "50->47": 3, "50->52": 2, "52->50": 3, "52->54": 2, "54->52": 3, "54->58": 2, "58->54": 3, "58->60": 2, "60->58": 3, "60->62": 2, "62->60": 3, "62->64": 2, "64->62": 3, "64->66": 2, "66->64": 3, "66->67": 2, "67->66": 3, "67->71": 2, "71->67": 3, "71->73": 2, "73->71": 3, "73->74": 2, "74->73": 3, "74->77": 2, "77->74": 3, "78->81": 2, "81->78": 3, "81->83": 2, "83->81": 3, "83->84": 2, "84->83": 3, "84->88": 2, "88->84": 3, "88->92": 2, "92->88": 3, "92->93": 2, "93->92": 3, "93->95": 2, "95->93": 3, "95->99": 2, "99->95": 3, "34->62": 4, "62->34": 5, "52->64": 4, "64->52": 5, "64->73": 4, "73->64": 5, "66->99": 4, "99->66": 5}, "metrics": [23.0, 3.0, 3.0]}