{"nodelist": ["MethodDeclaration", "{'public'}", "public", "Annotation", "Test", "testMemstoreSizeWithFlushCanceling", "IOException", "LocalVariableDeclaration", "ReferenceType", "FileSystem", "VariableDeclarator", "fs", "MethodInvocation", "FileSystem", "MemberReference", "CONF", "get", "LocalVariableDeclaration", "ReferenceType", "Path", "VariableDeclarator", "rootDir", "ClassCreator", "ReferenceType", "Path", "BinaryOperation", "+", "MemberReference", "dir", "Literal", "\"testMemstoreSizeWithFlushCanceling\"", "LocalVariableDeclaration", "ReferenceType", "FSHLog", "VariableDeclarator", "hLog", "ClassCreator", "ReferenceType", "FSHLog", "MemberReference", "fs", "MemberReference", "rootDir", "Literal", "\"testMemstoreSizeWithFlushCanceling\"", "MemberReference", "CONF", "LocalVariableDeclaration", "ReferenceType", "HRegion", "VariableDeclarator", "region", "MethodInvocation", "MemberReference", "tableName", "Literal", "null", "Literal", "null", "MethodInvocation", "name", "getMethodName", "MemberReference", "CONF", "Literal", "false", "MemberReference", "Durability", "SYNC_WAL", "MemberReference", "hLog", "MemberReference", "COLUMN_FAMILY_BYTES", "initHRegion", "LocalVariableDeclaration", "ReferenceType", "Store", "VariableDeclarator", "store", "MethodInvocation", "region", "MemberReference", "COLUMN_FAMILY_BYTES", "getStore", "StatementExpression", "MethodInvocation", "Literal", "0", "MethodInvocation", "region", "getMemstoreSize", "assertEquals", "LocalVariableDeclaration", "BasicType", "byte", "VariableDeclarator", "value", "MethodInvocation", "Bytes", "MethodInvocation", "name", "getMethodName", "toBytes", "LocalVariableDeclaration", "ReferenceType", "Put", "VariableDeclarator", "put", "ClassCreator", "ReferenceType", "Put", "MemberReference", "value", "StatementExpression", "MethodInvocation", "put", "MemberReference", "COLUMN_FAMILY_BYTES", "MethodInvocation", "Bytes", "Literal", "\"abc\"", "toBytes", "MemberReference", "value", "add", "StatementExpression", "MethodInvocation", "region", "MemberReference", "put", "put", "LocalVariableDeclaration", "BasicType", "long", "VariableDeclarator", "onePutSize", "MethodInvocation", "region", "getMemstoreSize", "StatementExpression", "MethodInvocation", "BinaryOperation", ">", "MemberReference", "onePutSize", "Literal", "0", "assertTrue", "StatementExpression", "MethodInvocation", "region", "Literal", "true", "flush", "StatementExpression", "MethodInvocation", "Literal", "\"memstoreSize should be zero\"", "Literal", "0", "MethodInvocation", "region", "getMemstoreSize", "assertEquals", "StatementExpression", "MethodInvocation", "Literal", "\"flushable size should be zero\"", "Literal", "0", "MethodInvocation", "store", "getFlushableSize", "assertEquals", "LocalVariableDeclaration", "ReferenceType", "RegionCoprocessorHost", "VariableDeclarator", "normalCPHost", "MethodInvocation", "region", "getCoprocessorHost", "LocalVariableDeclaration", "ReferenceType", "RegionCoprocessorHost", "VariableDeclarator", "mockedCPHost", "MethodInvocation", "Mockito", "ClassReference", "ReferenceType", "RegionCoprocessorHost", "mock", "StatementExpression", "MethodInvocation", "MethodInvocation", "Literal", "null", "thenReturn", "MethodInvocation", "mockedCPHost", "MethodInvocation", "Mockito", "ClassReference", "ReferenceType", "HStore", "isA", "MethodInvocation", "Mockito", "ClassReference", "ReferenceType", "InternalScanner", "isA", "preFlush", "when", "StatementExpression", "MethodInvocation", "region", "MemberReference", "mockedCPHost", "setCoprocessorHost", "StatementExpression", "MethodInvocation", "region", "MemberReference", "put", "put", "StatementExpression", "MethodInvocation", "region", "Literal", "true", "flush", "StatementExpression", "MethodInvocation", "Literal", "\"memstoreSize should NOT be zero\"", "MemberReference", "onePutSize", "MethodInvocation", "region", "getMemstoreSize", "assertEquals", "StatementExpression", "MethodInvocation", "Literal", "\"flushable size should NOT be zero\"", "MemberReference", "onePutSize", "MethodInvocation", "store", "getFlushableSize", "assertEquals", "StatementExpression", "MethodInvocation", "region", "MemberReference", "normalCPHost", "setCoprocessorHost", "StatementExpression", "MethodInvocation", "region", "Literal", "true", "flush", "StatementExpression", "MethodInvocation", "Literal", "\"memstoreSize should be zero\"", "Literal", "0", "MethodInvocation", "region", "getMemstoreSize", "assertEquals", "StatementExpression", "MethodInvocation", "Literal", "\"flushable size should be zero\"", "Literal", "0", "MethodInvocation", "store", "getFlushableSize", "assertEquals", "StatementExpression", "MethodInvocation", "HRegion", "MemberReference", "region", "closeHRegion"], "nodes": {"0": "MethodDeclaration", "1": "Modifier", "2": "public", "3": "Annotation", "4": "Test", "5": "testMemstoreSizeWithFlushCanceling", "6": "IOException", "7": "LocalVariableDeclaration", "8": "ReferenceType", "9": "FileSystem", "10": "VariableDeclarator", "11": "fs", "12": "MethodInvocation", "13": "FileSystem", "14": "MemberReference", "15": "CONF", "16": "get", "17": "LocalVariableDeclaration", "18": "ReferenceType", "19": "Path", "20": "VariableDeclarator", "21": "rootDir", "22": "ClassCreator", "23": "ReferenceType", "24": "Path", "25": "BinaryOperation", "26": "+", "27": "MemberReference", "28": "dir", "29": "Literal", "30": "\"testMemstoreSizeWithFlushCanceling\"", "31": "LocalVariableDeclaration", "32": "ReferenceType", "33": "FSHLog", "34": "VariableDeclarator", "35": "hLog", "36": "ClassCreator", "37": "ReferenceType", "38": "FSHLog", "39": "MemberReference", "40": "fs", "41": "MemberReference", "42": "rootDir", "43": "Literal", "44": "\"testMemstoreSizeWithFlushCanceling\"", "45": "MemberReference", "46": "CONF", "47": "LocalVariableDeclaration", "48": "ReferenceType", "49": "HRegion", "50": "VariableDeclarator", "51": "region", "52": "MethodInvocation", "53": "MemberReference", "54": "tableName", "55": "Literal", "56": "null", "57": "Literal", "58": "null", "59": "MethodInvocation", "60": "name", "61": "getMethodName", "62": "MemberReference", "63": "CONF", "64": "Literal", "65": "false", "66": "MemberReference", "67": "Durability", "68": "SYNC_WAL", "69": "MemberReference", "70": "hLog", "71": "MemberReference", "72": "COLUMN_FAMILY_BYTES", "73": "initHRegion", "74": "LocalVariableDeclaration", "75": "ReferenceType", "76": "Store", "77": "VariableDeclarator", "78": "store", "79": "MethodInvocation", "80": "region", "81": "MemberReference", "82": "COLUMN_FAMILY_BYTES", "83": "getStore", "84": "StatementExpression", "85": "MethodInvocation", "86": "Literal", "87": "0", "88": "MethodInvocation", "89": "region", "90": "getMemstoreSize", "91": "assertEquals", "92": "LocalVariableDeclaration", "93": "BasicType", "94": "byte", "95": "VariableDeclarator", "96": "value", "97": "MethodInvocation", "98": "Bytes", "99": "MethodInvocation", "100": "name", "101": "getMethodName", "102": "toBytes", "103": "LocalVariableDeclaration", "104": "ReferenceType", "105": "Put", "106": "VariableDeclarator", "107": "put", "108": "ClassCreator", "109": "ReferenceType", "110": "Put", "111": "MemberReference", "112": "value", "113": "StatementExpression", "114": "MethodInvocation", "115": "put", "116": "MemberReference", "117": "COLUMN_FAMILY_BYTES", "118": "MethodInvocation", "119": "Bytes", "120": "Literal", "121": "\"abc\"", "122": "toBytes", "123": "MemberReference", "124": "value", "125": "add", "126": "StatementExpression", "127": "MethodInvocation", "128": "region", "129": "MemberReference", "130": "put", "131": "put", "132": "LocalVariableDeclaration", "133": "BasicType", "134": "long", "135": "VariableDeclarator", "136": "onePutSize", "137": "MethodInvocation", "138": "region", "139": "getMemstoreSize", "140": "StatementExpression", "141": "MethodInvocation", "142": "BinaryOperation", "143": ">", "144": "MemberReference", "145": "onePutSize", "146": "Literal", "147": "0", "148": "assertTrue", "149": "StatementExpression", "150": "MethodInvocation", "151": "region", "152": "Literal", "153": "true", "154": "flush", "155": "StatementExpression", "156": "MethodInvocation", "157": "Literal", "158": "\"memstoreSize should be zero\"", "159": "Literal", "160": "0", "161": "MethodInvocation", "162": "region", "163": "getMemstoreSize", "164": "assertEquals", "165": "StatementExpression", "166": "MethodInvocation", "167": "Literal", "168": "\"flushable size should be zero\"", "169": "Literal", "170": "0", "171": "MethodInvocation", "172": "store", "173": "getFlushableSize", "174": "assertEquals", "175": "LocalVariableDeclaration", "176": "ReferenceType", "177": "RegionCoprocessorHost", "178": "VariableDeclarator", "179": "normalCPHost", "180": "MethodInvocation", "181": "region", "182": "getCoprocessorHost", "183": "LocalVariableDeclaration", "184": "ReferenceType", "185": "RegionCoprocessorHost", "186": "VariableDeclarator", "187": "mockedCPHost", "188": "MethodInvocation", "189": "Mockito", "190": "ClassReference", "191": "ReferenceType", "192": "RegionCoprocessorHost", "193": "mock", "194": "StatementExpression", "195": "MethodInvocation", "196": "MethodInvocation", "197": "Literal", "198": "null", "199": "thenReturn", "200": "MethodInvocation", "201": "mockedCPHost", "202": "MethodInvocation", "203": "Mockito", "204": "ClassReference", "205": "ReferenceType", "206": "HStore", "207": "isA", "208": "MethodInvocation", "209": "Mockito", "210": "ClassReference", "211": "ReferenceType", "212": "InternalScanner", "213": "isA", "214": "preFlush", "215": "when", "216": "StatementExpression", "217": "MethodInvocation", "218": "region", "219": "MemberReference", "220": "mockedCPHost", "221": "setCoprocessorHost", "222": "StatementExpression", "223": "MethodInvocation", "224": "region", "225": "MemberReference", "226": "put", "227": "put", "228": "StatementExpression", "229": "MethodInvocation", "230": "region", "231": "Literal", "232": "true", "233": "flush", "234": "StatementExpression", "235": "MethodInvocation", "236": "Literal", "237": "\"memstoreSize should NOT be zero\"", "238": "MemberReference", "239": "onePutSize", "240": "MethodInvocation", "241": "region", "242": "getMemstoreSize", "243": "assertEquals", "244": "StatementExpression", "245": "MethodInvocation", "246": "Literal", "247": "\"flushable size should NOT be zero\"", "248": "MemberReference", "249": "onePutSize", "250": "MethodInvocation", "251": "store", "252": "getFlushableSize", "253": "assertEquals", "254": "StatementExpression", "255": "MethodInvocation", "256": "region", "257": "MemberReference", "258": "normalCPHost", "259": "setCoprocessorHost", "260": "StatementExpression", "261": "MethodInvocation", "262": "region", "263": "Literal", "264": "true", "265": "flush", "266": "StatementExpression", "267": "MethodInvocation", "268": "Literal", "269": "\"memstoreSize should be zero\"", "270": "Literal", "271": "0", "272": "MethodInvocation", "273": "region", "274": "getMemstoreSize", "275": "assertEquals", "276": "StatementExpression", "277": "MethodInvocation", "278": "Literal", "279": "\"flushable size should be zero\"", "280": "Literal", "281": "0", "282": "MethodInvocation", "283": "store", "284": "getFlushableSize", "285": "assertEquals", "286": "StatementExpression", "287": "MethodInvocation", "288": "HRegion", "289": "MemberReference", "290": "region", "291": "closeHRegion"}, "edges": {"0->1": 0, "1->0": 0, "1->2": 0, "2->1": 0, "0->3": 0, "3->0": 0, "3->4": 0, "4->3": 0, "0->5": 0, "5->0": 0, "0->6": 0, "6->0": 0, "0->7": 0, "7->0": 0, "7->8": 0, "8->7": 0, "8->9": 0, "9->8": 0, "7->10": 0, "10->7": 0, "10->11": 0, "11->10": 0, "10->12": 0, "12->10": 0, "12->13": 0, "13->12": 0, "12->14": 0, "14->12": 0, "14->15": 0, "15->14": 0, "12->16": 0, "16->12": 0, "0->17": 0, "17->0": 0, "17->18": 0, "18->17": 0, "18->19": 0, "19->18": 0, "17->20": 0, "20->17": 0, "20->21": 0, "21->20": 0, "20->22": 0, "22->20": 0, "22->23": 0, "23->22": 0, "23->24": 0, "24->23": 0, "22->25": 0, "25->22": 0, "25->26": 0, "26->25": 0, "25->27": 0, "27->25": 0, "27->28": 0, "28->27": 0, "25->29": 0, "29->25": 0, "29->30": 0, "30->29": 0, "0->31": 0, "31->0": 0, "31->32": 0, "32->31": 0, "32->33": 0, "33->32": 0, "31->34": 0, "34->31": 0, "34->35": 0, "35->34": 0, "34->36": 0, "36->34": 0, "36->37": 0, "37->36": 0, "37->38": 0, "38->37": 0, "36->39": 0, "39->36": 0, "39->40": 0, "40->39": 0, "36->41": 0, "41->36": 0, "41->42": 0, "42->41": 0, "36->43": 0, "43->36": 0, "43->44": 0, "44->43": 0, "36->45": 0, "45->36": 0, "45->46": 0, "46->45": 0, "0->47": 0, "47->0": 0, "47->48": 0, "48->47": 0, "48->49": 0, "49->48": 0, "47->50": 0, "50->47": 0, "50->51": 0, "51->50": 0, "50->52": 0, "52->50": 0, "52->53": 0, "53->52": 0, "53->54": 0, "54->53": 0, "52->55": 0, "55->52": 0, "55->56": 0, "56->55": 0, "52->57": 0, "57->52": 0, "57->58": 0, "58->57": 0, "52->59": 0, "59->52": 0, "59->60": 0, "60->59": 0, "59->61": 0, "61->59": 0, "52->62": 0, "62->52": 0, "62->63": 0, "63->62": 0, "52->64": 0, "64->52": 0, "64->65": 0, "65->64": 0, "52->66": 0, "66->52": 0, "66->67": 0, "67->66": 0, "66->68": 0, "68->66": 0, "52->69": 0, "69->52": 0, "69->70": 0, "70->69": 0, "52->71": 0, "71->52": 0, "71->72": 0, "72->71": 0, "52->73": 0, "73->52": 0, "0->74": 0, "74->0": 0, "74->75": 0, "75->74": 0, "75->76": 0, "76->75": 0, "74->77": 0, "77->74": 0, "77->78": 0, "78->77": 0, "77->79": 0, "79->77": 0, "79->80": 0, "80->79": 0, "79->81": 0, "81->79": 0, "81->82": 0, "82->81": 0, "79->83": 0, "83->79": 0, "0->84": 0, "84->0": 0, "84->85": 0, "85->84": 0, "85->86": 0, "86->85": 0, "86->87": 0, "87->86": 0, "85->88": 0, "88->85": 0, "88->89": 0, "89->88": 0, "88->90": 0, "90->88": 0, "85->91": 0, "91->85": 0, "0->92": 0, "92->0": 0, "92->93": 0, "93->92": 0, "93->94": 0, "94->93": 0, "92->95": 0, "95->92": 0, "95->96": 0, "96->95": 0, "95->97": 0, "97->95": 0, "97->98": 0, "98->97": 0, "97->99": 0, "99->97": 0, "99->100": 0, "100->99": 0, "99->101": 0, "101->99": 0, "97->102": 0, "102->97": 0, "0->103": 0, "103->0": 0, "103->104": 0, "104->103": 0, "104->105": 0, "105->104": 0, "103->106": 0, "106->103": 0, "106->107": 0, "107->106": 0, "106->108": 0, "108->106": 0, "108->109": 0, "109->108": 0, "109->110": 0, "110->109": 0, "108->111": 0, "111->108": 0, "111->112": 0, "112->111": 0, "0->113": 0, "113->0": 0, "113->114": 0, "114->113": 0, "114->115": 0, "115->114": 0, "114->116": 0, "116->114": 0, "116->117": 0, "117->116": 0, "114->118": 0, "118->114": 0, "118->119": 0, "119->118": 0, "118->120": 0, "120->118": 0, "120->121": 0, "121->120": 0, "118->122": 0, "122->118": 0, "114->123": 0, "123->114": 0, "123->124": 0, "124->123": 0, "114->125": 0, "125->114": 0, "0->126": 0, "126->0": 0, "126->127": 0, "127->126": 0, "127->128": 0, "128->127": 0, "127->129": 0, "129->127": 0, "129->130": 0, "130->129": 0, "127->131": 0, "131->127": 0, "0->132": 0, "132->0": 0, "132->133": 0, "133->132": 0, "133->134": 0, "134->133": 0, "132->135": 0, "135->132": 0, "135->136": 0, "136->135": 0, "135->137": 0, "137->135": 0, "137->138": 0, "138->137": 0, "137->139": 0, "139->137": 0, "0->140": 0, "140->0": 0, "140->141": 0, "141->140": 0, "141->142": 0, "142->141": 0, "142->143": 0, "143->142": 0, "142->144": 0, "144->142": 0, "144->145": 0, "145->144": 0, "142->146": 0, "146->142": 0, "146->147": 0, "147->146": 0, "141->148": 0, "148->141": 0, "0->149": 0, "149->0": 0, "149->150": 0, "150->149": 0, "150->151": 0, "151->150": 0, "150->152": 0, "152->150": 0, "152->153": 0, "153->152": 0, "150->154": 0, "154->150": 0, "0->155": 0, "155->0": 0, "155->156": 0, "156->155": 0, "156->157": 0, "157->156": 0, "157->158": 0, "158->157": 0, "156->159": 0, "159->156": 0, "159->160": 0, "160->159": 0, "156->161": 0, "161->156": 0, "161->162": 0, "162->161": 0, "161->163": 0, "163->161": 0, "156->164": 0, "164->156": 0, "0->165": 0, "165->0": 0, "165->166": 0, "166->165": 0, "166->167": 0, "167->166": 0, "167->168": 0, "168->167": 0, "166->169": 0, "169->166": 0, "169->170": 0, "170->169": 0, "166->171": 0, "171->166": 0, "171->172": 0, "172->171": 0, "171->173": 0, "173->171": 0, "166->174": 0, "174->166": 0, "0->175": 0, "175->0": 0, "175->176": 0, "176->175": 0, "176->177": 0, "177->176": 0, "175->178": 0, "178->175": 0, "178->179": 0, "179->178": 0, "178->180": 0, "180->178": 0, "180->181": 0, "181->180": 0, "180->182": 0, "182->180": 0, "0->183": 0, "183->0": 0, "183->184": 0, "184->183": 0, "184->185": 0, "185->184": 0, "183->186": 0, "186->183": 0, "186->187": 0, "187->186": 0, "186->188": 0, "188->186": 0, "188->189": 0, "189->188": 0, "188->190": 0, "190->188": 0, "190->191": 0, "191->190": 0, "191->192": 0, "192->191": 0, "188->193": 0, "193->188": 0, "0->194": 0, "194->0": 0, "194->195": 0, "195->194": 0, "195->196": 0, "196->195": 0, "196->197": 0, "197->196": 0, "197->198": 0, "198->197": 0, "196->199": 0, "199->196": 0, "195->200": 0, "200->195": 0, "200->201": 0, "201->200": 0, "200->202": 0, "202->200": 0, "202->203": 0, "203->202": 0, "202->204": 0, "204->202": 0, "204->205": 0, "205->204": 0, "205->206": 0, "206->205": 0, "202->207": 0, "207->202": 0, "200->208": 0, "208->200": 0, "208->209": 0, "209->208": 0, "208->210": 0, "210->208": 0, "210->211": 0, "211->210": 0, "211->212": 0, "212->211": 0, "208->213": 0, "213->208": 0, "200->214": 0, "214->200": 0, "195->215": 0, "215->195": 0, "0->216": 0, "216->0": 0, "216->217": 0, "217->216": 0, "217->218": 0, "218->217": 0, "217->219": 0, "219->217": 0, "219->220": 0, "220->219": 0, "217->221": 0, "221->217": 0, "0->222": 0, "222->0": 0, "222->223": 0, "223->222": 0, "223->224": 0, "224->223": 0, "223->225": 0, "225->223": 0, "225->226": 0, "226->225": 0, "223->227": 0, "227->223": 0, "0->228": 0, "228->0": 0, "228->229": 0, "229->228": 0, "229->230": 0, "230->229": 0, "229->231": 0, "231->229": 0, "231->232": 0, "232->231": 0, "229->233": 0, "233->229": 0, "0->234": 0, "234->0": 0, "234->235": 0, "235->234": 0, "235->236": 0, "236->235": 0, "236->237": 0, "237->236": 0, "235->238": 0, "238->235": 0, "238->239": 0, "239->238": 0, "235->240": 0, "240->235": 0, "240->241": 0, "241->240": 0, "240->242": 0, "242->240": 0, "235->243": 0, "243->235": 0, "0->244": 0, "244->0": 0, "244->245": 0, "245->244": 0, "245->246": 0, "246->245": 0, "246->247": 0, "247->246": 0, "245->248": 0, "248->245": 0, "248->249": 0, "249->248": 0, "245->250": 0, "250->245": 0, "250->251": 0, "251->250": 0, "250->252": 0, "252->250": 0, "245->253": 0, "253->245": 0, "0->254": 0, "254->0": 0, "254->255": 0, "255->254": 0, "255->256": 0, "256->255": 0, "255->257": 0, "257->255": 0, "257->258": 0, "258->257": 0, "255->259": 0, "259->255": 0, "0->260": 0, "260->0": 0, "260->261": 0, "261->260": 0, "261->262": 0, "262->261": 0, "261->263": 0, "263->261": 0, "263->264": 0, "264->263": 0, "261->265": 0, "265->261": 0, "0->266": 0, "266->0": 0, "266->267": 0, "267->266": 0, "267->268": 0, "268->267": 0, "268->269": 0, "269->268": 0, "267->270": 0, "270->267": 0, "270->271": 0, "271->270": 0, "267->272": 0, "272->267": 0, "272->273": 0, "273->272": 0, "272->274": 0, "274->272": 0, "267->275": 0, "275->267": 0, "0->276": 0, "276->0": 0, "276->277": 0, "277->276": 0, "277->278": 0, "278->277": 0, "278->279": 0, "279->278": 0, "277->280": 0, "280->277": 0, "280->281": 0, "281->280": 0, "277->282": 0, "282->277": 0, "282->283": 0, "283->282": 0, "282->284": 0, "284->282": 0, "277->285": 0, "285->277": 0, "0->286": 0, "286->0": 0, "286->287": 0, "287->286": 0, "287->288": 0, "288->287": 0, "287->289": 0, "289->287": 0, "289->290": 0, "290->289": 0, "287->291": 0, "291->287": 0, "1->3": 1, "3->1": 12, "3->5": 1, "5->3": 12, "5->6": 2, "6->5": 3, "6->7": 1, "7->6": 12, "7->17": 1, "17->7": 12, "17->31": 1, "31->17": 12, "31->47": 1, "47->31": 12, "47->74": 1, "74->47": 12, "74->84": 1, "84->74": 12, "84->92": 1, "92->84": 12, "92->103": 1, "103->92": 12, "103->113": 1, "113->103": 12, "113->126": 1, "126->113": 12, "126->132": 1, "132->126": 12, "132->140": 1, "140->132": 12, "140->149": 1, "149->140": 12, "149->155": 1, "155->149": 12, "155->165": 1, "165->155": 12, "165->175": 1, "175->165": 12, "175->183": 1, "183->175": 12, "183->194": 1, "194->183": 12, "194->216": 1, "216->194": 12, "216->222": 1, "222->216": 12, "222->228": 1, "228->222": 12, "228->234": 1, "234->228": 12, "234->244": 1, "244->234": 12, "244->254": 1, "254->244": 12, "254->260": 1, "260->254": 12, "260->266": 1, "266->260": 12, "266->276": 1, "276->266": 12, "276->286": 1, "286->276": 12, "8->10": 1, "10->8": 12, "11->12": 1, "12->11": 12, "13->14": 1, "14->13": 12, "14->16": 1, "16->14": 12, "18->20": 1, "20->18": 12, "21->22": 1, "22->21": 12, "23->25": 1, "25->23": 12, "26->27": 1, "27->26": 12, "27->29": 1, "29->27": 12, "32->34": 1, "34->32": 12, "35->36": 1, "36->35": 12, "37->39": 1, "39->37": 12, "39->41": 1, "41->39": 12, "41->43": 1, "43->41": 12, "43->45": 1, "45->43": 12, "48->50": 1, "50->48": 12, "51->52": 1, "52->51": 12, "53->55": 1, "55->53": 12, "55->57": 1, "57->55": 12, "57->59": 1, "59->57": 12, "59->62": 1, "62->59": 12, "62->64": 1, "64->62": 12, "64->66": 1, "66->64": 12, "66->69": 1, "69->66": 12, "69->71": 1, "71->69": 12, "71->73": 1, "73->71": 12, "60->61": 2, "61->60": 3, "67->68": 2, "68->67": 3, "75->77": 1, "77->75": 12, "78->79": 1, "79->78": 12, "80->81": 1, "81->80": 12, "81->83": 1, "83->81": 12, "86->88": 1, "88->86": 12, "88->91": 1, "91->88": 12, "89->90": 2, "90->89": 3, "93->95": 1, "95->93": 12, "96->97": 1, "97->96": 12, "98->99": 1, "99->98": 12, "99->102": 1, "102->99": 12, "100->101": 2, "101->100": 3, "104->106": 1, "106->104": 12, "107->108": 1, "108->107": 12, "109->111": 1, "111->109": 12, "115->116": 1, "116->115": 12, "116->118": 1, "118->116": 12, "118->123": 1, "123->118": 12, "123->125": 1, "125->123": 12, "119->120": 1, "120->119": 12, "120->122": 1, "122->120": 12, "128->129": 1, "129->128": 12, "129->131": 1, "131->129": 12, "133->135": 1, "135->133": 12, "136->137": 1, "137->136": 12, "138->139": 2, "139->138": 3, "142->148": 1, "148->142": 12, "143->144": 1, "144->143": 12, "144->146": 1, "146->144": 12, "151->152": 1, "152->151": 12, "152->154": 1, "154->152": 12, "157->159": 1, "159->157": 12, "159->161": 1, "161->159": 12, "161->164": 1, "164->161": 12, "162->163": 2, "163->162": 3, "167->169": 1, "169->167": 12, "169->171": 1, "171->169": 12, "171->174": 1, "174->171": 12, "172->173": 2, "173->172": 3, "176->178": 1, "178->176": 12, "179->180": 1, "180->179": 12, "181->182": 2, "182->181": 3, "184->186": 1, "186->184": 12, "187->188": 1, "188->187": 12, "189->190": 1, "190->189": 12, "190->193": 1, "193->190": 12, "196->200": 1, "200->196": 12, "200->215": 1, "215->200": 12, "197->199": 1, "199->197": 12, "201->202": 1, "202->201": 12, "202->208": 1, "208->202": 12, "208->214": 1, "214->208": 12, "203->204": 1, "204->203": 12, "204->207": 1, "207->204": 12, "209->210": 1, "210->209": 12, "210->213": 1, "213->210": 12, "218->219": 1, "219->218": 12, "219->221": 1, "221->219": 12, "224->225": 1, "225->224": 12, "225->227": 1, "227->225": 12, "230->231": 1, "231->230": 12, "231->233": 1, "233->231": 12, "236->238": 1, "238->236": 12, "238->240": 1, "240->238": 12, "240->243": 1, "243->240": 12, "241->242": 2, "242->241": 3, "246->248": 1, "248->246": 12, "248->250": 1, "250->248": 12, "250->253": 1, "253->250": 12, "251->252": 2, "252->251": 3, "256->257": 1, "257->256": 12, "257->259": 1, "259->257": 12, "262->263": 1, "263->262": 12, "263->265": 1, "265->263": 12, "268->270": 1, "270->268": 12, "270->272": 1, "272->270": 12, "272->275": 1, "275->272": 12, "273->274": 2, "274->273": 3, "278->280": 1, "280->278": 12, "280->282": 1, "282->280": 12, "282->285": 1, "285->282": 12, "283->284": 2, "284->283": 3, "288->289": 1, "289->288": 12, "289->291": 1, "291->289": 12, "2->4": 2, "4->2": 3, "4->5": 2, "5->4": 3, "6->9": 2, "9->6": 3, "9->11": 2, "11->9": 3, "11->13": 2, "13->11": 3, "13->15": 2, "15->13": 3, "15->16": 2, "16->15": 3, "16->19": 2, "19->16": 3, "19->21": 2, "21->19": 3, "21->24": 2, "24->21": 3, "24->26": 2, "26->24": 3, "26->28": 2, "28->26": 3, "28->30": 2, "30->28": 3, "30->33": 2, "33->30": 3, "33->35": 2, "35->33": 3, "35->38": 2, "38->35": 3, "38->40": 2, "40->38": 3, "40->42": 2, "42->40": 3, "42->44": 2, "44->42": 3, "44->46": 2, "46->44": 3, "46->49": 2, "49->46": 3, "49->51": 2, "51->49": 3, "51->54": 2, "54->51": 3, "54->56": 2, "56->54": 3, "56->58": 2, "58->56": 3, "58->60": 2, "60->58": 3, "61->63": 2, "63->61": 3, "63->65": 2, "65->63": 3, "65->67": 2, "67->65": 3, "68->70": 2, "70->68": 3, "70->72": 2, "72->70": 3, "72->73": 2, "73->72": 3, "73->76": 2, "76->73": 3, "76->78": 2, "78->76": 3, "78->80": 2, "80->78": 3, "80->82": 2, "82->80": 3, "82->83": 2, "83->82": 3, "83->87": 2, "87->83": 3, "87->89": 2, "89->87": 3, "90->91": 2, "91->90": 3, "91->94": 2, "94->91": 3, "94->96": 2, "96->94": 3, "96->98": 2, "98->96": 3, "98->100": 2, "100->98": 3, "101->102": 2, "102->101": 3, "102->105": 2, "105->102": 3, "105->107": 2, "107->105": 3, "107->110": 2, "110->107": 3, "110->112": 2, "112->110": 3, "112->115": 2, "115->112": 3, "115->117": 2, "117->115": 3, "117->119": 2, "119->117": 3, "119->121": 2, "121->119": 3, "121->122": 2, "122->121": 3, "122->124": 2, "124->122": 3, "124->125": 2, "125->124": 3, "125->128": 2, "128->125": 3, "128->130": 2, "130->128": 3, "130->131": 2, "131->130": 3, "131->134": 2, "134->131": 3, "134->136": 2, "136->134": 3, "136->138": 2, "138->136": 3, "139->143": 2, "143->139": 3, "143->145": 2, "145->143": 3, "145->147": 2, "147->145": 3, "147->148": 2, "148->147": 3, "148->151": 2, "151->148": 3, "151->153": 2, "153->151": 3, "153->154": 2, "154->153": 3, "154->158": 2, "158->154": 3, "158->160": 2, "160->158": 3, "160->162": 2, "162->160": 3, "163->164": 2, "164->163": 3, "164->168": 2, "168->164": 3, "168->170": 2, "170->168": 3, "170->172": 2, "172->170": 3, "173->174": 2, "174->173": 3, "174->177": 2, "177->174": 3, "177->179": 2, "179->177": 3, "179->181": 2, "181->179": 3, "182->185": 2, "185->182": 3, "185->187": 2, "187->185": 3, "187->189": 2, "189->187": 3, "189->192": 2, "192->189": 3, "192->193": 2, "193->192": 3, "193->198": 2, "198->193": 3, "198->199": 2, "199->198": 3, "199->201": 2, "201->199": 3, "201->203": 2, "203->201": 3, "203->206": 2, "206->203": 3, "206->207": 2, "207->206": 3, "207->209": 2, "209->207": 3, "209->212": 2, "212->209": 3, "212->213": 2, "213->212": 3, "213->214": 2, "214->213": 3, "214->215": 2, "215->214": 3, "215->218": 2, "218->215": 3, "218->220": 2, "220->218": 3, "220->221": 2, "221->220": 3, "221->224": 2, "224->221": 3, "224->226": 2, "226->224": 3, "226->227": 2, "227->226": 3, "227->230": 2, "230->227": 3, "230->232": 2, "232->230": 3, "232->233": 2, "233->232": 3, "233->237": 2, "237->233": 3, "237->239": 2, "239->237": 3, "239->241": 2, "241->239": 3, "242->243": 2, "243->242": 3, "243->247": 2, "247->243": 3, "247->249": 2, "249->247": 3, "249->251": 2, "251->249": 3, "252->253": 2, "253->252": 3, "253->256": 2, "256->253": 3, "256->258": 2, "258->256": 3, "258->259": 2, "259->258": 3, "259->262": 2, "262->259": 3, "262->264": 2, "264->262": 3, "264->265": 2, "265->264": 3, "265->269": 2, "269->265": 3, "269->271": 2, "271->269": 3, "271->273": 2, "273->271": 3, "274->275": 2, "275->274": 3, "275->279": 2, "279->275": 3, "279->281": 2, "281->279": 3, "281->283": 2, "283->281": 3, "284->285": 2, "285->284": 3, "285->288": 2, "288->285": 3, "288->290": 2, "290->288": 3, "290->291": 2, "291->290": 3, "15->46": 4, "46->15": 5, "46->63": 4, "63->46": 5, "72->82": 4, "82->72": 5, "82->117": 4, "117->82": 5, "112->124": 4, "124->112": 5, "130->226": 4, "226->130": 5, "145->239": 4, "239->145": 5, "239->249": 4, "249->239": 5}, "metrics": [30.0, 1.0, 0.0]}