{"nodelist": ["MethodDeclaration", "{'public'}", "public", "addJerseyResourcePackage", "FormalParameter", "{'final'}", "final", "ReferenceType", "String", "packageName", "FormalParameter", "{'final'}", "final", "ReferenceType", "String", "pathSpec", "StatementExpression", "MethodInvocation", "LOG", "BinaryOperation", "+", "BinaryOperation", "+", "BinaryOperation", "+", "Literal", "\"addJerseyResourcePackage: packageName=\"", "MemberReference", "packageName", "Literal", "\", pathSpec=\"", "MemberReference", "pathSpec", "info", "LocalVariableDeclaration", "{'final'}", "final", "ReferenceType", "ServletHolder", "VariableDeclarator", "sh", "ClassCreator", "ReferenceType", "ServletHolder", "ClassReference", "ReferenceType", "ServletContainer", "StatementExpression", "MethodInvocation", "sh", "Literal", "\"com.sun.jersey.config.property.resourceConfigClass\"", "Literal", "\"com.sun.jersey.api.core.PackagesResourceConfig\"", "setInitParameter", "StatementExpression", "MethodInvocation", "sh", "Literal", "\"com.sun.jersey.config.property.packages\"", "MemberReference", "packageName", "setInitParameter", "StatementExpression", "MethodInvocation", "webAppContext", "MemberReference", "sh", "MemberReference", "pathSpec", "addServlet"], "nodes": {"0": "MethodDeclaration", "1": "Modifier", "2": "public", "3": "addJerseyResourcePackage", "4": "FormalParameter", "5": "Modifier", "6": "final", "7": "ReferenceType", "8": "String", "9": "packageName", "10": "FormalParameter", "11": "Modifier", "12": "final", "13": "ReferenceType", "14": "String", "15": "pathSpec", "16": "StatementExpression", "17": "MethodInvocation", "18": "LOG", "19": "BinaryOperation", "20": "+", "21": "BinaryOperation", "22": "+", "23": "BinaryOperation", "24": "+", "25": "Literal", "26": "\"addJerseyResourcePackage: packageName=\"", "27": "MemberReference", "28": "packageName", "29": "Literal", "30": "\", pathSpec=\"", "31": "MemberReference", "32": "pathSpec", "33": "info", "34": "LocalVariableDeclaration", "35": "Modifier", "36": "final", "37": "ReferenceType", "38": "ServletHolder", "39": "VariableDeclarator", "40": "sh", "41": "ClassCreator", "42": "ReferenceType", "43": "ServletHolder", "44": "ClassReference", "45": "ReferenceType", "46": "ServletContainer", "47": "StatementExpression", "48": "MethodInvocation", "49": "sh", "50": "Literal", "51": "\"com.sun.jersey.config.property.resourceConfigClass\"", "52": "Literal", "53": "\"com.sun.jersey.api.core.PackagesResourceConfig\"", "54": "setInitParameter", "55": "StatementExpression", "56": "MethodInvocation", "57": "sh", "58": "Literal", "59": "\"com.sun.jersey.config.property.packages\"", "60": "MemberReference", "61": "packageName", "62": "setInitParameter", "63": "StatementExpression", "64": "MethodInvocation", "65": "webAppContext", "66": "MemberReference", "67": "sh", "68": "MemberReference", "69": "pathSpec", "70": "addServlet"}, "edges": {"0->1": 0, "1->0": 0, "1->2": 0, "2->1": 0, "0->3": 0, "3->0": 0, "0->4": 0, "4->0": 0, "4->5": 0, "5->4": 0, "5->6": 0, "6->5": 0, "4->7": 0, "7->4": 0, "7->8": 0, "8->7": 0, "4->9": 0, "9->4": 0, "0->10": 0, "10->0": 0, "10->11": 0, "11->10": 0, "11->12": 0, "12->11": 0, "10->13": 0, "13->10": 0, "13->14": 0, "14->13": 0, "10->15": 0, "15->10": 0, "0->16": 0, "16->0": 0, "16->17": 0, "17->16": 0, "17->18": 0, "18->17": 0, "17->19": 0, "19->17": 0, "19->20": 0, "20->19": 0, "19->21": 0, "21->19": 0, "21->22": 0, "22->21": 0, "21->23": 0, "23->21": 0, "23->24": 0, "24->23": 0, "23->25": 0, "25->23": 0, "25->26": 0, "26->25": 0, "23->27": 0, "27->23": 0, "27->28": 0, "28->27": 0, "21->29": 0, "29->21": 0, "29->30": 0, "30->29": 0, "19->31": 0, "31->19": 0, "31->32": 0, "32->31": 0, "17->33": 0, "33->17": 0, "0->34": 0, "34->0": 0, "34->35": 0, "35->34": 0, "35->36": 0, "36->35": 0, "34->37": 0, "37->34": 0, "37->38": 0, "38->37": 0, "34->39": 0, "39->34": 0, "39->40": 0, "40->39": 0, "39->41": 0, "41->39": 0, "41->42": 0, "42->41": 0, "42->43": 0, "43->42": 0, "41->44": 0, "44->41": 0, "44->45": 0, "45->44": 0, "45->46": 0, "46->45": 0, "0->47": 0, "47->0": 0, "47->48": 0, "48->47": 0, "48->49": 0, "49->48": 0, "48->50": 0, "50->48": 0, "50->51": 0, "51->50": 0, "48->52": 0, "52->48": 0, "52->53": 0, "53->52": 0, "48->54": 0, "54->48": 0, "0->55": 0, "55->0": 0, "55->56": 0, "56->55": 0, "56->57": 0, "57->56": 0, "56->58": 0, "58->56": 0, "58->59": 0, "59->58": 0, "56->60": 0, "60->56": 0, "60->61": 0, "61->60": 0, "56->62": 0, "62->56": 0, "0->63": 0, "63->0": 0, "63->64": 0, "64->63": 0, "64->65": 0, "65->64": 0, "64->66": 0, "66->64": 0, "66->67": 0, "67->66": 0, "64->68": 0, "68->64": 0, "68->69": 0, "69->68": 0, "64->70": 0, "70->64": 0, "1->3": 1, "3->1": 12, "3->4": 1, "4->3": 12, "4->10": 1, "10->4": 12, "10->16": 1, "16->10": 12, "16->34": 1, "34->16": 12, "34->47": 1, "47->34": 12, "47->55": 1, "55->47": 12, "55->63": 1, "63->55": 12, "5->7": 1, "7->5": 12, "7->9": 1, "9->7": 12, "11->13": 1, "13->11": 12, "13->15": 1, "15->13": 12, "18->19": 1, "19->18": 12, "19->33": 1, "33->19": 12, "20->21": 1, "21->20": 12, "21->31": 1, "31->21": 12, "22->23": 1, "23->22": 12, "23->29": 1, "29->23": 12, "24->25": 1, "25->24": 12, "25->27": 1, "27->25": 12, "35->37": 1, "37->35": 12, "37->39": 1, "39->37": 12, "40->41": 1, "41->40": 12, "42->44": 1, "44->42": 12, "49->50": 1, "50->49": 12, "50->52": 1, "52->50": 12, "52->54": 1, "54->52": 12, "57->58": 1, "58->57": 12, "58->60": 1, "60->58": 12, "60->62": 1, "62->60": 12, "65->66": 1, "66->65": 12, "66->68": 1, "68->66": 12, "68->70": 1, "70->68": 12, "2->3": 2, "3->2": 3, "3->6": 2, "6->3": 3, "6->8": 2, "8->6": 3, "8->9": 2, "9->8": 3, "9->12": 2, "12->9": 3, "12->14": 2, "14->12": 3, "14->15": 2, "15->14": 3, "15->18": 2, "18->15": 3, "18->20": 2, "20->18": 3, "20->22": 2, "22->20": 3, "22->24": 2, "24->22": 3, "24->26": 2, "26->24": 3, "26->28": 2, "28->26": 3, "28->30": 2, "30->28": 3, "30->32": 2, "32->30": 3, "32->33": 2, "33->32": 3, "33->36": 2, "36->33": 3, "36->38": 2, "38->36": 3, "38->40": 2, "40->38": 3, "40->43": 2, "43->40": 3, "43->46": 2, "46->43": 3, "46->49": 2, "49->46": 3, "49->51": 2, "51->49": 3, "51->53": 2, "53->51": 3, "53->54": 2, "54->53": 3, "54->57": 2, "57->54": 3, "57->59": 2, "59->57": 3, "59->61": 2, "61->59": 3, "61->62": 2, "62->61": 3, "62->65": 2, "65->62": 3, "65->67": 2, "67->65": 3, "67->69": 2, "69->67": 3, "69->70": 2, "70->69": 3, "28->61": 4, "61->28": 5, "32->69": 4, "69->32": 5}, "metrics": [7.0, 1.0, 2.0]}