{"nodelist": ["MethodDeclaration", "unassignSomeRegions", "FormalParameter", "{'final'}", "final", "ReferenceType", "HServerInfo", "info", "FormalParameter", "BasicType", "int", "numRegionsToClose", "FormalParameter", "{'final'}", "final", "ReferenceType", "HRegionInfo", "mostLoadedRegions", "FormalParameter", "ReferenceType", "ArrayList", "TypeArgument", "ReferenceType", "HMsg", "returnMsgs", "StatementExpression", "MethodInvocation", "LOG", "BinaryOperation", "+", "BinaryOperation", "+", "BinaryOperation", "+", "Literal", "\"Unassigning \"", "MemberReference", "numRegionsToClose", "Literal", "\" regions from \"", "MethodInvocation", "info", "getServerName", "debug", "LocalVariableDeclaration", "BasicType", "int", "VariableDeclarator", "regionIdx", "Literal", "0", "LocalVariableDeclaration", "BasicType", "int", "VariableDeclarator", "regionsClosed", "Literal", "0", "LocalVariableDeclaration", "BasicType", "int", "VariableDeclarator", "skipped", "Literal", "0", "WhileStatement", "BinaryOperation", "&&", "BinaryOperation", "<", "MemberReference", "regionsClosed", "MemberReference", "numRegionsToClose", "BinaryOperation", "<", "MemberReference", "regionIdx", "MemberReference", "mostLoadedRegions", "length", "BlockStatement", "LocalVariableDeclaration", "ReferenceType", "HRegionInfo", "VariableDeclarator", "currentRegion", "MemberReference", "ArraySelector", "MemberReference", "regionIdx", "mostLoadedRegions", "StatementExpression", "MemberReference", "++", "regionIdx", "IfStatement", "BinaryOperation", "||", "MethodInvocation", "currentRegion", "isRootRegion", "MethodInvocation", "currentRegion", "isMetaTable", "BlockStatement", "ContinueStatement", "LocalVariableDeclaration", "{'final'}", "final", "ReferenceType", "String", "VariableDeclarator", "regionName", "MethodInvocation", "currentRegion", "getRegionNameAsString", "IfStatement", "MethodInvocation", "MemberReference", "regionName", "regionIsInTransition", "BlockStatement", "StatementExpression", "MemberReference", "++", "skipped", "ContinueStatement", "IfStatement", "MethodInvocation", "LOG", "isDebugEnabled", "BlockStatement", "StatementExpression", "MethodInvocation", "LOG", "BinaryOperation", "+", "Literal", "\"Going to close region \"", "MemberReference", "regionName", "debug", "StatementExpression", "MethodInvocation", "returnMsgs", "ClassCreator", "ReferenceType", "HMsg", "MemberReference", "HMsg.Type", "MSG_REGION_CLOSE", "MemberReference", "currentRegion", "MemberReference", "OVERLOADED", "add", "StatementExpression", "MethodInvocation", "MethodInvocation", "info", "getServerName", "MemberReference", "currentRegion", "Literal", "false", "setClosing", "StatementExpression", "MethodInvocation", "MemberReference", "regionName", "setPendingClose", "StatementExpression", "MemberReference", "++", "regionsClosed", "StatementExpression", "MethodInvocation", "LOG", "BinaryOperation", "+", "BinaryOperation", "+", "BinaryOperation", "+", "BinaryOperation", "+", "Literal", "\"Skipped assigning \"", "MemberReference", "skipped", "Literal", "\" region(s) to \"", "MethodInvocation", "info", "getServerName", "Literal", "\"because already in transition\"", "info"], "nodes": {"0": "MethodDeclaration", "1": "unassignSomeRegions", "2": "FormalParameter", "3": "Modifier", "4": "final", "5": "ReferenceType", "6": "HServerInfo", "7": "info", "8": "FormalParameter", "9": "BasicType", "10": "int", "11": "numRegionsToClose", "12": "FormalParameter", "13": "Modifier", "14": "final", "15": "ReferenceType", "16": "HRegionInfo", "17": "mostLoadedRegions", "18": "FormalParameter", "19": "ReferenceType", "20": "ArrayList", "21": "TypeArgument", "22": "ReferenceType", "23": "HMsg", "24": "returnMsgs", "25": "StatementExpression", "26": "MethodInvocation", "27": "LOG", "28": "BinaryOperation", "29": "+", "30": "BinaryOperation", "31": "+", "32": "BinaryOperation", "33": "+", "34": "Literal", "35": "\"Unassigning \"", "36": "MemberReference", "37": "numRegionsToClose", "38": "Literal", "39": "\" regions from \"", "40": "MethodInvocation", "41": "info", "42": "getServerName", "43": "debug", "44": "LocalVariableDeclaration", "45": "BasicType", "46": "int", "47": "VariableDeclarator", "48": "regionIdx", "49": "Literal", "50": "0", "51": "LocalVariableDeclaration", "52": "BasicType", "53": "int", "54": "VariableDeclarator", "55": "regionsClosed", "56": "Literal", "57": "0", "58": "LocalVariableDeclaration", "59": "BasicType", "60": "int", "61": "VariableDeclarator", "62": "skipped", "63": "Literal", "64": "0", "65": "WhileStatement", "66": "BinaryOperation", "67": "&&", "68": "BinaryOperation", "69": "<", "70": "MemberReference", "71": "regionsClosed", "72": "MemberReference", "73": "numRegionsToClose", "74": "BinaryOperation", "75": "<", "76": "MemberReference", "77": "regionIdx", "78": "MemberReference", "79": "mostLoadedRegions", "80": "length", "81": "BlockStatement", "82": "LocalVariableDeclaration", "83": "ReferenceType", "84": "HRegionInfo", "85": "VariableDeclarator", "86": "currentRegion", "87": "MemberReference", "88": "ArraySelector", "89": "MemberReference", "90": "regionIdx", "91": "mostLoadedRegions", "92": "StatementExpression", "93": "MemberReference", "94": "++", "95": "regionIdx", "96": "IfStatement", "97": "BinaryOperation", "98": "||", "99": "MethodInvocation", "100": "currentRegion", "101": "isRootRegion", "102": "MethodInvocation", "103": "currentRegion", "104": "isMetaTable", "105": "BlockStatement", "106": "ContinueStatement", "107": "LocalVariableDeclaration", "108": "Modifier", "109": "final", "110": "ReferenceType", "111": "String", "112": "VariableDeclarator", "113": "regionName", "114": "MethodInvocation", "115": "currentRegion", "116": "getRegionNameAsString", "117": "IfStatement", "118": "MethodInvocation", "119": "MemberReference", "120": "regionName", "121": "regionIsInTransition", "122": "BlockStatement", "123": "StatementExpression", "124": "MemberReference", "125": "++", "126": "skipped", "127": "ContinueStatement", "128": "IfStatement", "129": "MethodInvocation", "130": "LOG", "131": "isDebugEnabled", "132": "BlockStatement", "133": "StatementExpression", "134": "MethodInvocation", "135": "LOG", "136": "BinaryOperation", "137": "+", "138": "Literal", "139": "\"Going to close region \"", "140": "MemberReference", "141": "regionName", "142": "debug", "143": "StatementExpression", "144": "MethodInvocation", "145": "returnMsgs", "146": "ClassCreator", "147": "ReferenceType", "148": "HMsg", "149": "MemberReference", "150": "HMsg.Type", "151": "MSG_REGION_CLOSE", "152": "MemberReference", "153": "currentRegion", "154": "MemberReference", "155": "OVERLOADED", "156": "add", "157": "StatementExpression", "158": "MethodInvocation", "159": "MethodInvocation", "160": "info", "161": "getServerName", "162": "MemberReference", "163": "currentRegion", "164": "Literal", "165": "false", "166": "setClosing", "167": "StatementExpression", "168": "MethodInvocation", "169": "MemberReference", "170": "regionName", "171": "setPendingClose", "172": "StatementExpression", "173": "MemberReference", "174": "++", "175": "regionsClosed", "176": "StatementExpression", "177": "MethodInvocation", "178": "LOG", "179": "BinaryOperation", "180": "+", "181": "BinaryOperation", "182": "+", "183": "BinaryOperation", "184": "+", "185": "BinaryOperation", "186": "+", "187": "Literal", "188": "\"Skipped assigning \"", "189": "MemberReference", "190": "skipped", "191": "Literal", "192": "\" region(s) to \"", "193": "MethodInvocation", "194": "info", "195": "getServerName", "196": "Literal", "197": "\"because already in transition\"", "198": "info"}, "edges": {"0->1": 0, "1->0": 0, "0->2": 0, "2->0": 0, "2->3": 0, "3->2": 0, "3->4": 0, "4->3": 0, "2->5": 0, "5->2": 0, "5->6": 0, "6->5": 0, "2->7": 0, "7->2": 0, "0->8": 0, "8->0": 0, "8->9": 0, "9->8": 0, "9->10": 0, "10->9": 0, "8->11": 0, "11->8": 0, "0->12": 0, "12->0": 0, "12->13": 0, "13->12": 0, "13->14": 0, "14->13": 0, "12->15": 0, "15->12": 0, "15->16": 0, "16->15": 0, "12->17": 0, "17->12": 0, "0->18": 0, "18->0": 0, "18->19": 0, "19->18": 0, "19->20": 0, "20->19": 0, "19->21": 0, "21->19": 0, "21->22": 0, "22->21": 0, "22->23": 0, "23->22": 0, "18->24": 0, "24->18": 0, "0->25": 0, "25->0": 0, "25->26": 0, "26->25": 0, "26->27": 0, "27->26": 0, "26->28": 0, "28->26": 0, "28->29": 0, "29->28": 0, "28->30": 0, "30->28": 0, "30->31": 0, "31->30": 0, "30->32": 0, "32->30": 0, "32->33": 0, "33->32": 0, "32->34": 0, "34->32": 0, "34->35": 0, "35->34": 0, "32->36": 0, "36->32": 0, "36->37": 0, "37->36": 0, "30->38": 0, "38->30": 0, "38->39": 0, "39->38": 0, "28->40": 0, "40->28": 0, "40->41": 0, "41->40": 0, "40->42": 0, "42->40": 0, "26->43": 0, "43->26": 0, "0->44": 0, "44->0": 0, "44->45": 0, "45->44": 0, "45->46": 0, "46->45": 0, "44->47": 0, "47->44": 0, "47->48": 0, "48->47": 0, "47->49": 0, "49->47": 0, "49->50": 0, "50->49": 0, "0->51": 0, "51->0": 0, "51->52": 0, "52->51": 0, "52->53": 0, "53->52": 0, "51->54": 0, "54->51": 0, "54->55": 0, "55->54": 0, "54->56": 0, "56->54": 0, "56->57": 0, "57->56": 0, "0->58": 0, "58->0": 0, "58->59": 0, "59->58": 0, "59->60": 0, "60->59": 0, "58->61": 0, "61->58": 0, "61->62": 0, "62->61": 0, "61->63": 0, "63->61": 0, "63->64": 0, "64->63": 0, "0->65": 0, "65->0": 0, "65->66": 0, "66->65": 0, "66->67": 0, "67->66": 0, "66->68": 0, "68->66": 0, "68->69": 0, "69->68": 0, "68->70": 0, "70->68": 0, "70->71": 0, "71->70": 0, "68->72": 0, "72->68": 0, "72->73": 0, "73->72": 0, "66->74": 0, "74->66": 0, "74->75": 0, "75->74": 0, "74->76": 0, "76->74": 0, "76->77": 0, "77->76": 0, "74->78": 0, "78->74": 0, "78->79": 0, "79->78": 0, "78->80": 0, "80->78": 0, "65->81": 0, "81->65": 0, "81->82": 0, "82->81": 0, "82->83": 0, "83->82": 0, "83->84": 0, "84->83": 0, "82->85": 0, "85->82": 0, "85->86": 0, "86->85": 0, "85->87": 0, "87->85": 0, "87->88": 0, "88->87": 0, "88->89": 0, "89->88": 0, "89->90": 0, "90->89": 0, "87->91": 0, "91->87": 0, "81->92": 0, "92->81": 0, "92->93": 0, "93->92": 0, "93->94": 0, "94->93": 0, "93->95": 0, "95->93": 0, "81->96": 0, "96->81": 0, "96->97": 0, "97->96": 0, "97->98": 0, "98->97": 0, "97->99": 0, "99->97": 0, "99->100": 0, "100->99": 0, "99->101": 0, "101->99": 0, "97->102": 0, "102->97": 0, "102->103": 0, "103->102": 0, "102->104": 0, "104->102": 0, "96->105": 0, "105->96": 0, "105->106": 0, "106->105": 0, "81->107": 0, "107->81": 0, "107->108": 0, "108->107": 0, "108->109": 0, "109->108": 0, "107->110": 0, "110->107": 0, "110->111": 0, "111->110": 0, "107->112": 0, "112->107": 0, "112->113": 0, "113->112": 0, "112->114": 0, "114->112": 0, "114->115": 0, "115->114": 0, "114->116": 0, "116->114": 0, "81->117": 0, "117->81": 0, "117->118": 0, "118->117": 0, "118->119": 0, "119->118": 0, "119->120": 0, "120->119": 0, "118->121": 0, "121->118": 0, "117->122": 0, "122->117": 0, "122->123": 0, "123->122": 0, "123->124": 0, "124->123": 0, "124->125": 0, "125->124": 0, "124->126": 0, "126->124": 0, "122->127": 0, "127->122": 0, "81->128": 0, "128->81": 0, "128->129": 0, "129->128": 0, "129->130": 0, "130->129": 0, "129->131": 0, "131->129": 0, "128->132": 0, "132->128": 0, "132->133": 0, "133->132": 0, "133->134": 0, "134->133": 0, "134->135": 0, "135->134": 0, "134->136": 0, "136->134": 0, "136->137": 0, "137->136": 0, "136->138": 0, "138->136": 0, "138->139": 0, "139->138": 0, "136->140": 0, "140->136": 0, "140->141": 0, "141->140": 0, "134->142": 0, "142->134": 0, "81->143": 0, "143->81": 0, "143->144": 0, "144->143": 0, "144->145": 0, "145->144": 0, "144->146": 0, "146->144": 0, "146->147": 0, "147->146": 0, "147->148": 0, "148->147": 0, "146->149": 0, "149->146": 0, "149->150": 0, "150->149": 0, "149->151": 0, "151->149": 0, "146->152": 0, "152->146": 0, "152->153": 0, "153->152": 0, "146->154": 0, "154->146": 0, "154->155": 0, "155->154": 0, "144->156": 0, "156->144": 0, "81->157": 0, "157->81": 0, "157->158": 0, "158->157": 0, "158->159": 0, "159->158": 0, "159->160": 0, "160->159": 0, "159->161": 0, "161->159": 0, "158->162": 0, "162->158": 0, "162->163": 0, "163->162": 0, "158->164": 0, "164->158": 0, "164->165": 0, "165->164": 0, "158->166": 0, "166->158": 0, "81->167": 0, "167->81": 0, "167->168": 0, "168->167": 0, "168->169": 0, "169->168": 0, "169->170": 0, "170->169": 0, "168->171": 0, "171->168": 0, "81->172": 0, "172->81": 0, "172->173": 0, "173->172": 0, "173->174": 0, "174->173": 0, "173->175": 0, "175->173": 0, "0->176": 0, "176->0": 0, "176->177": 0, "177->176": 0, "177->178": 0, "178->177": 0, "177->179": 0, "179->177": 0, "179->180": 0, "180->179": 0, "179->181": 0, "181->179": 0, "181->182": 0, "182->181": 0, "181->183": 0, "183->181": 0, "183->184": 0, "184->183": 0, "183->185": 0, "185->183": 0, "185->186": 0, "186->185": 0, "185->187": 0, "187->185": 0, "187->188": 0, "188->187": 0, "185->189": 0, "189->185": 0, "189->190": 0, "190->189": 0, "183->191": 0, "191->183": 0, "191->192": 0, "192->191": 0, "181->193": 0, "193->181": 0, "193->194": 0, "194->193": 0, "193->195": 0, "195->193": 0, "179->196": 0, "196->179": 0, "196->197": 0, "197->196": 0, "177->198": 0, "198->177": 0, "1->2": 1, "2->1": 12, "2->8": 1, "8->2": 12, "8->12": 1, "12->8": 12, "12->18": 1, "18->12": 12, "18->25": 1, "25->18": 12, "25->44": 1, "44->25": 12, "44->51": 1, "51->44": 12, "51->58": 1, "58->51": 12, "58->65": 1, "65->58": 12, "65->176": 1, "176->65": 12, "3->5": 1, "5->3": 12, "5->7": 1, "7->5": 12, "9->11": 1, "11->9": 12, "13->15": 1, "15->13": 12, "15->17": 1, "17->15": 12, "19->24": 1, "24->19": 12, "20->21": 1, "21->20": 12, "27->28": 1, "28->27": 12, "28->43": 1, "43->28": 12, "29->30": 1, "30->29": 12, "30->40": 1, "40->30": 12, "31->32": 1, "32->31": 12, "32->38": 1, "38->32": 12, "33->34": 1, "34->33": 12, "34->36": 1, "36->34": 12, "41->42": 2, "42->41": 3, "45->47": 1, "47->45": 12, "48->49": 1, "49->48": 12, "52->54": 1, "54->52": 12, "55->56": 1, "56->55": 12, "59->61": 1, "61->59": 12, "62->63": 1, "63->62": 12, "66->81": 8, "81->66": 8, "67->68": 1, "68->67": 12, "68->74": 1, "74->68": 12, "69->70": 1, "70->69": 12, "70->72": 1, "72->70": 12, "75->76": 1, "76->75": 12, "76->78": 1, "78->76": 12, "79->80": 2, "80->79": 3, "82->92": 10, "92->82": 11, "92->96": 10, "96->92": 11, "96->107": 10, "107->96": 11, "107->117": 10, "117->107": 11, "117->128": 10, "128->117": 11, "128->143": 10, "143->128": 11, "143->157": 10, "157->143": 11, "157->167": 10, "167->157": 11, "167->172": 10, "172->167": 11, "83->85": 1, "85->83": 12, "86->87": 1, "87->86": 12, "88->91": 1, "91->88": 12, "94->95": 2, "95->94": 3, "97->105": 6, "105->97": 6, "98->99": 1, "99->98": 12, "99->102": 1, "102->99": 12, "100->101": 2, "101->100": 3, "103->104": 2, "104->103": 3, "108->110": 1, "110->108": 12, "110->112": 1, "112->110": 12, "113->114": 1, "114->113": 12, "115->116": 2, "116->115": 3, "118->122": 6, "122->118": 6, "119->121": 1, "121->119": 12, "123->127": 10, "127->123": 11, "125->126": 2, "126->125": 3, "129->132": 6, "132->129": 6, "130->131": 2, "131->130": 3, "135->136": 1, "136->135": 12, "136->142": 1, "142->136": 12, "137->138": 1, "138->137": 12, "138->140": 1, "140->138": 12, "145->146": 1, "146->145": 12, "146->156": 1, "156->146": 12, "147->149": 1, "149->147": 12, "149->152": 1, "152->149": 12, "152->154": 1, "154->152": 12, "150->151": 2, "151->150": 3, "159->162": 1, "162->159": 12, "162->164": 1, "164->162": 12, "164->166": 1, "166->164": 12, "160->161": 2, "161->160": 3, "169->171": 1, "171->169": 12, "174->175": 2, "175->174": 3, "178->179": 1, "179->178": 12, "179->198": 1, "198->179": 12, "180->181": 1, "181->180": 12, "181->196": 1, "196->181": 12, "182->183": 1, "183->182": 12, "183->193": 1, "193->183": 12, "184->185": 1, "185->184": 12, "185->191": 1, "191->185": 12, "186->187": 1, "187->186": 12, "187->189": 1, "189->187": 12, "194->195": 2, "195->194": 3, "1->4": 2, "4->1": 3, "4->6": 2, "6->4": 3, "6->7": 2, "7->6": 3, "7->10": 2, "10->7": 3, "10->11": 2, "11->10": 3, "11->14": 2, "14->11": 3, "14->16": 2, "16->14": 3, "16->17": 2, "17->16": 3, "17->20": 2, "20->17": 3, "20->23": 2, "23->20": 3, "23->24": 2, "24->23": 3, "24->27": 2, "27->24": 3, "27->29": 2, "29->27": 3, "29->31": 2, "31->29": 3, "31->33": 2, "33->31": 3, "33->35": 2, "35->33": 3, "35->37": 2, "37->35": 3, "37->39": 2, "39->37": 3, "39->41": 2, "41->39": 3, "42->43": 2, "43->42": 3, "43->46": 2, "46->43": 3, "46->48": 2, "48->46": 3, "48->50": 2, "50->48": 3, "50->53": 2, "53->50": 3, "53->55": 2, "55->53": 3, "55->57": 2, "57->55": 3, "57->60": 2, "60->57": 3, "60->62": 2, "62->60": 3, "62->64": 2, "64->62": 3, "64->67": 2, "67->64": 3, "67->69": 2, "69->67": 3, "69->71": 2, "71->69": 3, "71->73": 2, "73->71": 3, "73->75": 2, "75->73": 3, "75->77": 2, "77->75": 3, "77->79": 2, "79->77": 3, "80->84": 2, "84->80": 3, "84->86": 2, "86->84": 3, "86->90": 2, "90->86": 3, "90->91": 2, "91->90": 3, "91->94": 2, "94->91": 3, "95->98": 2, "98->95": 3, "98->100": 2, "100->98": 3, "101->103": 2, "103->101": 3, "104->106": 2, "106->104": 3, "106->109": 2, "109->106": 3, "109->111": 2, "111->109": 3, "111->113": 2, "113->111": 3, "113->115": 2, "115->113": 3, "116->120": 2, "120->116": 3, "120->121": 2, "121->120": 3, "121->125": 2, "125->121": 3, "126->127": 2, "127->126": 3, "127->130": 2, "130->127": 3, "131->135": 2, "135->131": 3, "135->137": 2, "137->135": 3, "137->139": 2, "139->137": 3, "139->141": 2, "141->139": 3, "141->142": 2, "142->141": 3, "142->145": 2, "145->142": 3, "145->148": 2, "148->145": 3, "148->150": 2, "150->148": 3, "151->153": 2, "153->151": 3, "153->155": 2, "155->153": 3, "155->156": 2, "156->155": 3, "156->160": 2, "160->156": 3, "161->163": 2, "163->161": 3, "163->165": 2, "165->163": 3, "165->166": 2, "166->165": 3, "166->170": 2, "170->166": 3, "170->171": 2, "171->170": 3, "171->174": 2, "174->171": 3, "175->178": 2, "178->175": 3, "178->180": 2, "180->178": 3, "180->182": 2, "182->180": 3, "182->184": 2, "184->182": 3, "184->186": 2, "186->184": 3, "186->188": 2, "188->186": 3, "188->190": 2, "190->188": 3, "190->192": 2, "192->190": 3, "192->194": 2, "194->192": 3, "195->197": 2, "197->195": 3, "197->198": 2, "198->197": 3, "37->73": 4, "73->37": 5, "71->175": 4, "175->71": 5, "77->90": 4, "90->77": 5, "90->95": 4, "95->90": 5, "120->141": 4, "141->120": 5, "141->170": 4, "170->141": 5, "126->190": 4, "190->126": 5, "153->163": 4, "163->153": 5}, "metrics": [26.0, 5.0, 4.0]}