{"nodelist": ["MethodDeclaration", "{'public'}", "public", "Annotation", "Override", "ReferenceType", "List", "TypeArgument", "ReferenceType", "Path", "flushSnapshot", "FormalParameter", "ReferenceType", "SortedSet", "TypeArgument", "ReferenceType", "KeyValue", "snapshot", "FormalParameter", "BasicType", "long", "cacheFlushId", "FormalParameter", "ReferenceType", "TimeRangeTracker", "snapshotTimeRangeTracker", "FormalParameter", "ReferenceType", "AtomicLong", "flushedSize", "FormalParameter", "ReferenceType", "MonitoredTask", "status", "IOException", "IfStatement", "MethodInvocation", "throwExceptionWhenFlushing", "get", "BlockStatement", "ThrowStatement", "ClassCreator", "ReferenceType", "IOException", "Literal", "\"Simulated exception by tests\"", "ReturnStatement", "SuperMethodInvocation", "MemberReference", "snapshot", "MemberReference", "cacheFlushId", "MemberReference", "snapshotTimeRangeTracker", "MemberReference", "flushedSize", "MemberReference", "status", "flushSnapshot"], "nodes": {"0": "MethodDeclaration", "1": "Modifier", "2": "public", "3": "Annotation", "4": "Override", "5": "ReferenceType", "6": "List", "7": "TypeArgument", "8": "ReferenceType", "9": "Path", "10": "flushSnapshot", "11": "FormalParameter", "12": "ReferenceType", "13": "SortedSet", "14": "TypeArgument", "15": "ReferenceType", "16": "KeyValue", "17": "snapshot", "18": "FormalParameter", "19": "BasicType", "20": "long", "21": "cacheFlushId", "22": "FormalParameter", "23": "ReferenceType", "24": "TimeRangeTracker", "25": "snapshotTimeRangeTracker", "26": "FormalParameter", "27": "ReferenceType", "28": "AtomicLong", "29": "flushedSize", "30": "FormalParameter", "31": "ReferenceType", "32": "MonitoredTask", "33": "status", "34": "IOException", "35": "IfStatement", "36": "MethodInvocation", "37": "throwExceptionWhenFlushing", "38": "get", "39": "BlockStatement", "40": "ThrowStatement", "41": "ClassCreator", "42": "ReferenceType", "43": "IOException", "44": "Literal", "45": "\"Simulated exception by tests\"", "46": "ReturnStatement", "47": "SuperMethodInvocation", "48": "MemberReference", "49": "snapshot", "50": "MemberReference", "51": "cacheFlushId", "52": "MemberReference", "53": "snapshotTimeRangeTracker", "54": "MemberReference", "55": "flushedSize", "56": "MemberReference", "57": "status", "58": "flushSnapshot"}, "edges": {"0->1": 0, "1->0": 0, "1->2": 0, "2->1": 0, "0->3": 0, "3->0": 0, "3->4": 0, "4->3": 0, "0->5": 0, "5->0": 0, "5->6": 0, "6->5": 0, "5->7": 0, "7->5": 0, "7->8": 0, "8->7": 0, "8->9": 0, "9->8": 0, "0->10": 0, "10->0": 0, "0->11": 0, "11->0": 0, "11->12": 0, "12->11": 0, "12->13": 0, "13->12": 0, "12->14": 0, "14->12": 0, "14->15": 0, "15->14": 0, "15->16": 0, "16->15": 0, "11->17": 0, "17->11": 0, "0->18": 0, "18->0": 0, "18->19": 0, "19->18": 0, "19->20": 0, "20->19": 0, "18->21": 0, "21->18": 0, "0->22": 0, "22->0": 0, "22->23": 0, "23->22": 0, "23->24": 0, "24->23": 0, "22->25": 0, "25->22": 0, "0->26": 0, "26->0": 0, "26->27": 0, "27->26": 0, "27->28": 0, "28->27": 0, "26->29": 0, "29->26": 0, "0->30": 0, "30->0": 0, "30->31": 0, "31->30": 0, "31->32": 0, "32->31": 0, "30->33": 0, "33->30": 0, "0->34": 0, "34->0": 0, "0->35": 0, "35->0": 0, "35->36": 0, "36->35": 0, "36->37": 0, "37->36": 0, "36->38": 0, "38->36": 0, "35->39": 0, "39->35": 0, "39->40": 0, "40->39": 0, "40->41": 0, "41->40": 0, "41->42": 0, "42->41": 0, "42->43": 0, "43->42": 0, "41->44": 0, "44->41": 0, "44->45": 0, "45->44": 0, "0->46": 0, "46->0": 0, "46->47": 0, "47->46": 0, "47->48": 0, "48->47": 0, "48->49": 0, "49->48": 0, "47->50": 0, "50->47": 0, "50->51": 0, "51->50": 0, "47->52": 0, "52->47": 0, "52->53": 0, "53->52": 0, "47->54": 0, "54->47": 0, "54->55": 0, "55->54": 0, "47->56": 0, "56->47": 0, "56->57": 0, "57->56": 0, "47->58": 0, "58->47": 0, "1->3": 1, "3->1": 12, "3->5": 1, "5->3": 12, "5->10": 1, "10->5": 12, "10->11": 1, "11->10": 12, "11->18": 1, "18->11": 12, "18->22": 1, "22->18": 12, "22->26": 1, "26->22": 12, "26->30": 1, "30->26": 12, "30->34": 1, "34->30": 12, "34->35": 1, "35->34": 12, "35->46": 1, "46->35": 12, "6->7": 1, "7->6": 12, "12->17": 1, "17->12": 12, "13->14": 1, "14->13": 12, "19->21": 1, "21->19": 12, "23->25": 1, "25->23": 12, "27->29": 1, "29->27": 12, "31->33": 1, "33->31": 12, "36->39": 6, "39->36": 6, "37->38": 2, "38->37": 3, "42->44": 1, "44->42": 12, "48->50": 1, "50->48": 12, "50->52": 1, "52->50": 12, "52->54": 1, "54->52": 12, "54->56": 1, "56->54": 12, "56->58": 1, "58->56": 12, "2->4": 2, "4->2": 3, "4->6": 2, "6->4": 3, "6->9": 2, "9->6": 3, "9->10": 2, "10->9": 3, "10->13": 2, "13->10": 3, "13->16": 2, "16->13": 3, "16->17": 2, "17->16": 3, "17->20": 2, "20->17": 3, "20->21": 2, "21->20": 3, "21->24": 2, "24->21": 3, "24->25": 2, "25->24": 3, "25->28": 2, "28->25": 3, "28->29": 2, "29->28": 3, "29->32": 2, "32->29": 3, "32->33": 2, "33->32": 3, "33->34": 2, "34->33": 3, "34->37": 2, "37->34": 3, "38->43": 2, "43->38": 3, "43->45": 2, "45->43": 3, "45->49": 2, "49->45": 3, "49->51": 2, "51->49": 3, "51->53": 2, "53->51": 3, "53->55": 2, "55->53": 3, "55->57": 2, "57->55": 3, "57->58": 2, "58->57": 3}, "metrics": [6.0, 2.0, 5.0]}