{"nodelist": ["MethodDeclaration", "{'public'}", "public", "Annotation", "Override", "read", "FormalParameter", "ReferenceType", "org", "ReferenceType", "apache", "ReferenceType", "thrift", "ReferenceType", "protocol", "ReferenceType", "TProtocol", "prot", "FormalParameter", "ReferenceType", "getMultiple_args", "struct", "org.apache.thrift.TException", "LocalVariableDeclaration", "ReferenceType", "org", "ReferenceType", "apache", "ReferenceType", "thrift", "ReferenceType", "protocol", "ReferenceType", "TTupleProtocol", "VariableDeclarator", "iprot", "Cast", "ReferenceType", "org", "ReferenceType", "apache", "ReferenceType", "thrift", "ReferenceType", "protocol", "ReferenceType", "TTupleProtocol", "MemberReference", "prot", "StatementExpression", "Assignment", "MemberReference", "struct", "table", "MethodInvocation", "iprot", "readBinary", "=", "StatementExpression", "MethodInvocation", "struct", "Literal", "true", "setTableIsSet", "BlockStatement", "LocalVariableDeclaration", "ReferenceType", "org", "ReferenceType", "apache", "ReferenceType", "thrift", "ReferenceType", "protocol", "ReferenceType", "TList", "VariableDeclarator", "_list211", "MethodInvocation", "iprot", "MemberReference", "org.apache.thrift.protocol.TType", "STRUCT", "readListBegin", "StatementExpression", "Assignment", "MemberReference", "struct", "tgets", "ClassCreator", "ReferenceType", "java", "ReferenceType", "util", "ReferenceType", "ArrayList", "TypeArgument", "ReferenceType", "TGet", "MemberReference", "_list211", "size", "=", "LocalVariableDeclaration", "Annotation", "org.apache.thrift.annotation.Nullable", "ReferenceType", "TGet", "VariableDeclarator", "_elem212", "ForStatement", "ForControl", "VariableDeclaration", "BasicType", "int", "VariableDeclarator", "_i213", "Literal", "0", "BinaryOperation", "<", "MemberReference", "_i213", "MemberReference", "_list211", "size", "MemberReference", "++", "_i213", "BlockStatement", "StatementExpression", "Assignment", "MemberReference", "_elem212", "ClassCreator", "ReferenceType", "TGet", "=", "StatementExpression", "MethodInvocation", "_elem212", "MemberReference", "iprot", "read", "StatementExpression", "MethodInvocation", "struct.tgets", "MemberReference", "_elem212", "add", "StatementExpression", "MethodInvocation", "struct", "Literal", "true", "setTgetsIsSet"], "nodes": {"0": "MethodDeclaration", "1": "Modifier", "2": "public", "3": "Annotation", "4": "Override", "5": "read", "6": "FormalParameter", "7": "ReferenceType", "8": "org", "9": "ReferenceType", "10": "apache", "11": "ReferenceType", "12": "thrift", "13": "ReferenceType", "14": "protocol", "15": "ReferenceType", "16": "TProtocol", "17": "prot", "18": "FormalParameter", "19": "ReferenceType", "20": "getMultiple_args", "21": "struct", "22": "org.apache.thrift.TException", "23": "LocalVariableDeclaration", "24": "ReferenceType", "25": "org", "26": "ReferenceType", "27": "apache", "28": "ReferenceType", "29": "thrift", "30": "ReferenceType", "31": "protocol", "32": "ReferenceType", "33": "TTupleProtocol", "34": "VariableDeclarator", "35": "iprot", "36": "Cast", "37": "ReferenceType", "38": "org", "39": "ReferenceType", "40": "apache", "41": "ReferenceType", "42": "thrift", "43": "ReferenceType", "44": "protocol", "45": "ReferenceType", "46": "TTupleProtocol", "47": "MemberReference", "48": "prot", "49": "StatementExpression", "50": "Assignment", "51": "MemberReference", "52": "struct", "53": "table", "54": "MethodInvocation", "55": "iprot", "56": "readBinary", "57": "=", "58": "StatementExpression", "59": "MethodInvocation", "60": "struct", "61": "Literal", "62": "true", "63": "setTableIsSet", "64": "BlockStatement", "65": "LocalVariableDeclaration", "66": "ReferenceType", "67": "org", "68": "ReferenceType", "69": "apache", "70": "ReferenceType", "71": "thrift", "72": "ReferenceType", "73": "protocol", "74": "ReferenceType", "75": "TList", "76": "VariableDeclarator", "77": "_list211", "78": "MethodInvocation", "79": "iprot", "80": "MemberReference", "81": "org.apache.thrift.protocol.TType", "82": "STRUCT", "83": "readListBegin", "84": "StatementExpression", "85": "Assignment", "86": "MemberReference", "87": "struct", "88": "tgets", "89": "ClassCreator", "90": "ReferenceType", "91": "java", "92": "ReferenceType", "93": "util", "94": "ReferenceType", "95": "ArrayList", "96": "TypeArgument", "97": "ReferenceType", "98": "TGet", "99": "MemberReference", "100": "_list211", "101": "size", "102": "=", "103": "LocalVariableDeclaration", "104": "Annotation", "105": "org.apache.thrift.annotation.Nullable", "106": "ReferenceType", "107": "TGet", "108": "VariableDeclarator", "109": "_elem212", "110": "ForStatement", "111": "ForControl", "112": "VariableDeclaration", "113": "BasicType", "114": "int", "115": "VariableDeclarator", "116": "_i213", "117": "Literal", "118": "0", "119": "BinaryOperation", "120": "<", "121": "MemberReference", "122": "_i213", "123": "MemberReference", "124": "_list211", "125": "size", "126": "MemberReference", "127": "++", "128": "_i213", "129": "BlockStatement", "130": "StatementExpression", "131": "Assignment", "132": "MemberReference", "133": "_elem212", "134": "ClassCreator", "135": "ReferenceType", "136": "TGet", "137": "=", "138": "StatementExpression", "139": "MethodInvocation", "140": "_elem212", "141": "MemberReference", "142": "iprot", "143": "read", "144": "StatementExpression", "145": "MethodInvocation", "146": "struct.tgets", "147": "MemberReference", "148": "_elem212", "149": "add", "150": "StatementExpression", "151": "MethodInvocation", "152": "struct", "153": "Literal", "154": "true", "155": "setTgetsIsSet"}, "edges": {"0->1": 0, "1->0": 0, "1->2": 0, "2->1": 0, "0->3": 0, "3->0": 0, "3->4": 0, "4->3": 0, "0->5": 0, "5->0": 0, "0->6": 0, "6->0": 0, "6->7": 0, "7->6": 0, "7->8": 0, "8->7": 0, "7->9": 0, "9->7": 0, "9->10": 0, "10->9": 0, "9->11": 0, "11->9": 0, "11->12": 0, "12->11": 0, "11->13": 0, "13->11": 0, "13->14": 0, "14->13": 0, "13->15": 0, "15->13": 0, "15->16": 0, "16->15": 0, "6->17": 0, "17->6": 0, "0->18": 0, "18->0": 0, "18->19": 0, "19->18": 0, "19->20": 0, "20->19": 0, "18->21": 0, "21->18": 0, "0->22": 0, "22->0": 0, "0->23": 0, "23->0": 0, "23->24": 0, "24->23": 0, "24->25": 0, "25->24": 0, "24->26": 0, "26->24": 0, "26->27": 0, "27->26": 0, "26->28": 0, "28->26": 0, "28->29": 0, "29->28": 0, "28->30": 0, "30->28": 0, "30->31": 0, "31->30": 0, "30->32": 0, "32->30": 0, "32->33": 0, "33->32": 0, "23->34": 0, "34->23": 0, "34->35": 0, "35->34": 0, "34->36": 0, "36->34": 0, "36->37": 0, "37->36": 0, "37->38": 0, "38->37": 0, "37->39": 0, "39->37": 0, "39->40": 0, "40->39": 0, "39->41": 0, "41->39": 0, "41->42": 0, "42->41": 0, "41->43": 0, "43->41": 0, "43->44": 0, "44->43": 0, "43->45": 0, "45->43": 0, "45->46": 0, "46->45": 0, "36->47": 0, "47->36": 0, "47->48": 0, "48->47": 0, "0->49": 0, "49->0": 0, "49->50": 0, "50->49": 0, "50->51": 0, "51->50": 0, "51->52": 0, "52->51": 0, "51->53": 0, "53->51": 0, "50->54": 0, "54->50": 0, "54->55": 0, "55->54": 0, "54->56": 0, "56->54": 0, "50->57": 0, "57->50": 0, "0->58": 0, "58->0": 0, "58->59": 0, "59->58": 0, "59->60": 0, "60->59": 0, "59->61": 0, "61->59": 0, "61->62": 0, "62->61": 0, "59->63": 0, "63->59": 0, "0->64": 0, "64->0": 0, "64->65": 0, "65->64": 0, "65->66": 0, "66->65": 0, "66->67": 0, "67->66": 0, "66->68": 0, "68->66": 0, "68->69": 0, "69->68": 0, "68->70": 0, "70->68": 0, "70->71": 0, "71->70": 0, "70->72": 0, "72->70": 0, "72->73": 0, "73->72": 0, "72->74": 0, "74->72": 0, "74->75": 0, "75->74": 0, "65->76": 0, "76->65": 0, "76->77": 0, "77->76": 0, "76->78": 0, "78->76": 0, "78->79": 0, "79->78": 0, "78->80": 0, "80->78": 0, "80->81": 0, "81->80": 0, "80->82": 0, "82->80": 0, "78->83": 0, "83->78": 0, "64->84": 0, "84->64": 0, "84->85": 0, "85->84": 0, "85->86": 0, "86->85": 0, "86->87": 0, "87->86": 0, "86->88": 0, "88->86": 0, "85->89": 0, "89->85": 0, "89->90": 0, "90->89": 0, "90->91": 0, "91->90": 0, "90->92": 0, "92->90": 0, "92->93": 0, "93->92": 0, "92->94": 0, "94->92": 0, "94->95": 0, "95->94": 0, "94->96": 0, "96->94": 0, "96->97": 0, "97->96": 0, "97->98": 0, "98->97": 0, "89->99": 0, "99->89": 0, "99->100": 0, "100->99": 0, "99->101": 0, "101->99": 0, "85->102": 0, "102->85": 0, "64->103": 0, "103->64": 0, "103->104": 0, "104->103": 0, "104->105": 0, "105->104": 0, "103->106": 0, "106->103": 0, "106->107": 0, "107->106": 0, "103->108": 0, "108->103": 0, "108->109": 0, "109->108": 0, "64->110": 0, "110->64": 0, "110->111": 0, "111->110": 0, "111->112": 0, "112->111": 0, "112->113": 0, "113->112": 0, "113->114": 0, "114->113": 0, "112->115": 0, "115->112": 0, "115->116": 0, "116->115": 0, "115->117": 0, "117->115": 0, "117->118": 0, "118->117": 0, "111->119": 0, "119->111": 0, "119->120": 0, "120->119": 0, "119->121": 0, "121->119": 0, "121->122": 0, "122->121": 0, "119->123": 0, "123->119": 0, "123->124": 0, "124->123": 0, "123->125": 0, "125->123": 0, "111->126": 0, "126->111": 0, "126->127": 0, "127->126": 0, "126->128": 0, "128->126": 0, "110->129": 0, "129->110": 0, "129->130": 0, "130->129": 0, "130->131": 0, "131->130": 0, "131->132": 0, "132->131": 0, "132->133": 0, "133->132": 0, "131->134": 0, "134->131": 0, "134->135": 0, "135->134": 0, "135->136": 0, "136->135": 0, "131->137": 0, "137->131": 0, "129->138": 0, "138->129": 0, "138->139": 0, "139->138": 0, "139->140": 0, "140->139": 0, "139->141": 0, "141->139": 0, "141->142": 0, "142->141": 0, "139->143": 0, "143->139": 0, "129->144": 0, "144->129": 0, "144->145": 0, "145->144": 0, "145->146": 0, "146->145": 0, "145->147": 0, "147->145": 0, "147->148": 0, "148->147": 0, "145->149": 0, "149->145": 0, "0->150": 0, "150->0": 0, "150->151": 0, "151->150": 0, "151->152": 0, "152->151": 0, "151->153": 0, "153->151": 0, "153->154": 0, "154->153": 0, "151->155": 0, "155->151": 0, "1->3": 1, "3->1": 12, "3->5": 1, "5->3": 12, "5->6": 1, "6->5": 12, "6->18": 1, "18->6": 12, "18->22": 1, "22->18": 12, "22->23": 1, "23->22": 12, "23->49": 1, "49->23": 12, "49->58": 1, "58->49": 12, "58->64": 1, "64->58": 12, "64->150": 1, "150->64": 12, "7->17": 1, "17->7": 12, "8->9": 1, "9->8": 12, "10->11": 1, "11->10": 12, "12->13": 1, "13->12": 12, "14->15": 1, "15->14": 12, "19->21": 1, "21->19": 12, "24->34": 1, "34->24": 12, "25->26": 1, "26->25": 12, "27->28": 1, "28->27": 12, "29->30": 1, "30->29": 12, "31->32": 1, "32->31": 12, "35->36": 1, "36->35": 12, "37->47": 1, "47->37": 12, "38->39": 1, "39->38": 12, "40->41": 1, "41->40": 12, "42->43": 1, "43->42": 12, "44->45": 1, "45->44": 12, "51->54": 1, "54->51": 12, "54->57": 1, "57->54": 12, "52->53": 2, "53->52": 3, "55->56": 2, "56->55": 3, "60->61": 1, "61->60": 12, "61->63": 1, "63->61": 12, "65->84": 10, "84->65": 11, "84->103": 10, "103->84": 11, "103->110": 10, "110->103": 11, "66->76": 1, "76->66": 12, "67->68": 1, "68->67": 12, "69->70": 1, "70->69": 12, "71->72": 1, "72->71": 12, "73->74": 1, "74->73": 12, "77->78": 1, "78->77": 12, "79->80": 1, "80->79": 12, "80->83": 1, "83->80": 12, "81->82": 2, "82->81": 3, "86->89": 1, "89->86": 12, "89->102": 1, "102->89": 12, "87->88": 2, "88->87": 3, "90->99": 1, "99->90": 12, "91->92": 1, "92->91": 12, "93->94": 1, "94->93": 12, "95->96": 1, "96->95": 12, "100->101": 2, "101->100": 3, "104->106": 1, "106->104": 12, "106->108": 1, "108->106": 12, "111->129": 9, "129->111": 9, "112->119": 1, "119->112": 12, "119->126": 1, "126->119": 12, "113->115": 1, "115->113": 12, "116->117": 1, "117->116": 12, "120->121": 1, "121->120": 12, "121->123": 1, "123->121": 12, "124->125": 2, "125->124": 3, "127->128": 2, "128->127": 3, "130->138": 10, "138->130": 11, "138->144": 10, "144->138": 11, "132->134": 1, "134->132": 12, "134->137": 1, "137->134": 12, "140->141": 1, "141->140": 12, "141->143": 1, "143->141": 12, "146->147": 1, "147->146": 12, "147->149": 1, "149->147": 12, "152->153": 1, "153->152": 12, "153->155": 1, "155->153": 12, "2->4": 2, "4->2": 3, "4->5": 2, "5->4": 3, "5->8": 2, "8->5": 3, "8->10": 2, "10->8": 3, "10->12": 2, "12->10": 3, "12->14": 2, "14->12": 3, "14->16": 2, "16->14": 3, "16->17": 2, "17->16": 3, "17->20": 2, "20->17": 3, "20->21": 2, "21->20": 3, "21->22": 2, "22->21": 3, "22->25": 2, "25->22": 3, "25->27": 2, "27->25": 3, "27->29": 2, "29->27": 3, "29->31": 2, "31->29": 3, "31->33": 2, "33->31": 3, "33->35": 2, "35->33": 3, "35->38": 2, "38->35": 3, "38->40": 2, "40->38": 3, "40->42": 2, "42->40": 3, "42->44": 2, "44->42": 3, "44->46": 2, "46->44": 3, "46->48": 2, "48->46": 3, "48->52": 2, "52->48": 3, "53->55": 2, "55->53": 3, "56->57": 2, "57->56": 3, "57->60": 2, "60->57": 3, "60->62": 2, "62->60": 3, "62->63": 2, "63->62": 3, "63->67": 2, "67->63": 3, "67->69": 2, "69->67": 3, "69->71": 2, "71->69": 3, "71->73": 2, "73->71": 3, "73->75": 2, "75->73": 3, "75->77": 2, "77->75": 3, "77->79": 2, "79->77": 3, "79->81": 2, "81->79": 3, "82->83": 2, "83->82": 3, "83->87": 2, "87->83": 3, "88->91": 2, "91->88": 3, "91->93": 2, "93->91": 3, "93->95": 2, "95->93": 3, "95->98": 2, "98->95": 3, "98->100": 2, "100->98": 3, "101->102": 2, "102->101": 3, "102->105": 2, "105->102": 3, "105->107": 2, "107->105": 3, "107->109": 2, "109->107": 3, "109->114": 2, "114->109": 3, "114->116": 2, "116->114": 3, "116->118": 2, "118->116": 3, "118->120": 2, "120->118": 3, "120->122": 2, "122->120": 3, "122->124": 2, "124->122": 3, "125->127": 2, "127->125": 3, "128->133": 2, "133->128": 3, "133->136": 2, "136->133": 3, "136->137": 2, "137->136": 3, "137->140": 2, "140->137": 3, "140->142": 2, "142->140": 3, "142->143": 2, "143->142": 3, "143->146": 2, "146->143": 3, "146->148": 2, "148->146": 3, "148->149": 2, "149->148": 3, "149->152": 2, "152->149": 3, "152->154": 2, "154->152": 3, "154->155": 2, "155->154": 3, "101->125": 4, "125->101": 5, "122->128": 4, "128->122": 5, "133->148": 4, "148->133": 5}, "metrics": [16.0, 2.0, 2.0]}