{"nodelist": ["MethodDeclaration", "rewriteCellTags", "FormalParameter", "ReferenceType", "Map", "TypeArgument", "BasicType", "byte", "TypeArgument", "ReferenceType", "List", "TypeArgument", "ReferenceType", "Cell", "familyMap", "FormalParameter", "{'final'}", "final", "ReferenceType", "Mutation", "m", "IfStatement", "BinaryOperation", "==", "MethodInvocation", "m", "getTTL", "MemberReference", "Long", "MAX_VALUE", "BlockStatement", "ReturnStatement", "ForStatement", "EnhancedForControl", "VariableDeclaration", "ReferenceType", "Map", "ReferenceType", "Entry", "TypeArgument", "BasicType", "byte", "TypeArgument", "ReferenceType", "List", "TypeArgument", "ReferenceType", "Cell", "VariableDeclarator", "e", "MethodInvocation", "familyMap", "entrySet", "BlockStatement", "LocalVariableDeclaration", "ReferenceType", "List", "TypeArgument", "ReferenceType", "Cell", "VariableDeclarator", "cells", "MethodInvocation", "e", "getValue", "AssertStatement", "BinaryOperation", "instanceof", "MemberReference", "cells", "ReferenceType", "RandomAccess", "LocalVariableDeclaration", "BasicType", "int", "VariableDeclarator", "listSize", "MethodInvocation", "cells", "size", "ForStatement", "ForControl", "VariableDeclaration", "BasicType", "int", "VariableDeclarator", "i", "Literal", "0", "BinaryOperation", "<", "MemberReference", "i", "MemberReference", "listSize", "MemberReference", "++", "i", "BlockStatement", "LocalVariableDeclaration", "ReferenceType", "Cell", "VariableDeclarator", "cell", "MethodInvocation", "cells", "MemberReference", "i", "get", "LocalVariableDeclaration", "ReferenceType", "List", "TypeArgument", "ReferenceType", "Tag", "VariableDeclarator", "newTags", "MethodInvocation", "TagUtil", "Literal", "null", "MemberReference", "cell", "carryForwardTags", "StatementExpression", "Assignment", "MemberReference", "newTags", "MethodInvocation", "TagUtil", "MemberReference", "newTags", "MethodInvocation", "m", "getTTL", "carryForwardTTLTag", "=", "StatementExpression", "MethodInvocation", "cells", "MemberReference", "i", "MethodInvocation", "PrivateCellUtil", "MemberReference", "cell", "MemberReference", "newTags", "createCell", "set"], "nodes": {"0": "MethodDeclaration", "1": "rewriteCellTags", "2": "FormalParameter", "3": "ReferenceType", "4": "Map", "5": "TypeArgument", "6": "BasicType", "7": "byte", "8": "TypeArgument", "9": "ReferenceType", "10": "List", "11": "TypeArgument", "12": "ReferenceType", "13": "Cell", "14": "familyMap", "15": "FormalParameter", "16": "Modifier", "17": "final", "18": "ReferenceType", "19": "Mutation", "20": "m", "21": "IfStatement", "22": "BinaryOperation", "23": "==", "24": "MethodInvocation", "25": "m", "26": "getTTL", "27": "MemberReference", "28": "Long", "29": "MAX_VALUE", "30": "BlockStatement", "31": "ReturnStatement", "32": "ForStatement", "33": "EnhancedForControl", "34": "VariableDeclaration", "35": "ReferenceType", "36": "Map", "37": "ReferenceType", "38": "Entry", "39": "TypeArgument", "40": "BasicType", "41": "byte", "42": "TypeArgument", "43": "ReferenceType", "44": "List", "45": "TypeArgument", "46": "ReferenceType", "47": "Cell", "48": "VariableDeclarator", "49": "e", "50": "MethodInvocation", "51": "familyMap", "52": "entrySet", "53": "BlockStatement", "54": "LocalVariableDeclaration", "55": "ReferenceType", "56": "List", "57": "TypeArgument", "58": "ReferenceType", "59": "Cell", "60": "VariableDeclarator", "61": "cells", "62": "MethodInvocation", "63": "e", "64": "getValue", "65": "AssertStatement", "66": "BinaryOperation", "67": "instanceof", "68": "MemberReference", "69": "cells", "70": "ReferenceType", "71": "RandomAccess", "72": "LocalVariableDeclaration", "73": "BasicType", "74": "int", "75": "VariableDeclarator", "76": "listSize", "77": "MethodInvocation", "78": "cells", "79": "size", "80": "ForStatement", "81": "ForControl", "82": "VariableDeclaration", "83": "BasicType", "84": "int", "85": "VariableDeclarator", "86": "i", "87": "Literal", "88": "0", "89": "BinaryOperation", "90": "<", "91": "MemberReference", "92": "i", "93": "MemberReference", "94": "listSize", "95": "MemberReference", "96": "++", "97": "i", "98": "BlockStatement", "99": "LocalVariableDeclaration", "100": "ReferenceType", "101": "Cell", "102": "VariableDeclarator", "103": "cell", "104": "MethodInvocation", "105": "cells", "106": "MemberReference", "107": "i", "108": "get", "109": "LocalVariableDeclaration", "110": "ReferenceType", "111": "List", "112": "TypeArgument", "113": "ReferenceType", "114": "Tag", "115": "VariableDeclarator", "116": "newTags", "117": "MethodInvocation", "118": "TagUtil", "119": "Literal", "120": "null", "121": "MemberReference", "122": "cell", "123": "carryForwardTags", "124": "StatementExpression", "125": "Assignment", "126": "MemberReference", "127": "newTags", "128": "MethodInvocation", "129": "TagUtil", "130": "MemberReference", "131": "newTags", "132": "MethodInvocation", "133": "m", "134": "getTTL", "135": "carryForwardTTLTag", "136": "=", "137": "StatementExpression", "138": "MethodInvocation", "139": "cells", "140": "MemberReference", "141": "i", "142": "MethodInvocation", "143": "PrivateCellUtil", "144": "MemberReference", "145": "cell", "146": "MemberReference", "147": "newTags", "148": "createCell", "149": "set"}, "edges": {"0->1": 0, "1->0": 0, "0->2": 0, "2->0": 0, "2->3": 0, "3->2": 0, "3->4": 0, "4->3": 0, "3->5": 0, "5->3": 0, "5->6": 0, "6->5": 0, "6->7": 0, "7->6": 0, "3->8": 0, "8->3": 0, "8->9": 0, "9->8": 0, "9->10": 0, "10->9": 0, "9->11": 0, "11->9": 0, "11->12": 0, "12->11": 0, "12->13": 0, "13->12": 0, "2->14": 0, "14->2": 0, "0->15": 0, "15->0": 0, "15->16": 0, "16->15": 0, "16->17": 0, "17->16": 0, "15->18": 0, "18->15": 0, "18->19": 0, "19->18": 0, "15->20": 0, "20->15": 0, "0->21": 0, "21->0": 0, "21->22": 0, "22->21": 0, "22->23": 0, "23->22": 0, "22->24": 0, "24->22": 0, "24->25": 0, "25->24": 0, "24->26": 0, "26->24": 0, "22->27": 0, "27->22": 0, "27->28": 0, "28->27": 0, "27->29": 0, "29->27": 0, "21->30": 0, "30->21": 0, "30->31": 0, "31->30": 0, "0->32": 0, "32->0": 0, "32->33": 0, "33->32": 0, "33->34": 0, "34->33": 0, "34->35": 0, "35->34": 0, "35->36": 0, "36->35": 0, "35->37": 0, "37->35": 0, "37->38": 0, "38->37": 0, "37->39": 0, "39->37": 0, "39->40": 0, "40->39": 0, "40->41": 0, "41->40": 0, "37->42": 0, "42->37": 0, "42->43": 0, "43->42": 0, "43->44": 0, "44->43": 0, "43->45": 0, "45->43": 0, "45->46": 0, "46->45": 0, "46->47": 0, "47->46": 0, "34->48": 0, "48->34": 0, "48->49": 0, "49->48": 0, "33->50": 0, "50->33": 0, "50->51": 0, "51->50": 0, "50->52": 0, "52->50": 0, "32->53": 0, "53->32": 0, "53->54": 0, "54->53": 0, "54->55": 0, "55->54": 0, "55->56": 0, "56->55": 0, "55->57": 0, "57->55": 0, "57->58": 0, "58->57": 0, "58->59": 0, "59->58": 0, "54->60": 0, "60->54": 0, "60->61": 0, "61->60": 0, "60->62": 0, "62->60": 0, "62->63": 0, "63->62": 0, "62->64": 0, "64->62": 0, "53->65": 0, "65->53": 0, "65->66": 0, "66->65": 0, "66->67": 0, "67->66": 0, "66->68": 0, "68->66": 0, "68->69": 0, "69->68": 0, "66->70": 0, "70->66": 0, "70->71": 0, "71->70": 0, "53->72": 0, "72->53": 0, "72->73": 0, "73->72": 0, "73->74": 0, "74->73": 0, "72->75": 0, "75->72": 0, "75->76": 0, "76->75": 0, "75->77": 0, "77->75": 0, "77->78": 0, "78->77": 0, "77->79": 0, "79->77": 0, "53->80": 0, "80->53": 0, "80->81": 0, "81->80": 0, "81->82": 0, "82->81": 0, "82->83": 0, "83->82": 0, "83->84": 0, "84->83": 0, "82->85": 0, "85->82": 0, "85->86": 0, "86->85": 0, "85->87": 0, "87->85": 0, "87->88": 0, "88->87": 0, "81->89": 0, "89->81": 0, "89->90": 0, "90->89": 0, "89->91": 0, "91->89": 0, "91->92": 0, "92->91": 0, "89->93": 0, "93->89": 0, "93->94": 0, "94->93": 0, "81->95": 0, "95->81": 0, "95->96": 0, "96->95": 0, "95->97": 0, "97->95": 0, "80->98": 0, "98->80": 0, "98->99": 0, "99->98": 0, "99->100": 0, "100->99": 0, "100->101": 0, "101->100": 0, "99->102": 0, "102->99": 0, "102->103": 0, "103->102": 0, "102->104": 0, "104->102": 0, "104->105": 0, "105->104": 0, "104->106": 0, "106->104": 0, "106->107": 0, "107->106": 0, "104->108": 0, "108->104": 0, "98->109": 0, "109->98": 0, "109->110": 0, "110->109": 0, "110->111": 0, "111->110": 0, "110->112": 0, "112->110": 0, "112->113": 0, "113->112": 0, "113->114": 0, "114->113": 0, "109->115": 0, "115->109": 0, "115->116": 0, "116->115": 0, "115->117": 0, "117->115": 0, "117->118": 0, "118->117": 0, "117->119": 0, "119->117": 0, "119->120": 0, "120->119": 0, "117->121": 0, "121->117": 0, "121->122": 0, "122->121": 0, "117->123": 0, "123->117": 0, "98->124": 0, "124->98": 0, "124->125": 0, "125->124": 0, "125->126": 0, "126->125": 0, "126->127": 0, "127->126": 0, "125->128": 0, "128->125": 0, "128->129": 0, "129->128": 0, "128->130": 0, "130->128": 0, "130->131": 0, "131->130": 0, "128->132": 0, "132->128": 0, "132->133": 0, "133->132": 0, "132->134": 0, "134->132": 0, "128->135": 0, "135->128": 0, "125->136": 0, "136->125": 0, "98->137": 0, "137->98": 0, "137->138": 0, "138->137": 0, "138->139": 0, "139->138": 0, "138->140": 0, "140->138": 0, "140->141": 0, "141->140": 0, "138->142": 0, "142->138": 0, "142->143": 0, "143->142": 0, "142->144": 0, "144->142": 0, "144->145": 0, "145->144": 0, "142->146": 0, "146->142": 0, "146->147": 0, "147->146": 0, "142->148": 0, "148->142": 0, "138->149": 0, "149->138": 0, "1->2": 1, "2->1": 12, "2->15": 1, "15->2": 12, "15->21": 1, "21->15": 12, "21->32": 1, "32->21": 12, "3->14": 1, "14->3": 12, "4->5": 1, "5->4": 12, "5->8": 1, "8->5": 12, "10->11": 1, "11->10": 12, "16->18": 1, "18->16": 12, "18->20": 1, "20->18": 12, "22->30": 6, "30->22": 6, "23->24": 1, "24->23": 12, "24->27": 1, "27->24": 12, "25->26": 2, "26->25": 3, "28->29": 2, "29->28": 3, "33->53": 9, "53->33": 9, "34->50": 1, "50->34": 12, "35->48": 1, "48->35": 12, "36->37": 1, "37->36": 12, "38->39": 1, "39->38": 12, "39->42": 1, "42->39": 12, "44->45": 1, "45->44": 12, "51->52": 2, "52->51": 3, "54->65": 10, "65->54": 11, "65->72": 10, "72->65": 11, "72->80": 10, "80->72": 11, "55->60": 1, "60->55": 12, "56->57": 1, "57->56": 12, "61->62": 1, "62->61": 12, "63->64": 2, "64->63": 3, "67->68": 1, "68->67": 12, "68->70": 1, "70->68": 12, "73->75": 1, "75->73": 12, "76->77": 1, "77->76": 12, "78->79": 2, "79->78": 3, "81->98": 9, "98->81": 9, "82->89": 1, "89->82": 12, "89->95": 1, "95->89": 12, "83->85": 1, "85->83": 12, "86->87": 1, "87->86": 12, "90->91": 1, "91->90": 12, "91->93": 1, "93->91": 12, "96->97": 2, "97->96": 3, "99->109": 10, "109->99": 11, "109->124": 10, "124->109": 11, "124->137": 10, "137->124": 11, "100->102": 1, "102->100": 12, "103->104": 1, "104->103": 12, "105->106": 1, "106->105": 12, "106->108": 1, "108->106": 12, "110->115": 1, "115->110": 12, "111->112": 1, "112->111": 12, "116->117": 1, "117->116": 12, "118->119": 1, "119->118": 12, "119->121": 1, "121->119": 12, "121->123": 1, "123->121": 12, "126->128": 1, "128->126": 12, "128->136": 1, "136->128": 12, "129->130": 1, "130->129": 12, "130->132": 1, "132->130": 12, "132->135": 1, "135->132": 12, "133->134": 2, "134->133": 3, "139->140": 1, "140->139": 12, "140->142": 1, "142->140": 12, "142->149": 1, "149->142": 12, "143->144": 1, "144->143": 12, "144->146": 1, "146->144": 12, "146->148": 1, "148->146": 12, "1->4": 2, "4->1": 3, "4->7": 2, "7->4": 3, "7->10": 2, "10->7": 3, "10->13": 2, "13->10": 3, "13->14": 2, "14->13": 3, "14->17": 2, "17->14": 3, "17->19": 2, "19->17": 3, "19->20": 2, "20->19": 3, "20->23": 2, "23->20": 3, "23->25": 2, "25->23": 3, "26->28": 2, "28->26": 3, "29->31": 2, "31->29": 3, "31->36": 2, "36->31": 3, "36->38": 2, "38->36": 3, "38->41": 2, "41->38": 3, "41->44": 2, "44->41": 3, "44->47": 2, "47->44": 3, "47->49": 2, "49->47": 3, "49->51": 2, "51->49": 3, "52->56": 2, "56->52": 3, "56->59": 2, "59->56": 3, "59->61": 2, "61->59": 3, "61->63": 2, "63->61": 3, "64->67": 2, "67->64": 3, "67->69": 2, "69->67": 3, "69->71": 2, "71->69": 3, "71->74": 2, "74->71": 3, "74->76": 2, "76->74": 3, "76->78": 2, "78->76": 3, "79->84": 2, "84->79": 3, "84->86": 2, "86->84": 3, "86->88": 2, "88->86": 3, "88->90": 2, "90->88": 3, "90->92": 2, "92->90": 3, "92->94": 2, "94->92": 3, "94->96": 2, "96->94": 3, "97->101": 2, "101->97": 3, "101->103": 2, "103->101": 3, "103->105": 2, "105->103": 3, "105->107": 2, "107->105": 3, "107->108": 2, "108->107": 3, "108->111": 2, "111->108": 3, "111->114": 2, "114->111": 3, "114->116": 2, "116->114": 3, "116->118": 2, "118->116": 3, "118->120": 2, "120->118": 3, "120->122": 2, "122->120": 3, "122->123": 2, "123->122": 3, "123->127": 2, "127->123": 3, "127->129": 2, "129->127": 3, "129->131": 2, "131->129": 3, "131->133": 2, "133->131": 3, "134->135": 2, "135->134": 3, "135->136": 2, "136->135": 3, "136->139": 2, "139->136": 3, "139->141": 2, "141->139": 3, "141->143": 2, "143->141": 3, "143->145": 2, "145->143": 3, "145->147": 2, "147->145": 3, "147->148": 2, "148->147": 3, "148->149": 2, "149->148": 3, "92->97": 4, "97->92": 5, "97->107": 4, "107->97": 5, "107->141": 4, "141->107": 5, "122->145": 4, "145->122": 5, "127->131": 4, "131->127": 5, "131->147": 4, "147->131": 5}, "metrics": [16.0, 4.0, 2.0]}