{"nodelist": ["MethodDeclaration", "{'private'}", "private", "BasicType", "int", "parseColumns", "FormalParameter", "{'final'}", "final", "ReferenceType", "String", "path", "FormalParameter", "BasicType", "int", "i", "IllegalArgumentException", "IfStatement", "BinaryOperation", ">=", "MemberReference", "i", "MethodInvocation", "path", "length", "BlockStatement", "ReturnStatement", "MemberReference", "i", "TryStatement", "LocalVariableDeclaration", "BasicType", "char", "VariableDeclarator", "c", "LocalVariableDeclaration", "ReferenceType", "StringBuilder", "VariableDeclarator", "column", "ClassCreator", "ReferenceType", "StringBuilder", "WhileStatement", "BinaryOperation", "&&", "BinaryOperation", "<", "MemberReference", "i", "MethodInvocation", "path", "length", "BinaryOperation", "!=", "Assignment", "MemberReference", "c", "MethodInvocation", "path", "MemberReference", "i", "charAt", "=", "Literal", "'/'", "BlockStatement", "IfStatement", "BinaryOperation", "==", "MemberReference", "c", "Literal", "','", "BlockStatement", "IfStatement", "BinaryOperation", "<", "MethodInvocation", "column", "length", "Literal", "1", "BlockStatement", "ThrowStatement", "ClassCreator", "ReferenceType", "IllegalArgumentException", "Literal", "\"invalid path\"", "LocalVariableDeclaration", "ReferenceType", "String", "VariableDeclarator", "s", "MethodInvocation", "URLDecoder", "MethodInvocation", "column", "toString", "MemberReference", "HConstants", "UTF8_ENCODING", "decode", "IfStatement", "MethodInvocation", "!", "s", "Literal", "\":\"", "contains", "BlockStatement", "StatementExpression", "This", "MemberReference", "columns", "MethodInvocation", "MethodInvocation", "Bytes", "BinaryOperation", "+", "MemberReference", "s", "Literal", "\":\"", "toBytes", "add", "BlockStatement", "StatementExpression", "This", "MemberReference", "columns", "MethodInvocation", "MethodInvocation", "Bytes", "MemberReference", "s", "toBytes", "add", "StatementExpression", "MethodInvocation", "column", "Literal", "0", "setLength", "StatementExpression", "MemberReference", "++", "i", "ContinueStatement", "StatementExpression", "MethodInvocation", "column", "MemberReference", "c", "append", "StatementExpression", "MemberReference", "++", "i", "StatementExpression", "MemberReference", "++", "i", "IfStatement", "BinaryOperation", ">", "MethodInvocation", "column", "length", "Literal", "1", "BlockStatement", "LocalVariableDeclaration", "ReferenceType", "String", "VariableDeclarator", "s", "MethodInvocation", "URLDecoder", "MethodInvocation", "column", "toString", "MemberReference", "HConstants", "UTF8_ENCODING", "decode", "IfStatement", "MethodInvocation", "!", "s", "Literal", "\":\"", "contains", "BlockStatement", "StatementExpression", "This", "MemberReference", "columns", "MethodInvocation", "MethodInvocation", "Bytes", "BinaryOperation", "+", "MemberReference", "s", "Literal", "\":\"", "toBytes", "add", "BlockStatement", "StatementExpression", "This", "MemberReference", "columns", "MethodInvocation", "MethodInvocation", "Bytes", "MemberReference", "s", "toBytes", "add", "CatchClause", "CatchClauseParameter", "IndexOutOfBoundsException", "e", "ThrowStatement", "ClassCreator", "ReferenceType", "IllegalArgumentException", "MemberReference", "e", "CatchClause", "CatchClauseParameter", "UnsupportedEncodingException", "e", "ThrowStatement", "ClassCreator", "ReferenceType", "RuntimeException", "MemberReference", "e", "ReturnStatement", "MemberReference", "i"], "nodes": {"0": "MethodDeclaration", "1": "Modifier", "2": "private", "3": "BasicType", "4": "int", "5": "parseColumns", "6": "FormalParameter", "7": "Modifier", "8": "final", "9": "ReferenceType", "10": "String", "11": "path", "12": "FormalParameter", "13": "BasicType", "14": "int", "15": "i", "16": "IllegalArgumentException", "17": "IfStatement", "18": "BinaryOperation", "19": ">=", "20": "MemberReference", "21": "i", "22": "MethodInvocation", "23": "path", "24": "length", "25": "BlockStatement", "26": "ReturnStatement", "27": "MemberReference", "28": "i", "29": "TryStatement", "30": "LocalVariableDeclaration", "31": "BasicType", "32": "char", "33": "VariableDeclarator", "34": "c", "35": "LocalVariableDeclaration", "36": "ReferenceType", "37": "StringBuilder", "38": "VariableDeclarator", "39": "column", "40": "ClassCreator", "41": "ReferenceType", "42": "StringBuilder", "43": "WhileStatement", "44": "BinaryOperation", "45": "&&", "46": "BinaryOperation", "47": "<", "48": "MemberReference", "49": "i", "50": "MethodInvocation", "51": "path", "52": "length", "53": "BinaryOperation", "54": "!=", "55": "Assignment", "56": "MemberReference", "57": "c", "58": "MethodInvocation", "59": "path", "60": "MemberReference", "61": "i", "62": "charAt", "63": "=", "64": "Literal", "65": "'/'", "66": "BlockStatement", "67": "IfStatement", "68": "BinaryOperation", "69": "==", "70": "MemberReference", "71": "c", "72": "Literal", "73": "','", "74": "BlockStatement", "75": "IfStatement", "76": "BinaryOperation", "77": "<", "78": "MethodInvocation", "79": "column", "80": "length", "81": "Literal", "82": "1", "83": "BlockStatement", "84": "ThrowStatement", "85": "ClassCreator", "86": "ReferenceType", "87": "IllegalArgumentException", "88": "Literal", "89": "\"invalid path\"", "90": "LocalVariableDeclaration", "91": "ReferenceType", "92": "String", "93": "VariableDeclarator", "94": "s", "95": "MethodInvocation", "96": "URLDecoder", "97": "MethodInvocation", "98": "column", "99": "toString", "100": "MemberReference", "101": "HConstants", "102": "UTF8_ENCODING", "103": "decode", "104": "IfStatement", "105": "MethodInvocation", "106": "!", "107": "s", "108": "Literal", "109": "\":\"", "110": "contains", "111": "BlockStatement", "112": "StatementExpression", "113": "This", "114": "MemberReference", "115": "columns", "116": "MethodInvocation", "117": "MethodInvocation", "118": "Bytes", "119": "BinaryOperation", "120": "+", "121": "MemberReference", "122": "s", "123": "Literal", "124": "\":\"", "125": "toBytes", "126": "add", "127": "BlockStatement", "128": "StatementExpression", "129": "This", "130": "MemberReference", "131": "columns", "132": "MethodInvocation", "133": "MethodInvocation", "134": "Bytes", "135": "MemberReference", "136": "s", "137": "toBytes", "138": "add", "139": "StatementExpression", "140": "MethodInvocation", "141": "column", "142": "Literal", "143": "0", "144": "setLength", "145": "StatementExpression", "146": "MemberReference", "147": "++", "148": "i", "149": "ContinueStatement", "150": "StatementExpression", "151": "MethodInvocation", "152": "column", "153": "MemberReference", "154": "c", "155": "append", "156": "StatementExpression", "157": "MemberReference", "158": "++", "159": "i", "160": "StatementExpression", "161": "MemberReference", "162": "++", "163": "i", "164": "IfStatement", "165": "BinaryOperation", "166": ">", "167": "MethodInvocation", "168": "column", "169": "length", "170": "Literal", "171": "1", "172": "BlockStatement", "173": "LocalVariableDeclaration", "174": "ReferenceType", "175": "String", "176": "VariableDeclarator", "177": "s", "178": "MethodInvocation", "179": "URLDecoder", "180": "MethodInvocation", "181": "column", "182": "toString", "183": "MemberReference", "184": "HConstants", "185": "UTF8_ENCODING", "186": "decode", "187": "IfStatement", "188": "MethodInvocation", "189": "!", "190": "s", "191": "Literal", "192": "\":\"", "193": "contains", "194": "BlockStatement", "195": "StatementExpression", "196": "This", "197": "MemberReference", "198": "columns", "199": "MethodInvocation", "200": "MethodInvocation", "201": "Bytes", "202": "BinaryOperation", "203": "+", "204": "MemberReference", "205": "s", "206": "Literal", "207": "\":\"", "208": "toBytes", "209": "add", "210": "BlockStatement", "211": "StatementExpression", "212": "This", "213": "MemberReference", "214": "columns", "215": "MethodInvocation", "216": "MethodInvocation", "217": "Bytes", "218": "MemberReference", "219": "s", "220": "toBytes", "221": "add", "222": "CatchClause", "223": "CatchClauseParameter", "224": "IndexOutOfBoundsException", "225": "e", "226": "ThrowStatement", "227": "ClassCreator", "228": "ReferenceType", "229": "IllegalArgumentException", "230": "MemberReference", "231": "e", "232": "CatchClause", "233": "CatchClauseParameter", "234": "UnsupportedEncodingException", "235": "e", "236": "ThrowStatement", "237": "ClassCreator", "238": "ReferenceType", "239": "RuntimeException", "240": "MemberReference", "241": "e", "242": "ReturnStatement", "243": "MemberReference", "244": "i"}, "edges": {"0->1": 0, "1->0": 0, "1->2": 0, "2->1": 0, "0->3": 0, "3->0": 0, "3->4": 0, "4->3": 0, "0->5": 0, "5->0": 0, "0->6": 0, "6->0": 0, "6->7": 0, "7->6": 0, "7->8": 0, "8->7": 0, "6->9": 0, "9->6": 0, "9->10": 0, "10->9": 0, "6->11": 0, "11->6": 0, "0->12": 0, "12->0": 0, "12->13": 0, "13->12": 0, "13->14": 0, "14->13": 0, "12->15": 0, "15->12": 0, "0->16": 0, "16->0": 0, "0->17": 0, "17->0": 0, "17->18": 0, "18->17": 0, "18->19": 0, "19->18": 0, "18->20": 0, "20->18": 0, "20->21": 0, "21->20": 0, "18->22": 0, "22->18": 0, "22->23": 0, "23->22": 0, "22->24": 0, "24->22": 0, "17->25": 0, "25->17": 0, "25->26": 0, "26->25": 0, "26->27": 0, "27->26": 0, "27->28": 0, "28->27": 0, "0->29": 0, "29->0": 0, "29->30": 0, "30->29": 0, "30->31": 0, "31->30": 0, "31->32": 0, "32->31": 0, "30->33": 0, "33->30": 0, "33->34": 0, "34->33": 0, "29->35": 0, "35->29": 0, "35->36": 0, "36->35": 0, "36->37": 0, "37->36": 0, "35->38": 0, "38->35": 0, "38->39": 0, "39->38": 0, "38->40": 0, "40->38": 0, "40->41": 0, "41->40": 0, "41->42": 0, "42->41": 0, "29->43": 0, "43->29": 0, "43->44": 0, "44->43": 0, "44->45": 0, "45->44": 0, "44->46": 0, "46->44": 0, "46->47": 0, "47->46": 0, "46->48": 0, "48->46": 0, "48->49": 0, "49->48": 0, "46->50": 0, "50->46": 0, "50->51": 0, "51->50": 0, "50->52": 0, "52->50": 0, "44->53": 0, "53->44": 0, "53->54": 0, "54->53": 0, "53->55": 0, "55->53": 0, "55->56": 0, "56->55": 0, "56->57": 0, "57->56": 0, "55->58": 0, "58->55": 0, "58->59": 0, "59->58": 0, "58->60": 0, "60->58": 0, "60->61": 0, "61->60": 0, "58->62": 0, "62->58": 0, "55->63": 0, "63->55": 0, "53->64": 0, "64->53": 0, "64->65": 0, "65->64": 0, "43->66": 0, "66->43": 0, "66->67": 0, "67->66": 0, "67->68": 0, "68->67": 0, "68->69": 0, "69->68": 0, "68->70": 0, "70->68": 0, "70->71": 0, "71->70": 0, "68->72": 0, "72->68": 0, "72->73": 0, "73->72": 0, "67->74": 0, "74->67": 0, "74->75": 0, "75->74": 0, "75->76": 0, "76->75": 0, "76->77": 0, "77->76": 0, "76->78": 0, "78->76": 0, "78->79": 0, "79->78": 0, "78->80": 0, "80->78": 0, "76->81": 0, "81->76": 0, "81->82": 0, "82->81": 0, "75->83": 0, "83->75": 0, "83->84": 0, "84->83": 0, "84->85": 0, "85->84": 0, "85->86": 0, "86->85": 0, "86->87": 0, "87->86": 0, "85->88": 0, "88->85": 0, "88->89": 0, "89->88": 0, "74->90": 0, "90->74": 0, "90->91": 0, "91->90": 0, "91->92": 0, "92->91": 0, "90->93": 0, "93->90": 0, "93->94": 0, "94->93": 0, "93->95": 0, "95->93": 0, "95->96": 0, "96->95": 0, "95->97": 0, "97->95": 0, "97->98": 0, "98->97": 0, "97->99": 0, "99->97": 0, "95->100": 0, "100->95": 0, "100->101": 0, "101->100": 0, "100->102": 0, "102->100": 0, "95->103": 0, "103->95": 0, "74->104": 0, "104->74": 0, "104->105": 0, "105->104": 0, "105->106": 0, "106->105": 0, "105->107": 0, "107->105": 0, "105->108": 0, "108->105": 0, "108->109": 0, "109->108": 0, "105->110": 0, "110->105": 0, "104->111": 0, "111->104": 0, "111->112": 0, "112->111": 0, "112->113": 0, "113->112": 0, "113->114": 0, "114->113": 0, "114->115": 0, "115->114": 0, "113->116": 0, "116->113": 0, "116->117": 0, "117->116": 0, "117->118": 0, "118->117": 0, "117->119": 0, "119->117": 0, "119->120": 0, "120->119": 0, "119->121": 0, "121->119": 0, "121->122": 0, "122->121": 0, "119->123": 0, "123->119": 0, "123->124": 0, "124->123": 0, "117->125": 0, "125->117": 0, "116->126": 0, "126->116": 0, "104->127": 0, "127->104": 0, "127->128": 0, "128->127": 0, "128->129": 0, "129->128": 0, "129->130": 0, "130->129": 0, "130->131": 0, "131->130": 0, "129->132": 0, "132->129": 0, "132->133": 0, "133->132": 0, "133->134": 0, "134->133": 0, "133->135": 0, "135->133": 0, "135->136": 0, "136->135": 0, "133->137": 0, "137->133": 0, "132->138": 0, "138->132": 0, "74->139": 0, "139->74": 0, "139->140": 0, "140->139": 0, "140->141": 0, "141->140": 0, "140->142": 0, "142->140": 0, "142->143": 0, "143->142": 0, "140->144": 0, "144->140": 0, "74->145": 0, "145->74": 0, "145->146": 0, "146->145": 0, "146->147": 0, "147->146": 0, "146->148": 0, "148->146": 0, "74->149": 0, "149->74": 0, "66->150": 0, "150->66": 0, "150->151": 0, "151->150": 0, "151->152": 0, "152->151": 0, "151->153": 0, "153->151": 0, "153->154": 0, "154->153": 0, "151->155": 0, "155->151": 0, "66->156": 0, "156->66": 0, "156->157": 0, "157->156": 0, "157->158": 0, "158->157": 0, "157->159": 0, "159->157": 0, "29->160": 0, "160->29": 0, "160->161": 0, "161->160": 0, "161->162": 0, "162->161": 0, "161->163": 0, "163->161": 0, "29->164": 0, "164->29": 0, "164->165": 0, "165->164": 0, "165->166": 0, "166->165": 0, "165->167": 0, "167->165": 0, "167->168": 0, "168->167": 0, "167->169": 0, "169->167": 0, "165->170": 0, "170->165": 0, "170->171": 0, "171->170": 0, "164->172": 0, "172->164": 0, "172->173": 0, "173->172": 0, "173->174": 0, "174->173": 0, "174->175": 0, "175->174": 0, "173->176": 0, "176->173": 0, "176->177": 0, "177->176": 0, "176->178": 0, "178->176": 0, "178->179": 0, "179->178": 0, "178->180": 0, "180->178": 0, "180->181": 0, "181->180": 0, "180->182": 0, "182->180": 0, "178->183": 0, "183->178": 0, "183->184": 0, "184->183": 0, "183->185": 0, "185->183": 0, "178->186": 0, "186->178": 0, "172->187": 0, "187->172": 0, "187->188": 0, "188->187": 0, "188->189": 0, "189->188": 0, "188->190": 0, "190->188": 0, "188->191": 0, "191->188": 0, "191->192": 0, "192->191": 0, "188->193": 0, "193->188": 0, "187->194": 0, "194->187": 0, "194->195": 0, "195->194": 0, "195->196": 0, "196->195": 0, "196->197": 0, "197->196": 0, "197->198": 0, "198->197": 0, "196->199": 0, "199->196": 0, "199->200": 0, "200->199": 0, "200->201": 0, "201->200": 0, "200->202": 0, "202->200": 0, "202->203": 0, "203->202": 0, "202->204": 0, "204->202": 0, "204->205": 0, "205->204": 0, "202->206": 0, "206->202": 0, "206->207": 0, "207->206": 0, "200->208": 0, "208->200": 0, "199->209": 0, "209->199": 0, "187->210": 0, "210->187": 0, "210->211": 0, "211->210": 0, "211->212": 0, "212->211": 0, "212->213": 0, "213->212": 0, "213->214": 0, "214->213": 0, "212->215": 0, "215->212": 0, "215->216": 0, "216->215": 0, "216->217": 0, "217->216": 0, "216->218": 0, "218->216": 0, "218->219": 0, "219->218": 0, "216->220": 0, "220->216": 0, "215->221": 0, "221->215": 0, "29->222": 0, "222->29": 0, "222->223": 0, "223->222": 0, "223->224": 0, "224->223": 0, "223->225": 0, "225->223": 0, "222->226": 0, "226->222": 0, "226->227": 0, "227->226": 0, "227->228": 0, "228->227": 0, "228->229": 0, "229->228": 0, "227->230": 0, "230->227": 0, "230->231": 0, "231->230": 0, "29->232": 0, "232->29": 0, "232->233": 0, "233->232": 0, "233->234": 0, "234->233": 0, "233->235": 0, "235->233": 0, "232->236": 0, "236->232": 0, "236->237": 0, "237->236": 0, "237->238": 0, "238->237": 0, "238->239": 0, "239->238": 0, "237->240": 0, "240->237": 0, "240->241": 0, "241->240": 0, "0->242": 0, "242->0": 0, "242->243": 0, "243->242": 0, "243->244": 0, "244->243": 0, "1->3": 1, "3->1": 12, "3->5": 1, "5->3": 12, "5->6": 1, "6->5": 12, "6->12": 1, "12->6": 12, "12->16": 1, "16->12": 12, "16->17": 1, "17->16": 12, "17->29": 1, "29->17": 12, "29->242": 1, "242->29": 12, "7->9": 1, "9->7": 12, "9->11": 1, "11->9": 12, "13->15": 1, "15->13": 12, "18->25": 6, "25->18": 6, "19->20": 1, "20->19": 12, "20->22": 1, "22->20": 12, "23->24": 2, "24->23": 3, "30->35": 1, "35->30": 12, "35->43": 1, "43->35": 12, "43->160": 1, "160->43": 12, "160->164": 1, "164->160": 12, "164->222": 1, "222->164": 12, "222->232": 1, "232->222": 12, "31->33": 1, "33->31": 12, "36->38": 1, "38->36": 12, "39->40": 1, "40->39": 12, "44->66": 8, "66->44": 8, "45->46": 1, "46->45": 12, "46->53": 1, "53->46": 12, "47->48": 1, "48->47": 12, "48->50": 1, "50->48": 12, "51->52": 2, "52->51": 3, "54->55": 1, "55->54": 12, "55->64": 1, "64->55": 12, "56->58": 1, "58->56": 12, "58->63": 1, "63->58": 12, "59->60": 1, "60->59": 12, "60->62": 1, "62->60": 12, "67->150": 10, "150->67": 11, "150->156": 10, "156->150": 11, "68->74": 6, "74->68": 6, "69->70": 1, "70->69": 12, "70->72": 1, "72->70": 12, "75->90": 10, "90->75": 11, "90->104": 10, "104->90": 11, "104->139": 10, "139->104": 11, "139->145": 10, "145->139": 11, "145->149": 10, "149->145": 11, "76->83": 6, "83->76": 6, "77->78": 1, "78->77": 12, "78->81": 1, "81->78": 12, "79->80": 2, "80->79": 3, "86->88": 1, "88->86": 12, "91->93": 1, "93->91": 12, "94->95": 1, "95->94": 12, "96->97": 1, "97->96": 12, "97->100": 1, "100->97": 12, "100->103": 1, "103->100": 12, "98->99": 2, "99->98": 3, "101->102": 2, "102->101": 3, "105->111": 6, "111->105": 6, "111->127": 1, "127->111": 12, "106->107": 2, "107->106": 3, "107->108": 1, "108->107": 12, "108->110": 1, "110->108": 12, "114->116": 1, "116->114": 12, "117->126": 1, "126->117": 12, "118->119": 1, "119->118": 12, "119->125": 1, "125->119": 12, "120->121": 1, "121->120": 12, "121->123": 1, "123->121": 12, "130->132": 1, "132->130": 12, "133->138": 1, "138->133": 12, "134->135": 1, "135->134": 12, "135->137": 1, "137->135": 12, "141->142": 1, "142->141": 12, "142->144": 1, "144->142": 12, "147->148": 2, "148->147": 3, "152->153": 1, "153->152": 12, "153->155": 1, "155->153": 12, "158->159": 2, "159->158": 3, "162->163": 2, "163->162": 3, "165->172": 6, "172->165": 6, "166->167": 1, "167->166": 12, "167->170": 1, "170->167": 12, "168->169": 2, "169->168": 3, "173->187": 10, "187->173": 11, "174->176": 1, "176->174": 12, "177->178": 1, "178->177": 12, "179->180": 1, "180->179": 12, "180->183": 1, "183->180": 12, "183->186": 1, "186->183": 12, "181->182": 2, "182->181": 3, "184->185": 2, "185->184": 3, "188->194": 6, "194->188": 6, "194->210": 1, "210->194": 12, "189->190": 2, "190->189": 3, "190->191": 1, "191->190": 12, "191->193": 1, "193->191": 12, "197->199": 1, "199->197": 12, "200->209": 1, "209->200": 12, "201->202": 1, "202->201": 12, "202->208": 1, "208->202": 12, "203->204": 1, "204->203": 12, "204->206": 1, "206->204": 12, "213->215": 1, "215->213": 12, "216->221": 1, "221->216": 12, "217->218": 1, "218->217": 12, "218->220": 1, "220->218": 12, "223->226": 1, "226->223": 12, "224->225": 2, "225->224": 3, "228->230": 1, "230->228": 12, "233->236": 1, "236->233": 12, "234->235": 2, "235->234": 3, "238->240": 1, "240->238": 12, "105->127": 7, "127->105": 7, "188->210": 7, "210->188": 7, "2->4": 2, "4->2": 3, "4->5": 2, "5->4": 3, "5->8": 2, "8->5": 3, "8->10": 2, "10->8": 3, "10->11": 2, "11->10": 3, "11->14": 2, "14->11": 3, "14->15": 2, "15->14": 3, "15->16": 2, "16->15": 3, "16->19": 2, "19->16": 3, "19->21": 2, "21->19": 3, "21->23": 2, "23->21": 3, "24->28": 2, "28->24": 3, "28->32": 2, "32->28": 3, "32->34": 2, "34->32": 3, "34->37": 2, "37->34": 3, "37->39": 2, "39->37": 3, "39->42": 2, "42->39": 3, "42->45": 2, "45->42": 3, "45->47": 2, "47->45": 3, "47->49": 2, "49->47": 3, "49->51": 2, "51->49": 3, "52->54": 2, "54->52": 3, "54->57": 2, "57->54": 3, "57->59": 2, "59->57": 3, "59->61": 2, "61->59": 3, "61->62": 2, "62->61": 3, "62->63": 2, "63->62": 3, "63->65": 2, "65->63": 3, "65->69": 2, "69->65": 3, "69->71": 2, "71->69": 3, "71->73": 2, "73->71": 3, "73->77": 2, "77->73": 3, "77->79": 2, "79->77": 3, "80->82": 2, "82->80": 3, "82->87": 2, "87->82": 3, "87->89": 2, "89->87": 3, "89->92": 2, "92->89": 3, "92->94": 2, "94->92": 3, "94->96": 2, "96->94": 3, "96->98": 2, "98->96": 3, "99->101": 2, "101->99": 3, "102->103": 2, "103->102": 3, "103->106": 2, "106->103": 3, "107->109": 2, "109->107": 3, "109->110": 2, "110->109": 3, "110->115": 2, "115->110": 3, "115->118": 2, "118->115": 3, "118->120": 2, "120->118": 3, "120->122": 2, "122->120": 3, "122->124": 2, "124->122": 3, "124->125": 2, "125->124": 3, "125->126": 2, "126->125": 3, "126->131": 2, "131->126": 3, "131->134": 2, "134->131": 3, "134->136": 2, "136->134": 3, "136->137": 2, "137->136": 3, "137->138": 2, "138->137": 3, "138->141": 2, "141->138": 3, "141->143": 2, "143->141": 3, "143->144": 2, "144->143": 3, "144->147": 2, "147->144": 3, "148->149": 2, "149->148": 3, "149->152": 2, "152->149": 3, "152->154": 2, "154->152": 3, "154->155": 2, "155->154": 3, "155->158": 2, "158->155": 3, "159->162": 2, "162->159": 3, "163->166": 2, "166->163": 3, "166->168": 2, "168->166": 3, "169->171": 2, "171->169": 3, "171->175": 2, "175->171": 3, "175->177": 2, "177->175": 3, "177->179": 2, "179->177": 3, "179->181": 2, "181->179": 3, "182->184": 2, "184->182": 3, "185->186": 2, "186->185": 3, "186->189": 2, "189->186": 3, "190->192": 2, "192->190": 3, "192->193": 2, "193->192": 3, "193->198": 2, "198->193": 3, "198->201": 2, "201->198": 3, "201->203": 2, "203->201": 3, "203->205": 2, "205->203": 3, "205->207": 2, "207->205": 3, "207->208": 2, "208->207": 3, "208->209": 2, "209->208": 3, "209->214": 2, "214->209": 3, "214->217": 2, "217->214": 3, "217->219": 2, "219->217": 3, "219->220": 2, "220->219": 3, "220->221": 2, "221->220": 3, "221->224": 2, "224->221": 3, "225->229": 2, "229->225": 3, "229->231": 2, "231->229": 3, "231->234": 2, "234->231": 3, "235->239": 2, "239->235": 3, "239->241": 2, "241->239": 3, "241->244": 2, "244->241": 3, "21->28": 4, "28->21": 5, "28->49": 4, "49->28": 5, "49->61": 4, "61->49": 5, "61->148": 4, "148->61": 5, "148->159": 4, "159->148": 5, "159->163": 4, "163->159": 5, "163->244": 4, "244->163": 5, "57->71": 4, "71->57": 5, "71->154": 4, "154->71": 5, "102->185": 4, "185->102": 5, "115->131": 4, "131->115": 5, "131->198": 4, "198->131": 5, "198->214": 4, "214->198": 5, "122->136": 4, "136->122": 5, "136->205": 4, "205->136": 5, "205->219": 4, "219->205": 5, "231->241": 4, "241->231": 5}, "metrics": [45.0, 8.0, 2.0]}