{"nodelist": ["MethodDeclaration", "{'public'}", "public", "BasicType", "boolean", "tableFieldsEqual", "FormalParameter", "ReferenceType", "TablePermission", "other", "IfStatement", "BinaryOperation", "&&", "BinaryOperation", "&&", "BinaryOperation", "&&", "BinaryOperation", "||", "BinaryOperation", "&&", "BinaryOperation", "==", "MemberReference", "table", "Literal", "null", "BinaryOperation", "==", "MethodInvocation", "other", "getTableName", "Literal", "null", "BinaryOperation", "&&", "BinaryOperation", "!=", "MemberReference", "table", "Literal", "null", "MethodInvocation", "table", "MethodInvocation", "other", "getTableName", "equals", "BinaryOperation", "||", "BinaryOperation", "&&", "BinaryOperation", "==", "MemberReference", "family", "Literal", "null", "BinaryOperation", "==", "MethodInvocation", "other", "getFamily", "Literal", "null", "MethodInvocation", "Bytes", "MemberReference", "family", "MethodInvocation", "other", "getFamily", "equals", "BinaryOperation", "||", "BinaryOperation", "&&", "BinaryOperation", "==", "MemberReference", "qualifier", "Literal", "null", "BinaryOperation", "==", "MethodInvocation", "other", "getQualifier", "Literal", "null", "MethodInvocation", "Bytes", "MemberReference", "qualifier", "MethodInvocation", "other", "getQualifier", "equals", "BinaryOperation", "||", "BinaryOperation", "&&", "BinaryOperation", "==", "MemberReference", "namespace", "Literal", "null", "BinaryOperation", "==", "MethodInvocation", "other", "getNamespace", "Literal", "null", "BinaryOperation", "&&", "BinaryOperation", "!=", "MemberReference", "namespace", "Literal", "null", "MethodInvocation", "namespace", "MethodInvocation", "other", "getNamespace", "equals", "BlockStatement", "ReturnStatement", "Literal", "false", "ReturnStatement", "Literal", "true"], "nodes": {"0": "MethodDeclaration", "1": "Modifier", "2": "public", "3": "BasicType", "4": "boolean", "5": "tableFieldsEqual", "6": "FormalParameter", "7": "ReferenceType", "8": "TablePermission", "9": "other", "10": "IfStatement", "11": "BinaryOperation", "12": "&&", "13": "BinaryOperation", "14": "&&", "15": "BinaryOperation", "16": "&&", "17": "BinaryOperation", "18": "||", "19": "BinaryOperation", "20": "&&", "21": "BinaryOperation", "22": "==", "23": "MemberReference", "24": "table", "25": "Literal", "26": "null", "27": "BinaryOperation", "28": "==", "29": "MethodInvocation", "30": "other", "31": "getTableName", "32": "Literal", "33": "null", "34": "BinaryOperation", "35": "&&", "36": "BinaryOperation", "37": "!=", "38": "MemberReference", "39": "table", "40": "Literal", "41": "null", "42": "MethodInvocation", "43": "table", "44": "MethodInvocation", "45": "other", "46": "getTableName", "47": "equals", "48": "BinaryOperation", "49": "||", "50": "BinaryOperation", "51": "&&", "52": "BinaryOperation", "53": "==", "54": "MemberReference", "55": "family", "56": "Literal", "57": "null", "58": "BinaryOperation", "59": "==", "60": "MethodInvocation", "61": "other", "62": "getFamily", "63": "Literal", "64": "null", "65": "MethodInvocation", "66": "Bytes", "67": "MemberReference", "68": "family", "69": "MethodInvocation", "70": "other", "71": "getFamily", "72": "equals", "73": "BinaryOperation", "74": "||", "75": "BinaryOperation", "76": "&&", "77": "BinaryOperation", "78": "==", "79": "MemberReference", "80": "qualifier", "81": "Literal", "82": "null", "83": "BinaryOperation", "84": "==", "85": "MethodInvocation", "86": "other", "87": "getQualifier", "88": "Literal", "89": "null", "90": "MethodInvocation", "91": "Bytes", "92": "MemberReference", "93": "qualifier", "94": "MethodInvocation", "95": "other", "96": "getQualifier", "97": "equals", "98": "BinaryOperation", "99": "||", "100": "BinaryOperation", "101": "&&", "102": "BinaryOperation", "103": "==", "104": "MemberReference", "105": "namespace", "106": "Literal", "107": "null", "108": "BinaryOperation", "109": "==", "110": "MethodInvocation", "111": "other", "112": "getNamespace", "113": "Literal", "114": "null", "115": "BinaryOperation", "116": "&&", "117": "BinaryOperation", "118": "!=", "119": "MemberReference", "120": "namespace", "121": "Literal", "122": "null", "123": "MethodInvocation", "124": "namespace", "125": "MethodInvocation", "126": "other", "127": "getNamespace", "128": "equals", "129": "BlockStatement", "130": "ReturnStatement", "131": "Literal", "132": "false", "133": "ReturnStatement", "134": "Literal", "135": "true"}, "edges": {"0->1": 0, "1->0": 0, "1->2": 0, "2->1": 0, "0->3": 0, "3->0": 0, "3->4": 0, "4->3": 0, "0->5": 0, "5->0": 0, "0->6": 0, "6->0": 0, "6->7": 0, "7->6": 0, "7->8": 0, "8->7": 0, "6->9": 0, "9->6": 0, "0->10": 0, "10->0": 0, "10->11": 0, "11->10": 0, "11->12": 0, "12->11": 0, "11->13": 0, "13->11": 0, "13->14": 0, "14->13": 0, "13->15": 0, "15->13": 0, "15->16": 0, "16->15": 0, "15->17": 0, "17->15": 0, "17->18": 0, "18->17": 0, "17->19": 0, "19->17": 0, "19->20": 0, "20->19": 0, "19->21": 0, "21->19": 0, "21->22": 0, "22->21": 0, "21->23": 0, "23->21": 0, "23->24": 0, "24->23": 0, "21->25": 0, "25->21": 0, "25->26": 0, "26->25": 0, "19->27": 0, "27->19": 0, "27->28": 0, "28->27": 0, "27->29": 0, "29->27": 0, "29->30": 0, "30->29": 0, "29->31": 0, "31->29": 0, "27->32": 0, "32->27": 0, "32->33": 0, "33->32": 0, "17->34": 0, "34->17": 0, "34->35": 0, "35->34": 0, "34->36": 0, "36->34": 0, "36->37": 0, "37->36": 0, "36->38": 0, "38->36": 0, "38->39": 0, "39->38": 0, "36->40": 0, "40->36": 0, "40->41": 0, "41->40": 0, "34->42": 0, "42->34": 0, "42->43": 0, "43->42": 0, "42->44": 0, "44->42": 0, "44->45": 0, "45->44": 0, "44->46": 0, "46->44": 0, "42->47": 0, "47->42": 0, "15->48": 0, "48->15": 0, "48->49": 0, "49->48": 0, "48->50": 0, "50->48": 0, "50->51": 0, "51->50": 0, "50->52": 0, "52->50": 0, "52->53": 0, "53->52": 0, "52->54": 0, "54->52": 0, "54->55": 0, "55->54": 0, "52->56": 0, "56->52": 0, "56->57": 0, "57->56": 0, "50->58": 0, "58->50": 0, "58->59": 0, "59->58": 0, "58->60": 0, "60->58": 0, "60->61": 0, "61->60": 0, "60->62": 0, "62->60": 0, "58->63": 0, "63->58": 0, "63->64": 0, "64->63": 0, "48->65": 0, "65->48": 0, "65->66": 0, "66->65": 0, "65->67": 0, "67->65": 0, "67->68": 0, "68->67": 0, "65->69": 0, "69->65": 0, "69->70": 0, "70->69": 0, "69->71": 0, "71->69": 0, "65->72": 0, "72->65": 0, "13->73": 0, "73->13": 0, "73->74": 0, "74->73": 0, "73->75": 0, "75->73": 0, "75->76": 0, "76->75": 0, "75->77": 0, "77->75": 0, "77->78": 0, "78->77": 0, "77->79": 0, "79->77": 0, "79->80": 0, "80->79": 0, "77->81": 0, "81->77": 0, "81->82": 0, "82->81": 0, "75->83": 0, "83->75": 0, "83->84": 0, "84->83": 0, "83->85": 0, "85->83": 0, "85->86": 0, "86->85": 0, "85->87": 0, "87->85": 0, "83->88": 0, "88->83": 0, "88->89": 0, "89->88": 0, "73->90": 0, "90->73": 0, "90->91": 0, "91->90": 0, "90->92": 0, "92->90": 0, "92->93": 0, "93->92": 0, "90->94": 0, "94->90": 0, "94->95": 0, "95->94": 0, "94->96": 0, "96->94": 0, "90->97": 0, "97->90": 0, "11->98": 0, "98->11": 0, "98->99": 0, "99->98": 0, "98->100": 0, "100->98": 0, "100->101": 0, "101->100": 0, "100->102": 0, "102->100": 0, "102->103": 0, "103->102": 0, "102->104": 0, "104->102": 0, "104->105": 0, "105->104": 0, "102->106": 0, "106->102": 0, "106->107": 0, "107->106": 0, "100->108": 0, "108->100": 0, "108->109": 0, "109->108": 0, "108->110": 0, "110->108": 0, "110->111": 0, "111->110": 0, "110->112": 0, "112->110": 0, "108->113": 0, "113->108": 0, "113->114": 0, "114->113": 0, "98->115": 0, "115->98": 0, "115->116": 0, "116->115": 0, "115->117": 0, "117->115": 0, "117->118": 0, "118->117": 0, "117->119": 0, "119->117": 0, "119->120": 0, "120->119": 0, "117->121": 0, "121->117": 0, "121->122": 0, "122->121": 0, "115->123": 0, "123->115": 0, "123->124": 0, "124->123": 0, "123->125": 0, "125->123": 0, "125->126": 0, "126->125": 0, "125->127": 0, "127->125": 0, "123->128": 0, "128->123": 0, "10->129": 0, "129->10": 0, "129->130": 0, "130->129": 0, "130->131": 0, "131->130": 0, "131->132": 0, "132->131": 0, "0->133": 0, "133->0": 0, "133->134": 0, "134->133": 0, "134->135": 0, "135->134": 0, "1->3": 1, "3->1": 12, "3->5": 1, "5->3": 12, "5->6": 1, "6->5": 12, "6->10": 1, "10->6": 12, "10->133": 1, "133->10": 12, "7->9": 1, "9->7": 12, "11->129": 6, "129->11": 6, "12->13": 1, "13->12": 12, "13->98": 1, "98->13": 12, "14->15": 1, "15->14": 12, "15->73": 1, "73->15": 12, "16->17": 1, "17->16": 12, "17->48": 1, "48->17": 12, "18->19": 1, "19->18": 12, "19->34": 1, "34->19": 12, "20->21": 1, "21->20": 12, "21->27": 1, "27->21": 12, "22->23": 1, "23->22": 12, "23->25": 1, "25->23": 12, "28->29": 1, "29->28": 12, "29->32": 1, "32->29": 12, "30->31": 2, "31->30": 3, "35->36": 1, "36->35": 12, "36->42": 1, "42->36": 12, "37->38": 1, "38->37": 12, "38->40": 1, "40->38": 12, "43->44": 1, "44->43": 12, "44->47": 1, "47->44": 12, "45->46": 2, "46->45": 3, "49->50": 1, "50->49": 12, "50->65": 1, "65->50": 12, "51->52": 1, "52->51": 12, "52->58": 1, "58->52": 12, "53->54": 1, "54->53": 12, "54->56": 1, "56->54": 12, "59->60": 1, "60->59": 12, "60->63": 1, "63->60": 12, "61->62": 2, "62->61": 3, "66->67": 1, "67->66": 12, "67->69": 1, "69->67": 12, "69->72": 1, "72->69": 12, "70->71": 2, "71->70": 3, "74->75": 1, "75->74": 12, "75->90": 1, "90->75": 12, "76->77": 1, "77->76": 12, "77->83": 1, "83->77": 12, "78->79": 1, "79->78": 12, "79->81": 1, "81->79": 12, "84->85": 1, "85->84": 12, "85->88": 1, "88->85": 12, "86->87": 2, "87->86": 3, "91->92": 1, "92->91": 12, "92->94": 1, "94->92": 12, "94->97": 1, "97->94": 12, "95->96": 2, "96->95": 3, "99->100": 1, "100->99": 12, "100->115": 1, "115->100": 12, "101->102": 1, "102->101": 12, "102->108": 1, "108->102": 12, "103->104": 1, "104->103": 12, "104->106": 1, "106->104": 12, "109->110": 1, "110->109": 12, "110->113": 1, "113->110": 12, "111->112": 2, "112->111": 3, "116->117": 1, "117->116": 12, "117->123": 1, "123->117": 12, "118->119": 1, "119->118": 12, "119->121": 1, "121->119": 12, "124->125": 1, "125->124": 12, "125->128": 1, "128->125": 12, "126->127": 2, "127->126": 3, "2->4": 2, "4->2": 3, "4->5": 2, "5->4": 3, "5->8": 2, "8->5": 3, "8->9": 2, "9->8": 3, "9->12": 2, "12->9": 3, "12->14": 2, "14->12": 3, "14->16": 2, "16->14": 3, "16->18": 2, "18->16": 3, "18->20": 2, "20->18": 3, "20->22": 2, "22->20": 3, "22->24": 2, "24->22": 3, "24->26": 2, "26->24": 3, "26->28": 2, "28->26": 3, "28->30": 2, "30->28": 3, "31->33": 2, "33->31": 3, "33->35": 2, "35->33": 3, "35->37": 2, "37->35": 3, "37->39": 2, "39->37": 3, "39->41": 2, "41->39": 3, "41->43": 2, "43->41": 3, "43->45": 2, "45->43": 3, "46->47": 2, "47->46": 3, "47->49": 2, "49->47": 3, "49->51": 2, "51->49": 3, "51->53": 2, "53->51": 3, "53->55": 2, "55->53": 3, "55->57": 2, "57->55": 3, "57->59": 2, "59->57": 3, "59->61": 2, "61->59": 3, "62->64": 2, "64->62": 3, "64->66": 2, "66->64": 3, "66->68": 2, "68->66": 3, "68->70": 2, "70->68": 3, "71->72": 2, "72->71": 3, "72->74": 2, "74->72": 3, "74->76": 2, "76->74": 3, "76->78": 2, "78->76": 3, "78->80": 2, "80->78": 3, "80->82": 2, "82->80": 3, "82->84": 2, "84->82": 3, "84->86": 2, "86->84": 3, "87->89": 2, "89->87": 3, "89->91": 2, "91->89": 3, "91->93": 2, "93->91": 3, "93->95": 2, "95->93": 3, "96->97": 2, "97->96": 3, "97->99": 2, "99->97": 3, "99->101": 2, "101->99": 3, "101->103": 2, "103->101": 3, "103->105": 2, "105->103": 3, "105->107": 2, "107->105": 3, "107->109": 2, "109->107": 3, "109->111": 2, "111->109": 3, "112->114": 2, "114->112": 3, "114->116": 2, "116->114": 3, "116->118": 2, "118->116": 3, "118->120": 2, "120->118": 3, "120->122": 2, "122->120": 3, "122->124": 2, "124->122": 3, "124->126": 2, "126->124": 3, "127->128": 2, "128->127": 3, "128->132": 2, "132->128": 3, "132->135": 2, "135->132": 3, "24->39": 4, "39->24": 5, "55->68": 4, "68->55": 5, "80->93": 4, "93->80": 5, "105->120": 4, "120->105": 5}, "metrics": [6.0, 2.0, 1.0]}