{"nodelist": ["MethodDeclaration", "{'public'}", "public", "setFieldValue", "FormalParameter", "ReferenceType", "_Fields", "field", "FormalParameter", "Annotation", "org.apache.thrift.annotation.Nullable", "ReferenceType", "java", "ReferenceType", "lang", "ReferenceType", "Object", "value", "SwitchStatement", "MemberReference", "field", "SwitchStatementCase", "TABLE_NAME", "IfStatement", "BinaryOperation", "==", "MemberReference", "value", "Literal", "null", "BlockStatement", "StatementExpression", "MethodInvocation", "unsetTableName", "BlockStatement", "IfStatement", "BinaryOperation", "instanceof", "MemberReference", "value", "BasicType", "byte", "BlockStatement", "StatementExpression", "MethodInvocation", "Cast", "BasicType", "byte", "MemberReference", "value", "setTableName", "BlockStatement", "StatementExpression", "MethodInvocation", "Cast", "ReferenceType", "java", "ReferenceType", "nio", "ReferenceType", "ByteBuffer", "MemberReference", "value", "setTableName", "BreakStatement", "SwitchStatementCase", "ROW_BATCHES", "IfStatement", "BinaryOperation", "==", "MemberReference", "value", "Literal", "null", "BlockStatement", "StatementExpression", "MethodInvocation", "unsetRowBatches", "BlockStatement", "StatementExpression", "MethodInvocation", "Cast", "ReferenceType", "java", "ReferenceType", "util", "ReferenceType", "List", "TypeArgument", "ReferenceType", "BatchMutation", "MemberReference", "value", "setRowBatches", "BreakStatement", "SwitchStatementCase", "ATTRIBUTES", "IfStatement", "BinaryOperation", "==", "MemberReference", "value", "Literal", "null", "BlockStatement", "StatementExpression", "MethodInvocation", "unsetAttributes", "BlockStatement", "StatementExpression", "MethodInvocation", "Cast", "ReferenceType", "java", "ReferenceType", "util", "ReferenceType", "Map", "TypeArgument", "ReferenceType", "java", "ReferenceType", "nio", "ReferenceType", "ByteBuffer", "TypeArgument", "ReferenceType", "java", "ReferenceType", "nio", "ReferenceType", "ByteBuffer", "MemberReference", "value", "setAttributes", "BreakStatement"], "nodes": {"0": "MethodDeclaration", "1": "Modifier", "2": "public", "3": "setFieldValue", "4": "FormalParameter", "5": "ReferenceType", "6": "_Fields", "7": "field", "8": "FormalParameter", "9": "Annotation", "10": "org.apache.thrift.annotation.Nullable", "11": "ReferenceType", "12": "java", "13": "ReferenceType", "14": "lang", "15": "ReferenceType", "16": "Object", "17": "value", "18": "SwitchStatement", "19": "MemberReference", "20": "field", "21": "SwitchStatementCase", "22": "TABLE_NAME", "23": "IfStatement", "24": "BinaryOperation", "25": "==", "26": "MemberReference", "27": "value", "28": "Literal", "29": "null", "30": "BlockStatement", "31": "StatementExpression", "32": "MethodInvocation", "33": "unsetTableName", "34": "BlockStatement", "35": "IfStatement", "36": "BinaryOperation", "37": "instanceof", "38": "MemberReference", "39": "value", "40": "BasicType", "41": "byte", "42": "BlockStatement", "43": "StatementExpression", "44": "MethodInvocation", "45": "Cast", "46": "BasicType", "47": "byte", "48": "MemberReference", "49": "value", "50": "setTableName", "51": "BlockStatement", "52": "StatementExpression", "53": "MethodInvocation", "54": "Cast", "55": "ReferenceType", "56": "java", "57": "ReferenceType", "58": "nio", "59": "ReferenceType", "60": "ByteBuffer", "61": "MemberReference", "62": "value", "63": "setTableName", "64": "BreakStatement", "65": "SwitchStatementCase", "66": "ROW_BATCHES", "67": "IfStatement", "68": "BinaryOperation", "69": "==", "70": "MemberReference", "71": "value", "72": "Literal", "73": "null", "74": "BlockStatement", "75": "StatementExpression", "76": "MethodInvocation", "77": "unsetRowBatches", "78": "BlockStatement", "79": "StatementExpression", "80": "MethodInvocation", "81": "Cast", "82": "ReferenceType", "83": "java", "84": "ReferenceType", "85": "util", "86": "ReferenceType", "87": "List", "88": "TypeArgument", "89": "ReferenceType", "90": "BatchMutation", "91": "MemberReference", "92": "value", "93": "setRowBatches", "94": "BreakStatement", "95": "SwitchStatementCase", "96": "ATTRIBUTES", "97": "IfStatement", "98": "BinaryOperation", "99": "==", "100": "MemberReference", "101": "value", "102": "Literal", "103": "null", "104": "BlockStatement", "105": "StatementExpression", "106": "MethodInvocation", "107": "unsetAttributes", "108": "BlockStatement", "109": "StatementExpression", "110": "MethodInvocation", "111": "Cast", "112": "ReferenceType", "113": "java", "114": "ReferenceType", "115": "util", "116": "ReferenceType", "117": "Map", "118": "TypeArgument", "119": "ReferenceType", "120": "java", "121": "ReferenceType", "122": "nio", "123": "ReferenceType", "124": "ByteBuffer", "125": "TypeArgument", "126": "ReferenceType", "127": "java", "128": "ReferenceType", "129": "nio", "130": "ReferenceType", "131": "ByteBuffer", "132": "MemberReference", "133": "value", "134": "setAttributes", "135": "BreakStatement"}, "edges": {"0->1": 0, "1->0": 0, "1->2": 0, "2->1": 0, "0->3": 0, "3->0": 0, "0->4": 0, "4->0": 0, "4->5": 0, "5->4": 0, "5->6": 0, "6->5": 0, "4->7": 0, "7->4": 0, "0->8": 0, "8->0": 0, "8->9": 0, "9->8": 0, "9->10": 0, "10->9": 0, "8->11": 0, "11->8": 0, "11->12": 0, "12->11": 0, "11->13": 0, "13->11": 0, "13->14": 0, "14->13": 0, "13->15": 0, "15->13": 0, "15->16": 0, "16->15": 0, "8->17": 0, "17->8": 0, "0->18": 0, "18->0": 0, "18->19": 0, "19->18": 0, "19->20": 0, "20->19": 0, "18->21": 0, "21->18": 0, "21->22": 0, "22->21": 0, "21->23": 0, "23->21": 0, "23->24": 0, "24->23": 0, "24->25": 0, "25->24": 0, "24->26": 0, "26->24": 0, "26->27": 0, "27->26": 0, "24->28": 0, "28->24": 0, "28->29": 0, "29->28": 0, "23->30": 0, "30->23": 0, "30->31": 0, "31->30": 0, "31->32": 0, "32->31": 0, "32->33": 0, "33->32": 0, "23->34": 0, "34->23": 0, "34->35": 0, "35->34": 0, "35->36": 0, "36->35": 0, "36->37": 0, "37->36": 0, "36->38": 0, "38->36": 0, "38->39": 0, "39->38": 0, "36->40": 0, "40->36": 0, "40->41": 0, "41->40": 0, "35->42": 0, "42->35": 0, "42->43": 0, "43->42": 0, "43->44": 0, "44->43": 0, "44->45": 0, "45->44": 0, "45->46": 0, "46->45": 0, "46->47": 0, "47->46": 0, "45->48": 0, "48->45": 0, "48->49": 0, "49->48": 0, "44->50": 0, "50->44": 0, "35->51": 0, "51->35": 0, "51->52": 0, "52->51": 0, "52->53": 0, "53->52": 0, "53->54": 0, "54->53": 0, "54->55": 0, "55->54": 0, "55->56": 0, "56->55": 0, "55->57": 0, "57->55": 0, "57->58": 0, "58->57": 0, "57->59": 0, "59->57": 0, "59->60": 0, "60->59": 0, "54->61": 0, "61->54": 0, "61->62": 0, "62->61": 0, "53->63": 0, "63->53": 0, "21->64": 0, "64->21": 0, "18->65": 0, "65->18": 0, "65->66": 0, "66->65": 0, "65->67": 0, "67->65": 0, "67->68": 0, "68->67": 0, "68->69": 0, "69->68": 0, "68->70": 0, "70->68": 0, "70->71": 0, "71->70": 0, "68->72": 0, "72->68": 0, "72->73": 0, "73->72": 0, "67->74": 0, "74->67": 0, "74->75": 0, "75->74": 0, "75->76": 0, "76->75": 0, "76->77": 0, "77->76": 0, "67->78": 0, "78->67": 0, "78->79": 0, "79->78": 0, "79->80": 0, "80->79": 0, "80->81": 0, "81->80": 0, "81->82": 0, "82->81": 0, "82->83": 0, "83->82": 0, "82->84": 0, "84->82": 0, "84->85": 0, "85->84": 0, "84->86": 0, "86->84": 0, "86->87": 0, "87->86": 0, "86->88": 0, "88->86": 0, "88->89": 0, "89->88": 0, "89->90": 0, "90->89": 0, "81->91": 0, "91->81": 0, "91->92": 0, "92->91": 0, "80->93": 0, "93->80": 0, "65->94": 0, "94->65": 0, "18->95": 0, "95->18": 0, "95->96": 0, "96->95": 0, "95->97": 0, "97->95": 0, "97->98": 0, "98->97": 0, "98->99": 0, "99->98": 0, "98->100": 0, "100->98": 0, "100->101": 0, "101->100": 0, "98->102": 0, "102->98": 0, "102->103": 0, "103->102": 0, "97->104": 0, "104->97": 0, "104->105": 0, "105->104": 0, "105->106": 0, "106->105": 0, "106->107": 0, "107->106": 0, "97->108": 0, "108->97": 0, "108->109": 0, "109->108": 0, "109->110": 0, "110->109": 0, "110->111": 0, "111->110": 0, "111->112": 0, "112->111": 0, "112->113": 0, "113->112": 0, "112->114": 0, "114->112": 0, "114->115": 0, "115->114": 0, "114->116": 0, "116->114": 0, "116->117": 0, "117->116": 0, "116->118": 0, "118->116": 0, "118->119": 0, "119->118": 0, "119->120": 0, "120->119": 0, "119->121": 0, "121->119": 0, "121->122": 0, "122->121": 0, "121->123": 0, "123->121": 0, "123->124": 0, "124->123": 0, "116->125": 0, "125->116": 0, "125->126": 0, "126->125": 0, "126->127": 0, "127->126": 0, "126->128": 0, "128->126": 0, "128->129": 0, "129->128": 0, "128->130": 0, "130->128": 0, "130->131": 0, "131->130": 0, "111->132": 0, "132->111": 0, "132->133": 0, "133->132": 0, "110->134": 0, "134->110": 0, "95->135": 0, "135->95": 0, "1->3": 1, "3->1": 12, "3->4": 1, "4->3": 12, "4->8": 1, "8->4": 12, "8->18": 1, "18->8": 12, "5->7": 1, "7->5": 12, "9->11": 1, "11->9": 12, "11->17": 1, "17->11": 12, "12->13": 1, "13->12": 12, "14->15": 1, "15->14": 12, "19->21": 1, "21->19": 12, "21->65": 1, "65->21": 12, "65->95": 1, "95->65": 12, "22->23": 1, "23->22": 12, "23->64": 1, "64->23": 12, "24->30": 6, "30->24": 6, "30->34": 1, "34->30": 12, "25->26": 1, "26->25": 12, "26->28": 1, "28->26": 12, "36->42": 6, "42->36": 6, "42->51": 1, "51->42": 12, "37->38": 1, "38->37": 12, "38->40": 1, "40->38": 12, "45->50": 1, "50->45": 12, "46->48": 1, "48->46": 12, "54->63": 1, "63->54": 12, "55->61": 1, "61->55": 12, "56->57": 1, "57->56": 12, "58->59": 1, "59->58": 12, "66->67": 1, "67->66": 12, "67->94": 1, "94->67": 12, "68->74": 6, "74->68": 6, "74->78": 1, "78->74": 12, "69->70": 1, "70->69": 12, "70->72": 1, "72->70": 12, "81->93": 1, "93->81": 12, "82->91": 1, "91->82": 12, "83->84": 1, "84->83": 12, "85->86": 1, "86->85": 12, "87->88": 1, "88->87": 12, "96->97": 1, "97->96": 12, "97->135": 1, "135->97": 12, "98->104": 6, "104->98": 6, "104->108": 1, "108->104": 12, "99->100": 1, "100->99": 12, "100->102": 1, "102->100": 12, "111->134": 1, "134->111": 12, "112->132": 1, "132->112": 12, "113->114": 1, "114->113": 12, "115->116": 1, "116->115": 12, "117->118": 1, "118->117": 12, "118->125": 1, "125->118": 12, "120->121": 1, "121->120": 12, "122->123": 1, "123->122": 12, "127->128": 1, "128->127": 12, "129->130": 1, "130->129": 12, "24->34": 7, "34->24": 7, "36->51": 7, "51->36": 7, "68->78": 7, "78->68": 7, "98->108": 7, "108->98": 7, "2->3": 2, "3->2": 3, "3->6": 2, "6->3": 3, "6->7": 2, "7->6": 3, "7->10": 2, "10->7": 3, "10->12": 2, "12->10": 3, "12->14": 2, "14->12": 3, "14->16": 2, "16->14": 3, "16->17": 2, "17->16": 3, "17->20": 2, "20->17": 3, "20->22": 2, "22->20": 3, "22->25": 2, "25->22": 3, "25->27": 2, "27->25": 3, "27->29": 2, "29->27": 3, "29->33": 2, "33->29": 3, "33->37": 2, "37->33": 3, "37->39": 2, "39->37": 3, "39->41": 2, "41->39": 3, "41->47": 2, "47->41": 3, "47->49": 2, "49->47": 3, "49->50": 2, "50->49": 3, "50->56": 2, "56->50": 3, "56->58": 2, "58->56": 3, "58->60": 2, "60->58": 3, "60->62": 2, "62->60": 3, "62->63": 2, "63->62": 3, "63->64": 2, "64->63": 3, "64->66": 2, "66->64": 3, "66->69": 2, "69->66": 3, "69->71": 2, "71->69": 3, "71->73": 2, "73->71": 3, "73->77": 2, "77->73": 3, "77->83": 2, "83->77": 3, "83->85": 2, "85->83": 3, "85->87": 2, "87->85": 3, "87->90": 2, "90->87": 3, "90->92": 2, "92->90": 3, "92->93": 2, "93->92": 3, "93->94": 2, "94->93": 3, "94->96": 2, "96->94": 3, "96->99": 2, "99->96": 3, "99->101": 2, "101->99": 3, "101->103": 2, "103->101": 3, "103->107": 2, "107->103": 3, "107->113": 2, "113->107": 3, "113->115": 2, "115->113": 3, "115->117": 2, "117->115": 3, "117->120": 2, "120->117": 3, "120->122": 2, "122->120": 3, "122->124": 2, "124->122": 3, "124->127": 2, "127->124": 3, "127->129": 2, "129->127": 3, "129->131": 2, "131->129": 3, "131->133": 2, "133->131": 3, "133->134": 2, "134->133": 3, "134->135": 2, "135->134": 3, "27->39": 4, "39->27": 5, "39->49": 4, "49->39": 5, "49->62": 4, "62->49": 5, "62->71": 4, "71->62": 5, "71->92": 4, "92->71": 5, "92->101": 4, "101->92": 5, "101->133": 4, "133->101": 5}, "metrics": [33.0, 8.0, 2.0]}