{"nodelist": ["MethodDeclaration", "{'public'}", "public", "Annotation", "Override", "ReferenceType", "Class", "TypeArgument", "?", "loadClass", "FormalParameter", "ReferenceType", "String", "name", "ClassNotFoundException", "TryStatement", "ReturnStatement", "MethodInvocation", "parent", "MemberReference", "name", "loadClass", "CatchClause", "CatchClauseParameter", "ClassNotFoundException", "e", "IfStatement", "MethodInvocation", "LOG", "isDebugEnabled", "BlockStatement", "StatementExpression", "MethodInvocation", "LOG", "BinaryOperation", "+", "BinaryOperation", "+", "Literal", "\"Class \"", "MemberReference", "name", "Literal", "\" not found - using dynamical class loader\"", "debug", "IfStatement", "MemberReference", "useDynamicJars", "BlockStatement", "ReturnStatement", "MethodInvocation", "MemberReference", "name", "tryRefreshClass", "ThrowStatement", "MemberReference", "e"], "nodes": {"0": "MethodDeclaration", "1": "Modifier", "2": "public", "3": "Annotation", "4": "Override", "5": "ReferenceType", "6": "Class", "7": "TypeArgument", "8": "?", "9": "loadClass", "10": "FormalParameter", "11": "ReferenceType", "12": "String", "13": "name", "14": "ClassNotFoundException", "15": "TryStatement", "16": "ReturnStatement", "17": "MethodInvocation", "18": "parent", "19": "MemberReference", "20": "name", "21": "loadClass", "22": "CatchClause", "23": "CatchClauseParameter", "24": "ClassNotFoundException", "25": "e", "26": "IfStatement", "27": "MethodInvocation", "28": "LOG", "29": "isDebugEnabled", "30": "BlockStatement", "31": "StatementExpression", "32": "MethodInvocation", "33": "LOG", "34": "BinaryOperation", "35": "+", "36": "BinaryOperation", "37": "+", "38": "Literal", "39": "\"Class \"", "40": "MemberReference", "41": "name", "42": "Literal", "43": "\" not found - using dynamical class loader\"", "44": "debug", "45": "IfStatement", "46": "MemberReference", "47": "useDynamicJars", "48": "BlockStatement", "49": "ReturnStatement", "50": "MethodInvocation", "51": "MemberReference", "52": "name", "53": "tryRefreshClass", "54": "ThrowStatement", "55": "MemberReference", "56": "e"}, "edges": {"0->1": 0, "1->0": 0, "1->2": 0, "2->1": 0, "0->3": 0, "3->0": 0, "3->4": 0, "4->3": 0, "0->5": 0, "5->0": 0, "5->6": 0, "6->5": 0, "5->7": 0, "7->5": 0, "7->8": 0, "8->7": 0, "0->9": 0, "9->0": 0, "0->10": 0, "10->0": 0, "10->11": 0, "11->10": 0, "11->12": 0, "12->11": 0, "10->13": 0, "13->10": 0, "0->14": 0, "14->0": 0, "0->15": 0, "15->0": 0, "15->16": 0, "16->15": 0, "16->17": 0, "17->16": 0, "17->18": 0, "18->17": 0, "17->19": 0, "19->17": 0, "19->20": 0, "20->19": 0, "17->21": 0, "21->17": 0, "15->22": 0, "22->15": 0, "22->23": 0, "23->22": 0, "23->24": 0, "24->23": 0, "23->25": 0, "25->23": 0, "22->26": 0, "26->22": 0, "26->27": 0, "27->26": 0, "27->28": 0, "28->27": 0, "27->29": 0, "29->27": 0, "26->30": 0, "30->26": 0, "30->31": 0, "31->30": 0, "31->32": 0, "32->31": 0, "32->33": 0, "33->32": 0, "32->34": 0, "34->32": 0, "34->35": 0, "35->34": 0, "34->36": 0, "36->34": 0, "36->37": 0, "37->36": 0, "36->38": 0, "38->36": 0, "38->39": 0, "39->38": 0, "36->40": 0, "40->36": 0, "40->41": 0, "41->40": 0, "34->42": 0, "42->34": 0, "42->43": 0, "43->42": 0, "32->44": 0, "44->32": 0, "22->45": 0, "45->22": 0, "45->46": 0, "46->45": 0, "46->47": 0, "47->46": 0, "45->48": 0, "48->45": 0, "48->49": 0, "49->48": 0, "49->50": 0, "50->49": 0, "50->51": 0, "51->50": 0, "51->52": 0, "52->51": 0, "50->53": 0, "53->50": 0, "22->54": 0, "54->22": 0, "54->55": 0, "55->54": 0, "55->56": 0, "56->55": 0, "1->3": 1, "3->1": 12, "3->5": 1, "5->3": 12, "5->9": 1, "9->5": 12, "9->10": 1, "10->9": 12, "10->14": 1, "14->10": 12, "14->15": 1, "15->14": 12, "6->7": 1, "7->6": 12, "11->13": 1, "13->11": 12, "16->22": 1, "22->16": 12, "18->19": 1, "19->18": 12, "19->21": 1, "21->19": 12, "23->26": 1, "26->23": 12, "26->45": 1, "45->26": 12, "45->54": 1, "54->45": 12, "24->25": 2, "25->24": 3, "27->30": 6, "30->27": 6, "28->29": 2, "29->28": 3, "33->34": 1, "34->33": 12, "34->44": 1, "44->34": 12, "35->36": 1, "36->35": 12, "36->42": 1, "42->36": 12, "37->38": 1, "38->37": 12, "38->40": 1, "40->38": 12, "46->48": 6, "48->46": 6, "51->53": 1, "53->51": 12, "2->4": 2, "4->2": 3, "4->6": 2, "6->4": 3, "6->8": 2, "8->6": 3, "8->9": 2, "9->8": 3, "9->12": 2, "12->9": 3, "12->13": 2, "13->12": 3, "13->14": 2, "14->13": 3, "14->18": 2, "18->14": 3, "18->20": 2, "20->18": 3, "20->21": 2, "21->20": 3, "21->24": 2, "24->21": 3, "25->28": 2, "28->25": 3, "29->33": 2, "33->29": 3, "33->35": 2, "35->33": 3, "35->37": 2, "37->35": 3, "37->39": 2, "39->37": 3, "39->41": 2, "41->39": 3, "41->43": 2, "43->41": 3, "43->44": 2, "44->43": 3, "44->47": 2, "47->44": 3, "47->52": 2, "52->47": 3, "52->53": 2, "53->52": 3, "53->56": 2, "56->53": 3, "20->41": 4, "41->20": 5, "41->52": 4, "52->41": 5}, "metrics": [14.0, 3.0, 1.0]}