{"nodelist": ["ConstructorDeclaration", "{'public'}", "public", "TAppend", "FormalParameter", "ReferenceType", "TAppend", "other", "StatementExpression", "Assignment", "MemberReference", "__isset_bitfield", "MemberReference", "other", "__isset_bitfield", "=", "IfStatement", "MethodInvocation", "other", "isSetRow", "BlockStatement", "StatementExpression", "Assignment", "This", "MemberReference", "row", "MethodInvocation", "org.apache.thrift.TBaseHelper", "MemberReference", "other", "row", "copyBinary", "=", "IfStatement", "MethodInvocation", "other", "isSetColumns", "BlockStatement", "LocalVariableDeclaration", "ReferenceType", "java", "ReferenceType", "util", "ReferenceType", "List", "TypeArgument", "ReferenceType", "TColumnValue", "VariableDeclarator", "__this__columns", "ClassCreator", "ReferenceType", "java", "ReferenceType", "util", "ReferenceType", "ArrayList", "TypeArgument", "ReferenceType", "TColumnValue", "MethodInvocation", "other.columns", "size", "ForStatement", "EnhancedForControl", "VariableDeclaration", "ReferenceType", "TColumnValue", "VariableDeclarator", "other_element", "MemberReference", "other", "columns", "BlockStatement", "StatementExpression", "MethodInvocation", "__this__columns", "ClassCreator", "ReferenceType", "TColumnValue", "MemberReference", "other_element", "add", "StatementExpression", "Assignment", "This", "MemberReference", "columns", "MemberReference", "__this__columns", "=", "IfStatement", "MethodInvocation", "other", "isSetAttributes", "BlockStatement", "LocalVariableDeclaration", "ReferenceType", "java", "ReferenceType", "util", "ReferenceType", "Map", "TypeArgument", "ReferenceType", "java", "ReferenceType", "nio", "ReferenceType", "ByteBuffer", "TypeArgument", "ReferenceType", "java", "ReferenceType", "nio", "ReferenceType", "ByteBuffer", "VariableDeclarator", "__this__attributes", "ClassCreator", "ReferenceType", "java", "ReferenceType", "util", "ReferenceType", "HashMap", "TypeArgument", "ReferenceType", "java", "ReferenceType", "nio", "ReferenceType", "ByteBuffer", "TypeArgument", "ReferenceType", "java", "ReferenceType", "nio", "ReferenceType", "ByteBuffer", "MemberReference", "other", "attributes", "StatementExpression", "Assignment", "This", "MemberReference", "attributes", "MemberReference", "__this__attributes", "=", "IfStatement", "MethodInvocation", "other", "isSetDurability", "BlockStatement", "StatementExpression", "Assignment", "This", "MemberReference", "durability", "MemberReference", "other", "durability", "=", "IfStatement", "MethodInvocation", "other", "isSetCellVisibility", "BlockStatement", "StatementExpression", "Assignment", "This", "MemberReference", "cellVisibility", "ClassCreator", "ReferenceType", "TCellVisibility", "MemberReference", "other", "cellVisibility", "=", "StatementExpression", "Assignment", "This", "MemberReference", "returnResults", "MemberReference", "other", "returnResults", "="], "nodes": {"0": "ConstructorDeclaration", "1": "Modifier", "2": "public", "3": "TAppend", "4": "FormalParameter", "5": "ReferenceType", "6": "TAppend", "7": "other", "8": "StatementExpression", "9": "Assignment", "10": "MemberReference", "11": "__isset_bitfield", "12": "MemberReference", "13": "other", "14": "__isset_bitfield", "15": "=", "16": "IfStatement", "17": "MethodInvocation", "18": "other", "19": "isSetRow", "20": "BlockStatement", "21": "StatementExpression", "22": "Assignment", "23": "This", "24": "MemberReference", "25": "row", "26": "MethodInvocation", "27": "org.apache.thrift.TBaseHelper", "28": "MemberReference", "29": "other", "30": "row", "31": "copyBinary", "32": "=", "33": "IfStatement", "34": "MethodInvocation", "35": "other", "36": "isSetColumns", "37": "BlockStatement", "38": "LocalVariableDeclaration", "39": "ReferenceType", "40": "java", "41": "ReferenceType", "42": "util", "43": "ReferenceType", "44": "List", "45": "TypeArgument", "46": "ReferenceType", "47": "TColumnValue", "48": "VariableDeclarator", "49": "__this__columns", "50": "ClassCreator", "51": "ReferenceType", "52": "java", "53": "ReferenceType", "54": "util", "55": "ReferenceType", "56": "ArrayList", "57": "TypeArgument", "58": "ReferenceType", "59": "TColumnValue", "60": "MethodInvocation", "61": "other.columns", "62": "size", "63": "ForStatement", "64": "EnhancedForControl", "65": "VariableDeclaration", "66": "ReferenceType", "67": "TColumnValue", "68": "VariableDeclarator", "69": "other_element", "70": "MemberReference", "71": "other", "72": "columns", "73": "BlockStatement", "74": "StatementExpression", "75": "MethodInvocation", "76": "__this__columns", "77": "ClassCreator", "78": "ReferenceType", "79": "TColumnValue", "80": "MemberReference", "81": "other_element", "82": "add", "83": "StatementExpression", "84": "Assignment", "85": "This", "86": "MemberReference", "87": "columns", "88": "MemberReference", "89": "__this__columns", "90": "=", "91": "IfStatement", "92": "MethodInvocation", "93": "other", "94": "isSetAttributes", "95": "BlockStatement", "96": "LocalVariableDeclaration", "97": "ReferenceType", "98": "java", "99": "ReferenceType", "100": "util", "101": "ReferenceType", "102": "Map", "103": "TypeArgument", "104": "ReferenceType", "105": "java", "106": "ReferenceType", "107": "nio", "108": "ReferenceType", "109": "ByteBuffer", "110": "TypeArgument", "111": "ReferenceType", "112": "java", "113": "ReferenceType", "114": "nio", "115": "ReferenceType", "116": "ByteBuffer", "117": "VariableDeclarator", "118": "__this__attributes", "119": "ClassCreator", "120": "ReferenceType", "121": "java", "122": "ReferenceType", "123": "util", "124": "ReferenceType", "125": "HashMap", "126": "TypeArgument", "127": "ReferenceType", "128": "java", "129": "ReferenceType", "130": "nio", "131": "ReferenceType", "132": "ByteBuffer", "133": "TypeArgument", "134": "ReferenceType", "135": "java", "136": "ReferenceType", "137": "nio", "138": "ReferenceType", "139": "ByteBuffer", "140": "MemberReference", "141": "other", "142": "attributes", "143": "StatementExpression", "144": "Assignment", "145": "This", "146": "MemberReference", "147": "attributes", "148": "MemberReference", "149": "__this__attributes", "150": "=", "151": "IfStatement", "152": "MethodInvocation", "153": "other", "154": "isSetDurability", "155": "BlockStatement", "156": "StatementExpression", "157": "Assignment", "158": "This", "159": "MemberReference", "160": "durability", "161": "MemberReference", "162": "other", "163": "durability", "164": "=", "165": "IfStatement", "166": "MethodInvocation", "167": "other", "168": "isSetCellVisibility", "169": "BlockStatement", "170": "StatementExpression", "171": "Assignment", "172": "This", "173": "MemberReference", "174": "cellVisibility", "175": "ClassCreator", "176": "ReferenceType", "177": "TCellVisibility", "178": "MemberReference", "179": "other", "180": "cellVisibility", "181": "=", "182": "StatementExpression", "183": "Assignment", "184": "This", "185": "MemberReference", "186": "returnResults", "187": "MemberReference", "188": "other", "189": "returnResults", "190": "="}, "edges": {"0->1": 0, "1->0": 0, "1->2": 0, "2->1": 0, "0->3": 0, "3->0": 0, "0->4": 0, "4->0": 0, "4->5": 0, "5->4": 0, "5->6": 0, "6->5": 0, "4->7": 0, "7->4": 0, "0->8": 0, "8->0": 0, "8->9": 0, "9->8": 0, "9->10": 0, "10->9": 0, "10->11": 0, "11->10": 0, "9->12": 0, "12->9": 0, "12->13": 0, "13->12": 0, "12->14": 0, "14->12": 0, "9->15": 0, "15->9": 0, "0->16": 0, "16->0": 0, "16->17": 0, "17->16": 0, "17->18": 0, "18->17": 0, "17->19": 0, "19->17": 0, "16->20": 0, "20->16": 0, "20->21": 0, "21->20": 0, "21->22": 0, "22->21": 0, "22->23": 0, "23->22": 0, "23->24": 0, "24->23": 0, "24->25": 0, "25->24": 0, "22->26": 0, "26->22": 0, "26->27": 0, "27->26": 0, "26->28": 0, "28->26": 0, "28->29": 0, "29->28": 0, "28->30": 0, "30->28": 0, "26->31": 0, "31->26": 0, "22->32": 0, "32->22": 0, "0->33": 0, "33->0": 0, "33->34": 0, "34->33": 0, "34->35": 0, "35->34": 0, "34->36": 0, "36->34": 0, "33->37": 0, "37->33": 0, "37->38": 0, "38->37": 0, "38->39": 0, "39->38": 0, "39->40": 0, "40->39": 0, "39->41": 0, "41->39": 0, "41->42": 0, "42->41": 0, "41->43": 0, "43->41": 0, "43->44": 0, "44->43": 0, "43->45": 0, "45->43": 0, "45->46": 0, "46->45": 0, "46->47": 0, "47->46": 0, "38->48": 0, "48->38": 0, "48->49": 0, "49->48": 0, "48->50": 0, "50->48": 0, "50->51": 0, "51->50": 0, "51->52": 0, "52->51": 0, "51->53": 0, "53->51": 0, "53->54": 0, "54->53": 0, "53->55": 0, "55->53": 0, "55->56": 0, "56->55": 0, "55->57": 0, "57->55": 0, "57->58": 0, "58->57": 0, "58->59": 0, "59->58": 0, "50->60": 0, "60->50": 0, "60->61": 0, "61->60": 0, "60->62": 0, "62->60": 0, "37->63": 0, "63->37": 0, "63->64": 0, "64->63": 0, "64->65": 0, "65->64": 0, "65->66": 0, "66->65": 0, "66->67": 0, "67->66": 0, "65->68": 0, "68->65": 0, "68->69": 0, "69->68": 0, "64->70": 0, "70->64": 0, "70->71": 0, "71->70": 0, "70->72": 0, "72->70": 0, "63->73": 0, "73->63": 0, "73->74": 0, "74->73": 0, "74->75": 0, "75->74": 0, "75->76": 0, "76->75": 0, "75->77": 0, "77->75": 0, "77->78": 0, "78->77": 0, "78->79": 0, "79->78": 0, "77->80": 0, "80->77": 0, "80->81": 0, "81->80": 0, "75->82": 0, "82->75": 0, "37->83": 0, "83->37": 0, "83->84": 0, "84->83": 0, "84->85": 0, "85->84": 0, "85->86": 0, "86->85": 0, "86->87": 0, "87->86": 0, "84->88": 0, "88->84": 0, "88->89": 0, "89->88": 0, "84->90": 0, "90->84": 0, "0->91": 0, "91->0": 0, "91->92": 0, "92->91": 0, "92->93": 0, "93->92": 0, "92->94": 0, "94->92": 0, "91->95": 0, "95->91": 0, "95->96": 0, "96->95": 0, "96->97": 0, "97->96": 0, "97->98": 0, "98->97": 0, "97->99": 0, "99->97": 0, "99->100": 0, "100->99": 0, "99->101": 0, "101->99": 0, "101->102": 0, "102->101": 0, "101->103": 0, "103->101": 0, "103->104": 0, "104->103": 0, "104->105": 0, "105->104": 0, "104->106": 0, "106->104": 0, "106->107": 0, "107->106": 0, "106->108": 0, "108->106": 0, "108->109": 0, "109->108": 0, "101->110": 0, "110->101": 0, "110->111": 0, "111->110": 0, "111->112": 0, "112->111": 0, "111->113": 0, "113->111": 0, "113->114": 0, "114->113": 0, "113->115": 0, "115->113": 0, "115->116": 0, "116->115": 0, "96->117": 0, "117->96": 0, "117->118": 0, "118->117": 0, "117->119": 0, "119->117": 0, "119->120": 0, "120->119": 0, "120->121": 0, "121->120": 0, "120->122": 0, "122->120": 0, "122->123": 0, "123->122": 0, "122->124": 0, "124->122": 0, "124->125": 0, "125->124": 0, "124->126": 0, "126->124": 0, "126->127": 0, "127->126": 0, "127->128": 0, "128->127": 0, "127->129": 0, "129->127": 0, "129->130": 0, "130->129": 0, "129->131": 0, "131->129": 0, "131->132": 0, "132->131": 0, "124->133": 0, "133->124": 0, "133->134": 0, "134->133": 0, "134->135": 0, "135->134": 0, "134->136": 0, "136->134": 0, "136->137": 0, "137->136": 0, "136->138": 0, "138->136": 0, "138->139": 0, "139->138": 0, "119->140": 0, "140->119": 0, "140->141": 0, "141->140": 0, "140->142": 0, "142->140": 0, "95->143": 0, "143->95": 0, "143->144": 0, "144->143": 0, "144->145": 0, "145->144": 0, "145->146": 0, "146->145": 0, "146->147": 0, "147->146": 0, "144->148": 0, "148->144": 0, "148->149": 0, "149->148": 0, "144->150": 0, "150->144": 0, "0->151": 0, "151->0": 0, "151->152": 0, "152->151": 0, "152->153": 0, "153->152": 0, "152->154": 0, "154->152": 0, "151->155": 0, "155->151": 0, "155->156": 0, "156->155": 0, "156->157": 0, "157->156": 0, "157->158": 0, "158->157": 0, "158->159": 0, "159->158": 0, "159->160": 0, "160->159": 0, "157->161": 0, "161->157": 0, "161->162": 0, "162->161": 0, "161->163": 0, "163->161": 0, "157->164": 0, "164->157": 0, "0->165": 0, "165->0": 0, "165->166": 0, "166->165": 0, "166->167": 0, "167->166": 0, "166->168": 0, "168->166": 0, "165->169": 0, "169->165": 0, "169->170": 0, "170->169": 0, "170->171": 0, "171->170": 0, "171->172": 0, "172->171": 0, "172->173": 0, "173->172": 0, "173->174": 0, "174->173": 0, "171->175": 0, "175->171": 0, "175->176": 0, "176->175": 0, "176->177": 0, "177->176": 0, "175->178": 0, "178->175": 0, "178->179": 0, "179->178": 0, "178->180": 0, "180->178": 0, "171->181": 0, "181->171": 0, "0->182": 0, "182->0": 0, "182->183": 0, "183->182": 0, "183->184": 0, "184->183": 0, "184->185": 0, "185->184": 0, "185->186": 0, "186->185": 0, "183->187": 0, "187->183": 0, "187->188": 0, "188->187": 0, "187->189": 0, "189->187": 0, "183->190": 0, "190->183": 0, "1->3": 1, "3->1": 12, "3->4": 1, "4->3": 12, "4->8": 1, "8->4": 12, "8->16": 1, "16->8": 12, "16->33": 1, "33->16": 12, "33->91": 1, "91->33": 12, "91->151": 1, "151->91": 12, "151->165": 1, "165->151": 12, "165->182": 1, "182->165": 12, "5->7": 1, "7->5": 12, "10->12": 1, "12->10": 12, "12->15": 1, "15->12": 12, "13->14": 2, "14->13": 3, "17->20": 6, "20->17": 6, "18->19": 2, "19->18": 3, "23->26": 1, "26->23": 12, "26->32": 1, "32->26": 12, "27->28": 1, "28->27": 12, "28->31": 1, "31->28": 12, "29->30": 2, "30->29": 3, "34->37": 6, "37->34": 6, "35->36": 2, "36->35": 3, "38->63": 10, "63->38": 11, "63->83": 10, "83->63": 11, "39->48": 1, "48->39": 12, "40->41": 1, "41->40": 12, "42->43": 1, "43->42": 12, "44->45": 1, "45->44": 12, "49->50": 1, "50->49": 12, "51->60": 1, "60->51": 12, "52->53": 1, "53->52": 12, "54->55": 1, "55->54": 12, "56->57": 1, "57->56": 12, "61->62": 2, "62->61": 3, "64->73": 9, "73->64": 9, "65->70": 1, "70->65": 12, "66->68": 1, "68->66": 12, "71->72": 2, "72->71": 3, "76->77": 1, "77->76": 12, "77->82": 1, "82->77": 12, "78->80": 1, "80->78": 12, "85->88": 1, "88->85": 12, "88->90": 1, "90->88": 12, "92->95": 6, "95->92": 6, "93->94": 2, "94->93": 3, "96->143": 10, "143->96": 11, "97->117": 1, "117->97": 12, "98->99": 1, "99->98": 12, "100->101": 1, "101->100": 12, "102->103": 1, "103->102": 12, "103->110": 1, "110->103": 12, "105->106": 1, "106->105": 12, "107->108": 1, "108->107": 12, "112->113": 1, "113->112": 12, "114->115": 1, "115->114": 12, "118->119": 1, "119->118": 12, "120->140": 1, "140->120": 12, "121->122": 1, "122->121": 12, "123->124": 1, "124->123": 12, "125->126": 1, "126->125": 12, "126->133": 1, "133->126": 12, "128->129": 1, "129->128": 12, "130->131": 1, "131->130": 12, "135->136": 1, "136->135": 12, "137->138": 1, "138->137": 12, "141->142": 2, "142->141": 3, "145->148": 1, "148->145": 12, "148->150": 1, "150->148": 12, "152->155": 6, "155->152": 6, "153->154": 2, "154->153": 3, "158->161": 1, "161->158": 12, "161->164": 1, "164->161": 12, "162->163": 2, "163->162": 3, "166->169": 6, "169->166": 6, "167->168": 2, "168->167": 3, "172->175": 1, "175->172": 12, "175->181": 1, "181->175": 12, "176->178": 1, "178->176": 12, "179->180": 2, "180->179": 3, "184->187": 1, "187->184": 12, "187->190": 1, "190->187": 12, "188->189": 2, "189->188": 3, "2->3": 2, "3->2": 3, "3->6": 2, "6->3": 3, "6->7": 2, "7->6": 3, "7->11": 2, "11->7": 3, "11->13": 2, "13->11": 3, "14->15": 2, "15->14": 3, "15->18": 2, "18->15": 3, "19->25": 2, "25->19": 3, "25->27": 2, "27->25": 3, "27->29": 2, "29->27": 3, "30->31": 2, "31->30": 3, "31->32": 2, "32->31": 3, "32->35": 2, "35->32": 3, "36->40": 2, "40->36": 3, "40->42": 2, "42->40": 3, "42->44": 2, "44->42": 3, "44->47": 2, "47->44": 3, "47->49": 2, "49->47": 3, "49->52": 2, "52->49": 3, "52->54": 2, "54->52": 3, "54->56": 2, "56->54": 3, "56->59": 2, "59->56": 3, "59->61": 2, "61->59": 3, "62->67": 2, "67->62": 3, "67->69": 2, "69->67": 3, "69->71": 2, "71->69": 3, "72->76": 2, "76->72": 3, "76->79": 2, "79->76": 3, "79->81": 2, "81->79": 3, "81->82": 2, "82->81": 3, "82->87": 2, "87->82": 3, "87->89": 2, "89->87": 3, "89->90": 2, "90->89": 3, "90->93": 2, "93->90": 3, "94->98": 2, "98->94": 3, "98->100": 2, "100->98": 3, "100->102": 2, "102->100": 3, "102->105": 2, "105->102": 3, "105->107": 2, "107->105": 3, "107->109": 2, "109->107": 3, "109->112": 2, "112->109": 3, "112->114": 2, "114->112": 3, "114->116": 2, "116->114": 3, "116->118": 2, "118->116": 3, "118->121": 2, "121->118": 3, "121->123": 2, "123->121": 3, "123->125": 2, "125->123": 3, "125->128": 2, "128->125": 3, "128->130": 2, "130->128": 3, "130->132": 2, "132->130": 3, "132->135": 2, "135->132": 3, "135->137": 2, "137->135": 3, "137->139": 2, "139->137": 3, "139->141": 2, "141->139": 3, "142->147": 4, "147->142": 5, "147->149": 2, "149->147": 3, "149->150": 2, "150->149": 3, "150->153": 2, "153->150": 3, "154->160": 2, "160->154": 3, "160->162": 2, "162->160": 3, "163->164": 2, "164->163": 3, "164->167": 2, "167->164": 3, "168->174": 2, "174->168": 3, "174->177": 2, "177->174": 3, "177->179": 2, "179->177": 3, "180->181": 2, "181->180": 3, "181->186": 2, "186->181": 3, "186->188": 2, "188->186": 3, "189->190": 2, "190->189": 3, "11->14": 4, "14->11": 5, "25->30": 4, "30->25": 5, "72->87": 4, "87->72": 5, "160->163": 4, "163->160": 5, "174->180": 4, "180->174": 5, "186->189": 4, "189->186": 5}, "metrics": [24.0, 7.0, 1.0]}