{"nodelist": ["MethodDeclaration", "{'public'}", "public", "Annotation", "Override", "ReferenceType", "ScanQueryMatcher", "ReferenceType", "MatchCode", "checkColumn", "FormalParameter", "BasicType", "byte", "bytes", "FormalParameter", "BasicType", "int", "offset", "FormalParameter", "BasicType", "int", "length", "FormalParameter", "BasicType", "byte", "type", "AssertStatement", "MethodInvocation", "!", "CellUtil", "MemberReference", "type", "isDelete", "DoStatement", "Literal", "true", "BlockStatement", "IfStatement", "MethodInvocation", "done", "BlockStatement", "ReturnStatement", "MemberReference", "ScanQueryMatcher.MatchCode", "SEEK_NEXT_ROW", "IfStatement", "BinaryOperation", "==", "This", "MemberReference", "column", "Literal", "null", "BlockStatement", "ReturnStatement", "MemberReference", "ScanQueryMatcher.MatchCode", "SEEK_NEXT_ROW", "LocalVariableDeclaration", "BasicType", "int", "VariableDeclarator", "ret", "MethodInvocation", "Bytes", "MethodInvocation", "column", "getBuffer", "MethodInvocation", "column", "getOffset", "MethodInvocation", "column", "getLength", "MemberReference", "bytes", "MemberReference", "offset", "MemberReference", "length", "compareTo", "IfStatement", "BinaryOperation", "==", "MemberReference", "ret", "Literal", "0", "BlockStatement", "ReturnStatement", "MemberReference", "ScanQueryMatcher.MatchCode", "INCLUDE", "StatementExpression", "MethodInvocation", "resetTS", "IfStatement", "BinaryOperation", ">", "MemberReference", "ret", "Literal", "0", "BlockStatement", "ReturnStatement", "MemberReference", "ScanQueryMatcher.MatchCode", "SEEK_NEXT_COL", "IfStatement", "BinaryOperation", "<=", "MemberReference", "ret", "Literal", "-", "1", "BlockStatement", "StatementExpression", "This", "++", "MemberReference", "index", "IfStatement", "MethodInvocation", "done", "BlockStatement", "ReturnStatement", "MemberReference", "ScanQueryMatcher.MatchCode", "SEEK_NEXT_ROW", "StatementExpression", "Assignment", "This", "MemberReference", "column", "This", "MemberReference", "columns", "ArraySelector", "This", "MemberReference", "index", "="], "nodes": {"0": "MethodDeclaration", "1": "Modifier", "2": "public", "3": "Annotation", "4": "Override", "5": "ReferenceType", "6": "ScanQueryMatcher", "7": "ReferenceType", "8": "MatchCode", "9": "checkColumn", "10": "FormalParameter", "11": "BasicType", "12": "byte", "13": "bytes", "14": "FormalParameter", "15": "BasicType", "16": "int", "17": "offset", "18": "FormalParameter", "19": "BasicType", "20": "int", "21": "length", "22": "FormalParameter", "23": "BasicType", "24": "byte", "25": "type", "26": "AssertStatement", "27": "MethodInvocation", "28": "!", "29": "CellUtil", "30": "MemberReference", "31": "type", "32": "isDelete", "33": "DoStatement", "34": "Literal", "35": "true", "36": "BlockStatement", "37": "IfStatement", "38": "MethodInvocation", "39": "done", "40": "BlockStatement", "41": "ReturnStatement", "42": "MemberReference", "43": "ScanQueryMatcher.MatchCode", "44": "SEEK_NEXT_ROW", "45": "IfStatement", "46": "BinaryOperation", "47": "==", "48": "This", "49": "MemberReference", "50": "column", "51": "Literal", "52": "null", "53": "BlockStatement", "54": "ReturnStatement", "55": "MemberReference", "56": "ScanQueryMatcher.MatchCode", "57": "SEEK_NEXT_ROW", "58": "LocalVariableDeclaration", "59": "BasicType", "60": "int", "61": "VariableDeclarator", "62": "ret", "63": "MethodInvocation", "64": "Bytes", "65": "MethodInvocation", "66": "column", "67": "getBuffer", "68": "MethodInvocation", "69": "column", "70": "getOffset", "71": "MethodInvocation", "72": "column", "73": "getLength", "74": "MemberReference", "75": "bytes", "76": "MemberReference", "77": "offset", "78": "MemberReference", "79": "length", "80": "compareTo", "81": "IfStatement", "82": "BinaryOperation", "83": "==", "84": "MemberReference", "85": "ret", "86": "Literal", "87": "0", "88": "BlockStatement", "89": "ReturnStatement", "90": "MemberReference", "91": "ScanQueryMatcher.MatchCode", "92": "INCLUDE", "93": "StatementExpression", "94": "MethodInvocation", "95": "resetTS", "96": "IfStatement", "97": "BinaryOperation", "98": ">", "99": "MemberReference", "100": "ret", "101": "Literal", "102": "0", "103": "BlockStatement", "104": "ReturnStatement", "105": "MemberReference", "106": "ScanQueryMatcher.MatchCode", "107": "SEEK_NEXT_COL", "108": "IfStatement", "109": "BinaryOperation", "110": "<=", "111": "MemberReference", "112": "ret", "113": "Literal", "114": "-", "115": "1", "116": "BlockStatement", "117": "StatementExpression", "118": "This", "119": "++", "120": "MemberReference", "121": "index", "122": "IfStatement", "123": "MethodInvocation", "124": "done", "125": "BlockStatement", "126": "ReturnStatement", "127": "MemberReference", "128": "ScanQueryMatcher.MatchCode", "129": "SEEK_NEXT_ROW", "130": "StatementExpression", "131": "Assignment", "132": "This", "133": "MemberReference", "134": "column", "135": "This", "136": "MemberReference", "137": "columns", "138": "ArraySelector", "139": "This", "140": "MemberReference", "141": "index", "142": "="}, "edges": {"0->1": 0, "1->0": 0, "1->2": 0, "2->1": 0, "0->3": 0, "3->0": 0, "3->4": 0, "4->3": 0, "0->5": 0, "5->0": 0, "5->6": 0, "6->5": 0, "5->7": 0, "7->5": 0, "7->8": 0, "8->7": 0, "0->9": 0, "9->0": 0, "0->10": 0, "10->0": 0, "10->11": 0, "11->10": 0, "11->12": 0, "12->11": 0, "10->13": 0, "13->10": 0, "0->14": 0, "14->0": 0, "14->15": 0, "15->14": 0, "15->16": 0, "16->15": 0, "14->17": 0, "17->14": 0, "0->18": 0, "18->0": 0, "18->19": 0, "19->18": 0, "19->20": 0, "20->19": 0, "18->21": 0, "21->18": 0, "0->22": 0, "22->0": 0, "22->23": 0, "23->22": 0, "23->24": 0, "24->23": 0, "22->25": 0, "25->22": 0, "0->26": 0, "26->0": 0, "26->27": 0, "27->26": 0, "27->28": 0, "28->27": 0, "27->29": 0, "29->27": 0, "27->30": 0, "30->27": 0, "30->31": 0, "31->30": 0, "27->32": 0, "32->27": 0, "0->33": 0, "33->0": 0, "33->34": 0, "34->33": 0, "34->35": 0, "35->34": 0, "33->36": 0, "36->33": 0, "36->37": 0, "37->36": 0, "37->38": 0, "38->37": 0, "38->39": 0, "39->38": 0, "37->40": 0, "40->37": 0, "40->41": 0, "41->40": 0, "41->42": 0, "42->41": 0, "42->43": 0, "43->42": 0, "42->44": 0, "44->42": 0, "36->45": 0, "45->36": 0, "45->46": 0, "46->45": 0, "46->47": 0, "47->46": 0, "46->48": 0, "48->46": 0, "48->49": 0, "49->48": 0, "49->50": 0, "50->49": 0, "46->51": 0, "51->46": 0, "51->52": 0, "52->51": 0, "45->53": 0, "53->45": 0, "53->54": 0, "54->53": 0, "54->55": 0, "55->54": 0, "55->56": 0, "56->55": 0, "55->57": 0, "57->55": 0, "36->58": 0, "58->36": 0, "58->59": 0, "59->58": 0, "59->60": 0, "60->59": 0, "58->61": 0, "61->58": 0, "61->62": 0, "62->61": 0, "61->63": 0, "63->61": 0, "63->64": 0, "64->63": 0, "63->65": 0, "65->63": 0, "65->66": 0, "66->65": 0, "65->67": 0, "67->65": 0, "63->68": 0, "68->63": 0, "68->69": 0, "69->68": 0, "68->70": 0, "70->68": 0, "63->71": 0, "71->63": 0, "71->72": 0, "72->71": 0, "71->73": 0, "73->71": 0, "63->74": 0, "74->63": 0, "74->75": 0, "75->74": 0, "63->76": 0, "76->63": 0, "76->77": 0, "77->76": 0, "63->78": 0, "78->63": 0, "78->79": 0, "79->78": 0, "63->80": 0, "80->63": 0, "36->81": 0, "81->36": 0, "81->82": 0, "82->81": 0, "82->83": 0, "83->82": 0, "82->84": 0, "84->82": 0, "84->85": 0, "85->84": 0, "82->86": 0, "86->82": 0, "86->87": 0, "87->86": 0, "81->88": 0, "88->81": 0, "88->89": 0, "89->88": 0, "89->90": 0, "90->89": 0, "90->91": 0, "91->90": 0, "90->92": 0, "92->90": 0, "36->93": 0, "93->36": 0, "93->94": 0, "94->93": 0, "94->95": 0, "95->94": 0, "36->96": 0, "96->36": 0, "96->97": 0, "97->96": 0, "97->98": 0, "98->97": 0, "97->99": 0, "99->97": 0, "99->100": 0, "100->99": 0, "97->101": 0, "101->97": 0, "101->102": 0, "102->101": 0, "96->103": 0, "103->96": 0, "103->104": 0, "104->103": 0, "104->105": 0, "105->104": 0, "105->106": 0, "106->105": 0, "105->107": 0, "107->105": 0, "36->108": 0, "108->36": 0, "108->109": 0, "109->108": 0, "109->110": 0, "110->109": 0, "109->111": 0, "111->109": 0, "111->112": 0, "112->111": 0, "109->113": 0, "113->109": 0, "113->114": 0, "114->113": 0, "113->115": 0, "115->113": 0, "108->116": 0, "116->108": 0, "116->117": 0, "117->116": 0, "117->118": 0, "118->117": 0, "118->119": 0, "119->118": 0, "118->120": 0, "120->118": 0, "120->121": 0, "121->120": 0, "116->122": 0, "122->116": 0, "122->123": 0, "123->122": 0, "123->124": 0, "124->123": 0, "122->125": 0, "125->122": 0, "125->126": 0, "126->125": 0, "126->127": 0, "127->126": 0, "127->128": 0, "128->127": 0, "127->129": 0, "129->127": 0, "116->130": 0, "130->116": 0, "130->131": 0, "131->130": 0, "131->132": 0, "132->131": 0, "132->133": 0, "133->132": 0, "133->134": 0, "134->133": 0, "131->135": 0, "135->131": 0, "135->136": 0, "136->135": 0, "136->137": 0, "137->136": 0, "135->138": 0, "138->135": 0, "138->139": 0, "139->138": 0, "139->140": 0, "140->139": 0, "140->141": 0, "141->140": 0, "131->142": 0, "142->131": 0, "1->3": 1, "3->1": 12, "3->5": 1, "5->3": 12, "5->9": 1, "9->5": 12, "9->10": 1, "10->9": 12, "10->14": 1, "14->10": 12, "14->18": 1, "18->14": 12, "18->22": 1, "22->18": 12, "22->26": 1, "26->22": 12, "26->33": 1, "33->26": 12, "6->7": 1, "7->6": 12, "11->13": 1, "13->11": 12, "15->17": 1, "17->15": 12, "19->21": 1, "21->19": 12, "23->25": 1, "25->23": 12, "28->29": 2, "29->28": 3, "29->30": 1, "30->29": 12, "30->32": 1, "32->30": 12, "34->36": 1, "36->34": 12, "37->45": 10, "45->37": 11, "45->58": 10, "58->45": 11, "58->81": 10, "81->58": 11, "81->93": 10, "93->81": 11, "93->96": 10, "96->93": 11, "96->108": 10, "108->96": 11, "38->40": 6, "40->38": 6, "43->44": 2, "44->43": 3, "46->53": 6, "53->46": 6, "47->48": 1, "48->47": 12, "48->51": 1, "51->48": 12, "56->57": 2, "57->56": 3, "59->61": 1, "61->59": 12, "62->63": 1, "63->62": 12, "64->65": 1, "65->64": 12, "65->68": 1, "68->65": 12, "68->71": 1, "71->68": 12, "71->74": 1, "74->71": 12, "74->76": 1, "76->74": 12, "76->78": 1, "78->76": 12, "78->80": 1, "80->78": 12, "66->67": 2, "67->66": 3, "69->70": 2, "70->69": 3, "72->73": 2, "73->72": 3, "82->88": 6, "88->82": 6, "83->84": 1, "84->83": 12, "84->86": 1, "86->84": 12, "91->92": 2, "92->91": 3, "97->103": 6, "103->97": 6, "98->99": 1, "99->98": 12, "99->101": 1, "101->99": 12, "106->107": 2, "107->106": 3, "109->116": 6, "116->109": 6, "110->111": 1, "111->110": 12, "111->113": 1, "113->111": 12, "114->115": 2, "115->114": 3, "117->122": 10, "122->117": 11, "122->130": 10, "130->122": 11, "119->120": 1, "120->119": 12, "123->125": 6, "125->123": 6, "128->129": 2, "129->128": 3, "132->135": 1, "135->132": 12, "135->142": 1, "142->135": 12, "136->138": 1, "138->136": 12, "2->4": 2, "4->2": 3, "4->6": 2, "6->4": 3, "6->8": 2, "8->6": 3, "8->9": 2, "9->8": 3, "9->12": 2, "12->9": 3, "12->13": 2, "13->12": 3, "13->16": 2, "16->13": 3, "16->17": 2, "17->16": 3, "17->20": 2, "20->17": 3, "20->21": 2, "21->20": 3, "21->24": 2, "24->21": 3, "24->25": 2, "25->24": 3, "25->28": 2, "28->25": 3, "29->31": 2, "31->29": 3, "31->32": 2, "32->31": 3, "32->35": 2, "35->32": 3, "35->39": 2, "39->35": 3, "39->43": 2, "43->39": 3, "44->47": 2, "47->44": 3, "47->50": 2, "50->47": 3, "50->52": 2, "52->50": 3, "52->56": 2, "56->52": 3, "57->60": 2, "60->57": 3, "60->62": 2, "62->60": 3, "62->64": 2, "64->62": 3, "64->66": 2, "66->64": 3, "67->69": 2, "69->67": 3, "70->72": 2, "72->70": 3, "73->75": 2, "75->73": 3, "75->77": 2, "77->75": 3, "77->79": 2, "79->77": 3, "79->80": 2, "80->79": 3, "80->83": 2, "83->80": 3, "83->85": 2, "85->83": 3, "85->87": 2, "87->85": 3, "87->91": 2, "91->87": 3, "92->95": 2, "95->92": 3, "95->98": 2, "98->95": 3, "98->100": 2, "100->98": 3, "100->102": 2, "102->100": 3, "102->106": 2, "106->102": 3, "107->110": 2, "110->107": 3, "110->112": 2, "112->110": 3, "112->114": 2, "114->112": 3, "115->119": 2, "119->115": 3, "119->121": 2, "121->119": 3, "121->124": 2, "124->121": 3, "124->128": 2, "128->124": 3, "129->134": 2, "134->129": 3, "134->137": 2, "137->134": 3, "137->141": 2, "141->137": 3, "141->142": 2, "142->141": 3, "44->57": 4, "57->44": 5, "57->129": 4, "129->57": 5, "50->134": 4, "134->50": 5, "85->100": 4, "100->85": 5, "100->112": 4, "112->100": 5, "121->141": 4, "141->121": 5}, "metrics": [27.0, 8.0, 4.0]}