{"nodelist": ["MethodDeclaration", "{'public'}", "public", "postBatchMutate", "FormalParameter", "{'final'}", "final", "ReferenceType", "MiniBatchOperationInProgress", "TypeArgument", "ReferenceType", "Mutation", "miniBatchOp", "IOException", "StatementExpression", "MethodInvocation", "TernaryExpression", "MethodInvocation", "coprocessors", "isEmpty", "Literal", "null", "ClassCreator", "ReferenceType", "RegionOperation", "MethodDeclaration", "{'public'}", "public", "Annotation", "Override", "call", "FormalParameter", "ReferenceType", "RegionObserver", "oserver", "FormalParameter", "ReferenceType", "ObserverContext", "TypeArgument", "ReferenceType", "RegionCoprocessorEnvironment", "ctx", "IOException", "StatementExpression", "MethodInvocation", "oserver", "MemberReference", "ctx", "MemberReference", "miniBatchOp", "postBatchMutate", "execOperation"], "nodes": {"0": "MethodDeclaration", "1": "Modifier", "2": "public", "3": "postBatchMutate", "4": "FormalParameter", "5": "Modifier", "6": "final", "7": "ReferenceType", "8": "MiniBatchOperationInProgress", "9": "TypeArgument", "10": "ReferenceType", "11": "Mutation", "12": "miniBatchOp", "13": "IOException", "14": "StatementExpression", "15": "MethodInvocation", "16": "TernaryExpression", "17": "MethodInvocation", "18": "coprocessors", "19": "isEmpty", "20": "Literal", "21": "null", "22": "ClassCreator", "23": "ReferenceType", "24": "RegionOperation", "25": "MethodDeclaration", "26": "Modifier", "27": "public", "28": "Annotation", "29": "Override", "30": "call", "31": "FormalParameter", "32": "ReferenceType", "33": "RegionObserver", "34": "oserver", "35": "FormalParameter", "36": "ReferenceType", "37": "ObserverContext", "38": "TypeArgument", "39": "ReferenceType", "40": "RegionCoprocessorEnvironment", "41": "ctx", "42": "IOException", "43": "StatementExpression", "44": "MethodInvocation", "45": "oserver", "46": "MemberReference", "47": "ctx", "48": "MemberReference", "49": "miniBatchOp", "50": "postBatchMutate", "51": "execOperation"}, "edges": {"0->1": 0, "1->0": 0, "1->2": 0, "2->1": 0, "0->3": 0, "3->0": 0, "0->4": 0, "4->0": 0, "4->5": 0, "5->4": 0, "5->6": 0, "6->5": 0, "4->7": 0, "7->4": 0, "7->8": 0, "8->7": 0, "7->9": 0, "9->7": 0, "9->10": 0, "10->9": 0, "10->11": 0, "11->10": 0, "4->12": 0, "12->4": 0, "0->13": 0, "13->0": 0, "0->14": 0, "14->0": 0, "14->15": 0, "15->14": 0, "15->16": 0, "16->15": 0, "16->17": 0, "17->16": 0, "17->18": 0, "18->17": 0, "17->19": 0, "19->17": 0, "16->20": 0, "20->16": 0, "20->21": 0, "21->20": 0, "16->22": 0, "22->16": 0, "22->23": 0, "23->22": 0, "23->24": 0, "24->23": 0, "22->25": 0, "25->22": 0, "25->26": 0, "26->25": 0, "26->27": 0, "27->26": 0, "25->28": 0, "28->25": 0, "28->29": 0, "29->28": 0, "25->30": 0, "30->25": 0, "25->31": 0, "31->25": 0, "31->32": 0, "32->31": 0, "32->33": 0, "33->32": 0, "31->34": 0, "34->31": 0, "25->35": 0, "35->25": 0, "35->36": 0, "36->35": 0, "36->37": 0, "37->36": 0, "36->38": 0, "38->36": 0, "38->39": 0, "39->38": 0, "39->40": 0, "40->39": 0, "35->41": 0, "41->35": 0, "25->42": 0, "42->25": 0, "25->43": 0, "43->25": 0, "43->44": 0, "44->43": 0, "44->45": 0, "45->44": 0, "44->46": 0, "46->44": 0, "46->47": 0, "47->46": 0, "44->48": 0, "48->44": 0, "48->49": 0, "49->48": 0, "44->50": 0, "50->44": 0, "15->51": 0, "51->15": 0, "1->3": 1, "3->1": 12, "3->4": 1, "4->3": 12, "4->13": 1, "13->4": 12, "13->14": 1, "14->13": 12, "5->7": 1, "7->5": 12, "7->12": 1, "12->7": 12, "8->9": 1, "9->8": 12, "16->51": 1, "51->16": 12, "17->20": 1, "20->17": 12, "20->22": 1, "22->20": 12, "18->19": 2, "19->18": 3, "23->25": 1, "25->23": 12, "26->28": 1, "28->26": 12, "28->30": 1, "30->28": 12, "30->31": 1, "31->30": 12, "31->35": 1, "35->31": 12, "35->42": 1, "42->35": 12, "42->43": 1, "43->42": 12, "32->34": 1, "34->32": 12, "36->41": 1, "41->36": 12, "37->38": 1, "38->37": 12, "45->46": 1, "46->45": 12, "46->48": 1, "48->46": 12, "48->50": 1, "50->48": 12, "2->3": 2, "3->2": 3, "3->6": 2, "6->3": 3, "6->8": 2, "8->6": 3, "8->11": 2, "11->8": 3, "11->12": 2, "12->11": 3, "12->13": 2, "13->12": 3, "13->18": 2, "18->13": 3, "19->21": 2, "21->19": 3, "21->24": 2, "24->21": 3, "24->27": 2, "27->24": 3, "27->29": 2, "29->27": 3, "29->30": 2, "30->29": 3, "30->33": 2, "33->30": 3, "33->34": 2, "34->33": 3, "34->37": 2, "37->34": 3, "37->40": 2, "40->37": 3, "40->41": 2, "41->40": 3, "41->42": 2, "42->41": 3, "42->45": 2, "45->42": 3, "45->47": 2, "47->45": 3, "47->49": 2, "49->47": 3, "49->50": 2, "50->49": 3, "50->51": 2, "51->50": 3}, "metrics": [8.0, 1.0, 1.0]}