{"nodelist": ["MethodDeclaration", "{'private', 'static'}", "private", "static", "ReferenceType", "PoolMap", "ReferenceType", "PoolType", "getPoolType", "FormalParameter", "ReferenceType", "Configuration", "config", "ReturnStatement", "MethodInvocation", "PoolMap.PoolType", "MethodInvocation", "config", "MemberReference", "HConstants", "HBASE_CLIENT_IPC_POOL_TYPE", "get", "MemberReference", "PoolMap.PoolType", "RoundRobin", "MemberReference", "PoolMap.PoolType", "ThreadLocal", "valueOf"], "nodes": {"0": "MethodDeclaration", "1": "Modifier", "2": "private", "3": "static", "4": "ReferenceType", "5": "PoolMap", "6": "ReferenceType", "7": "PoolType", "8": "getPoolType", "9": "FormalParameter", "10": "ReferenceType", "11": "Configuration", "12": "config", "13": "ReturnStatement", "14": "MethodInvocation", "15": "PoolMap.PoolType", "16": "MethodInvocation", "17": "config", "18": "MemberReference", "19": "HConstants", "20": "HBASE_CLIENT_IPC_POOL_TYPE", "21": "get", "22": "MemberReference", "23": "PoolMap.PoolType", "24": "RoundRobin", "25": "MemberReference", "26": "PoolMap.PoolType", "27": "ThreadLocal", "28": "valueOf"}, "edges": {"0->1": 0, "1->0": 0, "1->2": 0, "2->1": 0, "1->3": 0, "3->1": 0, "0->4": 0, "4->0": 0, "4->5": 0, "5->4": 0, "4->6": 0, "6->4": 0, "6->7": 0, "7->6": 0, "0->8": 0, "8->0": 0, "0->9": 0, "9->0": 0, "9->10": 0, "10->9": 0, "10->11": 0, "11->10": 0, "9->12": 0, "12->9": 0, "0->13": 0, "13->0": 0, "13->14": 0, "14->13": 0, "14->15": 0, "15->14": 0, "14->16": 0, "16->14": 0, "16->17": 0, "17->16": 0, "16->18": 0, "18->16": 0, "18->19": 0, "19->18": 0, "18->20": 0, "20->18": 0, "16->21": 0, "21->16": 0, "14->22": 0, "22->14": 0, "22->23": 0, "23->22": 0, "22->24": 0, "24->22": 0, "14->25": 0, "25->14": 0, "25->26": 0, "26->25": 0, "25->27": 0, "27->25": 0, "14->28": 0, "28->14": 0, "1->4": 1, "4->1": 12, "4->8": 1, "8->4": 12, "8->9": 1, "9->8": 12, "9->13": 1, "13->9": 12, "2->3": 2, "3->2": 3, "5->6": 1, "6->5": 12, "10->12": 1, "12->10": 12, "15->16": 1, "16->15": 12, "16->22": 1, "22->16": 12, "22->25": 1, "25->22": 12, "25->28": 1, "28->25": 12, "17->18": 1, "18->17": 12, "18->21": 1, "21->18": 12, "19->20": 2, "20->19": 3, "23->24": 2, "24->23": 3, "26->27": 2, "27->26": 3, "3->5": 2, "5->3": 3, "5->7": 2, "7->5": 3, "7->8": 2, "8->7": 3, "8->11": 2, "11->8": 3, "11->12": 2, "12->11": 3, "12->15": 2, "15->12": 3, "15->17": 2, "17->15": 3, "17->19": 2, "19->17": 3, "20->21": 2, "21->20": 3, "21->23": 2, "23->21": 3, "24->26": 2, "26->24": 3, "27->28": 2, "28->27": 3}, "metrics": [3.0, 1.0, 1.0]}