{"nodelist": ["MethodDeclaration", "{'public'}", "public", "BasicType", "boolean", "pushHead", "FormalParameter", "ReferenceType", "MutableSegment", "segment", "LocalVariableDeclaration", "ReferenceType", "ImmutableSegment", "VariableDeclarator", "immutableSegment", "MethodInvocation", "SegmentFactory", "MethodInvocation", "MemberReference", "segment", "createImmutableSegment", "instance", "SynchronizedStatement", "MemberReference", "pipeline", "LocalVariableDeclaration", "BasicType", "boolean", "VariableDeclarator", "res", "MethodInvocation", "MemberReference", "immutableSegment", "addFirst", "StatementExpression", "Assignment", "MemberReference", "readOnlyCopy", "ClassCreator", "ReferenceType", "LinkedList", "MemberReference", "pipeline", "=", "ReturnStatement", "MemberReference", "res"], "nodes": {"0": "MethodDeclaration", "1": "Modifier", "2": "public", "3": "BasicType", "4": "boolean", "5": "pushHead", "6": "FormalParameter", "7": "ReferenceType", "8": "MutableSegment", "9": "segment", "10": "LocalVariableDeclaration", "11": "ReferenceType", "12": "ImmutableSegment", "13": "VariableDeclarator", "14": "immutableSegment", "15": "MethodInvocation", "16": "SegmentFactory", "17": "MethodInvocation", "18": "MemberReference", "19": "segment", "20": "createImmutableSegment", "21": "instance", "22": "SynchronizedStatement", "23": "MemberReference", "24": "pipeline", "25": "LocalVariableDeclaration", "26": "BasicType", "27": "boolean", "28": "VariableDeclarator", "29": "res", "30": "MethodInvocation", "31": "MemberReference", "32": "immutableSegment", "33": "addFirst", "34": "StatementExpression", "35": "Assignment", "36": "MemberReference", "37": "readOnlyCopy", "38": "ClassCreator", "39": "ReferenceType", "40": "LinkedList", "41": "MemberReference", "42": "pipeline", "43": "=", "44": "ReturnStatement", "45": "MemberReference", "46": "res"}, "edges": {"0->1": 0, "1->0": 0, "1->2": 0, "2->1": 0, "0->3": 0, "3->0": 0, "3->4": 0, "4->3": 0, "0->5": 0, "5->0": 0, "0->6": 0, "6->0": 0, "6->7": 0, "7->6": 0, "7->8": 0, "8->7": 0, "6->9": 0, "9->6": 0, "0->10": 0, "10->0": 0, "10->11": 0, "11->10": 0, "11->12": 0, "12->11": 0, "10->13": 0, "13->10": 0, "13->14": 0, "14->13": 0, "13->15": 0, "15->13": 0, "15->16": 0, "16->15": 0, "15->17": 0, "17->15": 0, "17->18": 0, "18->17": 0, "18->19": 0, "19->18": 0, "17->20": 0, "20->17": 0, "15->21": 0, "21->15": 0, "0->22": 0, "22->0": 0, "22->23": 0, "23->22": 0, "23->24": 0, "24->23": 0, "22->25": 0, "25->22": 0, "25->26": 0, "26->25": 0, "26->27": 0, "27->26": 0, "25->28": 0, "28->25": 0, "28->29": 0, "29->28": 0, "28->30": 0, "30->28": 0, "30->31": 0, "31->30": 0, "31->32": 0, "32->31": 0, "30->33": 0, "33->30": 0, "22->34": 0, "34->22": 0, "34->35": 0, "35->34": 0, "35->36": 0, "36->35": 0, "36->37": 0, "37->36": 0, "35->38": 0, "38->35": 0, "38->39": 0, "39->38": 0, "39->40": 0, "40->39": 0, "38->41": 0, "41->38": 0, "41->42": 0, "42->41": 0, "35->43": 0, "43->35": 0, "22->44": 0, "44->22": 0, "44->45": 0, "45->44": 0, "45->46": 0, "46->45": 0, "1->3": 1, "3->1": 12, "3->5": 1, "5->3": 12, "5->6": 1, "6->5": 12, "6->10": 1, "10->6": 12, "10->22": 1, "22->10": 12, "7->9": 1, "9->7": 12, "11->13": 1, "13->11": 12, "14->15": 1, "15->14": 12, "16->17": 1, "17->16": 12, "17->21": 1, "21->17": 12, "18->20": 1, "20->18": 12, "23->25": 1, "25->23": 12, "25->34": 1, "34->25": 12, "34->44": 1, "44->34": 12, "26->28": 1, "28->26": 12, "29->30": 1, "30->29": 12, "31->33": 1, "33->31": 12, "36->38": 1, "38->36": 12, "38->43": 1, "43->38": 12, "39->41": 1, "41->39": 12, "2->4": 2, "4->2": 3, "4->5": 2, "5->4": 3, "5->8": 2, "8->5": 3, "8->9": 2, "9->8": 3, "9->12": 2, "12->9": 3, "12->14": 2, "14->12": 3, "14->16": 2, "16->14": 3, "16->19": 2, "19->16": 3, "19->20": 2, "20->19": 3, "20->21": 2, "21->20": 3, "21->24": 2, "24->21": 3, "24->27": 2, "27->24": 3, "27->29": 2, "29->27": 3, "29->32": 2, "32->29": 3, "32->33": 2, "33->32": 3, "33->37": 2, "37->33": 3, "37->40": 2, "40->37": 3, "40->42": 2, "42->40": 3, "42->43": 2, "43->42": 3, "43->46": 2, "46->43": 3, "24->42": 4, "42->24": 5}, "metrics": [8.0, 1.0, 1.0]}