{"nodelist": ["MethodDeclaration", "{'public'}", "public", "ReferenceType", "TScan", "setFilterString", "FormalParameter", "Annotation", "org.apache.thrift.annotation.Nullable", "ReferenceType", "java", "ReferenceType", "nio", "ReferenceType", "ByteBuffer", "filterString", "StatementExpression", "Assignment", "This", "MemberReference", "filterString", "MethodInvocation", "org.apache.thrift.TBaseHelper", "MemberReference", "filterString", "copyBinary", "=", "ReturnStatement", "This"], "nodes": {"0": "MethodDeclaration", "1": "Modifier", "2": "public", "3": "ReferenceType", "4": "TScan", "5": "setFilterString", "6": "FormalParameter", "7": "Annotation", "8": "org.apache.thrift.annotation.Nullable", "9": "ReferenceType", "10": "java", "11": "ReferenceType", "12": "nio", "13": "ReferenceType", "14": "ByteBuffer", "15": "filterString", "16": "StatementExpression", "17": "Assignment", "18": "This", "19": "MemberReference", "20": "filterString", "21": "MethodInvocation", "22": "org.apache.thrift.TBaseHelper", "23": "MemberReference", "24": "filterString", "25": "copyBinary", "26": "=", "27": "ReturnStatement", "28": "This"}, "edges": {"0->1": 0, "1->0": 0, "1->2": 0, "2->1": 0, "0->3": 0, "3->0": 0, "3->4": 0, "4->3": 0, "0->5": 0, "5->0": 0, "0->6": 0, "6->0": 0, "6->7": 0, "7->6": 0, "7->8": 0, "8->7": 0, "6->9": 0, "9->6": 0, "9->10": 0, "10->9": 0, "9->11": 0, "11->9": 0, "11->12": 0, "12->11": 0, "11->13": 0, "13->11": 0, "13->14": 0, "14->13": 0, "6->15": 0, "15->6": 0, "0->16": 0, "16->0": 0, "16->17": 0, "17->16": 0, "17->18": 0, "18->17": 0, "18->19": 0, "19->18": 0, "19->20": 0, "20->19": 0, "17->21": 0, "21->17": 0, "21->22": 0, "22->21": 0, "21->23": 0, "23->21": 0, "23->24": 0, "24->23": 0, "21->25": 0, "25->21": 0, "17->26": 0, "26->17": 0, "0->27": 0, "27->0": 0, "27->28": 0, "28->27": 0, "1->3": 1, "3->1": 12, "3->5": 1, "5->3": 12, "5->6": 1, "6->5": 12, "6->16": 1, "16->6": 12, "16->27": 1, "27->16": 12, "7->9": 1, "9->7": 12, "9->15": 1, "15->9": 12, "10->11": 1, "11->10": 12, "12->13": 1, "13->12": 12, "18->21": 1, "21->18": 12, "21->26": 1, "26->21": 12, "22->23": 1, "23->22": 12, "23->25": 1, "25->23": 12, "2->4": 2, "4->2": 3, "4->5": 2, "5->4": 3, "5->8": 2, "8->5": 3, "8->10": 2, "10->8": 3, "10->12": 2, "12->10": 3, "12->14": 2, "14->12": 3, "14->15": 2, "15->14": 3, "15->20": 2, "20->15": 3, "20->22": 2, "22->20": 3, "22->24": 2, "24->22": 3, "24->25": 2, "25->24": 3, "25->26": 2, "26->25": 3, "26->28": 2, "28->26": 3, "20->24": 4, "24->20": 5}, "metrics": [4.0, 1.0, 1.0]}