{"nodelist": ["MethodDeclaration", "{'public'}", "public", "Annotation", "Override", "prePut", "FormalParameter", "{'final'}", "final", "ReferenceType", "ObserverContext", "TypeArgument", "ReferenceType", "RegionCoprocessorEnvironment", "c", "FormalParameter", "{'final'}", "final", "ReferenceType", "Put", "put", "FormalParameter", "{'final'}", "final", "ReferenceType", "WALEdit", "edit", "FormalParameter", "{'final'}", "final", "ReferenceType", "Durability", "durability", "IOException", "StatementExpression", "MethodInvocation", "Literal", "\"put\"", "MethodInvocation", "c", "getEnvironment", "MethodInvocation", "put", "getRow", "MethodInvocation", "put", "getFamilyCellMap", "MethodInvocation", "put", "getTimeStamp", "Literal", "false", "MemberReference", "Permission.Action", "WRITE", "requireCoveringPermission", "LocalVariableDeclaration", "BasicType", "byte", "VariableDeclarator", "bytes", "MethodInvocation", "put", "MemberReference", "AccessControlConstants", "OP_ATTRIBUTE_ACL", "getAttribute", "IfStatement", "BinaryOperation", "!=", "MemberReference", "bytes", "Literal", "null", "BlockStatement", "IfStatement", "MemberReference", "canPersistCellACLs", "BlockStatement", "StatementExpression", "MethodInvocation", "MemberReference", "bytes", "MethodInvocation", "put", "getFamilyCellMap", "addCellPermissions", "BlockStatement", "ThrowStatement", "ClassCreator", "ReferenceType", "DoNotRetryIOException", "Literal", "\"Cell ACLs cannot be persisted\""], "nodes": {"0": "MethodDeclaration", "1": "Modifier", "2": "public", "3": "Annotation", "4": "Override", "5": "prePut", "6": "FormalParameter", "7": "Modifier", "8": "final", "9": "ReferenceType", "10": "ObserverContext", "11": "TypeArgument", "12": "ReferenceType", "13": "RegionCoprocessorEnvironment", "14": "c", "15": "FormalParameter", "16": "Modifier", "17": "final", "18": "ReferenceType", "19": "Put", "20": "put", "21": "FormalParameter", "22": "Modifier", "23": "final", "24": "ReferenceType", "25": "WALEdit", "26": "edit", "27": "FormalParameter", "28": "Modifier", "29": "final", "30": "ReferenceType", "31": "Durability", "32": "durability", "33": "IOException", "34": "StatementExpression", "35": "MethodInvocation", "36": "Literal", "37": "\"put\"", "38": "MethodInvocation", "39": "c", "40": "getEnvironment", "41": "MethodInvocation", "42": "put", "43": "getRow", "44": "MethodInvocation", "45": "put", "46": "getFamilyCellMap", "47": "MethodInvocation", "48": "put", "49": "getTimeStamp", "50": "Literal", "51": "false", "52": "MemberReference", "53": "Permission.Action", "54": "WRITE", "55": "requireCoveringPermission", "56": "LocalVariableDeclaration", "57": "BasicType", "58": "byte", "59": "VariableDeclarator", "60": "bytes", "61": "MethodInvocation", "62": "put", "63": "MemberReference", "64": "AccessControlConstants", "65": "OP_ATTRIBUTE_ACL", "66": "getAttribute", "67": "IfStatement", "68": "BinaryOperation", "69": "!=", "70": "MemberReference", "71": "bytes", "72": "Literal", "73": "null", "74": "BlockStatement", "75": "IfStatement", "76": "MemberReference", "77": "canPersistCellACLs", "78": "BlockStatement", "79": "StatementExpression", "80": "MethodInvocation", "81": "MemberReference", "82": "bytes", "83": "MethodInvocation", "84": "put", "85": "getFamilyCellMap", "86": "addCellPermissions", "87": "BlockStatement", "88": "ThrowStatement", "89": "ClassCreator", "90": "ReferenceType", "91": "DoNotRetryIOException", "92": "Literal", "93": "\"Cell ACLs cannot be persisted\""}, "edges": {"0->1": 0, "1->0": 0, "1->2": 0, "2->1": 0, "0->3": 0, "3->0": 0, "3->4": 0, "4->3": 0, "0->5": 0, "5->0": 0, "0->6": 0, "6->0": 0, "6->7": 0, "7->6": 0, "7->8": 0, "8->7": 0, "6->9": 0, "9->6": 0, "9->10": 0, "10->9": 0, "9->11": 0, "11->9": 0, "11->12": 0, "12->11": 0, "12->13": 0, "13->12": 0, "6->14": 0, "14->6": 0, "0->15": 0, "15->0": 0, "15->16": 0, "16->15": 0, "16->17": 0, "17->16": 0, "15->18": 0, "18->15": 0, "18->19": 0, "19->18": 0, "15->20": 0, "20->15": 0, "0->21": 0, "21->0": 0, "21->22": 0, "22->21": 0, "22->23": 0, "23->22": 0, "21->24": 0, "24->21": 0, "24->25": 0, "25->24": 0, "21->26": 0, "26->21": 0, "0->27": 0, "27->0": 0, "27->28": 0, "28->27": 0, "28->29": 0, "29->28": 0, "27->30": 0, "30->27": 0, "30->31": 0, "31->30": 0, "27->32": 0, "32->27": 0, "0->33": 0, "33->0": 0, "0->34": 0, "34->0": 0, "34->35": 0, "35->34": 0, "35->36": 0, "36->35": 0, "36->37": 0, "37->36": 0, "35->38": 0, "38->35": 0, "38->39": 0, "39->38": 0, "38->40": 0, "40->38": 0, "35->41": 0, "41->35": 0, "41->42": 0, "42->41": 0, "41->43": 0, "43->41": 0, "35->44": 0, "44->35": 0, "44->45": 0, "45->44": 0, "44->46": 0, "46->44": 0, "35->47": 0, "47->35": 0, "47->48": 0, "48->47": 0, "47->49": 0, "49->47": 0, "35->50": 0, "50->35": 0, "50->51": 0, "51->50": 0, "35->52": 0, "52->35": 0, "52->53": 0, "53->52": 0, "52->54": 0, "54->52": 0, "35->55": 0, "55->35": 0, "0->56": 0, "56->0": 0, "56->57": 0, "57->56": 0, "57->58": 0, "58->57": 0, "56->59": 0, "59->56": 0, "59->60": 0, "60->59": 0, "59->61": 0, "61->59": 0, "61->62": 0, "62->61": 0, "61->63": 0, "63->61": 0, "63->64": 0, "64->63": 0, "63->65": 0, "65->63": 0, "61->66": 0, "66->61": 0, "0->67": 0, "67->0": 0, "67->68": 0, "68->67": 0, "68->69": 0, "69->68": 0, "68->70": 0, "70->68": 0, "70->71": 0, "71->70": 0, "68->72": 0, "72->68": 0, "72->73": 0, "73->72": 0, "67->74": 0, "74->67": 0, "74->75": 0, "75->74": 0, "75->76": 0, "76->75": 0, "76->77": 0, "77->76": 0, "75->78": 0, "78->75": 0, "78->79": 0, "79->78": 0, "79->80": 0, "80->79": 0, "80->81": 0, "81->80": 0, "81->82": 0, "82->81": 0, "80->83": 0, "83->80": 0, "83->84": 0, "84->83": 0, "83->85": 0, "85->83": 0, "80->86": 0, "86->80": 0, "75->87": 0, "87->75": 0, "87->88": 0, "88->87": 0, "88->89": 0, "89->88": 0, "89->90": 0, "90->89": 0, "90->91": 0, "91->90": 0, "89->92": 0, "92->89": 0, "92->93": 0, "93->92": 0, "1->3": 1, "3->1": 12, "3->5": 1, "5->3": 12, "5->6": 1, "6->5": 12, "6->15": 1, "15->6": 12, "15->21": 1, "21->15": 12, "21->27": 1, "27->21": 12, "27->33": 1, "33->27": 12, "33->34": 1, "34->33": 12, "34->56": 1, "56->34": 12, "56->67": 1, "67->56": 12, "7->9": 1, "9->7": 12, "9->14": 1, "14->9": 12, "10->11": 1, "11->10": 12, "16->18": 1, "18->16": 12, "18->20": 1, "20->18": 12, "22->24": 1, "24->22": 12, "24->26": 1, "26->24": 12, "28->30": 1, "30->28": 12, "30->32": 1, "32->30": 12, "36->38": 1, "38->36": 12, "38->41": 1, "41->38": 12, "41->44": 1, "44->41": 12, "44->47": 1, "47->44": 12, "47->50": 1, "50->47": 12, "50->52": 1, "52->50": 12, "52->55": 1, "55->52": 12, "39->40": 2, "40->39": 3, "42->43": 2, "43->42": 3, "45->46": 2, "46->45": 3, "48->49": 2, "49->48": 3, "53->54": 2, "54->53": 3, "57->59": 1, "59->57": 12, "60->61": 1, "61->60": 12, "62->63": 1, "63->62": 12, "63->66": 1, "66->63": 12, "64->65": 2, "65->64": 3, "68->74": 6, "74->68": 6, "69->70": 1, "70->69": 12, "70->72": 1, "72->70": 12, "76->78": 6, "78->76": 6, "78->87": 1, "87->78": 12, "81->83": 1, "83->81": 12, "83->86": 1, "86->83": 12, "84->85": 2, "85->84": 3, "90->92": 1, "92->90": 12, "76->87": 7, "87->76": 7, "2->4": 2, "4->2": 3, "4->5": 2, "5->4": 3, "5->8": 2, "8->5": 3, "8->10": 2, "10->8": 3, "10->13": 2, "13->10": 3, "13->14": 2, "14->13": 3, "14->17": 2, "17->14": 3, "17->19": 2, "19->17": 3, "19->20": 2, "20->19": 3, "20->23": 2, "23->20": 3, "23->25": 2, "25->23": 3, "25->26": 2, "26->25": 3, "26->29": 2, "29->26": 3, "29->31": 2, "31->29": 3, "31->32": 2, "32->31": 3, "32->33": 2, "33->32": 3, "33->37": 2, "37->33": 3, "37->39": 2, "39->37": 3, "40->42": 2, "42->40": 3, "43->45": 2, "45->43": 3, "46->48": 2, "48->46": 3, "49->51": 2, "51->49": 3, "51->53": 2, "53->51": 3, "54->55": 2, "55->54": 3, "55->58": 2, "58->55": 3, "58->60": 2, "60->58": 3, "60->62": 2, "62->60": 3, "62->64": 2, "64->62": 3, "65->66": 2, "66->65": 3, "66->69": 2, "69->66": 3, "69->71": 2, "71->69": 3, "71->73": 2, "73->71": 3, "73->77": 2, "77->73": 3, "77->82": 2, "82->77": 3, "82->84": 2, "84->82": 3, "85->86": 2, "86->85": 3, "86->91": 2, "91->86": 3, "91->93": 2, "93->91": 3, "71->82": 4, "82->71": 5}, "metrics": [12.0, 3.0, 4.0]}