{"nodelist": ["MethodDeclaration", "{'public'}", "public", "Annotation", "Before", "setupBasicMocks", "IOException", "ServiceException", "StatementExpression", "Assignment", "MemberReference", "rs", "MethodInvocation", "Mockito", "ClassReference", "ReferenceType", "HRegionServer", "mock", "=", "StatementExpression", "Assignment", "MemberReference", "rpcServices", "MethodInvocation", "Mockito", "ClassReference", "ReferenceType", "RSRpcServices", "mock", "=", "StatementExpression", "Assignment", "MemberReference", "rpcServer", "MethodInvocation", "Mockito", "ClassReference", "ReferenceType", "RpcServerInterface", "mock", "=", "StatementExpression", "MethodInvocation", "Mockito", "MethodInvocation", "MemberReference", "rs", "when", "MethodInvocation", "getConfiguration", "MethodInvocation", "HBaseConfiguration", "create", "doReturn", "StatementExpression", "MethodInvocation", "Mockito", "MethodInvocation", "MemberReference", "rs", "when", "MethodInvocation", "getRSRpcServices", "MemberReference", "rpcServices", "doReturn", "StatementExpression", "MethodInvocation", "Mockito", "MethodInvocation", "MemberReference", "rs", "when", "MethodInvocation", "getRpcServer", "MemberReference", "rpcServer", "doReturn", "StatementExpression", "MethodInvocation", "Mockito", "MethodInvocation", "MemberReference", "rpcServices", "when", "MethodInvocation", "MethodInvocation", "Mockito", "any", "MethodInvocation", "Mockito", "any", "getServerInfo", "MemberReference", "fakeResponse", "doReturn", "LocalVariableDeclaration", "ReferenceType", "ZKWatcher", "VariableDeclarator", "zkw", "MethodInvocation", "Mockito", "ClassReference", "ReferenceType", "ZKWatcher", "mock", "StatementExpression", "MethodInvocation", "Mockito", "MethodInvocation", "MemberReference", "zkw", "when", "MethodInvocation", "getQuorum", "Literal", "\"fakequorum\"", "doReturn", "StatementExpression", "MethodInvocation", "Mockito", "MethodInvocation", "MemberReference", "rs", "when", "MethodInvocation", "getZooKeeper", "MemberReference", "zkw", "doReturn", "StatementExpression", "MethodInvocation", "LOG", "BinaryOperation", "+", "BinaryOperation", "+", "Literal", "\"The \"", "MemberReference", "HConstants", "HFILE_BLOCK_CACHE_SIZE_KEY", "Literal", "\" is set to 0\"", "warn", "StatementExpression", "MethodInvocation", "Mockito", "MethodInvocation", "MemberReference", "rs", "when", "MethodInvocation", "getBlockCache", "MethodInvocation", "Optional", "empty", "doReturn", "LocalVariableDeclaration", "ReferenceType", "MasterAddressTracker", "VariableDeclarator", "mat", "MethodInvocation", "Mockito", "ClassReference", "ReferenceType", "MasterAddressTracker", "mock", "StatementExpression", "MethodInvocation", "Mockito", "MethodInvocation", "MemberReference", "mat", "when", "MethodInvocation", "getMasterAddress", "MemberReference", "fakeMasterAddress", "doReturn", "StatementExpression", "MethodInvocation", "Mockito", "MethodInvocation", "MemberReference", "rs", "when", "MethodInvocation", "getMasterAddressTracker", "MemberReference", "mat", "doReturn", "LocalVariableDeclaration", "ReferenceType", "MetricsRegionServer", "VariableDeclarator", "rms", "MethodInvocation", "Mockito", "ClassReference", "ReferenceType", "MetricsRegionServer", "mock", "StatementExpression", "MethodInvocation", "Mockito", "MethodInvocation", "MemberReference", "rms", "when", "MethodInvocation", "getRegionServerWrapper", "ClassCreator", "ReferenceType", "MetricsRegionServerWrapperStub", "doReturn", "StatementExpression", "MethodInvocation", "Mockito", "MethodInvocation", "MemberReference", "rs", "when", "MethodInvocation", "getMetrics", "MemberReference", "rms", "doReturn", "LocalVariableDeclaration", "ReferenceType", "MetricsHBaseServer", "VariableDeclarator", "ms", "MethodInvocation", "Mockito", "ClassReference", "ReferenceType", "MetricsHBaseServer", "mock", "StatementExpression", "MethodInvocation", "Mockito", "MethodInvocation", "MemberReference", "ms", "when", "MethodInvocation", "getHBaseServerWrapper", "ClassCreator", "ReferenceType", "MetricsHBaseServerWrapperStub", "doReturn", "StatementExpression", "MethodInvocation", "Mockito", "MethodInvocation", "MemberReference", "rpcServer", "when", "MethodInvocation", "getMetrics", "MemberReference", "ms", "doReturn", "StatementExpression", "MethodInvocation", "Mockito", "MethodInvocation", "MemberReference", "rpcServer", "when", "MethodInvocation", "getByteBuffAllocator", "MemberReference", "ByteBuffAllocator", "HEAP", "doReturn"], "nodes": {"0": "MethodDeclaration", "1": "Modifier", "2": "public", "3": "Annotation", "4": "Before", "5": "setupBasicMocks", "6": "IOException", "7": "ServiceException", "8": "StatementExpression", "9": "Assignment", "10": "MemberReference", "11": "rs", "12": "MethodInvocation", "13": "Mockito", "14": "ClassReference", "15": "ReferenceType", "16": "HRegionServer", "17": "mock", "18": "=", "19": "StatementExpression", "20": "Assignment", "21": "MemberReference", "22": "rpcServices", "23": "MethodInvocation", "24": "Mockito", "25": "ClassReference", "26": "ReferenceType", "27": "RSRpcServices", "28": "mock", "29": "=", "30": "StatementExpression", "31": "Assignment", "32": "MemberReference", "33": "rpcServer", "34": "MethodInvocation", "35": "Mockito", "36": "ClassReference", "37": "ReferenceType", "38": "RpcServerInterface", "39": "mock", "40": "=", "41": "StatementExpression", "42": "MethodInvocation", "43": "Mockito", "44": "MethodInvocation", "45": "MemberReference", "46": "rs", "47": "when", "48": "MethodInvocation", "49": "getConfiguration", "50": "MethodInvocation", "51": "HBaseConfiguration", "52": "create", "53": "doReturn", "54": "StatementExpression", "55": "MethodInvocation", "56": "Mockito", "57": "MethodInvocation", "58": "MemberReference", "59": "rs", "60": "when", "61": "MethodInvocation", "62": "getRSRpcServices", "63": "MemberReference", "64": "rpcServices", "65": "doReturn", "66": "StatementExpression", "67": "MethodInvocation", "68": "Mockito", "69": "MethodInvocation", "70": "MemberReference", "71": "rs", "72": "when", "73": "MethodInvocation", "74": "getRpcServer", "75": "MemberReference", "76": "rpcServer", "77": "doReturn", "78": "StatementExpression", "79": "MethodInvocation", "80": "Mockito", "81": "MethodInvocation", "82": "MemberReference", "83": "rpcServices", "84": "when", "85": "MethodInvocation", "86": "MethodInvocation", "87": "Mockito", "88": "any", "89": "MethodInvocation", "90": "Mockito", "91": "any", "92": "getServerInfo", "93": "MemberReference", "94": "fakeResponse", "95": "doReturn", "96": "LocalVariableDeclaration", "97": "ReferenceType", "98": "ZKWatcher", "99": "VariableDeclarator", "100": "zkw", "101": "MethodInvocation", "102": "Mockito", "103": "ClassReference", "104": "ReferenceType", "105": "ZKWatcher", "106": "mock", "107": "StatementExpression", "108": "MethodInvocation", "109": "Mockito", "110": "MethodInvocation", "111": "MemberReference", "112": "zkw", "113": "when", "114": "MethodInvocation", "115": "getQuorum", "116": "Literal", "117": "\"fakequorum\"", "118": "doReturn", "119": "StatementExpression", "120": "MethodInvocation", "121": "Mockito", "122": "MethodInvocation", "123": "MemberReference", "124": "rs", "125": "when", "126": "MethodInvocation", "127": "getZooKeeper", "128": "MemberReference", "129": "zkw", "130": "doReturn", "131": "StatementExpression", "132": "MethodInvocation", "133": "LOG", "134": "BinaryOperation", "135": "+", "136": "BinaryOperation", "137": "+", "138": "Literal", "139": "\"The \"", "140": "MemberReference", "141": "HConstants", "142": "HFILE_BLOCK_CACHE_SIZE_KEY", "143": "Literal", "144": "\" is set to 0\"", "145": "warn", "146": "StatementExpression", "147": "MethodInvocation", "148": "Mockito", "149": "MethodInvocation", "150": "MemberReference", "151": "rs", "152": "when", "153": "MethodInvocation", "154": "getBlockCache", "155": "MethodInvocation", "156": "Optional", "157": "empty", "158": "doReturn", "159": "LocalVariableDeclaration", "160": "ReferenceType", "161": "MasterAddressTracker", "162": "VariableDeclarator", "163": "mat", "164": "MethodInvocation", "165": "Mockito", "166": "ClassReference", "167": "ReferenceType", "168": "MasterAddressTracker", "169": "mock", "170": "StatementExpression", "171": "MethodInvocation", "172": "Mockito", "173": "MethodInvocation", "174": "MemberReference", "175": "mat", "176": "when", "177": "MethodInvocation", "178": "getMasterAddress", "179": "MemberReference", "180": "fakeMasterAddress", "181": "doReturn", "182": "StatementExpression", "183": "MethodInvocation", "184": "Mockito", "185": "MethodInvocation", "186": "MemberReference", "187": "rs", "188": "when", "189": "MethodInvocation", "190": "getMasterAddressTracker", "191": "MemberReference", "192": "mat", "193": "doReturn", "194": "LocalVariableDeclaration", "195": "ReferenceType", "196": "MetricsRegionServer", "197": "VariableDeclarator", "198": "rms", "199": "MethodInvocation", "200": "Mockito", "201": "ClassReference", "202": "ReferenceType", "203": "MetricsRegionServer", "204": "mock", "205": "StatementExpression", "206": "MethodInvocation", "207": "Mockito", "208": "MethodInvocation", "209": "MemberReference", "210": "rms", "211": "when", "212": "MethodInvocation", "213": "getRegionServerWrapper", "214": "ClassCreator", "215": "ReferenceType", "216": "MetricsRegionServerWrapperStub", "217": "doReturn", "218": "StatementExpression", "219": "MethodInvocation", "220": "Mockito", "221": "MethodInvocation", "222": "MemberReference", "223": "rs", "224": "when", "225": "MethodInvocation", "226": "getMetrics", "227": "MemberReference", "228": "rms", "229": "doReturn", "230": "LocalVariableDeclaration", "231": "ReferenceType", "232": "MetricsHBaseServer", "233": "VariableDeclarator", "234": "ms", "235": "MethodInvocation", "236": "Mockito", "237": "ClassReference", "238": "ReferenceType", "239": "MetricsHBaseServer", "240": "mock", "241": "StatementExpression", "242": "MethodInvocation", "243": "Mockito", "244": "MethodInvocation", "245": "MemberReference", "246": "ms", "247": "when", "248": "MethodInvocation", "249": "getHBaseServerWrapper", "250": "ClassCreator", "251": "ReferenceType", "252": "MetricsHBaseServerWrapperStub", "253": "doReturn", "254": "StatementExpression", "255": "MethodInvocation", "256": "Mockito", "257": "MethodInvocation", "258": "MemberReference", "259": "rpcServer", "260": "when", "261": "MethodInvocation", "262": "getMetrics", "263": "MemberReference", "264": "ms", "265": "doReturn", "266": "StatementExpression", "267": "MethodInvocation", "268": "Mockito", "269": "MethodInvocation", "270": "MemberReference", "271": "rpcServer", "272": "when", "273": "MethodInvocation", "274": "getByteBuffAllocator", "275": "MemberReference", "276": "ByteBuffAllocator", "277": "HEAP", "278": "doReturn"}, "edges": {"0->1": 0, "1->0": 0, "1->2": 0, "2->1": 0, "0->3": 0, "3->0": 0, "3->4": 0, "4->3": 0, "0->5": 0, "5->0": 0, "0->6": 0, "6->0": 0, "0->7": 0, "7->0": 0, "0->8": 0, "8->0": 0, "8->9": 0, "9->8": 0, "9->10": 0, "10->9": 0, "10->11": 0, "11->10": 0, "9->12": 0, "12->9": 0, "12->13": 0, "13->12": 0, "12->14": 0, "14->12": 0, "14->15": 0, "15->14": 0, "15->16": 0, "16->15": 0, "12->17": 0, "17->12": 0, "9->18": 0, "18->9": 0, "0->19": 0, "19->0": 0, "19->20": 0, "20->19": 0, "20->21": 0, "21->20": 0, "21->22": 0, "22->21": 0, "20->23": 0, "23->20": 0, "23->24": 0, "24->23": 0, "23->25": 0, "25->23": 0, "25->26": 0, "26->25": 0, "26->27": 0, "27->26": 0, "23->28": 0, "28->23": 0, "20->29": 0, "29->20": 0, "0->30": 0, "30->0": 0, "30->31": 0, "31->30": 0, "31->32": 0, "32->31": 0, "32->33": 0, "33->32": 0, "31->34": 0, "34->31": 0, "34->35": 0, "35->34": 0, "34->36": 0, "36->34": 0, "36->37": 0, "37->36": 0, "37->38": 0, "38->37": 0, "34->39": 0, "39->34": 0, "31->40": 0, "40->31": 0, "0->41": 0, "41->0": 0, "41->42": 0, "42->41": 0, "42->43": 0, "43->42": 0, "42->44": 0, "44->42": 0, "44->45": 0, "45->44": 0, "45->46": 0, "46->45": 0, "44->47": 0, "47->44": 0, "42->48": 0, "48->42": 0, "48->49": 0, "49->48": 0, "42->50": 0, "50->42": 0, "50->51": 0, "51->50": 0, "50->52": 0, "52->50": 0, "42->53": 0, "53->42": 0, "0->54": 0, "54->0": 0, "54->55": 0, "55->54": 0, "55->56": 0, "56->55": 0, "55->57": 0, "57->55": 0, "57->58": 0, "58->57": 0, "58->59": 0, "59->58": 0, "57->60": 0, "60->57": 0, "55->61": 0, "61->55": 0, "61->62": 0, "62->61": 0, "55->63": 0, "63->55": 0, "63->64": 0, "64->63": 0, "55->65": 0, "65->55": 0, "0->66": 0, "66->0": 0, "66->67": 0, "67->66": 0, "67->68": 0, "68->67": 0, "67->69": 0, "69->67": 0, "69->70": 0, "70->69": 0, "70->71": 0, "71->70": 0, "69->72": 0, "72->69": 0, "67->73": 0, "73->67": 0, "73->74": 0, "74->73": 0, "67->75": 0, "75->67": 0, "75->76": 0, "76->75": 0, "67->77": 0, "77->67": 0, "0->78": 0, "78->0": 0, "78->79": 0, "79->78": 0, "79->80": 0, "80->79": 0, "79->81": 0, "81->79": 0, "81->82": 0, "82->81": 0, "82->83": 0, "83->82": 0, "81->84": 0, "84->81": 0, "79->85": 0, "85->79": 0, "85->86": 0, "86->85": 0, "86->87": 0, "87->86": 0, "86->88": 0, "88->86": 0, "85->89": 0, "89->85": 0, "89->90": 0, "90->89": 0, "89->91": 0, "91->89": 0, "85->92": 0, "92->85": 0, "79->93": 0, "93->79": 0, "93->94": 0, "94->93": 0, "79->95": 0, "95->79": 0, "0->96": 0, "96->0": 0, "96->97": 0, "97->96": 0, "97->98": 0, "98->97": 0, "96->99": 0, "99->96": 0, "99->100": 0, "100->99": 0, "99->101": 0, "101->99": 0, "101->102": 0, "102->101": 0, "101->103": 0, "103->101": 0, "103->104": 0, "104->103": 0, "104->105": 0, "105->104": 0, "101->106": 0, "106->101": 0, "0->107": 0, "107->0": 0, "107->108": 0, "108->107": 0, "108->109": 0, "109->108": 0, "108->110": 0, "110->108": 0, "110->111": 0, "111->110": 0, "111->112": 0, "112->111": 0, "110->113": 0, "113->110": 0, "108->114": 0, "114->108": 0, "114->115": 0, "115->114": 0, "108->116": 0, "116->108": 0, "116->117": 0, "117->116": 0, "108->118": 0, "118->108": 0, "0->119": 0, "119->0": 0, "119->120": 0, "120->119": 0, "120->121": 0, "121->120": 0, "120->122": 0, "122->120": 0, "122->123": 0, "123->122": 0, "123->124": 0, "124->123": 0, "122->125": 0, "125->122": 0, "120->126": 0, "126->120": 0, "126->127": 0, "127->126": 0, "120->128": 0, "128->120": 0, "128->129": 0, "129->128": 0, "120->130": 0, "130->120": 0, "0->131": 0, "131->0": 0, "131->132": 0, "132->131": 0, "132->133": 0, "133->132": 0, "132->134": 0, "134->132": 0, "134->135": 0, "135->134": 0, "134->136": 0, "136->134": 0, "136->137": 0, "137->136": 0, "136->138": 0, "138->136": 0, "138->139": 0, "139->138": 0, "136->140": 0, "140->136": 0, "140->141": 0, "141->140": 0, "140->142": 0, "142->140": 0, "134->143": 0, "143->134": 0, "143->144": 0, "144->143": 0, "132->145": 0, "145->132": 0, "0->146": 0, "146->0": 0, "146->147": 0, "147->146": 0, "147->148": 0, "148->147": 0, "147->149": 0, "149->147": 0, "149->150": 0, "150->149": 0, "150->151": 0, "151->150": 0, "149->152": 0, "152->149": 0, "147->153": 0, "153->147": 0, "153->154": 0, "154->153": 0, "147->155": 0, "155->147": 0, "155->156": 0, "156->155": 0, "155->157": 0, "157->155": 0, "147->158": 0, "158->147": 0, "0->159": 0, "159->0": 0, "159->160": 0, "160->159": 0, "160->161": 0, "161->160": 0, "159->162": 0, "162->159": 0, "162->163": 0, "163->162": 0, "162->164": 0, "164->162": 0, "164->165": 0, "165->164": 0, "164->166": 0, "166->164": 0, "166->167": 0, "167->166": 0, "167->168": 0, "168->167": 0, "164->169": 0, "169->164": 0, "0->170": 0, "170->0": 0, "170->171": 0, "171->170": 0, "171->172": 0, "172->171": 0, "171->173": 0, "173->171": 0, "173->174": 0, "174->173": 0, "174->175": 0, "175->174": 0, "173->176": 0, "176->173": 0, "171->177": 0, "177->171": 0, "177->178": 0, "178->177": 0, "171->179": 0, "179->171": 0, "179->180": 0, "180->179": 0, "171->181": 0, "181->171": 0, "0->182": 0, "182->0": 0, "182->183": 0, "183->182": 0, "183->184": 0, "184->183": 0, "183->185": 0, "185->183": 0, "185->186": 0, "186->185": 0, "186->187": 0, "187->186": 0, "185->188": 0, "188->185": 0, "183->189": 0, "189->183": 0, "189->190": 0, "190->189": 0, "183->191": 0, "191->183": 0, "191->192": 0, "192->191": 0, "183->193": 0, "193->183": 0, "0->194": 0, "194->0": 0, "194->195": 0, "195->194": 0, "195->196": 0, "196->195": 0, "194->197": 0, "197->194": 0, "197->198": 0, "198->197": 0, "197->199": 0, "199->197": 0, "199->200": 0, "200->199": 0, "199->201": 0, "201->199": 0, "201->202": 0, "202->201": 0, "202->203": 0, "203->202": 0, "199->204": 0, "204->199": 0, "0->205": 0, "205->0": 0, "205->206": 0, "206->205": 0, "206->207": 0, "207->206": 0, "206->208": 0, "208->206": 0, "208->209": 0, "209->208": 0, "209->210": 0, "210->209": 0, "208->211": 0, "211->208": 0, "206->212": 0, "212->206": 0, "212->213": 0, "213->212": 0, "206->214": 0, "214->206": 0, "214->215": 0, "215->214": 0, "215->216": 0, "216->215": 0, "206->217": 0, "217->206": 0, "0->218": 0, "218->0": 0, "218->219": 0, "219->218": 0, "219->220": 0, "220->219": 0, "219->221": 0, "221->219": 0, "221->222": 0, "222->221": 0, "222->223": 0, "223->222": 0, "221->224": 0, "224->221": 0, "219->225": 0, "225->219": 0, "225->226": 0, "226->225": 0, "219->227": 0, "227->219": 0, "227->228": 0, "228->227": 0, "219->229": 0, "229->219": 0, "0->230": 0, "230->0": 0, "230->231": 0, "231->230": 0, "231->232": 0, "232->231": 0, "230->233": 0, "233->230": 0, "233->234": 0, "234->233": 0, "233->235": 0, "235->233": 0, "235->236": 0, "236->235": 0, "235->237": 0, "237->235": 0, "237->238": 0, "238->237": 0, "238->239": 0, "239->238": 0, "235->240": 0, "240->235": 0, "0->241": 0, "241->0": 0, "241->242": 0, "242->241": 0, "242->243": 0, "243->242": 0, "242->244": 0, "244->242": 0, "244->245": 0, "245->244": 0, "245->246": 0, "246->245": 0, "244->247": 0, "247->244": 0, "242->248": 0, "248->242": 0, "248->249": 0, "249->248": 0, "242->250": 0, "250->242": 0, "250->251": 0, "251->250": 0, "251->252": 0, "252->251": 0, "242->253": 0, "253->242": 0, "0->254": 0, "254->0": 0, "254->255": 0, "255->254": 0, "255->256": 0, "256->255": 0, "255->257": 0, "257->255": 0, "257->258": 0, "258->257": 0, "258->259": 0, "259->258": 0, "257->260": 0, "260->257": 0, "255->261": 0, "261->255": 0, "261->262": 0, "262->261": 0, "255->263": 0, "263->255": 0, "263->264": 0, "264->263": 0, "255->265": 0, "265->255": 0, "0->266": 0, "266->0": 0, "266->267": 0, "267->266": 0, "267->268": 0, "268->267": 0, "267->269": 0, "269->267": 0, "269->270": 0, "270->269": 0, "270->271": 0, "271->270": 0, "269->272": 0, "272->269": 0, "267->273": 0, "273->267": 0, "273->274": 0, "274->273": 0, "267->275": 0, "275->267": 0, "275->276": 0, "276->275": 0, "275->277": 0, "277->275": 0, "267->278": 0, "278->267": 0, "1->3": 1, "3->1": 12, "3->5": 1, "5->3": 12, "5->6": 2, "6->5": 3, "6->7": 2, "7->6": 3, "7->8": 1, "8->7": 12, "8->19": 1, "19->8": 12, "19->30": 1, "30->19": 12, "30->41": 1, "41->30": 12, "41->54": 1, "54->41": 12, "54->66": 1, "66->54": 12, "66->78": 1, "78->66": 12, "78->96": 1, "96->78": 12, "96->107": 1, "107->96": 12, "107->119": 1, "119->107": 12, "119->131": 1, "131->119": 12, "131->146": 1, "146->131": 12, "146->159": 1, "159->146": 12, "159->170": 1, "170->159": 12, "170->182": 1, "182->170": 12, "182->194": 1, "194->182": 12, "194->205": 1, "205->194": 12, "205->218": 1, "218->205": 12, "218->230": 1, "230->218": 12, "230->241": 1, "241->230": 12, "241->254": 1, "254->241": 12, "254->266": 1, "266->254": 12, "10->12": 1, "12->10": 12, "12->18": 1, "18->12": 12, "13->14": 1, "14->13": 12, "14->17": 1, "17->14": 12, "21->23": 1, "23->21": 12, "23->29": 1, "29->23": 12, "24->25": 1, "25->24": 12, "25->28": 1, "28->25": 12, "32->34": 1, "34->32": 12, "34->40": 1, "40->34": 12, "35->36": 1, "36->35": 12, "36->39": 1, "39->36": 12, "43->44": 1, "44->43": 12, "44->48": 1, "48->44": 12, "48->50": 1, "50->48": 12, "50->53": 1, "53->50": 12, "45->47": 1, "47->45": 12, "51->52": 2, "52->51": 3, "56->57": 1, "57->56": 12, "57->61": 1, "61->57": 12, "61->63": 1, "63->61": 12, "63->65": 1, "65->63": 12, "58->60": 1, "60->58": 12, "68->69": 1, "69->68": 12, "69->73": 1, "73->69": 12, "73->75": 1, "75->73": 12, "75->77": 1, "77->75": 12, "70->72": 1, "72->70": 12, "80->81": 1, "81->80": 12, "81->85": 1, "85->81": 12, "85->93": 1, "93->85": 12, "93->95": 1, "95->93": 12, "82->84": 1, "84->82": 12, "86->89": 1, "89->86": 12, "89->92": 1, "92->89": 12, "87->88": 2, "88->87": 3, "90->91": 2, "91->90": 3, "97->99": 1, "99->97": 12, "100->101": 1, "101->100": 12, "102->103": 1, "103->102": 12, "103->106": 1, "106->103": 12, "109->110": 1, "110->109": 12, "110->114": 1, "114->110": 12, "114->116": 1, "116->114": 12, "116->118": 1, "118->116": 12, "111->113": 1, "113->111": 12, "121->122": 1, "122->121": 12, "122->126": 1, "126->122": 12, "126->128": 1, "128->126": 12, "128->130": 1, "130->128": 12, "123->125": 1, "125->123": 12, "133->134": 1, "134->133": 12, "134->145": 1, "145->134": 12, "135->136": 1, "136->135": 12, "136->143": 1, "143->136": 12, "137->138": 1, "138->137": 12, "138->140": 1, "140->138": 12, "141->142": 2, "142->141": 3, "148->149": 1, "149->148": 12, "149->153": 1, "153->149": 12, "153->155": 1, "155->153": 12, "155->158": 1, "158->155": 12, "150->152": 1, "152->150": 12, "156->157": 2, "157->156": 3, "160->162": 1, "162->160": 12, "163->164": 1, "164->163": 12, "165->166": 1, "166->165": 12, "166->169": 1, "169->166": 12, "172->173": 1, "173->172": 12, "173->177": 1, "177->173": 12, "177->179": 1, "179->177": 12, "179->181": 1, "181->179": 12, "174->176": 1, "176->174": 12, "184->185": 1, "185->184": 12, "185->189": 1, "189->185": 12, "189->191": 1, "191->189": 12, "191->193": 1, "193->191": 12, "186->188": 1, "188->186": 12, "195->197": 1, "197->195": 12, "198->199": 1, "199->198": 12, "200->201": 1, "201->200": 12, "201->204": 1, "204->201": 12, "207->208": 1, "208->207": 12, "208->212": 1, "212->208": 12, "212->214": 1, "214->212": 12, "214->217": 1, "217->214": 12, "209->211": 1, "211->209": 12, "220->221": 1, "221->220": 12, "221->225": 1, "225->221": 12, "225->227": 1, "227->225": 12, "227->229": 1, "229->227": 12, "222->224": 1, "224->222": 12, "231->233": 1, "233->231": 12, "234->235": 1, "235->234": 12, "236->237": 1, "237->236": 12, "237->240": 1, "240->237": 12, "243->244": 1, "244->243": 12, "244->248": 1, "248->244": 12, "248->250": 1, "250->248": 12, "250->253": 1, "253->250": 12, "245->247": 1, "247->245": 12, "256->257": 1, "257->256": 12, "257->261": 1, "261->257": 12, "261->263": 1, "263->261": 12, "263->265": 1, "265->263": 12, "258->260": 1, "260->258": 12, "268->269": 1, "269->268": 12, "269->273": 1, "273->269": 12, "273->275": 1, "275->273": 12, "275->278": 1, "278->275": 12, "270->272": 1, "272->270": 12, "276->277": 2, "277->276": 3, "2->4": 2, "4->2": 3, "4->5": 2, "5->4": 3, "7->11": 2, "11->7": 3, "11->13": 2, "13->11": 3, "13->16": 2, "16->13": 3, "16->17": 2, "17->16": 3, "17->18": 2, "18->17": 3, "18->22": 2, "22->18": 3, "22->24": 2, "24->22": 3, "24->27": 2, "27->24": 3, "27->28": 2, "28->27": 3, "28->29": 2, "29->28": 3, "29->33": 2, "33->29": 3, "33->35": 2, "35->33": 3, "35->38": 2, "38->35": 3, "38->39": 2, "39->38": 3, "39->40": 2, "40->39": 3, "40->43": 2, "43->40": 3, "43->46": 2, "46->43": 3, "46->47": 2, "47->46": 3, "47->49": 2, "49->47": 3, "49->51": 2, "51->49": 3, "52->53": 2, "53->52": 3, "53->56": 2, "56->53": 3, "56->59": 2, "59->56": 3, "59->60": 2, "60->59": 3, "60->62": 2, "62->60": 3, "62->64": 2, "64->62": 3, "64->65": 2, "65->64": 3, "65->68": 2, "68->65": 3, "68->71": 2, "71->68": 3, "71->72": 2, "72->71": 3, "72->74": 2, "74->72": 3, "74->76": 2, "76->74": 3, "76->77": 2, "77->76": 3, "77->80": 2, "80->77": 3, "80->83": 2, "83->80": 3, "83->84": 2, "84->83": 3, "84->87": 2, "87->84": 3, "88->90": 2, "90->88": 3, "91->92": 2, "92->91": 3, "92->94": 2, "94->92": 3, "94->95": 2, "95->94": 3, "95->98": 2, "98->95": 3, "98->100": 2, "100->98": 3, "100->102": 2, "102->100": 3, "102->105": 2, "105->102": 3, "105->106": 2, "106->105": 3, "106->109": 2, "109->106": 3, "109->112": 2, "112->109": 3, "112->113": 2, "113->112": 3, "113->115": 2, "115->113": 3, "115->117": 2, "117->115": 3, "117->118": 2, "118->117": 3, "118->121": 2, "121->118": 3, "121->124": 2, "124->121": 3, "124->125": 2, "125->124": 3, "125->127": 2, "127->125": 3, "127->129": 2, "129->127": 3, "129->130": 2, "130->129": 3, "130->133": 2, "133->130": 3, "133->135": 2, "135->133": 3, "135->137": 2, "137->135": 3, "137->139": 2, "139->137": 3, "139->141": 2, "141->139": 3, "142->144": 2, "144->142": 3, "144->145": 2, "145->144": 3, "145->148": 2, "148->145": 3, "148->151": 2, "151->148": 3, "151->152": 2, "152->151": 3, "152->154": 2, "154->152": 3, "154->156": 2, "156->154": 3, "157->158": 2, "158->157": 3, "158->161": 2, "161->158": 3, "161->163": 2, "163->161": 3, "163->165": 2, "165->163": 3, "165->168": 2, "168->165": 3, "168->169": 2, "169->168": 3, "169->172": 2, "172->169": 3, "172->175": 2, "175->172": 3, "175->176": 2, "176->175": 3, "176->178": 2, "178->176": 3, "178->180": 2, "180->178": 3, "180->181": 2, "181->180": 3, "181->184": 2, "184->181": 3, "184->187": 2, "187->184": 3, "187->188": 2, "188->187": 3, "188->190": 2, "190->188": 3, "190->192": 2, "192->190": 3, "192->193": 2, "193->192": 3, "193->196": 2, "196->193": 3, "196->198": 2, "198->196": 3, "198->200": 2, "200->198": 3, "200->203": 2, "203->200": 3, "203->204": 2, "204->203": 3, "204->207": 2, "207->204": 3, "207->210": 2, "210->207": 3, "210->211": 2, "211->210": 3, "211->213": 2, "213->211": 3, "213->216": 2, "216->213": 3, "216->217": 2, "217->216": 3, "217->220": 2, "220->217": 3, "220->223": 2, "223->220": 3, "223->224": 2, "224->223": 3, "224->226": 2, "226->224": 3, "226->228": 2, "228->226": 3, "228->229": 2, "229->228": 3, "229->232": 2, "232->229": 3, "232->234": 2, "234->232": 3, "234->236": 2, "236->234": 3, "236->239": 2, "239->236": 3, "239->240": 2, "240->239": 3, "240->243": 2, "243->240": 3, "243->246": 2, "246->243": 3, "246->247": 2, "247->246": 3, "247->249": 2, "249->247": 3, "249->252": 2, "252->249": 3, "252->253": 2, "253->252": 3, "253->256": 2, "256->253": 3, "256->259": 2, "259->256": 3, "259->260": 2, "260->259": 3, "260->262": 2, "262->260": 3, "262->264": 2, "264->262": 3, "264->265": 2, "265->264": 3, "265->268": 2, "268->265": 3, "268->271": 2, "271->268": 3, "271->272": 2, "272->271": 3, "272->274": 2, "274->272": 3, "274->276": 2, "276->274": 3, "277->278": 2, "278->277": 3, "11->46": 4, "46->11": 5, "46->59": 4, "59->46": 5, "59->71": 4, "71->59": 5, "71->124": 4, "124->71": 5, "124->151": 4, "151->124": 5, "151->187": 4, "187->151": 5, "187->223": 4, "223->187": 5, "22->64": 4, "64->22": 5, "64->83": 4, "83->64": 5, "33->76": 4, "76->33": 5, "76->259": 4, "259->76": 5, "259->271": 4, "271->259": 5, "112->129": 4, "129->112": 5, "175->192": 4, "192->175": 5, "210->228": 4, "228->210": 5, "246->264": 4, "264->246": 5}, "metrics": [24.0, 1.0, 0.0]}