{"nodelist": ["MethodDeclaration", "ReferenceType", "Set", "TypeArgument", "ReferenceType", "String", "getStoresRequiringCompaction", "FormalParameter", "ReferenceType", "Set", "TypeArgument", "ReferenceType", "String", "requestedStores", "IOException", "TryStatement", "TryResource", "ReferenceType", "Connection", "connection", "MethodInvocation", "MemberReference", "configuration", "getConnection", "LocalVariableDeclaration", "ReferenceType", "HRegionFileSystem", "VariableDeclarator", "fileSystem", "MethodInvocation", "MemberReference", "connection", "getFileSystem", "LocalVariableDeclaration", "ReferenceType", "Set", "TypeArgument", "ReferenceType", "String", "VariableDeclarator", "familiesToCompact", "MethodInvocation", "Sets", "newHashSet", "ForStatement", "EnhancedForControl", "VariableDeclaration", "ReferenceType", "String", "VariableDeclarator", "family", "MemberReference", "requestedStores", "BlockStatement", "LocalVariableDeclaration", "ReferenceType", "Collection", "TypeArgument", "ReferenceType", "StoreFileInfo", "VariableDeclarator", "storeFiles", "MethodInvocation", "fileSystem", "MemberReference", "family", "getStoreFiles", "IfStatement", "BinaryOperation", "==", "MemberReference", "storeFiles", "Literal", "null", "BlockStatement", "StatementExpression", "MethodInvocation", "LOG", "BinaryOperation", "+", "BinaryOperation", "+", "BinaryOperation", "+", "Literal", "\"Excluding store: \"", "MemberReference", "family", "Literal", "\" for compaction for region:  \"", "MethodInvocation", "fileSystem", "MethodInvocation", "getEncodedName", "getRegionInfo", "Literal", "\" has no store files\"", "info", "ContinueStatement", "IfStatement", "BinaryOperation", "&&", "MethodInvocation", "fileSystem", "MemberReference", "family", "hasReferences", "MethodInvocation", "MemberReference", "fileSystem", "MemberReference", "family", "familyHasReferenceFile", "BlockStatement", "StatementExpression", "MethodInvocation", "familiesToCompact", "MemberReference", "family", "add", "StatementExpression", "MethodInvocation", "LOG", "BinaryOperation", "+", "BinaryOperation", "+", "BinaryOperation", "+", "BinaryOperation", "+", "BinaryOperation", "+", "Literal", "\"Including store: \"", "MemberReference", "family", "Literal", "\" with: \"", "MethodInvocation", "storeFiles", "size", "Literal", "\" files for compaction for region: \"", "MethodInvocation", "fileSystem", "MethodInvocation", "getEncodedName", "getRegionInfo", "info", "ContinueStatement", "LocalVariableDeclaration", "BasicType", "boolean", "VariableDeclarator", "includeStore", "Literal", "false", "ForStatement", "EnhancedForControl", "VariableDeclaration", "ReferenceType", "StoreFileInfo", "VariableDeclarator", "storeFile", "MemberReference", "storeFiles", "BlockStatement", "IfStatement", "BinaryOperation", "<", "MethodInvocation", "storeFile", "getModificationTime", "MemberReference", "timestamp", "BlockStatement", "StatementExpression", "MethodInvocation", "LOG", "BinaryOperation", "+", "BinaryOperation", "+", "BinaryOperation", "+", "BinaryOperation", "+", "BinaryOperation", "+", "Literal", "\"Including store: \"", "MemberReference", "family", "Literal", "\" with: \"", "MethodInvocation", "storeFiles", "size", "Literal", "\" files for compaction for region: \"", "MethodInvocation", "fileSystem", "MethodInvocation", "getEncodedName", "getRegionInfo", "info", "StatementExpression", "MethodInvocation", "familiesToCompact", "MemberReference", "family", "add", "StatementExpression", "Assignment", "MemberReference", "includeStore", "Literal", "true", "=", "BreakStatement", "IfStatement", "MemberReference", "!", "includeStore", "BlockStatement", "StatementExpression", "MethodInvocation", "LOG", "BinaryOperation", "+", "BinaryOperation", "+", "BinaryOperation", "+", "Literal", "\"Excluding store: \"", "MemberReference", "family", "Literal", "\" for compaction for region:  \"", "MethodInvocation", "fileSystem", "MethodInvocation", "getEncodedName", "getRegionInfo", "Literal", "\" already compacted\"", "info", "ReturnStatement", "MemberReference", "familiesToCompact"], "nodes": {"0": "MethodDeclaration", "1": "ReferenceType", "2": "Set", "3": "TypeArgument", "4": "ReferenceType", "5": "String", "6": "getStoresRequiringCompaction", "7": "FormalParameter", "8": "ReferenceType", "9": "Set", "10": "TypeArgument", "11": "ReferenceType", "12": "String", "13": "requestedStores", "14": "IOException", "15": "TryStatement", "16": "TryResource", "17": "ReferenceType", "18": "Connection", "19": "connection", "20": "MethodInvocation", "21": "MemberReference", "22": "configuration", "23": "getConnection", "24": "LocalVariableDeclaration", "25": "ReferenceType", "26": "HRegionFileSystem", "27": "VariableDeclarator", "28": "fileSystem", "29": "MethodInvocation", "30": "MemberReference", "31": "connection", "32": "getFileSystem", "33": "LocalVariableDeclaration", "34": "ReferenceType", "35": "Set", "36": "TypeArgument", "37": "ReferenceType", "38": "String", "39": "VariableDeclarator", "40": "familiesToCompact", "41": "MethodInvocation", "42": "Sets", "43": "newHashSet", "44": "ForStatement", "45": "EnhancedForControl", "46": "VariableDeclaration", "47": "ReferenceType", "48": "String", "49": "VariableDeclarator", "50": "family", "51": "MemberReference", "52": "requestedStores", "53": "BlockStatement", "54": "LocalVariableDeclaration", "55": "ReferenceType", "56": "Collection", "57": "TypeArgument", "58": "ReferenceType", "59": "StoreFileInfo", "60": "VariableDeclarator", "61": "storeFiles", "62": "MethodInvocation", "63": "fileSystem", "64": "MemberReference", "65": "family", "66": "getStoreFiles", "67": "IfStatement", "68": "BinaryOperation", "69": "==", "70": "MemberReference", "71": "storeFiles", "72": "Literal", "73": "null", "74": "BlockStatement", "75": "StatementExpression", "76": "MethodInvocation", "77": "LOG", "78": "BinaryOperation", "79": "+", "80": "BinaryOperation", "81": "+", "82": "BinaryOperation", "83": "+", "84": "Literal", "85": "\"Excluding store: \"", "86": "MemberReference", "87": "family", "88": "Literal", "89": "\" for compaction for region:  \"", "90": "MethodInvocation", "91": "fileSystem", "92": "MethodInvocation", "93": "getEncodedName", "94": "getRegionInfo", "95": "Literal", "96": "\" has no store files\"", "97": "info", "98": "ContinueStatement", "99": "IfStatement", "100": "BinaryOperation", "101": "&&", "102": "MethodInvocation", "103": "fileSystem", "104": "MemberReference", "105": "family", "106": "hasReferences", "107": "MethodInvocation", "108": "MemberReference", "109": "fileSystem", "110": "MemberReference", "111": "family", "112": "familyHasReferenceFile", "113": "BlockStatement", "114": "StatementExpression", "115": "MethodInvocation", "116": "familiesToCompact", "117": "MemberReference", "118": "family", "119": "add", "120": "StatementExpression", "121": "MethodInvocation", "122": "LOG", "123": "BinaryOperation", "124": "+", "125": "BinaryOperation", "126": "+", "127": "BinaryOperation", "128": "+", "129": "BinaryOperation", "130": "+", "131": "BinaryOperation", "132": "+", "133": "Literal", "134": "\"Including store: \"", "135": "MemberReference", "136": "family", "137": "Literal", "138": "\" with: \"", "139": "MethodInvocation", "140": "storeFiles", "141": "size", "142": "Literal", "143": "\" files for compaction for region: \"", "144": "MethodInvocation", "145": "fileSystem", "146": "MethodInvocation", "147": "getEncodedName", "148": "getRegionInfo", "149": "info", "150": "ContinueStatement", "151": "LocalVariableDeclaration", "152": "BasicType", "153": "boolean", "154": "VariableDeclarator", "155": "includeStore", "156": "Literal", "157": "false", "158": "ForStatement", "159": "EnhancedForControl", "160": "VariableDeclaration", "161": "ReferenceType", "162": "StoreFileInfo", "163": "VariableDeclarator", "164": "storeFile", "165": "MemberReference", "166": "storeFiles", "167": "BlockStatement", "168": "IfStatement", "169": "BinaryOperation", "170": "<", "171": "MethodInvocation", "172": "storeFile", "173": "getModificationTime", "174": "MemberReference", "175": "timestamp", "176": "BlockStatement", "177": "StatementExpression", "178": "MethodInvocation", "179": "LOG", "180": "BinaryOperation", "181": "+", "182": "BinaryOperation", "183": "+", "184": "BinaryOperation", "185": "+", "186": "BinaryOperation", "187": "+", "188": "BinaryOperation", "189": "+", "190": "Literal", "191": "\"Including store: \"", "192": "MemberReference", "193": "family", "194": "Literal", "195": "\" with: \"", "196": "MethodInvocation", "197": "storeFiles", "198": "size", "199": "Literal", "200": "\" files for compaction for region: \"", "201": "MethodInvocation", "202": "fileSystem", "203": "MethodInvocation", "204": "getEncodedName", "205": "getRegionInfo", "206": "info", "207": "StatementExpression", "208": "MethodInvocation", "209": "familiesToCompact", "210": "MemberReference", "211": "family", "212": "add", "213": "StatementExpression", "214": "Assignment", "215": "MemberReference", "216": "includeStore", "217": "Literal", "218": "true", "219": "=", "220": "BreakStatement", "221": "IfStatement", "222": "MemberReference", "223": "!", "224": "includeStore", "225": "BlockStatement", "226": "StatementExpression", "227": "MethodInvocation", "228": "LOG", "229": "BinaryOperation", "230": "+", "231": "BinaryOperation", "232": "+", "233": "BinaryOperation", "234": "+", "235": "Literal", "236": "\"Excluding store: \"", "237": "MemberReference", "238": "family", "239": "Literal", "240": "\" for compaction for region:  \"", "241": "MethodInvocation", "242": "fileSystem", "243": "MethodInvocation", "244": "getEncodedName", "245": "getRegionInfo", "246": "Literal", "247": "\" already compacted\"", "248": "info", "249": "ReturnStatement", "250": "MemberReference", "251": "familiesToCompact"}, "edges": {"0->1": 0, "1->0": 0, "1->2": 0, "2->1": 0, "1->3": 0, "3->1": 0, "3->4": 0, "4->3": 0, "4->5": 0, "5->4": 0, "0->6": 0, "6->0": 0, "0->7": 0, "7->0": 0, "7->8": 0, "8->7": 0, "8->9": 0, "9->8": 0, "8->10": 0, "10->8": 0, "10->11": 0, "11->10": 0, "11->12": 0, "12->11": 0, "7->13": 0, "13->7": 0, "0->14": 0, "14->0": 0, "0->15": 0, "15->0": 0, "15->16": 0, "16->15": 0, "16->17": 0, "17->16": 0, "17->18": 0, "18->17": 0, "16->19": 0, "19->16": 0, "16->20": 0, "20->16": 0, "20->21": 0, "21->20": 0, "21->22": 0, "22->21": 0, "20->23": 0, "23->20": 0, "15->24": 0, "24->15": 0, "24->25": 0, "25->24": 0, "25->26": 0, "26->25": 0, "24->27": 0, "27->24": 0, "27->28": 0, "28->27": 0, "27->29": 0, "29->27": 0, "29->30": 0, "30->29": 0, "30->31": 0, "31->30": 0, "29->32": 0, "32->29": 0, "15->33": 0, "33->15": 0, "33->34": 0, "34->33": 0, "34->35": 0, "35->34": 0, "34->36": 0, "36->34": 0, "36->37": 0, "37->36": 0, "37->38": 0, "38->37": 0, "33->39": 0, "39->33": 0, "39->40": 0, "40->39": 0, "39->41": 0, "41->39": 0, "41->42": 0, "42->41": 0, "41->43": 0, "43->41": 0, "15->44": 0, "44->15": 0, "44->45": 0, "45->44": 0, "45->46": 0, "46->45": 0, "46->47": 0, "47->46": 0, "47->48": 0, "48->47": 0, "46->49": 0, "49->46": 0, "49->50": 0, "50->49": 0, "45->51": 0, "51->45": 0, "51->52": 0, "52->51": 0, "44->53": 0, "53->44": 0, "53->54": 0, "54->53": 0, "54->55": 0, "55->54": 0, "55->56": 0, "56->55": 0, "55->57": 0, "57->55": 0, "57->58": 0, "58->57": 0, "58->59": 0, "59->58": 0, "54->60": 0, "60->54": 0, "60->61": 0, "61->60": 0, "60->62": 0, "62->60": 0, "62->63": 0, "63->62": 0, "62->64": 0, "64->62": 0, "64->65": 0, "65->64": 0, "62->66": 0, "66->62": 0, "53->67": 0, "67->53": 0, "67->68": 0, "68->67": 0, "68->69": 0, "69->68": 0, "68->70": 0, "70->68": 0, "70->71": 0, "71->70": 0, "68->72": 0, "72->68": 0, "72->73": 0, "73->72": 0, "67->74": 0, "74->67": 0, "74->75": 0, "75->74": 0, "75->76": 0, "76->75": 0, "76->77": 0, "77->76": 0, "76->78": 0, "78->76": 0, "78->79": 0, "79->78": 0, "78->80": 0, "80->78": 0, "80->81": 0, "81->80": 0, "80->82": 0, "82->80": 0, "82->83": 0, "83->82": 0, "82->84": 0, "84->82": 0, "84->85": 0, "85->84": 0, "82->86": 0, "86->82": 0, "86->87": 0, "87->86": 0, "80->88": 0, "88->80": 0, "88->89": 0, "89->88": 0, "78->90": 0, "90->78": 0, "90->91": 0, "91->90": 0, "90->92": 0, "92->90": 0, "92->93": 0, "93->92": 0, "90->94": 0, "94->90": 0, "76->95": 0, "95->76": 0, "95->96": 0, "96->95": 0, "76->97": 0, "97->76": 0, "74->98": 0, "98->74": 0, "53->99": 0, "99->53": 0, "99->100": 0, "100->99": 0, "100->101": 0, "101->100": 0, "100->102": 0, "102->100": 0, "102->103": 0, "103->102": 0, "102->104": 0, "104->102": 0, "104->105": 0, "105->104": 0, "102->106": 0, "106->102": 0, "100->107": 0, "107->100": 0, "107->108": 0, "108->107": 0, "108->109": 0, "109->108": 0, "107->110": 0, "110->107": 0, "110->111": 0, "111->110": 0, "107->112": 0, "112->107": 0, "99->113": 0, "113->99": 0, "113->114": 0, "114->113": 0, "114->115": 0, "115->114": 0, "115->116": 0, "116->115": 0, "115->117": 0, "117->115": 0, "117->118": 0, "118->117": 0, "115->119": 0, "119->115": 0, "113->120": 0, "120->113": 0, "120->121": 0, "121->120": 0, "121->122": 0, "122->121": 0, "121->123": 0, "123->121": 0, "123->124": 0, "124->123": 0, "123->125": 0, "125->123": 0, "125->126": 0, "126->125": 0, "125->127": 0, "127->125": 0, "127->128": 0, "128->127": 0, "127->129": 0, "129->127": 0, "129->130": 0, "130->129": 0, "129->131": 0, "131->129": 0, "131->132": 0, "132->131": 0, "131->133": 0, "133->131": 0, "133->134": 0, "134->133": 0, "131->135": 0, "135->131": 0, "135->136": 0, "136->135": 0, "129->137": 0, "137->129": 0, "137->138": 0, "138->137": 0, "127->139": 0, "139->127": 0, "139->140": 0, "140->139": 0, "139->141": 0, "141->139": 0, "125->142": 0, "142->125": 0, "142->143": 0, "143->142": 0, "123->144": 0, "144->123": 0, "144->145": 0, "145->144": 0, "144->146": 0, "146->144": 0, "146->147": 0, "147->146": 0, "144->148": 0, "148->144": 0, "121->149": 0, "149->121": 0, "113->150": 0, "150->113": 0, "53->151": 0, "151->53": 0, "151->152": 0, "152->151": 0, "152->153": 0, "153->152": 0, "151->154": 0, "154->151": 0, "154->155": 0, "155->154": 0, "154->156": 0, "156->154": 0, "156->157": 0, "157->156": 0, "53->158": 0, "158->53": 0, "158->159": 0, "159->158": 0, "159->160": 0, "160->159": 0, "160->161": 0, "161->160": 0, "161->162": 0, "162->161": 0, "160->163": 0, "163->160": 0, "163->164": 0, "164->163": 0, "159->165": 0, "165->159": 0, "165->166": 0, "166->165": 0, "158->167": 0, "167->158": 0, "167->168": 0, "168->167": 0, "168->169": 0, "169->168": 0, "169->170": 0, "170->169": 0, "169->171": 0, "171->169": 0, "171->172": 0, "172->171": 0, "171->173": 0, "173->171": 0, "169->174": 0, "174->169": 0, "174->175": 0, "175->174": 0, "168->176": 0, "176->168": 0, "176->177": 0, "177->176": 0, "177->178": 0, "178->177": 0, "178->179": 0, "179->178": 0, "178->180": 0, "180->178": 0, "180->181": 0, "181->180": 0, "180->182": 0, "182->180": 0, "182->183": 0, "183->182": 0, "182->184": 0, "184->182": 0, "184->185": 0, "185->184": 0, "184->186": 0, "186->184": 0, "186->187": 0, "187->186": 0, "186->188": 0, "188->186": 0, "188->189": 0, "189->188": 0, "188->190": 0, "190->188": 0, "190->191": 0, "191->190": 0, "188->192": 0, "192->188": 0, "192->193": 0, "193->192": 0, "186->194": 0, "194->186": 0, "194->195": 0, "195->194": 0, "184->196": 0, "196->184": 0, "196->197": 0, "197->196": 0, "196->198": 0, "198->196": 0, "182->199": 0, "199->182": 0, "199->200": 0, "200->199": 0, "180->201": 0, "201->180": 0, "201->202": 0, "202->201": 0, "201->203": 0, "203->201": 0, "203->204": 0, "204->203": 0, "201->205": 0, "205->201": 0, "178->206": 0, "206->178": 0, "176->207": 0, "207->176": 0, "207->208": 0, "208->207": 0, "208->209": 0, "209->208": 0, "208->210": 0, "210->208": 0, "210->211": 0, "211->210": 0, "208->212": 0, "212->208": 0, "176->213": 0, "213->176": 0, "213->214": 0, "214->213": 0, "214->215": 0, "215->214": 0, "215->216": 0, "216->215": 0, "214->217": 0, "217->214": 0, "217->218": 0, "218->217": 0, "214->219": 0, "219->214": 0, "176->220": 0, "220->176": 0, "53->221": 0, "221->53": 0, "221->222": 0, "222->221": 0, "222->223": 0, "223->222": 0, "222->224": 0, "224->222": 0, "221->225": 0, "225->221": 0, "225->226": 0, "226->225": 0, "226->227": 0, "227->226": 0, "227->228": 0, "228->227": 0, "227->229": 0, "229->227": 0, "229->230": 0, "230->229": 0, "229->231": 0, "231->229": 0, "231->232": 0, "232->231": 0, "231->233": 0, "233->231": 0, "233->234": 0, "234->233": 0, "233->235": 0, "235->233": 0, "235->236": 0, "236->235": 0, "233->237": 0, "237->233": 0, "237->238": 0, "238->237": 0, "231->239": 0, "239->231": 0, "239->240": 0, "240->239": 0, "229->241": 0, "241->229": 0, "241->242": 0, "242->241": 0, "241->243": 0, "243->241": 0, "243->244": 0, "244->243": 0, "241->245": 0, "245->241": 0, "227->246": 0, "246->227": 0, "246->247": 0, "247->246": 0, "227->248": 0, "248->227": 0, "15->249": 0, "249->15": 0, "249->250": 0, "250->249": 0, "250->251": 0, "251->250": 0, "1->6": 1, "6->1": 12, "6->7": 1, "7->6": 12, "7->14": 1, "14->7": 12, "14->15": 1, "15->14": 12, "2->3": 1, "3->2": 12, "8->13": 1, "13->8": 12, "9->10": 1, "10->9": 12, "16->24": 1, "24->16": 12, "24->33": 1, "33->24": 12, "33->44": 1, "44->33": 12, "44->249": 1, "249->44": 12, "17->19": 1, "19->17": 12, "19->20": 1, "20->19": 12, "21->23": 1, "23->21": 12, "25->27": 1, "27->25": 12, "28->29": 1, "29->28": 12, "30->32": 1, "32->30": 12, "34->39": 1, "39->34": 12, "35->36": 1, "36->35": 12, "40->41": 1, "41->40": 12, "42->43": 2, "43->42": 3, "45->53": 9, "53->45": 9, "46->51": 1, "51->46": 12, "47->49": 1, "49->47": 12, "54->67": 10, "67->54": 11, "67->99": 10, "99->67": 11, "99->151": 10, "151->99": 11, "151->158": 10, "158->151": 11, "158->221": 10, "221->158": 11, "55->60": 1, "60->55": 12, "56->57": 1, "57->56": 12, "61->62": 1, "62->61": 12, "63->64": 1, "64->63": 12, "64->66": 1, "66->64": 12, "68->74": 6, "74->68": 6, "69->70": 1, "70->69": 12, "70->72": 1, "72->70": 12, "75->98": 10, "98->75": 11, "77->78": 1, "78->77": 12, "78->95": 1, "95->78": 12, "95->97": 1, "97->95": 12, "79->80": 1, "80->79": 12, "80->90": 1, "90->80": 12, "81->82": 1, "82->81": 12, "82->88": 1, "88->82": 12, "83->84": 1, "84->83": 12, "84->86": 1, "86->84": 12, "91->92": 1, "92->91": 12, "92->94": 1, "94->92": 12, "100->113": 6, "113->100": 6, "101->102": 1, "102->101": 12, "102->107": 1, "107->102": 12, "103->104": 1, "104->103": 12, "104->106": 1, "106->104": 12, "108->110": 1, "110->108": 12, "110->112": 1, "112->110": 12, "114->120": 10, "120->114": 11, "120->150": 10, "150->120": 11, "116->117": 1, "117->116": 12, "117->119": 1, "119->117": 12, "122->123": 1, "123->122": 12, "123->149": 1, "149->123": 12, "124->125": 1, "125->124": 12, "125->144": 1, "144->125": 12, "126->127": 1, "127->126": 12, "127->142": 1, "142->127": 12, "128->129": 1, "129->128": 12, "129->139": 1, "139->129": 12, "130->131": 1, "131->130": 12, "131->137": 1, "137->131": 12, "132->133": 1, "133->132": 12, "133->135": 1, "135->133": 12, "140->141": 2, "141->140": 3, "145->146": 1, "146->145": 12, "146->148": 1, "148->146": 12, "152->154": 1, "154->152": 12, "155->156": 1, "156->155": 12, "159->167": 9, "167->159": 9, "160->165": 1, "165->160": 12, "161->163": 1, "163->161": 12, "169->176": 6, "176->169": 6, "170->171": 1, "171->170": 12, "171->174": 1, "174->171": 12, "172->173": 2, "173->172": 3, "177->207": 10, "207->177": 11, "207->213": 10, "213->207": 11, "213->220": 10, "220->213": 11, "179->180": 1, "180->179": 12, "180->206": 1, "206->180": 12, "181->182": 1, "182->181": 12, "182->201": 1, "201->182": 12, "183->184": 1, "184->183": 12, "184->199": 1, "199->184": 12, "185->186": 1, "186->185": 12, "186->196": 1, "196->186": 12, "187->188": 1, "188->187": 12, "188->194": 1, "194->188": 12, "189->190": 1, "190->189": 12, "190->192": 1, "192->190": 12, "197->198": 2, "198->197": 3, "202->203": 1, "203->202": 12, "203->205": 1, "205->203": 12, "209->210": 1, "210->209": 12, "210->212": 1, "212->210": 12, "215->217": 1, "217->215": 12, "217->219": 1, "219->217": 12, "222->225": 6, "225->222": 6, "223->224": 2, "224->223": 3, "228->229": 1, "229->228": 12, "229->246": 1, "246->229": 12, "246->248": 1, "248->246": 12, "230->231": 1, "231->230": 12, "231->241": 1, "241->231": 12, "232->233": 1, "233->232": 12, "233->239": 1, "239->233": 12, "234->235": 1, "235->234": 12, "235->237": 1, "237->235": 12, "242->243": 1, "243->242": 12, "243->245": 1, "245->243": 12, "2->5": 2, "5->2": 3, "5->6": 2, "6->5": 3, "6->9": 2, "9->6": 3, "9->12": 2, "12->9": 3, "12->13": 2, "13->12": 3, "13->14": 2, "14->13": 3, "14->18": 2, "18->14": 3, "18->19": 2, "19->18": 3, "19->22": 2, "22->19": 3, "22->23": 2, "23->22": 3, "23->26": 2, "26->23": 3, "26->28": 2, "28->26": 3, "28->31": 2, "31->28": 3, "31->32": 2, "32->31": 3, "32->35": 2, "35->32": 3, "35->38": 2, "38->35": 3, "38->40": 2, "40->38": 3, "40->42": 2, "42->40": 3, "43->48": 2, "48->43": 3, "48->50": 2, "50->48": 3, "50->52": 2, "52->50": 3, "52->56": 2, "56->52": 3, "56->59": 2, "59->56": 3, "59->61": 2, "61->59": 3, "61->63": 2, "63->61": 3, "63->65": 2, "65->63": 3, "65->66": 2, "66->65": 3, "66->69": 2, "69->66": 3, "69->71": 2, "71->69": 3, "71->73": 2, "73->71": 3, "73->77": 2, "77->73": 3, "77->79": 2, "79->77": 3, "79->81": 2, "81->79": 3, "81->83": 2, "83->81": 3, "83->85": 2, "85->83": 3, "85->87": 2, "87->85": 3, "87->89": 2, "89->87": 3, "89->91": 2, "91->89": 3, "91->93": 2, "93->91": 3, "93->94": 2, "94->93": 3, "94->96": 2, "96->94": 3, "96->97": 2, "97->96": 3, "97->98": 2, "98->97": 3, "98->101": 2, "101->98": 3, "101->103": 2, "103->101": 3, "103->105": 2, "105->103": 3, "105->106": 2, "106->105": 3, "106->109": 2, "109->106": 3, "109->111": 2, "111->109": 3, "111->112": 2, "112->111": 3, "112->116": 2, "116->112": 3, "116->118": 2, "118->116": 3, "118->119": 2, "119->118": 3, "119->122": 2, "122->119": 3, "122->124": 2, "124->122": 3, "124->126": 2, "126->124": 3, "126->128": 2, "128->126": 3, "128->130": 2, "130->128": 3, "130->132": 2, "132->130": 3, "132->134": 2, "134->132": 3, "134->136": 2, "136->134": 3, "136->138": 2, "138->136": 3, "138->140": 2, "140->138": 3, "141->143": 2, "143->141": 3, "143->145": 2, "145->143": 3, "145->147": 2, "147->145": 3, "147->148": 2, "148->147": 3, "148->149": 2, "149->148": 3, "149->150": 2, "150->149": 3, "150->153": 2, "153->150": 3, "153->155": 2, "155->153": 3, "155->157": 2, "157->155": 3, "157->162": 2, "162->157": 3, "162->164": 2, "164->162": 3, "164->166": 2, "166->164": 3, "166->170": 2, "170->166": 3, "170->172": 2, "172->170": 3, "173->175": 2, "175->173": 3, "175->179": 2, "179->175": 3, "179->181": 2, "181->179": 3, "181->183": 2, "183->181": 3, "183->185": 2, "185->183": 3, "185->187": 2, "187->185": 3, "187->189": 2, "189->187": 3, "189->191": 2, "191->189": 3, "191->193": 2, "193->191": 3, "193->195": 2, "195->193": 3, "195->197": 2, "197->195": 3, "198->200": 2, "200->198": 3, "200->202": 2, "202->200": 3, "202->204": 2, "204->202": 3, "204->205": 2, "205->204": 3, "205->206": 2, "206->205": 3, "206->209": 2, "209->206": 3, "209->211": 2, "211->209": 3, "211->212": 2, "212->211": 3, "212->216": 2, "216->212": 3, "216->218": 2, "218->216": 3, "218->219": 2, "219->218": 3, "219->220": 2, "220->219": 3, "220->223": 2, "223->220": 3, "224->228": 2, "228->224": 3, "228->230": 2, "230->228": 3, "230->232": 2, "232->230": 3, "232->234": 2, "234->232": 3, "234->236": 2, "236->234": 3, "236->238": 2, "238->236": 3, "238->240": 2, "240->238": 3, "240->242": 2, "242->240": 3, "242->244": 2, "244->242": 3, "244->245": 2, "245->244": 3, "245->247": 2, "247->245": 3, "247->248": 2, "248->247": 3, "248->251": 2, "251->248": 3, "65->87": 4, "87->65": 5, "87->105": 4, "105->87": 5, "105->111": 4, "111->105": 5, "111->118": 4, "118->111": 5, "118->136": 4, "136->118": 5, "136->193": 4, "193->136": 5, "193->211": 4, "211->193": 5, "211->238": 4, "238->211": 5, "71->166": 4, "166->71": 5, "216->224": 4, "224->216": 5}, "metrics": [31.0, 7.0, 1.0]}