{"nodelist": ["MethodDeclaration", "{'public'}", "public", "ReferenceType", "Map", "TypeArgument", "ReferenceType", "TableName", "TypeArgument", "ReferenceType", "Map", "TypeArgument", "ReferenceType", "ServerName", "TypeArgument", "ReferenceType", "List", "TypeArgument", "ReferenceType", "String", "getTableServerRegionMap", "IOException", "LocalVariableDeclaration", "ReferenceType", "Map", "TypeArgument", "ReferenceType", "TableName", "TypeArgument", "ReferenceType", "Map", "TypeArgument", "ReferenceType", "ServerName", "TypeArgument", "ReferenceType", "List", "TypeArgument", "ReferenceType", "String", "VariableDeclarator", "map", "MethodInvocation", "Maps", "newTreeMap", "LocalVariableDeclaration", "ReferenceType", "ClusterMetrics", "VariableDeclarator", "status", "MethodInvocation", "TEST_UTIL", "MethodInvocation", "getClusterMetrics", "getHBaseClusterInterface", "ForStatement", "EnhancedForControl", "VariableDeclaration", "ReferenceType", "Map", "ReferenceType", "Entry", "TypeArgument", "ReferenceType", "ServerName", "TypeArgument", "ReferenceType", "ServerMetrics", "VariableDeclarator", "entry", "MethodInvocation", "status", "MethodInvocation", "entrySet", "getLiveServerMetrics", "BlockStatement", "LocalVariableDeclaration", "ReferenceType", "ServerName", "VariableDeclarator", "serverName", "MethodInvocation", "entry", "getKey", "ForStatement", "EnhancedForControl", "VariableDeclaration", "ReferenceType", "RegionMetrics", "VariableDeclarator", "rl", "MethodInvocation", "entry", "MethodInvocation", "getRegionMetrics", "MethodInvocation", "values", "getValue", "BlockStatement", "LocalVariableDeclaration", "ReferenceType", "TableName", "VariableDeclarator", "tableName", "Literal", "null", "TryStatement", "StatementExpression", "Assignment", "MemberReference", "tableName", "MethodInvocation", "RegionInfo", "MethodInvocation", "rl", "getRegionName", "getTable", "=", "CatchClause", "CatchClauseParameter", "IllegalArgumentException", "e", "StatementExpression", "MethodInvocation", "LOG", "BinaryOperation", "+", "Literal", "\"Failed parse a table name from regionname=\"", "MethodInvocation", "Bytes", "MethodInvocation", "rl", "getRegionName", "toStringBinary", "warn", "ContinueStatement", "IfStatement", "MethodInvocation", "!", "map", "MemberReference", "tableName", "containsKey", "BlockStatement", "StatementExpression", "MethodInvocation", "map", "MemberReference", "tableName", "ClassCreator", "ReferenceType", "TreeMap", "put", "IfStatement", "MethodInvocation", "!", "map", "MethodInvocation", "MemberReference", "serverName", "containsKey", "MemberReference", "tableName", "get", "BlockStatement", "StatementExpression", "MethodInvocation", "map", "MethodInvocation", "MemberReference", "serverName", "ClassCreator", "ReferenceType", "LinkedList", "put", "MemberReference", "tableName", "get", "StatementExpression", "MethodInvocation", "map", "MethodInvocation", "MemberReference", "serverName", "get", "MethodInvocation", "MethodInvocation", "rl", "getNameAsString", "add", "MemberReference", "tableName", "get", "ReturnStatement", "MemberReference", "map"], "nodes": {"0": "MethodDeclaration", "1": "Modifier", "2": "public", "3": "ReferenceType", "4": "Map", "5": "TypeArgument", "6": "ReferenceType", "7": "TableName", "8": "TypeArgument", "9": "ReferenceType", "10": "Map", "11": "TypeArgument", "12": "ReferenceType", "13": "ServerName", "14": "TypeArgument", "15": "ReferenceType", "16": "List", "17": "TypeArgument", "18": "ReferenceType", "19": "String", "20": "getTableServerRegionMap", "21": "IOException", "22": "LocalVariableDeclaration", "23": "ReferenceType", "24": "Map", "25": "TypeArgument", "26": "ReferenceType", "27": "TableName", "28": "TypeArgument", "29": "ReferenceType", "30": "Map", "31": "TypeArgument", "32": "ReferenceType", "33": "ServerName", "34": "TypeArgument", "35": "ReferenceType", "36": "List", "37": "TypeArgument", "38": "ReferenceType", "39": "String", "40": "VariableDeclarator", "41": "map", "42": "MethodInvocation", "43": "Maps", "44": "newTreeMap", "45": "LocalVariableDeclaration", "46": "ReferenceType", "47": "ClusterMetrics", "48": "VariableDeclarator", "49": "status", "50": "MethodInvocation", "51": "TEST_UTIL", "52": "MethodInvocation", "53": "getClusterMetrics", "54": "getHBaseClusterInterface", "55": "ForStatement", "56": "EnhancedForControl", "57": "VariableDeclaration", "58": "ReferenceType", "59": "Map", "60": "ReferenceType", "61": "Entry", "62": "TypeArgument", "63": "ReferenceType", "64": "ServerName", "65": "TypeArgument", "66": "ReferenceType", "67": "ServerMetrics", "68": "VariableDeclarator", "69": "entry", "70": "MethodInvocation", "71": "status", "72": "MethodInvocation", "73": "entrySet", "74": "getLiveServerMetrics", "75": "BlockStatement", "76": "LocalVariableDeclaration", "77": "ReferenceType", "78": "ServerName", "79": "VariableDeclarator", "80": "serverName", "81": "MethodInvocation", "82": "entry", "83": "getKey", "84": "ForStatement", "85": "EnhancedForControl", "86": "VariableDeclaration", "87": "ReferenceType", "88": "RegionMetrics", "89": "VariableDeclarator", "90": "rl", "91": "MethodInvocation", "92": "entry", "93": "MethodInvocation", "94": "getRegionMetrics", "95": "MethodInvocation", "96": "values", "97": "getValue", "98": "BlockStatement", "99": "LocalVariableDeclaration", "100": "ReferenceType", "101": "TableName", "102": "VariableDeclarator", "103": "tableName", "104": "Literal", "105": "null", "106": "TryStatement", "107": "StatementExpression", "108": "Assignment", "109": "MemberReference", "110": "tableName", "111": "MethodInvocation", "112": "RegionInfo", "113": "MethodInvocation", "114": "rl", "115": "getRegionName", "116": "getTable", "117": "=", "118": "CatchClause", "119": "CatchClauseParameter", "120": "IllegalArgumentException", "121": "e", "122": "StatementExpression", "123": "MethodInvocation", "124": "LOG", "125": "BinaryOperation", "126": "+", "127": "Literal", "128": "\"Failed parse a table name from regionname=\"", "129": "MethodInvocation", "130": "Bytes", "131": "MethodInvocation", "132": "rl", "133": "getRegionName", "134": "toStringBinary", "135": "warn", "136": "ContinueStatement", "137": "IfStatement", "138": "MethodInvocation", "139": "!", "140": "map", "141": "MemberReference", "142": "tableName", "143": "containsKey", "144": "BlockStatement", "145": "StatementExpression", "146": "MethodInvocation", "147": "map", "148": "MemberReference", "149": "tableName", "150": "ClassCreator", "151": "ReferenceType", "152": "TreeMap", "153": "put", "154": "IfStatement", "155": "MethodInvocation", "156": "!", "157": "map", "158": "MethodInvocation", "159": "MemberReference", "160": "serverName", "161": "containsKey", "162": "MemberReference", "163": "tableName", "164": "get", "165": "BlockStatement", "166": "StatementExpression", "167": "MethodInvocation", "168": "map", "169": "MethodInvocation", "170": "MemberReference", "171": "serverName", "172": "ClassCreator", "173": "ReferenceType", "174": "LinkedList", "175": "put", "176": "MemberReference", "177": "tableName", "178": "get", "179": "StatementExpression", "180": "MethodInvocation", "181": "map", "182": "MethodInvocation", "183": "MemberReference", "184": "serverName", "185": "get", "186": "MethodInvocation", "187": "MethodInvocation", "188": "rl", "189": "getNameAsString", "190": "add", "191": "MemberReference", "192": "tableName", "193": "get", "194": "ReturnStatement", "195": "MemberReference", "196": "map"}, "edges": {"0->1": 0, "1->0": 0, "1->2": 0, "2->1": 0, "0->3": 0, "3->0": 0, "3->4": 0, "4->3": 0, "3->5": 0, "5->3": 0, "5->6": 0, "6->5": 0, "6->7": 0, "7->6": 0, "3->8": 0, "8->3": 0, "8->9": 0, "9->8": 0, "9->10": 0, "10->9": 0, "9->11": 0, "11->9": 0, "11->12": 0, "12->11": 0, "12->13": 0, "13->12": 0, "9->14": 0, "14->9": 0, "14->15": 0, "15->14": 0, "15->16": 0, "16->15": 0, "15->17": 0, "17->15": 0, "17->18": 0, "18->17": 0, "18->19": 0, "19->18": 0, "0->20": 0, "20->0": 0, "0->21": 0, "21->0": 0, "0->22": 0, "22->0": 0, "22->23": 0, "23->22": 0, "23->24": 0, "24->23": 0, "23->25": 0, "25->23": 0, "25->26": 0, "26->25": 0, "26->27": 0, "27->26": 0, "23->28": 0, "28->23": 0, "28->29": 0, "29->28": 0, "29->30": 0, "30->29": 0, "29->31": 0, "31->29": 0, "31->32": 0, "32->31": 0, "32->33": 0, "33->32": 0, "29->34": 0, "34->29": 0, "34->35": 0, "35->34": 0, "35->36": 0, "36->35": 0, "35->37": 0, "37->35": 0, "37->38": 0, "38->37": 0, "38->39": 0, "39->38": 0, "22->40": 0, "40->22": 0, "40->41": 0, "41->40": 0, "40->42": 0, "42->40": 0, "42->43": 0, "43->42": 0, "42->44": 0, "44->42": 0, "0->45": 0, "45->0": 0, "45->46": 0, "46->45": 0, "46->47": 0, "47->46": 0, "45->48": 0, "48->45": 0, "48->49": 0, "49->48": 0, "48->50": 0, "50->48": 0, "50->51": 0, "51->50": 0, "50->52": 0, "52->50": 0, "52->53": 0, "53->52": 0, "50->54": 0, "54->50": 0, "0->55": 0, "55->0": 0, "55->56": 0, "56->55": 0, "56->57": 0, "57->56": 0, "57->58": 0, "58->57": 0, "58->59": 0, "59->58": 0, "58->60": 0, "60->58": 0, "60->61": 0, "61->60": 0, "60->62": 0, "62->60": 0, "62->63": 0, "63->62": 0, "63->64": 0, "64->63": 0, "60->65": 0, "65->60": 0, "65->66": 0, "66->65": 0, "66->67": 0, "67->66": 0, "57->68": 0, "68->57": 0, "68->69": 0, "69->68": 0, "56->70": 0, "70->56": 0, "70->71": 0, "71->70": 0, "70->72": 0, "72->70": 0, "72->73": 0, "73->72": 0, "70->74": 0, "74->70": 0, "55->75": 0, "75->55": 0, "75->76": 0, "76->75": 0, "76->77": 0, "77->76": 0, "77->78": 0, "78->77": 0, "76->79": 0, "79->76": 0, "79->80": 0, "80->79": 0, "79->81": 0, "81->79": 0, "81->82": 0, "82->81": 0, "81->83": 0, "83->81": 0, "75->84": 0, "84->75": 0, "84->85": 0, "85->84": 0, "85->86": 0, "86->85": 0, "86->87": 0, "87->86": 0, "87->88": 0, "88->87": 0, "86->89": 0, "89->86": 0, "89->90": 0, "90->89": 0, "85->91": 0, "91->85": 0, "91->92": 0, "92->91": 0, "91->93": 0, "93->91": 0, "93->94": 0, "94->93": 0, "91->95": 0, "95->91": 0, "95->96": 0, "96->95": 0, "91->97": 0, "97->91": 0, "84->98": 0, "98->84": 0, "98->99": 0, "99->98": 0, "99->100": 0, "100->99": 0, "100->101": 0, "101->100": 0, "99->102": 0, "102->99": 0, "102->103": 0, "103->102": 0, "102->104": 0, "104->102": 0, "104->105": 0, "105->104": 0, "98->106": 0, "106->98": 0, "106->107": 0, "107->106": 0, "107->108": 0, "108->107": 0, "108->109": 0, "109->108": 0, "109->110": 0, "110->109": 0, "108->111": 0, "111->108": 0, "111->112": 0, "112->111": 0, "111->113": 0, "113->111": 0, "113->114": 0, "114->113": 0, "113->115": 0, "115->113": 0, "111->116": 0, "116->111": 0, "108->117": 0, "117->108": 0, "106->118": 0, "118->106": 0, "118->119": 0, "119->118": 0, "119->120": 0, "120->119": 0, "119->121": 0, "121->119": 0, "118->122": 0, "122->118": 0, "122->123": 0, "123->122": 0, "123->124": 0, "124->123": 0, "123->125": 0, "125->123": 0, "125->126": 0, "126->125": 0, "125->127": 0, "127->125": 0, "127->128": 0, "128->127": 0, "125->129": 0, "129->125": 0, "129->130": 0, "130->129": 0, "129->131": 0, "131->129": 0, "131->132": 0, "132->131": 0, "131->133": 0, "133->131": 0, "129->134": 0, "134->129": 0, "123->135": 0, "135->123": 0, "118->136": 0, "136->118": 0, "98->137": 0, "137->98": 0, "137->138": 0, "138->137": 0, "138->139": 0, "139->138": 0, "138->140": 0, "140->138": 0, "138->141": 0, "141->138": 0, "141->142": 0, "142->141": 0, "138->143": 0, "143->138": 0, "137->144": 0, "144->137": 0, "144->145": 0, "145->144": 0, "145->146": 0, "146->145": 0, "146->147": 0, "147->146": 0, "146->148": 0, "148->146": 0, "148->149": 0, "149->148": 0, "146->150": 0, "150->146": 0, "150->151": 0, "151->150": 0, "151->152": 0, "152->151": 0, "146->153": 0, "153->146": 0, "98->154": 0, "154->98": 0, "154->155": 0, "155->154": 0, "155->156": 0, "156->155": 0, "155->157": 0, "157->155": 0, "155->158": 0, "158->155": 0, "158->159": 0, "159->158": 0, "159->160": 0, "160->159": 0, "158->161": 0, "161->158": 0, "155->162": 0, "162->155": 0, "162->163": 0, "163->162": 0, "155->164": 0, "164->155": 0, "154->165": 0, "165->154": 0, "165->166": 0, "166->165": 0, "166->167": 0, "167->166": 0, "167->168": 0, "168->167": 0, "167->169": 0, "169->167": 0, "169->170": 0, "170->169": 0, "170->171": 0, "171->170": 0, "169->172": 0, "172->169": 0, "172->173": 0, "173->172": 0, "173->174": 0, "174->173": 0, "169->175": 0, "175->169": 0, "167->176": 0, "176->167": 0, "176->177": 0, "177->176": 0, "167->178": 0, "178->167": 0, "98->179": 0, "179->98": 0, "179->180": 0, "180->179": 0, "180->181": 0, "181->180": 0, "180->182": 0, "182->180": 0, "182->183": 0, "183->182": 0, "183->184": 0, "184->183": 0, "182->185": 0, "185->182": 0, "180->186": 0, "186->180": 0, "186->187": 0, "187->186": 0, "187->188": 0, "188->187": 0, "187->189": 0, "189->187": 0, "186->190": 0, "190->186": 0, "180->191": 0, "191->180": 0, "191->192": 0, "192->191": 0, "180->193": 0, "193->180": 0, "0->194": 0, "194->0": 0, "194->195": 0, "195->194": 0, "195->196": 0, "196->195": 0, "1->3": 1, "3->1": 12, "3->20": 1, "20->3": 12, "20->21": 2, "21->20": 3, "21->22": 1, "22->21": 12, "22->45": 1, "45->22": 12, "45->55": 1, "55->45": 12, "55->194": 1, "194->55": 12, "4->5": 1, "5->4": 12, "5->8": 1, "8->5": 12, "10->11": 1, "11->10": 12, "11->14": 1, "14->11": 12, "16->17": 1, "17->16": 12, "23->40": 1, "40->23": 12, "24->25": 1, "25->24": 12, "25->28": 1, "28->25": 12, "30->31": 1, "31->30": 12, "31->34": 1, "34->31": 12, "36->37": 1, "37->36": 12, "41->42": 1, "42->41": 12, "43->44": 2, "44->43": 3, "46->48": 1, "48->46": 12, "49->50": 1, "50->49": 12, "51->52": 1, "52->51": 12, "52->54": 1, "54->52": 12, "56->75": 9, "75->56": 9, "57->70": 1, "70->57": 12, "58->68": 1, "68->58": 12, "59->60": 1, "60->59": 12, "61->62": 1, "62->61": 12, "62->65": 1, "65->62": 12, "71->72": 1, "72->71": 12, "72->74": 1, "74->72": 12, "76->84": 10, "84->76": 11, "77->79": 1, "79->77": 12, "80->81": 1, "81->80": 12, "82->83": 2, "83->82": 3, "85->98": 9, "98->85": 9, "86->91": 1, "91->86": 12, "87->89": 1, "89->87": 12, "92->93": 1, "93->92": 12, "93->95": 1, "95->93": 12, "95->97": 1, "97->95": 12, "99->106": 10, "106->99": 11, "106->137": 10, "137->106": 11, "137->154": 10, "154->137": 11, "154->179": 10, "179->154": 11, "100->102": 1, "102->100": 12, "103->104": 1, "104->103": 12, "107->118": 1, "118->107": 12, "109->111": 1, "111->109": 12, "111->117": 1, "117->111": 12, "112->113": 1, "113->112": 12, "113->116": 1, "116->113": 12, "114->115": 2, "115->114": 3, "119->122": 1, "122->119": 12, "122->136": 1, "136->122": 12, "120->121": 2, "121->120": 3, "124->125": 1, "125->124": 12, "125->135": 1, "135->125": 12, "126->127": 1, "127->126": 12, "127->129": 1, "129->127": 12, "130->131": 1, "131->130": 12, "131->134": 1, "134->131": 12, "132->133": 2, "133->132": 3, "138->144": 6, "144->138": 6, "139->140": 2, "140->139": 3, "140->141": 1, "141->140": 12, "141->143": 1, "143->141": 12, "147->148": 1, "148->147": 12, "148->150": 1, "150->148": 12, "150->153": 1, "153->150": 12, "155->165": 6, "165->155": 6, "156->157": 2, "157->156": 3, "157->158": 1, "158->157": 12, "158->162": 1, "162->158": 12, "162->164": 1, "164->162": 12, "159->161": 1, "161->159": 12, "168->169": 1, "169->168": 12, "169->176": 1, "176->169": 12, "176->178": 1, "178->176": 12, "170->172": 1, "172->170": 12, "172->175": 1, "175->172": 12, "181->182": 1, "182->181": 12, "182->186": 1, "186->182": 12, "186->191": 1, "191->186": 12, "191->193": 1, "193->191": 12, "183->185": 1, "185->183": 12, "187->190": 1, "190->187": 12, "188->189": 2, "189->188": 3, "2->4": 2, "4->2": 3, "4->7": 2, "7->4": 3, "7->10": 2, "10->7": 3, "10->13": 2, "13->10": 3, "13->16": 2, "16->13": 3, "16->19": 2, "19->16": 3, "19->20": 2, "20->19": 3, "21->24": 2, "24->21": 3, "24->27": 2, "27->24": 3, "27->30": 2, "30->27": 3, "30->33": 2, "33->30": 3, "33->36": 2, "36->33": 3, "36->39": 2, "39->36": 3, "39->41": 2, "41->39": 3, "41->43": 2, "43->41": 3, "44->47": 2, "47->44": 3, "47->49": 2, "49->47": 3, "49->51": 2, "51->49": 3, "51->53": 2, "53->51": 3, "53->54": 2, "54->53": 3, "54->59": 2, "59->54": 3, "59->61": 2, "61->59": 3, "61->64": 2, "64->61": 3, "64->67": 2, "67->64": 3, "67->69": 2, "69->67": 3, "69->71": 2, "71->69": 3, "71->73": 2, "73->71": 3, "73->74": 2, "74->73": 3, "74->78": 2, "78->74": 3, "78->80": 2, "80->78": 3, "80->82": 2, "82->80": 3, "83->88": 2, "88->83": 3, "88->90": 2, "90->88": 3, "90->92": 2, "92->90": 3, "92->94": 2, "94->92": 3, "94->96": 2, "96->94": 3, "96->97": 2, "97->96": 3, "97->101": 2, "101->97": 3, "101->103": 2, "103->101": 3, "103->105": 2, "105->103": 3, "105->110": 2, "110->105": 3, "110->112": 2, "112->110": 3, "112->114": 2, "114->112": 3, "115->116": 2, "116->115": 3, "116->117": 2, "117->116": 3, "117->120": 2, "120->117": 3, "121->124": 2, "124->121": 3, "124->126": 2, "126->124": 3, "126->128": 2, "128->126": 3, "128->130": 2, "130->128": 3, "130->132": 2, "132->130": 3, "133->134": 2, "134->133": 3, "134->135": 2, "135->134": 3, "135->136": 2, "136->135": 3, "136->139": 2, "139->136": 3, "140->142": 2, "142->140": 3, "142->143": 2, "143->142": 3, "143->147": 2, "147->143": 3, "147->149": 2, "149->147": 3, "149->152": 2, "152->149": 3, "152->153": 2, "153->152": 3, "153->156": 2, "156->153": 3, "157->160": 2, "160->157": 3, "160->161": 2, "161->160": 3, "161->163": 2, "163->161": 3, "163->164": 2, "164->163": 3, "164->168": 2, "168->164": 3, "168->171": 2, "171->168": 3, "171->174": 2, "174->171": 3, "174->175": 2, "175->174": 3, "175->177": 2, "177->175": 3, "177->178": 2, "178->177": 3, "178->181": 2, "181->178": 3, "181->184": 2, "184->181": 3, "184->185": 2, "185->184": 3, "185->188": 2, "188->185": 3, "189->190": 2, "190->189": 3, "190->192": 2, "192->190": 3, "192->193": 2, "193->192": 3, "193->196": 2, "196->193": 3, "110->142": 4, "142->110": 5, "142->149": 4, "149->142": 5, "149->163": 4, "163->149": 5, "163->177": 4, "177->163": 5, "177->192": 4, "192->177": 5, "160->171": 4, "171->160": 5, "171->184": 4, "184->171": 5}, "metrics": [25.0, 5.0, 0.0]}