{"nodelist": ["MethodDeclaration", "{'private'}", "private", "assertICV", "FormalParameter", "BasicType", "byte", "row", "FormalParameter", "BasicType", "byte", "familiy", "FormalParameter", "BasicType", "byte", "qualifier", "FormalParameter", "BasicType", "long", "amount", "FormalParameter", "BasicType", "boolean", "fast", "IOException", "LocalVariableDeclaration", "ReferenceType", "Get", "VariableDeclarator", "get", "ClassCreator", "ReferenceType", "Get", "MemberReference", "row", "IfStatement", "MemberReference", "fast", "StatementExpression", "MethodInvocation", "get", "MemberReference", "IsolationLevel", "READ_UNCOMMITTED", "setIsolationLevel", "StatementExpression", "MethodInvocation", "get", "MemberReference", "familiy", "MemberReference", "qualifier", "addColumn", "LocalVariableDeclaration", "ReferenceType", "Result", "VariableDeclarator", "result", "MethodInvocation", "region", "MemberReference", "get", "get", "StatementExpression", "MethodInvocation", "Literal", "1", "MethodInvocation", "result", "size", "assertEquals", "LocalVariableDeclaration", "ReferenceType", "Cell", "VariableDeclarator", "kv", "MethodInvocation", "result", "ArraySelector", "Literal", "0", "rawCells", "LocalVariableDeclaration", "BasicType", "long", "VariableDeclarator", "r", "MethodInvocation", "Bytes", "MethodInvocation", "CellUtil", "MemberReference", "kv", "cloneValue", "toLong", "StatementExpression", "MethodInvocation", "MemberReference", "amount", "MemberReference", "r", "assertEquals"], "nodes": {"0": "MethodDeclaration", "1": "Modifier", "2": "private", "3": "assertICV", "4": "FormalParameter", "5": "BasicType", "6": "byte", "7": "row", "8": "FormalParameter", "9": "BasicType", "10": "byte", "11": "familiy", "12": "FormalParameter", "13": "BasicType", "14": "byte", "15": "qualifier", "16": "FormalParameter", "17": "BasicType", "18": "long", "19": "amount", "20": "FormalParameter", "21": "BasicType", "22": "boolean", "23": "fast", "24": "IOException", "25": "LocalVariableDeclaration", "26": "ReferenceType", "27": "Get", "28": "VariableDeclarator", "29": "get", "30": "ClassCreator", "31": "ReferenceType", "32": "Get", "33": "MemberReference", "34": "row", "35": "IfStatement", "36": "MemberReference", "37": "fast", "38": "StatementExpression", "39": "MethodInvocation", "40": "get", "41": "MemberReference", "42": "IsolationLevel", "43": "READ_UNCOMMITTED", "44": "setIsolationLevel", "45": "StatementExpression", "46": "MethodInvocation", "47": "get", "48": "MemberReference", "49": "familiy", "50": "MemberReference", "51": "qualifier", "52": "addColumn", "53": "LocalVariableDeclaration", "54": "ReferenceType", "55": "Result", "56": "VariableDeclarator", "57": "result", "58": "MethodInvocation", "59": "region", "60": "MemberReference", "61": "get", "62": "get", "63": "StatementExpression", "64": "MethodInvocation", "65": "Literal", "66": "1", "67": "MethodInvocation", "68": "result", "69": "size", "70": "assertEquals", "71": "LocalVariableDeclaration", "72": "ReferenceType", "73": "Cell", "74": "VariableDeclarator", "75": "kv", "76": "MethodInvocation", "77": "result", "78": "ArraySelector", "79": "Literal", "80": "0", "81": "rawCells", "82": "LocalVariableDeclaration", "83": "BasicType", "84": "long", "85": "VariableDeclarator", "86": "r", "87": "MethodInvocation", "88": "Bytes", "89": "MethodInvocation", "90": "CellUtil", "91": "MemberReference", "92": "kv", "93": "cloneValue", "94": "toLong", "95": "StatementExpression", "96": "MethodInvocation", "97": "MemberReference", "98": "amount", "99": "MemberReference", "100": "r", "101": "assertEquals"}, "edges": {"0->1": 0, "1->0": 0, "1->2": 0, "2->1": 0, "0->3": 0, "3->0": 0, "0->4": 0, "4->0": 0, "4->5": 0, "5->4": 0, "5->6": 0, "6->5": 0, "4->7": 0, "7->4": 0, "0->8": 0, "8->0": 0, "8->9": 0, "9->8": 0, "9->10": 0, "10->9": 0, "8->11": 0, "11->8": 0, "0->12": 0, "12->0": 0, "12->13": 0, "13->12": 0, "13->14": 0, "14->13": 0, "12->15": 0, "15->12": 0, "0->16": 0, "16->0": 0, "16->17": 0, "17->16": 0, "17->18": 0, "18->17": 0, "16->19": 0, "19->16": 0, "0->20": 0, "20->0": 0, "20->21": 0, "21->20": 0, "21->22": 0, "22->21": 0, "20->23": 0, "23->20": 0, "0->24": 0, "24->0": 0, "0->25": 0, "25->0": 0, "25->26": 0, "26->25": 0, "26->27": 0, "27->26": 0, "25->28": 0, "28->25": 0, "28->29": 0, "29->28": 0, "28->30": 0, "30->28": 0, "30->31": 0, "31->30": 0, "31->32": 0, "32->31": 0, "30->33": 0, "33->30": 0, "33->34": 0, "34->33": 0, "0->35": 0, "35->0": 0, "35->36": 0, "36->35": 0, "36->37": 0, "37->36": 0, "35->38": 0, "38->35": 0, "38->39": 0, "39->38": 0, "39->40": 0, "40->39": 0, "39->41": 0, "41->39": 0, "41->42": 0, "42->41": 0, "41->43": 0, "43->41": 0, "39->44": 0, "44->39": 0, "0->45": 0, "45->0": 0, "45->46": 0, "46->45": 0, "46->47": 0, "47->46": 0, "46->48": 0, "48->46": 0, "48->49": 0, "49->48": 0, "46->50": 0, "50->46": 0, "50->51": 0, "51->50": 0, "46->52": 0, "52->46": 0, "0->53": 0, "53->0": 0, "53->54": 0, "54->53": 0, "54->55": 0, "55->54": 0, "53->56": 0, "56->53": 0, "56->57": 0, "57->56": 0, "56->58": 0, "58->56": 0, "58->59": 0, "59->58": 0, "58->60": 0, "60->58": 0, "60->61": 0, "61->60": 0, "58->62": 0, "62->58": 0, "0->63": 0, "63->0": 0, "63->64": 0, "64->63": 0, "64->65": 0, "65->64": 0, "65->66": 0, "66->65": 0, "64->67": 0, "67->64": 0, "67->68": 0, "68->67": 0, "67->69": 0, "69->67": 0, "64->70": 0, "70->64": 0, "0->71": 0, "71->0": 0, "71->72": 0, "72->71": 0, "72->73": 0, "73->72": 0, "71->74": 0, "74->71": 0, "74->75": 0, "75->74": 0, "74->76": 0, "76->74": 0, "76->77": 0, "77->76": 0, "76->78": 0, "78->76": 0, "78->79": 0, "79->78": 0, "79->80": 0, "80->79": 0, "76->81": 0, "81->76": 0, "0->82": 0, "82->0": 0, "82->83": 0, "83->82": 0, "83->84": 0, "84->83": 0, "82->85": 0, "85->82": 0, "85->86": 0, "86->85": 0, "85->87": 0, "87->85": 0, "87->88": 0, "88->87": 0, "87->89": 0, "89->87": 0, "89->90": 0, "90->89": 0, "89->91": 0, "91->89": 0, "91->92": 0, "92->91": 0, "89->93": 0, "93->89": 0, "87->94": 0, "94->87": 0, "0->95": 0, "95->0": 0, "95->96": 0, "96->95": 0, "96->97": 0, "97->96": 0, "97->98": 0, "98->97": 0, "96->99": 0, "99->96": 0, "99->100": 0, "100->99": 0, "96->101": 0, "101->96": 0, "1->3": 1, "3->1": 12, "3->4": 1, "4->3": 12, "4->8": 1, "8->4": 12, "8->12": 1, "12->8": 12, "12->16": 1, "16->12": 12, "16->20": 1, "20->16": 12, "20->24": 1, "24->20": 12, "24->25": 1, "25->24": 12, "25->35": 1, "35->25": 12, "35->45": 1, "45->35": 12, "45->53": 1, "53->45": 12, "53->63": 1, "63->53": 12, "63->71": 1, "71->63": 12, "71->82": 1, "82->71": 12, "82->95": 1, "95->82": 12, "5->7": 1, "7->5": 12, "9->11": 1, "11->9": 12, "13->15": 1, "15->13": 12, "17->19": 1, "19->17": 12, "21->23": 1, "23->21": 12, "26->28": 1, "28->26": 12, "29->30": 1, "30->29": 12, "31->33": 1, "33->31": 12, "36->38": 6, "38->36": 6, "40->41": 1, "41->40": 12, "41->44": 1, "44->41": 12, "42->43": 2, "43->42": 3, "47->48": 1, "48->47": 12, "48->50": 1, "50->48": 12, "50->52": 1, "52->50": 12, "54->56": 1, "56->54": 12, "57->58": 1, "58->57": 12, "59->60": 1, "60->59": 12, "60->62": 1, "62->60": 12, "65->67": 1, "67->65": 12, "67->70": 1, "70->67": 12, "68->69": 2, "69->68": 3, "72->74": 1, "74->72": 12, "75->76": 1, "76->75": 12, "77->78": 1, "78->77": 12, "78->81": 1, "81->78": 12, "83->85": 1, "85->83": 12, "86->87": 1, "87->86": 12, "88->89": 1, "89->88": 12, "89->94": 1, "94->89": 12, "90->91": 1, "91->90": 12, "91->93": 1, "93->91": 12, "97->99": 1, "99->97": 12, "99->101": 1, "101->99": 12, "2->3": 2, "3->2": 3, "3->6": 2, "6->3": 3, "6->7": 2, "7->6": 3, "7->10": 2, "10->7": 3, "10->11": 2, "11->10": 3, "11->14": 2, "14->11": 3, "14->15": 2, "15->14": 3, "15->18": 2, "18->15": 3, "18->19": 2, "19->18": 3, "19->22": 2, "22->19": 3, "22->23": 2, "23->22": 3, "23->24": 2, "24->23": 3, "24->27": 2, "27->24": 3, "27->29": 2, "29->27": 3, "29->32": 2, "32->29": 3, "32->34": 2, "34->32": 3, "34->37": 2, "37->34": 3, "37->40": 2, "40->37": 3, "40->42": 2, "42->40": 3, "43->44": 2, "44->43": 3, "44->47": 2, "47->44": 3, "47->49": 2, "49->47": 3, "49->51": 2, "51->49": 3, "51->52": 2, "52->51": 3, "52->55": 2, "55->52": 3, "55->57": 2, "57->55": 3, "57->59": 2, "59->57": 3, "59->61": 2, "61->59": 3, "61->62": 2, "62->61": 3, "62->66": 2, "66->62": 3, "66->68": 2, "68->66": 3, "69->70": 2, "70->69": 3, "70->73": 2, "73->70": 3, "73->75": 2, "75->73": 3, "75->77": 2, "77->75": 3, "77->80": 2, "80->77": 3, "80->81": 2, "81->80": 3, "81->84": 2, "84->81": 3, "84->86": 2, "86->84": 3, "86->88": 2, "88->86": 3, "88->90": 2, "90->88": 3, "90->92": 2, "92->90": 3, "92->93": 2, "93->92": 3, "93->94": 2, "94->93": 3, "94->98": 2, "98->94": 3, "98->100": 2, "100->98": 3, "100->101": 2, "101->100": 3}, "metrics": [10.0, 2.0, 5.0]}