{"nodelist": ["MethodDeclaration", "{'public'}", "public", "Annotation", "Override", "close", "IOException", "IfStatement", "This", "MemberReference", "closed", "BlockStatement", "ReturnStatement", "StatementExpression", "MethodInvocation", "flushCommits", "IfStatement", "MemberReference", "cleanupPoolOnClose", "BlockStatement", "StatementExpression", "This", "MemberReference", "pool", "MethodInvocation", "shutdown", "IfStatement", "MemberReference", "cleanupConnectionOnClose", "BlockStatement", "IfStatement", "BinaryOperation", "!=", "This", "MemberReference", "connection", "Literal", "null", "BlockStatement", "StatementExpression", "This", "MemberReference", "connection", "MethodInvocation", "close", "StatementExpression", "Assignment", "This", "MemberReference", "closed", "Literal", "true", "="], "nodes": {"0": "MethodDeclaration", "1": "Modifier", "2": "public", "3": "Annotation", "4": "Override", "5": "close", "6": "IOException", "7": "IfStatement", "8": "This", "9": "MemberReference", "10": "closed", "11": "BlockStatement", "12": "ReturnStatement", "13": "StatementExpression", "14": "MethodInvocation", "15": "flushCommits", "16": "IfStatement", "17": "MemberReference", "18": "cleanupPoolOnClose", "19": "BlockStatement", "20": "StatementExpression", "21": "This", "22": "MemberReference", "23": "pool", "24": "MethodInvocation", "25": "shutdown", "26": "IfStatement", "27": "MemberReference", "28": "cleanupConnectionOnClose", "29": "BlockStatement", "30": "IfStatement", "31": "BinaryOperation", "32": "!=", "33": "This", "34": "MemberReference", "35": "connection", "36": "Literal", "37": "null", "38": "BlockStatement", "39": "StatementExpression", "40": "This", "41": "MemberReference", "42": "connection", "43": "MethodInvocation", "44": "close", "45": "StatementExpression", "46": "Assignment", "47": "This", "48": "MemberReference", "49": "closed", "50": "Literal", "51": "true", "52": "="}, "edges": {"0->1": 0, "1->0": 0, "1->2": 0, "2->1": 0, "0->3": 0, "3->0": 0, "3->4": 0, "4->3": 0, "0->5": 0, "5->0": 0, "0->6": 0, "6->0": 0, "0->7": 0, "7->0": 0, "7->8": 0, "8->7": 0, "8->9": 0, "9->8": 0, "9->10": 0, "10->9": 0, "7->11": 0, "11->7": 0, "11->12": 0, "12->11": 0, "0->13": 0, "13->0": 0, "13->14": 0, "14->13": 0, "14->15": 0, "15->14": 0, "0->16": 0, "16->0": 0, "16->17": 0, "17->16": 0, "17->18": 0, "18->17": 0, "16->19": 0, "19->16": 0, "19->20": 0, "20->19": 0, "20->21": 0, "21->20": 0, "21->22": 0, "22->21": 0, "22->23": 0, "23->22": 0, "21->24": 0, "24->21": 0, "24->25": 0, "25->24": 0, "0->26": 0, "26->0": 0, "26->27": 0, "27->26": 0, "27->28": 0, "28->27": 0, "26->29": 0, "29->26": 0, "29->30": 0, "30->29": 0, "30->31": 0, "31->30": 0, "31->32": 0, "32->31": 0, "31->33": 0, "33->31": 0, "33->34": 0, "34->33": 0, "34->35": 0, "35->34": 0, "31->36": 0, "36->31": 0, "36->37": 0, "37->36": 0, "30->38": 0, "38->30": 0, "38->39": 0, "39->38": 0, "39->40": 0, "40->39": 0, "40->41": 0, "41->40": 0, "41->42": 0, "42->41": 0, "40->43": 0, "43->40": 0, "43->44": 0, "44->43": 0, "0->45": 0, "45->0": 0, "45->46": 0, "46->45": 0, "46->47": 0, "47->46": 0, "47->48": 0, "48->47": 0, "48->49": 0, "49->48": 0, "46->50": 0, "50->46": 0, "50->51": 0, "51->50": 0, "46->52": 0, "52->46": 0, "1->3": 1, "3->1": 12, "3->5": 1, "5->3": 12, "5->6": 2, "6->5": 3, "6->7": 1, "7->6": 12, "7->13": 1, "13->7": 12, "13->16": 1, "16->13": 12, "16->26": 1, "26->16": 12, "26->45": 1, "45->26": 12, "8->11": 6, "11->8": 6, "17->19": 6, "19->17": 6, "22->24": 1, "24->22": 12, "27->29": 6, "29->27": 6, "31->38": 6, "38->31": 6, "32->33": 1, "33->32": 12, "33->36": 1, "36->33": 12, "41->43": 1, "43->41": 12, "47->50": 1, "50->47": 12, "50->52": 1, "52->50": 12, "2->4": 2, "4->2": 3, "4->5": 2, "5->4": 3, "6->10": 2, "10->6": 3, "10->12": 2, "12->10": 3, "12->15": 2, "15->12": 3, "15->18": 2, "18->15": 3, "18->23": 2, "23->18": 3, "23->25": 2, "25->23": 3, "25->28": 2, "28->25": 3, "28->32": 2, "32->28": 3, "32->35": 2, "35->32": 3, "35->37": 2, "37->35": 3, "37->42": 2, "42->37": 3, "42->44": 2, "44->42": 3, "44->49": 2, "49->44": 3, "49->51": 2, "51->49": 3, "51->52": 2, "52->51": 3, "10->49": 4, "49->10": 5, "35->42": 4, "42->35": 5}, "metrics": [15.0, 5.0, 0.0]}