{"nodelist": ["MethodDeclaration", "{'private'}", "private", "ReferenceType", "Chunk", "getOrMakeChunk", "WhileStatement", "Literal", "true", "BlockStatement", "LocalVariableDeclaration", "ReferenceType", "Chunk", "VariableDeclarator", "c", "MethodInvocation", "curChunk", "get", "IfStatement", "BinaryOperation", "!=", "MemberReference", "c", "Literal", "null", "BlockStatement", "ReturnStatement", "MemberReference", "c", "StatementExpression", "Assignment", "MemberReference", "c", "TernaryExpression", "BinaryOperation", "!=", "MemberReference", "chunkPool", "Literal", "null", "MethodInvocation", "chunkPool", "getChunk", "ClassCreator", "ReferenceType", "Chunk", "MemberReference", "chunkSize", "=", "IfStatement", "MethodInvocation", "curChunk", "Literal", "null", "MemberReference", "c", "compareAndSet", "BlockStatement", "StatementExpression", "MethodInvocation", "c", "init", "IfStatement", "BinaryOperation", "&&", "BinaryOperation", "&&", "BinaryOperation", "!=", "MemberReference", "chunkQueue", "Literal", "null", "This", "!", "MemberReference", "closed", "This", "!", "MemberReference", "chunkQueue", "MethodInvocation", "MemberReference", "c", "offer", "BlockStatement", "IfStatement", "MethodInvocation", "LOG", "isTraceEnabled", "BlockStatement", "StatementExpression", "MethodInvocation", "LOG", "BinaryOperation", "+", "Literal", "\"Chunk queue is full, won't reuse this new chunk. Current queue size: \"", "MethodInvocation", "chunkQueue", "size", "trace", "ReturnStatement", "MemberReference", "c", "IfStatement", "BinaryOperation", "!=", "MemberReference", "chunkPool", "Literal", "null", "BlockStatement", "StatementExpression", "MethodInvocation", "chunkPool", "MemberReference", "c", "putbackChunk"], "nodes": {"0": "MethodDeclaration", "1": "Modifier", "2": "private", "3": "ReferenceType", "4": "Chunk", "5": "getOrMakeChunk", "6": "WhileStatement", "7": "Literal", "8": "true", "9": "BlockStatement", "10": "LocalVariableDeclaration", "11": "ReferenceType", "12": "Chunk", "13": "VariableDeclarator", "14": "c", "15": "MethodInvocation", "16": "curChunk", "17": "get", "18": "IfStatement", "19": "BinaryOperation", "20": "!=", "21": "MemberReference", "22": "c", "23": "Literal", "24": "null", "25": "BlockStatement", "26": "ReturnStatement", "27": "MemberReference", "28": "c", "29": "StatementExpression", "30": "Assignment", "31": "MemberReference", "32": "c", "33": "TernaryExpression", "34": "BinaryOperation", "35": "!=", "36": "MemberReference", "37": "chunkPool", "38": "Literal", "39": "null", "40": "MethodInvocation", "41": "chunkPool", "42": "getChunk", "43": "ClassCreator", "44": "ReferenceType", "45": "Chunk", "46": "MemberReference", "47": "chunkSize", "48": "=", "49": "IfStatement", "50": "MethodInvocation", "51": "curChunk", "52": "Literal", "53": "null", "54": "MemberReference", "55": "c", "56": "compareAndSet", "57": "BlockStatement", "58": "StatementExpression", "59": "MethodInvocation", "60": "c", "61": "init", "62": "IfStatement", "63": "BinaryOperation", "64": "&&", "65": "BinaryOperation", "66": "&&", "67": "BinaryOperation", "68": "!=", "69": "MemberReference", "70": "chunkQueue", "71": "Literal", "72": "null", "73": "This", "74": "!", "75": "MemberReference", "76": "closed", "77": "This", "78": "!", "79": "MemberReference", "80": "chunkQueue", "81": "MethodInvocation", "82": "MemberReference", "83": "c", "84": "offer", "85": "BlockStatement", "86": "IfStatement", "87": "MethodInvocation", "88": "LOG", "89": "isTraceEnabled", "90": "BlockStatement", "91": "StatementExpression", "92": "MethodInvocation", "93": "LOG", "94": "BinaryOperation", "95": "+", "96": "Literal", "97": "\"Chunk queue is full, won't reuse this new chunk. Current queue size: \"", "98": "MethodInvocation", "99": "chunkQueue", "100": "size", "101": "trace", "102": "ReturnStatement", "103": "MemberReference", "104": "c", "105": "IfStatement", "106": "BinaryOperation", "107": "!=", "108": "MemberReference", "109": "chunkPool", "110": "Literal", "111": "null", "112": "BlockStatement", "113": "StatementExpression", "114": "MethodInvocation", "115": "chunkPool", "116": "MemberReference", "117": "c", "118": "putbackChunk"}, "edges": {"0->1": 0, "1->0": 0, "1->2": 0, "2->1": 0, "0->3": 0, "3->0": 0, "3->4": 0, "4->3": 0, "0->5": 0, "5->0": 0, "0->6": 0, "6->0": 0, "6->7": 0, "7->6": 0, "7->8": 0, "8->7": 0, "6->9": 0, "9->6": 0, "9->10": 0, "10->9": 0, "10->11": 0, "11->10": 0, "11->12": 0, "12->11": 0, "10->13": 0, "13->10": 0, "13->14": 0, "14->13": 0, "13->15": 0, "15->13": 0, "15->16": 0, "16->15": 0, "15->17": 0, "17->15": 0, "9->18": 0, "18->9": 0, "18->19": 0, "19->18": 0, "19->20": 0, "20->19": 0, "19->21": 0, "21->19": 0, "21->22": 0, "22->21": 0, "19->23": 0, "23->19": 0, "23->24": 0, "24->23": 0, "18->25": 0, "25->18": 0, "25->26": 0, "26->25": 0, "26->27": 0, "27->26": 0, "27->28": 0, "28->27": 0, "9->29": 0, "29->9": 0, "29->30": 0, "30->29": 0, "30->31": 0, "31->30": 0, "31->32": 0, "32->31": 0, "30->33": 0, "33->30": 0, "33->34": 0, "34->33": 0, "34->35": 0, "35->34": 0, "34->36": 0, "36->34": 0, "36->37": 0, "37->36": 0, "34->38": 0, "38->34": 0, "38->39": 0, "39->38": 0, "33->40": 0, "40->33": 0, "40->41": 0, "41->40": 0, "40->42": 0, "42->40": 0, "33->43": 0, "43->33": 0, "43->44": 0, "44->43": 0, "44->45": 0, "45->44": 0, "43->46": 0, "46->43": 0, "46->47": 0, "47->46": 0, "30->48": 0, "48->30": 0, "9->49": 0, "49->9": 0, "49->50": 0, "50->49": 0, "50->51": 0, "51->50": 0, "50->52": 0, "52->50": 0, "52->53": 0, "53->52": 0, "50->54": 0, "54->50": 0, "54->55": 0, "55->54": 0, "50->56": 0, "56->50": 0, "49->57": 0, "57->49": 0, "57->58": 0, "58->57": 0, "58->59": 0, "59->58": 0, "59->60": 0, "60->59": 0, "59->61": 0, "61->59": 0, "57->62": 0, "62->57": 0, "62->63": 0, "63->62": 0, "63->64": 0, "64->63": 0, "63->65": 0, "65->63": 0, "65->66": 0, "66->65": 0, "65->67": 0, "67->65": 0, "67->68": 0, "68->67": 0, "67->69": 0, "69->67": 0, "69->70": 0, "70->69": 0, "67->71": 0, "71->67": 0, "71->72": 0, "72->71": 0, "65->73": 0, "73->65": 0, "73->74": 0, "74->73": 0, "73->75": 0, "75->73": 0, "75->76": 0, "76->75": 0, "63->77": 0, "77->63": 0, "77->78": 0, "78->77": 0, "77->79": 0, "79->77": 0, "79->80": 0, "80->79": 0, "77->81": 0, "81->77": 0, "81->82": 0, "82->81": 0, "82->83": 0, "83->82": 0, "81->84": 0, "84->81": 0, "62->85": 0, "85->62": 0, "85->86": 0, "86->85": 0, "86->87": 0, "87->86": 0, "87->88": 0, "88->87": 0, "87->89": 0, "89->87": 0, "86->90": 0, "90->86": 0, "90->91": 0, "91->90": 0, "91->92": 0, "92->91": 0, "92->93": 0, "93->92": 0, "92->94": 0, "94->92": 0, "94->95": 0, "95->94": 0, "94->96": 0, "96->94": 0, "96->97": 0, "97->96": 0, "94->98": 0, "98->94": 0, "98->99": 0, "99->98": 0, "98->100": 0, "100->98": 0, "92->101": 0, "101->92": 0, "57->102": 0, "102->57": 0, "102->103": 0, "103->102": 0, "103->104": 0, "104->103": 0, "49->105": 0, "105->49": 0, "105->106": 0, "106->105": 0, "106->107": 0, "107->106": 0, "106->108": 0, "108->106": 0, "108->109": 0, "109->108": 0, "106->110": 0, "110->106": 0, "110->111": 0, "111->110": 0, "105->112": 0, "112->105": 0, "112->113": 0, "113->112": 0, "113->114": 0, "114->113": 0, "114->115": 0, "115->114": 0, "114->116": 0, "116->114": 0, "116->117": 0, "117->116": 0, "114->118": 0, "118->114": 0, "1->3": 1, "3->1": 12, "3->5": 1, "5->3": 12, "5->6": 1, "6->5": 12, "7->9": 8, "9->7": 8, "10->18": 10, "18->10": 11, "18->29": 10, "29->18": 11, "29->49": 10, "49->29": 11, "11->13": 1, "13->11": 12, "14->15": 1, "15->14": 12, "16->17": 2, "17->16": 3, "19->25": 6, "25->19": 6, "20->21": 1, "21->20": 12, "21->23": 1, "23->21": 12, "31->33": 1, "33->31": 12, "33->48": 1, "48->33": 12, "34->40": 1, "40->34": 12, "40->43": 1, "43->40": 12, "35->36": 1, "36->35": 12, "36->38": 1, "38->36": 12, "41->42": 2, "42->41": 3, "44->46": 1, "46->44": 12, "50->57": 6, "57->50": 6, "57->105": 1, "105->57": 12, "51->52": 1, "52->51": 12, "52->54": 1, "54->52": 12, "54->56": 1, "56->54": 12, "58->62": 10, "62->58": 11, "62->102": 10, "102->62": 11, "60->61": 2, "61->60": 3, "63->85": 6, "85->63": 6, "64->65": 1, "65->64": 12, "65->77": 1, "77->65": 12, "66->67": 1, "67->66": 12, "67->73": 1, "73->67": 12, "68->69": 1, "69->68": 12, "69->71": 1, "71->69": 12, "74->75": 1, "75->74": 12, "78->79": 1, "79->78": 12, "79->81": 1, "81->79": 12, "82->84": 1, "84->82": 12, "87->90": 6, "90->87": 6, "88->89": 2, "89->88": 3, "93->94": 1, "94->93": 12, "94->101": 1, "101->94": 12, "95->96": 1, "96->95": 12, "96->98": 1, "98->96": 12, "99->100": 2, "100->99": 3, "106->112": 6, "112->106": 6, "107->108": 1, "108->107": 12, "108->110": 1, "110->108": 12, "115->116": 1, "116->115": 12, "116->118": 1, "118->116": 12, "50->105": 7, "105->50": 7, "2->4": 2, "4->2": 3, "4->5": 2, "5->4": 3, "5->8": 2, "8->5": 3, "8->12": 2, "12->8": 3, "12->14": 2, "14->12": 3, "14->16": 2, "16->14": 3, "17->20": 2, "20->17": 3, "20->22": 2, "22->20": 3, "22->24": 2, "24->22": 3, "24->28": 2, "28->24": 3, "28->32": 4, "32->28": 5, "32->35": 2, "35->32": 3, "35->37": 2, "37->35": 3, "37->39": 2, "39->37": 3, "39->41": 2, "41->39": 3, "42->45": 2, "45->42": 3, "45->47": 2, "47->45": 3, "47->48": 2, "48->47": 3, "48->51": 2, "51->48": 3, "51->53": 2, "53->51": 3, "53->55": 2, "55->53": 3, "55->56": 2, "56->55": 3, "56->60": 2, "60->56": 3, "61->64": 2, "64->61": 3, "64->66": 2, "66->64": 3, "66->68": 2, "68->66": 3, "68->70": 2, "70->68": 3, "70->72": 2, "72->70": 3, "72->74": 2, "74->72": 3, "74->76": 2, "76->74": 3, "76->78": 2, "78->76": 3, "78->80": 2, "80->78": 3, "80->83": 2, "83->80": 3, "83->84": 2, "84->83": 3, "84->88": 2, "88->84": 3, "89->93": 2, "93->89": 3, "93->95": 2, "95->93": 3, "95->97": 2, "97->95": 3, "97->99": 2, "99->97": 3, "100->101": 2, "101->100": 3, "101->104": 2, "104->101": 3, "104->107": 2, "107->104": 3, "107->109": 2, "109->107": 3, "109->111": 2, "111->109": 3, "111->115": 2, "115->111": 3, "115->117": 2, "117->115": 3, "117->118": 2, "118->117": 3, "22->28": 4, "28->22": 5, "32->55": 4, "55->32": 5, "55->83": 4, "83->55": 5, "83->104": 4, "104->83": 5, "104->117": 4, "117->104": 5, "37->109": 4, "109->37": 5, "70->80": 4, "80->70": 5}, "metrics": [21.0, 7.0, 0.0]}