{"nodelist": ["ConstructorDeclaration", "{'public'}", "public", "getRowsTs_args", "FormalParameter", "ReferenceType", "getRowsTs_args", "other", "StatementExpression", "Assignment", "MemberReference", "__isset_bitfield", "MemberReference", "other", "__isset_bitfield", "=", "IfStatement", "MethodInvocation", "other", "isSetTableName", "BlockStatement", "StatementExpression", "Assignment", "This", "MemberReference", "tableName", "MethodInvocation", "org.apache.thrift.TBaseHelper", "MemberReference", "other", "tableName", "copyBinary", "=", "IfStatement", "MethodInvocation", "other", "isSetRows", "BlockStatement", "LocalVariableDeclaration", "ReferenceType", "java", "ReferenceType", "util", "ReferenceType", "List", "TypeArgument", "ReferenceType", "java", "ReferenceType", "nio", "ReferenceType", "ByteBuffer", "VariableDeclarator", "__this__rows", "ClassCreator", "ReferenceType", "java", "ReferenceType", "util", "ReferenceType", "ArrayList", "TypeArgument", "ReferenceType", "java", "ReferenceType", "nio", "ReferenceType", "ByteBuffer", "MethodInvocation", "other.rows", "size", "ForStatement", "EnhancedForControl", "VariableDeclaration", "ReferenceType", "java", "ReferenceType", "nio", "ReferenceType", "ByteBuffer", "VariableDeclarator", "other_element", "MemberReference", "other", "rows", "BlockStatement", "StatementExpression", "MethodInvocation", "__this__rows", "MethodInvocation", "org.apache.thrift.TBaseHelper", "MemberReference", "other_element", "copyBinary", "add", "StatementExpression", "Assignment", "This", "MemberReference", "rows", "MemberReference", "__this__rows", "=", "StatementExpression", "Assignment", "This", "MemberReference", "timestamp", "MemberReference", "other", "timestamp", "=", "IfStatement", "MethodInvocation", "other", "isSetAttributes", "BlockStatement", "LocalVariableDeclaration", "ReferenceType", "java", "ReferenceType", "util", "ReferenceType", "Map", "TypeArgument", "ReferenceType", "java", "ReferenceType", "nio", "ReferenceType", "ByteBuffer", "TypeArgument", "ReferenceType", "java", "ReferenceType", "nio", "ReferenceType", "ByteBuffer", "VariableDeclarator", "__this__attributes", "ClassCreator", "ReferenceType", "java", "ReferenceType", "util", "ReferenceType", "HashMap", "TypeArgument", "ReferenceType", "java", "ReferenceType", "nio", "ReferenceType", "ByteBuffer", "TypeArgument", "ReferenceType", "java", "ReferenceType", "nio", "ReferenceType", "ByteBuffer", "MethodInvocation", "other.attributes", "size", "ForStatement", "EnhancedForControl", "VariableDeclaration", "ReferenceType", "java", "ReferenceType", "util", "ReferenceType", "Map", "ReferenceType", "Entry", "TypeArgument", "ReferenceType", "java", "ReferenceType", "nio", "ReferenceType", "ByteBuffer", "TypeArgument", "ReferenceType", "java", "ReferenceType", "nio", "ReferenceType", "ByteBuffer", "VariableDeclarator", "other_element", "MethodInvocation", "other.attributes", "entrySet", "BlockStatement", "LocalVariableDeclaration", "ReferenceType", "java", "ReferenceType", "nio", "ReferenceType", "ByteBuffer", "VariableDeclarator", "other_element_key", "MethodInvocation", "other_element", "getKey", "LocalVariableDeclaration", "ReferenceType", "java", "ReferenceType", "nio", "ReferenceType", "ByteBuffer", "VariableDeclarator", "other_element_value", "MethodInvocation", "other_element", "getValue", "LocalVariableDeclaration", "ReferenceType", "java", "ReferenceType", "nio", "ReferenceType", "ByteBuffer", "VariableDeclarator", "__this__attributes_copy_key", "MethodInvocation", "org.apache.thrift.TBaseHelper", "MemberReference", "other_element_key", "copyBinary", "LocalVariableDeclaration", "ReferenceType", "java", "ReferenceType", "nio", "ReferenceType", "ByteBuffer", "VariableDeclarator", "__this__attributes_copy_value", "MethodInvocation", "org.apache.thrift.TBaseHelper", "MemberReference", "other_element_value", "copyBinary", "StatementExpression", "MethodInvocation", "__this__attributes", "MemberReference", "__this__attributes_copy_key", "MemberReference", "__this__attributes_copy_value", "put", "StatementExpression", "Assignment", "This", "MemberReference", "attributes", "MemberReference", "__this__attributes", "="], "nodes": {"0": "ConstructorDeclaration", "1": "Modifier", "2": "public", "3": "getRowsTs_args", "4": "FormalParameter", "5": "ReferenceType", "6": "getRowsTs_args", "7": "other", "8": "StatementExpression", "9": "Assignment", "10": "MemberReference", "11": "__isset_bitfield", "12": "MemberReference", "13": "other", "14": "__isset_bitfield", "15": "=", "16": "IfStatement", "17": "MethodInvocation", "18": "other", "19": "isSetTableName", "20": "BlockStatement", "21": "StatementExpression", "22": "Assignment", "23": "This", "24": "MemberReference", "25": "tableName", "26": "MethodInvocation", "27": "org.apache.thrift.TBaseHelper", "28": "MemberReference", "29": "other", "30": "tableName", "31": "copyBinary", "32": "=", "33": "IfStatement", "34": "MethodInvocation", "35": "other", "36": "isSetRows", "37": "BlockStatement", "38": "LocalVariableDeclaration", "39": "ReferenceType", "40": "java", "41": "ReferenceType", "42": "util", "43": "ReferenceType", "44": "List", "45": "TypeArgument", "46": "ReferenceType", "47": "java", "48": "ReferenceType", "49": "nio", "50": "ReferenceType", "51": "ByteBuffer", "52": "VariableDeclarator", "53": "__this__rows", "54": "ClassCreator", "55": "ReferenceType", "56": "java", "57": "ReferenceType", "58": "util", "59": "ReferenceType", "60": "ArrayList", "61": "TypeArgument", "62": "ReferenceType", "63": "java", "64": "ReferenceType", "65": "nio", "66": "ReferenceType", "67": "ByteBuffer", "68": "MethodInvocation", "69": "other.rows", "70": "size", "71": "ForStatement", "72": "EnhancedForControl", "73": "VariableDeclaration", "74": "ReferenceType", "75": "java", "76": "ReferenceType", "77": "nio", "78": "ReferenceType", "79": "ByteBuffer", "80": "VariableDeclarator", "81": "other_element", "82": "MemberReference", "83": "other", "84": "rows", "85": "BlockStatement", "86": "StatementExpression", "87": "MethodInvocation", "88": "__this__rows", "89": "MethodInvocation", "90": "org.apache.thrift.TBaseHelper", "91": "MemberReference", "92": "other_element", "93": "copyBinary", "94": "add", "95": "StatementExpression", "96": "Assignment", "97": "This", "98": "MemberReference", "99": "rows", "100": "MemberReference", "101": "__this__rows", "102": "=", "103": "StatementExpression", "104": "Assignment", "105": "This", "106": "MemberReference", "107": "timestamp", "108": "MemberReference", "109": "other", "110": "timestamp", "111": "=", "112": "IfStatement", "113": "MethodInvocation", "114": "other", "115": "isSetAttributes", "116": "BlockStatement", "117": "LocalVariableDeclaration", "118": "ReferenceType", "119": "java", "120": "ReferenceType", "121": "util", "122": "ReferenceType", "123": "Map", "124": "TypeArgument", "125": "ReferenceType", "126": "java", "127": "ReferenceType", "128": "nio", "129": "ReferenceType", "130": "ByteBuffer", "131": "TypeArgument", "132": "ReferenceType", "133": "java", "134": "ReferenceType", "135": "nio", "136": "ReferenceType", "137": "ByteBuffer", "138": "VariableDeclarator", "139": "__this__attributes", "140": "ClassCreator", "141": "ReferenceType", "142": "java", "143": "ReferenceType", "144": "util", "145": "ReferenceType", "146": "HashMap", "147": "TypeArgument", "148": "ReferenceType", "149": "java", "150": "ReferenceType", "151": "nio", "152": "ReferenceType", "153": "ByteBuffer", "154": "TypeArgument", "155": "ReferenceType", "156": "java", "157": "ReferenceType", "158": "nio", "159": "ReferenceType", "160": "ByteBuffer", "161": "MethodInvocation", "162": "other.attributes", "163": "size", "164": "ForStatement", "165": "EnhancedForControl", "166": "VariableDeclaration", "167": "ReferenceType", "168": "java", "169": "ReferenceType", "170": "util", "171": "ReferenceType", "172": "Map", "173": "ReferenceType", "174": "Entry", "175": "TypeArgument", "176": "ReferenceType", "177": "java", "178": "ReferenceType", "179": "nio", "180": "ReferenceType", "181": "ByteBuffer", "182": "TypeArgument", "183": "ReferenceType", "184": "java", "185": "ReferenceType", "186": "nio", "187": "ReferenceType", "188": "ByteBuffer", "189": "VariableDeclarator", "190": "other_element", "191": "MethodInvocation", "192": "other.attributes", "193": "entrySet", "194": "BlockStatement", "195": "LocalVariableDeclaration", "196": "ReferenceType", "197": "java", "198": "ReferenceType", "199": "nio", "200": "ReferenceType", "201": "ByteBuffer", "202": "VariableDeclarator", "203": "other_element_key", "204": "MethodInvocation", "205": "other_element", "206": "getKey", "207": "LocalVariableDeclaration", "208": "ReferenceType", "209": "java", "210": "ReferenceType", "211": "nio", "212": "ReferenceType", "213": "ByteBuffer", "214": "VariableDeclarator", "215": "other_element_value", "216": "MethodInvocation", "217": "other_element", "218": "getValue", "219": "LocalVariableDeclaration", "220": "ReferenceType", "221": "java", "222": "ReferenceType", "223": "nio", "224": "ReferenceType", "225": "ByteBuffer", "226": "VariableDeclarator", "227": "__this__attributes_copy_key", "228": "MethodInvocation", "229": "org.apache.thrift.TBaseHelper", "230": "MemberReference", "231": "other_element_key", "232": "copyBinary", "233": "LocalVariableDeclaration", "234": "ReferenceType", "235": "java", "236": "ReferenceType", "237": "nio", "238": "ReferenceType", "239": "ByteBuffer", "240": "VariableDeclarator", "241": "__this__attributes_copy_value", "242": "MethodInvocation", "243": "org.apache.thrift.TBaseHelper", "244": "MemberReference", "245": "other_element_value", "246": "copyBinary", "247": "StatementExpression", "248": "MethodInvocation", "249": "__this__attributes", "250": "MemberReference", "251": "__this__attributes_copy_key", "252": "MemberReference", "253": "__this__attributes_copy_value", "254": "put", "255": "StatementExpression", "256": "Assignment", "257": "This", "258": "MemberReference", "259": "attributes", "260": "MemberReference", "261": "__this__attributes", "262": "="}, "edges": {"0->1": 0, "1->0": 0, "1->2": 0, "2->1": 0, "0->3": 0, "3->0": 0, "0->4": 0, "4->0": 0, "4->5": 0, "5->4": 0, "5->6": 0, "6->5": 0, "4->7": 0, "7->4": 0, "0->8": 0, "8->0": 0, "8->9": 0, "9->8": 0, "9->10": 0, "10->9": 0, "10->11": 0, "11->10": 0, "9->12": 0, "12->9": 0, "12->13": 0, "13->12": 0, "12->14": 0, "14->12": 0, "9->15": 0, "15->9": 0, "0->16": 0, "16->0": 0, "16->17": 0, "17->16": 0, "17->18": 0, "18->17": 0, "17->19": 0, "19->17": 0, "16->20": 0, "20->16": 0, "20->21": 0, "21->20": 0, "21->22": 0, "22->21": 0, "22->23": 0, "23->22": 0, "23->24": 0, "24->23": 0, "24->25": 0, "25->24": 0, "22->26": 0, "26->22": 0, "26->27": 0, "27->26": 0, "26->28": 0, "28->26": 0, "28->29": 0, "29->28": 0, "28->30": 0, "30->28": 0, "26->31": 0, "31->26": 0, "22->32": 0, "32->22": 0, "0->33": 0, "33->0": 0, "33->34": 0, "34->33": 0, "34->35": 0, "35->34": 0, "34->36": 0, "36->34": 0, "33->37": 0, "37->33": 0, "37->38": 0, "38->37": 0, "38->39": 0, "39->38": 0, "39->40": 0, "40->39": 0, "39->41": 0, "41->39": 0, "41->42": 0, "42->41": 0, "41->43": 0, "43->41": 0, "43->44": 0, "44->43": 0, "43->45": 0, "45->43": 0, "45->46": 0, "46->45": 0, "46->47": 0, "47->46": 0, "46->48": 0, "48->46": 0, "48->49": 0, "49->48": 0, "48->50": 0, "50->48": 0, "50->51": 0, "51->50": 0, "38->52": 0, "52->38": 0, "52->53": 0, "53->52": 0, "52->54": 0, "54->52": 0, "54->55": 0, "55->54": 0, "55->56": 0, "56->55": 0, "55->57": 0, "57->55": 0, "57->58": 0, "58->57": 0, "57->59": 0, "59->57": 0, "59->60": 0, "60->59": 0, "59->61": 0, "61->59": 0, "61->62": 0, "62->61": 0, "62->63": 0, "63->62": 0, "62->64": 0, "64->62": 0, "64->65": 0, "65->64": 0, "64->66": 0, "66->64": 0, "66->67": 0, "67->66": 0, "54->68": 0, "68->54": 0, "68->69": 0, "69->68": 0, "68->70": 0, "70->68": 0, "37->71": 0, "71->37": 0, "71->72": 0, "72->71": 0, "72->73": 0, "73->72": 0, "73->74": 0, "74->73": 0, "74->75": 0, "75->74": 0, "74->76": 0, "76->74": 0, "76->77": 0, "77->76": 0, "76->78": 0, "78->76": 0, "78->79": 0, "79->78": 0, "73->80": 0, "80->73": 0, "80->81": 0, "81->80": 0, "72->82": 0, "82->72": 0, "82->83": 0, "83->82": 0, "82->84": 0, "84->82": 0, "71->85": 0, "85->71": 0, "85->86": 0, "86->85": 0, "86->87": 0, "87->86": 0, "87->88": 0, "88->87": 0, "87->89": 0, "89->87": 0, "89->90": 0, "90->89": 0, "89->91": 0, "91->89": 0, "91->92": 0, "92->91": 0, "89->93": 0, "93->89": 0, "87->94": 0, "94->87": 0, "37->95": 0, "95->37": 0, "95->96": 0, "96->95": 0, "96->97": 0, "97->96": 0, "97->98": 0, "98->97": 0, "98->99": 0, "99->98": 0, "96->100": 0, "100->96": 0, "100->101": 0, "101->100": 0, "96->102": 0, "102->96": 0, "0->103": 0, "103->0": 0, "103->104": 0, "104->103": 0, "104->105": 0, "105->104": 0, "105->106": 0, "106->105": 0, "106->107": 0, "107->106": 0, "104->108": 0, "108->104": 0, "108->109": 0, "109->108": 0, "108->110": 0, "110->108": 0, "104->111": 0, "111->104": 0, "0->112": 0, "112->0": 0, "112->113": 0, "113->112": 0, "113->114": 0, "114->113": 0, "113->115": 0, "115->113": 0, "112->116": 0, "116->112": 0, "116->117": 0, "117->116": 0, "117->118": 0, "118->117": 0, "118->119": 0, "119->118": 0, "118->120": 0, "120->118": 0, "120->121": 0, "121->120": 0, "120->122": 0, "122->120": 0, "122->123": 0, "123->122": 0, "122->124": 0, "124->122": 0, "124->125": 0, "125->124": 0, "125->126": 0, "126->125": 0, "125->127": 0, "127->125": 0, "127->128": 0, "128->127": 0, "127->129": 0, "129->127": 0, "129->130": 0, "130->129": 0, "122->131": 0, "131->122": 0, "131->132": 0, "132->131": 0, "132->133": 0, "133->132": 0, "132->134": 0, "134->132": 0, "134->135": 0, "135->134": 0, "134->136": 0, "136->134": 0, "136->137": 0, "137->136": 0, "117->138": 0, "138->117": 0, "138->139": 0, "139->138": 0, "138->140": 0, "140->138": 0, "140->141": 0, "141->140": 0, "141->142": 0, "142->141": 0, "141->143": 0, "143->141": 0, "143->144": 0, "144->143": 0, "143->145": 0, "145->143": 0, "145->146": 0, "146->145": 0, "145->147": 0, "147->145": 0, "147->148": 0, "148->147": 0, "148->149": 0, "149->148": 0, "148->150": 0, "150->148": 0, "150->151": 0, "151->150": 0, "150->152": 0, "152->150": 0, "152->153": 0, "153->152": 0, "145->154": 0, "154->145": 0, "154->155": 0, "155->154": 0, "155->156": 0, "156->155": 0, "155->157": 0, "157->155": 0, "157->158": 0, "158->157": 0, "157->159": 0, "159->157": 0, "159->160": 0, "160->159": 0, "140->161": 0, "161->140": 0, "161->162": 0, "162->161": 0, "161->163": 0, "163->161": 0, "116->164": 0, "164->116": 0, "164->165": 0, "165->164": 0, "165->166": 0, "166->165": 0, "166->167": 0, "167->166": 0, "167->168": 0, "168->167": 0, "167->169": 0, "169->167": 0, "169->170": 0, "170->169": 0, "169->171": 0, "171->169": 0, "171->172": 0, "172->171": 0, "171->173": 0, "173->171": 0, "173->174": 0, "174->173": 0, "173->175": 0, "175->173": 0, "175->176": 0, "176->175": 0, "176->177": 0, "177->176": 0, "176->178": 0, "178->176": 0, "178->179": 0, "179->178": 0, "178->180": 0, "180->178": 0, "180->181": 0, "181->180": 0, "173->182": 0, "182->173": 0, "182->183": 0, "183->182": 0, "183->184": 0, "184->183": 0, "183->185": 0, "185->183": 0, "185->186": 0, "186->185": 0, "185->187": 0, "187->185": 0, "187->188": 0, "188->187": 0, "166->189": 0, "189->166": 0, "189->190": 0, "190->189": 0, "165->191": 0, "191->165": 0, "191->192": 0, "192->191": 0, "191->193": 0, "193->191": 0, "164->194": 0, "194->164": 0, "194->195": 0, "195->194": 0, "195->196": 0, "196->195": 0, "196->197": 0, "197->196": 0, "196->198": 0, "198->196": 0, "198->199": 0, "199->198": 0, "198->200": 0, "200->198": 0, "200->201": 0, "201->200": 0, "195->202": 0, "202->195": 0, "202->203": 0, "203->202": 0, "202->204": 0, "204->202": 0, "204->205": 0, "205->204": 0, "204->206": 0, "206->204": 0, "194->207": 0, "207->194": 0, "207->208": 0, "208->207": 0, "208->209": 0, "209->208": 0, "208->210": 0, "210->208": 0, "210->211": 0, "211->210": 0, "210->212": 0, "212->210": 0, "212->213": 0, "213->212": 0, "207->214": 0, "214->207": 0, "214->215": 0, "215->214": 0, "214->216": 0, "216->214": 0, "216->217": 0, "217->216": 0, "216->218": 0, "218->216": 0, "194->219": 0, "219->194": 0, "219->220": 0, "220->219": 0, "220->221": 0, "221->220": 0, "220->222": 0, "222->220": 0, "222->223": 0, "223->222": 0, "222->224": 0, "224->222": 0, "224->225": 0, "225->224": 0, "219->226": 0, "226->219": 0, "226->227": 0, "227->226": 0, "226->228": 0, "228->226": 0, "228->229": 0, "229->228": 0, "228->230": 0, "230->228": 0, "230->231": 0, "231->230": 0, "228->232": 0, "232->228": 0, "194->233": 0, "233->194": 0, "233->234": 0, "234->233": 0, "234->235": 0, "235->234": 0, "234->236": 0, "236->234": 0, "236->237": 0, "237->236": 0, "236->238": 0, "238->236": 0, "238->239": 0, "239->238": 0, "233->240": 0, "240->233": 0, "240->241": 0, "241->240": 0, "240->242": 0, "242->240": 0, "242->243": 0, "243->242": 0, "242->244": 0, "244->242": 0, "244->245": 0, "245->244": 0, "242->246": 0, "246->242": 0, "194->247": 0, "247->194": 0, "247->248": 0, "248->247": 0, "248->249": 0, "249->248": 0, "248->250": 0, "250->248": 0, "250->251": 0, "251->250": 0, "248->252": 0, "252->248": 0, "252->253": 0, "253->252": 0, "248->254": 0, "254->248": 0, "116->255": 0, "255->116": 0, "255->256": 0, "256->255": 0, "256->257": 0, "257->256": 0, "257->258": 0, "258->257": 0, "258->259": 0, "259->258": 0, "256->260": 0, "260->256": 0, "260->261": 0, "261->260": 0, "256->262": 0, "262->256": 0, "1->3": 1, "3->1": 12, "3->4": 1, "4->3": 12, "4->8": 1, "8->4": 12, "8->16": 1, "16->8": 12, "16->33": 1, "33->16": 12, "33->103": 1, "103->33": 12, "103->112": 1, "112->103": 12, "5->7": 1, "7->5": 12, "10->12": 1, "12->10": 12, "12->15": 1, "15->12": 12, "13->14": 2, "14->13": 3, "17->20": 6, "20->17": 6, "18->19": 2, "19->18": 3, "23->26": 1, "26->23": 12, "26->32": 1, "32->26": 12, "27->28": 1, "28->27": 12, "28->31": 1, "31->28": 12, "29->30": 2, "30->29": 3, "34->37": 6, "37->34": 6, "35->36": 2, "36->35": 3, "38->71": 10, "71->38": 11, "71->95": 10, "95->71": 11, "39->52": 1, "52->39": 12, "40->41": 1, "41->40": 12, "42->43": 1, "43->42": 12, "44->45": 1, "45->44": 12, "47->48": 1, "48->47": 12, "49->50": 1, "50->49": 12, "53->54": 1, "54->53": 12, "55->68": 1, "68->55": 12, "56->57": 1, "57->56": 12, "58->59": 1, "59->58": 12, "60->61": 1, "61->60": 12, "63->64": 1, "64->63": 12, "65->66": 1, "66->65": 12, "69->70": 2, "70->69": 3, "72->85": 9, "85->72": 9, "73->82": 1, "82->73": 12, "74->80": 1, "80->74": 12, "75->76": 1, "76->75": 12, "77->78": 1, "78->77": 12, "83->84": 2, "84->83": 3, "88->89": 1, "89->88": 12, "89->94": 1, "94->89": 12, "90->91": 1, "91->90": 12, "91->93": 1, "93->91": 12, "97->100": 1, "100->97": 12, "100->102": 1, "102->100": 12, "105->108": 1, "108->105": 12, "108->111": 1, "111->108": 12, "109->110": 2, "110->109": 3, "113->116": 6, "116->113": 6, "114->115": 2, "115->114": 3, "117->164": 10, "164->117": 11, "164->255": 10, "255->164": 11, "118->138": 1, "138->118": 12, "119->120": 1, "120->119": 12, "121->122": 1, "122->121": 12, "123->124": 1, "124->123": 12, "124->131": 1, "131->124": 12, "126->127": 1, "127->126": 12, "128->129": 1, "129->128": 12, "133->134": 1, "134->133": 12, "135->136": 1, "136->135": 12, "139->140": 1, "140->139": 12, "141->161": 1, "161->141": 12, "142->143": 1, "143->142": 12, "144->145": 1, "145->144": 12, "146->147": 1, "147->146": 12, "147->154": 1, "154->147": 12, "149->150": 1, "150->149": 12, "151->152": 1, "152->151": 12, "156->157": 1, "157->156": 12, "158->159": 1, "159->158": 12, "162->163": 2, "163->162": 3, "165->194": 9, "194->165": 9, "166->191": 1, "191->166": 12, "167->189": 1, "189->167": 12, "168->169": 1, "169->168": 12, "170->171": 1, "171->170": 12, "172->173": 1, "173->172": 12, "174->175": 1, "175->174": 12, "175->182": 1, "182->175": 12, "177->178": 1, "178->177": 12, "179->180": 1, "180->179": 12, "184->185": 1, "185->184": 12, "186->187": 1, "187->186": 12, "192->193": 2, "193->192": 3, "195->207": 10, "207->195": 11, "207->219": 10, "219->207": 11, "219->233": 10, "233->219": 11, "233->247": 10, "247->233": 11, "196->202": 1, "202->196": 12, "197->198": 1, "198->197": 12, "199->200": 1, "200->199": 12, "203->204": 1, "204->203": 12, "205->206": 2, "206->205": 3, "208->214": 1, "214->208": 12, "209->210": 1, "210->209": 12, "211->212": 1, "212->211": 12, "215->216": 1, "216->215": 12, "217->218": 2, "218->217": 3, "220->226": 1, "226->220": 12, "221->222": 1, "222->221": 12, "223->224": 1, "224->223": 12, "227->228": 1, "228->227": 12, "229->230": 1, "230->229": 12, "230->232": 1, "232->230": 12, "234->240": 1, "240->234": 12, "235->236": 1, "236->235": 12, "237->238": 1, "238->237": 12, "241->242": 1, "242->241": 12, "243->244": 1, "244->243": 12, "244->246": 1, "246->244": 12, "249->250": 1, "250->249": 12, "250->252": 1, "252->250": 12, "252->254": 1, "254->252": 12, "257->260": 1, "260->257": 12, "260->262": 1, "262->260": 12, "2->3": 2, "3->2": 3, "3->6": 2, "6->3": 3, "6->7": 2, "7->6": 3, "7->11": 2, "11->7": 3, "11->13": 2, "13->11": 3, "14->15": 2, "15->14": 3, "15->18": 2, "18->15": 3, "19->25": 2, "25->19": 3, "25->27": 2, "27->25": 3, "27->29": 2, "29->27": 3, "30->31": 2, "31->30": 3, "31->32": 2, "32->31": 3, "32->35": 2, "35->32": 3, "36->40": 2, "40->36": 3, "40->42": 2, "42->40": 3, "42->44": 2, "44->42": 3, "44->47": 2, "47->44": 3, "47->49": 2, "49->47": 3, "49->51": 2, "51->49": 3, "51->53": 2, "53->51": 3, "53->56": 2, "56->53": 3, "56->58": 2, "58->56": 3, "58->60": 2, "60->58": 3, "60->63": 2, "63->60": 3, "63->65": 2, "65->63": 3, "65->67": 2, "67->65": 3, "67->69": 2, "69->67": 3, "70->75": 2, "75->70": 3, "75->77": 2, "77->75": 3, "77->79": 2, "79->77": 3, "79->81": 2, "81->79": 3, "81->83": 2, "83->81": 3, "84->88": 2, "88->84": 3, "88->90": 2, "90->88": 3, "90->92": 2, "92->90": 3, "92->93": 2, "93->92": 3, "93->94": 2, "94->93": 3, "94->99": 2, "99->94": 3, "99->101": 2, "101->99": 3, "101->102": 2, "102->101": 3, "102->107": 2, "107->102": 3, "107->109": 2, "109->107": 3, "110->111": 2, "111->110": 3, "111->114": 2, "114->111": 3, "115->119": 2, "119->115": 3, "119->121": 2, "121->119": 3, "121->123": 2, "123->121": 3, "123->126": 2, "126->123": 3, "126->128": 2, "128->126": 3, "128->130": 2, "130->128": 3, "130->133": 2, "133->130": 3, "133->135": 2, "135->133": 3, "135->137": 2, "137->135": 3, "137->139": 2, "139->137": 3, "139->142": 2, "142->139": 3, "142->144": 2, "144->142": 3, "144->146": 2, "146->144": 3, "146->149": 2, "149->146": 3, "149->151": 2, "151->149": 3, "151->153": 2, "153->151": 3, "153->156": 2, "156->153": 3, "156->158": 2, "158->156": 3, "158->160": 2, "160->158": 3, "160->162": 2, "162->160": 3, "163->168": 2, "168->163": 3, "168->170": 2, "170->168": 3, "170->172": 2, "172->170": 3, "172->174": 2, "174->172": 3, "174->177": 2, "177->174": 3, "177->179": 2, "179->177": 3, "179->181": 2, "181->179": 3, "181->184": 2, "184->181": 3, "184->186": 2, "186->184": 3, "186->188": 2, "188->186": 3, "188->190": 2, "190->188": 3, "190->192": 2, "192->190": 3, "193->197": 2, "197->193": 3, "197->199": 2, "199->197": 3, "199->201": 2, "201->199": 3, "201->203": 2, "203->201": 3, "203->205": 2, "205->203": 3, "206->209": 2, "209->206": 3, "209->211": 2, "211->209": 3, "211->213": 2, "213->211": 3, "213->215": 2, "215->213": 3, "215->217": 2, "217->215": 3, "218->221": 2, "221->218": 3, "221->223": 2, "223->221": 3, "223->225": 2, "225->223": 3, "225->227": 2, "227->225": 3, "227->229": 2, "229->227": 3, "229->231": 2, "231->229": 3, "231->232": 2, "232->231": 3, "232->235": 2, "235->232": 3, "235->237": 2, "237->235": 3, "237->239": 2, "239->237": 3, "239->241": 2, "241->239": 3, "241->243": 2, "243->241": 3, "243->245": 2, "245->243": 3, "245->246": 2, "246->245": 3, "246->249": 2, "249->246": 3, "249->251": 2, "251->249": 3, "251->253": 2, "253->251": 3, "253->254": 2, "254->253": 3, "254->259": 2, "259->254": 3, "259->261": 2, "261->259": 3, "261->262": 2, "262->261": 3, "11->14": 4, "14->11": 5, "25->30": 4, "30->25": 5, "84->99": 4, "99->84": 5, "107->110": 4, "110->107": 5}, "metrics": [25.0, 6.0, 1.0]}