{"nodelist": ["MethodDeclaration", "{'public'}", "public", "ReferenceType", "AsyncMethodCallback", "TypeArgument", "ReferenceType", "List", "TypeArgument", "ReferenceType", "TRowResult", "getResultHandler", "FormalParameter", "{'final'}", "final", "ReferenceType", "AsyncFrameBuffer", "fb", "FormalParameter", "{'final'}", "final", "BasicType", "int", "seqid", "LocalVariableDeclaration", "{'final'}", "final", "ReferenceType", "org", "ReferenceType", "apache", "ReferenceType", "thrift", "ReferenceType", "AsyncProcessFunction", "VariableDeclarator", "fcall", "This", "ReturnStatement", "ClassCreator", "ReferenceType", "AsyncMethodCallback", "TypeArgument", "ReferenceType", "List", "TypeArgument", "ReferenceType", "TRowResult", "MethodDeclaration", "{'public'}", "public", "onComplete", "FormalParameter", "ReferenceType", "List", "TypeArgument", "ReferenceType", "TRowResult", "o", "LocalVariableDeclaration", "ReferenceType", "getRowTs_result", "VariableDeclarator", "result", "ClassCreator", "ReferenceType", "getRowTs_result", "StatementExpression", "Assignment", "MemberReference", "result", "success", "MemberReference", "o", "=", "TryStatement", "StatementExpression", "MethodInvocation", "fcall", "MemberReference", "fb", "MemberReference", "result", "MemberReference", "org.apache.thrift.protocol.TMessageType", "REPLY", "MemberReference", "seqid", "sendResponse", "ReturnStatement", "CatchClause", "CatchClauseParameter", "Exception", "e", "StatementExpression", "MethodInvocation", "LOGGER", "Literal", "\"Exception writing to internal frame buffer\"", "MemberReference", "e", "error", "StatementExpression", "MethodInvocation", "fb", "close", "MethodDeclaration", "{'public'}", "public", "onError", "FormalParameter", "ReferenceType", "Exception", "e", "LocalVariableDeclaration", "BasicType", "byte", "VariableDeclarator", "msgType", "MemberReference", "org.apache.thrift.protocol.TMessageType", "REPLY", "LocalVariableDeclaration", "ReferenceType", "org", "ReferenceType", "apache", "ReferenceType", "thrift", "ReferenceType", "TBase", "VariableDeclarator", "msg", "LocalVariableDeclaration", "ReferenceType", "getRowTs_result", "VariableDeclarator", "result", "ClassCreator", "ReferenceType", "getRowTs_result", "IfStatement", "BinaryOperation", "instanceof", "MemberReference", "e", "ReferenceType", "IOError", "BlockStatement", "StatementExpression", "Assignment", "MemberReference", "result", "io", "Cast", "ReferenceType", "IOError", "MemberReference", "e", "=", "StatementExpression", "MethodInvocation", "result", "Literal", "true", "setIoIsSet", "StatementExpression", "Assignment", "MemberReference", "msg", "MemberReference", "result", "=", "BlockStatement", "StatementExpression", "Assignment", "MemberReference", "msgType", "MemberReference", "org.apache.thrift.protocol.TMessageType", "EXCEPTION", "=", "StatementExpression", "Assignment", "MemberReference", "msg", "Cast", "ReferenceType", "org", "ReferenceType", "apache", "ReferenceType", "thrift", "ReferenceType", "TBase", "ClassCreator", "ReferenceType", "org", "ReferenceType", "apache", "ReferenceType", "thrift", "ReferenceType", "TApplicationException", "MemberReference", "org.apache.thrift.TApplicationException", "INTERNAL_ERROR", "MethodInvocation", "e", "getMessage", "=", "TryStatement", "StatementExpression", "MethodInvocation", "fcall", "MemberReference", "fb", "MemberReference", "msg", "MemberReference", "msgType", "MemberReference", "seqid", "sendResponse", "ReturnStatement", "CatchClause", "CatchClauseParameter", "Exception", "ex", "StatementExpression", "MethodInvocation", "LOGGER", "Literal", "\"Exception writing to internal frame buffer\"", "MemberReference", "ex", "error", "StatementExpression", "MethodInvocation", "fb", "close"], "nodes": {"0": "MethodDeclaration", "1": "Modifier", "2": "public", "3": "ReferenceType", "4": "AsyncMethodCallback", "5": "TypeArgument", "6": "ReferenceType", "7": "List", "8": "TypeArgument", "9": "ReferenceType", "10": "TRowResult", "11": "getResultHandler", "12": "FormalParameter", "13": "Modifier", "14": "final", "15": "ReferenceType", "16": "AsyncFrameBuffer", "17": "fb", "18": "FormalParameter", "19": "Modifier", "20": "final", "21": "BasicType", "22": "int", "23": "seqid", "24": "LocalVariableDeclaration", "25": "Modifier", "26": "final", "27": "ReferenceType", "28": "org", "29": "ReferenceType", "30": "apache", "31": "ReferenceType", "32": "thrift", "33": "ReferenceType", "34": "AsyncProcessFunction", "35": "VariableDeclarator", "36": "fcall", "37": "This", "38": "ReturnStatement", "39": "ClassCreator", "40": "ReferenceType", "41": "AsyncMethodCallback", "42": "TypeArgument", "43": "ReferenceType", "44": "List", "45": "TypeArgument", "46": "ReferenceType", "47": "TRowResult", "48": "MethodDeclaration", "49": "Modifier", "50": "public", "51": "onComplete", "52": "FormalParameter", "53": "ReferenceType", "54": "List", "55": "TypeArgument", "56": "ReferenceType", "57": "TRowResult", "58": "o", "59": "LocalVariableDeclaration", "60": "ReferenceType", "61": "getRowTs_result", "62": "VariableDeclarator", "63": "result", "64": "ClassCreator", "65": "ReferenceType", "66": "getRowTs_result", "67": "StatementExpression", "68": "Assignment", "69": "MemberReference", "70": "result", "71": "success", "72": "MemberReference", "73": "o", "74": "=", "75": "TryStatement", "76": "StatementExpression", "77": "MethodInvocation", "78": "fcall", "79": "MemberReference", "80": "fb", "81": "MemberReference", "82": "result", "83": "MemberReference", "84": "org.apache.thrift.protocol.TMessageType", "85": "REPLY", "86": "MemberReference", "87": "seqid", "88": "sendResponse", "89": "ReturnStatement", "90": "CatchClause", "91": "CatchClauseParameter", "92": "Exception", "93": "e", "94": "StatementExpression", "95": "MethodInvocation", "96": "LOGGER", "97": "Literal", "98": "\"Exception writing to internal frame buffer\"", "99": "MemberReference", "100": "e", "101": "error", "102": "StatementExpression", "103": "MethodInvocation", "104": "fb", "105": "close", "106": "MethodDeclaration", "107": "Modifier", "108": "public", "109": "onError", "110": "FormalParameter", "111": "ReferenceType", "112": "Exception", "113": "e", "114": "LocalVariableDeclaration", "115": "BasicType", "116": "byte", "117": "VariableDeclarator", "118": "msgType", "119": "MemberReference", "120": "org.apache.thrift.protocol.TMessageType", "121": "REPLY", "122": "LocalVariableDeclaration", "123": "ReferenceType", "124": "org", "125": "ReferenceType", "126": "apache", "127": "ReferenceType", "128": "thrift", "129": "ReferenceType", "130": "TBase", "131": "VariableDeclarator", "132": "msg", "133": "LocalVariableDeclaration", "134": "ReferenceType", "135": "getRowTs_result", "136": "VariableDeclarator", "137": "result", "138": "ClassCreator", "139": "ReferenceType", "140": "getRowTs_result", "141": "IfStatement", "142": "BinaryOperation", "143": "instanceof", "144": "MemberReference", "145": "e", "146": "ReferenceType", "147": "IOError", "148": "BlockStatement", "149": "StatementExpression", "150": "Assignment", "151": "MemberReference", "152": "result", "153": "io", "154": "Cast", "155": "ReferenceType", "156": "IOError", "157": "MemberReference", "158": "e", "159": "=", "160": "StatementExpression", "161": "MethodInvocation", "162": "result", "163": "Literal", "164": "true", "165": "setIoIsSet", "166": "StatementExpression", "167": "Assignment", "168": "MemberReference", "169": "msg", "170": "MemberReference", "171": "result", "172": "=", "173": "BlockStatement", "174": "StatementExpression", "175": "Assignment", "176": "MemberReference", "177": "msgType", "178": "MemberReference", "179": "org.apache.thrift.protocol.TMessageType", "180": "EXCEPTION", "181": "=", "182": "StatementExpression", "183": "Assignment", "184": "MemberReference", "185": "msg", "186": "Cast", "187": "ReferenceType", "188": "org", "189": "ReferenceType", "190": "apache", "191": "ReferenceType", "192": "thrift", "193": "ReferenceType", "194": "TBase", "195": "ClassCreator", "196": "ReferenceType", "197": "org", "198": "ReferenceType", "199": "apache", "200": "ReferenceType", "201": "thrift", "202": "ReferenceType", "203": "TApplicationException", "204": "MemberReference", "205": "org.apache.thrift.TApplicationException", "206": "INTERNAL_ERROR", "207": "MethodInvocation", "208": "e", "209": "getMessage", "210": "=", "211": "TryStatement", "212": "StatementExpression", "213": "MethodInvocation", "214": "fcall", "215": "MemberReference", "216": "fb", "217": "MemberReference", "218": "msg", "219": "MemberReference", "220": "msgType", "221": "MemberReference", "222": "seqid", "223": "sendResponse", "224": "ReturnStatement", "225": "CatchClause", "226": "CatchClauseParameter", "227": "Exception", "228": "ex", "229": "StatementExpression", "230": "MethodInvocation", "231": "LOGGER", "232": "Literal", "233": "\"Exception writing to internal frame buffer\"", "234": "MemberReference", "235": "ex", "236": "error", "237": "StatementExpression", "238": "MethodInvocation", "239": "fb", "240": "close"}, "edges": {"0->1": 0, "1->0": 0, "1->2": 0, "2->1": 0, "0->3": 0, "3->0": 0, "3->4": 0, "4->3": 0, "3->5": 0, "5->3": 0, "5->6": 0, "6->5": 0, "6->7": 0, "7->6": 0, "6->8": 0, "8->6": 0, "8->9": 0, "9->8": 0, "9->10": 0, "10->9": 0, "0->11": 0, "11->0": 0, "0->12": 0, "12->0": 0, "12->13": 0, "13->12": 0, "13->14": 0, "14->13": 0, "12->15": 0, "15->12": 0, "15->16": 0, "16->15": 0, "12->17": 0, "17->12": 0, "0->18": 0, "18->0": 0, "18->19": 0, "19->18": 0, "19->20": 0, "20->19": 0, "18->21": 0, "21->18": 0, "21->22": 0, "22->21": 0, "18->23": 0, "23->18": 0, "0->24": 0, "24->0": 0, "24->25": 0, "25->24": 0, "25->26": 0, "26->25": 0, "24->27": 0, "27->24": 0, "27->28": 0, "28->27": 0, "27->29": 0, "29->27": 0, "29->30": 0, "30->29": 0, "29->31": 0, "31->29": 0, "31->32": 0, "32->31": 0, "31->33": 0, "33->31": 0, "33->34": 0, "34->33": 0, "24->35": 0, "35->24": 0, "35->36": 0, "36->35": 0, "35->37": 0, "37->35": 0, "0->38": 0, "38->0": 0, "38->39": 0, "39->38": 0, "39->40": 0, "40->39": 0, "40->41": 0, "41->40": 0, "40->42": 0, "42->40": 0, "42->43": 0, "43->42": 0, "43->44": 0, "44->43": 0, "43->45": 0, "45->43": 0, "45->46": 0, "46->45": 0, "46->47": 0, "47->46": 0, "39->48": 0, "48->39": 0, "48->49": 0, "49->48": 0, "49->50": 0, "50->49": 0, "48->51": 0, "51->48": 0, "48->52": 0, "52->48": 0, "52->53": 0, "53->52": 0, "53->54": 0, "54->53": 0, "53->55": 0, "55->53": 0, "55->56": 0, "56->55": 0, "56->57": 0, "57->56": 0, "52->58": 0, "58->52": 0, "48->59": 0, "59->48": 0, "59->60": 0, "60->59": 0, "60->61": 0, "61->60": 0, "59->62": 0, "62->59": 0, "62->63": 0, "63->62": 0, "62->64": 0, "64->62": 0, "64->65": 0, "65->64": 0, "65->66": 0, "66->65": 0, "48->67": 0, "67->48": 0, "67->68": 0, "68->67": 0, "68->69": 0, "69->68": 0, "69->70": 0, "70->69": 0, "69->71": 0, "71->69": 0, "68->72": 0, "72->68": 0, "72->73": 0, "73->72": 0, "68->74": 0, "74->68": 0, "48->75": 0, "75->48": 0, "75->76": 0, "76->75": 0, "76->77": 0, "77->76": 0, "77->78": 0, "78->77": 0, "77->79": 0, "79->77": 0, "79->80": 0, "80->79": 0, "77->81": 0, "81->77": 0, "81->82": 0, "82->81": 0, "77->83": 0, "83->77": 0, "83->84": 0, "84->83": 0, "83->85": 0, "85->83": 0, "77->86": 0, "86->77": 0, "86->87": 0, "87->86": 0, "77->88": 0, "88->77": 0, "75->89": 0, "89->75": 0, "75->90": 0, "90->75": 0, "90->91": 0, "91->90": 0, "91->92": 0, "92->91": 0, "91->93": 0, "93->91": 0, "90->94": 0, "94->90": 0, "94->95": 0, "95->94": 0, "95->96": 0, "96->95": 0, "95->97": 0, "97->95": 0, "97->98": 0, "98->97": 0, "95->99": 0, "99->95": 0, "99->100": 0, "100->99": 0, "95->101": 0, "101->95": 0, "48->102": 0, "102->48": 0, "102->103": 0, "103->102": 0, "103->104": 0, "104->103": 0, "103->105": 0, "105->103": 0, "39->106": 0, "106->39": 0, "106->107": 0, "107->106": 0, "107->108": 0, "108->107": 0, "106->109": 0, "109->106": 0, "106->110": 0, "110->106": 0, "110->111": 0, "111->110": 0, "111->112": 0, "112->111": 0, "110->113": 0, "113->110": 0, "106->114": 0, "114->106": 0, "114->115": 0, "115->114": 0, "115->116": 0, "116->115": 0, "114->117": 0, "117->114": 0, "117->118": 0, "118->117": 0, "117->119": 0, "119->117": 0, "119->120": 0, "120->119": 0, "119->121": 0, "121->119": 0, "106->122": 0, "122->106": 0, "122->123": 0, "123->122": 0, "123->124": 0, "124->123": 0, "123->125": 0, "125->123": 0, "125->126": 0, "126->125": 0, "125->127": 0, "127->125": 0, "127->128": 0, "128->127": 0, "127->129": 0, "129->127": 0, "129->130": 0, "130->129": 0, "122->131": 0, "131->122": 0, "131->132": 0, "132->131": 0, "106->133": 0, "133->106": 0, "133->134": 0, "134->133": 0, "134->135": 0, "135->134": 0, "133->136": 0, "136->133": 0, "136->137": 0, "137->136": 0, "136->138": 0, "138->136": 0, "138->139": 0, "139->138": 0, "139->140": 0, "140->139": 0, "106->141": 0, "141->106": 0, "141->142": 0, "142->141": 0, "142->143": 0, "143->142": 0, "142->144": 0, "144->142": 0, "144->145": 0, "145->144": 0, "142->146": 0, "146->142": 0, "146->147": 0, "147->146": 0, "141->148": 0, "148->141": 0, "148->149": 0, "149->148": 0, "149->150": 0, "150->149": 0, "150->151": 0, "151->150": 0, "151->152": 0, "152->151": 0, "151->153": 0, "153->151": 0, "150->154": 0, "154->150": 0, "154->155": 0, "155->154": 0, "155->156": 0, "156->155": 0, "154->157": 0, "157->154": 0, "157->158": 0, "158->157": 0, "150->159": 0, "159->150": 0, "148->160": 0, "160->148": 0, "160->161": 0, "161->160": 0, "161->162": 0, "162->161": 0, "161->163": 0, "163->161": 0, "163->164": 0, "164->163": 0, "161->165": 0, "165->161": 0, "148->166": 0, "166->148": 0, "166->167": 0, "167->166": 0, "167->168": 0, "168->167": 0, "168->169": 0, "169->168": 0, "167->170": 0, "170->167": 0, "170->171": 0, "171->170": 0, "167->172": 0, "172->167": 0, "141->173": 0, "173->141": 0, "173->174": 0, "174->173": 0, "174->175": 0, "175->174": 0, "175->176": 0, "176->175": 0, "176->177": 0, "177->176": 0, "175->178": 0, "178->175": 0, "178->179": 0, "179->178": 0, "178->180": 0, "180->178": 0, "175->181": 0, "181->175": 0, "173->182": 0, "182->173": 0, "182->183": 0, "183->182": 0, "183->184": 0, "184->183": 0, "184->185": 0, "185->184": 0, "183->186": 0, "186->183": 0, "186->187": 0, "187->186": 0, "187->188": 0, "188->187": 0, "187->189": 0, "189->187": 0, "189->190": 0, "190->189": 0, "189->191": 0, "191->189": 0, "191->192": 0, "192->191": 0, "191->193": 0, "193->191": 0, "193->194": 0, "194->193": 0, "186->195": 0, "195->186": 0, "195->196": 0, "196->195": 0, "196->197": 0, "197->196": 0, "196->198": 0, "198->196": 0, "198->199": 0, "199->198": 0, "198->200": 0, "200->198": 0, "200->201": 0, "201->200": 0, "200->202": 0, "202->200": 0, "202->203": 0, "203->202": 0, "195->204": 0, "204->195": 0, "204->205": 0, "205->204": 0, "204->206": 0, "206->204": 0, "195->207": 0, "207->195": 0, "207->208": 0, "208->207": 0, "207->209": 0, "209->207": 0, "183->210": 0, "210->183": 0, "106->211": 0, "211->106": 0, "211->212": 0, "212->211": 0, "212->213": 0, "213->212": 0, "213->214": 0, "214->213": 0, "213->215": 0, "215->213": 0, "215->216": 0, "216->215": 0, "213->217": 0, "217->213": 0, "217->218": 0, "218->217": 0, "213->219": 0, "219->213": 0, "219->220": 0, "220->219": 0, "213->221": 0, "221->213": 0, "221->222": 0, "222->221": 0, "213->223": 0, "223->213": 0, "211->224": 0, "224->211": 0, "211->225": 0, "225->211": 0, "225->226": 0, "226->225": 0, "226->227": 0, "227->226": 0, "226->228": 0, "228->226": 0, "225->229": 0, "229->225": 0, "229->230": 0, "230->229": 0, "230->231": 0, "231->230": 0, "230->232": 0, "232->230": 0, "232->233": 0, "233->232": 0, "230->234": 0, "234->230": 0, "234->235": 0, "235->234": 0, "230->236": 0, "236->230": 0, "106->237": 0, "237->106": 0, "237->238": 0, "238->237": 0, "238->239": 0, "239->238": 0, "238->240": 0, "240->238": 0, "1->3": 1, "3->1": 12, "3->11": 1, "11->3": 12, "11->12": 1, "12->11": 12, "12->18": 1, "18->12": 12, "18->24": 1, "24->18": 12, "24->38": 1, "38->24": 12, "4->5": 1, "5->4": 12, "7->8": 1, "8->7": 12, "13->15": 1, "15->13": 12, "15->17": 1, "17->15": 12, "19->21": 1, "21->19": 12, "21->23": 1, "23->21": 12, "25->27": 1, "27->25": 12, "27->35": 1, "35->27": 12, "28->29": 1, "29->28": 12, "30->31": 1, "31->30": 12, "32->33": 1, "33->32": 12, "36->37": 2, "37->36": 3, "40->48": 1, "48->40": 12, "48->106": 1, "106->48": 12, "41->42": 1, "42->41": 12, "44->45": 1, "45->44": 12, "49->51": 1, "51->49": 12, "51->52": 1, "52->51": 12, "52->59": 1, "59->52": 12, "59->67": 1, "67->59": 12, "67->75": 1, "75->67": 12, "75->102": 1, "102->75": 12, "53->58": 1, "58->53": 12, "54->55": 1, "55->54": 12, "60->62": 1, "62->60": 12, "63->64": 1, "64->63": 12, "69->72": 1, "72->69": 12, "72->74": 1, "74->72": 12, "70->71": 2, "71->70": 3, "76->89": 1, "89->76": 12, "89->90": 1, "90->89": 12, "78->79": 1, "79->78": 12, "79->81": 1, "81->79": 12, "81->83": 1, "83->81": 12, "83->86": 1, "86->83": 12, "86->88": 1, "88->86": 12, "84->85": 2, "85->84": 3, "91->94": 1, "94->91": 12, "92->93": 2, "93->92": 3, "96->97": 1, "97->96": 12, "97->99": 1, "99->97": 12, "99->101": 1, "101->99": 12, "104->105": 2, "105->104": 3, "107->109": 1, "109->107": 12, "109->110": 1, "110->109": 12, "110->114": 1, "114->110": 12, "114->122": 1, "122->114": 12, "122->133": 1, "133->122": 12, "133->141": 1, "141->133": 12, "141->211": 1, "211->141": 12, "211->237": 1, "237->211": 12, "111->113": 1, "113->111": 12, "115->117": 1, "117->115": 12, "118->119": 1, "119->118": 12, "120->121": 2, "121->120": 3, "123->131": 1, "131->123": 12, "124->125": 1, "125->124": 12, "126->127": 1, "127->126": 12, "128->129": 1, "129->128": 12, "134->136": 1, "136->134": 12, "137->138": 1, "138->137": 12, "142->148": 6, "148->142": 6, "148->173": 1, "173->148": 12, "143->144": 1, "144->143": 12, "144->146": 1, "146->144": 12, "149->160": 10, "160->149": 11, "160->166": 10, "166->160": 11, "151->154": 1, "154->151": 12, "154->159": 1, "159->154": 12, "152->153": 2, "153->152": 3, "155->157": 1, "157->155": 12, "162->163": 1, "163->162": 12, "163->165": 1, "165->163": 12, "168->170": 1, "170->168": 12, "170->172": 1, "172->170": 12, "174->182": 10, "182->174": 11, "176->178": 1, "178->176": 12, "178->181": 1, "181->178": 12, "179->180": 2, "180->179": 3, "184->186": 1, "186->184": 12, "186->210": 1, "210->186": 12, "187->195": 1, "195->187": 12, "188->189": 1, "189->188": 12, "190->191": 1, "191->190": 12, "192->193": 1, "193->192": 12, "196->204": 1, "204->196": 12, "204->207": 1, "207->204": 12, "197->198": 1, "198->197": 12, "199->200": 1, "200->199": 12, "201->202": 1, "202->201": 12, "205->206": 2, "206->205": 3, "208->209": 2, "209->208": 3, "212->224": 1, "224->212": 12, "224->225": 1, "225->224": 12, "214->215": 1, "215->214": 12, "215->217": 1, "217->215": 12, "217->219": 1, "219->217": 12, "219->221": 1, "221->219": 12, "221->223": 1, "223->221": 12, "226->229": 1, "229->226": 12, "227->228": 2, "228->227": 3, "231->232": 1, "232->231": 12, "232->234": 1, "234->232": 12, "234->236": 1, "236->234": 12, "239->240": 2, "240->239": 3, "142->173": 7, "173->142": 7, "2->4": 2, "4->2": 3, "4->7": 2, "7->4": 3, "7->10": 2, "10->7": 3, "10->11": 2, "11->10": 3, "11->14": 2, "14->11": 3, "14->16": 2, "16->14": 3, "16->17": 2, "17->16": 3, "17->20": 2, "20->17": 3, "20->22": 2, "22->20": 3, "22->23": 2, "23->22": 3, "23->26": 2, "26->23": 3, "26->28": 2, "28->26": 3, "28->30": 2, "30->28": 3, "30->32": 2, "32->30": 3, "32->34": 2, "34->32": 3, "34->36": 2, "36->34": 3, "37->41": 2, "41->37": 3, "41->44": 2, "44->41": 3, "44->47": 2, "47->44": 3, "47->50": 2, "50->47": 3, "50->51": 2, "51->50": 3, "51->54": 2, "54->51": 3, "54->57": 2, "57->54": 3, "57->58": 2, "58->57": 3, "58->61": 2, "61->58": 3, "61->63": 2, "63->61": 3, "63->66": 2, "66->63": 3, "66->70": 2, "70->66": 3, "71->73": 2, "73->71": 3, "73->74": 2, "74->73": 3, "74->78": 2, "78->74": 3, "78->80": 2, "80->78": 3, "80->82": 2, "82->80": 3, "82->84": 2, "84->82": 3, "85->87": 2, "87->85": 3, "87->88": 2, "88->87": 3, "88->89": 2, "89->88": 3, "89->92": 2, "92->89": 3, "93->96": 2, "96->93": 3, "96->98": 2, "98->96": 3, "98->100": 2, "100->98": 3, "100->101": 2, "101->100": 3, "101->104": 2, "104->101": 3, "105->108": 2, "108->105": 3, "108->109": 2, "109->108": 3, "109->112": 2, "112->109": 3, "112->113": 2, "113->112": 3, "113->116": 2, "116->113": 3, "116->118": 2, "118->116": 3, "118->120": 2, "120->118": 3, "121->124": 2, "124->121": 3, "124->126": 2, "126->124": 3, "126->128": 2, "128->126": 3, "128->130": 2, "130->128": 3, "130->132": 2, "132->130": 3, "132->135": 2, "135->132": 3, "135->137": 2, "137->135": 3, "137->140": 2, "140->137": 3, "140->143": 2, "143->140": 3, "143->145": 2, "145->143": 3, "145->147": 2, "147->145": 3, "147->152": 2, "152->147": 3, "153->156": 2, "156->153": 3, "156->158": 2, "158->156": 3, "158->159": 2, "159->158": 3, "159->162": 2, "162->159": 3, "162->164": 2, "164->162": 3, "164->165": 2, "165->164": 3, "165->169": 2, "169->165": 3, "169->171": 2, "171->169": 3, "171->172": 2, "172->171": 3, "172->177": 2, "177->172": 3, "177->179": 2, "179->177": 3, "180->181": 2, "181->180": 3, "181->185": 2, "185->181": 3, "185->188": 2, "188->185": 3, "188->190": 2, "190->188": 3, "190->192": 2, "192->190": 3, "192->194": 2, "194->192": 3, "194->197": 2, "197->194": 3, "197->199": 2, "199->197": 3, "199->201": 2, "201->199": 3, "201->203": 2, "203->201": 3, "203->205": 2, "205->203": 3, "206->208": 2, "208->206": 3, "209->210": 2, "210->209": 3, "210->214": 2, "214->210": 3, "214->216": 2, "216->214": 3, "216->218": 2, "218->216": 3, "218->220": 2, "220->218": 3, "220->222": 2, "222->220": 3, "222->223": 2, "223->222": 3, "223->224": 2, "224->223": 3, "224->227": 2, "227->224": 3, "228->231": 2, "231->228": 3, "231->233": 2, "233->231": 3, "233->235": 2, "235->233": 3, "235->236": 2, "236->235": 3, "236->239": 2, "239->236": 3, "80->216": 4, "216->80": 5, "82->171": 4, "171->82": 5, "85->121": 4, "121->85": 5, "87->222": 4, "222->87": 5, "100->145": 4, "145->100": 5, "145->158": 4, "158->145": 5, "169->185": 4, "185->169": 5, "185->218": 4, "218->185": 5, "177->220": 4, "220->177": 5}, "metrics": [40.0, 2.0, 2.0]}