{"nodelist": ["MethodDeclaration", "{'public'}", "public", "abort", "FormalParameter", "ReferenceType", "String", "reason", "StatementExpression", "MethodInvocation", "MemberReference", "reason", "Literal", "null", "abort"], "nodes": {"0": "MethodDeclaration", "1": "Modifier", "2": "public", "3": "abort", "4": "FormalParameter", "5": "ReferenceType", "6": "String", "7": "reason", "8": "StatementExpression", "9": "MethodInvocation", "10": "MemberReference", "11": "reason", "12": "Literal", "13": "null", "14": "abort"}, "edges": {"0->1": 0, "1->0": 0, "1->2": 0, "2->1": 0, "0->3": 0, "3->0": 0, "0->4": 0, "4->0": 0, "4->5": 0, "5->4": 0, "5->6": 0, "6->5": 0, "4->7": 0, "7->4": 0, "0->8": 0, "8->0": 0, "8->9": 0, "9->8": 0, "9->10": 0, "10->9": 0, "10->11": 0, "11->10": 0, "9->12": 0, "12->9": 0, "12->13": 0, "13->12": 0, "9->14": 0, "14->9": 0, "1->3": 1, "3->1": 12, "3->4": 1, "4->3": 12, "4->8": 1, "8->4": 12, "5->7": 1, "7->5": 12, "10->12": 1, "12->10": 12, "12->14": 1, "14->12": 12, "2->3": 2, "3->2": 3, "3->6": 2, "6->3": 3, "6->7": 2, "7->6": 3, "7->11": 2, "11->7": 3, "11->13": 2, "13->11": 3, "13->14": 2, "14->13": 3}, "metrics": [3.0, 1.0, 1.0]}