{"nodelist": ["MethodDeclaration", "{'private'}", "private", "ReferenceType", "CompactionContext", "selectCompaction", "FormalParameter", "{'final'}", "final", "ReferenceType", "Region", "r", "FormalParameter", "{'final'}", "final", "ReferenceType", "Store", "s", "FormalParameter", "BasicType", "int", "priority", "FormalParameter", "ReferenceType", "CompactionRequest", "request", "IOException", "LocalVariableDeclaration", "ReferenceType", "CompactionContext", "VariableDeclarator", "compaction", "MethodInvocation", "s", "MemberReference", "priority", "MemberReference", "request", "requestCompaction", "IfStatement", "BinaryOperation", "==", "MemberReference", "compaction", "Literal", "null", "BlockStatement", "IfStatement", "MethodInvocation", "LOG", "isDebugEnabled", "BlockStatement", "StatementExpression", "MethodInvocation", "LOG", "BinaryOperation", "+", "BinaryOperation", "+", "Literal", "\"Not compacting \"", "MethodInvocation", "r", "MethodInvocation", "getRegionNameAsString", "getRegionInfo", "Literal", "\" because compaction request was cancelled\"", "debug", "ReturnStatement", "Literal", "null", "AssertStatement", "MethodInvocation", "compaction", "hasSelection", "IfStatement", "BinaryOperation", "!=", "MemberReference", "priority", "MemberReference", "Store", "NO_PRIORITY", "BlockStatement", "StatementExpression", "MethodInvocation", "compaction", "MethodInvocation", "MemberReference", "priority", "setPriority", "getRequest", "ReturnStatement", "MemberReference", "compaction"], "nodes": {"0": "MethodDeclaration", "1": "Modifier", "2": "private", "3": "ReferenceType", "4": "CompactionContext", "5": "selectCompaction", "6": "FormalParameter", "7": "Modifier", "8": "final", "9": "ReferenceType", "10": "Region", "11": "r", "12": "FormalParameter", "13": "Modifier", "14": "final", "15": "ReferenceType", "16": "Store", "17": "s", "18": "FormalParameter", "19": "BasicType", "20": "int", "21": "priority", "22": "FormalParameter", "23": "ReferenceType", "24": "CompactionRequest", "25": "request", "26": "IOException", "27": "LocalVariableDeclaration", "28": "ReferenceType", "29": "CompactionContext", "30": "VariableDeclarator", "31": "compaction", "32": "MethodInvocation", "33": "s", "34": "MemberReference", "35": "priority", "36": "MemberReference", "37": "request", "38": "requestCompaction", "39": "IfStatement", "40": "BinaryOperation", "41": "==", "42": "MemberReference", "43": "compaction", "44": "Literal", "45": "null", "46": "BlockStatement", "47": "IfStatement", "48": "MethodInvocation", "49": "LOG", "50": "isDebugEnabled", "51": "BlockStatement", "52": "StatementExpression", "53": "MethodInvocation", "54": "LOG", "55": "BinaryOperation", "56": "+", "57": "BinaryOperation", "58": "+", "59": "Literal", "60": "\"Not compacting \"", "61": "MethodInvocation", "62": "r", "63": "MethodInvocation", "64": "getRegionNameAsString", "65": "getRegionInfo", "66": "Literal", "67": "\" because compaction request was cancelled\"", "68": "debug", "69": "ReturnStatement", "70": "Literal", "71": "null", "72": "AssertStatement", "73": "MethodInvocation", "74": "compaction", "75": "hasSelection", "76": "IfStatement", "77": "BinaryOperation", "78": "!=", "79": "MemberReference", "80": "priority", "81": "MemberReference", "82": "Store", "83": "NO_PRIORITY", "84": "BlockStatement", "85": "StatementExpression", "86": "MethodInvocation", "87": "compaction", "88": "MethodInvocation", "89": "MemberReference", "90": "priority", "91": "setPriority", "92": "getRequest", "93": "ReturnStatement", "94": "MemberReference", "95": "compaction"}, "edges": {"0->1": 0, "1->0": 0, "1->2": 0, "2->1": 0, "0->3": 0, "3->0": 0, "3->4": 0, "4->3": 0, "0->5": 0, "5->0": 0, "0->6": 0, "6->0": 0, "6->7": 0, "7->6": 0, "7->8": 0, "8->7": 0, "6->9": 0, "9->6": 0, "9->10": 0, "10->9": 0, "6->11": 0, "11->6": 0, "0->12": 0, "12->0": 0, "12->13": 0, "13->12": 0, "13->14": 0, "14->13": 0, "12->15": 0, "15->12": 0, "15->16": 0, "16->15": 0, "12->17": 0, "17->12": 0, "0->18": 0, "18->0": 0, "18->19": 0, "19->18": 0, "19->20": 0, "20->19": 0, "18->21": 0, "21->18": 0, "0->22": 0, "22->0": 0, "22->23": 0, "23->22": 0, "23->24": 0, "24->23": 0, "22->25": 0, "25->22": 0, "0->26": 0, "26->0": 0, "0->27": 0, "27->0": 0, "27->28": 0, "28->27": 0, "28->29": 0, "29->28": 0, "27->30": 0, "30->27": 0, "30->31": 0, "31->30": 0, "30->32": 0, "32->30": 0, "32->33": 0, "33->32": 0, "32->34": 0, "34->32": 0, "34->35": 0, "35->34": 0, "32->36": 0, "36->32": 0, "36->37": 0, "37->36": 0, "32->38": 0, "38->32": 0, "0->39": 0, "39->0": 0, "39->40": 0, "40->39": 0, "40->41": 0, "41->40": 0, "40->42": 0, "42->40": 0, "42->43": 0, "43->42": 0, "40->44": 0, "44->40": 0, "44->45": 0, "45->44": 0, "39->46": 0, "46->39": 0, "46->47": 0, "47->46": 0, "47->48": 0, "48->47": 0, "48->49": 0, "49->48": 0, "48->50": 0, "50->48": 0, "47->51": 0, "51->47": 0, "51->52": 0, "52->51": 0, "52->53": 0, "53->52": 0, "53->54": 0, "54->53": 0, "53->55": 0, "55->53": 0, "55->56": 0, "56->55": 0, "55->57": 0, "57->55": 0, "57->58": 0, "58->57": 0, "57->59": 0, "59->57": 0, "59->60": 0, "60->59": 0, "57->61": 0, "61->57": 0, "61->62": 0, "62->61": 0, "61->63": 0, "63->61": 0, "63->64": 0, "64->63": 0, "61->65": 0, "65->61": 0, "55->66": 0, "66->55": 0, "66->67": 0, "67->66": 0, "53->68": 0, "68->53": 0, "46->69": 0, "69->46": 0, "69->70": 0, "70->69": 0, "70->71": 0, "71->70": 0, "0->72": 0, "72->0": 0, "72->73": 0, "73->72": 0, "73->74": 0, "74->73": 0, "73->75": 0, "75->73": 0, "0->76": 0, "76->0": 0, "76->77": 0, "77->76": 0, "77->78": 0, "78->77": 0, "77->79": 0, "79->77": 0, "79->80": 0, "80->79": 0, "77->81": 0, "81->77": 0, "81->82": 0, "82->81": 0, "81->83": 0, "83->81": 0, "76->84": 0, "84->76": 0, "84->85": 0, "85->84": 0, "85->86": 0, "86->85": 0, "86->87": 0, "87->86": 0, "86->88": 0, "88->86": 0, "88->89": 0, "89->88": 0, "89->90": 0, "90->89": 0, "88->91": 0, "91->88": 0, "86->92": 0, "92->86": 0, "0->93": 0, "93->0": 0, "93->94": 0, "94->93": 0, "94->95": 0, "95->94": 0, "1->3": 1, "3->1": 12, "3->5": 1, "5->3": 12, "5->6": 1, "6->5": 12, "6->12": 1, "12->6": 12, "12->18": 1, "18->12": 12, "18->22": 1, "22->18": 12, "22->26": 1, "26->22": 12, "26->27": 1, "27->26": 12, "27->39": 1, "39->27": 12, "39->72": 1, "72->39": 12, "72->76": 1, "76->72": 12, "76->93": 1, "93->76": 12, "7->9": 1, "9->7": 12, "9->11": 1, "11->9": 12, "13->15": 1, "15->13": 12, "15->17": 1, "17->15": 12, "19->21": 1, "21->19": 12, "23->25": 1, "25->23": 12, "28->30": 1, "30->28": 12, "31->32": 1, "32->31": 12, "33->34": 1, "34->33": 12, "34->36": 1, "36->34": 12, "36->38": 1, "38->36": 12, "40->46": 6, "46->40": 6, "41->42": 1, "42->41": 12, "42->44": 1, "44->42": 12, "47->69": 10, "69->47": 11, "48->51": 6, "51->48": 6, "49->50": 2, "50->49": 3, "54->55": 1, "55->54": 12, "55->68": 1, "68->55": 12, "56->57": 1, "57->56": 12, "57->66": 1, "66->57": 12, "58->59": 1, "59->58": 12, "59->61": 1, "61->59": 12, "62->63": 1, "63->62": 12, "63->65": 1, "65->63": 12, "74->75": 2, "75->74": 3, "77->84": 6, "84->77": 6, "78->79": 1, "79->78": 12, "79->81": 1, "81->79": 12, "82->83": 2, "83->82": 3, "87->88": 1, "88->87": 12, "88->92": 1, "92->88": 12, "89->91": 1, "91->89": 12, "2->4": 2, "4->2": 3, "4->5": 2, "5->4": 3, "5->8": 2, "8->5": 3, "8->10": 2, "10->8": 3, "10->11": 2, "11->10": 3, "11->14": 2, "14->11": 3, "14->16": 2, "16->14": 3, "16->17": 2, "17->16": 3, "17->20": 2, "20->17": 3, "20->21": 2, "21->20": 3, "21->24": 2, "24->21": 3, "24->25": 2, "25->24": 3, "25->26": 2, "26->25": 3, "26->29": 2, "29->26": 3, "29->31": 2, "31->29": 3, "31->33": 2, "33->31": 3, "33->35": 2, "35->33": 3, "35->37": 2, "37->35": 3, "37->38": 2, "38->37": 3, "38->41": 2, "41->38": 3, "41->43": 2, "43->41": 3, "43->45": 2, "45->43": 3, "45->49": 2, "49->45": 3, "50->54": 2, "54->50": 3, "54->56": 2, "56->54": 3, "56->58": 2, "58->56": 3, "58->60": 2, "60->58": 3, "60->62": 2, "62->60": 3, "62->64": 2, "64->62": 3, "64->65": 2, "65->64": 3, "65->67": 2, "67->65": 3, "67->68": 2, "68->67": 3, "68->71": 2, "71->68": 3, "71->74": 2, "74->71": 3, "75->78": 2, "78->75": 3, "78->80": 2, "80->78": 3, "80->82": 2, "82->80": 3, "83->87": 2, "87->83": 3, "87->90": 2, "90->87": 3, "90->91": 2, "91->90": 3, "91->92": 2, "92->91": 3, "92->95": 2, "95->92": 3, "35->80": 4, "80->35": 5, "80->90": 4, "90->80": 5, "43->95": 4, "95->43": 5}, "metrics": [14.0, 4.0, 4.0]}