{"nodelist": ["MethodDeclaration", "{'static', 'public'}", "static", "public", "ReferenceType", "HMaster", "constructMaster", "FormalParameter", "ReferenceType", "Class", "TypeArgument", "ReferenceType", "HMaster", "extends", "masterClass", "FormalParameter", "{'final'}", "final", "ReferenceType", "Configuration", "conf", "FormalParameter", "{'final'}", "final", "ReferenceType", "CoordinatedStateManager", "cp", "TryStatement", "LocalVariableDeclaration", "ReferenceType", "Constructor", "TypeArgument", "ReferenceType", "HMaster", "extends", "VariableDeclarator", "c", "MethodInvocation", "masterClass", "ClassReference", "ReferenceType", "Configuration", "ClassReference", "ReferenceType", "CoordinatedStateManager", "getConstructor", "ReturnStatement", "MethodInvocation", "c", "MemberReference", "conf", "MemberReference", "cp", "newInstance", "CatchClause", "CatchClauseParameter", "InvocationTargetException", "ite", "LocalVariableDeclaration", "ReferenceType", "Throwable", "VariableDeclarator", "target", "TernaryExpression", "BinaryOperation", "!=", "MethodInvocation", "ite", "getTargetException", "Literal", "null", "MethodInvocation", "ite", "getTargetException", "MemberReference", "ite", "IfStatement", "BinaryOperation", "!=", "MethodInvocation", "target", "getCause", "Literal", "null", "StatementExpression", "Assignment", "MemberReference", "target", "MethodInvocation", "target", "getCause", "=", "ThrowStatement", "ClassCreator", "ReferenceType", "RuntimeException", "BinaryOperation", "+", "Literal", "\"Failed construction of Master: \"", "MethodInvocation", "masterClass", "toString", "MemberReference", "target", "CatchClause", "CatchClauseParameter", "Exception", "e", "ThrowStatement", "ClassCreator", "ReferenceType", "RuntimeException", "BinaryOperation", "+", "BinaryOperation", "+", "Literal", "\"Failed construction of Master: \"", "MethodInvocation", "masterClass", "toString", "TernaryExpression", "BinaryOperation", "!=", "MethodInvocation", "e", "getCause", "Literal", "null", "MethodInvocation", "e", "MethodInvocation", "getMessage", "getCause", "Literal", "\"\"", "MemberReference", "e"], "nodes": {"0": "MethodDeclaration", "1": "Modifier", "2": "static", "3": "public", "4": "ReferenceType", "5": "HMaster", "6": "constructMaster", "7": "FormalParameter", "8": "ReferenceType", "9": "Class", "10": "TypeArgument", "11": "ReferenceType", "12": "HMaster", "13": "extends", "14": "masterClass", "15": "FormalParameter", "16": "Modifier", "17": "final", "18": "ReferenceType", "19": "Configuration", "20": "conf", "21": "FormalParameter", "22": "Modifier", "23": "final", "24": "ReferenceType", "25": "CoordinatedStateManager", "26": "cp", "27": "TryStatement", "28": "LocalVariableDeclaration", "29": "ReferenceType", "30": "Constructor", "31": "TypeArgument", "32": "ReferenceType", "33": "HMaster", "34": "extends", "35": "VariableDeclarator", "36": "c", "37": "MethodInvocation", "38": "masterClass", "39": "ClassReference", "40": "ReferenceType", "41": "Configuration", "42": "ClassReference", "43": "ReferenceType", "44": "CoordinatedStateManager", "45": "getConstructor", "46": "ReturnStatement", "47": "MethodInvocation", "48": "c", "49": "MemberReference", "50": "conf", "51": "MemberReference", "52": "cp", "53": "newInstance", "54": "CatchClause", "55": "CatchClauseParameter", "56": "InvocationTargetException", "57": "ite", "58": "LocalVariableDeclaration", "59": "ReferenceType", "60": "Throwable", "61": "VariableDeclarator", "62": "target", "63": "TernaryExpression", "64": "BinaryOperation", "65": "!=", "66": "MethodInvocation", "67": "ite", "68": "getTargetException", "69": "Literal", "70": "null", "71": "MethodInvocation", "72": "ite", "73": "getTargetException", "74": "MemberReference", "75": "ite", "76": "IfStatement", "77": "BinaryOperation", "78": "!=", "79": "MethodInvocation", "80": "target", "81": "getCause", "82": "Literal", "83": "null", "84": "StatementExpression", "85": "Assignment", "86": "MemberReference", "87": "target", "88": "MethodInvocation", "89": "target", "90": "getCause", "91": "=", "92": "ThrowStatement", "93": "ClassCreator", "94": "ReferenceType", "95": "RuntimeException", "96": "BinaryOperation", "97": "+", "98": "Literal", "99": "\"Failed construction of Master: \"", "100": "MethodInvocation", "101": "masterClass", "102": "toString", "103": "MemberReference", "104": "target", "105": "CatchClause", "106": "CatchClauseParameter", "107": "Exception", "108": "e", "109": "ThrowStatement", "110": "ClassCreator", "111": "ReferenceType", "112": "RuntimeException", "113": "BinaryOperation", "114": "+", "115": "BinaryOperation", "116": "+", "117": "Literal", "118": "\"Failed construction of Master: \"", "119": "MethodInvocation", "120": "masterClass", "121": "toString", "122": "TernaryExpression", "123": "BinaryOperation", "124": "!=", "125": "MethodInvocation", "126": "e", "127": "getCause", "128": "Literal", "129": "null", "130": "MethodInvocation", "131": "e", "132": "MethodInvocation", "133": "getMessage", "134": "getCause", "135": "Literal", "136": "\"\"", "137": "MemberReference", "138": "e"}, "edges": {"0->1": 0, "1->0": 0, "1->2": 0, "2->1": 0, "1->3": 0, "3->1": 0, "0->4": 0, "4->0": 0, "4->5": 0, "5->4": 0, "0->6": 0, "6->0": 0, "0->7": 0, "7->0": 0, "7->8": 0, "8->7": 0, "8->9": 0, "9->8": 0, "8->10": 0, "10->8": 0, "10->11": 0, "11->10": 0, "11->12": 0, "12->11": 0, "10->13": 0, "13->10": 0, "7->14": 0, "14->7": 0, "0->15": 0, "15->0": 0, "15->16": 0, "16->15": 0, "16->17": 0, "17->16": 0, "15->18": 0, "18->15": 0, "18->19": 0, "19->18": 0, "15->20": 0, "20->15": 0, "0->21": 0, "21->0": 0, "21->22": 0, "22->21": 0, "22->23": 0, "23->22": 0, "21->24": 0, "24->21": 0, "24->25": 0, "25->24": 0, "21->26": 0, "26->21": 0, "0->27": 0, "27->0": 0, "27->28": 0, "28->27": 0, "28->29": 0, "29->28": 0, "29->30": 0, "30->29": 0, "29->31": 0, "31->29": 0, "31->32": 0, "32->31": 0, "32->33": 0, "33->32": 0, "31->34": 0, "34->31": 0, "28->35": 0, "35->28": 0, "35->36": 0, "36->35": 0, "35->37": 0, "37->35": 0, "37->38": 0, "38->37": 0, "37->39": 0, "39->37": 0, "39->40": 0, "40->39": 0, "40->41": 0, "41->40": 0, "37->42": 0, "42->37": 0, "42->43": 0, "43->42": 0, "43->44": 0, "44->43": 0, "37->45": 0, "45->37": 0, "27->46": 0, "46->27": 0, "46->47": 0, "47->46": 0, "47->48": 0, "48->47": 0, "47->49": 0, "49->47": 0, "49->50": 0, "50->49": 0, "47->51": 0, "51->47": 0, "51->52": 0, "52->51": 0, "47->53": 0, "53->47": 0, "27->54": 0, "54->27": 0, "54->55": 0, "55->54": 0, "55->56": 0, "56->55": 0, "55->57": 0, "57->55": 0, "54->58": 0, "58->54": 0, "58->59": 0, "59->58": 0, "59->60": 0, "60->59": 0, "58->61": 0, "61->58": 0, "61->62": 0, "62->61": 0, "61->63": 0, "63->61": 0, "63->64": 0, "64->63": 0, "64->65": 0, "65->64": 0, "64->66": 0, "66->64": 0, "66->67": 0, "67->66": 0, "66->68": 0, "68->66": 0, "64->69": 0, "69->64": 0, "69->70": 0, "70->69": 0, "63->71": 0, "71->63": 0, "71->72": 0, "72->71": 0, "71->73": 0, "73->71": 0, "63->74": 0, "74->63": 0, "74->75": 0, "75->74": 0, "54->76": 0, "76->54": 0, "76->77": 0, "77->76": 0, "77->78": 0, "78->77": 0, "77->79": 0, "79->77": 0, "79->80": 0, "80->79": 0, "79->81": 0, "81->79": 0, "77->82": 0, "82->77": 0, "82->83": 0, "83->82": 0, "76->84": 0, "84->76": 0, "84->85": 0, "85->84": 0, "85->86": 0, "86->85": 0, "86->87": 0, "87->86": 0, "85->88": 0, "88->85": 0, "88->89": 0, "89->88": 0, "88->90": 0, "90->88": 0, "85->91": 0, "91->85": 0, "54->92": 0, "92->54": 0, "92->93": 0, "93->92": 0, "93->94": 0, "94->93": 0, "94->95": 0, "95->94": 0, "93->96": 0, "96->93": 0, "96->97": 0, "97->96": 0, "96->98": 0, "98->96": 0, "98->99": 0, "99->98": 0, "96->100": 0, "100->96": 0, "100->101": 0, "101->100": 0, "100->102": 0, "102->100": 0, "93->103": 0, "103->93": 0, "103->104": 0, "104->103": 0, "27->105": 0, "105->27": 0, "105->106": 0, "106->105": 0, "106->107": 0, "107->106": 0, "106->108": 0, "108->106": 0, "105->109": 0, "109->105": 0, "109->110": 0, "110->109": 0, "110->111": 0, "111->110": 0, "111->112": 0, "112->111": 0, "110->113": 0, "113->110": 0, "113->114": 0, "114->113": 0, "113->115": 0, "115->113": 0, "115->116": 0, "116->115": 0, "115->117": 0, "117->115": 0, "117->118": 0, "118->117": 0, "115->119": 0, "119->115": 0, "119->120": 0, "120->119": 0, "119->121": 0, "121->119": 0, "113->122": 0, "122->113": 0, "122->123": 0, "123->122": 0, "123->124": 0, "124->123": 0, "123->125": 0, "125->123": 0, "125->126": 0, "126->125": 0, "125->127": 0, "127->125": 0, "123->128": 0, "128->123": 0, "128->129": 0, "129->128": 0, "122->130": 0, "130->122": 0, "130->131": 0, "131->130": 0, "130->132": 0, "132->130": 0, "132->133": 0, "133->132": 0, "130->134": 0, "134->130": 0, "122->135": 0, "135->122": 0, "135->136": 0, "136->135": 0, "110->137": 0, "137->110": 0, "137->138": 0, "138->137": 0, "1->4": 1, "4->1": 12, "4->6": 1, "6->4": 12, "6->7": 1, "7->6": 12, "7->15": 1, "15->7": 12, "15->21": 1, "21->15": 12, "21->27": 1, "27->21": 12, "2->3": 2, "3->2": 3, "8->14": 1, "14->8": 12, "9->10": 1, "10->9": 12, "11->13": 1, "13->11": 12, "16->18": 1, "18->16": 12, "18->20": 1, "20->18": 12, "22->24": 1, "24->22": 12, "24->26": 1, "26->24": 12, "28->46": 1, "46->28": 12, "46->54": 1, "54->46": 12, "54->105": 1, "105->54": 12, "29->35": 1, "35->29": 12, "30->31": 1, "31->30": 12, "32->34": 1, "34->32": 12, "36->37": 1, "37->36": 12, "38->39": 1, "39->38": 12, "39->42": 1, "42->39": 12, "42->45": 1, "45->42": 12, "48->49": 1, "49->48": 12, "49->51": 1, "51->49": 12, "51->53": 1, "53->51": 12, "55->58": 1, "58->55": 12, "58->76": 1, "76->58": 12, "76->92": 1, "92->76": 12, "56->57": 2, "57->56": 3, "59->61": 1, "61->59": 12, "62->63": 1, "63->62": 12, "64->71": 1, "71->64": 12, "71->74": 1, "74->71": 12, "65->66": 1, "66->65": 12, "66->69": 1, "69->66": 12, "67->68": 2, "68->67": 3, "72->73": 2, "73->72": 3, "77->84": 6, "84->77": 6, "78->79": 1, "79->78": 12, "79->82": 1, "82->79": 12, "80->81": 2, "81->80": 3, "86->88": 1, "88->86": 12, "88->91": 1, "91->88": 12, "89->90": 2, "90->89": 3, "94->96": 1, "96->94": 12, "96->103": 1, "103->96": 12, "97->98": 1, "98->97": 12, "98->100": 1, "100->98": 12, "101->102": 2, "102->101": 3, "106->109": 1, "109->106": 12, "107->108": 2, "108->107": 3, "111->113": 1, "113->111": 12, "113->137": 1, "137->113": 12, "114->115": 1, "115->114": 12, "115->122": 1, "122->115": 12, "116->117": 1, "117->116": 12, "117->119": 1, "119->117": 12, "120->121": 2, "121->120": 3, "123->130": 1, "130->123": 12, "130->135": 1, "135->130": 12, "124->125": 1, "125->124": 12, "125->128": 1, "128->125": 12, "126->127": 2, "127->126": 3, "131->132": 1, "132->131": 12, "132->134": 1, "134->132": 12, "3->5": 2, "5->3": 3, "5->6": 2, "6->5": 3, "6->9": 2, "9->6": 3, "9->12": 2, "12->9": 3, "12->13": 2, "13->12": 3, "13->14": 2, "14->13": 3, "14->17": 2, "17->14": 3, "17->19": 2, "19->17": 3, "19->20": 2, "20->19": 3, "20->23": 2, "23->20": 3, "23->25": 2, "25->23": 3, "25->26": 2, "26->25": 3, "26->30": 2, "30->26": 3, "30->33": 2, "33->30": 3, "33->34": 2, "34->33": 3, "34->36": 2, "36->34": 3, "36->38": 2, "38->36": 3, "38->41": 2, "41->38": 3, "41->44": 2, "44->41": 3, "44->45": 2, "45->44": 3, "45->48": 2, "48->45": 3, "48->50": 2, "50->48": 3, "50->52": 2, "52->50": 3, "52->53": 2, "53->52": 3, "53->56": 2, "56->53": 3, "57->60": 2, "60->57": 3, "60->62": 2, "62->60": 3, "62->65": 2, "65->62": 3, "65->67": 2, "67->65": 3, "68->70": 2, "70->68": 3, "70->72": 2, "72->70": 3, "73->75": 2, "75->73": 3, "75->78": 2, "78->75": 3, "78->80": 2, "80->78": 3, "81->83": 2, "83->81": 3, "83->87": 2, "87->83": 3, "87->89": 2, "89->87": 3, "90->91": 2, "91->90": 3, "91->95": 2, "95->91": 3, "95->97": 2, "97->95": 3, "97->99": 2, "99->97": 3, "99->101": 2, "101->99": 3, "102->104": 2, "104->102": 3, "104->107": 2, "107->104": 3, "108->112": 2, "112->108": 3, "112->114": 2, "114->112": 3, "114->116": 2, "116->114": 3, "116->118": 2, "118->116": 3, "118->120": 2, "120->118": 3, "121->124": 2, "124->121": 3, "124->126": 2, "126->124": 3, "127->129": 2, "129->127": 3, "129->131": 2, "131->129": 3, "131->133": 2, "133->131": 3, "133->134": 2, "134->133": 3, "134->136": 2, "136->134": 3, "136->138": 2, "138->136": 3, "87->104": 4, "104->87": 5}, "metrics": [14.0, 2.0, 3.0]}