{"nodelist": ["MethodDeclaration", "{'static', 'public'}", "static", "public", "restoreSnapshotAcl", "FormalParameter", "ReferenceType", "SnapshotDescription", "snapshot", "FormalParameter", "ReferenceType", "TableName", "newTableName", "FormalParameter", "ReferenceType", "Configuration", "conf", "IOException", "IfStatement", "BinaryOperation", "&&", "MethodInvocation", "snapshot", "hasUsersAndPermissions", "BinaryOperation", "!=", "MethodInvocation", "snapshot", "getUsersAndPermissions", "Literal", "null", "BlockStatement", "StatementExpression", "MethodInvocation", "LOG", "BinaryOperation", "+", "BinaryOperation", "+", "BinaryOperation", "+", "Literal", "\"Restore snapshot acl to table. snapshot: \"", "MemberReference", "snapshot", "Literal", "\", table: \"", "MemberReference", "newTableName", "info", "LocalVariableDeclaration", "ReferenceType", "ListMultimap", "TypeArgument", "ReferenceType", "String", "TypeArgument", "ReferenceType", "TablePermission", "VariableDeclarator", "perms", "MethodInvocation", "ShadedAccessControlUtil", "MethodInvocation", "snapshot", "getUsersAndPermissions", "toUserTablePermissions", "TryStatement", "TryResource", "ReferenceType", "Connection", "conn", "MethodInvocation", "ConnectionFactory", "MemberReference", "conf", "createConnection", "ForStatement", "EnhancedForControl", "VariableDeclaration", "ReferenceType", "Entry", "TypeArgument", "ReferenceType", "String", "TypeArgument", "ReferenceType", "TablePermission", "VariableDeclarator", "e", "MethodInvocation", "perms", "entries", "BlockStatement", "LocalVariableDeclaration", "ReferenceType", "String", "VariableDeclarator", "user", "MethodInvocation", "e", "getKey", "LocalVariableDeclaration", "ReferenceType", "TablePermission", "VariableDeclarator", "perm", "MethodInvocation", "e", "getValue", "StatementExpression", "MethodInvocation", "perm", "MemberReference", "newTableName", "setTableName", "StatementExpression", "MethodInvocation", "AccessControlClient", "MemberReference", "conn", "MethodInvocation", "perm", "getTableName", "MemberReference", "user", "MethodInvocation", "perm", "getFamily", "MethodInvocation", "perm", "getQualifier", "MethodInvocation", "perm", "getActions", "grant", "CatchClause", "CatchClauseParameter", "Throwable", "e", "ThrowStatement", "ClassCreator", "ReferenceType", "IOException", "BinaryOperation", "+", "BinaryOperation", "+", "BinaryOperation", "+", "Literal", "\"Grant acl into newly creatd table failed. snapshot: \"", "MemberReference", "snapshot", "Literal", "\", table: \"", "MemberReference", "newTableName", "MemberReference", "e"], "nodes": {"0": "MethodDeclaration", "1": "Modifier", "2": "static", "3": "public", "4": "restoreSnapshotAcl", "5": "FormalParameter", "6": "ReferenceType", "7": "SnapshotDescription", "8": "snapshot", "9": "FormalParameter", "10": "ReferenceType", "11": "TableName", "12": "newTableName", "13": "FormalParameter", "14": "ReferenceType", "15": "Configuration", "16": "conf", "17": "IOException", "18": "IfStatement", "19": "BinaryOperation", "20": "&&", "21": "MethodInvocation", "22": "snapshot", "23": "hasUsersAndPermissions", "24": "BinaryOperation", "25": "!=", "26": "MethodInvocation", "27": "snapshot", "28": "getUsersAndPermissions", "29": "Literal", "30": "null", "31": "BlockStatement", "32": "StatementExpression", "33": "MethodInvocation", "34": "LOG", "35": "BinaryOperation", "36": "+", "37": "BinaryOperation", "38": "+", "39": "BinaryOperation", "40": "+", "41": "Literal", "42": "\"Restore snapshot acl to table. snapshot: \"", "43": "MemberReference", "44": "snapshot", "45": "Literal", "46": "\", table: \"", "47": "MemberReference", "48": "newTableName", "49": "info", "50": "LocalVariableDeclaration", "51": "ReferenceType", "52": "ListMultimap", "53": "TypeArgument", "54": "ReferenceType", "55": "String", "56": "TypeArgument", "57": "ReferenceType", "58": "TablePermission", "59": "VariableDeclarator", "60": "perms", "61": "MethodInvocation", "62": "ShadedAccessControlUtil", "63": "MethodInvocation", "64": "snapshot", "65": "getUsersAndPermissions", "66": "toUserTablePermissions", "67": "TryStatement", "68": "TryResource", "69": "ReferenceType", "70": "Connection", "71": "conn", "72": "MethodInvocation", "73": "ConnectionFactory", "74": "MemberReference", "75": "conf", "76": "createConnection", "77": "ForStatement", "78": "EnhancedForControl", "79": "VariableDeclaration", "80": "ReferenceType", "81": "Entry", "82": "TypeArgument", "83": "ReferenceType", "84": "String", "85": "TypeArgument", "86": "ReferenceType", "87": "TablePermission", "88": "VariableDeclarator", "89": "e", "90": "MethodInvocation", "91": "perms", "92": "entries", "93": "BlockStatement", "94": "LocalVariableDeclaration", "95": "ReferenceType", "96": "String", "97": "VariableDeclarator", "98": "user", "99": "MethodInvocation", "100": "e", "101": "getKey", "102": "LocalVariableDeclaration", "103": "ReferenceType", "104": "TablePermission", "105": "VariableDeclarator", "106": "perm", "107": "MethodInvocation", "108": "e", "109": "getValue", "110": "StatementExpression", "111": "MethodInvocation", "112": "perm", "113": "MemberReference", "114": "newTableName", "115": "setTableName", "116": "StatementExpression", "117": "MethodInvocation", "118": "AccessControlClient", "119": "MemberReference", "120": "conn", "121": "MethodInvocation", "122": "perm", "123": "getTableName", "124": "MemberReference", "125": "user", "126": "MethodInvocation", "127": "perm", "128": "getFamily", "129": "MethodInvocation", "130": "perm", "131": "getQualifier", "132": "MethodInvocation", "133": "perm", "134": "getActions", "135": "grant", "136": "CatchClause", "137": "CatchClauseParameter", "138": "Throwable", "139": "e", "140": "ThrowStatement", "141": "ClassCreator", "142": "ReferenceType", "143": "IOException", "144": "BinaryOperation", "145": "+", "146": "BinaryOperation", "147": "+", "148": "BinaryOperation", "149": "+", "150": "Literal", "151": "\"Grant acl into newly creatd table failed. snapshot: \"", "152": "MemberReference", "153": "snapshot", "154": "Literal", "155": "\", table: \"", "156": "MemberReference", "157": "newTableName", "158": "MemberReference", "159": "e"}, "edges": {"0->1": 0, "1->0": 0, "1->2": 0, "2->1": 0, "1->3": 0, "3->1": 0, "0->4": 0, "4->0": 0, "0->5": 0, "5->0": 0, "5->6": 0, "6->5": 0, "6->7": 0, "7->6": 0, "5->8": 0, "8->5": 0, "0->9": 0, "9->0": 0, "9->10": 0, "10->9": 0, "10->11": 0, "11->10": 0, "9->12": 0, "12->9": 0, "0->13": 0, "13->0": 0, "13->14": 0, "14->13": 0, "14->15": 0, "15->14": 0, "13->16": 0, "16->13": 0, "0->17": 0, "17->0": 0, "0->18": 0, "18->0": 0, "18->19": 0, "19->18": 0, "19->20": 0, "20->19": 0, "19->21": 0, "21->19": 0, "21->22": 0, "22->21": 0, "21->23": 0, "23->21": 0, "19->24": 0, "24->19": 0, "24->25": 0, "25->24": 0, "24->26": 0, "26->24": 0, "26->27": 0, "27->26": 0, "26->28": 0, "28->26": 0, "24->29": 0, "29->24": 0, "29->30": 0, "30->29": 0, "18->31": 0, "31->18": 0, "31->32": 0, "32->31": 0, "32->33": 0, "33->32": 0, "33->34": 0, "34->33": 0, "33->35": 0, "35->33": 0, "35->36": 0, "36->35": 0, "35->37": 0, "37->35": 0, "37->38": 0, "38->37": 0, "37->39": 0, "39->37": 0, "39->40": 0, "40->39": 0, "39->41": 0, "41->39": 0, "41->42": 0, "42->41": 0, "39->43": 0, "43->39": 0, "43->44": 0, "44->43": 0, "37->45": 0, "45->37": 0, "45->46": 0, "46->45": 0, "35->47": 0, "47->35": 0, "47->48": 0, "48->47": 0, "33->49": 0, "49->33": 0, "31->50": 0, "50->31": 0, "50->51": 0, "51->50": 0, "51->52": 0, "52->51": 0, "51->53": 0, "53->51": 0, "53->54": 0, "54->53": 0, "54->55": 0, "55->54": 0, "51->56": 0, "56->51": 0, "56->57": 0, "57->56": 0, "57->58": 0, "58->57": 0, "50->59": 0, "59->50": 0, "59->60": 0, "60->59": 0, "59->61": 0, "61->59": 0, "61->62": 0, "62->61": 0, "61->63": 0, "63->61": 0, "63->64": 0, "64->63": 0, "63->65": 0, "65->63": 0, "61->66": 0, "66->61": 0, "31->67": 0, "67->31": 0, "67->68": 0, "68->67": 0, "68->69": 0, "69->68": 0, "69->70": 0, "70->69": 0, "68->71": 0, "71->68": 0, "68->72": 0, "72->68": 0, "72->73": 0, "73->72": 0, "72->74": 0, "74->72": 0, "74->75": 0, "75->74": 0, "72->76": 0, "76->72": 0, "67->77": 0, "77->67": 0, "77->78": 0, "78->77": 0, "78->79": 0, "79->78": 0, "79->80": 0, "80->79": 0, "80->81": 0, "81->80": 0, "80->82": 0, "82->80": 0, "82->83": 0, "83->82": 0, "83->84": 0, "84->83": 0, "80->85": 0, "85->80": 0, "85->86": 0, "86->85": 0, "86->87": 0, "87->86": 0, "79->88": 0, "88->79": 0, "88->89": 0, "89->88": 0, "78->90": 0, "90->78": 0, "90->91": 0, "91->90": 0, "90->92": 0, "92->90": 0, "77->93": 0, "93->77": 0, "93->94": 0, "94->93": 0, "94->95": 0, "95->94": 0, "95->96": 0, "96->95": 0, "94->97": 0, "97->94": 0, "97->98": 0, "98->97": 0, "97->99": 0, "99->97": 0, "99->100": 0, "100->99": 0, "99->101": 0, "101->99": 0, "93->102": 0, "102->93": 0, "102->103": 0, "103->102": 0, "103->104": 0, "104->103": 0, "102->105": 0, "105->102": 0, "105->106": 0, "106->105": 0, "105->107": 0, "107->105": 0, "107->108": 0, "108->107": 0, "107->109": 0, "109->107": 0, "93->110": 0, "110->93": 0, "110->111": 0, "111->110": 0, "111->112": 0, "112->111": 0, "111->113": 0, "113->111": 0, "113->114": 0, "114->113": 0, "111->115": 0, "115->111": 0, "93->116": 0, "116->93": 0, "116->117": 0, "117->116": 0, "117->118": 0, "118->117": 0, "117->119": 0, "119->117": 0, "119->120": 0, "120->119": 0, "117->121": 0, "121->117": 0, "121->122": 0, "122->121": 0, "121->123": 0, "123->121": 0, "117->124": 0, "124->117": 0, "124->125": 0, "125->124": 0, "117->126": 0, "126->117": 0, "126->127": 0, "127->126": 0, "126->128": 0, "128->126": 0, "117->129": 0, "129->117": 0, "129->130": 0, "130->129": 0, "129->131": 0, "131->129": 0, "117->132": 0, "132->117": 0, "132->133": 0, "133->132": 0, "132->134": 0, "134->132": 0, "117->135": 0, "135->117": 0, "67->136": 0, "136->67": 0, "136->137": 0, "137->136": 0, "137->138": 0, "138->137": 0, "137->139": 0, "139->137": 0, "136->140": 0, "140->136": 0, "140->141": 0, "141->140": 0, "141->142": 0, "142->141": 0, "142->143": 0, "143->142": 0, "141->144": 0, "144->141": 0, "144->145": 0, "145->144": 0, "144->146": 0, "146->144": 0, "146->147": 0, "147->146": 0, "146->148": 0, "148->146": 0, "148->149": 0, "149->148": 0, "148->150": 0, "150->148": 0, "150->151": 0, "151->150": 0, "148->152": 0, "152->148": 0, "152->153": 0, "153->152": 0, "146->154": 0, "154->146": 0, "154->155": 0, "155->154": 0, "144->156": 0, "156->144": 0, "156->157": 0, "157->156": 0, "141->158": 0, "158->141": 0, "158->159": 0, "159->158": 0, "1->4": 1, "4->1": 12, "4->5": 1, "5->4": 12, "5->9": 1, "9->5": 12, "9->13": 1, "13->9": 12, "13->17": 1, "17->13": 12, "17->18": 1, "18->17": 12, "2->3": 2, "3->2": 3, "6->8": 1, "8->6": 12, "10->12": 1, "12->10": 12, "14->16": 1, "16->14": 12, "19->31": 6, "31->19": 6, "20->21": 1, "21->20": 12, "21->24": 1, "24->21": 12, "22->23": 2, "23->22": 3, "25->26": 1, "26->25": 12, "26->29": 1, "29->26": 12, "27->28": 2, "28->27": 3, "32->50": 10, "50->32": 11, "50->67": 10, "67->50": 11, "34->35": 1, "35->34": 12, "35->49": 1, "49->35": 12, "36->37": 1, "37->36": 12, "37->47": 1, "47->37": 12, "38->39": 1, "39->38": 12, "39->45": 1, "45->39": 12, "40->41": 1, "41->40": 12, "41->43": 1, "43->41": 12, "51->59": 1, "59->51": 12, "52->53": 1, "53->52": 12, "53->56": 1, "56->53": 12, "60->61": 1, "61->60": 12, "62->63": 1, "63->62": 12, "63->66": 1, "66->63": 12, "64->65": 2, "65->64": 3, "68->77": 1, "77->68": 12, "77->136": 1, "136->77": 12, "69->71": 1, "71->69": 12, "71->72": 1, "72->71": 12, "73->74": 1, "74->73": 12, "74->76": 1, "76->74": 12, "78->93": 9, "93->78": 9, "79->90": 1, "90->79": 12, "80->88": 1, "88->80": 12, "81->82": 1, "82->81": 12, "82->85": 1, "85->82": 12, "91->92": 2, "92->91": 3, "94->102": 10, "102->94": 11, "102->110": 10, "110->102": 11, "110->116": 10, "116->110": 11, "95->97": 1, "97->95": 12, "98->99": 1, "99->98": 12, "100->101": 2, "101->100": 3, "103->105": 1, "105->103": 12, "106->107": 1, "107->106": 12, "108->109": 2, "109->108": 3, "112->113": 1, "113->112": 12, "113->115": 1, "115->113": 12, "118->119": 1, "119->118": 12, "119->121": 1, "121->119": 12, "121->124": 1, "124->121": 12, "124->126": 1, "126->124": 12, "126->129": 1, "129->126": 12, "129->132": 1, "132->129": 12, "132->135": 1, "135->132": 12, "122->123": 2, "123->122": 3, "127->128": 2, "128->127": 3, "130->131": 2, "131->130": 3, "133->134": 2, "134->133": 3, "137->140": 1, "140->137": 12, "138->139": 2, "139->138": 3, "142->144": 1, "144->142": 12, "144->158": 1, "158->144": 12, "145->146": 1, "146->145": 12, "146->156": 1, "156->146": 12, "147->148": 1, "148->147": 12, "148->154": 1, "154->148": 12, "149->150": 1, "150->149": 12, "150->152": 1, "152->150": 12, "3->4": 2, "4->3": 3, "4->7": 2, "7->4": 3, "7->8": 2, "8->7": 3, "8->11": 2, "11->8": 3, "11->12": 2, "12->11": 3, "12->15": 2, "15->12": 3, "15->16": 2, "16->15": 3, "16->17": 2, "17->16": 3, "17->20": 2, "20->17": 3, "20->22": 2, "22->20": 3, "23->25": 2, "25->23": 3, "25->27": 2, "27->25": 3, "28->30": 2, "30->28": 3, "30->34": 2, "34->30": 3, "34->36": 2, "36->34": 3, "36->38": 2, "38->36": 3, "38->40": 2, "40->38": 3, "40->42": 2, "42->40": 3, "42->44": 2, "44->42": 3, "44->46": 2, "46->44": 3, "46->48": 2, "48->46": 3, "48->49": 2, "49->48": 3, "49->52": 2, "52->49": 3, "52->55": 2, "55->52": 3, "55->58": 2, "58->55": 3, "58->60": 2, "60->58": 3, "60->62": 2, "62->60": 3, "62->64": 2, "64->62": 3, "65->66": 2, "66->65": 3, "66->70": 2, "70->66": 3, "70->71": 2, "71->70": 3, "71->73": 2, "73->71": 3, "73->75": 2, "75->73": 3, "75->76": 2, "76->75": 3, "76->81": 2, "81->76": 3, "81->84": 2, "84->81": 3, "84->87": 2, "87->84": 3, "87->89": 2, "89->87": 3, "89->91": 2, "91->89": 3, "92->96": 2, "96->92": 3, "96->98": 2, "98->96": 3, "98->100": 2, "100->98": 3, "101->104": 2, "104->101": 3, "104->106": 2, "106->104": 3, "106->108": 2, "108->106": 3, "109->112": 2, "112->109": 3, "112->114": 2, "114->112": 3, "114->115": 2, "115->114": 3, "115->118": 2, "118->115": 3, "118->120": 2, "120->118": 3, "120->122": 2, "122->120": 3, "123->125": 2, "125->123": 3, "125->127": 2, "127->125": 3, "128->130": 2, "130->128": 3, "131->133": 2, "133->131": 3, "134->135": 2, "135->134": 3, "135->138": 2, "138->135": 3, "139->143": 2, "143->139": 3, "143->145": 2, "145->143": 3, "145->147": 2, "147->145": 3, "147->149": 2, "149->147": 3, "149->151": 2, "151->149": 3, "151->153": 2, "153->151": 3, "153->155": 2, "155->153": 3, "155->157": 2, "157->155": 3, "157->159": 2, "159->157": 3, "44->153": 4, "153->44": 5, "48->114": 4, "114->48": 5, "114->157": 4, "157->114": 5}, "metrics": [17.0, 3.0, 3.0]}