{"nodelist": ["ConstructorDeclaration", "{'public'}", "public", "TableSnapshotRegionSplit", "FormalParameter", "ReferenceType", "HTableDescriptor", "htd", "FormalParameter", "ReferenceType", "HRegionInfo", "regionInfo", "FormalParameter", "ReferenceType", "List", "TypeArgument", "ReferenceType", "String", "locations", "FormalParameter", "ReferenceType", "Scan", "scan", "FormalParameter", "ReferenceType", "Path", "restoreDir", "StatementExpression", "Assignment", "This", "MemberReference", "delegate", "ClassCreator", "ReferenceType", "TableSnapshotInputFormatImpl", "ReferenceType", "InputSplit", "MemberReference", "htd", "MemberReference", "regionInfo", "MemberReference", "locations", "MemberReference", "scan", "MemberReference", "restoreDir", "="], "nodes": {"0": "ConstructorDeclaration", "1": "Modifier", "2": "public", "3": "TableSnapshotRegionSplit", "4": "FormalParameter", "5": "ReferenceType", "6": "HTableDescriptor", "7": "htd", "8": "FormalParameter", "9": "ReferenceType", "10": "HRegionInfo", "11": "regionInfo", "12": "FormalParameter", "13": "ReferenceType", "14": "List", "15": "TypeArgument", "16": "ReferenceType", "17": "String", "18": "locations", "19": "FormalParameter", "20": "ReferenceType", "21": "Scan", "22": "scan", "23": "FormalParameter", "24": "ReferenceType", "25": "Path", "26": "restoreDir", "27": "StatementExpression", "28": "Assignment", "29": "This", "30": "MemberReference", "31": "delegate", "32": "ClassCreator", "33": "ReferenceType", "34": "TableSnapshotInputFormatImpl", "35": "ReferenceType", "36": "InputSplit", "37": "MemberReference", "38": "htd", "39": "MemberReference", "40": "regionInfo", "41": "MemberReference", "42": "locations", "43": "MemberReference", "44": "scan", "45": "MemberReference", "46": "restoreDir", "47": "="}, "edges": {"0->1": 0, "1->0": 0, "1->2": 0, "2->1": 0, "0->3": 0, "3->0": 0, "0->4": 0, "4->0": 0, "4->5": 0, "5->4": 0, "5->6": 0, "6->5": 0, "4->7": 0, "7->4": 0, "0->8": 0, "8->0": 0, "8->9": 0, "9->8": 0, "9->10": 0, "10->9": 0, "8->11": 0, "11->8": 0, "0->12": 0, "12->0": 0, "12->13": 0, "13->12": 0, "13->14": 0, "14->13": 0, "13->15": 0, "15->13": 0, "15->16": 0, "16->15": 0, "16->17": 0, "17->16": 0, "12->18": 0, "18->12": 0, "0->19": 0, "19->0": 0, "19->20": 0, "20->19": 0, "20->21": 0, "21->20": 0, "19->22": 0, "22->19": 0, "0->23": 0, "23->0": 0, "23->24": 0, "24->23": 0, "24->25": 0, "25->24": 0, "23->26": 0, "26->23": 0, "0->27": 0, "27->0": 0, "27->28": 0, "28->27": 0, "28->29": 0, "29->28": 0, "29->30": 0, "30->29": 0, "30->31": 0, "31->30": 0, "28->32": 0, "32->28": 0, "32->33": 0, "33->32": 0, "33->34": 0, "34->33": 0, "33->35": 0, "35->33": 0, "35->36": 0, "36->35": 0, "32->37": 0, "37->32": 0, "37->38": 0, "38->37": 0, "32->39": 0, "39->32": 0, "39->40": 0, "40->39": 0, "32->41": 0, "41->32": 0, "41->42": 0, "42->41": 0, "32->43": 0, "43->32": 0, "43->44": 0, "44->43": 0, "32->45": 0, "45->32": 0, "45->46": 0, "46->45": 0, "28->47": 0, "47->28": 0, "1->3": 1, "3->1": 12, "3->4": 1, "4->3": 12, "4->8": 1, "8->4": 12, "8->12": 1, "12->8": 12, "12->19": 1, "19->12": 12, "19->23": 1, "23->19": 12, "23->27": 1, "27->23": 12, "5->7": 1, "7->5": 12, "9->11": 1, "11->9": 12, "13->18": 1, "18->13": 12, "14->15": 1, "15->14": 12, "20->22": 1, "22->20": 12, "24->26": 1, "26->24": 12, "29->32": 1, "32->29": 12, "32->47": 1, "47->32": 12, "33->37": 1, "37->33": 12, "37->39": 1, "39->37": 12, "39->41": 1, "41->39": 12, "41->43": 1, "43->41": 12, "43->45": 1, "45->43": 12, "34->35": 1, "35->34": 12, "2->3": 2, "3->2": 3, "3->6": 2, "6->3": 3, "6->7": 2, "7->6": 3, "7->10": 2, "10->7": 3, "10->11": 2, "11->10": 3, "11->14": 2, "14->11": 3, "14->17": 2, "17->14": 3, "17->18": 2, "18->17": 3, "18->21": 2, "21->18": 3, "21->22": 2, "22->21": 3, "22->25": 2, "25->22": 3, "25->26": 2, "26->25": 3, "26->31": 2, "31->26": 3, "31->34": 2, "34->31": 3, "34->36": 2, "36->34": 3, "36->38": 2, "38->36": 3, "38->40": 2, "40->38": 3, "40->42": 2, "42->40": 3, "42->44": 2, "44->42": 3, "44->46": 2, "46->44": 3, "46->47": 2, "47->46": 3}, "metrics": [3.0, 1.0, 5.0]}