{"nodelist": ["MethodDeclaration", "{'private', 'static'}", "private", "static", "ReferenceType", "String", "getMessage", "FormalParameter", "ReferenceType", "String", "serverName", "FormalParameter", "{'final'}", "final", "BasicType", "byte", "regionName", "FormalParameter", "{'final'}", "final", "BasicType", "byte", "row", "FormalParameter", "BasicType", "int", "numTries", "FormalParameter", "ReferenceType", "List", "TypeArgument", "ReferenceType", "Throwable", "exceptions", "LocalVariableDeclaration", "ReferenceType", "StringBuilder", "VariableDeclarator", "buffer", "ClassCreator", "ReferenceType", "StringBuilder", "Literal", "\"Trying to contact region server \"", "StatementExpression", "MethodInvocation", "buffer", "MemberReference", "serverName", "append", "StatementExpression", "MethodInvocation", "buffer", "Literal", "\" for region \"", "append", "StatementExpression", "MethodInvocation", "buffer", "TernaryExpression", "BinaryOperation", "==", "MemberReference", "regionName", "Literal", "null", "Literal", "\"\"", "MethodInvocation", "Bytes", "MemberReference", "regionName", "toStringBinary", "append", "StatementExpression", "MethodInvocation", "buffer", "Literal", "\", row '\"", "append", "StatementExpression", "MethodInvocation", "buffer", "TernaryExpression", "BinaryOperation", "==", "MemberReference", "row", "Literal", "null", "Literal", "\"\"", "MethodInvocation", "Bytes", "MemberReference", "row", "toStringBinary", "append", "StatementExpression", "MethodInvocation", "buffer", "Literal", "\"', but failed after \"", "append", "StatementExpression", "MethodInvocation", "buffer", "BinaryOperation", "+", "MemberReference", "numTries", "Literal", "1", "append", "StatementExpression", "MethodInvocation", "buffer", "Literal", "\" attempts.\\nExceptions:\\n\"", "append", "ForStatement", "EnhancedForControl", "VariableDeclaration", "ReferenceType", "Throwable", "VariableDeclarator", "t", "MemberReference", "exceptions", "BlockStatement", "StatementExpression", "MethodInvocation", "buffer", "MethodInvocation", "t", "toString", "append", "StatementExpression", "MethodInvocation", "buffer", "Literal", "\"\\n\"", "append", "ReturnStatement", "MethodInvocation", "buffer", "toString"], "nodes": {"0": "MethodDeclaration", "1": "Modifier", "2": "private", "3": "static", "4": "ReferenceType", "5": "String", "6": "getMessage", "7": "FormalParameter", "8": "ReferenceType", "9": "String", "10": "serverName", "11": "FormalParameter", "12": "Modifier", "13": "final", "14": "BasicType", "15": "byte", "16": "regionName", "17": "FormalParameter", "18": "Modifier", "19": "final", "20": "BasicType", "21": "byte", "22": "row", "23": "FormalParameter", "24": "BasicType", "25": "int", "26": "numTries", "27": "FormalParameter", "28": "ReferenceType", "29": "List", "30": "TypeArgument", "31": "ReferenceType", "32": "Throwable", "33": "exceptions", "34": "LocalVariableDeclaration", "35": "ReferenceType", "36": "StringBuilder", "37": "VariableDeclarator", "38": "buffer", "39": "ClassCreator", "40": "ReferenceType", "41": "StringBuilder", "42": "Literal", "43": "\"Trying to contact region server \"", "44": "StatementExpression", "45": "MethodInvocation", "46": "buffer", "47": "MemberReference", "48": "serverName", "49": "append", "50": "StatementExpression", "51": "MethodInvocation", "52": "buffer", "53": "Literal", "54": "\" for region \"", "55": "append", "56": "StatementExpression", "57": "MethodInvocation", "58": "buffer", "59": "TernaryExpression", "60": "BinaryOperation", "61": "==", "62": "MemberReference", "63": "regionName", "64": "Literal", "65": "null", "66": "Literal", "67": "\"\"", "68": "MethodInvocation", "69": "Bytes", "70": "MemberReference", "71": "regionName", "72": "toStringBinary", "73": "append", "74": "StatementExpression", "75": "MethodInvocation", "76": "buffer", "77": "Literal", "78": "\", row '\"", "79": "append", "80": "StatementExpression", "81": "MethodInvocation", "82": "buffer", "83": "TernaryExpression", "84": "BinaryOperation", "85": "==", "86": "MemberReference", "87": "row", "88": "Literal", "89": "null", "90": "Literal", "91": "\"\"", "92": "MethodInvocation", "93": "Bytes", "94": "MemberReference", "95": "row", "96": "toStringBinary", "97": "append", "98": "StatementExpression", "99": "MethodInvocation", "100": "buffer", "101": "Literal", "102": "\"', but failed after \"", "103": "append", "104": "StatementExpression", "105": "MethodInvocation", "106": "buffer", "107": "BinaryOperation", "108": "+", "109": "MemberReference", "110": "numTries", "111": "Literal", "112": "1", "113": "append", "114": "StatementExpression", "115": "MethodInvocation", "116": "buffer", "117": "Literal", "118": "\" attempts.\\nExceptions:\\n\"", "119": "append", "120": "ForStatement", "121": "EnhancedForControl", "122": "VariableDeclaration", "123": "ReferenceType", "124": "Throwable", "125": "VariableDeclarator", "126": "t", "127": "MemberReference", "128": "exceptions", "129": "BlockStatement", "130": "StatementExpression", "131": "MethodInvocation", "132": "buffer", "133": "MethodInvocation", "134": "t", "135": "toString", "136": "append", "137": "StatementExpression", "138": "MethodInvocation", "139": "buffer", "140": "Literal", "141": "\"\\n\"", "142": "append", "143": "ReturnStatement", "144": "MethodInvocation", "145": "buffer", "146": "toString"}, "edges": {"0->1": 0, "1->0": 0, "1->2": 0, "2->1": 0, "1->3": 0, "3->1": 0, "0->4": 0, "4->0": 0, "4->5": 0, "5->4": 0, "0->6": 0, "6->0": 0, "0->7": 0, "7->0": 0, "7->8": 0, "8->7": 0, "8->9": 0, "9->8": 0, "7->10": 0, "10->7": 0, "0->11": 0, "11->0": 0, "11->12": 0, "12->11": 0, "12->13": 0, "13->12": 0, "11->14": 0, "14->11": 0, "14->15": 0, "15->14": 0, "11->16": 0, "16->11": 0, "0->17": 0, "17->0": 0, "17->18": 0, "18->17": 0, "18->19": 0, "19->18": 0, "17->20": 0, "20->17": 0, "20->21": 0, "21->20": 0, "17->22": 0, "22->17": 0, "0->23": 0, "23->0": 0, "23->24": 0, "24->23": 0, "24->25": 0, "25->24": 0, "23->26": 0, "26->23": 0, "0->27": 0, "27->0": 0, "27->28": 0, "28->27": 0, "28->29": 0, "29->28": 0, "28->30": 0, "30->28": 0, "30->31": 0, "31->30": 0, "31->32": 0, "32->31": 0, "27->33": 0, "33->27": 0, "0->34": 0, "34->0": 0, "34->35": 0, "35->34": 0, "35->36": 0, "36->35": 0, "34->37": 0, "37->34": 0, "37->38": 0, "38->37": 0, "37->39": 0, "39->37": 0, "39->40": 0, "40->39": 0, "40->41": 0, "41->40": 0, "39->42": 0, "42->39": 0, "42->43": 0, "43->42": 0, "0->44": 0, "44->0": 0, "44->45": 0, "45->44": 0, "45->46": 0, "46->45": 0, "45->47": 0, "47->45": 0, "47->48": 0, "48->47": 0, "45->49": 0, "49->45": 0, "0->50": 0, "50->0": 0, "50->51": 0, "51->50": 0, "51->52": 0, "52->51": 0, "51->53": 0, "53->51": 0, "53->54": 0, "54->53": 0, "51->55": 0, "55->51": 0, "0->56": 0, "56->0": 0, "56->57": 0, "57->56": 0, "57->58": 0, "58->57": 0, "57->59": 0, "59->57": 0, "59->60": 0, "60->59": 0, "60->61": 0, "61->60": 0, "60->62": 0, "62->60": 0, "62->63": 0, "63->62": 0, "60->64": 0, "64->60": 0, "64->65": 0, "65->64": 0, "59->66": 0, "66->59": 0, "66->67": 0, "67->66": 0, "59->68": 0, "68->59": 0, "68->69": 0, "69->68": 0, "68->70": 0, "70->68": 0, "70->71": 0, "71->70": 0, "68->72": 0, "72->68": 0, "57->73": 0, "73->57": 0, "0->74": 0, "74->0": 0, "74->75": 0, "75->74": 0, "75->76": 0, "76->75": 0, "75->77": 0, "77->75": 0, "77->78": 0, "78->77": 0, "75->79": 0, "79->75": 0, "0->80": 0, "80->0": 0, "80->81": 0, "81->80": 0, "81->82": 0, "82->81": 0, "81->83": 0, "83->81": 0, "83->84": 0, "84->83": 0, "84->85": 0, "85->84": 0, "84->86": 0, "86->84": 0, "86->87": 0, "87->86": 0, "84->88": 0, "88->84": 0, "88->89": 0, "89->88": 0, "83->90": 0, "90->83": 0, "90->91": 0, "91->90": 0, "83->92": 0, "92->83": 0, "92->93": 0, "93->92": 0, "92->94": 0, "94->92": 0, "94->95": 0, "95->94": 0, "92->96": 0, "96->92": 0, "81->97": 0, "97->81": 0, "0->98": 0, "98->0": 0, "98->99": 0, "99->98": 0, "99->100": 0, "100->99": 0, "99->101": 0, "101->99": 0, "101->102": 0, "102->101": 0, "99->103": 0, "103->99": 0, "0->104": 0, "104->0": 0, "104->105": 0, "105->104": 0, "105->106": 0, "106->105": 0, "105->107": 0, "107->105": 0, "107->108": 0, "108->107": 0, "107->109": 0, "109->107": 0, "109->110": 0, "110->109": 0, "107->111": 0, "111->107": 0, "111->112": 0, "112->111": 0, "105->113": 0, "113->105": 0, "0->114": 0, "114->0": 0, "114->115": 0, "115->114": 0, "115->116": 0, "116->115": 0, "115->117": 0, "117->115": 0, "117->118": 0, "118->117": 0, "115->119": 0, "119->115": 0, "0->120": 0, "120->0": 0, "120->121": 0, "121->120": 0, "121->122": 0, "122->121": 0, "122->123": 0, "123->122": 0, "123->124": 0, "124->123": 0, "122->125": 0, "125->122": 0, "125->126": 0, "126->125": 0, "121->127": 0, "127->121": 0, "127->128": 0, "128->127": 0, "120->129": 0, "129->120": 0, "129->130": 0, "130->129": 0, "130->131": 0, "131->130": 0, "131->132": 0, "132->131": 0, "131->133": 0, "133->131": 0, "133->134": 0, "134->133": 0, "133->135": 0, "135->133": 0, "131->136": 0, "136->131": 0, "129->137": 0, "137->129": 0, "137->138": 0, "138->137": 0, "138->139": 0, "139->138": 0, "138->140": 0, "140->138": 0, "140->141": 0, "141->140": 0, "138->142": 0, "142->138": 0, "0->143": 0, "143->0": 0, "143->144": 0, "144->143": 0, "144->145": 0, "145->144": 0, "144->146": 0, "146->144": 0, "1->4": 1, "4->1": 12, "4->6": 1, "6->4": 12, "6->7": 1, "7->6": 12, "7->11": 1, "11->7": 12, "11->17": 1, "17->11": 12, "17->23": 1, "23->17": 12, "23->27": 1, "27->23": 12, "27->34": 1, "34->27": 12, "34->44": 1, "44->34": 12, "44->50": 1, "50->44": 12, "50->56": 1, "56->50": 12, "56->74": 1, "74->56": 12, "74->80": 1, "80->74": 12, "80->98": 1, "98->80": 12, "98->104": 1, "104->98": 12, "104->114": 1, "114->104": 12, "114->120": 1, "120->114": 12, "120->143": 1, "143->120": 12, "2->3": 2, "3->2": 3, "8->10": 1, "10->8": 12, "12->14": 1, "14->12": 12, "14->16": 1, "16->14": 12, "18->20": 1, "20->18": 12, "20->22": 1, "22->20": 12, "24->26": 1, "26->24": 12, "28->33": 1, "33->28": 12, "29->30": 1, "30->29": 12, "35->37": 1, "37->35": 12, "38->39": 1, "39->38": 12, "40->42": 1, "42->40": 12, "46->47": 1, "47->46": 12, "47->49": 1, "49->47": 12, "52->53": 1, "53->52": 12, "53->55": 1, "55->53": 12, "58->59": 1, "59->58": 12, "59->73": 1, "73->59": 12, "60->66": 1, "66->60": 12, "66->68": 1, "68->66": 12, "61->62": 1, "62->61": 12, "62->64": 1, "64->62": 12, "69->70": 1, "70->69": 12, "70->72": 1, "72->70": 12, "76->77": 1, "77->76": 12, "77->79": 1, "79->77": 12, "82->83": 1, "83->82": 12, "83->97": 1, "97->83": 12, "84->90": 1, "90->84": 12, "90->92": 1, "92->90": 12, "85->86": 1, "86->85": 12, "86->88": 1, "88->86": 12, "93->94": 1, "94->93": 12, "94->96": 1, "96->94": 12, "100->101": 1, "101->100": 12, "101->103": 1, "103->101": 12, "106->107": 1, "107->106": 12, "107->113": 1, "113->107": 12, "108->109": 1, "109->108": 12, "109->111": 1, "111->109": 12, "116->117": 1, "117->116": 12, "117->119": 1, "119->117": 12, "121->129": 9, "129->121": 9, "122->127": 1, "127->122": 12, "123->125": 1, "125->123": 12, "130->137": 10, "137->130": 11, "132->133": 1, "133->132": 12, "133->136": 1, "136->133": 12, "134->135": 2, "135->134": 3, "139->140": 1, "140->139": 12, "140->142": 1, "142->140": 12, "145->146": 2, "146->145": 3, "3->5": 2, "5->3": 3, "5->6": 2, "6->5": 3, "6->9": 2, "9->6": 3, "9->10": 2, "10->9": 3, "10->13": 2, "13->10": 3, "13->15": 2, "15->13": 3, "15->16": 2, "16->15": 3, "16->19": 2, "19->16": 3, "19->21": 2, "21->19": 3, "21->22": 2, "22->21": 3, "22->25": 2, "25->22": 3, "25->26": 2, "26->25": 3, "26->29": 2, "29->26": 3, "29->32": 2, "32->29": 3, "32->33": 2, "33->32": 3, "33->36": 2, "36->33": 3, "36->38": 2, "38->36": 3, "38->41": 2, "41->38": 3, "41->43": 2, "43->41": 3, "43->46": 2, "46->43": 3, "46->48": 2, "48->46": 3, "48->49": 2, "49->48": 3, "49->52": 2, "52->49": 3, "52->54": 2, "54->52": 3, "54->55": 2, "55->54": 3, "55->58": 2, "58->55": 3, "58->61": 2, "61->58": 3, "61->63": 2, "63->61": 3, "63->65": 2, "65->63": 3, "65->67": 2, "67->65": 3, "67->69": 2, "69->67": 3, "69->71": 2, "71->69": 3, "71->72": 2, "72->71": 3, "72->73": 2, "73->72": 3, "73->76": 2, "76->73": 3, "76->78": 2, "78->76": 3, "78->79": 2, "79->78": 3, "79->82": 2, "82->79": 3, "82->85": 2, "85->82": 3, "85->87": 2, "87->85": 3, "87->89": 2, "89->87": 3, "89->91": 2, "91->89": 3, "91->93": 2, "93->91": 3, "93->95": 2, "95->93": 3, "95->96": 2, "96->95": 3, "96->97": 2, "97->96": 3, "97->100": 2, "100->97": 3, "100->102": 2, "102->100": 3, "102->103": 2, "103->102": 3, "103->106": 2, "106->103": 3, "106->108": 2, "108->106": 3, "108->110": 2, "110->108": 3, "110->112": 2, "112->110": 3, "112->113": 2, "113->112": 3, "113->116": 2, "116->113": 3, "116->118": 2, "118->116": 3, "118->119": 2, "119->118": 3, "119->124": 2, "124->119": 3, "124->126": 2, "126->124": 3, "126->128": 2, "128->126": 3, "128->132": 2, "132->128": 3, "132->134": 2, "134->132": 3, "135->136": 2, "136->135": 3, "136->139": 2, "139->136": 3, "139->141": 2, "141->139": 3, "141->142": 2, "142->141": 3, "142->145": 2, "145->142": 3, "63->71": 4, "71->63": 5, "87->95": 4, "95->87": 5}, "metrics": [16.0, 2.0, 5.0]}