{"nodelist": ["MethodDeclaration", "{'public'}", "public", "BasicType", "boolean", "preDeleteNamespace", "FormalParameter", "{'final'}", "final", "ReferenceType", "String", "namespaceName", "IOException", "ReturnStatement", "MethodInvocation", "TernaryExpression", "MethodInvocation", "coprocessors", "isEmpty", "Literal", "null", "ClassCreator", "ReferenceType", "CoprocessorOperation", "MethodDeclaration", "{'public'}", "public", "Annotation", "Override", "call", "FormalParameter", "ReferenceType", "MasterObserver", "oserver", "FormalParameter", "ReferenceType", "ObserverContext", "TypeArgument", "ReferenceType", "MasterCoprocessorEnvironment", "ctx", "IOException", "StatementExpression", "MethodInvocation", "oserver", "MemberReference", "ctx", "MemberReference", "namespaceName", "preDeleteNamespace", "execOperation"], "nodes": {"0": "MethodDeclaration", "1": "Modifier", "2": "public", "3": "BasicType", "4": "boolean", "5": "preDeleteNamespace", "6": "FormalParameter", "7": "Modifier", "8": "final", "9": "ReferenceType", "10": "String", "11": "namespaceName", "12": "IOException", "13": "ReturnStatement", "14": "MethodInvocation", "15": "TernaryExpression", "16": "MethodInvocation", "17": "coprocessors", "18": "isEmpty", "19": "Literal", "20": "null", "21": "ClassCreator", "22": "ReferenceType", "23": "CoprocessorOperation", "24": "MethodDeclaration", "25": "Modifier", "26": "public", "27": "Annotation", "28": "Override", "29": "call", "30": "FormalParameter", "31": "ReferenceType", "32": "MasterObserver", "33": "oserver", "34": "FormalParameter", "35": "ReferenceType", "36": "ObserverContext", "37": "TypeArgument", "38": "ReferenceType", "39": "MasterCoprocessorEnvironment", "40": "ctx", "41": "IOException", "42": "StatementExpression", "43": "MethodInvocation", "44": "oserver", "45": "MemberReference", "46": "ctx", "47": "MemberReference", "48": "namespaceName", "49": "preDeleteNamespace", "50": "execOperation"}, "edges": {"0->1": 0, "1->0": 0, "1->2": 0, "2->1": 0, "0->3": 0, "3->0": 0, "3->4": 0, "4->3": 0, "0->5": 0, "5->0": 0, "0->6": 0, "6->0": 0, "6->7": 0, "7->6": 0, "7->8": 0, "8->7": 0, "6->9": 0, "9->6": 0, "9->10": 0, "10->9": 0, "6->11": 0, "11->6": 0, "0->12": 0, "12->0": 0, "0->13": 0, "13->0": 0, "13->14": 0, "14->13": 0, "14->15": 0, "15->14": 0, "15->16": 0, "16->15": 0, "16->17": 0, "17->16": 0, "16->18": 0, "18->16": 0, "15->19": 0, "19->15": 0, "19->20": 0, "20->19": 0, "15->21": 0, "21->15": 0, "21->22": 0, "22->21": 0, "22->23": 0, "23->22": 0, "21->24": 0, "24->21": 0, "24->25": 0, "25->24": 0, "25->26": 0, "26->25": 0, "24->27": 0, "27->24": 0, "27->28": 0, "28->27": 0, "24->29": 0, "29->24": 0, "24->30": 0, "30->24": 0, "30->31": 0, "31->30": 0, "31->32": 0, "32->31": 0, "30->33": 0, "33->30": 0, "24->34": 0, "34->24": 0, "34->35": 0, "35->34": 0, "35->36": 0, "36->35": 0, "35->37": 0, "37->35": 0, "37->38": 0, "38->37": 0, "38->39": 0, "39->38": 0, "34->40": 0, "40->34": 0, "24->41": 0, "41->24": 0, "24->42": 0, "42->24": 0, "42->43": 0, "43->42": 0, "43->44": 0, "44->43": 0, "43->45": 0, "45->43": 0, "45->46": 0, "46->45": 0, "43->47": 0, "47->43": 0, "47->48": 0, "48->47": 0, "43->49": 0, "49->43": 0, "14->50": 0, "50->14": 0, "1->3": 1, "3->1": 12, "3->5": 1, "5->3": 12, "5->6": 1, "6->5": 12, "6->12": 1, "12->6": 12, "12->13": 1, "13->12": 12, "7->9": 1, "9->7": 12, "9->11": 1, "11->9": 12, "15->50": 1, "50->15": 12, "16->19": 1, "19->16": 12, "19->21": 1, "21->19": 12, "17->18": 2, "18->17": 3, "22->24": 1, "24->22": 12, "25->27": 1, "27->25": 12, "27->29": 1, "29->27": 12, "29->30": 1, "30->29": 12, "30->34": 1, "34->30": 12, "34->41": 1, "41->34": 12, "41->42": 1, "42->41": 12, "31->33": 1, "33->31": 12, "35->40": 1, "40->35": 12, "36->37": 1, "37->36": 12, "44->45": 1, "45->44": 12, "45->47": 1, "47->45": 12, "47->49": 1, "49->47": 12, "2->4": 2, "4->2": 3, "4->5": 2, "5->4": 3, "5->8": 2, "8->5": 3, "8->10": 2, "10->8": 3, "10->11": 2, "11->10": 3, "11->12": 2, "12->11": 3, "12->17": 2, "17->12": 3, "18->20": 2, "20->18": 3, "20->23": 2, "23->20": 3, "23->26": 2, "26->23": 3, "26->28": 2, "28->26": 3, "28->29": 2, "29->28": 3, "29->32": 2, "32->29": 3, "32->33": 2, "33->32": 3, "33->36": 2, "36->33": 3, "36->39": 2, "39->36": 3, "39->40": 2, "40->39": 3, "40->41": 2, "41->40": 3, "41->44": 2, "44->41": 3, "44->46": 2, "46->44": 3, "46->48": 2, "48->46": 3, "48->49": 2, "49->48": 3, "49->50": 2, "50->49": 3}, "metrics": [8.0, 1.0, 1.0]}