{"nodelist": ["MethodDeclaration", "{'protected'}", "protected", "ReferenceType", "String", "toString", "FormalParameter", "BasicType", "int", "maxTimestamps", "LocalVariableDeclaration", "ReferenceType", "StringBuilder", "VariableDeclarator", "tsList", "ClassCreator", "ReferenceType", "StringBuilder", "LocalVariableDeclaration", "BasicType", "int", "VariableDeclarator", "count", "Literal", "0", "ForStatement", "EnhancedForControl", "VariableDeclaration", "ReferenceType", "Long", "VariableDeclarator", "ts", "This", "MemberReference", "timestamps", "BlockStatement", "IfStatement", "BinaryOperation", ">=", "MemberReference", "count", "MemberReference", "maxTimestamps", "BlockStatement", "BreakStatement", "StatementExpression", "MemberReference", "++", "count", "StatementExpression", "MethodInvocation", "tsList", "MethodInvocation", "ts", "toString", "append", "IfStatement", "BinaryOperation", "&&", "BinaryOperation", "<", "MemberReference", "count", "This", "MemberReference", "timestamps", "MethodInvocation", "size", "BinaryOperation", "<", "MemberReference", "count", "MemberReference", "maxTimestamps", "BlockStatement", "StatementExpression", "MethodInvocation", "tsList", "Literal", "\", \"", "append", "ReturnStatement", "MethodInvocation", "String", "Literal", "\"%s (%d/%d): [%s] canHint: [%b]\"", "This", "MethodInvocation", "getClass", "MethodInvocation", "getSimpleName", "MemberReference", "count", "This", "MemberReference", "timestamps", "MethodInvocation", "size", "MethodInvocation", "tsList", "toString", "MemberReference", "canHint", "format"], "nodes": {"0": "MethodDeclaration", "1": "Modifier", "2": "protected", "3": "ReferenceType", "4": "String", "5": "toString", "6": "FormalParameter", "7": "BasicType", "8": "int", "9": "maxTimestamps", "10": "LocalVariableDeclaration", "11": "ReferenceType", "12": "StringBuilder", "13": "VariableDeclarator", "14": "tsList", "15": "ClassCreator", "16": "ReferenceType", "17": "StringBuilder", "18": "LocalVariableDeclaration", "19": "BasicType", "20": "int", "21": "VariableDeclarator", "22": "count", "23": "Literal", "24": "0", "25": "ForStatement", "26": "EnhancedForControl", "27": "VariableDeclaration", "28": "ReferenceType", "29": "Long", "30": "VariableDeclarator", "31": "ts", "32": "This", "33": "MemberReference", "34": "timestamps", "35": "BlockStatement", "36": "IfStatement", "37": "BinaryOperation", "38": ">=", "39": "MemberReference", "40": "count", "41": "MemberReference", "42": "maxTimestamps", "43": "BlockStatement", "44": "BreakStatement", "45": "StatementExpression", "46": "MemberReference", "47": "++", "48": "count", "49": "StatementExpression", "50": "MethodInvocation", "51": "tsList", "52": "MethodInvocation", "53": "ts", "54": "toString", "55": "append", "56": "IfStatement", "57": "BinaryOperation", "58": "&&", "59": "BinaryOperation", "60": "<", "61": "MemberReference", "62": "count", "63": "This", "64": "MemberReference", "65": "timestamps", "66": "MethodInvocation", "67": "size", "68": "BinaryOperation", "69": "<", "70": "MemberReference", "71": "count", "72": "MemberReference", "73": "maxTimestamps", "74": "BlockStatement", "75": "StatementExpression", "76": "MethodInvocation", "77": "tsList", "78": "Literal", "79": "\", \"", "80": "append", "81": "ReturnStatement", "82": "MethodInvocation", "83": "String", "84": "Literal", "85": "\"%s (%d/%d): [%s] canHint: [%b]\"", "86": "This", "87": "MethodInvocation", "88": "getClass", "89": "MethodInvocation", "90": "getSimpleName", "91": "MemberReference", "92": "count", "93": "This", "94": "MemberReference", "95": "timestamps", "96": "MethodInvocation", "97": "size", "98": "MethodInvocation", "99": "tsList", "100": "toString", "101": "MemberReference", "102": "canHint", "103": "format"}, "edges": {"0->1": 0, "1->0": 0, "1->2": 0, "2->1": 0, "0->3": 0, "3->0": 0, "3->4": 0, "4->3": 0, "0->5": 0, "5->0": 0, "0->6": 0, "6->0": 0, "6->7": 0, "7->6": 0, "7->8": 0, "8->7": 0, "6->9": 0, "9->6": 0, "0->10": 0, "10->0": 0, "10->11": 0, "11->10": 0, "11->12": 0, "12->11": 0, "10->13": 0, "13->10": 0, "13->14": 0, "14->13": 0, "13->15": 0, "15->13": 0, "15->16": 0, "16->15": 0, "16->17": 0, "17->16": 0, "0->18": 0, "18->0": 0, "18->19": 0, "19->18": 0, "19->20": 0, "20->19": 0, "18->21": 0, "21->18": 0, "21->22": 0, "22->21": 0, "21->23": 0, "23->21": 0, "23->24": 0, "24->23": 0, "0->25": 0, "25->0": 0, "25->26": 0, "26->25": 0, "26->27": 0, "27->26": 0, "27->28": 0, "28->27": 0, "28->29": 0, "29->28": 0, "27->30": 0, "30->27": 0, "30->31": 0, "31->30": 0, "26->32": 0, "32->26": 0, "32->33": 0, "33->32": 0, "33->34": 0, "34->33": 0, "25->35": 0, "35->25": 0, "35->36": 0, "36->35": 0, "36->37": 0, "37->36": 0, "37->38": 0, "38->37": 0, "37->39": 0, "39->37": 0, "39->40": 0, "40->39": 0, "37->41": 0, "41->37": 0, "41->42": 0, "42->41": 0, "36->43": 0, "43->36": 0, "43->44": 0, "44->43": 0, "35->45": 0, "45->35": 0, "45->46": 0, "46->45": 0, "46->47": 0, "47->46": 0, "46->48": 0, "48->46": 0, "35->49": 0, "49->35": 0, "49->50": 0, "50->49": 0, "50->51": 0, "51->50": 0, "50->52": 0, "52->50": 0, "52->53": 0, "53->52": 0, "52->54": 0, "54->52": 0, "50->55": 0, "55->50": 0, "35->56": 0, "56->35": 0, "56->57": 0, "57->56": 0, "57->58": 0, "58->57": 0, "57->59": 0, "59->57": 0, "59->60": 0, "60->59": 0, "59->61": 0, "61->59": 0, "61->62": 0, "62->61": 0, "59->63": 0, "63->59": 0, "63->64": 0, "64->63": 0, "64->65": 0, "65->64": 0, "63->66": 0, "66->63": 0, "66->67": 0, "67->66": 0, "57->68": 0, "68->57": 0, "68->69": 0, "69->68": 0, "68->70": 0, "70->68": 0, "70->71": 0, "71->70": 0, "68->72": 0, "72->68": 0, "72->73": 0, "73->72": 0, "56->74": 0, "74->56": 0, "74->75": 0, "75->74": 0, "75->76": 0, "76->75": 0, "76->77": 0, "77->76": 0, "76->78": 0, "78->76": 0, "78->79": 0, "79->78": 0, "76->80": 0, "80->76": 0, "0->81": 0, "81->0": 0, "81->82": 0, "82->81": 0, "82->83": 0, "83->82": 0, "82->84": 0, "84->82": 0, "84->85": 0, "85->84": 0, "82->86": 0, "86->82": 0, "86->87": 0, "87->86": 0, "87->88": 0, "88->87": 0, "86->89": 0, "89->86": 0, "89->90": 0, "90->89": 0, "82->91": 0, "91->82": 0, "91->92": 0, "92->91": 0, "82->93": 0, "93->82": 0, "93->94": 0, "94->93": 0, "94->95": 0, "95->94": 0, "93->96": 0, "96->93": 0, "96->97": 0, "97->96": 0, "82->98": 0, "98->82": 0, "98->99": 0, "99->98": 0, "98->100": 0, "100->98": 0, "82->101": 0, "101->82": 0, "101->102": 0, "102->101": 0, "82->103": 0, "103->82": 0, "1->3": 1, "3->1": 12, "3->5": 1, "5->3": 12, "5->6": 1, "6->5": 12, "6->10": 1, "10->6": 12, "10->18": 1, "18->10": 12, "18->25": 1, "25->18": 12, "25->81": 1, "81->25": 12, "7->9": 1, "9->7": 12, "11->13": 1, "13->11": 12, "14->15": 1, "15->14": 12, "19->21": 1, "21->19": 12, "22->23": 1, "23->22": 12, "26->35": 9, "35->26": 9, "27->32": 1, "32->27": 12, "28->30": 1, "30->28": 12, "36->45": 10, "45->36": 11, "45->49": 10, "49->45": 11, "49->56": 10, "56->49": 11, "37->43": 6, "43->37": 6, "38->39": 1, "39->38": 12, "39->41": 1, "41->39": 12, "47->48": 2, "48->47": 3, "51->52": 1, "52->51": 12, "52->55": 1, "55->52": 12, "53->54": 2, "54->53": 3, "57->74": 6, "74->57": 6, "58->59": 1, "59->58": 12, "59->68": 1, "68->59": 12, "60->61": 1, "61->60": 12, "61->63": 1, "63->61": 12, "64->66": 1, "66->64": 12, "69->70": 1, "70->69": 12, "70->72": 1, "72->70": 12, "77->78": 1, "78->77": 12, "78->80": 1, "80->78": 12, "83->84": 1, "84->83": 12, "84->86": 1, "86->84": 12, "86->91": 1, "91->86": 12, "91->93": 1, "93->91": 12, "93->98": 1, "98->93": 12, "98->101": 1, "101->98": 12, "101->103": 1, "103->101": 12, "87->89": 1, "89->87": 12, "94->96": 1, "96->94": 12, "99->100": 2, "100->99": 3, "2->4": 2, "4->2": 3, "4->5": 2, "5->4": 3, "5->8": 2, "8->5": 3, "8->9": 2, "9->8": 3, "9->12": 2, "12->9": 3, "12->14": 2, "14->12": 3, "14->17": 2, "17->14": 3, "17->20": 2, "20->17": 3, "20->22": 2, "22->20": 3, "22->24": 2, "24->22": 3, "24->29": 2, "29->24": 3, "29->31": 2, "31->29": 3, "31->34": 2, "34->31": 3, "34->38": 2, "38->34": 3, "38->40": 2, "40->38": 3, "40->42": 2, "42->40": 3, "42->44": 2, "44->42": 3, "44->47": 2, "47->44": 3, "48->51": 2, "51->48": 3, "51->53": 2, "53->51": 3, "54->55": 2, "55->54": 3, "55->58": 2, "58->55": 3, "58->60": 2, "60->58": 3, "60->62": 2, "62->60": 3, "62->65": 2, "65->62": 3, "65->67": 2, "67->65": 3, "67->69": 2, "69->67": 3, "69->71": 2, "71->69": 3, "71->73": 2, "73->71": 3, "73->77": 2, "77->73": 3, "77->79": 2, "79->77": 3, "79->80": 2, "80->79": 3, "80->83": 2, "83->80": 3, "83->85": 2, "85->83": 3, "85->88": 2, "88->85": 3, "88->90": 2, "90->88": 3, "90->92": 2, "92->90": 3, "92->95": 2, "95->92": 3, "95->97": 2, "97->95": 3, "97->99": 2, "99->97": 3, "100->102": 2, "102->100": 3, "102->103": 2, "103->102": 3, "34->65": 4, "65->34": 5, "65->95": 4, "95->65": 5, "40->48": 4, "48->40": 5, "48->62": 4, "62->48": 5, "62->71": 4, "71->62": 5, "71->92": 4, "92->71": 5, "42->73": 4, "73->42": 5}, "metrics": [15.0, 4.0, 1.0]}