{"nodelist": ["MethodDeclaration", "{'public'}", "public", "Annotation", "Override", "update", "FormalParameter", "BasicType", "byte", "region", "FormalParameter", "BasicType", "byte", "row", "FormalParameter", "ReferenceType", "ClientProtos", "ReferenceType", "CoprocessorServiceResult", "serviceResult", "IfStatement", "MethodInvocation", "LOG", "isTraceEnabled", "BlockStatement", "StatementExpression", "MethodInvocation", "LOG", "BinaryOperation", "+", "BinaryOperation", "+", "BinaryOperation", "+", "BinaryOperation", "+", "BinaryOperation", "+", "BinaryOperation", "+", "BinaryOperation", "+", "Literal", "\"Received result for endpoint \"", "MethodInvocation", "methodDescriptor", "getFullName", "Literal", "\": region=\"", "MethodInvocation", "Bytes", "MemberReference", "region", "toStringBinary", "Literal", "\", row=\"", "MethodInvocation", "Bytes", "MemberReference", "row", "toStringBinary", "Literal", "\", value=\"", "MethodInvocation", "serviceResult", "MethodInvocation", "getValue", "getValue", "trace", "TryStatement", "LocalVariableDeclaration", "ReferenceType", "Message", "ReferenceType", "Builder", "VariableDeclarator", "builder", "MethodInvocation", "responsePrototype", "newBuilderForType", "StatementExpression", "MethodInvocation", "ProtobufUtil", "MemberReference", "builder", "MethodInvocation", "serviceResult", "MethodInvocation", "getValue", "getValue", "mergeFrom", "StatementExpression", "MethodInvocation", "callback", "MemberReference", "region", "MemberReference", "row", "Cast", "ReferenceType", "R", "MethodInvocation", "builder", "build", "update", "CatchClause", "CatchClauseParameter", "IOException", "e", "StatementExpression", "MethodInvocation", "LOG", "BinaryOperation", "+", "Literal", "\"Unexpected response type from endpoint \"", "MethodInvocation", "methodDescriptor", "getFullName", "MemberReference", "e", "error", "StatementExpression", "MethodInvocation", "callbackErrorExceptions", "MemberReference", "e", "add", "StatementExpression", "MethodInvocation", "callbackErrorActions", "MethodInvocation", "execsByRow", "MemberReference", "row", "get", "add", "StatementExpression", "MethodInvocation", "callbackErrorServers", "Literal", "\"null\"", "add"], "nodes": {"0": "MethodDeclaration", "1": "Modifier", "2": "public", "3": "Annotation", "4": "Override", "5": "update", "6": "FormalParameter", "7": "BasicType", "8": "byte", "9": "region", "10": "FormalParameter", "11": "BasicType", "12": "byte", "13": "row", "14": "FormalParameter", "15": "ReferenceType", "16": "ClientProtos", "17": "ReferenceType", "18": "CoprocessorServiceResult", "19": "serviceResult", "20": "IfStatement", "21": "MethodInvocation", "22": "LOG", "23": "isTraceEnabled", "24": "BlockStatement", "25": "StatementExpression", "26": "MethodInvocation", "27": "LOG", "28": "BinaryOperation", "29": "+", "30": "BinaryOperation", "31": "+", "32": "BinaryOperation", "33": "+", "34": "BinaryOperation", "35": "+", "36": "BinaryOperation", "37": "+", "38": "BinaryOperation", "39": "+", "40": "BinaryOperation", "41": "+", "42": "Literal", "43": "\"Received result for endpoint \"", "44": "MethodInvocation", "45": "methodDescriptor", "46": "getFullName", "47": "Literal", "48": "\": region=\"", "49": "MethodInvocation", "50": "Bytes", "51": "MemberReference", "52": "region", "53": "toStringBinary", "54": "Literal", "55": "\", row=\"", "56": "MethodInvocation", "57": "Bytes", "58": "MemberReference", "59": "row", "60": "toStringBinary", "61": "Literal", "62": "\", value=\"", "63": "MethodInvocation", "64": "serviceResult", "65": "MethodInvocation", "66": "getValue", "67": "getValue", "68": "trace", "69": "TryStatement", "70": "LocalVariableDeclaration", "71": "ReferenceType", "72": "Message", "73": "ReferenceType", "74": "Builder", "75": "VariableDeclarator", "76": "builder", "77": "MethodInvocation", "78": "responsePrototype", "79": "newBuilderForType", "80": "StatementExpression", "81": "MethodInvocation", "82": "ProtobufUtil", "83": "MemberReference", "84": "builder", "85": "MethodInvocation", "86": "serviceResult", "87": "MethodInvocation", "88": "getValue", "89": "getValue", "90": "mergeFrom", "91": "StatementExpression", "92": "MethodInvocation", "93": "callback", "94": "MemberReference", "95": "region", "96": "MemberReference", "97": "row", "98": "Cast", "99": "ReferenceType", "100": "R", "101": "MethodInvocation", "102": "builder", "103": "build", "104": "update", "105": "CatchClause", "106": "CatchClauseParameter", "107": "IOException", "108": "e", "109": "StatementExpression", "110": "MethodInvocation", "111": "LOG", "112": "BinaryOperation", "113": "+", "114": "Literal", "115": "\"Unexpected response type from endpoint \"", "116": "MethodInvocation", "117": "methodDescriptor", "118": "getFullName", "119": "MemberReference", "120": "e", "121": "error", "122": "StatementExpression", "123": "MethodInvocation", "124": "callbackErrorExceptions", "125": "MemberReference", "126": "e", "127": "add", "128": "StatementExpression", "129": "MethodInvocation", "130": "callbackErrorActions", "131": "MethodInvocation", "132": "execsByRow", "133": "MemberReference", "134": "row", "135": "get", "136": "add", "137": "StatementExpression", "138": "MethodInvocation", "139": "callbackErrorServers", "140": "Literal", "141": "\"null\"", "142": "add"}, "edges": {"0->1": 0, "1->0": 0, "1->2": 0, "2->1": 0, "0->3": 0, "3->0": 0, "3->4": 0, "4->3": 0, "0->5": 0, "5->0": 0, "0->6": 0, "6->0": 0, "6->7": 0, "7->6": 0, "7->8": 0, "8->7": 0, "6->9": 0, "9->6": 0, "0->10": 0, "10->0": 0, "10->11": 0, "11->10": 0, "11->12": 0, "12->11": 0, "10->13": 0, "13->10": 0, "0->14": 0, "14->0": 0, "14->15": 0, "15->14": 0, "15->16": 0, "16->15": 0, "15->17": 0, "17->15": 0, "17->18": 0, "18->17": 0, "14->19": 0, "19->14": 0, "0->20": 0, "20->0": 0, "20->21": 0, "21->20": 0, "21->22": 0, "22->21": 0, "21->23": 0, "23->21": 0, "20->24": 0, "24->20": 0, "24->25": 0, "25->24": 0, "25->26": 0, "26->25": 0, "26->27": 0, "27->26": 0, "26->28": 0, "28->26": 0, "28->29": 0, "29->28": 0, "28->30": 0, "30->28": 0, "30->31": 0, "31->30": 0, "30->32": 0, "32->30": 0, "32->33": 0, "33->32": 0, "32->34": 0, "34->32": 0, "34->35": 0, "35->34": 0, "34->36": 0, "36->34": 0, "36->37": 0, "37->36": 0, "36->38": 0, "38->36": 0, "38->39": 0, "39->38": 0, "38->40": 0, "40->38": 0, "40->41": 0, "41->40": 0, "40->42": 0, "42->40": 0, "42->43": 0, "43->42": 0, "40->44": 0, "44->40": 0, "44->45": 0, "45->44": 0, "44->46": 0, "46->44": 0, "38->47": 0, "47->38": 0, "47->48": 0, "48->47": 0, "36->49": 0, "49->36": 0, "49->50": 0, "50->49": 0, "49->51": 0, "51->49": 0, "51->52": 0, "52->51": 0, "49->53": 0, "53->49": 0, "34->54": 0, "54->34": 0, "54->55": 0, "55->54": 0, "32->56": 0, "56->32": 0, "56->57": 0, "57->56": 0, "56->58": 0, "58->56": 0, "58->59": 0, "59->58": 0, "56->60": 0, "60->56": 0, "30->61": 0, "61->30": 0, "61->62": 0, "62->61": 0, "28->63": 0, "63->28": 0, "63->64": 0, "64->63": 0, "63->65": 0, "65->63": 0, "65->66": 0, "66->65": 0, "63->67": 0, "67->63": 0, "26->68": 0, "68->26": 0, "0->69": 0, "69->0": 0, "69->70": 0, "70->69": 0, "70->71": 0, "71->70": 0, "71->72": 0, "72->71": 0, "71->73": 0, "73->71": 0, "73->74": 0, "74->73": 0, "70->75": 0, "75->70": 0, "75->76": 0, "76->75": 0, "75->77": 0, "77->75": 0, "77->78": 0, "78->77": 0, "77->79": 0, "79->77": 0, "69->80": 0, "80->69": 0, "80->81": 0, "81->80": 0, "81->82": 0, "82->81": 0, "81->83": 0, "83->81": 0, "83->84": 0, "84->83": 0, "81->85": 0, "85->81": 0, "85->86": 0, "86->85": 0, "85->87": 0, "87->85": 0, "87->88": 0, "88->87": 0, "85->89": 0, "89->85": 0, "81->90": 0, "90->81": 0, "69->91": 0, "91->69": 0, "91->92": 0, "92->91": 0, "92->93": 0, "93->92": 0, "92->94": 0, "94->92": 0, "94->95": 0, "95->94": 0, "92->96": 0, "96->92": 0, "96->97": 0, "97->96": 0, "92->98": 0, "98->92": 0, "98->99": 0, "99->98": 0, "99->100": 0, "100->99": 0, "98->101": 0, "101->98": 0, "101->102": 0, "102->101": 0, "101->103": 0, "103->101": 0, "92->104": 0, "104->92": 0, "69->105": 0, "105->69": 0, "105->106": 0, "106->105": 0, "106->107": 0, "107->106": 0, "106->108": 0, "108->106": 0, "105->109": 0, "109->105": 0, "109->110": 0, "110->109": 0, "110->111": 0, "111->110": 0, "110->112": 0, "112->110": 0, "112->113": 0, "113->112": 0, "112->114": 0, "114->112": 0, "114->115": 0, "115->114": 0, "112->116": 0, "116->112": 0, "116->117": 0, "117->116": 0, "116->118": 0, "118->116": 0, "110->119": 0, "119->110": 0, "119->120": 0, "120->119": 0, "110->121": 0, "121->110": 0, "105->122": 0, "122->105": 0, "122->123": 0, "123->122": 0, "123->124": 0, "124->123": 0, "123->125": 0, "125->123": 0, "125->126": 0, "126->125": 0, "123->127": 0, "127->123": 0, "105->128": 0, "128->105": 0, "128->129": 0, "129->128": 0, "129->130": 0, "130->129": 0, "129->131": 0, "131->129": 0, "131->132": 0, "132->131": 0, "131->133": 0, "133->131": 0, "133->134": 0, "134->133": 0, "131->135": 0, "135->131": 0, "129->136": 0, "136->129": 0, "105->137": 0, "137->105": 0, "137->138": 0, "138->137": 0, "138->139": 0, "139->138": 0, "138->140": 0, "140->138": 0, "140->141": 0, "141->140": 0, "138->142": 0, "142->138": 0, "1->3": 1, "3->1": 12, "3->5": 1, "5->3": 12, "5->6": 1, "6->5": 12, "6->10": 1, "10->6": 12, "10->14": 1, "14->10": 12, "14->20": 1, "20->14": 12, "20->69": 1, "69->20": 12, "7->9": 1, "9->7": 12, "11->13": 1, "13->11": 12, "15->19": 1, "19->15": 12, "16->17": 1, "17->16": 12, "21->24": 6, "24->21": 6, "22->23": 2, "23->22": 3, "27->28": 1, "28->27": 12, "28->68": 1, "68->28": 12, "29->30": 1, "30->29": 12, "30->63": 1, "63->30": 12, "31->32": 1, "32->31": 12, "32->61": 1, "61->32": 12, "33->34": 1, "34->33": 12, "34->56": 1, "56->34": 12, "35->36": 1, "36->35": 12, "36->54": 1, "54->36": 12, "37->38": 1, "38->37": 12, "38->49": 1, "49->38": 12, "39->40": 1, "40->39": 12, "40->47": 1, "47->40": 12, "41->42": 1, "42->41": 12, "42->44": 1, "44->42": 12, "45->46": 2, "46->45": 3, "50->51": 1, "51->50": 12, "51->53": 1, "53->51": 12, "57->58": 1, "58->57": 12, "58->60": 1, "60->58": 12, "64->65": 1, "65->64": 12, "65->67": 1, "67->65": 12, "70->80": 1, "80->70": 12, "80->91": 1, "91->80": 12, "91->105": 1, "105->91": 12, "71->75": 1, "75->71": 12, "72->73": 1, "73->72": 12, "76->77": 1, "77->76": 12, "78->79": 2, "79->78": 3, "82->83": 1, "83->82": 12, "83->85": 1, "85->83": 12, "85->90": 1, "90->85": 12, "86->87": 1, "87->86": 12, "87->89": 1, "89->87": 12, "93->94": 1, "94->93": 12, "94->96": 1, "96->94": 12, "96->98": 1, "98->96": 12, "98->104": 1, "104->98": 12, "99->101": 1, "101->99": 12, "102->103": 2, "103->102": 3, "106->109": 1, "109->106": 12, "109->122": 1, "122->109": 12, "122->128": 1, "128->122": 12, "128->137": 1, "137->128": 12, "107->108": 2, "108->107": 3, "111->112": 1, "112->111": 12, "112->119": 1, "119->112": 12, "119->121": 1, "121->119": 12, "113->114": 1, "114->113": 12, "114->116": 1, "116->114": 12, "117->118": 2, "118->117": 3, "124->125": 1, "125->124": 12, "125->127": 1, "127->125": 12, "130->131": 1, "131->130": 12, "131->136": 1, "136->131": 12, "132->133": 1, "133->132": 12, "133->135": 1, "135->133": 12, "139->140": 1, "140->139": 12, "140->142": 1, "142->140": 12, "2->4": 2, "4->2": 3, "4->5": 2, "5->4": 3, "5->8": 2, "8->5": 3, "8->9": 2, "9->8": 3, "9->12": 2, "12->9": 3, "12->13": 2, "13->12": 3, "13->16": 2, "16->13": 3, "16->18": 2, "18->16": 3, "18->19": 2, "19->18": 3, "19->22": 2, "22->19": 3, "23->27": 2, "27->23": 3, "27->29": 2, "29->27": 3, "29->31": 2, "31->29": 3, "31->33": 2, "33->31": 3, "33->35": 2, "35->33": 3, "35->37": 2, "37->35": 3, "37->39": 2, "39->37": 3, "39->41": 2, "41->39": 3, "41->43": 2, "43->41": 3, "43->45": 2, "45->43": 3, "46->48": 2, "48->46": 3, "48->50": 2, "50->48": 3, "50->52": 2, "52->50": 3, "52->53": 2, "53->52": 3, "53->55": 2, "55->53": 3, "55->57": 2, "57->55": 3, "57->59": 2, "59->57": 3, "59->60": 2, "60->59": 3, "60->62": 2, "62->60": 3, "62->64": 2, "64->62": 3, "64->66": 2, "66->64": 3, "66->67": 2, "67->66": 3, "67->68": 2, "68->67": 3, "68->72": 2, "72->68": 3, "72->74": 2, "74->72": 3, "74->76": 2, "76->74": 3, "76->78": 2, "78->76": 3, "79->82": 2, "82->79": 3, "82->84": 2, "84->82": 3, "84->86": 2, "86->84": 3, "86->88": 2, "88->86": 3, "88->89": 2, "89->88": 3, "89->90": 2, "90->89": 3, "90->93": 2, "93->90": 3, "93->95": 2, "95->93": 3, "95->97": 2, "97->95": 3, "97->100": 2, "100->97": 3, "100->102": 2, "102->100": 3, "103->104": 2, "104->103": 3, "104->107": 2, "107->104": 3, "108->111": 2, "111->108": 3, "111->113": 2, "113->111": 3, "113->115": 2, "115->113": 3, "115->117": 2, "117->115": 3, "118->120": 2, "120->118": 3, "120->121": 2, "121->120": 3, "121->124": 2, "124->121": 3, "124->126": 2, "126->124": 3, "126->127": 2, "127->126": 3, "127->130": 2, "130->127": 3, "130->132": 2, "132->130": 3, "132->134": 2, "134->132": 3, "134->135": 2, "135->134": 3, "135->136": 2, "136->135": 3, "136->139": 2, "139->136": 3, "139->141": 2, "141->139": 3, "141->142": 2, "142->141": 3, "52->95": 4, "95->52": 5, "59->97": 4, "97->59": 5, "97->134": 4, "134->97": 5, "120->126": 4, "126->120": 5}, "metrics": [16.0, 2.0, 3.0]}