{"nodelist": ["MethodDeclaration", "{'public'}", "public", "postGetTableDescriptors", "FormalParameter", "{'final'}", "final", "ReferenceType", "List", "TypeArgument", "ReferenceType", "TableName", "tableNamesList", "FormalParameter", "{'final'}", "final", "ReferenceType", "List", "TypeArgument", "ReferenceType", "HTableDescriptor", "descriptors", "FormalParameter", "{'final'}", "final", "ReferenceType", "String", "regex", "IOException", "StatementExpression", "MethodInvocation", "TernaryExpression", "MethodInvocation", "coprocessors", "isEmpty", "Literal", "null", "ClassCreator", "ReferenceType", "CoprocessorOperation", "MethodDeclaration", "{'public'}", "public", "Annotation", "Override", "call", "FormalParameter", "ReferenceType", "MasterObserver", "oserver", "FormalParameter", "ReferenceType", "ObserverContext", "TypeArgument", "ReferenceType", "MasterCoprocessorEnvironment", "ctx", "IOException", "StatementExpression", "MethodInvocation", "oserver", "MemberReference", "ctx", "MemberReference", "tableNamesList", "MemberReference", "descriptors", "MemberReference", "regex", "postGetTableDescriptors", "execOperation"], "nodes": {"0": "MethodDeclaration", "1": "Modifier", "2": "public", "3": "postGetTableDescriptors", "4": "FormalParameter", "5": "Modifier", "6": "final", "7": "ReferenceType", "8": "List", "9": "TypeArgument", "10": "ReferenceType", "11": "TableName", "12": "tableNamesList", "13": "FormalParameter", "14": "Modifier", "15": "final", "16": "ReferenceType", "17": "List", "18": "TypeArgument", "19": "ReferenceType", "20": "HTableDescriptor", "21": "descriptors", "22": "FormalParameter", "23": "Modifier", "24": "final", "25": "ReferenceType", "26": "String", "27": "regex", "28": "IOException", "29": "StatementExpression", "30": "MethodInvocation", "31": "TernaryExpression", "32": "MethodInvocation", "33": "coprocessors", "34": "isEmpty", "35": "Literal", "36": "null", "37": "ClassCreator", "38": "ReferenceType", "39": "CoprocessorOperation", "40": "MethodDeclaration", "41": "Modifier", "42": "public", "43": "Annotation", "44": "Override", "45": "call", "46": "FormalParameter", "47": "ReferenceType", "48": "MasterObserver", "49": "oserver", "50": "FormalParameter", "51": "ReferenceType", "52": "ObserverContext", "53": "TypeArgument", "54": "ReferenceType", "55": "MasterCoprocessorEnvironment", "56": "ctx", "57": "IOException", "58": "StatementExpression", "59": "MethodInvocation", "60": "oserver", "61": "MemberReference", "62": "ctx", "63": "MemberReference", "64": "tableNamesList", "65": "MemberReference", "66": "descriptors", "67": "MemberReference", "68": "regex", "69": "postGetTableDescriptors", "70": "execOperation"}, "edges": {"0->1": 0, "1->0": 0, "1->2": 0, "2->1": 0, "0->3": 0, "3->0": 0, "0->4": 0, "4->0": 0, "4->5": 0, "5->4": 0, "5->6": 0, "6->5": 0, "4->7": 0, "7->4": 0, "7->8": 0, "8->7": 0, "7->9": 0, "9->7": 0, "9->10": 0, "10->9": 0, "10->11": 0, "11->10": 0, "4->12": 0, "12->4": 0, "0->13": 0, "13->0": 0, "13->14": 0, "14->13": 0, "14->15": 0, "15->14": 0, "13->16": 0, "16->13": 0, "16->17": 0, "17->16": 0, "16->18": 0, "18->16": 0, "18->19": 0, "19->18": 0, "19->20": 0, "20->19": 0, "13->21": 0, "21->13": 0, "0->22": 0, "22->0": 0, "22->23": 0, "23->22": 0, "23->24": 0, "24->23": 0, "22->25": 0, "25->22": 0, "25->26": 0, "26->25": 0, "22->27": 0, "27->22": 0, "0->28": 0, "28->0": 0, "0->29": 0, "29->0": 0, "29->30": 0, "30->29": 0, "30->31": 0, "31->30": 0, "31->32": 0, "32->31": 0, "32->33": 0, "33->32": 0, "32->34": 0, "34->32": 0, "31->35": 0, "35->31": 0, "35->36": 0, "36->35": 0, "31->37": 0, "37->31": 0, "37->38": 0, "38->37": 0, "38->39": 0, "39->38": 0, "37->40": 0, "40->37": 0, "40->41": 0, "41->40": 0, "41->42": 0, "42->41": 0, "40->43": 0, "43->40": 0, "43->44": 0, "44->43": 0, "40->45": 0, "45->40": 0, "40->46": 0, "46->40": 0, "46->47": 0, "47->46": 0, "47->48": 0, "48->47": 0, "46->49": 0, "49->46": 0, "40->50": 0, "50->40": 0, "50->51": 0, "51->50": 0, "51->52": 0, "52->51": 0, "51->53": 0, "53->51": 0, "53->54": 0, "54->53": 0, "54->55": 0, "55->54": 0, "50->56": 0, "56->50": 0, "40->57": 0, "57->40": 0, "40->58": 0, "58->40": 0, "58->59": 0, "59->58": 0, "59->60": 0, "60->59": 0, "59->61": 0, "61->59": 0, "61->62": 0, "62->61": 0, "59->63": 0, "63->59": 0, "63->64": 0, "64->63": 0, "59->65": 0, "65->59": 0, "65->66": 0, "66->65": 0, "59->67": 0, "67->59": 0, "67->68": 0, "68->67": 0, "59->69": 0, "69->59": 0, "30->70": 0, "70->30": 0, "1->3": 1, "3->1": 12, "3->4": 1, "4->3": 12, "4->13": 1, "13->4": 12, "13->22": 1, "22->13": 12, "22->28": 1, "28->22": 12, "28->29": 1, "29->28": 12, "5->7": 1, "7->5": 12, "7->12": 1, "12->7": 12, "8->9": 1, "9->8": 12, "14->16": 1, "16->14": 12, "16->21": 1, "21->16": 12, "17->18": 1, "18->17": 12, "23->25": 1, "25->23": 12, "25->27": 1, "27->25": 12, "31->70": 1, "70->31": 12, "32->35": 1, "35->32": 12, "35->37": 1, "37->35": 12, "33->34": 2, "34->33": 3, "38->40": 1, "40->38": 12, "41->43": 1, "43->41": 12, "43->45": 1, "45->43": 12, "45->46": 1, "46->45": 12, "46->50": 1, "50->46": 12, "50->57": 1, "57->50": 12, "57->58": 1, "58->57": 12, "47->49": 1, "49->47": 12, "51->56": 1, "56->51": 12, "52->53": 1, "53->52": 12, "60->61": 1, "61->60": 12, "61->63": 1, "63->61": 12, "63->65": 1, "65->63": 12, "65->67": 1, "67->65": 12, "67->69": 1, "69->67": 12, "2->3": 2, "3->2": 3, "3->6": 2, "6->3": 3, "6->8": 2, "8->6": 3, "8->11": 2, "11->8": 3, "11->12": 2, "12->11": 3, "12->15": 2, "15->12": 3, "15->17": 2, "17->15": 3, "17->20": 2, "20->17": 3, "20->21": 2, "21->20": 3, "21->24": 2, "24->21": 3, "24->26": 2, "26->24": 3, "26->27": 2, "27->26": 3, "27->28": 2, "28->27": 3, "28->33": 2, "33->28": 3, "34->36": 2, "36->34": 3, "36->39": 2, "39->36": 3, "39->42": 2, "42->39": 3, "42->44": 2, "44->42": 3, "44->45": 2, "45->44": 3, "45->48": 2, "48->45": 3, "48->49": 2, "49->48": 3, "49->52": 2, "52->49": 3, "52->55": 2, "55->52": 3, "55->56": 2, "56->55": 3, "56->57": 2, "57->56": 3, "57->60": 2, "60->57": 3, "60->62": 2, "62->60": 3, "62->64": 2, "64->62": 3, "64->66": 2, "66->64": 3, "66->68": 2, "68->66": 3, "68->69": 2, "69->68": 3, "69->70": 2, "70->69": 3}, "metrics": [8.0, 1.0, 3.0]}