{"nodelist": ["MethodDeclaration", "{'public'}", "public", "Annotation", "Override", "completeCompactionMarker", "FormalParameter", "ReferenceType", "CompactionDescriptor", "compaction", "IOException", "StatementExpression", "MethodInvocation", "LOG", "Literal", "\"Completing compaction from the WAL marker\"", "debug", "LocalVariableDeclaration", "ReferenceType", "List", "TypeArgument", "ReferenceType", "String", "VariableDeclarator", "compactionInputs", "MethodInvocation", "compaction", "getCompactionInputList", "LocalVariableDeclaration", "ReferenceType", "List", "TypeArgument", "ReferenceType", "String", "VariableDeclarator", "compactionOutputs", "MethodInvocation", "compaction", "getCompactionOutputList", "LocalVariableDeclaration", "ReferenceType", "List", "TypeArgument", "ReferenceType", "StoreFile", "VariableDeclarator", "outputStoreFiles", "ClassCreator", "ReferenceType", "ArrayList", "TypeArgument", "ReferenceType", "StoreFile", "MethodInvocation", "compactionOutputs", "size", "ForStatement", "EnhancedForControl", "VariableDeclaration", "ReferenceType", "String", "VariableDeclarator", "compactionOutput", "MemberReference", "compactionOutputs", "BlockStatement", "LocalVariableDeclaration", "BasicType", "boolean", "VariableDeclarator", "found", "Literal", "false", "LocalVariableDeclaration", "ReferenceType", "Path", "VariableDeclarator", "outputPath", "ClassCreator", "ReferenceType", "Path", "MethodInvocation", "fs", "MethodInvocation", "family", "getNameAsString", "getStoreDir", "MemberReference", "compactionOutput", "StatementExpression", "Assignment", "MemberReference", "outputPath", "MethodInvocation", "outputPath", "MethodInvocation", "fs", "getFileSystem", "makeQualified", "=", "ForStatement", "EnhancedForControl", "VariableDeclaration", "ReferenceType", "StoreFile", "VariableDeclarator", "sf", "This", "MethodInvocation", "getStorefiles", "BlockStatement", "IfStatement", "MethodInvocation", "sf", "MethodInvocation", "MethodInvocation", "sf", "MethodInvocation", "MemberReference", "conf", "getFileSystem", "getPath", "makeQualified", "MethodInvocation", "MemberReference", "outputPath", "equals", "getPath", "BlockStatement", "StatementExpression", "Assignment", "MemberReference", "found", "Literal", "true", "=", "BreakStatement", "IfStatement", "MemberReference", "!", "found", "BlockStatement", "IfStatement", "MethodInvocation", "MethodInvocation", "MemberReference", "outputPath", "exists", "getFileSystem", "BlockStatement", "StatementExpression", "MethodInvocation", "outputStoreFiles", "MethodInvocation", "MemberReference", "outputPath", "createStoreFileAndReader", "add", "LocalVariableDeclaration", "ReferenceType", "List", "TypeArgument", "ReferenceType", "Path", "VariableDeclarator", "inputPaths", "ClassCreator", "ReferenceType", "ArrayList", "TypeArgument", "ReferenceType", "Path", "MethodInvocation", "compactionInputs", "size", "ForStatement", "EnhancedForControl", "VariableDeclaration", "ReferenceType", "String", "VariableDeclarator", "compactionInput", "MemberReference", "compactionInputs", "BlockStatement", "LocalVariableDeclaration", "ReferenceType", "Path", "VariableDeclarator", "inputPath", "ClassCreator", "ReferenceType", "Path", "MethodInvocation", "fs", "MethodInvocation", "family", "getNameAsString", "getStoreDir", "MemberReference", "compactionInput", "StatementExpression", "Assignment", "MemberReference", "inputPath", "MethodInvocation", "inputPath", "MethodInvocation", "fs", "getFileSystem", "makeQualified", "=", "StatementExpression", "MethodInvocation", "inputPaths", "MemberReference", "inputPath", "add", "LocalVariableDeclaration", "ReferenceType", "List", "TypeArgument", "ReferenceType", "StoreFile", "VariableDeclarator", "inputStoreFiles", "ClassCreator", "ReferenceType", "ArrayList", "TypeArgument", "ReferenceType", "StoreFile", "MethodInvocation", "compactionInputs", "size", "ForStatement", "EnhancedForControl", "VariableDeclaration", "ReferenceType", "StoreFile", "VariableDeclarator", "sf", "This", "MethodInvocation", "getStorefiles", "BlockStatement", "IfStatement", "MethodInvocation", "inputPaths", "MethodInvocation", "sf", "MethodInvocation", "MethodInvocation", "fs", "getFileSystem", "makeQualified", "getPath", "contains", "BlockStatement", "StatementExpression", "MethodInvocation", "inputStoreFiles", "MemberReference", "sf", "add", "StatementExpression", "This", "MethodInvocation", "MemberReference", "inputStoreFiles", "MemberReference", "outputStoreFiles", "replaceStoreFiles", "StatementExpression", "This", "MethodInvocation", "MemberReference", "inputStoreFiles", "completeCompaction"], "nodes": {"0": "MethodDeclaration", "1": "Modifier", "2": "public", "3": "Annotation", "4": "Override", "5": "completeCompactionMarker", "6": "FormalParameter", "7": "ReferenceType", "8": "CompactionDescriptor", "9": "compaction", "10": "IOException", "11": "StatementExpression", "12": "MethodInvocation", "13": "LOG", "14": "Literal", "15": "\"Completing compaction from the WAL marker\"", "16": "debug", "17": "LocalVariableDeclaration", "18": "ReferenceType", "19": "List", "20": "TypeArgument", "21": "ReferenceType", "22": "String", "23": "VariableDeclarator", "24": "compactionInputs", "25": "MethodInvocation", "26": "compaction", "27": "getCompactionInputList", "28": "LocalVariableDeclaration", "29": "ReferenceType", "30": "List", "31": "TypeArgument", "32": "ReferenceType", "33": "String", "34": "VariableDeclarator", "35": "compactionOutputs", "36": "MethodInvocation", "37": "compaction", "38": "getCompactionOutputList", "39": "LocalVariableDeclaration", "40": "ReferenceType", "41": "List", "42": "TypeArgument", "43": "ReferenceType", "44": "StoreFile", "45": "VariableDeclarator", "46": "outputStoreFiles", "47": "ClassCreator", "48": "ReferenceType", "49": "ArrayList", "50": "TypeArgument", "51": "ReferenceType", "52": "StoreFile", "53": "MethodInvocation", "54": "compactionOutputs", "55": "size", "56": "ForStatement", "57": "EnhancedForControl", "58": "VariableDeclaration", "59": "ReferenceType", "60": "String", "61": "VariableDeclarator", "62": "compactionOutput", "63": "MemberReference", "64": "compactionOutputs", "65": "BlockStatement", "66": "LocalVariableDeclaration", "67": "BasicType", "68": "boolean", "69": "VariableDeclarator", "70": "found", "71": "Literal", "72": "false", "73": "LocalVariableDeclaration", "74": "ReferenceType", "75": "Path", "76": "VariableDeclarator", "77": "outputPath", "78": "ClassCreator", "79": "ReferenceType", "80": "Path", "81": "MethodInvocation", "82": "fs", "83": "MethodInvocation", "84": "family", "85": "getNameAsString", "86": "getStoreDir", "87": "MemberReference", "88": "compactionOutput", "89": "StatementExpression", "90": "Assignment", "91": "MemberReference", "92": "outputPath", "93": "MethodInvocation", "94": "outputPath", "95": "MethodInvocation", "96": "fs", "97": "getFileSystem", "98": "makeQualified", "99": "=", "100": "ForStatement", "101": "EnhancedForControl", "102": "VariableDeclaration", "103": "ReferenceType", "104": "StoreFile", "105": "VariableDeclarator", "106": "sf", "107": "This", "108": "MethodInvocation", "109": "getStorefiles", "110": "BlockStatement", "111": "IfStatement", "112": "MethodInvocation", "113": "sf", "114": "MethodInvocation", "115": "MethodInvocation", "116": "sf", "117": "MethodInvocation", "118": "MemberReference", "119": "conf", "120": "getFileSystem", "121": "getPath", "122": "makeQualified", "123": "MethodInvocation", "124": "MemberReference", "125": "outputPath", "126": "equals", "127": "getPath", "128": "BlockStatement", "129": "StatementExpression", "130": "Assignment", "131": "MemberReference", "132": "found", "133": "Literal", "134": "true", "135": "=", "136": "BreakStatement", "137": "IfStatement", "138": "MemberReference", "139": "!", "140": "found", "141": "BlockStatement", "142": "IfStatement", "143": "MethodInvocation", "144": "MethodInvocation", "145": "MemberReference", "146": "outputPath", "147": "exists", "148": "getFileSystem", "149": "BlockStatement", "150": "StatementExpression", "151": "MethodInvocation", "152": "outputStoreFiles", "153": "MethodInvocation", "154": "MemberReference", "155": "outputPath", "156": "createStoreFileAndReader", "157": "add", "158": "LocalVariableDeclaration", "159": "ReferenceType", "160": "List", "161": "TypeArgument", "162": "ReferenceType", "163": "Path", "164": "VariableDeclarator", "165": "inputPaths", "166": "ClassCreator", "167": "ReferenceType", "168": "ArrayList", "169": "TypeArgument", "170": "ReferenceType", "171": "Path", "172": "MethodInvocation", "173": "compactionInputs", "174": "size", "175": "ForStatement", "176": "EnhancedForControl", "177": "VariableDeclaration", "178": "ReferenceType", "179": "String", "180": "VariableDeclarator", "181": "compactionInput", "182": "MemberReference", "183": "compactionInputs", "184": "BlockStatement", "185": "LocalVariableDeclaration", "186": "ReferenceType", "187": "Path", "188": "VariableDeclarator", "189": "inputPath", "190": "ClassCreator", "191": "ReferenceType", "192": "Path", "193": "MethodInvocation", "194": "fs", "195": "MethodInvocation", "196": "family", "197": "getNameAsString", "198": "getStoreDir", "199": "MemberReference", "200": "compactionInput", "201": "StatementExpression", "202": "Assignment", "203": "MemberReference", "204": "inputPath", "205": "MethodInvocation", "206": "inputPath", "207": "MethodInvocation", "208": "fs", "209": "getFileSystem", "210": "makeQualified", "211": "=", "212": "StatementExpression", "213": "MethodInvocation", "214": "inputPaths", "215": "MemberReference", "216": "inputPath", "217": "add", "218": "LocalVariableDeclaration", "219": "ReferenceType", "220": "List", "221": "TypeArgument", "222": "ReferenceType", "223": "StoreFile", "224": "VariableDeclarator", "225": "inputStoreFiles", "226": "ClassCreator", "227": "ReferenceType", "228": "ArrayList", "229": "TypeArgument", "230": "ReferenceType", "231": "StoreFile", "232": "MethodInvocation", "233": "compactionInputs", "234": "size", "235": "ForStatement", "236": "EnhancedForControl", "237": "VariableDeclaration", "238": "ReferenceType", "239": "StoreFile", "240": "VariableDeclarator", "241": "sf", "242": "This", "243": "MethodInvocation", "244": "getStorefiles", "245": "BlockStatement", "246": "IfStatement", "247": "MethodInvocation", "248": "inputPaths", "249": "MethodInvocation", "250": "sf", "251": "MethodInvocation", "252": "MethodInvocation", "253": "fs", "254": "getFileSystem", "255": "makeQualified", "256": "getPath", "257": "contains", "258": "BlockStatement", "259": "StatementExpression", "260": "MethodInvocation", "261": "inputStoreFiles", "262": "MemberReference", "263": "sf", "264": "add", "265": "StatementExpression", "266": "This", "267": "MethodInvocation", "268": "MemberReference", "269": "inputStoreFiles", "270": "MemberReference", "271": "outputStoreFiles", "272": "replaceStoreFiles", "273": "StatementExpression", "274": "This", "275": "MethodInvocation", "276": "MemberReference", "277": "inputStoreFiles", "278": "completeCompaction"}, "edges": {"0->1": 0, "1->0": 0, "1->2": 0, "2->1": 0, "0->3": 0, "3->0": 0, "3->4": 0, "4->3": 0, "0->5": 0, "5->0": 0, "0->6": 0, "6->0": 0, "6->7": 0, "7->6": 0, "7->8": 0, "8->7": 0, "6->9": 0, "9->6": 0, "0->10": 0, "10->0": 0, "0->11": 0, "11->0": 0, "11->12": 0, "12->11": 0, "12->13": 0, "13->12": 0, "12->14": 0, "14->12": 0, "14->15": 0, "15->14": 0, "12->16": 0, "16->12": 0, "0->17": 0, "17->0": 0, "17->18": 0, "18->17": 0, "18->19": 0, "19->18": 0, "18->20": 0, "20->18": 0, "20->21": 0, "21->20": 0, "21->22": 0, "22->21": 0, "17->23": 0, "23->17": 0, "23->24": 0, "24->23": 0, "23->25": 0, "25->23": 0, "25->26": 0, "26->25": 0, "25->27": 0, "27->25": 0, "0->28": 0, "28->0": 0, "28->29": 0, "29->28": 0, "29->30": 0, "30->29": 0, "29->31": 0, "31->29": 0, "31->32": 0, "32->31": 0, "32->33": 0, "33->32": 0, "28->34": 0, "34->28": 0, "34->35": 0, "35->34": 0, "34->36": 0, "36->34": 0, "36->37": 0, "37->36": 0, "36->38": 0, "38->36": 0, "0->39": 0, "39->0": 0, "39->40": 0, "40->39": 0, "40->41": 0, "41->40": 0, "40->42": 0, "42->40": 0, "42->43": 0, "43->42": 0, "43->44": 0, "44->43": 0, "39->45": 0, "45->39": 0, "45->46": 0, "46->45": 0, "45->47": 0, "47->45": 0, "47->48": 0, "48->47": 0, "48->49": 0, "49->48": 0, "48->50": 0, "50->48": 0, "50->51": 0, "51->50": 0, "51->52": 0, "52->51": 0, "47->53": 0, "53->47": 0, "53->54": 0, "54->53": 0, "53->55": 0, "55->53": 0, "0->56": 0, "56->0": 0, "56->57": 0, "57->56": 0, "57->58": 0, "58->57": 0, "58->59": 0, "59->58": 0, "59->60": 0, "60->59": 0, "58->61": 0, "61->58": 0, "61->62": 0, "62->61": 0, "57->63": 0, "63->57": 0, "63->64": 0, "64->63": 0, "56->65": 0, "65->56": 0, "65->66": 0, "66->65": 0, "66->67": 0, "67->66": 0, "67->68": 0, "68->67": 0, "66->69": 0, "69->66": 0, "69->70": 0, "70->69": 0, "69->71": 0, "71->69": 0, "71->72": 0, "72->71": 0, "65->73": 0, "73->65": 0, "73->74": 0, "74->73": 0, "74->75": 0, "75->74": 0, "73->76": 0, "76->73": 0, "76->77": 0, "77->76": 0, "76->78": 0, "78->76": 0, "78->79": 0, "79->78": 0, "79->80": 0, "80->79": 0, "78->81": 0, "81->78": 0, "81->82": 0, "82->81": 0, "81->83": 0, "83->81": 0, "83->84": 0, "84->83": 0, "83->85": 0, "85->83": 0, "81->86": 0, "86->81": 0, "78->87": 0, "87->78": 0, "87->88": 0, "88->87": 0, "65->89": 0, "89->65": 0, "89->90": 0, "90->89": 0, "90->91": 0, "91->90": 0, "91->92": 0, "92->91": 0, "90->93": 0, "93->90": 0, "93->94": 0, "94->93": 0, "93->95": 0, "95->93": 0, "95->96": 0, "96->95": 0, "95->97": 0, "97->95": 0, "93->98": 0, "98->93": 0, "90->99": 0, "99->90": 0, "65->100": 0, "100->65": 0, "100->101": 0, "101->100": 0, "101->102": 0, "102->101": 0, "102->103": 0, "103->102": 0, "103->104": 0, "104->103": 0, "102->105": 0, "105->102": 0, "105->106": 0, "106->105": 0, "101->107": 0, "107->101": 0, "107->108": 0, "108->107": 0, "108->109": 0, "109->108": 0, "100->110": 0, "110->100": 0, "110->111": 0, "111->110": 0, "111->112": 0, "112->111": 0, "112->113": 0, "113->112": 0, "112->114": 0, "114->112": 0, "114->115": 0, "115->114": 0, "115->116": 0, "116->115": 0, "115->117": 0, "117->115": 0, "117->118": 0, "118->117": 0, "118->119": 0, "119->118": 0, "117->120": 0, "120->117": 0, "115->121": 0, "121->115": 0, "114->122": 0, "122->114": 0, "112->123": 0, "123->112": 0, "123->124": 0, "124->123": 0, "124->125": 0, "125->124": 0, "123->126": 0, "126->123": 0, "112->127": 0, "127->112": 0, "111->128": 0, "128->111": 0, "128->129": 0, "129->128": 0, "129->130": 0, "130->129": 0, "130->131": 0, "131->130": 0, "131->132": 0, "132->131": 0, "130->133": 0, "133->130": 0, "133->134": 0, "134->133": 0, "130->135": 0, "135->130": 0, "128->136": 0, "136->128": 0, "65->137": 0, "137->65": 0, "137->138": 0, "138->137": 0, "138->139": 0, "139->138": 0, "138->140": 0, "140->138": 0, "137->141": 0, "141->137": 0, "141->142": 0, "142->141": 0, "142->143": 0, "143->142": 0, "143->144": 0, "144->143": 0, "144->145": 0, "145->144": 0, "145->146": 0, "146->145": 0, "144->147": 0, "147->144": 0, "143->148": 0, "148->143": 0, "142->149": 0, "149->142": 0, "149->150": 0, "150->149": 0, "150->151": 0, "151->150": 0, "151->152": 0, "152->151": 0, "151->153": 0, "153->151": 0, "153->154": 0, "154->153": 0, "154->155": 0, "155->154": 0, "153->156": 0, "156->153": 0, "151->157": 0, "157->151": 0, "0->158": 0, "158->0": 0, "158->159": 0, "159->158": 0, "159->160": 0, "160->159": 0, "159->161": 0, "161->159": 0, "161->162": 0, "162->161": 0, "162->163": 0, "163->162": 0, "158->164": 0, "164->158": 0, "164->165": 0, "165->164": 0, "164->166": 0, "166->164": 0, "166->167": 0, "167->166": 0, "167->168": 0, "168->167": 0, "167->169": 0, "169->167": 0, "169->170": 0, "170->169": 0, "170->171": 0, "171->170": 0, "166->172": 0, "172->166": 0, "172->173": 0, "173->172": 0, "172->174": 0, "174->172": 0, "0->175": 0, "175->0": 0, "175->176": 0, "176->175": 0, "176->177": 0, "177->176": 0, "177->178": 0, "178->177": 0, "178->179": 0, "179->178": 0, "177->180": 0, "180->177": 0, "180->181": 0, "181->180": 0, "176->182": 0, "182->176": 0, "182->183": 0, "183->182": 0, "175->184": 0, "184->175": 0, "184->185": 0, "185->184": 0, "185->186": 0, "186->185": 0, "186->187": 0, "187->186": 0, "185->188": 0, "188->185": 0, "188->189": 0, "189->188": 0, "188->190": 0, "190->188": 0, "190->191": 0, "191->190": 0, "191->192": 0, "192->191": 0, "190->193": 0, "193->190": 0, "193->194": 0, "194->193": 0, "193->195": 0, "195->193": 0, "195->196": 0, "196->195": 0, "195->197": 0, "197->195": 0, "193->198": 0, "198->193": 0, "190->199": 0, "199->190": 0, "199->200": 0, "200->199": 0, "184->201": 0, "201->184": 0, "201->202": 0, "202->201": 0, "202->203": 0, "203->202": 0, "203->204": 0, "204->203": 0, "202->205": 0, "205->202": 0, "205->206": 0, "206->205": 0, "205->207": 0, "207->205": 0, "207->208": 0, "208->207": 0, "207->209": 0, "209->207": 0, "205->210": 0, "210->205": 0, "202->211": 0, "211->202": 0, "184->212": 0, "212->184": 0, "212->213": 0, "213->212": 0, "213->214": 0, "214->213": 0, "213->215": 0, "215->213": 0, "215->216": 0, "216->215": 0, "213->217": 0, "217->213": 0, "0->218": 0, "218->0": 0, "218->219": 0, "219->218": 0, "219->220": 0, "220->219": 0, "219->221": 0, "221->219": 0, "221->222": 0, "222->221": 0, "222->223": 0, "223->222": 0, "218->224": 0, "224->218": 0, "224->225": 0, "225->224": 0, "224->226": 0, "226->224": 0, "226->227": 0, "227->226": 0, "227->228": 0, "228->227": 0, "227->229": 0, "229->227": 0, "229->230": 0, "230->229": 0, "230->231": 0, "231->230": 0, "226->232": 0, "232->226": 0, "232->233": 0, "233->232": 0, "232->234": 0, "234->232": 0, "0->235": 0, "235->0": 0, "235->236": 0, "236->235": 0, "236->237": 0, "237->236": 0, "237->238": 0, "238->237": 0, "238->239": 0, "239->238": 0, "237->240": 0, "240->237": 0, "240->241": 0, "241->240": 0, "236->242": 0, "242->236": 0, "242->243": 0, "243->242": 0, "243->244": 0, "244->243": 0, "235->245": 0, "245->235": 0, "245->246": 0, "246->245": 0, "246->247": 0, "247->246": 0, "247->248": 0, "248->247": 0, "247->249": 0, "249->247": 0, "249->250": 0, "250->249": 0, "249->251": 0, "251->249": 0, "251->252": 0, "252->251": 0, "252->253": 0, "253->252": 0, "252->254": 0, "254->252": 0, "251->255": 0, "255->251": 0, "249->256": 0, "256->249": 0, "247->257": 0, "257->247": 0, "246->258": 0, "258->246": 0, "258->259": 0, "259->258": 0, "259->260": 0, "260->259": 0, "260->261": 0, "261->260": 0, "260->262": 0, "262->260": 0, "262->263": 0, "263->262": 0, "260->264": 0, "264->260": 0, "0->265": 0, "265->0": 0, "265->266": 0, "266->265": 0, "266->267": 0, "267->266": 0, "267->268": 0, "268->267": 0, "268->269": 0, "269->268": 0, "267->270": 0, "270->267": 0, "270->271": 0, "271->270": 0, "267->272": 0, "272->267": 0, "0->273": 0, "273->0": 0, "273->274": 0, "274->273": 0, "274->275": 0, "275->274": 0, "275->276": 0, "276->275": 0, "276->277": 0, "277->276": 0, "275->278": 0, "278->275": 0, "1->3": 1, "3->1": 12, "3->5": 1, "5->3": 12, "5->6": 1, "6->5": 12, "6->10": 1, "10->6": 12, "10->11": 1, "11->10": 12, "11->17": 1, "17->11": 12, "17->28": 1, "28->17": 12, "28->39": 1, "39->28": 12, "39->56": 1, "56->39": 12, "56->158": 1, "158->56": 12, "158->175": 1, "175->158": 12, "175->218": 1, "218->175": 12, "218->235": 1, "235->218": 12, "235->265": 1, "265->235": 12, "265->273": 1, "273->265": 12, "7->9": 1, "9->7": 12, "13->14": 1, "14->13": 12, "14->16": 1, "16->14": 12, "18->23": 1, "23->18": 12, "19->20": 1, "20->19": 12, "24->25": 1, "25->24": 12, "26->27": 2, "27->26": 3, "29->34": 1, "34->29": 12, "30->31": 1, "31->30": 12, "35->36": 1, "36->35": 12, "37->38": 2, "38->37": 3, "40->45": 1, "45->40": 12, "41->42": 1, "42->41": 12, "46->47": 1, "47->46": 12, "48->53": 1, "53->48": 12, "49->50": 1, "50->49": 12, "54->55": 2, "55->54": 3, "57->65": 9, "65->57": 9, "58->63": 1, "63->58": 12, "59->61": 1, "61->59": 12, "66->73": 10, "73->66": 11, "73->89": 10, "89->73": 11, "89->100": 10, "100->89": 11, "100->137": 10, "137->100": 11, "67->69": 1, "69->67": 12, "70->71": 1, "71->70": 12, "74->76": 1, "76->74": 12, "77->78": 1, "78->77": 12, "79->81": 1, "81->79": 12, "81->87": 1, "87->81": 12, "82->83": 1, "83->82": 12, "83->86": 1, "86->83": 12, "84->85": 2, "85->84": 3, "91->93": 1, "93->91": 12, "93->99": 1, "99->93": 12, "94->95": 1, "95->94": 12, "95->98": 1, "98->95": 12, "96->97": 2, "97->96": 3, "101->110": 9, "110->101": 9, "102->107": 1, "107->102": 12, "103->105": 1, "105->103": 12, "112->128": 6, "128->112": 6, "113->114": 1, "114->113": 12, "114->123": 1, "123->114": 12, "123->127": 1, "127->123": 12, "115->122": 1, "122->115": 12, "116->117": 1, "117->116": 12, "117->121": 1, "121->117": 12, "118->120": 1, "120->118": 12, "124->126": 1, "126->124": 12, "129->136": 10, "136->129": 11, "131->133": 1, "133->131": 12, "133->135": 1, "135->133": 12, "138->141": 6, "141->138": 6, "139->140": 2, "140->139": 3, "143->149": 6, "149->143": 6, "144->148": 1, "148->144": 12, "145->147": 1, "147->145": 12, "152->153": 1, "153->152": 12, "153->157": 1, "157->153": 12, "154->156": 1, "156->154": 12, "159->164": 1, "164->159": 12, "160->161": 1, "161->160": 12, "165->166": 1, "166->165": 12, "167->172": 1, "172->167": 12, "168->169": 1, "169->168": 12, "173->174": 2, "174->173": 3, "176->184": 9, "184->176": 9, "177->182": 1, "182->177": 12, "178->180": 1, "180->178": 12, "185->201": 10, "201->185": 11, "201->212": 10, "212->201": 11, "186->188": 1, "188->186": 12, "189->190": 1, "190->189": 12, "191->193": 1, "193->191": 12, "193->199": 1, "199->193": 12, "194->195": 1, "195->194": 12, "195->198": 1, "198->195": 12, "196->197": 2, "197->196": 3, "203->205": 1, "205->203": 12, "205->211": 1, "211->205": 12, "206->207": 1, "207->206": 12, "207->210": 1, "210->207": 12, "208->209": 2, "209->208": 3, "214->215": 1, "215->214": 12, "215->217": 1, "217->215": 12, "219->224": 1, "224->219": 12, "220->221": 1, "221->220": 12, "225->226": 1, "226->225": 12, "227->232": 1, "232->227": 12, "228->229": 1, "229->228": 12, "233->234": 2, "234->233": 3, "236->245": 9, "245->236": 9, "237->242": 1, "242->237": 12, "238->240": 1, "240->238": 12, "247->258": 6, "258->247": 6, "248->249": 1, "249->248": 12, "249->257": 1, "257->249": 12, "250->251": 1, "251->250": 12, "251->256": 1, "256->251": 12, "252->255": 1, "255->252": 12, "253->254": 2, "254->253": 3, "261->262": 1, "262->261": 12, "262->264": 1, "264->262": 12, "268->270": 1, "270->268": 12, "270->272": 1, "272->270": 12, "276->278": 1, "278->276": 12, "2->4": 2, "4->2": 3, "4->5": 2, "5->4": 3, "5->8": 2, "8->5": 3, "8->9": 2, "9->8": 3, "9->10": 2, "10->9": 3, "10->13": 2, "13->10": 3, "13->15": 2, "15->13": 3, "15->16": 2, "16->15": 3, "16->19": 2, "19->16": 3, "19->22": 2, "22->19": 3, "22->24": 2, "24->22": 3, "24->26": 2, "26->24": 3, "27->30": 2, "30->27": 3, "30->33": 2, "33->30": 3, "33->35": 2, "35->33": 3, "35->37": 2, "37->35": 3, "38->41": 2, "41->38": 3, "41->44": 2, "44->41": 3, "44->46": 2, "46->44": 3, "46->49": 2, "49->46": 3, "49->52": 2, "52->49": 3, "52->54": 2, "54->52": 3, "55->60": 2, "60->55": 3, "60->62": 2, "62->60": 3, "62->64": 2, "64->62": 3, "64->68": 2, "68->64": 3, "68->70": 2, "70->68": 3, "70->72": 2, "72->70": 3, "72->75": 2, "75->72": 3, "75->77": 2, "77->75": 3, "77->80": 2, "80->77": 3, "80->82": 2, "82->80": 3, "82->84": 2, "84->82": 3, "85->86": 2, "86->85": 3, "86->88": 2, "88->86": 3, "88->92": 2, "92->88": 3, "92->94": 2, "94->92": 3, "94->96": 2, "96->94": 3, "97->98": 2, "98->97": 3, "98->99": 2, "99->98": 3, "99->104": 2, "104->99": 3, "104->106": 2, "106->104": 3, "106->109": 2, "109->106": 3, "109->113": 2, "113->109": 3, "113->116": 2, "116->113": 3, "116->119": 2, "119->116": 3, "119->120": 2, "120->119": 3, "120->121": 2, "121->120": 3, "121->122": 2, "122->121": 3, "122->125": 2, "125->122": 3, "125->126": 2, "126->125": 3, "126->127": 2, "127->126": 3, "127->132": 2, "132->127": 3, "132->134": 2, "134->132": 3, "134->135": 2, "135->134": 3, "135->136": 2, "136->135": 3, "136->139": 2, "139->136": 3, "140->146": 2, "146->140": 3, "146->147": 2, "147->146": 3, "147->148": 2, "148->147": 3, "148->152": 2, "152->148": 3, "152->155": 2, "155->152": 3, "155->156": 2, "156->155": 3, "156->157": 2, "157->156": 3, "157->160": 2, "160->157": 3, "160->163": 2, "163->160": 3, "163->165": 2, "165->163": 3, "165->168": 2, "168->165": 3, "168->171": 2, "171->168": 3, "171->173": 2, "173->171": 3, "174->179": 2, "179->174": 3, "179->181": 2, "181->179": 3, "181->183": 2, "183->181": 3, "183->187": 2, "187->183": 3, "187->189": 2, "189->187": 3, "189->192": 2, "192->189": 3, "192->194": 2, "194->192": 3, "194->196": 2, "196->194": 3, "197->198": 2, "198->197": 3, "198->200": 2, "200->198": 3, "200->204": 2, "204->200": 3, "204->206": 2, "206->204": 3, "206->208": 2, "208->206": 3, "209->210": 2, "210->209": 3, "210->211": 2, "211->210": 3, "211->214": 2, "214->211": 3, "214->216": 2, "216->214": 3, "216->217": 2, "217->216": 3, "217->220": 2, "220->217": 3, "220->223": 2, "223->220": 3, "223->225": 2, "225->223": 3, "225->228": 2, "228->225": 3, "228->231": 2, "231->228": 3, "231->233": 2, "233->231": 3, "234->239": 2, "239->234": 3, "239->241": 2, "241->239": 3, "241->244": 2, "244->241": 3, "244->248": 2, "248->244": 3, "248->250": 2, "250->248": 3, "250->253": 2, "253->250": 3, "254->255": 2, "255->254": 3, "255->256": 2, "256->255": 3, "256->257": 2, "257->256": 3, "257->261": 2, "261->257": 3, "261->263": 2, "263->261": 3, "263->264": 2, "264->263": 3, "264->269": 2, "269->264": 3, "269->271": 2, "271->269": 3, "271->272": 2, "272->271": 3, "272->277": 2, "277->272": 3, "277->278": 2, "278->277": 3, "92->125": 4, "125->92": 5, "125->146": 4, "146->125": 5, "146->155": 4, "155->146": 5, "132->140": 4, "140->132": 5, "204->216": 4, "216->204": 5, "269->277": 4, "277->269": 5}, "metrics": [36.0, 9.0, 1.0]}