{"nodelist": ["MethodDeclaration", "{'public'}", "public", "ReferenceType", "org", "ReferenceType", "apache", "ReferenceType", "thrift", "ReferenceType", "async", "ReferenceType", "AsyncMethodCallback", "TypeArgument", "ReferenceType", "java", "ReferenceType", "lang", "ReferenceType", "Integer", "getResultHandler", "FormalParameter", "{'final'}", "final", "ReferenceType", "org", "ReferenceType", "apache", "ReferenceType", "thrift", "ReferenceType", "server", "ReferenceType", "AbstractNonblockingServer", "ReferenceType", "AsyncFrameBuffer", "fb", "FormalParameter", "{'final'}", "final", "BasicType", "int", "seqid", "LocalVariableDeclaration", "{'final'}", "final", "ReferenceType", "org", "ReferenceType", "apache", "ReferenceType", "thrift", "ReferenceType", "AsyncProcessFunction", "VariableDeclarator", "fcall", "This", "ReturnStatement", "ClassCreator", "ReferenceType", "org", "ReferenceType", "apache", "ReferenceType", "thrift", "ReferenceType", "async", "ReferenceType", "AsyncMethodCallback", "TypeArgument", "ReferenceType", "java", "ReferenceType", "lang", "ReferenceType", "Integer", "MethodDeclaration", "{'public'}", "public", "onComplete", "FormalParameter", "ReferenceType", "java", "ReferenceType", "lang", "ReferenceType", "Integer", "o", "LocalVariableDeclaration", "ReferenceType", "openScanner_result", "VariableDeclarator", "result", "ClassCreator", "ReferenceType", "openScanner_result", "StatementExpression", "Assignment", "MemberReference", "result", "success", "MemberReference", "o", "=", "StatementExpression", "MethodInvocation", "result", "Literal", "true", "setSuccessIsSet", "TryStatement", "StatementExpression", "MethodInvocation", "fcall", "MemberReference", "fb", "MemberReference", "result", "MemberReference", "org.apache.thrift.protocol.TMessageType", "REPLY", "MemberReference", "seqid", "sendResponse", "CatchClause", "CatchClauseParameter", "org.apache.thrift.transport.TTransportException", "e", "StatementExpression", "MethodInvocation", "_LOGGER", "Literal", "\"TTransportException writing to internal frame buffer\"", "MemberReference", "e", "error", "StatementExpression", "MethodInvocation", "fb", "close", "CatchClause", "CatchClauseParameter", "java.lang.Exception", "e", "StatementExpression", "MethodInvocation", "_LOGGER", "Literal", "\"Exception writing to internal frame buffer\"", "MemberReference", "e", "error", "StatementExpression", "MethodInvocation", "MemberReference", "e", "onError", "MethodDeclaration", "{'public'}", "public", "onError", "FormalParameter", "ReferenceType", "java", "ReferenceType", "lang", "ReferenceType", "Exception", "e", "LocalVariableDeclaration", "BasicType", "byte", "VariableDeclarator", "msgType", "MemberReference", "org.apache.thrift.protocol.TMessageType", "REPLY", "LocalVariableDeclaration", "ReferenceType", "org", "ReferenceType", "apache", "ReferenceType", "thrift", "ReferenceType", "TSerializable", "VariableDeclarator", "msg", "LocalVariableDeclaration", "ReferenceType", "openScanner_result", "VariableDeclarator", "result", "ClassCreator", "ReferenceType", "openScanner_result", "IfStatement", "BinaryOperation", "instanceof", "MemberReference", "e", "ReferenceType", "TIOError", "BlockStatement", "StatementExpression", "Assignment", "MemberReference", "result", "io", "Cast", "ReferenceType", "TIOError", "MemberReference", "e", "=", "StatementExpression", "MethodInvocation", "result", "Literal", "true", "setIoIsSet", "StatementExpression", "Assignment", "MemberReference", "msg", "MemberReference", "result", "=", "IfStatement", "BinaryOperation", "instanceof", "MemberReference", "e", "ReferenceType", "org", "ReferenceType", "apache", "ReferenceType", "thrift", "ReferenceType", "transport", "ReferenceType", "TTransportException", "BlockStatement", "StatementExpression", "MethodInvocation", "_LOGGER", "Literal", "\"TTransportException inside handler\"", "MemberReference", "e", "error", "StatementExpression", "MethodInvocation", "fb", "close", "ReturnStatement", "IfStatement", "BinaryOperation", "instanceof", "MemberReference", "e", "ReferenceType", "org", "ReferenceType", "apache", "ReferenceType", "thrift", "ReferenceType", "TApplicationException", "BlockStatement", "StatementExpression", "MethodInvocation", "_LOGGER", "Literal", "\"TApplicationException inside handler\"", "MemberReference", "e", "error", "StatementExpression", "Assignment", "MemberReference", "msgType", "MemberReference", "org.apache.thrift.protocol.TMessageType", "EXCEPTION", "=", "StatementExpression", "Assignment", "MemberReference", "msg", "Cast", "ReferenceType", "org", "ReferenceType", "apache", "ReferenceType", "thrift", "ReferenceType", "TApplicationException", "MemberReference", "e", "=", "BlockStatement", "StatementExpression", "MethodInvocation", "_LOGGER", "Literal", "\"Exception inside handler\"", "MemberReference", "e", "error", "StatementExpression", "Assignment", "MemberReference", "msgType", "MemberReference", "org.apache.thrift.protocol.TMessageType", "EXCEPTION", "=", "StatementExpression", "Assignment", "MemberReference", "msg", "ClassCreator", "ReferenceType", "org", "ReferenceType", "apache", "ReferenceType", "thrift", "ReferenceType", "TApplicationException", "MemberReference", "org.apache.thrift.TApplicationException", "INTERNAL_ERROR", "MethodInvocation", "e", "getMessage", "=", "TryStatement", "StatementExpression", "MethodInvocation", "fcall", "MemberReference", "fb", "MemberReference", "msg", "MemberReference", "msgType", "MemberReference", "seqid", "sendResponse", "CatchClause", "CatchClauseParameter", "java.lang.Exception", "ex", "StatementExpression", "MethodInvocation", "_LOGGER", "Literal", "\"Exception writing to internal frame buffer\"", "MemberReference", "ex", "error", "StatementExpression", "MethodInvocation", "fb", "close"], "nodes": {"0": "MethodDeclaration", "1": "Modifier", "2": "public", "3": "ReferenceType", "4": "org", "5": "ReferenceType", "6": "apache", "7": "ReferenceType", "8": "thrift", "9": "ReferenceType", "10": "async", "11": "ReferenceType", "12": "AsyncMethodCallback", "13": "TypeArgument", "14": "ReferenceType", "15": "java", "16": "ReferenceType", "17": "lang", "18": "ReferenceType", "19": "Integer", "20": "getResultHandler", "21": "FormalParameter", "22": "Modifier", "23": "final", "24": "ReferenceType", "25": "org", "26": "ReferenceType", "27": "apache", "28": "ReferenceType", "29": "thrift", "30": "ReferenceType", "31": "server", "32": "ReferenceType", "33": "AbstractNonblockingServer", "34": "ReferenceType", "35": "AsyncFrameBuffer", "36": "fb", "37": "FormalParameter", "38": "Modifier", "39": "final", "40": "BasicType", "41": "int", "42": "seqid", "43": "LocalVariableDeclaration", "44": "Modifier", "45": "final", "46": "ReferenceType", "47": "org", "48": "ReferenceType", "49": "apache", "50": "ReferenceType", "51": "thrift", "52": "ReferenceType", "53": "AsyncProcessFunction", "54": "VariableDeclarator", "55": "fcall", "56": "This", "57": "ReturnStatement", "58": "ClassCreator", "59": "ReferenceType", "60": "org", "61": "ReferenceType", "62": "apache", "63": "ReferenceType", "64": "thrift", "65": "ReferenceType", "66": "async", "67": "ReferenceType", "68": "AsyncMethodCallback", "69": "TypeArgument", "70": "ReferenceType", "71": "java", "72": "ReferenceType", "73": "lang", "74": "ReferenceType", "75": "Integer", "76": "MethodDeclaration", "77": "Modifier", "78": "public", "79": "onComplete", "80": "FormalParameter", "81": "ReferenceType", "82": "java", "83": "ReferenceType", "84": "lang", "85": "ReferenceType", "86": "Integer", "87": "o", "88": "LocalVariableDeclaration", "89": "ReferenceType", "90": "openScanner_result", "91": "VariableDeclarator", "92": "result", "93": "ClassCreator", "94": "ReferenceType", "95": "openScanner_result", "96": "StatementExpression", "97": "Assignment", "98": "MemberReference", "99": "result", "100": "success", "101": "MemberReference", "102": "o", "103": "=", "104": "StatementExpression", "105": "MethodInvocation", "106": "result", "107": "Literal", "108": "true", "109": "setSuccessIsSet", "110": "TryStatement", "111": "StatementExpression", "112": "MethodInvocation", "113": "fcall", "114": "MemberReference", "115": "fb", "116": "MemberReference", "117": "result", "118": "MemberReference", "119": "org.apache.thrift.protocol.TMessageType", "120": "REPLY", "121": "MemberReference", "122": "seqid", "123": "sendResponse", "124": "CatchClause", "125": "CatchClauseParameter", "126": "org.apache.thrift.transport.TTransportException", "127": "e", "128": "StatementExpression", "129": "MethodInvocation", "130": "_LOGGER", "131": "Literal", "132": "\"TTransportException writing to internal frame buffer\"", "133": "MemberReference", "134": "e", "135": "error", "136": "StatementExpression", "137": "MethodInvocation", "138": "fb", "139": "close", "140": "CatchClause", "141": "CatchClauseParameter", "142": "java.lang.Exception", "143": "e", "144": "StatementExpression", "145": "MethodInvocation", "146": "_LOGGER", "147": "Literal", "148": "\"Exception writing to internal frame buffer\"", "149": "MemberReference", "150": "e", "151": "error", "152": "StatementExpression", "153": "MethodInvocation", "154": "MemberReference", "155": "e", "156": "onError", "157": "MethodDeclaration", "158": "Modifier", "159": "public", "160": "onError", "161": "FormalParameter", "162": "ReferenceType", "163": "java", "164": "ReferenceType", "165": "lang", "166": "ReferenceType", "167": "Exception", "168": "e", "169": "LocalVariableDeclaration", "170": "BasicType", "171": "byte", "172": "VariableDeclarator", "173": "msgType", "174": "MemberReference", "175": "org.apache.thrift.protocol.TMessageType", "176": "REPLY", "177": "LocalVariableDeclaration", "178": "ReferenceType", "179": "org", "180": "ReferenceType", "181": "apache", "182": "ReferenceType", "183": "thrift", "184": "ReferenceType", "185": "TSerializable", "186": "VariableDeclarator", "187": "msg", "188": "LocalVariableDeclaration", "189": "ReferenceType", "190": "openScanner_result", "191": "VariableDeclarator", "192": "result", "193": "ClassCreator", "194": "ReferenceType", "195": "openScanner_result", "196": "IfStatement", "197": "BinaryOperation", "198": "instanceof", "199": "MemberReference", "200": "e", "201": "ReferenceType", "202": "TIOError", "203": "BlockStatement", "204": "StatementExpression", "205": "Assignment", "206": "MemberReference", "207": "result", "208": "io", "209": "Cast", "210": "ReferenceType", "211": "TIOError", "212": "MemberReference", "213": "e", "214": "=", "215": "StatementExpression", "216": "MethodInvocation", "217": "result", "218": "Literal", "219": "true", "220": "setIoIsSet", "221": "StatementExpression", "222": "Assignment", "223": "MemberReference", "224": "msg", "225": "MemberReference", "226": "result", "227": "=", "228": "IfStatement", "229": "BinaryOperation", "230": "instanceof", "231": "MemberReference", "232": "e", "233": "ReferenceType", "234": "org", "235": "ReferenceType", "236": "apache", "237": "ReferenceType", "238": "thrift", "239": "ReferenceType", "240": "transport", "241": "ReferenceType", "242": "TTransportException", "243": "BlockStatement", "244": "StatementExpression", "245": "MethodInvocation", "246": "_LOGGER", "247": "Literal", "248": "\"TTransportException inside handler\"", "249": "MemberReference", "250": "e", "251": "error", "252": "StatementExpression", "253": "MethodInvocation", "254": "fb", "255": "close", "256": "ReturnStatement", "257": "IfStatement", "258": "BinaryOperation", "259": "instanceof", "260": "MemberReference", "261": "e", "262": "ReferenceType", "263": "org", "264": "ReferenceType", "265": "apache", "266": "ReferenceType", "267": "thrift", "268": "ReferenceType", "269": "TApplicationException", "270": "BlockStatement", "271": "StatementExpression", "272": "MethodInvocation", "273": "_LOGGER", "274": "Literal", "275": "\"TApplicationException inside handler\"", "276": "MemberReference", "277": "e", "278": "error", "279": "StatementExpression", "280": "Assignment", "281": "MemberReference", "282": "msgType", "283": "MemberReference", "284": "org.apache.thrift.protocol.TMessageType", "285": "EXCEPTION", "286": "=", "287": "StatementExpression", "288": "Assignment", "289": "MemberReference", "290": "msg", "291": "Cast", "292": "ReferenceType", "293": "org", "294": "ReferenceType", "295": "apache", "296": "ReferenceType", "297": "thrift", "298": "ReferenceType", "299": "TApplicationException", "300": "MemberReference", "301": "e", "302": "=", "303": "BlockStatement", "304": "StatementExpression", "305": "MethodInvocation", "306": "_LOGGER", "307": "Literal", "308": "\"Exception inside handler\"", "309": "MemberReference", "310": "e", "311": "error", "312": "StatementExpression", "313": "Assignment", "314": "MemberReference", "315": "msgType", "316": "MemberReference", "317": "org.apache.thrift.protocol.TMessageType", "318": "EXCEPTION", "319": "=", "320": "StatementExpression", "321": "Assignment", "322": "MemberReference", "323": "msg", "324": "ClassCreator", "325": "ReferenceType", "326": "org", "327": "ReferenceType", "328": "apache", "329": "ReferenceType", "330": "thrift", "331": "ReferenceType", "332": "TApplicationException", "333": "MemberReference", "334": "org.apache.thrift.TApplicationException", "335": "INTERNAL_ERROR", "336": "MethodInvocation", "337": "e", "338": "getMessage", "339": "=", "340": "TryStatement", "341": "StatementExpression", "342": "MethodInvocation", "343": "fcall", "344": "MemberReference", "345": "fb", "346": "MemberReference", "347": "msg", "348": "MemberReference", "349": "msgType", "350": "MemberReference", "351": "seqid", "352": "sendResponse", "353": "CatchClause", "354": "CatchClauseParameter", "355": "java.lang.Exception", "356": "ex", "357": "StatementExpression", "358": "MethodInvocation", "359": "_LOGGER", "360": "Literal", "361": "\"Exception writing to internal frame buffer\"", "362": "MemberReference", "363": "ex", "364": "error", "365": "StatementExpression", "366": "MethodInvocation", "367": "fb", "368": "close"}, "edges": {"0->1": 0, "1->0": 0, "1->2": 0, "2->1": 0, "0->3": 0, "3->0": 0, "3->4": 0, "4->3": 0, "3->5": 0, "5->3": 0, "5->6": 0, "6->5": 0, "5->7": 0, "7->5": 0, "7->8": 0, "8->7": 0, "7->9": 0, "9->7": 0, "9->10": 0, "10->9": 0, "9->11": 0, "11->9": 0, "11->12": 0, "12->11": 0, "11->13": 0, "13->11": 0, "13->14": 0, "14->13": 0, "14->15": 0, "15->14": 0, "14->16": 0, "16->14": 0, "16->17": 0, "17->16": 0, "16->18": 0, "18->16": 0, "18->19": 0, "19->18": 0, "0->20": 0, "20->0": 0, "0->21": 0, "21->0": 0, "21->22": 0, "22->21": 0, "22->23": 0, "23->22": 0, "21->24": 0, "24->21": 0, "24->25": 0, "25->24": 0, "24->26": 0, "26->24": 0, "26->27": 0, "27->26": 0, "26->28": 0, "28->26": 0, "28->29": 0, "29->28": 0, "28->30": 0, "30->28": 0, "30->31": 0, "31->30": 0, "30->32": 0, "32->30": 0, "32->33": 0, "33->32": 0, "32->34": 0, "34->32": 0, "34->35": 0, "35->34": 0, "21->36": 0, "36->21": 0, "0->37": 0, "37->0": 0, "37->38": 0, "38->37": 0, "38->39": 0, "39->38": 0, "37->40": 0, "40->37": 0, "40->41": 0, "41->40": 0, "37->42": 0, "42->37": 0, "0->43": 0, "43->0": 0, "43->44": 0, "44->43": 0, "44->45": 0, "45->44": 0, "43->46": 0, "46->43": 0, "46->47": 0, "47->46": 0, "46->48": 0, "48->46": 0, "48->49": 0, "49->48": 0, "48->50": 0, "50->48": 0, "50->51": 0, "51->50": 0, "50->52": 0, "52->50": 0, "52->53": 0, "53->52": 0, "43->54": 0, "54->43": 0, "54->55": 0, "55->54": 0, "54->56": 0, "56->54": 0, "0->57": 0, "57->0": 0, "57->58": 0, "58->57": 0, "58->59": 0, "59->58": 0, "59->60": 0, "60->59": 0, "59->61": 0, "61->59": 0, "61->62": 0, "62->61": 0, "61->63": 0, "63->61": 0, "63->64": 0, "64->63": 0, "63->65": 0, "65->63": 0, "65->66": 0, "66->65": 0, "65->67": 0, "67->65": 0, "67->68": 0, "68->67": 0, "67->69": 0, "69->67": 0, "69->70": 0, "70->69": 0, "70->71": 0, "71->70": 0, "70->72": 0, "72->70": 0, "72->73": 0, "73->72": 0, "72->74": 0, "74->72": 0, "74->75": 0, "75->74": 0, "58->76": 0, "76->58": 0, "76->77": 0, "77->76": 0, "77->78": 0, "78->77": 0, "76->79": 0, "79->76": 0, "76->80": 0, "80->76": 0, "80->81": 0, "81->80": 0, "81->82": 0, "82->81": 0, "81->83": 0, "83->81": 0, "83->84": 0, "84->83": 0, "83->85": 0, "85->83": 0, "85->86": 0, "86->85": 0, "80->87": 0, "87->80": 0, "76->88": 0, "88->76": 0, "88->89": 0, "89->88": 0, "89->90": 0, "90->89": 0, "88->91": 0, "91->88": 0, "91->92": 0, "92->91": 0, "91->93": 0, "93->91": 0, "93->94": 0, "94->93": 0, "94->95": 0, "95->94": 0, "76->96": 0, "96->76": 0, "96->97": 0, "97->96": 0, "97->98": 0, "98->97": 0, "98->99": 0, "99->98": 0, "98->100": 0, "100->98": 0, "97->101": 0, "101->97": 0, "101->102": 0, "102->101": 0, "97->103": 0, "103->97": 0, "76->104": 0, "104->76": 0, "104->105": 0, "105->104": 0, "105->106": 0, "106->105": 0, "105->107": 0, "107->105": 0, "107->108": 0, "108->107": 0, "105->109": 0, "109->105": 0, "76->110": 0, "110->76": 0, "110->111": 0, "111->110": 0, "111->112": 0, "112->111": 0, "112->113": 0, "113->112": 0, "112->114": 0, "114->112": 0, "114->115": 0, "115->114": 0, "112->116": 0, "116->112": 0, "116->117": 0, "117->116": 0, "112->118": 0, "118->112": 0, "118->119": 0, "119->118": 0, "118->120": 0, "120->118": 0, "112->121": 0, "121->112": 0, "121->122": 0, "122->121": 0, "112->123": 0, "123->112": 0, "110->124": 0, "124->110": 0, "124->125": 0, "125->124": 0, "125->126": 0, "126->125": 0, "125->127": 0, "127->125": 0, "124->128": 0, "128->124": 0, "128->129": 0, "129->128": 0, "129->130": 0, "130->129": 0, "129->131": 0, "131->129": 0, "131->132": 0, "132->131": 0, "129->133": 0, "133->129": 0, "133->134": 0, "134->133": 0, "129->135": 0, "135->129": 0, "124->136": 0, "136->124": 0, "136->137": 0, "137->136": 0, "137->138": 0, "138->137": 0, "137->139": 0, "139->137": 0, "110->140": 0, "140->110": 0, "140->141": 0, "141->140": 0, "141->142": 0, "142->141": 0, "141->143": 0, "143->141": 0, "140->144": 0, "144->140": 0, "144->145": 0, "145->144": 0, "145->146": 0, "146->145": 0, "145->147": 0, "147->145": 0, "147->148": 0, "148->147": 0, "145->149": 0, "149->145": 0, "149->150": 0, "150->149": 0, "145->151": 0, "151->145": 0, "140->152": 0, "152->140": 0, "152->153": 0, "153->152": 0, "153->154": 0, "154->153": 0, "154->155": 0, "155->154": 0, "153->156": 0, "156->153": 0, "58->157": 0, "157->58": 0, "157->158": 0, "158->157": 0, "158->159": 0, "159->158": 0, "157->160": 0, "160->157": 0, "157->161": 0, "161->157": 0, "161->162": 0, "162->161": 0, "162->163": 0, "163->162": 0, "162->164": 0, "164->162": 0, "164->165": 0, "165->164": 0, "164->166": 0, "166->164": 0, "166->167": 0, "167->166": 0, "161->168": 0, "168->161": 0, "157->169": 0, "169->157": 0, "169->170": 0, "170->169": 0, "170->171": 0, "171->170": 0, "169->172": 0, "172->169": 0, "172->173": 0, "173->172": 0, "172->174": 0, "174->172": 0, "174->175": 0, "175->174": 0, "174->176": 0, "176->174": 0, "157->177": 0, "177->157": 0, "177->178": 0, "178->177": 0, "178->179": 0, "179->178": 0, "178->180": 0, "180->178": 0, "180->181": 0, "181->180": 0, "180->182": 0, "182->180": 0, "182->183": 0, "183->182": 0, "182->184": 0, "184->182": 0, "184->185": 0, "185->184": 0, "177->186": 0, "186->177": 0, "186->187": 0, "187->186": 0, "157->188": 0, "188->157": 0, "188->189": 0, "189->188": 0, "189->190": 0, "190->189": 0, "188->191": 0, "191->188": 0, "191->192": 0, "192->191": 0, "191->193": 0, "193->191": 0, "193->194": 0, "194->193": 0, "194->195": 0, "195->194": 0, "157->196": 0, "196->157": 0, "196->197": 0, "197->196": 0, "197->198": 0, "198->197": 0, "197->199": 0, "199->197": 0, "199->200": 0, "200->199": 0, "197->201": 0, "201->197": 0, "201->202": 0, "202->201": 0, "196->203": 0, "203->196": 0, "203->204": 0, "204->203": 0, "204->205": 0, "205->204": 0, "205->206": 0, "206->205": 0, "206->207": 0, "207->206": 0, "206->208": 0, "208->206": 0, "205->209": 0, "209->205": 0, "209->210": 0, "210->209": 0, "210->211": 0, "211->210": 0, "209->212": 0, "212->209": 0, "212->213": 0, "213->212": 0, "205->214": 0, "214->205": 0, "203->215": 0, "215->203": 0, "215->216": 0, "216->215": 0, "216->217": 0, "217->216": 0, "216->218": 0, "218->216": 0, "218->219": 0, "219->218": 0, "216->220": 0, "220->216": 0, "203->221": 0, "221->203": 0, "221->222": 0, "222->221": 0, "222->223": 0, "223->222": 0, "223->224": 0, "224->223": 0, "222->225": 0, "225->222": 0, "225->226": 0, "226->225": 0, "222->227": 0, "227->222": 0, "196->228": 0, "228->196": 0, "228->229": 0, "229->228": 0, "229->230": 0, "230->229": 0, "229->231": 0, "231->229": 0, "231->232": 0, "232->231": 0, "229->233": 0, "233->229": 0, "233->234": 0, "234->233": 0, "233->235": 0, "235->233": 0, "235->236": 0, "236->235": 0, "235->237": 0, "237->235": 0, "237->238": 0, "238->237": 0, "237->239": 0, "239->237": 0, "239->240": 0, "240->239": 0, "239->241": 0, "241->239": 0, "241->242": 0, "242->241": 0, "228->243": 0, "243->228": 0, "243->244": 0, "244->243": 0, "244->245": 0, "245->244": 0, "245->246": 0, "246->245": 0, "245->247": 0, "247->245": 0, "247->248": 0, "248->247": 0, "245->249": 0, "249->245": 0, "249->250": 0, "250->249": 0, "245->251": 0, "251->245": 0, "243->252": 0, "252->243": 0, "252->253": 0, "253->252": 0, "253->254": 0, "254->253": 0, "253->255": 0, "255->253": 0, "243->256": 0, "256->243": 0, "228->257": 0, "257->228": 0, "257->258": 0, "258->257": 0, "258->259": 0, "259->258": 0, "258->260": 0, "260->258": 0, "260->261": 0, "261->260": 0, "258->262": 0, "262->258": 0, "262->263": 0, "263->262": 0, "262->264": 0, "264->262": 0, "264->265": 0, "265->264": 0, "264->266": 0, "266->264": 0, "266->267": 0, "267->266": 0, "266->268": 0, "268->266": 0, "268->269": 0, "269->268": 0, "257->270": 0, "270->257": 0, "270->271": 0, "271->270": 0, "271->272": 0, "272->271": 0, "272->273": 0, "273->272": 0, "272->274": 0, "274->272": 0, "274->275": 0, "275->274": 0, "272->276": 0, "276->272": 0, "276->277": 0, "277->276": 0, "272->278": 0, "278->272": 0, "270->279": 0, "279->270": 0, "279->280": 0, "280->279": 0, "280->281": 0, "281->280": 0, "281->282": 0, "282->281": 0, "280->283": 0, "283->280": 0, "283->284": 0, "284->283": 0, "283->285": 0, "285->283": 0, "280->286": 0, "286->280": 0, "270->287": 0, "287->270": 0, "287->288": 0, "288->287": 0, "288->289": 0, "289->288": 0, "289->290": 0, "290->289": 0, "288->291": 0, "291->288": 0, "291->292": 0, "292->291": 0, "292->293": 0, "293->292": 0, "292->294": 0, "294->292": 0, "294->295": 0, "295->294": 0, "294->296": 0, "296->294": 0, "296->297": 0, "297->296": 0, "296->298": 0, "298->296": 0, "298->299": 0, "299->298": 0, "291->300": 0, "300->291": 0, "300->301": 0, "301->300": 0, "288->302": 0, "302->288": 0, "257->303": 0, "303->257": 0, "303->304": 0, "304->303": 0, "304->305": 0, "305->304": 0, "305->306": 0, "306->305": 0, "305->307": 0, "307->305": 0, "307->308": 0, "308->307": 0, "305->309": 0, "309->305": 0, "309->310": 0, "310->309": 0, "305->311": 0, "311->305": 0, "303->312": 0, "312->303": 0, "312->313": 0, "313->312": 0, "313->314": 0, "314->313": 0, "314->315": 0, "315->314": 0, "313->316": 0, "316->313": 0, "316->317": 0, "317->316": 0, "316->318": 0, "318->316": 0, "313->319": 0, "319->313": 0, "303->320": 0, "320->303": 0, "320->321": 0, "321->320": 0, "321->322": 0, "322->321": 0, "322->323": 0, "323->322": 0, "321->324": 0, "324->321": 0, "324->325": 0, "325->324": 0, "325->326": 0, "326->325": 0, "325->327": 0, "327->325": 0, "327->328": 0, "328->327": 0, "327->329": 0, "329->327": 0, "329->330": 0, "330->329": 0, "329->331": 0, "331->329": 0, "331->332": 0, "332->331": 0, "324->333": 0, "333->324": 0, "333->334": 0, "334->333": 0, "333->335": 0, "335->333": 0, "324->336": 0, "336->324": 0, "336->337": 0, "337->336": 0, "336->338": 0, "338->336": 0, "321->339": 0, "339->321": 0, "157->340": 0, "340->157": 0, "340->341": 0, "341->340": 0, "341->342": 0, "342->341": 0, "342->343": 0, "343->342": 0, "342->344": 0, "344->342": 0, "344->345": 0, "345->344": 0, "342->346": 0, "346->342": 0, "346->347": 0, "347->346": 0, "342->348": 0, "348->342": 0, "348->349": 0, "349->348": 0, "342->350": 0, "350->342": 0, "350->351": 0, "351->350": 0, "342->352": 0, "352->342": 0, "340->353": 0, "353->340": 0, "353->354": 0, "354->353": 0, "354->355": 0, "355->354": 0, "354->356": 0, "356->354": 0, "353->357": 0, "357->353": 0, "357->358": 0, "358->357": 0, "358->359": 0, "359->358": 0, "358->360": 0, "360->358": 0, "360->361": 0, "361->360": 0, "358->362": 0, "362->358": 0, "362->363": 0, "363->362": 0, "358->364": 0, "364->358": 0, "353->365": 0, "365->353": 0, "365->366": 0, "366->365": 0, "366->367": 0, "367->366": 0, "366->368": 0, "368->366": 0, "1->3": 1, "3->1": 12, "3->20": 1, "20->3": 12, "20->21": 1, "21->20": 12, "21->37": 1, "37->21": 12, "37->43": 1, "43->37": 12, "43->57": 1, "57->43": 12, "4->5": 1, "5->4": 12, "6->7": 1, "7->6": 12, "8->9": 1, "9->8": 12, "10->11": 1, "11->10": 12, "12->13": 1, "13->12": 12, "15->16": 1, "16->15": 12, "17->18": 1, "18->17": 12, "22->24": 1, "24->22": 12, "24->36": 1, "36->24": 12, "25->26": 1, "26->25": 12, "27->28": 1, "28->27": 12, "29->30": 1, "30->29": 12, "31->32": 1, "32->31": 12, "33->34": 1, "34->33": 12, "38->40": 1, "40->38": 12, "40->42": 1, "42->40": 12, "44->46": 1, "46->44": 12, "46->54": 1, "54->46": 12, "47->48": 1, "48->47": 12, "49->50": 1, "50->49": 12, "51->52": 1, "52->51": 12, "55->56": 2, "56->55": 3, "59->76": 1, "76->59": 12, "76->157": 1, "157->76": 12, "60->61": 1, "61->60": 12, "62->63": 1, "63->62": 12, "64->65": 1, "65->64": 12, "66->67": 1, "67->66": 12, "68->69": 1, "69->68": 12, "71->72": 1, "72->71": 12, "73->74": 1, "74->73": 12, "77->79": 1, "79->77": 12, "79->80": 1, "80->79": 12, "80->88": 1, "88->80": 12, "88->96": 1, "96->88": 12, "96->104": 1, "104->96": 12, "104->110": 1, "110->104": 12, "81->87": 1, "87->81": 12, "82->83": 1, "83->82": 12, "84->85": 1, "85->84": 12, "89->91": 1, "91->89": 12, "92->93": 1, "93->92": 12, "98->101": 1, "101->98": 12, "101->103": 1, "103->101": 12, "99->100": 2, "100->99": 3, "106->107": 1, "107->106": 12, "107->109": 1, "109->107": 12, "111->124": 1, "124->111": 12, "124->140": 1, "140->124": 12, "113->114": 1, "114->113": 12, "114->116": 1, "116->114": 12, "116->118": 1, "118->116": 12, "118->121": 1, "121->118": 12, "121->123": 1, "123->121": 12, "119->120": 2, "120->119": 3, "125->128": 1, "128->125": 12, "128->136": 1, "136->128": 12, "126->127": 2, "127->126": 3, "130->131": 1, "131->130": 12, "131->133": 1, "133->131": 12, "133->135": 1, "135->133": 12, "138->139": 2, "139->138": 3, "141->144": 1, "144->141": 12, "144->152": 1, "152->144": 12, "142->143": 2, "143->142": 3, "146->147": 1, "147->146": 12, "147->149": 1, "149->147": 12, "149->151": 1, "151->149": 12, "154->156": 1, "156->154": 12, "158->160": 1, "160->158": 12, "160->161": 1, "161->160": 12, "161->169": 1, "169->161": 12, "169->177": 1, "177->169": 12, "177->188": 1, "188->177": 12, "188->196": 1, "196->188": 12, "196->340": 1, "340->196": 12, "162->168": 1, "168->162": 12, "163->164": 1, "164->163": 12, "165->166": 1, "166->165": 12, "170->172": 1, "172->170": 12, "173->174": 1, "174->173": 12, "175->176": 2, "176->175": 3, "178->186": 1, "186->178": 12, "179->180": 1, "180->179": 12, "181->182": 1, "182->181": 12, "183->184": 1, "184->183": 12, "189->191": 1, "191->189": 12, "192->193": 1, "193->192": 12, "197->203": 6, "203->197": 6, "203->228": 1, "228->203": 12, "198->199": 1, "199->198": 12, "199->201": 1, "201->199": 12, "204->215": 10, "215->204": 11, "215->221": 10, "221->215": 11, "206->209": 1, "209->206": 12, "209->214": 1, "214->209": 12, "207->208": 2, "208->207": 3, "210->212": 1, "212->210": 12, "217->218": 1, "218->217": 12, "218->220": 1, "220->218": 12, "223->225": 1, "225->223": 12, "225->227": 1, "227->225": 12, "229->243": 6, "243->229": 6, "243->257": 1, "257->243": 12, "230->231": 1, "231->230": 12, "231->233": 1, "233->231": 12, "234->235": 1, "235->234": 12, "236->237": 1, "237->236": 12, "238->239": 1, "239->238": 12, "240->241": 1, "241->240": 12, "244->252": 10, "252->244": 11, "252->256": 10, "256->252": 11, "246->247": 1, "247->246": 12, "247->249": 1, "249->247": 12, "249->251": 1, "251->249": 12, "254->255": 2, "255->254": 3, "258->270": 6, "270->258": 6, "270->303": 1, "303->270": 12, "259->260": 1, "260->259": 12, "260->262": 1, "262->260": 12, "263->264": 1, "264->263": 12, "265->266": 1, "266->265": 12, "267->268": 1, "268->267": 12, "271->279": 10, "279->271": 11, "279->287": 10, "287->279": 11, "273->274": 1, "274->273": 12, "274->276": 1, "276->274": 12, "276->278": 1, "278->276": 12, "281->283": 1, "283->281": 12, "283->286": 1, "286->283": 12, "284->285": 2, "285->284": 3, "289->291": 1, "291->289": 12, "291->302": 1, "302->291": 12, "292->300": 1, "300->292": 12, "293->294": 1, "294->293": 12, "295->296": 1, "296->295": 12, "297->298": 1, "298->297": 12, "304->312": 10, "312->304": 11, "312->320": 10, "320->312": 11, "306->307": 1, "307->306": 12, "307->309": 1, "309->307": 12, "309->311": 1, "311->309": 12, "314->316": 1, "316->314": 12, "316->319": 1, "319->316": 12, "317->318": 2, "318->317": 3, "322->324": 1, "324->322": 12, "324->339": 1, "339->324": 12, "325->333": 1, "333->325": 12, "333->336": 1, "336->333": 12, "326->327": 1, "327->326": 12, "328->329": 1, "329->328": 12, "330->331": 1, "331->330": 12, "334->335": 2, "335->334": 3, "337->338": 2, "338->337": 3, "341->353": 1, "353->341": 12, "343->344": 1, "344->343": 12, "344->346": 1, "346->344": 12, "346->348": 1, "348->346": 12, "348->350": 1, "350->348": 12, "350->352": 1, "352->350": 12, "354->357": 1, "357->354": 12, "357->365": 1, "365->357": 12, "355->356": 2, "356->355": 3, "359->360": 1, "360->359": 12, "360->362": 1, "362->360": 12, "362->364": 1, "364->362": 12, "367->368": 2, "368->367": 3, "197->228": 7, "228->197": 7, "229->257": 7, "257->229": 7, "258->303": 7, "303->258": 7, "2->4": 2, "4->2": 3, "4->6": 2, "6->4": 3, "6->8": 2, "8->6": 3, "8->10": 2, "10->8": 3, "10->12": 2, "12->10": 3, "12->15": 2, "15->12": 3, "15->17": 2, "17->15": 3, "17->19": 2, "19->17": 3, "19->20": 2, "20->19": 3, "20->23": 2, "23->20": 3, "23->25": 2, "25->23": 3, "25->27": 2, "27->25": 3, "27->29": 2, "29->27": 3, "29->31": 2, "31->29": 3, "31->33": 2, "33->31": 3, "33->35": 2, "35->33": 3, "35->36": 2, "36->35": 3, "36->39": 2, "39->36": 3, "39->41": 2, "41->39": 3, "41->42": 2, "42->41": 3, "42->45": 2, "45->42": 3, "45->47": 2, "47->45": 3, "47->49": 2, "49->47": 3, "49->51": 2, "51->49": 3, "51->53": 2, "53->51": 3, "53->55": 2, "55->53": 3, "56->60": 2, "60->56": 3, "60->62": 2, "62->60": 3, "62->64": 2, "64->62": 3, "64->66": 2, "66->64": 3, "66->68": 2, "68->66": 3, "68->71": 2, "71->68": 3, "71->73": 2, "73->71": 3, "73->75": 2, "75->73": 3, "75->78": 2, "78->75": 3, "78->79": 2, "79->78": 3, "79->82": 2, "82->79": 3, "82->84": 2, "84->82": 3, "84->86": 2, "86->84": 3, "86->87": 2, "87->86": 3, "87->90": 2, "90->87": 3, "90->92": 2, "92->90": 3, "92->95": 2, "95->92": 3, "95->99": 2, "99->95": 3, "100->102": 2, "102->100": 3, "102->103": 2, "103->102": 3, "103->106": 2, "106->103": 3, "106->108": 2, "108->106": 3, "108->109": 2, "109->108": 3, "109->113": 2, "113->109": 3, "113->115": 2, "115->113": 3, "115->117": 2, "117->115": 3, "117->119": 2, "119->117": 3, "120->122": 2, "122->120": 3, "122->123": 2, "123->122": 3, "123->126": 2, "126->123": 3, "127->130": 2, "130->127": 3, "130->132": 2, "132->130": 3, "132->134": 2, "134->132": 3, "134->135": 2, "135->134": 3, "135->138": 2, "138->135": 3, "139->142": 2, "142->139": 3, "143->146": 2, "146->143": 3, "146->148": 2, "148->146": 3, "148->150": 2, "150->148": 3, "150->151": 2, "151->150": 3, "151->155": 2, "155->151": 3, "155->156": 2, "156->155": 3, "156->159": 2, "159->156": 3, "159->160": 2, "160->159": 3, "160->163": 2, "163->160": 3, "163->165": 2, "165->163": 3, "165->167": 2, "167->165": 3, "167->168": 2, "168->167": 3, "168->171": 2, "171->168": 3, "171->173": 2, "173->171": 3, "173->175": 2, "175->173": 3, "176->179": 2, "179->176": 3, "179->181": 2, "181->179": 3, "181->183": 2, "183->181": 3, "183->185": 2, "185->183": 3, "185->187": 2, "187->185": 3, "187->190": 2, "190->187": 3, "190->192": 2, "192->190": 3, "192->195": 2, "195->192": 3, "195->198": 2, "198->195": 3, "198->200": 2, "200->198": 3, "200->202": 2, "202->200": 3, "202->207": 2, "207->202": 3, "208->211": 2, "211->208": 3, "211->213": 2, "213->211": 3, "213->214": 2, "214->213": 3, "214->217": 2, "217->214": 3, "217->219": 2, "219->217": 3, "219->220": 2, "220->219": 3, "220->224": 2, "224->220": 3, "224->226": 2, "226->224": 3, "226->227": 2, "227->226": 3, "227->230": 2, "230->227": 3, "230->232": 2, "232->230": 3, "232->234": 2, "234->232": 3, "234->236": 2, "236->234": 3, "236->238": 2, "238->236": 3, "238->240": 2, "240->238": 3, "240->242": 2, "242->240": 3, "242->246": 2, "246->242": 3, "246->248": 2, "248->246": 3, "248->250": 2, "250->248": 3, "250->251": 2, "251->250": 3, "251->254": 2, "254->251": 3, "255->256": 2, "256->255": 3, "256->259": 2, "259->256": 3, "259->261": 2, "261->259": 3, "261->263": 2, "263->261": 3, "263->265": 2, "265->263": 3, "265->267": 2, "267->265": 3, "267->269": 2, "269->267": 3, "269->273": 2, "273->269": 3, "273->275": 2, "275->273": 3, "275->277": 2, "277->275": 3, "277->278": 2, "278->277": 3, "278->282": 2, "282->278": 3, "282->284": 2, "284->282": 3, "285->286": 2, "286->285": 3, "286->290": 2, "290->286": 3, "290->293": 2, "293->290": 3, "293->295": 2, "295->293": 3, "295->297": 2, "297->295": 3, "297->299": 2, "299->297": 3, "299->301": 2, "301->299": 3, "301->302": 2, "302->301": 3, "302->306": 2, "306->302": 3, "306->308": 2, "308->306": 3, "308->310": 2, "310->308": 3, "310->311": 2, "311->310": 3, "311->315": 2, "315->311": 3, "315->317": 2, "317->315": 3, "318->319": 2, "319->318": 3, "319->323": 2, "323->319": 3, "323->326": 2, "326->323": 3, "326->328": 2, "328->326": 3, "328->330": 2, "330->328": 3, "330->332": 2, "332->330": 3, "332->334": 2, "334->332": 3, "335->337": 2, "337->335": 3, "338->339": 2, "339->338": 3, "339->343": 2, "343->339": 3, "343->345": 2, "345->343": 3, "345->347": 2, "347->345": 3, "347->349": 2, "349->347": 3, "349->351": 2, "351->349": 3, "351->352": 2, "352->351": 3, "352->355": 2, "355->352": 3, "356->359": 2, "359->356": 3, "359->361": 2, "361->359": 3, "361->363": 2, "363->361": 3, "363->364": 2, "364->363": 3, "364->367": 2, "367->364": 3, "115->345": 4, "345->115": 5, "117->226": 4, "226->117": 5, "120->176": 4, "176->120": 5, "122->351": 4, "351->122": 5, "134->150": 4, "150->134": 5, "150->155": 4, "155->150": 5, "155->200": 4, "200->155": 5, "200->213": 4, "213->200": 5, "213->232": 4, "232->213": 5, "232->250": 4, "250->232": 5, "250->261": 4, "261->250": 5, "261->277": 4, "277->261": 5, "277->301": 4, "301->277": 5, "301->310": 4, "310->301": 5, "224->290": 4, "290->224": 5, "290->323": 4, "323->290": 5, "323->347": 4, "347->323": 5, "282->315": 4, "315->282": 5, "315->349": 4, "349->315": 5, "285->318": 4, "318->285": 5}, "metrics": [54.0, 4.0, 2.0]}