{"nodelist": ["MethodDeclaration", "{'static', 'public'}", "static", "public", "BasicType", "int", "compareRows", "FormalParameter", "BasicType", "byte", "left", "FormalParameter", "BasicType", "int", "loffset", "FormalParameter", "BasicType", "int", "llength", "FormalParameter", "BasicType", "byte", "right", "FormalParameter", "BasicType", "int", "roffset", "FormalParameter", "BasicType", "int", "rlength", "ReturnStatement", "MethodInvocation", "Bytes", "MemberReference", "left", "MemberReference", "loffset", "MemberReference", "llength", "MemberReference", "right", "MemberReference", "roffset", "MemberReference", "rlength", "compareTo"], "nodes": {"0": "MethodDeclaration", "1": "Modifier", "2": "static", "3": "public", "4": "BasicType", "5": "int", "6": "compareRows", "7": "FormalParameter", "8": "BasicType", "9": "byte", "10": "left", "11": "FormalParameter", "12": "BasicType", "13": "int", "14": "loffset", "15": "FormalParameter", "16": "BasicType", "17": "int", "18": "llength", "19": "FormalParameter", "20": "BasicType", "21": "byte", "22": "right", "23": "FormalParameter", "24": "BasicType", "25": "int", "26": "roffset", "27": "FormalParameter", "28": "BasicType", "29": "int", "30": "rlength", "31": "ReturnStatement", "32": "MethodInvocation", "33": "Bytes", "34": "MemberReference", "35": "left", "36": "MemberReference", "37": "loffset", "38": "MemberReference", "39": "llength", "40": "MemberReference", "41": "right", "42": "MemberReference", "43": "roffset", "44": "MemberReference", "45": "rlength", "46": "compareTo"}, "edges": {"0->1": 0, "1->0": 0, "1->2": 0, "2->1": 0, "1->3": 0, "3->1": 0, "0->4": 0, "4->0": 0, "4->5": 0, "5->4": 0, "0->6": 0, "6->0": 0, "0->7": 0, "7->0": 0, "7->8": 0, "8->7": 0, "8->9": 0, "9->8": 0, "7->10": 0, "10->7": 0, "0->11": 0, "11->0": 0, "11->12": 0, "12->11": 0, "12->13": 0, "13->12": 0, "11->14": 0, "14->11": 0, "0->15": 0, "15->0": 0, "15->16": 0, "16->15": 0, "16->17": 0, "17->16": 0, "15->18": 0, "18->15": 0, "0->19": 0, "19->0": 0, "19->20": 0, "20->19": 0, "20->21": 0, "21->20": 0, "19->22": 0, "22->19": 0, "0->23": 0, "23->0": 0, "23->24": 0, "24->23": 0, "24->25": 0, "25->24": 0, "23->26": 0, "26->23": 0, "0->27": 0, "27->0": 0, "27->28": 0, "28->27": 0, "28->29": 0, "29->28": 0, "27->30": 0, "30->27": 0, "0->31": 0, "31->0": 0, "31->32": 0, "32->31": 0, "32->33": 0, "33->32": 0, "32->34": 0, "34->32": 0, "34->35": 0, "35->34": 0, "32->36": 0, "36->32": 0, "36->37": 0, "37->36": 0, "32->38": 0, "38->32": 0, "38->39": 0, "39->38": 0, "32->40": 0, "40->32": 0, "40->41": 0, "41->40": 0, "32->42": 0, "42->32": 0, "42->43": 0, "43->42": 0, "32->44": 0, "44->32": 0, "44->45": 0, "45->44": 0, "32->46": 0, "46->32": 0, "1->4": 1, "4->1": 12, "4->6": 1, "6->4": 12, "6->7": 1, "7->6": 12, "7->11": 1, "11->7": 12, "11->15": 1, "15->11": 12, "15->19": 1, "19->15": 12, "19->23": 1, "23->19": 12, "23->27": 1, "27->23": 12, "27->31": 1, "31->27": 12, "2->3": 2, "3->2": 3, "8->10": 1, "10->8": 12, "12->14": 1, "14->12": 12, "16->18": 1, "18->16": 12, "20->22": 1, "22->20": 12, "24->26": 1, "26->24": 12, "28->30": 1, "30->28": 12, "33->34": 1, "34->33": 12, "34->36": 1, "36->34": 12, "36->38": 1, "38->36": 12, "38->40": 1, "40->38": 12, "40->42": 1, "42->40": 12, "42->44": 1, "44->42": 12, "44->46": 1, "46->44": 12, "3->5": 2, "5->3": 3, "5->6": 2, "6->5": 3, "6->9": 2, "9->6": 3, "9->10": 2, "10->9": 3, "10->13": 2, "13->10": 3, "13->14": 2, "14->13": 3, "14->17": 2, "17->14": 3, "17->18": 2, "18->17": 3, "18->21": 2, "21->18": 3, "21->22": 2, "22->21": 3, "22->25": 2, "25->22": 3, "25->26": 2, "26->25": 3, "26->29": 2, "29->26": 3, "29->30": 2, "30->29": 3, "30->33": 2, "33->30": 3, "33->35": 2, "35->33": 3, "35->37": 2, "37->35": 3, "37->39": 2, "39->37": 3, "39->41": 2, "41->39": 3, "41->43": 2, "43->41": 3, "43->45": 2, "45->43": 3, "45->46": 2, "46->45": 3}, "metrics": [3.0, 1.0, 6.0]}