{"nodelist": ["MethodDeclaration", "{'public'}", "public", "BasicType", "int", "scannerOpenTs", "FormalParameter", "BasicType", "byte", "tableName", "FormalParameter", "BasicType", "byte", "startRow", "FormalParameter", "ReferenceType", "List", "TypeArgument", "BasicType", "byte", "columns", "FormalParameter", "BasicType", "long", "timestamp", "IOError", "TException", "IfStatement", "MethodInvocation", "LOG", "isDebugEnabled", "BlockStatement", "StatementExpression", "MethodInvocation", "LOG", "BinaryOperation", "+", "BinaryOperation", "+", "BinaryOperation", "+", "BinaryOperation", "+", "BinaryOperation", "+", "BinaryOperation", "+", "BinaryOperation", "+", "Literal", "\"scannerOpen: table=\"", "ClassCreator", "ReferenceType", "String", "MethodInvocation", "MemberReference", "tableName", "getText", "Literal", "\", start=\"", "ClassCreator", "ReferenceType", "String", "MethodInvocation", "MemberReference", "startRow", "getText", "Literal", "\", columns=\"", "MethodInvocation", "columns", "toString", "Literal", "\", timestamp=\"", "MemberReference", "timestamp", "debug", "TryStatement", "LocalVariableDeclaration", "ReferenceType", "HTable", "VariableDeclarator", "table", "MethodInvocation", "MemberReference", "tableName", "getTable", "LocalVariableDeclaration", "BasicType", "byte", "VariableDeclarator", "columnsText", "ArrayCreator", "BasicType", "byte", "MethodInvocation", "columns", "size", "ForStatement", "ForControl", "VariableDeclaration", "BasicType", "int", "VariableDeclarator", "i", "Literal", "0", "BinaryOperation", "<", "MemberReference", "i", "MethodInvocation", "columns", "size", "MemberReference", "++", "i", "BlockStatement", "StatementExpression", "Assignment", "MemberReference", "ArraySelector", "MemberReference", "i", "columnsText", "MethodInvocation", "MethodInvocation", "columns", "MemberReference", "i", "get", "getText", "=", "LocalVariableDeclaration", "ReferenceType", "Scanner", "VariableDeclarator", "scanner", "MethodInvocation", "table", "MemberReference", "columnsText", "MethodInvocation", "MemberReference", "startRow", "getText", "MemberReference", "timestamp", "getScanner", "ReturnStatement", "MethodInvocation", "MemberReference", "scanner", "addScanner", "CatchClause", "CatchClauseParameter", "IOException", "e", "ThrowStatement", "ClassCreator", "ReferenceType", "IOError", "MethodInvocation", "e", "getMessage"], "nodes": {"0": "MethodDeclaration", "1": "Modifier", "2": "public", "3": "BasicType", "4": "int", "5": "scannerOpenTs", "6": "FormalParameter", "7": "BasicType", "8": "byte", "9": "tableName", "10": "FormalParameter", "11": "BasicType", "12": "byte", "13": "startRow", "14": "FormalParameter", "15": "ReferenceType", "16": "List", "17": "TypeArgument", "18": "BasicType", "19": "byte", "20": "columns", "21": "FormalParameter", "22": "BasicType", "23": "long", "24": "timestamp", "25": "IOError", "26": "TException", "27": "IfStatement", "28": "MethodInvocation", "29": "LOG", "30": "isDebugEnabled", "31": "BlockStatement", "32": "StatementExpression", "33": "MethodInvocation", "34": "LOG", "35": "BinaryOperation", "36": "+", "37": "BinaryOperation", "38": "+", "39": "BinaryOperation", "40": "+", "41": "BinaryOperation", "42": "+", "43": "BinaryOperation", "44": "+", "45": "BinaryOperation", "46": "+", "47": "BinaryOperation", "48": "+", "49": "Literal", "50": "\"scannerOpen: table=\"", "51": "ClassCreator", "52": "ReferenceType", "53": "String", "54": "MethodInvocation", "55": "MemberReference", "56": "tableName", "57": "getText", "58": "Literal", "59": "\", start=\"", "60": "ClassCreator", "61": "ReferenceType", "62": "String", "63": "MethodInvocation", "64": "MemberReference", "65": "startRow", "66": "getText", "67": "Literal", "68": "\", columns=\"", "69": "MethodInvocation", "70": "columns", "71": "toString", "72": "Literal", "73": "\", timestamp=\"", "74": "MemberReference", "75": "timestamp", "76": "debug", "77": "TryStatement", "78": "LocalVariableDeclaration", "79": "ReferenceType", "80": "HTable", "81": "VariableDeclarator", "82": "table", "83": "MethodInvocation", "84": "MemberReference", "85": "tableName", "86": "getTable", "87": "LocalVariableDeclaration", "88": "BasicType", "89": "byte", "90": "VariableDeclarator", "91": "columnsText", "92": "ArrayCreator", "93": "BasicType", "94": "byte", "95": "MethodInvocation", "96": "columns", "97": "size", "98": "ForStatement", "99": "ForControl", "100": "VariableDeclaration", "101": "BasicType", "102": "int", "103": "VariableDeclarator", "104": "i", "105": "Literal", "106": "0", "107": "BinaryOperation", "108": "<", "109": "MemberReference", "110": "i", "111": "MethodInvocation", "112": "columns", "113": "size", "114": "MemberReference", "115": "++", "116": "i", "117": "BlockStatement", "118": "StatementExpression", "119": "Assignment", "120": "MemberReference", "121": "ArraySelector", "122": "MemberReference", "123": "i", "124": "columnsText", "125": "MethodInvocation", "126": "MethodInvocation", "127": "columns", "128": "MemberReference", "129": "i", "130": "get", "131": "getText", "132": "=", "133": "LocalVariableDeclaration", "134": "ReferenceType", "135": "Scanner", "136": "VariableDeclarator", "137": "scanner", "138": "MethodInvocation", "139": "table", "140": "MemberReference", "141": "columnsText", "142": "MethodInvocation", "143": "MemberReference", "144": "startRow", "145": "getText", "146": "MemberReference", "147": "timestamp", "148": "getScanner", "149": "ReturnStatement", "150": "MethodInvocation", "151": "MemberReference", "152": "scanner", "153": "addScanner", "154": "CatchClause", "155": "CatchClauseParameter", "156": "IOException", "157": "e", "158": "ThrowStatement", "159": "ClassCreator", "160": "ReferenceType", "161": "IOError", "162": "MethodInvocation", "163": "e", "164": "getMessage"}, "edges": {"0->1": 0, "1->0": 0, "1->2": 0, "2->1": 0, "0->3": 0, "3->0": 0, "3->4": 0, "4->3": 0, "0->5": 0, "5->0": 0, "0->6": 0, "6->0": 0, "6->7": 0, "7->6": 0, "7->8": 0, "8->7": 0, "6->9": 0, "9->6": 0, "0->10": 0, "10->0": 0, "10->11": 0, "11->10": 0, "11->12": 0, "12->11": 0, "10->13": 0, "13->10": 0, "0->14": 0, "14->0": 0, "14->15": 0, "15->14": 0, "15->16": 0, "16->15": 0, "15->17": 0, "17->15": 0, "17->18": 0, "18->17": 0, "18->19": 0, "19->18": 0, "14->20": 0, "20->14": 0, "0->21": 0, "21->0": 0, "21->22": 0, "22->21": 0, "22->23": 0, "23->22": 0, "21->24": 0, "24->21": 0, "0->25": 0, "25->0": 0, "0->26": 0, "26->0": 0, "0->27": 0, "27->0": 0, "27->28": 0, "28->27": 0, "28->29": 0, "29->28": 0, "28->30": 0, "30->28": 0, "27->31": 0, "31->27": 0, "31->32": 0, "32->31": 0, "32->33": 0, "33->32": 0, "33->34": 0, "34->33": 0, "33->35": 0, "35->33": 0, "35->36": 0, "36->35": 0, "35->37": 0, "37->35": 0, "37->38": 0, "38->37": 0, "37->39": 0, "39->37": 0, "39->40": 0, "40->39": 0, "39->41": 0, "41->39": 0, "41->42": 0, "42->41": 0, "41->43": 0, "43->41": 0, "43->44": 0, "44->43": 0, "43->45": 0, "45->43": 0, "45->46": 0, "46->45": 0, "45->47": 0, "47->45": 0, "47->48": 0, "48->47": 0, "47->49": 0, "49->47": 0, "49->50": 0, "50->49": 0, "47->51": 0, "51->47": 0, "51->52": 0, "52->51": 0, "52->53": 0, "53->52": 0, "51->54": 0, "54->51": 0, "54->55": 0, "55->54": 0, "55->56": 0, "56->55": 0, "54->57": 0, "57->54": 0, "45->58": 0, "58->45": 0, "58->59": 0, "59->58": 0, "43->60": 0, "60->43": 0, "60->61": 0, "61->60": 0, "61->62": 0, "62->61": 0, "60->63": 0, "63->60": 0, "63->64": 0, "64->63": 0, "64->65": 0, "65->64": 0, "63->66": 0, "66->63": 0, "41->67": 0, "67->41": 0, "67->68": 0, "68->67": 0, "39->69": 0, "69->39": 0, "69->70": 0, "70->69": 0, "69->71": 0, "71->69": 0, "37->72": 0, "72->37": 0, "72->73": 0, "73->72": 0, "35->74": 0, "74->35": 0, "74->75": 0, "75->74": 0, "33->76": 0, "76->33": 0, "0->77": 0, "77->0": 0, "77->78": 0, "78->77": 0, "78->79": 0, "79->78": 0, "79->80": 0, "80->79": 0, "78->81": 0, "81->78": 0, "81->82": 0, "82->81": 0, "81->83": 0, "83->81": 0, "83->84": 0, "84->83": 0, "84->85": 0, "85->84": 0, "83->86": 0, "86->83": 0, "77->87": 0, "87->77": 0, "87->88": 0, "88->87": 0, "88->89": 0, "89->88": 0, "87->90": 0, "90->87": 0, "90->91": 0, "91->90": 0, "90->92": 0, "92->90": 0, "92->93": 0, "93->92": 0, "93->94": 0, "94->93": 0, "92->95": 0, "95->92": 0, "95->96": 0, "96->95": 0, "95->97": 0, "97->95": 0, "77->98": 0, "98->77": 0, "98->99": 0, "99->98": 0, "99->100": 0, "100->99": 0, "100->101": 0, "101->100": 0, "101->102": 0, "102->101": 0, "100->103": 0, "103->100": 0, "103->104": 0, "104->103": 0, "103->105": 0, "105->103": 0, "105->106": 0, "106->105": 0, "99->107": 0, "107->99": 0, "107->108": 0, "108->107": 0, "107->109": 0, "109->107": 0, "109->110": 0, "110->109": 0, "107->111": 0, "111->107": 0, "111->112": 0, "112->111": 0, "111->113": 0, "113->111": 0, "99->114": 0, "114->99": 0, "114->115": 0, "115->114": 0, "114->116": 0, "116->114": 0, "98->117": 0, "117->98": 0, "117->118": 0, "118->117": 0, "118->119": 0, "119->118": 0, "119->120": 0, "120->119": 0, "120->121": 0, "121->120": 0, "121->122": 0, "122->121": 0, "122->123": 0, "123->122": 0, "120->124": 0, "124->120": 0, "119->125": 0, "125->119": 0, "125->126": 0, "126->125": 0, "126->127": 0, "127->126": 0, "126->128": 0, "128->126": 0, "128->129": 0, "129->128": 0, "126->130": 0, "130->126": 0, "125->131": 0, "131->125": 0, "119->132": 0, "132->119": 0, "77->133": 0, "133->77": 0, "133->134": 0, "134->133": 0, "134->135": 0, "135->134": 0, "133->136": 0, "136->133": 0, "136->137": 0, "137->136": 0, "136->138": 0, "138->136": 0, "138->139": 0, "139->138": 0, "138->140": 0, "140->138": 0, "140->141": 0, "141->140": 0, "138->142": 0, "142->138": 0, "142->143": 0, "143->142": 0, "143->144": 0, "144->143": 0, "142->145": 0, "145->142": 0, "138->146": 0, "146->138": 0, "146->147": 0, "147->146": 0, "138->148": 0, "148->138": 0, "77->149": 0, "149->77": 0, "149->150": 0, "150->149": 0, "150->151": 0, "151->150": 0, "151->152": 0, "152->151": 0, "150->153": 0, "153->150": 0, "77->154": 0, "154->77": 0, "154->155": 0, "155->154": 0, "155->156": 0, "156->155": 0, "155->157": 0, "157->155": 0, "154->158": 0, "158->154": 0, "158->159": 0, "159->158": 0, "159->160": 0, "160->159": 0, "160->161": 0, "161->160": 0, "159->162": 0, "162->159": 0, "162->163": 0, "163->162": 0, "162->164": 0, "164->162": 0, "1->3": 1, "3->1": 12, "3->5": 1, "5->3": 12, "5->6": 1, "6->5": 12, "6->10": 1, "10->6": 12, "10->14": 1, "14->10": 12, "14->21": 1, "21->14": 12, "21->25": 1, "25->21": 12, "25->26": 2, "26->25": 3, "26->27": 1, "27->26": 12, "27->77": 1, "77->27": 12, "7->9": 1, "9->7": 12, "11->13": 1, "13->11": 12, "15->20": 1, "20->15": 12, "16->17": 1, "17->16": 12, "22->24": 1, "24->22": 12, "28->31": 6, "31->28": 6, "29->30": 2, "30->29": 3, "34->35": 1, "35->34": 12, "35->76": 1, "76->35": 12, "36->37": 1, "37->36": 12, "37->74": 1, "74->37": 12, "38->39": 1, "39->38": 12, "39->72": 1, "72->39": 12, "40->41": 1, "41->40": 12, "41->69": 1, "69->41": 12, "42->43": 1, "43->42": 12, "43->67": 1, "67->43": 12, "44->45": 1, "45->44": 12, "45->60": 1, "60->45": 12, "46->47": 1, "47->46": 12, "47->58": 1, "58->47": 12, "48->49": 1, "49->48": 12, "49->51": 1, "51->49": 12, "52->54": 1, "54->52": 12, "55->57": 1, "57->55": 12, "61->63": 1, "63->61": 12, "64->66": 1, "66->64": 12, "70->71": 2, "71->70": 3, "78->87": 1, "87->78": 12, "87->98": 1, "98->87": 12, "98->133": 1, "133->98": 12, "133->149": 1, "149->133": 12, "149->154": 1, "154->149": 12, "79->81": 1, "81->79": 12, "82->83": 1, "83->82": 12, "84->86": 1, "86->84": 12, "88->90": 1, "90->88": 12, "91->92": 1, "92->91": 12, "93->95": 1, "95->93": 12, "96->97": 2, "97->96": 3, "99->117": 9, "117->99": 9, "100->107": 1, "107->100": 12, "107->114": 1, "114->107": 12, "101->103": 1, "103->101": 12, "104->105": 1, "105->104": 12, "108->109": 1, "109->108": 12, "109->111": 1, "111->109": 12, "112->113": 2, "113->112": 3, "115->116": 2, "116->115": 3, "120->125": 1, "125->120": 12, "125->132": 1, "132->125": 12, "121->124": 1, "124->121": 12, "126->131": 1, "131->126": 12, "127->128": 1, "128->127": 12, "128->130": 1, "130->128": 12, "134->136": 1, "136->134": 12, "137->138": 1, "138->137": 12, "139->140": 1, "140->139": 12, "140->142": 1, "142->140": 12, "142->146": 1, "146->142": 12, "146->148": 1, "148->146": 12, "143->145": 1, "145->143": 12, "151->153": 1, "153->151": 12, "155->158": 1, "158->155": 12, "156->157": 2, "157->156": 3, "160->162": 1, "162->160": 12, "163->164": 2, "164->163": 3, "2->4": 2, "4->2": 3, "4->5": 2, "5->4": 3, "5->8": 2, "8->5": 3, "8->9": 2, "9->8": 3, "9->12": 2, "12->9": 3, "12->13": 2, "13->12": 3, "13->16": 2, "16->13": 3, "16->19": 2, "19->16": 3, "19->20": 2, "20->19": 3, "20->23": 2, "23->20": 3, "23->24": 2, "24->23": 3, "24->25": 2, "25->24": 3, "26->29": 2, "29->26": 3, "30->34": 2, "34->30": 3, "34->36": 2, "36->34": 3, "36->38": 2, "38->36": 3, "38->40": 2, "40->38": 3, "40->42": 2, "42->40": 3, "42->44": 2, "44->42": 3, "44->46": 2, "46->44": 3, "46->48": 2, "48->46": 3, "48->50": 2, "50->48": 3, "50->53": 2, "53->50": 3, "53->56": 2, "56->53": 3, "56->57": 2, "57->56": 3, "57->59": 2, "59->57": 3, "59->62": 2, "62->59": 3, "62->65": 2, "65->62": 3, "65->66": 2, "66->65": 3, "66->68": 2, "68->66": 3, "68->70": 2, "70->68": 3, "71->73": 2, "73->71": 3, "73->75": 2, "75->73": 3, "75->76": 2, "76->75": 3, "76->80": 2, "80->76": 3, "80->82": 2, "82->80": 3, "82->85": 2, "85->82": 3, "85->86": 2, "86->85": 3, "86->89": 2, "89->86": 3, "89->91": 2, "91->89": 3, "91->94": 2, "94->91": 3, "94->96": 2, "96->94": 3, "97->102": 2, "102->97": 3, "102->104": 2, "104->102": 3, "104->106": 2, "106->104": 3, "106->108": 2, "108->106": 3, "108->110": 2, "110->108": 3, "110->112": 2, "112->110": 3, "113->115": 2, "115->113": 3, "116->123": 4, "123->116": 5, "123->124": 2, "124->123": 3, "124->127": 2, "127->124": 3, "127->129": 2, "129->127": 3, "129->130": 2, "130->129": 3, "130->131": 2, "131->130": 3, "131->132": 2, "132->131": 3, "132->135": 2, "135->132": 3, "135->137": 2, "137->135": 3, "137->139": 2, "139->137": 3, "139->141": 2, "141->139": 3, "141->144": 2, "144->141": 3, "144->145": 2, "145->144": 3, "145->147": 2, "147->145": 3, "147->148": 2, "148->147": 3, "148->152": 2, "152->148": 3, "152->153": 2, "153->152": 3, "153->156": 2, "156->153": 3, "157->161": 2, "161->157": 3, "161->163": 2, "163->161": 3, "56->85": 4, "85->56": 5, "65->144": 4, "144->65": 5, "75->147": 4, "147->75": 5, "110->116": 4, "116->110": 5, "123->129": 4, "129->123": 5, "124->141": 4, "141->124": 5}, "metrics": [17.0, 3.0, 4.0]}