{"nodelist": ["MethodDeclaration", "{'public'}", "public", "Annotation", "Test", "testAccessControlClientGrantRevokeOnNamespace", "Exception", "LocalVariableDeclaration", "ReferenceType", "User", "VariableDeclarator", "testNS", "MethodInvocation", "User", "MemberReference", "conf", "Literal", "\"testNS\"", "ArrayCreator", "ReferenceType", "String", "Literal", "0", "createUserForTesting", "LocalVariableDeclaration", "ReferenceType", "AccessTestAction", "VariableDeclarator", "getAction", "ClassCreator", "ReferenceType", "AccessTestAction", "MethodDeclaration", "{'public'}", "public", "Annotation", "Override", "ReferenceType", "Object", "run", "Exception", "TryStatement", "TryResource", "ReferenceType", "Connection", "conn", "MethodInvocation", "ConnectionFactory", "MemberReference", "conf", "createConnection", "TryResource", "ReferenceType", "Table", "t", "MethodInvocation", "conn", "MemberReference", "TEST_TABLE", "getTable", "ReturnStatement", "MethodInvocation", "t", "ClassCreator", "ReferenceType", "Get", "MemberReference", "TEST_ROW", "get", "StatementExpression", "MethodInvocation", "MemberReference", "getAction", "MemberReference", "testNS", "verifyDenied", "LocalVariableDeclaration", "ReferenceType", "String", "VariableDeclarator", "userName", "MethodInvocation", "testNS", "getShortName", "LocalVariableDeclaration", "ReferenceType", "String", "VariableDeclarator", "namespace", "MethodInvocation", "TEST_TABLE", "getNamespaceAsString", "TryStatement", "StatementExpression", "MethodInvocation", "MemberReference", "TEST_UTIL", "MemberReference", "systemUserConnection", "MemberReference", "userName", "MemberReference", "namespace", "MemberReference", "Permission.Action", "READ", "grantOnNamespaceUsingAccessControlClient", "CatchClause", "CatchClauseParameter", "Throwable", "e", "StatementExpression", "MethodInvocation", "LOG", "Literal", "\"error during call of AccessControlClient.grant. \"", "MemberReference", "e", "error", "TryStatement", "StatementExpression", "MethodInvocation", "MemberReference", "getAction", "MemberReference", "testNS", "verifyAllowed", "TryStatement", "StatementExpression", "MethodInvocation", "MemberReference", "TEST_UTIL", "MemberReference", "systemUserConnection", "MemberReference", "userName", "MemberReference", "namespace", "MemberReference", "Permission.Action", "READ", "revokeFromNamespaceUsingAccessControlClient", "CatchClause", "CatchClauseParameter", "Throwable", "e", "StatementExpression", "MethodInvocation", "LOG", "Literal", "\"error during call of AccessControlClient.revoke \"", "MemberReference", "e", "error", "StatementExpression", "MethodInvocation", "MemberReference", "getAction", "MemberReference", "testNS", "verifyDenied", "StatementExpression", "MethodInvocation", "MemberReference", "TEST_UTIL", "MemberReference", "userName", "MemberReference", "namespace", "MemberReference", "Permission.Action", "READ", "revokeFromNamespace"], "nodes": {"0": "MethodDeclaration", "1": "Modifier", "2": "public", "3": "Annotation", "4": "Test", "5": "testAccessControlClientGrantRevokeOnNamespace", "6": "Exception", "7": "LocalVariableDeclaration", "8": "ReferenceType", "9": "User", "10": "VariableDeclarator", "11": "testNS", "12": "MethodInvocation", "13": "User", "14": "MemberReference", "15": "conf", "16": "Literal", "17": "\"testNS\"", "18": "ArrayCreator", "19": "ReferenceType", "20": "String", "21": "Literal", "22": "0", "23": "createUserForTesting", "24": "LocalVariableDeclaration", "25": "ReferenceType", "26": "AccessTestAction", "27": "VariableDeclarator", "28": "getAction", "29": "ClassCreator", "30": "ReferenceType", "31": "AccessTestAction", "32": "MethodDeclaration", "33": "Modifier", "34": "public", "35": "Annotation", "36": "Override", "37": "ReferenceType", "38": "Object", "39": "run", "40": "Exception", "41": "TryStatement", "42": "TryResource", "43": "ReferenceType", "44": "Connection", "45": "conn", "46": "MethodInvocation", "47": "ConnectionFactory", "48": "MemberReference", "49": "conf", "50": "createConnection", "51": "TryResource", "52": "ReferenceType", "53": "Table", "54": "t", "55": "MethodInvocation", "56": "conn", "57": "MemberReference", "58": "TEST_TABLE", "59": "getTable", "60": "ReturnStatement", "61": "MethodInvocation", "62": "t", "63": "ClassCreator", "64": "ReferenceType", "65": "Get", "66": "MemberReference", "67": "TEST_ROW", "68": "get", "69": "StatementExpression", "70": "MethodInvocation", "71": "MemberReference", "72": "getAction", "73": "MemberReference", "74": "testNS", "75": "verifyDenied", "76": "LocalVariableDeclaration", "77": "ReferenceType", "78": "String", "79": "VariableDeclarator", "80": "userName", "81": "MethodInvocation", "82": "testNS", "83": "getShortName", "84": "LocalVariableDeclaration", "85": "ReferenceType", "86": "String", "87": "VariableDeclarator", "88": "namespace", "89": "MethodInvocation", "90": "TEST_TABLE", "91": "getNamespaceAsString", "92": "TryStatement", "93": "StatementExpression", "94": "MethodInvocation", "95": "MemberReference", "96": "TEST_UTIL", "97": "MemberReference", "98": "systemUserConnection", "99": "MemberReference", "100": "userName", "101": "MemberReference", "102": "namespace", "103": "MemberReference", "104": "Permission.Action", "105": "READ", "106": "grantOnNamespaceUsingAccessControlClient", "107": "CatchClause", "108": "CatchClauseParameter", "109": "Throwable", "110": "e", "111": "StatementExpression", "112": "MethodInvocation", "113": "LOG", "114": "Literal", "115": "\"error during call of AccessControlClient.grant. \"", "116": "MemberReference", "117": "e", "118": "error", "119": "TryStatement", "120": "StatementExpression", "121": "MethodInvocation", "122": "MemberReference", "123": "getAction", "124": "MemberReference", "125": "testNS", "126": "verifyAllowed", "127": "TryStatement", "128": "StatementExpression", "129": "MethodInvocation", "130": "MemberReference", "131": "TEST_UTIL", "132": "MemberReference", "133": "systemUserConnection", "134": "MemberReference", "135": "userName", "136": "MemberReference", "137": "namespace", "138": "MemberReference", "139": "Permission.Action", "140": "READ", "141": "revokeFromNamespaceUsingAccessControlClient", "142": "CatchClause", "143": "CatchClauseParameter", "144": "Throwable", "145": "e", "146": "StatementExpression", "147": "MethodInvocation", "148": "LOG", "149": "Literal", "150": "\"error during call of AccessControlClient.revoke \"", "151": "MemberReference", "152": "e", "153": "error", "154": "StatementExpression", "155": "MethodInvocation", "156": "MemberReference", "157": "getAction", "158": "MemberReference", "159": "testNS", "160": "verifyDenied", "161": "StatementExpression", "162": "MethodInvocation", "163": "MemberReference", "164": "TEST_UTIL", "165": "MemberReference", "166": "userName", "167": "MemberReference", "168": "namespace", "169": "MemberReference", "170": "Permission.Action", "171": "READ", "172": "revokeFromNamespace"}, "edges": {"0->1": 0, "1->0": 0, "1->2": 0, "2->1": 0, "0->3": 0, "3->0": 0, "3->4": 0, "4->3": 0, "0->5": 0, "5->0": 0, "0->6": 0, "6->0": 0, "0->7": 0, "7->0": 0, "7->8": 0, "8->7": 0, "8->9": 0, "9->8": 0, "7->10": 0, "10->7": 0, "10->11": 0, "11->10": 0, "10->12": 0, "12->10": 0, "12->13": 0, "13->12": 0, "12->14": 0, "14->12": 0, "14->15": 0, "15->14": 0, "12->16": 0, "16->12": 0, "16->17": 0, "17->16": 0, "12->18": 0, "18->12": 0, "18->19": 0, "19->18": 0, "19->20": 0, "20->19": 0, "18->21": 0, "21->18": 0, "21->22": 0, "22->21": 0, "12->23": 0, "23->12": 0, "0->24": 0, "24->0": 0, "24->25": 0, "25->24": 0, "25->26": 0, "26->25": 0, "24->27": 0, "27->24": 0, "27->28": 0, "28->27": 0, "27->29": 0, "29->27": 0, "29->30": 0, "30->29": 0, "30->31": 0, "31->30": 0, "29->32": 0, "32->29": 0, "32->33": 0, "33->32": 0, "33->34": 0, "34->33": 0, "32->35": 0, "35->32": 0, "35->36": 0, "36->35": 0, "32->37": 0, "37->32": 0, "37->38": 0, "38->37": 0, "32->39": 0, "39->32": 0, "32->40": 0, "40->32": 0, "32->41": 0, "41->32": 0, "41->42": 0, "42->41": 0, "42->43": 0, "43->42": 0, "43->44": 0, "44->43": 0, "42->45": 0, "45->42": 0, "42->46": 0, "46->42": 0, "46->47": 0, "47->46": 0, "46->48": 0, "48->46": 0, "48->49": 0, "49->48": 0, "46->50": 0, "50->46": 0, "41->51": 0, "51->41": 0, "51->52": 0, "52->51": 0, "52->53": 0, "53->52": 0, "51->54": 0, "54->51": 0, "51->55": 0, "55->51": 0, "55->56": 0, "56->55": 0, "55->57": 0, "57->55": 0, "57->58": 0, "58->57": 0, "55->59": 0, "59->55": 0, "41->60": 0, "60->41": 0, "60->61": 0, "61->60": 0, "61->62": 0, "62->61": 0, "61->63": 0, "63->61": 0, "63->64": 0, "64->63": 0, "64->65": 0, "65->64": 0, "63->66": 0, "66->63": 0, "66->67": 0, "67->66": 0, "61->68": 0, "68->61": 0, "0->69": 0, "69->0": 0, "69->70": 0, "70->69": 0, "70->71": 0, "71->70": 0, "71->72": 0, "72->71": 0, "70->73": 0, "73->70": 0, "73->74": 0, "74->73": 0, "70->75": 0, "75->70": 0, "0->76": 0, "76->0": 0, "76->77": 0, "77->76": 0, "77->78": 0, "78->77": 0, "76->79": 0, "79->76": 0, "79->80": 0, "80->79": 0, "79->81": 0, "81->79": 0, "81->82": 0, "82->81": 0, "81->83": 0, "83->81": 0, "0->84": 0, "84->0": 0, "84->85": 0, "85->84": 0, "85->86": 0, "86->85": 0, "84->87": 0, "87->84": 0, "87->88": 0, "88->87": 0, "87->89": 0, "89->87": 0, "89->90": 0, "90->89": 0, "89->91": 0, "91->89": 0, "0->92": 0, "92->0": 0, "92->93": 0, "93->92": 0, "93->94": 0, "94->93": 0, "94->95": 0, "95->94": 0, "95->96": 0, "96->95": 0, "94->97": 0, "97->94": 0, "97->98": 0, "98->97": 0, "94->99": 0, "99->94": 0, "99->100": 0, "100->99": 0, "94->101": 0, "101->94": 0, "101->102": 0, "102->101": 0, "94->103": 0, "103->94": 0, "103->104": 0, "104->103": 0, "103->105": 0, "105->103": 0, "94->106": 0, "106->94": 0, "92->107": 0, "107->92": 0, "107->108": 0, "108->107": 0, "108->109": 0, "109->108": 0, "108->110": 0, "110->108": 0, "107->111": 0, "111->107": 0, "111->112": 0, "112->111": 0, "112->113": 0, "113->112": 0, "112->114": 0, "114->112": 0, "114->115": 0, "115->114": 0, "112->116": 0, "116->112": 0, "116->117": 0, "117->116": 0, "112->118": 0, "118->112": 0, "0->119": 0, "119->0": 0, "119->120": 0, "120->119": 0, "120->121": 0, "121->120": 0, "121->122": 0, "122->121": 0, "122->123": 0, "123->122": 0, "121->124": 0, "124->121": 0, "124->125": 0, "125->124": 0, "121->126": 0, "126->121": 0, "119->127": 0, "127->119": 0, "127->128": 0, "128->127": 0, "128->129": 0, "129->128": 0, "129->130": 0, "130->129": 0, "130->131": 0, "131->130": 0, "129->132": 0, "132->129": 0, "132->133": 0, "133->132": 0, "129->134": 0, "134->129": 0, "134->135": 0, "135->134": 0, "129->136": 0, "136->129": 0, "136->137": 0, "137->136": 0, "129->138": 0, "138->129": 0, "138->139": 0, "139->138": 0, "138->140": 0, "140->138": 0, "129->141": 0, "141->129": 0, "127->142": 0, "142->127": 0, "142->143": 0, "143->142": 0, "143->144": 0, "144->143": 0, "143->145": 0, "145->143": 0, "142->146": 0, "146->142": 0, "146->147": 0, "147->146": 0, "147->148": 0, "148->147": 0, "147->149": 0, "149->147": 0, "149->150": 0, "150->149": 0, "147->151": 0, "151->147": 0, "151->152": 0, "152->151": 0, "147->153": 0, "153->147": 0, "119->154": 0, "154->119": 0, "154->155": 0, "155->154": 0, "155->156": 0, "156->155": 0, "156->157": 0, "157->156": 0, "155->158": 0, "158->155": 0, "158->159": 0, "159->158": 0, "155->160": 0, "160->155": 0, "119->161": 0, "161->119": 0, "161->162": 0, "162->161": 0, "162->163": 0, "163->162": 0, "163->164": 0, "164->163": 0, "162->165": 0, "165->162": 0, "165->166": 0, "166->165": 0, "162->167": 0, "167->162": 0, "167->168": 0, "168->167": 0, "162->169": 0, "169->162": 0, "169->170": 0, "170->169": 0, "169->171": 0, "171->169": 0, "162->172": 0, "172->162": 0, "1->3": 1, "3->1": 12, "3->5": 1, "5->3": 12, "5->6": 2, "6->5": 3, "6->7": 1, "7->6": 12, "7->24": 1, "24->7": 12, "24->69": 1, "69->24": 12, "69->76": 1, "76->69": 12, "76->84": 1, "84->76": 12, "84->92": 1, "92->84": 12, "92->119": 1, "119->92": 12, "8->10": 1, "10->8": 12, "11->12": 1, "12->11": 12, "13->14": 1, "14->13": 12, "14->16": 1, "16->14": 12, "16->18": 1, "18->16": 12, "18->23": 1, "23->18": 12, "19->21": 1, "21->19": 12, "25->27": 1, "27->25": 12, "28->29": 1, "29->28": 12, "30->32": 1, "32->30": 12, "33->35": 1, "35->33": 12, "35->37": 1, "37->35": 12, "37->39": 1, "39->37": 12, "39->40": 2, "40->39": 3, "40->41": 1, "41->40": 12, "42->51": 1, "51->42": 12, "51->60": 1, "60->51": 12, "43->45": 1, "45->43": 12, "45->46": 1, "46->45": 12, "47->48": 1, "48->47": 12, "48->50": 1, "50->48": 12, "52->54": 1, "54->52": 12, "54->55": 1, "55->54": 12, "56->57": 1, "57->56": 12, "57->59": 1, "59->57": 12, "62->63": 1, "63->62": 12, "63->68": 1, "68->63": 12, "64->66": 1, "66->64": 12, "71->73": 1, "73->71": 12, "73->75": 1, "75->73": 12, "77->79": 1, "79->77": 12, "80->81": 1, "81->80": 12, "82->83": 2, "83->82": 3, "85->87": 1, "87->85": 12, "88->89": 1, "89->88": 12, "90->91": 2, "91->90": 3, "93->107": 1, "107->93": 12, "95->97": 1, "97->95": 12, "97->99": 1, "99->97": 12, "99->101": 1, "101->99": 12, "101->103": 1, "103->101": 12, "103->106": 1, "106->103": 12, "104->105": 2, "105->104": 3, "108->111": 1, "111->108": 12, "109->110": 2, "110->109": 3, "113->114": 1, "114->113": 12, "114->116": 1, "116->114": 12, "116->118": 1, "118->116": 12, "120->127": 1, "127->120": 12, "127->154": 1, "154->127": 12, "154->161": 1, "161->154": 12, "122->124": 1, "124->122": 12, "124->126": 1, "126->124": 12, "128->142": 1, "142->128": 12, "130->132": 1, "132->130": 12, "132->134": 1, "134->132": 12, "134->136": 1, "136->134": 12, "136->138": 1, "138->136": 12, "138->141": 1, "141->138": 12, "139->140": 2, "140->139": 3, "143->146": 1, "146->143": 12, "144->145": 2, "145->144": 3, "148->149": 1, "149->148": 12, "149->151": 1, "151->149": 12, "151->153": 1, "153->151": 12, "156->158": 1, "158->156": 12, "158->160": 1, "160->158": 12, "163->165": 1, "165->163": 12, "165->167": 1, "167->165": 12, "167->169": 1, "169->167": 12, "169->172": 1, "172->169": 12, "170->171": 2, "171->170": 3, "2->4": 2, "4->2": 3, "4->5": 2, "5->4": 3, "6->9": 2, "9->6": 3, "9->11": 2, "11->9": 3, "11->13": 2, "13->11": 3, "13->15": 2, "15->13": 3, "15->17": 2, "17->15": 3, "17->20": 2, "20->17": 3, "20->22": 2, "22->20": 3, "22->23": 2, "23->22": 3, "23->26": 2, "26->23": 3, "26->28": 2, "28->26": 3, "28->31": 2, "31->28": 3, "31->34": 2, "34->31": 3, "34->36": 2, "36->34": 3, "36->38": 2, "38->36": 3, "38->39": 2, "39->38": 3, "40->44": 2, "44->40": 3, "44->45": 2, "45->44": 3, "45->47": 2, "47->45": 3, "47->49": 2, "49->47": 3, "49->50": 2, "50->49": 3, "50->53": 2, "53->50": 3, "53->54": 2, "54->53": 3, "54->56": 2, "56->54": 3, "56->58": 2, "58->56": 3, "58->59": 2, "59->58": 3, "59->62": 2, "62->59": 3, "62->65": 2, "65->62": 3, "65->67": 2, "67->65": 3, "67->68": 2, "68->67": 3, "68->72": 2, "72->68": 3, "72->74": 2, "74->72": 3, "74->75": 2, "75->74": 3, "75->78": 2, "78->75": 3, "78->80": 2, "80->78": 3, "80->82": 2, "82->80": 3, "83->86": 2, "86->83": 3, "86->88": 2, "88->86": 3, "88->90": 2, "90->88": 3, "91->96": 2, "96->91": 3, "96->98": 2, "98->96": 3, "98->100": 2, "100->98": 3, "100->102": 2, "102->100": 3, "102->104": 2, "104->102": 3, "105->106": 2, "106->105": 3, "106->109": 2, "109->106": 3, "110->113": 2, "113->110": 3, "113->115": 2, "115->113": 3, "115->117": 2, "117->115": 3, "117->118": 2, "118->117": 3, "118->123": 2, "123->118": 3, "123->125": 2, "125->123": 3, "125->126": 2, "126->125": 3, "126->131": 2, "131->126": 3, "131->133": 2, "133->131": 3, "133->135": 2, "135->133": 3, "135->137": 2, "137->135": 3, "137->139": 2, "139->137": 3, "140->141": 2, "141->140": 3, "141->144": 2, "144->141": 3, "145->148": 2, "148->145": 3, "148->150": 2, "150->148": 3, "150->152": 2, "152->150": 3, "152->153": 2, "153->152": 3, "153->157": 2, "157->153": 3, "157->159": 2, "159->157": 3, "159->160": 2, "160->159": 3, "160->164": 2, "164->160": 3, "164->166": 2, "166->164": 3, "166->168": 2, "168->166": 3, "168->170": 2, "170->168": 3, "171->172": 2, "172->171": 3, "15->49": 4, "49->15": 5, "72->123": 4, "123->72": 5, "123->157": 4, "157->123": 5, "74->125": 4, "125->74": 5, "125->159": 4, "159->125": 5, "96->131": 4, "131->96": 5, "131->164": 4, "164->131": 5, "98->133": 4, "133->98": 5, "100->135": 4, "135->100": 5, "135->166": 4, "166->135": 5, "102->137": 4, "137->102": 5, "137->168": 4, "168->137": 5, "105->140": 4, "140->105": 5, "140->171": 4, "171->140": 5, "117->152": 4, "152->117": 5}, "metrics": [33.0, 1.0, 0.0]}