{"nodelist": ["MethodDeclaration", "{'public'}", "public", "Annotation", "Override", "write", "FormalParameter", "ReferenceType", "Cell", "cell", "IOException", "StatementExpression", "MethodInvocation", "checkFlushed", "LocalVariableDeclaration", "ReferenceType", "CellProtos", "ReferenceType", "Cell", "ReferenceType", "Builder", "VariableDeclarator", "builder", "MethodInvocation", "CellProtos.Cell", "newBuilder", "StatementExpression", "MethodInvocation", "builder", "MethodInvocation", "ByteStringer", "MethodInvocation", "cell", "getRowArray", "MethodInvocation", "cell", "getRowOffset", "MethodInvocation", "cell", "getRowLength", "wrap", "setRow", "StatementExpression", "MethodInvocation", "builder", "MethodInvocation", "ByteStringer", "MethodInvocation", "cell", "getFamilyArray", "MethodInvocation", "cell", "getFamilyOffset", "MethodInvocation", "cell", "getFamilyLength", "wrap", "setFamily", "StatementExpression", "MethodInvocation", "builder", "MethodInvocation", "ByteStringer", "MethodInvocation", "cell", "getQualifierArray", "MethodInvocation", "cell", "getQualifierOffset", "MethodInvocation", "cell", "getQualifierLength", "wrap", "setQualifier", "StatementExpression", "MethodInvocation", "builder", "MethodInvocation", "cell", "getTimestamp", "setTimestamp", "StatementExpression", "MethodInvocation", "builder", "MethodInvocation", "CellProtos.CellType", "MethodInvocation", "cell", "getTypeByte", "valueOf", "setCellType", "StatementExpression", "MethodInvocation", "builder", "MethodInvocation", "ByteStringer", "MethodInvocation", "cell", "getValueArray", "MethodInvocation", "cell", "getValueOffset", "MethodInvocation", "cell", "getValueLength", "wrap", "setValue", "LocalVariableDeclaration", "ReferenceType", "CellProtos", "ReferenceType", "Cell", "VariableDeclarator", "pbcell", "MethodInvocation", "builder", "build", "StatementExpression", "MethodInvocation", "pbcell", "This", "MemberReference", "out", "writeDelimitedTo"], "nodes": {"0": "MethodDeclaration", "1": "Modifier", "2": "public", "3": "Annotation", "4": "Override", "5": "write", "6": "FormalParameter", "7": "ReferenceType", "8": "Cell", "9": "cell", "10": "IOException", "11": "StatementExpression", "12": "MethodInvocation", "13": "checkFlushed", "14": "LocalVariableDeclaration", "15": "ReferenceType", "16": "CellProtos", "17": "ReferenceType", "18": "Cell", "19": "ReferenceType", "20": "Builder", "21": "VariableDeclarator", "22": "builder", "23": "MethodInvocation", "24": "CellProtos.Cell", "25": "newBuilder", "26": "StatementExpression", "27": "MethodInvocation", "28": "builder", "29": "MethodInvocation", "30": "ByteStringer", "31": "MethodInvocation", "32": "cell", "33": "getRowArray", "34": "MethodInvocation", "35": "cell", "36": "getRowOffset", "37": "MethodInvocation", "38": "cell", "39": "getRowLength", "40": "wrap", "41": "setRow", "42": "StatementExpression", "43": "MethodInvocation", "44": "builder", "45": "MethodInvocation", "46": "ByteStringer", "47": "MethodInvocation", "48": "cell", "49": "getFamilyArray", "50": "MethodInvocation", "51": "cell", "52": "getFamilyOffset", "53": "MethodInvocation", "54": "cell", "55": "getFamilyLength", "56": "wrap", "57": "setFamily", "58": "StatementExpression", "59": "MethodInvocation", "60": "builder", "61": "MethodInvocation", "62": "ByteStringer", "63": "MethodInvocation", "64": "cell", "65": "getQualifierArray", "66": "MethodInvocation", "67": "cell", "68": "getQualifierOffset", "69": "MethodInvocation", "70": "cell", "71": "getQualifierLength", "72": "wrap", "73": "setQualifier", "74": "StatementExpression", "75": "MethodInvocation", "76": "builder", "77": "MethodInvocation", "78": "cell", "79": "getTimestamp", "80": "setTimestamp", "81": "StatementExpression", "82": "MethodInvocation", "83": "builder", "84": "MethodInvocation", "85": "CellProtos.CellType", "86": "MethodInvocation", "87": "cell", "88": "getTypeByte", "89": "valueOf", "90": "setCellType", "91": "StatementExpression", "92": "MethodInvocation", "93": "builder", "94": "MethodInvocation", "95": "ByteStringer", "96": "MethodInvocation", "97": "cell", "98": "getValueArray", "99": "MethodInvocation", "100": "cell", "101": "getValueOffset", "102": "MethodInvocation", "103": "cell", "104": "getValueLength", "105": "wrap", "106": "setValue", "107": "LocalVariableDeclaration", "108": "ReferenceType", "109": "CellProtos", "110": "ReferenceType", "111": "Cell", "112": "VariableDeclarator", "113": "pbcell", "114": "MethodInvocation", "115": "builder", "116": "build", "117": "StatementExpression", "118": "MethodInvocation", "119": "pbcell", "120": "This", "121": "MemberReference", "122": "out", "123": "writeDelimitedTo"}, "edges": {"0->1": 0, "1->0": 0, "1->2": 0, "2->1": 0, "0->3": 0, "3->0": 0, "3->4": 0, "4->3": 0, "0->5": 0, "5->0": 0, "0->6": 0, "6->0": 0, "6->7": 0, "7->6": 0, "7->8": 0, "8->7": 0, "6->9": 0, "9->6": 0, "0->10": 0, "10->0": 0, "0->11": 0, "11->0": 0, "11->12": 0, "12->11": 0, "12->13": 0, "13->12": 0, "0->14": 0, "14->0": 0, "14->15": 0, "15->14": 0, "15->16": 0, "16->15": 0, "15->17": 0, "17->15": 0, "17->18": 0, "18->17": 0, "17->19": 0, "19->17": 0, "19->20": 0, "20->19": 0, "14->21": 0, "21->14": 0, "21->22": 0, "22->21": 0, "21->23": 0, "23->21": 0, "23->24": 0, "24->23": 0, "23->25": 0, "25->23": 0, "0->26": 0, "26->0": 0, "26->27": 0, "27->26": 0, "27->28": 0, "28->27": 0, "27->29": 0, "29->27": 0, "29->30": 0, "30->29": 0, "29->31": 0, "31->29": 0, "31->32": 0, "32->31": 0, "31->33": 0, "33->31": 0, "29->34": 0, "34->29": 0, "34->35": 0, "35->34": 0, "34->36": 0, "36->34": 0, "29->37": 0, "37->29": 0, "37->38": 0, "38->37": 0, "37->39": 0, "39->37": 0, "29->40": 0, "40->29": 0, "27->41": 0, "41->27": 0, "0->42": 0, "42->0": 0, "42->43": 0, "43->42": 0, "43->44": 0, "44->43": 0, "43->45": 0, "45->43": 0, "45->46": 0, "46->45": 0, "45->47": 0, "47->45": 0, "47->48": 0, "48->47": 0, "47->49": 0, "49->47": 0, "45->50": 0, "50->45": 0, "50->51": 0, "51->50": 0, "50->52": 0, "52->50": 0, "45->53": 0, "53->45": 0, "53->54": 0, "54->53": 0, "53->55": 0, "55->53": 0, "45->56": 0, "56->45": 0, "43->57": 0, "57->43": 0, "0->58": 0, "58->0": 0, "58->59": 0, "59->58": 0, "59->60": 0, "60->59": 0, "59->61": 0, "61->59": 0, "61->62": 0, "62->61": 0, "61->63": 0, "63->61": 0, "63->64": 0, "64->63": 0, "63->65": 0, "65->63": 0, "61->66": 0, "66->61": 0, "66->67": 0, "67->66": 0, "66->68": 0, "68->66": 0, "61->69": 0, "69->61": 0, "69->70": 0, "70->69": 0, "69->71": 0, "71->69": 0, "61->72": 0, "72->61": 0, "59->73": 0, "73->59": 0, "0->74": 0, "74->0": 0, "74->75": 0, "75->74": 0, "75->76": 0, "76->75": 0, "75->77": 0, "77->75": 0, "77->78": 0, "78->77": 0, "77->79": 0, "79->77": 0, "75->80": 0, "80->75": 0, "0->81": 0, "81->0": 0, "81->82": 0, "82->81": 0, "82->83": 0, "83->82": 0, "82->84": 0, "84->82": 0, "84->85": 0, "85->84": 0, "84->86": 0, "86->84": 0, "86->87": 0, "87->86": 0, "86->88": 0, "88->86": 0, "84->89": 0, "89->84": 0, "82->90": 0, "90->82": 0, "0->91": 0, "91->0": 0, "91->92": 0, "92->91": 0, "92->93": 0, "93->92": 0, "92->94": 0, "94->92": 0, "94->95": 0, "95->94": 0, "94->96": 0, "96->94": 0, "96->97": 0, "97->96": 0, "96->98": 0, "98->96": 0, "94->99": 0, "99->94": 0, "99->100": 0, "100->99": 0, "99->101": 0, "101->99": 0, "94->102": 0, "102->94": 0, "102->103": 0, "103->102": 0, "102->104": 0, "104->102": 0, "94->105": 0, "105->94": 0, "92->106": 0, "106->92": 0, "0->107": 0, "107->0": 0, "107->108": 0, "108->107": 0, "108->109": 0, "109->108": 0, "108->110": 0, "110->108": 0, "110->111": 0, "111->110": 0, "107->112": 0, "112->107": 0, "112->113": 0, "113->112": 0, "112->114": 0, "114->112": 0, "114->115": 0, "115->114": 0, "114->116": 0, "116->114": 0, "0->117": 0, "117->0": 0, "117->118": 0, "118->117": 0, "118->119": 0, "119->118": 0, "118->120": 0, "120->118": 0, "120->121": 0, "121->120": 0, "121->122": 0, "122->121": 0, "118->123": 0, "123->118": 0, "1->3": 1, "3->1": 12, "3->5": 1, "5->3": 12, "5->6": 1, "6->5": 12, "6->10": 1, "10->6": 12, "10->11": 1, "11->10": 12, "11->14": 1, "14->11": 12, "14->26": 1, "26->14": 12, "26->42": 1, "42->26": 12, "42->58": 1, "58->42": 12, "58->74": 1, "74->58": 12, "74->81": 1, "81->74": 12, "81->91": 1, "91->81": 12, "91->107": 1, "107->91": 12, "107->117": 1, "117->107": 12, "7->9": 1, "9->7": 12, "15->21": 1, "21->15": 12, "16->17": 1, "17->16": 12, "18->19": 1, "19->18": 12, "22->23": 1, "23->22": 12, "24->25": 2, "25->24": 3, "28->29": 1, "29->28": 12, "29->41": 1, "41->29": 12, "30->31": 1, "31->30": 12, "31->34": 1, "34->31": 12, "34->37": 1, "37->34": 12, "37->40": 1, "40->37": 12, "32->33": 2, "33->32": 3, "35->36": 2, "36->35": 3, "38->39": 2, "39->38": 3, "44->45": 1, "45->44": 12, "45->57": 1, "57->45": 12, "46->47": 1, "47->46": 12, "47->50": 1, "50->47": 12, "50->53": 1, "53->50": 12, "53->56": 1, "56->53": 12, "48->49": 2, "49->48": 3, "51->52": 2, "52->51": 3, "54->55": 2, "55->54": 3, "60->61": 1, "61->60": 12, "61->73": 1, "73->61": 12, "62->63": 1, "63->62": 12, "63->66": 1, "66->63": 12, "66->69": 1, "69->66": 12, "69->72": 1, "72->69": 12, "64->65": 2, "65->64": 3, "67->68": 2, "68->67": 3, "70->71": 2, "71->70": 3, "76->77": 1, "77->76": 12, "77->80": 1, "80->77": 12, "78->79": 2, "79->78": 3, "83->84": 1, "84->83": 12, "84->90": 1, "90->84": 12, "85->86": 1, "86->85": 12, "86->89": 1, "89->86": 12, "87->88": 2, "88->87": 3, "93->94": 1, "94->93": 12, "94->106": 1, "106->94": 12, "95->96": 1, "96->95": 12, "96->99": 1, "99->96": 12, "99->102": 1, "102->99": 12, "102->105": 1, "105->102": 12, "97->98": 2, "98->97": 3, "100->101": 2, "101->100": 3, "103->104": 2, "104->103": 3, "108->112": 1, "112->108": 12, "109->110": 1, "110->109": 12, "113->114": 1, "114->113": 12, "115->116": 2, "116->115": 3, "119->120": 1, "120->119": 12, "120->123": 1, "123->120": 12, "2->4": 2, "4->2": 3, "4->5": 2, "5->4": 3, "5->8": 2, "8->5": 3, "8->9": 2, "9->8": 3, "9->10": 2, "10->9": 3, "10->13": 2, "13->10": 3, "13->16": 2, "16->13": 3, "16->18": 2, "18->16": 3, "18->20": 2, "20->18": 3, "20->22": 2, "22->20": 3, "22->24": 2, "24->22": 3, "25->28": 2, "28->25": 3, "28->30": 2, "30->28": 3, "30->32": 2, "32->30": 3, "33->35": 2, "35->33": 3, "36->38": 2, "38->36": 3, "39->40": 2, "40->39": 3, "40->41": 2, "41->40": 3, "41->44": 2, "44->41": 3, "44->46": 2, "46->44": 3, "46->48": 2, "48->46": 3, "49->51": 2, "51->49": 3, "52->54": 2, "54->52": 3, "55->56": 2, "56->55": 3, "56->57": 2, "57->56": 3, "57->60": 2, "60->57": 3, "60->62": 2, "62->60": 3, "62->64": 2, "64->62": 3, "65->67": 2, "67->65": 3, "68->70": 2, "70->68": 3, "71->72": 2, "72->71": 3, "72->73": 2, "73->72": 3, "73->76": 2, "76->73": 3, "76->78": 2, "78->76": 3, "79->80": 2, "80->79": 3, "80->83": 2, "83->80": 3, "83->85": 2, "85->83": 3, "85->87": 2, "87->85": 3, "88->89": 2, "89->88": 3, "89->90": 2, "90->89": 3, "90->93": 2, "93->90": 3, "93->95": 2, "95->93": 3, "95->97": 2, "97->95": 3, "98->100": 2, "100->98": 3, "101->103": 2, "103->101": 3, "104->105": 2, "105->104": 3, "105->106": 2, "106->105": 3, "106->109": 2, "109->106": 3, "109->111": 2, "111->109": 3, "111->113": 2, "113->111": 3, "113->115": 2, "115->113": 3, "116->119": 2, "119->116": 3, "119->122": 2, "122->119": 3, "122->123": 2, "123->122": 3}, "metrics": [12.0, 1.0, 1.0]}