{"nodelist": ["MethodDeclaration", "{'private'}", "private", "BasicType", "boolean", "tryComplete", "FormalParameter", "ReferenceType", "LocateRequest", "req", "FormalParameter", "ReferenceType", "CompletableFuture", "TypeArgument", "ReferenceType", "RegionLocations", "future", "FormalParameter", "ReferenceType", "Optional", "TypeArgument", "ReferenceType", "RegionLocations", "locations", "IfStatement", "MethodInvocation", "future", "isDone", "BlockStatement", "ReturnStatement", "Literal", "true", "IfStatement", "MethodInvocation", "!", "locations", "isPresent", "BlockStatement", "ReturnStatement", "Literal", "false", "LocalVariableDeclaration", "ReferenceType", "RegionLocations", "VariableDeclarator", "locs", "MethodInvocation", "locations", "get", "LocalVariableDeclaration", "ReferenceType", "HRegionLocation", "VariableDeclarator", "loc", "MethodInvocation", "ObjectUtils", "MethodInvocation", "locs", "getRegionLocations", "firstNonNull", "AssertStatement", "BinaryOperation", "!=", "MemberReference", "loc", "Literal", "null", "LocalVariableDeclaration", "BasicType", "boolean", "VariableDeclarator", "completed", "IfStatement", "MethodInvocation", "req.locateType", "MemberReference", "RegionLocateType", "BEFORE", "equals", "BlockStatement", "LocalVariableDeclaration", "BasicType", "byte", "VariableDeclarator", "endKey", "MethodInvocation", "loc", "MethodInvocation", "getEndKey", "getRegion", "LocalVariableDeclaration", "BasicType", "int", "VariableDeclarator", "c", "MethodInvocation", "Bytes", "MemberReference", "endKey", "MemberReference", "req", "row", "compareTo", "StatementExpression", "Assignment", "MemberReference", "completed", "BinaryOperation", "||", "BinaryOperation", "==", "MemberReference", "c", "Literal", "0", "BinaryOperation", "&&", "BinaryOperation", "||", "BinaryOperation", ">", "MemberReference", "c", "Literal", "0", "MethodInvocation", "Bytes", "MemberReference", "EMPTY_END_ROW", "MemberReference", "endKey", "equals", "BinaryOperation", "<", "MethodInvocation", "Bytes", "MethodInvocation", "loc", "MethodInvocation", "getStartKey", "getRegion", "MemberReference", "req", "row", "compareTo", "Literal", "0", "=", "BlockStatement", "StatementExpression", "Assignment", "MemberReference", "completed", "MethodInvocation", "loc", "MethodInvocation", "MemberReference", "req", "row", "containsRow", "getRegion", "=", "IfStatement", "MemberReference", "completed", "BlockStatement", "StatementExpression", "MethodInvocation", "future", "MemberReference", "locs", "complete", "ReturnStatement", "Literal", "true", "BlockStatement", "ReturnStatement", "Literal", "false"], "nodes": {"0": "MethodDeclaration", "1": "Modifier", "2": "private", "3": "BasicType", "4": "boolean", "5": "tryComplete", "6": "FormalParameter", "7": "ReferenceType", "8": "LocateRequest", "9": "req", "10": "FormalParameter", "11": "ReferenceType", "12": "CompletableFuture", "13": "TypeArgument", "14": "ReferenceType", "15": "RegionLocations", "16": "future", "17": "FormalParameter", "18": "ReferenceType", "19": "Optional", "20": "TypeArgument", "21": "ReferenceType", "22": "RegionLocations", "23": "locations", "24": "IfStatement", "25": "MethodInvocation", "26": "future", "27": "isDone", "28": "BlockStatement", "29": "ReturnStatement", "30": "Literal", "31": "true", "32": "IfStatement", "33": "MethodInvocation", "34": "!", "35": "locations", "36": "isPresent", "37": "BlockStatement", "38": "ReturnStatement", "39": "Literal", "40": "false", "41": "LocalVariableDeclaration", "42": "ReferenceType", "43": "RegionLocations", "44": "VariableDeclarator", "45": "locs", "46": "MethodInvocation", "47": "locations", "48": "get", "49": "LocalVariableDeclaration", "50": "ReferenceType", "51": "HRegionLocation", "52": "VariableDeclarator", "53": "loc", "54": "MethodInvocation", "55": "ObjectUtils", "56": "MethodInvocation", "57": "locs", "58": "getRegionLocations", "59": "firstNonNull", "60": "AssertStatement", "61": "BinaryOperation", "62": "!=", "63": "MemberReference", "64": "loc", "65": "Literal", "66": "null", "67": "LocalVariableDeclaration", "68": "BasicType", "69": "boolean", "70": "VariableDeclarator", "71": "completed", "72": "IfStatement", "73": "MethodInvocation", "74": "req.locateType", "75": "MemberReference", "76": "RegionLocateType", "77": "BEFORE", "78": "equals", "79": "BlockStatement", "80": "LocalVariableDeclaration", "81": "BasicType", "82": "byte", "83": "VariableDeclarator", "84": "endKey", "85": "MethodInvocation", "86": "loc", "87": "MethodInvocation", "88": "getEndKey", "89": "getRegion", "90": "LocalVariableDeclaration", "91": "BasicType", "92": "int", "93": "VariableDeclarator", "94": "c", "95": "MethodInvocation", "96": "Bytes", "97": "MemberReference", "98": "endKey", "99": "MemberReference", "100": "req", "101": "row", "102": "compareTo", "103": "StatementExpression", "104": "Assignment", "105": "MemberReference", "106": "completed", "107": "BinaryOperation", "108": "||", "109": "BinaryOperation", "110": "==", "111": "MemberReference", "112": "c", "113": "Literal", "114": "0", "115": "BinaryOperation", "116": "&&", "117": "BinaryOperation", "118": "||", "119": "BinaryOperation", "120": ">", "121": "MemberReference", "122": "c", "123": "Literal", "124": "0", "125": "MethodInvocation", "126": "Bytes", "127": "MemberReference", "128": "EMPTY_END_ROW", "129": "MemberReference", "130": "endKey", "131": "equals", "132": "BinaryOperation", "133": "<", "134": "MethodInvocation", "135": "Bytes", "136": "MethodInvocation", "137": "loc", "138": "MethodInvocation", "139": "getStartKey", "140": "getRegion", "141": "MemberReference", "142": "req", "143": "row", "144": "compareTo", "145": "Literal", "146": "0", "147": "=", "148": "BlockStatement", "149": "StatementExpression", "150": "Assignment", "151": "MemberReference", "152": "completed", "153": "MethodInvocation", "154": "loc", "155": "MethodInvocation", "156": "MemberReference", "157": "req", "158": "row", "159": "containsRow", "160": "getRegion", "161": "=", "162": "IfStatement", "163": "MemberReference", "164": "completed", "165": "BlockStatement", "166": "StatementExpression", "167": "MethodInvocation", "168": "future", "169": "MemberReference", "170": "locs", "171": "complete", "172": "ReturnStatement", "173": "Literal", "174": "true", "175": "BlockStatement", "176": "ReturnStatement", "177": "Literal", "178": "false"}, "edges": {"0->1": 0, "1->0": 0, "1->2": 0, "2->1": 0, "0->3": 0, "3->0": 0, "3->4": 0, "4->3": 0, "0->5": 0, "5->0": 0, "0->6": 0, "6->0": 0, "6->7": 0, "7->6": 0, "7->8": 0, "8->7": 0, "6->9": 0, "9->6": 0, "0->10": 0, "10->0": 0, "10->11": 0, "11->10": 0, "11->12": 0, "12->11": 0, "11->13": 0, "13->11": 0, "13->14": 0, "14->13": 0, "14->15": 0, "15->14": 0, "10->16": 0, "16->10": 0, "0->17": 0, "17->0": 0, "17->18": 0, "18->17": 0, "18->19": 0, "19->18": 0, "18->20": 0, "20->18": 0, "20->21": 0, "21->20": 0, "21->22": 0, "22->21": 0, "17->23": 0, "23->17": 0, "0->24": 0, "24->0": 0, "24->25": 0, "25->24": 0, "25->26": 0, "26->25": 0, "25->27": 0, "27->25": 0, "24->28": 0, "28->24": 0, "28->29": 0, "29->28": 0, "29->30": 0, "30->29": 0, "30->31": 0, "31->30": 0, "0->32": 0, "32->0": 0, "32->33": 0, "33->32": 0, "33->34": 0, "34->33": 0, "33->35": 0, "35->33": 0, "33->36": 0, "36->33": 0, "32->37": 0, "37->32": 0, "37->38": 0, "38->37": 0, "38->39": 0, "39->38": 0, "39->40": 0, "40->39": 0, "0->41": 0, "41->0": 0, "41->42": 0, "42->41": 0, "42->43": 0, "43->42": 0, "41->44": 0, "44->41": 0, "44->45": 0, "45->44": 0, "44->46": 0, "46->44": 0, "46->47": 0, "47->46": 0, "46->48": 0, "48->46": 0, "0->49": 0, "49->0": 0, "49->50": 0, "50->49": 0, "50->51": 0, "51->50": 0, "49->52": 0, "52->49": 0, "52->53": 0, "53->52": 0, "52->54": 0, "54->52": 0, "54->55": 0, "55->54": 0, "54->56": 0, "56->54": 0, "56->57": 0, "57->56": 0, "56->58": 0, "58->56": 0, "54->59": 0, "59->54": 0, "0->60": 0, "60->0": 0, "60->61": 0, "61->60": 0, "61->62": 0, "62->61": 0, "61->63": 0, "63->61": 0, "63->64": 0, "64->63": 0, "61->65": 0, "65->61": 0, "65->66": 0, "66->65": 0, "0->67": 0, "67->0": 0, "67->68": 0, "68->67": 0, "68->69": 0, "69->68": 0, "67->70": 0, "70->67": 0, "70->71": 0, "71->70": 0, "0->72": 0, "72->0": 0, "72->73": 0, "73->72": 0, "73->74": 0, "74->73": 0, "73->75": 0, "75->73": 0, "75->76": 0, "76->75": 0, "75->77": 0, "77->75": 0, "73->78": 0, "78->73": 0, "72->79": 0, "79->72": 0, "79->80": 0, "80->79": 0, "80->81": 0, "81->80": 0, "81->82": 0, "82->81": 0, "80->83": 0, "83->80": 0, "83->84": 0, "84->83": 0, "83->85": 0, "85->83": 0, "85->86": 0, "86->85": 0, "85->87": 0, "87->85": 0, "87->88": 0, "88->87": 0, "85->89": 0, "89->85": 0, "79->90": 0, "90->79": 0, "90->91": 0, "91->90": 0, "91->92": 0, "92->91": 0, "90->93": 0, "93->90": 0, "93->94": 0, "94->93": 0, "93->95": 0, "95->93": 0, "95->96": 0, "96->95": 0, "95->97": 0, "97->95": 0, "97->98": 0, "98->97": 0, "95->99": 0, "99->95": 0, "99->100": 0, "100->99": 0, "99->101": 0, "101->99": 0, "95->102": 0, "102->95": 0, "79->103": 0, "103->79": 0, "103->104": 0, "104->103": 0, "104->105": 0, "105->104": 0, "105->106": 0, "106->105": 0, "104->107": 0, "107->104": 0, "107->108": 0, "108->107": 0, "107->109": 0, "109->107": 0, "109->110": 0, "110->109": 0, "109->111": 0, "111->109": 0, "111->112": 0, "112->111": 0, "109->113": 0, "113->109": 0, "113->114": 0, "114->113": 0, "107->115": 0, "115->107": 0, "115->116": 0, "116->115": 0, "115->117": 0, "117->115": 0, "117->118": 0, "118->117": 0, "117->119": 0, "119->117": 0, "119->120": 0, "120->119": 0, "119->121": 0, "121->119": 0, "121->122": 0, "122->121": 0, "119->123": 0, "123->119": 0, "123->124": 0, "124->123": 0, "117->125": 0, "125->117": 0, "125->126": 0, "126->125": 0, "125->127": 0, "127->125": 0, "127->128": 0, "128->127": 0, "125->129": 0, "129->125": 0, "129->130": 0, "130->129": 0, "125->131": 0, "131->125": 0, "115->132": 0, "132->115": 0, "132->133": 0, "133->132": 0, "132->134": 0, "134->132": 0, "134->135": 0, "135->134": 0, "134->136": 0, "136->134": 0, "136->137": 0, "137->136": 0, "136->138": 0, "138->136": 0, "138->139": 0, "139->138": 0, "136->140": 0, "140->136": 0, "134->141": 0, "141->134": 0, "141->142": 0, "142->141": 0, "141->143": 0, "143->141": 0, "134->144": 0, "144->134": 0, "132->145": 0, "145->132": 0, "145->146": 0, "146->145": 0, "104->147": 0, "147->104": 0, "72->148": 0, "148->72": 0, "148->149": 0, "149->148": 0, "149->150": 0, "150->149": 0, "150->151": 0, "151->150": 0, "151->152": 0, "152->151": 0, "150->153": 0, "153->150": 0, "153->154": 0, "154->153": 0, "153->155": 0, "155->153": 0, "155->156": 0, "156->155": 0, "156->157": 0, "157->156": 0, "156->158": 0, "158->156": 0, "155->159": 0, "159->155": 0, "153->160": 0, "160->153": 0, "150->161": 0, "161->150": 0, "0->162": 0, "162->0": 0, "162->163": 0, "163->162": 0, "163->164": 0, "164->163": 0, "162->165": 0, "165->162": 0, "165->166": 0, "166->165": 0, "166->167": 0, "167->166": 0, "167->168": 0, "168->167": 0, "167->169": 0, "169->167": 0, "169->170": 0, "170->169": 0, "167->171": 0, "171->167": 0, "165->172": 0, "172->165": 0, "172->173": 0, "173->172": 0, "173->174": 0, "174->173": 0, "162->175": 0, "175->162": 0, "175->176": 0, "176->175": 0, "176->177": 0, "177->176": 0, "177->178": 0, "178->177": 0, "1->3": 1, "3->1": 12, "3->5": 1, "5->3": 12, "5->6": 1, "6->5": 12, "6->10": 1, "10->6": 12, "10->17": 1, "17->10": 12, "17->24": 1, "24->17": 12, "24->32": 1, "32->24": 12, "32->41": 1, "41->32": 12, "41->49": 1, "49->41": 12, "49->60": 1, "60->49": 12, "60->67": 1, "67->60": 12, "67->72": 1, "72->67": 12, "72->162": 1, "162->72": 12, "7->9": 1, "9->7": 12, "11->16": 1, "16->11": 12, "12->13": 1, "13->12": 12, "18->23": 1, "23->18": 12, "19->20": 1, "20->19": 12, "25->28": 6, "28->25": 6, "26->27": 2, "27->26": 3, "33->37": 6, "37->33": 6, "34->35": 2, "35->34": 3, "35->36": 2, "36->35": 3, "42->44": 1, "44->42": 12, "45->46": 1, "46->45": 12, "47->48": 2, "48->47": 3, "50->52": 1, "52->50": 12, "53->54": 1, "54->53": 12, "55->56": 1, "56->55": 12, "56->59": 1, "59->56": 12, "57->58": 2, "58->57": 3, "62->63": 1, "63->62": 12, "63->65": 1, "65->63": 12, "68->70": 1, "70->68": 12, "73->79": 6, "79->73": 6, "79->148": 1, "148->79": 12, "74->75": 1, "75->74": 12, "75->78": 1, "78->75": 12, "76->77": 2, "77->76": 3, "80->90": 10, "90->80": 11, "90->103": 10, "103->90": 11, "81->83": 1, "83->81": 12, "84->85": 1, "85->84": 12, "86->87": 1, "87->86": 12, "87->89": 1, "89->87": 12, "91->93": 1, "93->91": 12, "94->95": 1, "95->94": 12, "96->97": 1, "97->96": 12, "97->99": 1, "99->97": 12, "99->102": 1, "102->99": 12, "100->101": 2, "101->100": 3, "105->107": 1, "107->105": 12, "107->147": 1, "147->107": 12, "108->109": 1, "109->108": 12, "109->115": 1, "115->109": 12, "110->111": 1, "111->110": 12, "111->113": 1, "113->111": 12, "116->117": 1, "117->116": 12, "117->132": 1, "132->117": 12, "118->119": 1, "119->118": 12, "119->125": 1, "125->119": 12, "120->121": 1, "121->120": 12, "121->123": 1, "123->121": 12, "126->127": 1, "127->126": 12, "127->129": 1, "129->127": 12, "129->131": 1, "131->129": 12, "133->134": 1, "134->133": 12, "134->145": 1, "145->134": 12, "135->136": 1, "136->135": 12, "136->141": 1, "141->136": 12, "141->144": 1, "144->141": 12, "137->138": 1, "138->137": 12, "138->140": 1, "140->138": 12, "142->143": 2, "143->142": 3, "151->153": 1, "153->151": 12, "153->161": 1, "161->153": 12, "154->155": 1, "155->154": 12, "155->160": 1, "160->155": 12, "156->159": 1, "159->156": 12, "157->158": 2, "158->157": 3, "163->165": 6, "165->163": 6, "165->175": 1, "175->165": 12, "166->172": 10, "172->166": 11, "168->169": 1, "169->168": 12, "169->171": 1, "171->169": 12, "73->148": 7, "148->73": 7, "163->175": 7, "175->163": 7, "2->4": 2, "4->2": 3, "4->5": 2, "5->4": 3, "5->8": 2, "8->5": 3, "8->9": 2, "9->8": 3, "9->12": 2, "12->9": 3, "12->15": 2, "15->12": 3, "15->16": 2, "16->15": 3, "16->19": 2, "19->16": 3, "19->22": 2, "22->19": 3, "22->23": 2, "23->22": 3, "23->26": 2, "26->23": 3, "27->31": 2, "31->27": 3, "31->34": 2, "34->31": 3, "36->40": 2, "40->36": 3, "40->43": 2, "43->40": 3, "43->45": 2, "45->43": 3, "45->47": 2, "47->45": 3, "48->51": 2, "51->48": 3, "51->53": 2, "53->51": 3, "53->55": 2, "55->53": 3, "55->57": 2, "57->55": 3, "58->59": 2, "59->58": 3, "59->62": 2, "62->59": 3, "62->64": 2, "64->62": 3, "64->66": 2, "66->64": 3, "66->69": 2, "69->66": 3, "69->71": 2, "71->69": 3, "71->74": 2, "74->71": 3, "74->76": 2, "76->74": 3, "77->78": 2, "78->77": 3, "78->82": 2, "82->78": 3, "82->84": 2, "84->82": 3, "84->86": 2, "86->84": 3, "86->88": 2, "88->86": 3, "88->89": 2, "89->88": 3, "89->92": 2, "92->89": 3, "92->94": 2, "94->92": 3, "94->96": 2, "96->94": 3, "96->98": 2, "98->96": 3, "98->100": 2, "100->98": 3, "101->102": 2, "102->101": 3, "102->106": 2, "106->102": 3, "106->108": 2, "108->106": 3, "108->110": 2, "110->108": 3, "110->112": 2, "112->110": 3, "112->114": 2, "114->112": 3, "114->116": 2, "116->114": 3, "116->118": 2, "118->116": 3, "118->120": 2, "120->118": 3, "120->122": 2, "122->120": 3, "122->124": 2, "124->122": 3, "124->126": 2, "126->124": 3, "126->128": 2, "128->126": 3, "128->130": 2, "130->128": 3, "130->131": 2, "131->130": 3, "131->133": 2, "133->131": 3, "133->135": 2, "135->133": 3, "135->137": 2, "137->135": 3, "137->139": 2, "139->137": 3, "139->140": 2, "140->139": 3, "140->142": 2, "142->140": 3, "143->144": 2, "144->143": 3, "144->146": 2, "146->144": 3, "146->147": 2, "147->146": 3, "147->152": 2, "152->147": 3, "152->154": 2, "154->152": 3, "154->157": 2, "157->154": 3, "158->159": 2, "159->158": 3, "159->160": 2, "160->159": 3, "160->161": 2, "161->160": 3, "161->164": 2, "164->161": 3, "164->168": 2, "168->164": 3, "168->170": 2, "170->168": 3, "170->171": 2, "171->170": 3, "171->174": 2, "174->171": 3, "174->178": 2, "178->174": 3, "98->130": 4, "130->98": 5, "101->143": 4, "143->101": 5, "143->158": 4, "158->143": 5, "106->152": 4, "152->106": 5, "152->164": 4, "164->152": 5, "112->122": 4, "122->112": 5}, "metrics": [27.0, 5.0, 3.0]}