{"nodelist": ["MethodDeclaration", "{'private'}", "private", "ReferenceType", "Map", "TypeArgument", "ReferenceType", "String", "TypeArgument", "ReferenceType", "List", "TypeArgument", "ReferenceType", "RegionInfo", "getAllRegionServerByName", "LocalVariableDeclaration", "ReferenceType", "Map", "TypeArgument", "ReferenceType", "String", "TypeArgument", "ReferenceType", "List", "TypeArgument", "ReferenceType", "RegionInfo", "VariableDeclarator", "rsAndRMap", "ClassCreator", "ReferenceType", "HashMap", "LocalVariableDeclaration", "ReferenceType", "Table", "VariableDeclarator", "table", "Literal", "null", "LocalVariableDeclaration", "ReferenceType", "RegionLocator", "VariableDeclarator", "regionLocator", "Literal", "null", "TryStatement", "IfStatement", "MethodInvocation", "LOG", "isDebugEnabled", "BlockStatement", "StatementExpression", "MethodInvocation", "LOG", "MethodInvocation", "String", "Literal", "\"reading list of tables and locations\"", "format", "debug", "LocalVariableDeclaration", "ReferenceType", "HTableDescriptor", "VariableDeclarator", "tableDescs", "This", "MemberReference", "admin", "MethodInvocation", "listTables", "LocalVariableDeclaration", "ReferenceType", "List", "TypeArgument", "ReferenceType", "RegionInfo", "VariableDeclarator", "regions", "Literal", "null", "ForStatement", "EnhancedForControl", "VariableDeclaration", "ReferenceType", "HTableDescriptor", "VariableDeclarator", "tableDesc", "MemberReference", "tableDescs", "BlockStatement", "StatementExpression", "Assignment", "MemberReference", "table", "This", "MemberReference", "admin", "MethodInvocation", "getConnection", "MethodInvocation", "MethodInvocation", "tableDesc", "getTableName", "getTable", "=", "StatementExpression", "Assignment", "MemberReference", "regionLocator", "This", "MemberReference", "admin", "MethodInvocation", "getConnection", "MethodInvocation", "MethodInvocation", "tableDesc", "getTableName", "getRegionLocator", "=", "ForStatement", "EnhancedForControl", "VariableDeclaration", "ReferenceType", "HRegionLocation", "VariableDeclarator", "location", "MethodInvocation", "regionLocator", "getAllRegionLocations", "BlockStatement", "LocalVariableDeclaration", "ReferenceType", "ServerName", "VariableDeclarator", "rs", "MethodInvocation", "location", "getServerName", "LocalVariableDeclaration", "ReferenceType", "String", "VariableDeclarator", "rsName", "MethodInvocation", "rs", "getHostname", "LocalVariableDeclaration", "ReferenceType", "RegionInfo", "VariableDeclarator", "r", "MethodInvocation", "location", "getRegionInfo", "IfStatement", "MethodInvocation", "rsAndRMap", "MemberReference", "rsName", "containsKey", "BlockStatement", "StatementExpression", "Assignment", "MemberReference", "regions", "MethodInvocation", "rsAndRMap", "MemberReference", "rsName", "get", "=", "BlockStatement", "StatementExpression", "Assignment", "MemberReference", "regions", "ClassCreator", "ReferenceType", "ArrayList", "=", "StatementExpression", "MethodInvocation", "rsAndRMap", "MemberReference", "rsName", "MemberReference", "regions", "put", "StatementExpression", "MethodInvocation", "regions", "MemberReference", "r", "add", "StatementExpression", "MethodInvocation", "table", "close", "ForStatement", "EnhancedForControl", "VariableDeclaration", "ReferenceType", "ServerName", "VariableDeclarator", "rs", "This", "MemberReference", "admin", "MethodInvocation", "MethodInvocation", "EnumSet", "MemberReference", "Option", "LIVE_SERVERS", "of", "getClusterMetrics", "MethodInvocation", "getLiveServerMetrics", "MethodInvocation", "keySet", "BlockStatement", "LocalVariableDeclaration", "ReferenceType", "String", "VariableDeclarator", "rsName", "MethodInvocation", "rs", "getHostname", "IfStatement", "MethodInvocation", "!", "rsAndRMap", "MemberReference", "rsName", "containsKey", "BlockStatement", "StatementExpression", "MethodInvocation", "rsAndRMap", "MemberReference", "rsName", "MethodInvocation", "TypeArgument", "ReferenceType", "RegionInfo", "Collections", "put", "CatchClause", "CatchClauseParameter", "IOException", "e", "LocalVariableDeclaration", "ReferenceType", "String", "VariableDeclarator", "msg", "Literal", "\"Get HTables info failed\"", "StatementExpression", "MethodInvocation", "LOG", "MemberReference", "msg", "MemberReference", "e", "error", "StatementExpression", "Assignment", "This", "MemberReference", "errorCode", "MemberReference", "INIT_ERROR_EXIT_CODE", "=", "IfStatement", "BinaryOperation", "!=", "MemberReference", "table", "Literal", "null", "BlockStatement", "TryStatement", "StatementExpression", "MethodInvocation", "table", "close", "CatchClause", "CatchClauseParameter", "IOException", "e", "StatementExpression", "MethodInvocation", "LOG", "Literal", "\"Close table failed\"", "MemberReference", "e", "warn", "ReturnStatement", "MemberReference", "rsAndRMap"], "nodes": {"0": "MethodDeclaration", "1": "Modifier", "2": "private", "3": "ReferenceType", "4": "Map", "5": "TypeArgument", "6": "ReferenceType", "7": "String", "8": "TypeArgument", "9": "ReferenceType", "10": "List", "11": "TypeArgument", "12": "ReferenceType", "13": "RegionInfo", "14": "getAllRegionServerByName", "15": "LocalVariableDeclaration", "16": "ReferenceType", "17": "Map", "18": "TypeArgument", "19": "ReferenceType", "20": "String", "21": "TypeArgument", "22": "ReferenceType", "23": "List", "24": "TypeArgument", "25": "ReferenceType", "26": "RegionInfo", "27": "VariableDeclarator", "28": "rsAndRMap", "29": "ClassCreator", "30": "ReferenceType", "31": "HashMap", "32": "LocalVariableDeclaration", "33": "ReferenceType", "34": "Table", "35": "VariableDeclarator", "36": "table", "37": "Literal", "38": "null", "39": "LocalVariableDeclaration", "40": "ReferenceType", "41": "RegionLocator", "42": "VariableDeclarator", "43": "regionLocator", "44": "Literal", "45": "null", "46": "TryStatement", "47": "IfStatement", "48": "MethodInvocation", "49": "LOG", "50": "isDebugEnabled", "51": "BlockStatement", "52": "StatementExpression", "53": "MethodInvocation", "54": "LOG", "55": "MethodInvocation", "56": "String", "57": "Literal", "58": "\"reading list of tables and locations\"", "59": "format", "60": "debug", "61": "LocalVariableDeclaration", "62": "ReferenceType", "63": "HTableDescriptor", "64": "VariableDeclarator", "65": "tableDescs", "66": "This", "67": "MemberReference", "68": "admin", "69": "MethodInvocation", "70": "listTables", "71": "LocalVariableDeclaration", "72": "ReferenceType", "73": "List", "74": "TypeArgument", "75": "ReferenceType", "76": "RegionInfo", "77": "VariableDeclarator", "78": "regions", "79": "Literal", "80": "null", "81": "ForStatement", "82": "EnhancedForControl", "83": "VariableDeclaration", "84": "ReferenceType", "85": "HTableDescriptor", "86": "VariableDeclarator", "87": "tableDesc", "88": "MemberReference", "89": "tableDescs", "90": "BlockStatement", "91": "StatementExpression", "92": "Assignment", "93": "MemberReference", "94": "table", "95": "This", "96": "MemberReference", "97": "admin", "98": "MethodInvocation", "99": "getConnection", "100": "MethodInvocation", "101": "MethodInvocation", "102": "tableDesc", "103": "getTableName", "104": "getTable", "105": "=", "106": "StatementExpression", "107": "Assignment", "108": "MemberReference", "109": "regionLocator", "110": "This", "111": "MemberReference", "112": "admin", "113": "MethodInvocation", "114": "getConnection", "115": "MethodInvocation", "116": "MethodInvocation", "117": "tableDesc", "118": "getTableName", "119": "getRegionLocator", "120": "=", "121": "ForStatement", "122": "EnhancedForControl", "123": "VariableDeclaration", "124": "ReferenceType", "125": "HRegionLocation", "126": "VariableDeclarator", "127": "location", "128": "MethodInvocation", "129": "regionLocator", "130": "getAllRegionLocations", "131": "BlockStatement", "132": "LocalVariableDeclaration", "133": "ReferenceType", "134": "ServerName", "135": "VariableDeclarator", "136": "rs", "137": "MethodInvocation", "138": "location", "139": "getServerName", "140": "LocalVariableDeclaration", "141": "ReferenceType", "142": "String", "143": "VariableDeclarator", "144": "rsName", "145": "MethodInvocation", "146": "rs", "147": "getHostname", "148": "LocalVariableDeclaration", "149": "ReferenceType", "150": "RegionInfo", "151": "VariableDeclarator", "152": "r", "153": "MethodInvocation", "154": "location", "155": "getRegionInfo", "156": "IfStatement", "157": "MethodInvocation", "158": "rsAndRMap", "159": "MemberReference", "160": "rsName", "161": "containsKey", "162": "BlockStatement", "163": "StatementExpression", "164": "Assignment", "165": "MemberReference", "166": "regions", "167": "MethodInvocation", "168": "rsAndRMap", "169": "MemberReference", "170": "rsName", "171": "get", "172": "=", "173": "BlockStatement", "174": "StatementExpression", "175": "Assignment", "176": "MemberReference", "177": "regions", "178": "ClassCreator", "179": "ReferenceType", "180": "ArrayList", "181": "=", "182": "StatementExpression", "183": "MethodInvocation", "184": "rsAndRMap", "185": "MemberReference", "186": "rsName", "187": "MemberReference", "188": "regions", "189": "put", "190": "StatementExpression", "191": "MethodInvocation", "192": "regions", "193": "MemberReference", "194": "r", "195": "add", "196": "StatementExpression", "197": "MethodInvocation", "198": "table", "199": "close", "200": "ForStatement", "201": "EnhancedForControl", "202": "VariableDeclaration", "203": "ReferenceType", "204": "ServerName", "205": "VariableDeclarator", "206": "rs", "207": "This", "208": "MemberReference", "209": "admin", "210": "MethodInvocation", "211": "MethodInvocation", "212": "EnumSet", "213": "MemberReference", "214": "Option", "215": "LIVE_SERVERS", "216": "of", "217": "getClusterMetrics", "218": "MethodInvocation", "219": "getLiveServerMetrics", "220": "MethodInvocation", "221": "keySet", "222": "BlockStatement", "223": "LocalVariableDeclaration", "224": "ReferenceType", "225": "String", "226": "VariableDeclarator", "227": "rsName", "228": "MethodInvocation", "229": "rs", "230": "getHostname", "231": "IfStatement", "232": "MethodInvocation", "233": "!", "234": "rsAndRMap", "235": "MemberReference", "236": "rsName", "237": "containsKey", "238": "BlockStatement", "239": "StatementExpression", "240": "MethodInvocation", "241": "rsAndRMap", "242": "MemberReference", "243": "rsName", "244": "MethodInvocation", "245": "TypeArgument", "246": "ReferenceType", "247": "RegionInfo", "248": "Collections", "249": "put", "250": "CatchClause", "251": "CatchClauseParameter", "252": "IOException", "253": "e", "254": "LocalVariableDeclaration", "255": "ReferenceType", "256": "String", "257": "VariableDeclarator", "258": "msg", "259": "Literal", "260": "\"Get HTables info failed\"", "261": "StatementExpression", "262": "MethodInvocation", "263": "LOG", "264": "MemberReference", "265": "msg", "266": "MemberReference", "267": "e", "268": "error", "269": "StatementExpression", "270": "Assignment", "271": "This", "272": "MemberReference", "273": "errorCode", "274": "MemberReference", "275": "INIT_ERROR_EXIT_CODE", "276": "=", "277": "IfStatement", "278": "BinaryOperation", "279": "!=", "280": "MemberReference", "281": "table", "282": "Literal", "283": "null", "284": "BlockStatement", "285": "TryStatement", "286": "StatementExpression", "287": "MethodInvocation", "288": "table", "289": "close", "290": "CatchClause", "291": "CatchClauseParameter", "292": "IOException", "293": "e", "294": "StatementExpression", "295": "MethodInvocation", "296": "LOG", "297": "Literal", "298": "\"Close table failed\"", "299": "MemberReference", "300": "e", "301": "warn", "302": "ReturnStatement", "303": "MemberReference", "304": "rsAndRMap"}, "edges": {"0->1": 0, "1->0": 0, "1->2": 0, "2->1": 0, "0->3": 0, "3->0": 0, "3->4": 0, "4->3": 0, "3->5": 0, "5->3": 0, "5->6": 0, "6->5": 0, "6->7": 0, "7->6": 0, "3->8": 0, "8->3": 0, "8->9": 0, "9->8": 0, "9->10": 0, "10->9": 0, "9->11": 0, "11->9": 0, "11->12": 0, "12->11": 0, "12->13": 0, "13->12": 0, "0->14": 0, "14->0": 0, "0->15": 0, "15->0": 0, "15->16": 0, "16->15": 0, "16->17": 0, "17->16": 0, "16->18": 0, "18->16": 0, "18->19": 0, "19->18": 0, "19->20": 0, "20->19": 0, "16->21": 0, "21->16": 0, "21->22": 0, "22->21": 0, "22->23": 0, "23->22": 0, "22->24": 0, "24->22": 0, "24->25": 0, "25->24": 0, "25->26": 0, "26->25": 0, "15->27": 0, "27->15": 0, "27->28": 0, "28->27": 0, "27->29": 0, "29->27": 0, "29->30": 0, "30->29": 0, "30->31": 0, "31->30": 0, "0->32": 0, "32->0": 0, "32->33": 0, "33->32": 0, "33->34": 0, "34->33": 0, "32->35": 0, "35->32": 0, "35->36": 0, "36->35": 0, "35->37": 0, "37->35": 0, "37->38": 0, "38->37": 0, "0->39": 0, "39->0": 0, "39->40": 0, "40->39": 0, "40->41": 0, "41->40": 0, "39->42": 0, "42->39": 0, "42->43": 0, "43->42": 0, "42->44": 0, "44->42": 0, "44->45": 0, "45->44": 0, "0->46": 0, "46->0": 0, "46->47": 0, "47->46": 0, "47->48": 0, "48->47": 0, "48->49": 0, "49->48": 0, "48->50": 0, "50->48": 0, "47->51": 0, "51->47": 0, "51->52": 0, "52->51": 0, "52->53": 0, "53->52": 0, "53->54": 0, "54->53": 0, "53->55": 0, "55->53": 0, "55->56": 0, "56->55": 0, "55->57": 0, "57->55": 0, "57->58": 0, "58->57": 0, "55->59": 0, "59->55": 0, "53->60": 0, "60->53": 0, "46->61": 0, "61->46": 0, "61->62": 0, "62->61": 0, "62->63": 0, "63->62": 0, "61->64": 0, "64->61": 0, "64->65": 0, "65->64": 0, "64->66": 0, "66->64": 0, "66->67": 0, "67->66": 0, "67->68": 0, "68->67": 0, "66->69": 0, "69->66": 0, "69->70": 0, "70->69": 0, "46->71": 0, "71->46": 0, "71->72": 0, "72->71": 0, "72->73": 0, "73->72": 0, "72->74": 0, "74->72": 0, "74->75": 0, "75->74": 0, "75->76": 0, "76->75": 0, "71->77": 0, "77->71": 0, "77->78": 0, "78->77": 0, "77->79": 0, "79->77": 0, "79->80": 0, "80->79": 0, "46->81": 0, "81->46": 0, "81->82": 0, "82->81": 0, "82->83": 0, "83->82": 0, "83->84": 0, "84->83": 0, "84->85": 0, "85->84": 0, "83->86": 0, "86->83": 0, "86->87": 0, "87->86": 0, "82->88": 0, "88->82": 0, "88->89": 0, "89->88": 0, "81->90": 0, "90->81": 0, "90->91": 0, "91->90": 0, "91->92": 0, "92->91": 0, "92->93": 0, "93->92": 0, "93->94": 0, "94->93": 0, "92->95": 0, "95->92": 0, "95->96": 0, "96->95": 0, "96->97": 0, "97->96": 0, "95->98": 0, "98->95": 0, "98->99": 0, "99->98": 0, "95->100": 0, "100->95": 0, "100->101": 0, "101->100": 0, "101->102": 0, "102->101": 0, "101->103": 0, "103->101": 0, "100->104": 0, "104->100": 0, "92->105": 0, "105->92": 0, "90->106": 0, "106->90": 0, "106->107": 0, "107->106": 0, "107->108": 0, "108->107": 0, "108->109": 0, "109->108": 0, "107->110": 0, "110->107": 0, "110->111": 0, "111->110": 0, "111->112": 0, "112->111": 0, "110->113": 0, "113->110": 0, "113->114": 0, "114->113": 0, "110->115": 0, "115->110": 0, "115->116": 0, "116->115": 0, "116->117": 0, "117->116": 0, "116->118": 0, "118->116": 0, "115->119": 0, "119->115": 0, "107->120": 0, "120->107": 0, "90->121": 0, "121->90": 0, "121->122": 0, "122->121": 0, "122->123": 0, "123->122": 0, "123->124": 0, "124->123": 0, "124->125": 0, "125->124": 0, "123->126": 0, "126->123": 0, "126->127": 0, "127->126": 0, "122->128": 0, "128->122": 0, "128->129": 0, "129->128": 0, "128->130": 0, "130->128": 0, "121->131": 0, "131->121": 0, "131->132": 0, "132->131": 0, "132->133": 0, "133->132": 0, "133->134": 0, "134->133": 0, "132->135": 0, "135->132": 0, "135->136": 0, "136->135": 0, "135->137": 0, "137->135": 0, "137->138": 0, "138->137": 0, "137->139": 0, "139->137": 0, "131->140": 0, "140->131": 0, "140->141": 0, "141->140": 0, "141->142": 0, "142->141": 0, "140->143": 0, "143->140": 0, "143->144": 0, "144->143": 0, "143->145": 0, "145->143": 0, "145->146": 0, "146->145": 0, "145->147": 0, "147->145": 0, "131->148": 0, "148->131": 0, "148->149": 0, "149->148": 0, "149->150": 0, "150->149": 0, "148->151": 0, "151->148": 0, "151->152": 0, "152->151": 0, "151->153": 0, "153->151": 0, "153->154": 0, "154->153": 0, "153->155": 0, "155->153": 0, "131->156": 0, "156->131": 0, "156->157": 0, "157->156": 0, "157->158": 0, "158->157": 0, "157->159": 0, "159->157": 0, "159->160": 0, "160->159": 0, "157->161": 0, "161->157": 0, "156->162": 0, "162->156": 0, "162->163": 0, "163->162": 0, "163->164": 0, "164->163": 0, "164->165": 0, "165->164": 0, "165->166": 0, "166->165": 0, "164->167": 0, "167->164": 0, "167->168": 0, "168->167": 0, "167->169": 0, "169->167": 0, "169->170": 0, "170->169": 0, "167->171": 0, "171->167": 0, "164->172": 0, "172->164": 0, "156->173": 0, "173->156": 0, "173->174": 0, "174->173": 0, "174->175": 0, "175->174": 0, "175->176": 0, "176->175": 0, "176->177": 0, "177->176": 0, "175->178": 0, "178->175": 0, "178->179": 0, "179->178": 0, "179->180": 0, "180->179": 0, "175->181": 0, "181->175": 0, "173->182": 0, "182->173": 0, "182->183": 0, "183->182": 0, "183->184": 0, "184->183": 0, "183->185": 0, "185->183": 0, "185->186": 0, "186->185": 0, "183->187": 0, "187->183": 0, "187->188": 0, "188->187": 0, "183->189": 0, "189->183": 0, "131->190": 0, "190->131": 0, "190->191": 0, "191->190": 0, "191->192": 0, "192->191": 0, "191->193": 0, "193->191": 0, "193->194": 0, "194->193": 0, "191->195": 0, "195->191": 0, "90->196": 0, "196->90": 0, "196->197": 0, "197->196": 0, "197->198": 0, "198->197": 0, "197->199": 0, "199->197": 0, "46->200": 0, "200->46": 0, "200->201": 0, "201->200": 0, "201->202": 0, "202->201": 0, "202->203": 0, "203->202": 0, "203->204": 0, "204->203": 0, "202->205": 0, "205->202": 0, "205->206": 0, "206->205": 0, "201->207": 0, "207->201": 0, "207->208": 0, "208->207": 0, "208->209": 0, "209->208": 0, "207->210": 0, "210->207": 0, "210->211": 0, "211->210": 0, "211->212": 0, "212->211": 0, "211->213": 0, "213->211": 0, "213->214": 0, "214->213": 0, "213->215": 0, "215->213": 0, "211->216": 0, "216->211": 0, "210->217": 0, "217->210": 0, "207->218": 0, "218->207": 0, "218->219": 0, "219->218": 0, "207->220": 0, "220->207": 0, "220->221": 0, "221->220": 0, "200->222": 0, "222->200": 0, "222->223": 0, "223->222": 0, "223->224": 0, "224->223": 0, "224->225": 0, "225->224": 0, "223->226": 0, "226->223": 0, "226->227": 0, "227->226": 0, "226->228": 0, "228->226": 0, "228->229": 0, "229->228": 0, "228->230": 0, "230->228": 0, "222->231": 0, "231->222": 0, "231->232": 0, "232->231": 0, "232->233": 0, "233->232": 0, "232->234": 0, "234->232": 0, "232->235": 0, "235->232": 0, "235->236": 0, "236->235": 0, "232->237": 0, "237->232": 0, "231->238": 0, "238->231": 0, "238->239": 0, "239->238": 0, "239->240": 0, "240->239": 0, "240->241": 0, "241->240": 0, "240->242": 0, "242->240": 0, "242->243": 0, "243->242": 0, "240->244": 0, "244->240": 0, "244->245": 0, "245->244": 0, "245->246": 0, "246->245": 0, "246->247": 0, "247->246": 0, "244->248": 0, "248->244": 0, "240->249": 0, "249->240": 0, "46->250": 0, "250->46": 0, "250->251": 0, "251->250": 0, "251->252": 0, "252->251": 0, "251->253": 0, "253->251": 0, "250->254": 0, "254->250": 0, "254->255": 0, "255->254": 0, "255->256": 0, "256->255": 0, "254->257": 0, "257->254": 0, "257->258": 0, "258->257": 0, "257->259": 0, "259->257": 0, "259->260": 0, "260->259": 0, "250->261": 0, "261->250": 0, "261->262": 0, "262->261": 0, "262->263": 0, "263->262": 0, "262->264": 0, "264->262": 0, "264->265": 0, "265->264": 0, "262->266": 0, "266->262": 0, "266->267": 0, "267->266": 0, "262->268": 0, "268->262": 0, "250->269": 0, "269->250": 0, "269->270": 0, "270->269": 0, "270->271": 0, "271->270": 0, "271->272": 0, "272->271": 0, "272->273": 0, "273->272": 0, "270->274": 0, "274->270": 0, "274->275": 0, "275->274": 0, "270->276": 0, "276->270": 0, "46->277": 0, "277->46": 0, "277->278": 0, "278->277": 0, "278->279": 0, "279->278": 0, "278->280": 0, "280->278": 0, "280->281": 0, "281->280": 0, "278->282": 0, "282->278": 0, "282->283": 0, "283->282": 0, "277->284": 0, "284->277": 0, "284->285": 0, "285->284": 0, "285->286": 0, "286->285": 0, "286->287": 0, "287->286": 0, "287->288": 0, "288->287": 0, "287->289": 0, "289->287": 0, "285->290": 0, "290->285": 0, "290->291": 0, "291->290": 0, "291->292": 0, "292->291": 0, "291->293": 0, "293->291": 0, "290->294": 0, "294->290": 0, "294->295": 0, "295->294": 0, "295->296": 0, "296->295": 0, "295->297": 0, "297->295": 0, "297->298": 0, "298->297": 0, "295->299": 0, "299->295": 0, "299->300": 0, "300->299": 0, "295->301": 0, "301->295": 0, "0->302": 0, "302->0": 0, "302->303": 0, "303->302": 0, "303->304": 0, "304->303": 0, "1->3": 1, "3->1": 12, "3->14": 1, "14->3": 12, "14->15": 1, "15->14": 12, "15->32": 1, "32->15": 12, "32->39": 1, "39->32": 12, "39->46": 1, "46->39": 12, "46->302": 1, "302->46": 12, "4->5": 1, "5->4": 12, "5->8": 1, "8->5": 12, "10->11": 1, "11->10": 12, "16->27": 1, "27->16": 12, "17->18": 1, "18->17": 12, "18->21": 1, "21->18": 12, "23->24": 1, "24->23": 12, "28->29": 1, "29->28": 12, "33->35": 1, "35->33": 12, "36->37": 1, "37->36": 12, "40->42": 1, "42->40": 12, "43->44": 1, "44->43": 12, "47->61": 1, "61->47": 12, "61->71": 1, "71->61": 12, "71->81": 1, "81->71": 12, "81->200": 1, "200->81": 12, "200->250": 1, "250->200": 12, "250->277": 1, "277->250": 12, "48->51": 6, "51->48": 6, "49->50": 2, "50->49": 3, "54->55": 1, "55->54": 12, "55->60": 1, "60->55": 12, "56->57": 1, "57->56": 12, "57->59": 1, "59->57": 12, "62->64": 1, "64->62": 12, "65->66": 1, "66->65": 12, "67->69": 1, "69->67": 12, "72->77": 1, "77->72": 12, "73->74": 1, "74->73": 12, "78->79": 1, "79->78": 12, "82->90": 9, "90->82": 9, "83->88": 1, "88->83": 12, "84->86": 1, "86->84": 12, "91->106": 10, "106->91": 11, "106->121": 10, "121->106": 11, "121->196": 10, "196->121": 11, "93->95": 1, "95->93": 12, "95->105": 1, "105->95": 12, "96->98": 1, "98->96": 12, "98->100": 1, "100->98": 12, "101->104": 1, "104->101": 12, "102->103": 2, "103->102": 3, "108->110": 1, "110->108": 12, "110->120": 1, "120->110": 12, "111->113": 1, "113->111": 12, "113->115": 1, "115->113": 12, "116->119": 1, "119->116": 12, "117->118": 2, "118->117": 3, "122->131": 9, "131->122": 9, "123->128": 1, "128->123": 12, "124->126": 1, "126->124": 12, "129->130": 2, "130->129": 3, "132->140": 10, "140->132": 11, "140->148": 10, "148->140": 11, "148->156": 10, "156->148": 11, "156->190": 10, "190->156": 11, "133->135": 1, "135->133": 12, "136->137": 1, "137->136": 12, "138->139": 2, "139->138": 3, "141->143": 1, "143->141": 12, "144->145": 1, "145->144": 12, "146->147": 2, "147->146": 3, "149->151": 1, "151->149": 12, "152->153": 1, "153->152": 12, "154->155": 2, "155->154": 3, "157->162": 6, "162->157": 6, "162->173": 1, "173->162": 12, "158->159": 1, "159->158": 12, "159->161": 1, "161->159": 12, "165->167": 1, "167->165": 12, "167->172": 1, "172->167": 12, "168->169": 1, "169->168": 12, "169->171": 1, "171->169": 12, "174->182": 10, "182->174": 11, "176->178": 1, "178->176": 12, "178->181": 1, "181->178": 12, "184->185": 1, "185->184": 12, "185->187": 1, "187->185": 12, "187->189": 1, "189->187": 12, "192->193": 1, "193->192": 12, "193->195": 1, "195->193": 12, "198->199": 2, "199->198": 3, "201->222": 9, "222->201": 9, "202->207": 1, "207->202": 12, "203->205": 1, "205->203": 12, "208->210": 1, "210->208": 12, "210->218": 1, "218->210": 12, "218->220": 1, "220->218": 12, "211->217": 1, "217->211": 12, "212->213": 1, "213->212": 12, "213->216": 1, "216->213": 12, "214->215": 2, "215->214": 3, "223->231": 10, "231->223": 11, "224->226": 1, "226->224": 12, "227->228": 1, "228->227": 12, "229->230": 2, "230->229": 3, "232->238": 6, "238->232": 6, "233->234": 2, "234->233": 3, "234->235": 1, "235->234": 12, "235->237": 1, "237->235": 12, "241->242": 1, "242->241": 12, "242->244": 1, "244->242": 12, "244->249": 1, "249->244": 12, "245->248": 1, "248->245": 12, "251->254": 1, "254->251": 12, "254->261": 1, "261->254": 12, "261->269": 1, "269->261": 12, "252->253": 2, "253->252": 3, "255->257": 1, "257->255": 12, "258->259": 1, "259->258": 12, "263->264": 1, "264->263": 12, "264->266": 1, "266->264": 12, "266->268": 1, "268->266": 12, "271->274": 1, "274->271": 12, "274->276": 1, "276->274": 12, "278->284": 6, "284->278": 6, "279->280": 1, "280->279": 12, "280->282": 1, "282->280": 12, "286->290": 1, "290->286": 12, "288->289": 2, "289->288": 3, "291->294": 1, "294->291": 12, "292->293": 2, "293->292": 3, "296->297": 1, "297->296": 12, "297->299": 1, "299->297": 12, "299->301": 1, "301->299": 12, "157->173": 7, "173->157": 7, "2->4": 2, "4->2": 3, "4->7": 2, "7->4": 3, "7->10": 2, "10->7": 3, "10->13": 2, "13->10": 3, "13->14": 2, "14->13": 3, "14->17": 2, "17->14": 3, "17->20": 2, "20->17": 3, "20->23": 2, "23->20": 3, "23->26": 2, "26->23": 3, "26->28": 2, "28->26": 3, "28->31": 2, "31->28": 3, "31->34": 2, "34->31": 3, "34->36": 2, "36->34": 3, "36->38": 2, "38->36": 3, "38->41": 2, "41->38": 3, "41->43": 2, "43->41": 3, "43->45": 2, "45->43": 3, "45->49": 2, "49->45": 3, "50->54": 2, "54->50": 3, "54->56": 2, "56->54": 3, "56->58": 2, "58->56": 3, "58->59": 2, "59->58": 3, "59->60": 2, "60->59": 3, "60->63": 2, "63->60": 3, "63->65": 2, "65->63": 3, "65->68": 2, "68->65": 3, "68->70": 2, "70->68": 3, "70->73": 2, "73->70": 3, "73->76": 2, "76->73": 3, "76->78": 2, "78->76": 3, "78->80": 2, "80->78": 3, "80->85": 2, "85->80": 3, "85->87": 2, "87->85": 3, "87->89": 2, "89->87": 3, "89->94": 2, "94->89": 3, "94->97": 2, "97->94": 3, "97->99": 2, "99->97": 3, "99->102": 2, "102->99": 3, "103->104": 2, "104->103": 3, "104->105": 2, "105->104": 3, "105->109": 2, "109->105": 3, "109->112": 2, "112->109": 3, "112->114": 2, "114->112": 3, "114->117": 2, "117->114": 3, "118->119": 2, "119->118": 3, "119->120": 2, "120->119": 3, "120->125": 2, "125->120": 3, "125->127": 2, "127->125": 3, "127->129": 2, "129->127": 3, "130->134": 2, "134->130": 3, "134->136": 2, "136->134": 3, "136->138": 2, "138->136": 3, "139->142": 2, "142->139": 3, "142->144": 2, "144->142": 3, "144->146": 2, "146->144": 3, "147->150": 2, "150->147": 3, "150->152": 2, "152->150": 3, "152->154": 2, "154->152": 3, "155->158": 2, "158->155": 3, "158->160": 2, "160->158": 3, "160->161": 2, "161->160": 3, "161->166": 2, "166->161": 3, "166->168": 2, "168->166": 3, "168->170": 2, "170->168": 3, "170->171": 2, "171->170": 3, "171->172": 2, "172->171": 3, "172->177": 2, "177->172": 3, "177->180": 2, "180->177": 3, "180->181": 2, "181->180": 3, "181->184": 2, "184->181": 3, "184->186": 2, "186->184": 3, "186->188": 2, "188->186": 3, "188->189": 2, "189->188": 3, "189->192": 2, "192->189": 3, "192->194": 2, "194->192": 3, "194->195": 2, "195->194": 3, "195->198": 2, "198->195": 3, "199->204": 2, "204->199": 3, "204->206": 2, "206->204": 3, "206->209": 2, "209->206": 3, "209->212": 2, "212->209": 3, "212->214": 2, "214->212": 3, "215->216": 2, "216->215": 3, "216->217": 2, "217->216": 3, "217->219": 2, "219->217": 3, "219->221": 2, "221->219": 3, "221->225": 2, "225->221": 3, "225->227": 2, "227->225": 3, "227->229": 2, "229->227": 3, "230->233": 2, "233->230": 3, "234->236": 2, "236->234": 3, "236->237": 2, "237->236": 3, "237->241": 2, "241->237": 3, "241->243": 2, "243->241": 3, "243->247": 2, "247->243": 3, "247->248": 2, "248->247": 3, "248->249": 2, "249->248": 3, "249->252": 2, "252->249": 3, "253->256": 2, "256->253": 3, "256->258": 2, "258->256": 3, "258->260": 2, "260->258": 3, "260->263": 2, "263->260": 3, "263->265": 2, "265->263": 3, "265->267": 2, "267->265": 3, "267->268": 2, "268->267": 3, "268->273": 2, "273->268": 3, "273->275": 2, "275->273": 3, "275->276": 2, "276->275": 3, "276->279": 2, "279->276": 3, "279->281": 2, "281->279": 3, "281->283": 2, "283->281": 3, "283->288": 2, "288->283": 3, "289->292": 2, "292->289": 3, "293->296": 2, "296->293": 3, "296->298": 2, "298->296": 3, "298->300": 2, "300->298": 3, "300->301": 2, "301->300": 3, "301->304": 2, "304->301": 3, "68->97": 4, "97->68": 5, "97->112": 4, "112->97": 5, "112->209": 4, "209->112": 5, "94->281": 4, "281->94": 5, "160->170": 4, "170->160": 5, "170->186": 4, "186->170": 5, "186->236": 4, "236->186": 5, "236->243": 4, "243->236": 5, "166->177": 4, "177->166": 5, "177->188": 4, "188->177": 5, "267->300": 4, "300->267": 5}, "metrics": [52.0, 8.0, 0.0]}