{"nodelist": ["MethodDeclaration", "{'public'}", "public", "prepareDeleteTimestamps", "FormalParameter", "ReferenceType", "Mutation", "mutation", "FormalParameter", "ReferenceType", "Map", "TypeArgument", "BasicType", "byte", "TypeArgument", "ReferenceType", "List", "TypeArgument", "ReferenceType", "Cell", "familyMap", "FormalParameter", "BasicType", "byte", "byteNow", "IOException", "ForStatement", "EnhancedForControl", "VariableDeclaration", "ReferenceType", "Map", "ReferenceType", "Entry", "TypeArgument", "BasicType", "byte", "TypeArgument", "ReferenceType", "List", "TypeArgument", "ReferenceType", "Cell", "VariableDeclarator", "e", "MethodInvocation", "familyMap", "entrySet", "BlockStatement", "LocalVariableDeclaration", "BasicType", "byte", "VariableDeclarator", "family", "MethodInvocation", "e", "getKey", "LocalVariableDeclaration", "ReferenceType", "List", "TypeArgument", "ReferenceType", "Cell", "VariableDeclarator", "cells", "MethodInvocation", "e", "getValue", "AssertStatement", "BinaryOperation", "instanceof", "MemberReference", "cells", "ReferenceType", "RandomAccess", "LocalVariableDeclaration", "ReferenceType", "Map", "TypeArgument", "BasicType", "byte", "TypeArgument", "ReferenceType", "Integer", "VariableDeclarator", "kvCount", "ClassCreator", "ReferenceType", "TreeMap", "MemberReference", "Bytes", "BYTES_COMPARATOR", "LocalVariableDeclaration", "BasicType", "int", "VariableDeclarator", "listSize", "MethodInvocation", "cells", "size", "ForStatement", "ForControl", "VariableDeclaration", "BasicType", "int", "VariableDeclarator", "i", "Literal", "0", "BinaryOperation", "<", "MemberReference", "i", "MemberReference", "listSize", "MemberReference", "++", "i", "BlockStatement", "LocalVariableDeclaration", "ReferenceType", "Cell", "VariableDeclarator", "cell", "MethodInvocation", "cells", "MemberReference", "i", "get", "IfStatement", "BinaryOperation", "&&", "BinaryOperation", "==", "MethodInvocation", "cell", "getTimestamp", "MemberReference", "HConstants", "LATEST_TIMESTAMP", "MethodInvocation", "PrivateCellUtil", "MemberReference", "cell", "isDeleteType", "BlockStatement", "LocalVariableDeclaration", "BasicType", "byte", "VariableDeclarator", "qual", "MethodInvocation", "CellUtil", "MemberReference", "cell", "cloneQualifier", "LocalVariableDeclaration", "ReferenceType", "Integer", "VariableDeclarator", "count", "MethodInvocation", "kvCount", "MemberReference", "qual", "get", "IfStatement", "BinaryOperation", "==", "MemberReference", "count", "Literal", "null", "BlockStatement", "StatementExpression", "MethodInvocation", "kvCount", "MemberReference", "qual", "Literal", "1", "put", "BlockStatement", "StatementExpression", "MethodInvocation", "kvCount", "MemberReference", "qual", "BinaryOperation", "+", "MemberReference", "count", "Literal", "1", "put", "StatementExpression", "Assignment", "MemberReference", "count", "MethodInvocation", "kvCount", "MemberReference", "qual", "get", "=", "LocalVariableDeclaration", "ReferenceType", "Get", "VariableDeclarator", "get", "ClassCreator", "ReferenceType", "Get", "MethodInvocation", "CellUtil", "MemberReference", "cell", "cloneRow", "StatementExpression", "MethodInvocation", "get", "MemberReference", "count", "setMaxVersions", "StatementExpression", "MethodInvocation", "get", "MemberReference", "family", "MemberReference", "qual", "addColumn", "IfStatement", "BinaryOperation", "!=", "MemberReference", "coprocessorHost", "Literal", "null", "BlockStatement", "IfStatement", "MethodInvocation", "!", "coprocessorHost", "MemberReference", "mutation", "MemberReference", "cell", "MemberReference", "byteNow", "MemberReference", "get", "prePrepareTimeStampForDeleteVersion", "BlockStatement", "StatementExpression", "MethodInvocation", "MemberReference", "cell", "MemberReference", "get", "MemberReference", "count", "MemberReference", "byteNow", "updateDeleteLatestVersionTimestamp", "BlockStatement", "StatementExpression", "MethodInvocation", "MemberReference", "cell", "MemberReference", "get", "MemberReference", "count", "MemberReference", "byteNow", "updateDeleteLatestVersionTimestamp", "BlockStatement", "StatementExpression", "MethodInvocation", "PrivateCellUtil", "MemberReference", "cell", "MemberReference", "byteNow", "updateLatestStamp"], "nodes": {"0": "MethodDeclaration", "1": "Modifier", "2": "public", "3": "prepareDeleteTimestamps", "4": "FormalParameter", "5": "ReferenceType", "6": "Mutation", "7": "mutation", "8": "FormalParameter", "9": "ReferenceType", "10": "Map", "11": "TypeArgument", "12": "BasicType", "13": "byte", "14": "TypeArgument", "15": "ReferenceType", "16": "List", "17": "TypeArgument", "18": "ReferenceType", "19": "Cell", "20": "familyMap", "21": "FormalParameter", "22": "BasicType", "23": "byte", "24": "byteNow", "25": "IOException", "26": "ForStatement", "27": "EnhancedForControl", "28": "VariableDeclaration", "29": "ReferenceType", "30": "Map", "31": "ReferenceType", "32": "Entry", "33": "TypeArgument", "34": "BasicType", "35": "byte", "36": "TypeArgument", "37": "ReferenceType", "38": "List", "39": "TypeArgument", "40": "ReferenceType", "41": "Cell", "42": "VariableDeclarator", "43": "e", "44": "MethodInvocation", "45": "familyMap", "46": "entrySet", "47": "BlockStatement", "48": "LocalVariableDeclaration", "49": "BasicType", "50": "byte", "51": "VariableDeclarator", "52": "family", "53": "MethodInvocation", "54": "e", "55": "getKey", "56": "LocalVariableDeclaration", "57": "ReferenceType", "58": "List", "59": "TypeArgument", "60": "ReferenceType", "61": "Cell", "62": "VariableDeclarator", "63": "cells", "64": "MethodInvocation", "65": "e", "66": "getValue", "67": "AssertStatement", "68": "BinaryOperation", "69": "instanceof", "70": "MemberReference", "71": "cells", "72": "ReferenceType", "73": "RandomAccess", "74": "LocalVariableDeclaration", "75": "ReferenceType", "76": "Map", "77": "TypeArgument", "78": "BasicType", "79": "byte", "80": "TypeArgument", "81": "ReferenceType", "82": "Integer", "83": "VariableDeclarator", "84": "kvCount", "85": "ClassCreator", "86": "ReferenceType", "87": "TreeMap", "88": "MemberReference", "89": "Bytes", "90": "BYTES_COMPARATOR", "91": "LocalVariableDeclaration", "92": "BasicType", "93": "int", "94": "VariableDeclarator", "95": "listSize", "96": "MethodInvocation", "97": "cells", "98": "size", "99": "ForStatement", "100": "ForControl", "101": "VariableDeclaration", "102": "BasicType", "103": "int", "104": "VariableDeclarator", "105": "i", "106": "Literal", "107": "0", "108": "BinaryOperation", "109": "<", "110": "MemberReference", "111": "i", "112": "MemberReference", "113": "listSize", "114": "MemberReference", "115": "++", "116": "i", "117": "BlockStatement", "118": "LocalVariableDeclaration", "119": "ReferenceType", "120": "Cell", "121": "VariableDeclarator", "122": "cell", "123": "MethodInvocation", "124": "cells", "125": "MemberReference", "126": "i", "127": "get", "128": "IfStatement", "129": "BinaryOperation", "130": "&&", "131": "BinaryOperation", "132": "==", "133": "MethodInvocation", "134": "cell", "135": "getTimestamp", "136": "MemberReference", "137": "HConstants", "138": "LATEST_TIMESTAMP", "139": "MethodInvocation", "140": "PrivateCellUtil", "141": "MemberReference", "142": "cell", "143": "isDeleteType", "144": "BlockStatement", "145": "LocalVariableDeclaration", "146": "BasicType", "147": "byte", "148": "VariableDeclarator", "149": "qual", "150": "MethodInvocation", "151": "CellUtil", "152": "MemberReference", "153": "cell", "154": "cloneQualifier", "155": "LocalVariableDeclaration", "156": "ReferenceType", "157": "Integer", "158": "VariableDeclarator", "159": "count", "160": "MethodInvocation", "161": "kvCount", "162": "MemberReference", "163": "qual", "164": "get", "165": "IfStatement", "166": "BinaryOperation", "167": "==", "168": "MemberReference", "169": "count", "170": "Literal", "171": "null", "172": "BlockStatement", "173": "StatementExpression", "174": "MethodInvocation", "175": "kvCount", "176": "MemberReference", "177": "qual", "178": "Literal", "179": "1", "180": "put", "181": "BlockStatement", "182": "StatementExpression", "183": "MethodInvocation", "184": "kvCount", "185": "MemberReference", "186": "qual", "187": "BinaryOperation", "188": "+", "189": "MemberReference", "190": "count", "191": "Literal", "192": "1", "193": "put", "194": "StatementExpression", "195": "Assignment", "196": "MemberReference", "197": "count", "198": "MethodInvocation", "199": "kvCount", "200": "MemberReference", "201": "qual", "202": "get", "203": "=", "204": "LocalVariableDeclaration", "205": "ReferenceType", "206": "Get", "207": "VariableDeclarator", "208": "get", "209": "ClassCreator", "210": "ReferenceType", "211": "Get", "212": "MethodInvocation", "213": "CellUtil", "214": "MemberReference", "215": "cell", "216": "cloneRow", "217": "StatementExpression", "218": "MethodInvocation", "219": "get", "220": "MemberReference", "221": "count", "222": "setMaxVersions", "223": "StatementExpression", "224": "MethodInvocation", "225": "get", "226": "MemberReference", "227": "family", "228": "MemberReference", "229": "qual", "230": "addColumn", "231": "IfStatement", "232": "BinaryOperation", "233": "!=", "234": "MemberReference", "235": "coprocessorHost", "236": "Literal", "237": "null", "238": "BlockStatement", "239": "IfStatement", "240": "MethodInvocation", "241": "!", "242": "coprocessorHost", "243": "MemberReference", "244": "mutation", "245": "MemberReference", "246": "cell", "247": "MemberReference", "248": "byteNow", "249": "MemberReference", "250": "get", "251": "prePrepareTimeStampForDeleteVersion", "252": "BlockStatement", "253": "StatementExpression", "254": "MethodInvocation", "255": "MemberReference", "256": "cell", "257": "MemberReference", "258": "get", "259": "MemberReference", "260": "count", "261": "MemberReference", "262": "byteNow", "263": "updateDeleteLatestVersionTimestamp", "264": "BlockStatement", "265": "StatementExpression", "266": "MethodInvocation", "267": "MemberReference", "268": "cell", "269": "MemberReference", "270": "get", "271": "MemberReference", "272": "count", "273": "MemberReference", "274": "byteNow", "275": "updateDeleteLatestVersionTimestamp", "276": "BlockStatement", "277": "StatementExpression", "278": "MethodInvocation", "279": "PrivateCellUtil", "280": "MemberReference", "281": "cell", "282": "MemberReference", "283": "byteNow", "284": "updateLatestStamp"}, "edges": {"0->1": 0, "1->0": 0, "1->2": 0, "2->1": 0, "0->3": 0, "3->0": 0, "0->4": 0, "4->0": 0, "4->5": 0, "5->4": 0, "5->6": 0, "6->5": 0, "4->7": 0, "7->4": 0, "0->8": 0, "8->0": 0, "8->9": 0, "9->8": 0, "9->10": 0, "10->9": 0, "9->11": 0, "11->9": 0, "11->12": 0, "12->11": 0, "12->13": 0, "13->12": 0, "9->14": 0, "14->9": 0, "14->15": 0, "15->14": 0, "15->16": 0, "16->15": 0, "15->17": 0, "17->15": 0, "17->18": 0, "18->17": 0, "18->19": 0, "19->18": 0, "8->20": 0, "20->8": 0, "0->21": 0, "21->0": 0, "21->22": 0, "22->21": 0, "22->23": 0, "23->22": 0, "21->24": 0, "24->21": 0, "0->25": 0, "25->0": 0, "0->26": 0, "26->0": 0, "26->27": 0, "27->26": 0, "27->28": 0, "28->27": 0, "28->29": 0, "29->28": 0, "29->30": 0, "30->29": 0, "29->31": 0, "31->29": 0, "31->32": 0, "32->31": 0, "31->33": 0, "33->31": 0, "33->34": 0, "34->33": 0, "34->35": 0, "35->34": 0, "31->36": 0, "36->31": 0, "36->37": 0, "37->36": 0, "37->38": 0, "38->37": 0, "37->39": 0, "39->37": 0, "39->40": 0, "40->39": 0, "40->41": 0, "41->40": 0, "28->42": 0, "42->28": 0, "42->43": 0, "43->42": 0, "27->44": 0, "44->27": 0, "44->45": 0, "45->44": 0, "44->46": 0, "46->44": 0, "26->47": 0, "47->26": 0, "47->48": 0, "48->47": 0, "48->49": 0, "49->48": 0, "49->50": 0, "50->49": 0, "48->51": 0, "51->48": 0, "51->52": 0, "52->51": 0, "51->53": 0, "53->51": 0, "53->54": 0, "54->53": 0, "53->55": 0, "55->53": 0, "47->56": 0, "56->47": 0, "56->57": 0, "57->56": 0, "57->58": 0, "58->57": 0, "57->59": 0, "59->57": 0, "59->60": 0, "60->59": 0, "60->61": 0, "61->60": 0, "56->62": 0, "62->56": 0, "62->63": 0, "63->62": 0, "62->64": 0, "64->62": 0, "64->65": 0, "65->64": 0, "64->66": 0, "66->64": 0, "47->67": 0, "67->47": 0, "67->68": 0, "68->67": 0, "68->69": 0, "69->68": 0, "68->70": 0, "70->68": 0, "70->71": 0, "71->70": 0, "68->72": 0, "72->68": 0, "72->73": 0, "73->72": 0, "47->74": 0, "74->47": 0, "74->75": 0, "75->74": 0, "75->76": 0, "76->75": 0, "75->77": 0, "77->75": 0, "77->78": 0, "78->77": 0, "78->79": 0, "79->78": 0, "75->80": 0, "80->75": 0, "80->81": 0, "81->80": 0, "81->82": 0, "82->81": 0, "74->83": 0, "83->74": 0, "83->84": 0, "84->83": 0, "83->85": 0, "85->83": 0, "85->86": 0, "86->85": 0, "86->87": 0, "87->86": 0, "85->88": 0, "88->85": 0, "88->89": 0, "89->88": 0, "88->90": 0, "90->88": 0, "47->91": 0, "91->47": 0, "91->92": 0, "92->91": 0, "92->93": 0, "93->92": 0, "91->94": 0, "94->91": 0, "94->95": 0, "95->94": 0, "94->96": 0, "96->94": 0, "96->97": 0, "97->96": 0, "96->98": 0, "98->96": 0, "47->99": 0, "99->47": 0, "99->100": 0, "100->99": 0, "100->101": 0, "101->100": 0, "101->102": 0, "102->101": 0, "102->103": 0, "103->102": 0, "101->104": 0, "104->101": 0, "104->105": 0, "105->104": 0, "104->106": 0, "106->104": 0, "106->107": 0, "107->106": 0, "100->108": 0, "108->100": 0, "108->109": 0, "109->108": 0, "108->110": 0, "110->108": 0, "110->111": 0, "111->110": 0, "108->112": 0, "112->108": 0, "112->113": 0, "113->112": 0, "100->114": 0, "114->100": 0, "114->115": 0, "115->114": 0, "114->116": 0, "116->114": 0, "99->117": 0, "117->99": 0, "117->118": 0, "118->117": 0, "118->119": 0, "119->118": 0, "119->120": 0, "120->119": 0, "118->121": 0, "121->118": 0, "121->122": 0, "122->121": 0, "121->123": 0, "123->121": 0, "123->124": 0, "124->123": 0, "123->125": 0, "125->123": 0, "125->126": 0, "126->125": 0, "123->127": 0, "127->123": 0, "117->128": 0, "128->117": 0, "128->129": 0, "129->128": 0, "129->130": 0, "130->129": 0, "129->131": 0, "131->129": 0, "131->132": 0, "132->131": 0, "131->133": 0, "133->131": 0, "133->134": 0, "134->133": 0, "133->135": 0, "135->133": 0, "131->136": 0, "136->131": 0, "136->137": 0, "137->136": 0, "136->138": 0, "138->136": 0, "129->139": 0, "139->129": 0, "139->140": 0, "140->139": 0, "139->141": 0, "141->139": 0, "141->142": 0, "142->141": 0, "139->143": 0, "143->139": 0, "128->144": 0, "144->128": 0, "144->145": 0, "145->144": 0, "145->146": 0, "146->145": 0, "146->147": 0, "147->146": 0, "145->148": 0, "148->145": 0, "148->149": 0, "149->148": 0, "148->150": 0, "150->148": 0, "150->151": 0, "151->150": 0, "150->152": 0, "152->150": 0, "152->153": 0, "153->152": 0, "150->154": 0, "154->150": 0, "144->155": 0, "155->144": 0, "155->156": 0, "156->155": 0, "156->157": 0, "157->156": 0, "155->158": 0, "158->155": 0, "158->159": 0, "159->158": 0, "158->160": 0, "160->158": 0, "160->161": 0, "161->160": 0, "160->162": 0, "162->160": 0, "162->163": 0, "163->162": 0, "160->164": 0, "164->160": 0, "144->165": 0, "165->144": 0, "165->166": 0, "166->165": 0, "166->167": 0, "167->166": 0, "166->168": 0, "168->166": 0, "168->169": 0, "169->168": 0, "166->170": 0, "170->166": 0, "170->171": 0, "171->170": 0, "165->172": 0, "172->165": 0, "172->173": 0, "173->172": 0, "173->174": 0, "174->173": 0, "174->175": 0, "175->174": 0, "174->176": 0, "176->174": 0, "176->177": 0, "177->176": 0, "174->178": 0, "178->174": 0, "178->179": 0, "179->178": 0, "174->180": 0, "180->174": 0, "165->181": 0, "181->165": 0, "181->182": 0, "182->181": 0, "182->183": 0, "183->182": 0, "183->184": 0, "184->183": 0, "183->185": 0, "185->183": 0, "185->186": 0, "186->185": 0, "183->187": 0, "187->183": 0, "187->188": 0, "188->187": 0, "187->189": 0, "189->187": 0, "189->190": 0, "190->189": 0, "187->191": 0, "191->187": 0, "191->192": 0, "192->191": 0, "183->193": 0, "193->183": 0, "144->194": 0, "194->144": 0, "194->195": 0, "195->194": 0, "195->196": 0, "196->195": 0, "196->197": 0, "197->196": 0, "195->198": 0, "198->195": 0, "198->199": 0, "199->198": 0, "198->200": 0, "200->198": 0, "200->201": 0, "201->200": 0, "198->202": 0, "202->198": 0, "195->203": 0, "203->195": 0, "144->204": 0, "204->144": 0, "204->205": 0, "205->204": 0, "205->206": 0, "206->205": 0, "204->207": 0, "207->204": 0, "207->208": 0, "208->207": 0, "207->209": 0, "209->207": 0, "209->210": 0, "210->209": 0, "210->211": 0, "211->210": 0, "209->212": 0, "212->209": 0, "212->213": 0, "213->212": 0, "212->214": 0, "214->212": 0, "214->215": 0, "215->214": 0, "212->216": 0, "216->212": 0, "144->217": 0, "217->144": 0, "217->218": 0, "218->217": 0, "218->219": 0, "219->218": 0, "218->220": 0, "220->218": 0, "220->221": 0, "221->220": 0, "218->222": 0, "222->218": 0, "144->223": 0, "223->144": 0, "223->224": 0, "224->223": 0, "224->225": 0, "225->224": 0, "224->226": 0, "226->224": 0, "226->227": 0, "227->226": 0, "224->228": 0, "228->224": 0, "228->229": 0, "229->228": 0, "224->230": 0, "230->224": 0, "144->231": 0, "231->144": 0, "231->232": 0, "232->231": 0, "232->233": 0, "233->232": 0, "232->234": 0, "234->232": 0, "234->235": 0, "235->234": 0, "232->236": 0, "236->232": 0, "236->237": 0, "237->236": 0, "231->238": 0, "238->231": 0, "238->239": 0, "239->238": 0, "239->240": 0, "240->239": 0, "240->241": 0, "241->240": 0, "240->242": 0, "242->240": 0, "240->243": 0, "243->240": 0, "243->244": 0, "244->243": 0, "240->245": 0, "245->240": 0, "245->246": 0, "246->245": 0, "240->247": 0, "247->240": 0, "247->248": 0, "248->247": 0, "240->249": 0, "249->240": 0, "249->250": 0, "250->249": 0, "240->251": 0, "251->240": 0, "239->252": 0, "252->239": 0, "252->253": 0, "253->252": 0, "253->254": 0, "254->253": 0, "254->255": 0, "255->254": 0, "255->256": 0, "256->255": 0, "254->257": 0, "257->254": 0, "257->258": 0, "258->257": 0, "254->259": 0, "259->254": 0, "259->260": 0, "260->259": 0, "254->261": 0, "261->254": 0, "261->262": 0, "262->261": 0, "254->263": 0, "263->254": 0, "231->264": 0, "264->231": 0, "264->265": 0, "265->264": 0, "265->266": 0, "266->265": 0, "266->267": 0, "267->266": 0, "267->268": 0, "268->267": 0, "266->269": 0, "269->266": 0, "269->270": 0, "270->269": 0, "266->271": 0, "271->266": 0, "271->272": 0, "272->271": 0, "266->273": 0, "273->266": 0, "273->274": 0, "274->273": 0, "266->275": 0, "275->266": 0, "128->276": 0, "276->128": 0, "276->277": 0, "277->276": 0, "277->278": 0, "278->277": 0, "278->279": 0, "279->278": 0, "278->280": 0, "280->278": 0, "280->281": 0, "281->280": 0, "278->282": 0, "282->278": 0, "282->283": 0, "283->282": 0, "278->284": 0, "284->278": 0, "1->3": 1, "3->1": 12, "3->4": 1, "4->3": 12, "4->8": 1, "8->4": 12, "8->21": 1, "21->8": 12, "21->25": 1, "25->21": 12, "25->26": 1, "26->25": 12, "5->7": 1, "7->5": 12, "9->20": 1, "20->9": 12, "10->11": 1, "11->10": 12, "11->14": 1, "14->11": 12, "16->17": 1, "17->16": 12, "22->24": 1, "24->22": 12, "27->47": 9, "47->27": 9, "28->44": 1, "44->28": 12, "29->42": 1, "42->29": 12, "30->31": 1, "31->30": 12, "32->33": 1, "33->32": 12, "33->36": 1, "36->33": 12, "38->39": 1, "39->38": 12, "45->46": 2, "46->45": 3, "48->56": 10, "56->48": 11, "56->67": 10, "67->56": 11, "67->74": 10, "74->67": 11, "74->91": 10, "91->74": 11, "91->99": 10, "99->91": 11, "49->51": 1, "51->49": 12, "52->53": 1, "53->52": 12, "54->55": 2, "55->54": 3, "57->62": 1, "62->57": 12, "58->59": 1, "59->58": 12, "63->64": 1, "64->63": 12, "65->66": 2, "66->65": 3, "69->70": 1, "70->69": 12, "70->72": 1, "72->70": 12, "75->83": 1, "83->75": 12, "76->77": 1, "77->76": 12, "77->80": 1, "80->77": 12, "84->85": 1, "85->84": 12, "86->88": 1, "88->86": 12, "89->90": 2, "90->89": 3, "92->94": 1, "94->92": 12, "95->96": 1, "96->95": 12, "97->98": 2, "98->97": 3, "100->117": 9, "117->100": 9, "101->108": 1, "108->101": 12, "108->114": 1, "114->108": 12, "102->104": 1, "104->102": 12, "105->106": 1, "106->105": 12, "109->110": 1, "110->109": 12, "110->112": 1, "112->110": 12, "115->116": 2, "116->115": 3, "118->128": 10, "128->118": 11, "119->121": 1, "121->119": 12, "122->123": 1, "123->122": 12, "124->125": 1, "125->124": 12, "125->127": 1, "127->125": 12, "129->144": 6, "144->129": 6, "144->276": 1, "276->144": 12, "130->131": 1, "131->130": 12, "131->139": 1, "139->131": 12, "132->133": 1, "133->132": 12, "133->136": 1, "136->133": 12, "134->135": 2, "135->134": 3, "137->138": 2, "138->137": 3, "140->141": 1, "141->140": 12, "141->143": 1, "143->141": 12, "145->155": 10, "155->145": 11, "155->165": 10, "165->155": 11, "165->194": 10, "194->165": 11, "194->204": 10, "204->194": 11, "204->217": 10, "217->204": 11, "217->223": 10, "223->217": 11, "223->231": 10, "231->223": 11, "146->148": 1, "148->146": 12, "149->150": 1, "150->149": 12, "151->152": 1, "152->151": 12, "152->154": 1, "154->152": 12, "156->158": 1, "158->156": 12, "159->160": 1, "160->159": 12, "161->162": 1, "162->161": 12, "162->164": 1, "164->162": 12, "166->172": 6, "172->166": 6, "172->181": 1, "181->172": 12, "167->168": 1, "168->167": 12, "168->170": 1, "170->168": 12, "175->176": 1, "176->175": 12, "176->178": 1, "178->176": 12, "178->180": 1, "180->178": 12, "184->185": 1, "185->184": 12, "185->187": 1, "187->185": 12, "187->193": 1, "193->187": 12, "188->189": 1, "189->188": 12, "189->191": 1, "191->189": 12, "196->198": 1, "198->196": 12, "198->203": 1, "203->198": 12, "199->200": 1, "200->199": 12, "200->202": 1, "202->200": 12, "205->207": 1, "207->205": 12, "208->209": 1, "209->208": 12, "210->212": 1, "212->210": 12, "213->214": 1, "214->213": 12, "214->216": 1, "216->214": 12, "219->220": 1, "220->219": 12, "220->222": 1, "222->220": 12, "225->226": 1, "226->225": 12, "226->228": 1, "228->226": 12, "228->230": 1, "230->228": 12, "232->238": 6, "238->232": 6, "238->264": 1, "264->238": 12, "233->234": 1, "234->233": 12, "234->236": 1, "236->234": 12, "240->252": 6, "252->240": 6, "241->242": 2, "242->241": 3, "242->243": 1, "243->242": 12, "243->245": 1, "245->243": 12, "245->247": 1, "247->245": 12, "247->249": 1, "249->247": 12, "249->251": 1, "251->249": 12, "255->257": 1, "257->255": 12, "257->259": 1, "259->257": 12, "259->261": 1, "261->259": 12, "261->263": 1, "263->261": 12, "267->269": 1, "269->267": 12, "269->271": 1, "271->269": 12, "271->273": 1, "273->271": 12, "273->275": 1, "275->273": 12, "279->280": 1, "280->279": 12, "280->282": 1, "282->280": 12, "282->284": 1, "284->282": 12, "129->276": 7, "276->129": 7, "166->181": 7, "181->166": 7, "232->264": 7, "264->232": 7, "2->3": 2, "3->2": 3, "3->6": 2, "6->3": 3, "6->7": 2, "7->6": 3, "7->10": 2, "10->7": 3, "10->13": 2, "13->10": 3, "13->16": 2, "16->13": 3, "16->19": 2, "19->16": 3, "19->20": 2, "20->19": 3, "20->23": 2, "23->20": 3, "23->24": 2, "24->23": 3, "24->25": 2, "25->24": 3, "25->30": 2, "30->25": 3, "30->32": 2, "32->30": 3, "32->35": 2, "35->32": 3, "35->38": 2, "38->35": 3, "38->41": 2, "41->38": 3, "41->43": 2, "43->41": 3, "43->45": 2, "45->43": 3, "46->50": 2, "50->46": 3, "50->52": 2, "52->50": 3, "52->54": 2, "54->52": 3, "55->58": 2, "58->55": 3, "58->61": 2, "61->58": 3, "61->63": 2, "63->61": 3, "63->65": 2, "65->63": 3, "66->69": 2, "69->66": 3, "69->71": 2, "71->69": 3, "71->73": 2, "73->71": 3, "73->76": 2, "76->73": 3, "76->79": 2, "79->76": 3, "79->82": 2, "82->79": 3, "82->84": 2, "84->82": 3, "84->87": 2, "87->84": 3, "87->89": 2, "89->87": 3, "90->93": 2, "93->90": 3, "93->95": 2, "95->93": 3, "95->97": 2, "97->95": 3, "98->103": 2, "103->98": 3, "103->105": 2, "105->103": 3, "105->107": 2, "107->105": 3, "107->109": 2, "109->107": 3, "109->111": 2, "111->109": 3, "111->113": 2, "113->111": 3, "113->115": 2, "115->113": 3, "116->120": 2, "120->116": 3, "120->122": 2, "122->120": 3, "122->124": 2, "124->122": 3, "124->126": 2, "126->124": 3, "126->127": 2, "127->126": 3, "127->130": 2, "130->127": 3, "130->132": 2, "132->130": 3, "132->134": 2, "134->132": 3, "135->137": 2, "137->135": 3, "138->140": 2, "140->138": 3, "140->142": 2, "142->140": 3, "142->143": 2, "143->142": 3, "143->147": 2, "147->143": 3, "147->149": 2, "149->147": 3, "149->151": 2, "151->149": 3, "151->153": 2, "153->151": 3, "153->154": 2, "154->153": 3, "154->157": 2, "157->154": 3, "157->159": 2, "159->157": 3, "159->161": 2, "161->159": 3, "161->163": 2, "163->161": 3, "163->164": 2, "164->163": 3, "164->167": 2, "167->164": 3, "167->169": 2, "169->167": 3, "169->171": 2, "171->169": 3, "171->175": 2, "175->171": 3, "175->177": 2, "177->175": 3, "177->179": 2, "179->177": 3, "179->180": 2, "180->179": 3, "180->184": 2, "184->180": 3, "184->186": 2, "186->184": 3, "186->188": 2, "188->186": 3, "188->190": 2, "190->188": 3, "190->192": 2, "192->190": 3, "192->193": 2, "193->192": 3, "193->197": 2, "197->193": 3, "197->199": 2, "199->197": 3, "199->201": 2, "201->199": 3, "201->202": 2, "202->201": 3, "202->203": 2, "203->202": 3, "203->206": 2, "206->203": 3, "206->208": 2, "208->206": 3, "208->211": 2, "211->208": 3, "211->213": 2, "213->211": 3, "213->215": 2, "215->213": 3, "215->216": 2, "216->215": 3, "216->219": 2, "219->216": 3, "219->221": 2, "221->219": 3, "221->222": 2, "222->221": 3, "222->225": 2, "225->222": 3, "225->227": 2, "227->225": 3, "227->229": 2, "229->227": 3, "229->230": 2, "230->229": 3, "230->233": 2, "233->230": 3, "233->235": 2, "235->233": 3, "235->237": 2, "237->235": 3, "237->241": 2, "241->237": 3, "242->244": 2, "244->242": 3, "244->246": 2, "246->244": 3, "246->248": 2, "248->246": 3, "248->250": 2, "250->248": 3, "250->251": 2, "251->250": 3, "251->256": 2, "256->251": 3, "256->258": 2, "258->256": 3, "258->260": 2, "260->258": 3, "260->262": 2, "262->260": 3, "262->263": 2, "263->262": 3, "263->268": 2, "268->263": 3, "268->270": 2, "270->268": 3, "270->272": 2, "272->270": 3, "272->274": 2, "274->272": 3, "274->275": 2, "275->274": 3, "275->279": 2, "279->275": 3, "279->281": 2, "281->279": 3, "281->283": 2, "283->281": 3, "283->284": 2, "284->283": 3, "111->116": 4, "116->111": 5, "116->126": 4, "126->116": 5, "142->153": 4, "153->142": 5, "153->215": 4, "215->153": 5, "215->246": 4, "246->215": 5, "246->256": 4, "256->246": 5, "256->268": 4, "268->256": 5, "268->281": 4, "281->268": 5, "163->177": 4, "177->163": 5, "177->186": 4, "186->177": 5, "186->201": 4, "201->186": 5, "201->229": 4, "229->201": 5, "169->190": 4, "190->169": 5, "190->197": 4, "197->190": 5, "197->221": 4, "221->197": 5, "221->260": 4, "260->221": 5, "260->272": 4, "272->260": 5, "248->262": 4, "262->248": 5, "262->274": 4, "274->262": 5, "274->283": 4, "283->274": 5, "250->258": 4, "258->250": 5, "258->270": 4, "270->258": 5}, "metrics": [37.0, 7.0, 3.0]}