{"nodelist": ["MethodDeclaration", "{'protected'}", "protected", "ReferenceType", "Path", "getUnitTestdir", "FormalParameter", "ReferenceType", "String", "testName", "ReturnStatement", "ClassCreator", "ReferenceType", "Path", "MethodInvocation", "System", "MemberReference", "HBaseTestingUtility", "BASE_TEST_DIRECTORY_KEY", "MemberReference", "HBaseTestingUtility", "DEFAULT_BASE_TEST_DIRECTORY", "getProperty", "MemberReference", "testName"], "nodes": {"0": "MethodDeclaration", "1": "Modifier", "2": "protected", "3": "ReferenceType", "4": "Path", "5": "getUnitTestdir", "6": "FormalParameter", "7": "ReferenceType", "8": "String", "9": "testName", "10": "ReturnStatement", "11": "ClassCreator", "12": "ReferenceType", "13": "Path", "14": "MethodInvocation", "15": "System", "16": "MemberReference", "17": "HBaseTestingUtility", "18": "BASE_TEST_DIRECTORY_KEY", "19": "MemberReference", "20": "HBaseTestingUtility", "21": "DEFAULT_BASE_TEST_DIRECTORY", "22": "getProperty", "23": "MemberReference", "24": "testName"}, "edges": {"0->1": 0, "1->0": 0, "1->2": 0, "2->1": 0, "0->3": 0, "3->0": 0, "3->4": 0, "4->3": 0, "0->5": 0, "5->0": 0, "0->6": 0, "6->0": 0, "6->7": 0, "7->6": 0, "7->8": 0, "8->7": 0, "6->9": 0, "9->6": 0, "0->10": 0, "10->0": 0, "10->11": 0, "11->10": 0, "11->12": 0, "12->11": 0, "12->13": 0, "13->12": 0, "11->14": 0, "14->11": 0, "14->15": 0, "15->14": 0, "14->16": 0, "16->14": 0, "16->17": 0, "17->16": 0, "16->18": 0, "18->16": 0, "14->19": 0, "19->14": 0, "19->20": 0, "20->19": 0, "19->21": 0, "21->19": 0, "14->22": 0, "22->14": 0, "11->23": 0, "23->11": 0, "23->24": 0, "24->23": 0, "1->3": 1, "3->1": 12, "3->5": 1, "5->3": 12, "5->6": 1, "6->5": 12, "6->10": 1, "10->6": 12, "7->9": 1, "9->7": 12, "12->14": 1, "14->12": 12, "14->23": 1, "23->14": 12, "15->16": 1, "16->15": 12, "16->19": 1, "19->16": 12, "19->22": 1, "22->19": 12, "17->18": 2, "18->17": 3, "20->21": 2, "21->20": 3, "2->4": 2, "4->2": 3, "4->5": 2, "5->4": 3, "5->8": 2, "8->5": 3, "8->9": 2, "9->8": 3, "9->13": 2, "13->9": 3, "13->15": 2, "15->13": 3, "15->17": 2, "17->15": 3, "18->20": 2, "20->18": 3, "21->22": 2, "22->21": 3, "22->24": 2, "24->22": 3}, "metrics": [3.0, 1.0, 1.0]}