{"nodelist": ["MethodDeclaration", "{'static'}", "static", "setStoragePolicy", "FormalParameter", "{'final'}", "final", "ReferenceType", "FileSystem", "fs", "FormalParameter", "{'final'}", "final", "ReferenceType", "Path", "path", "FormalParameter", "{'final'}", "final", "ReferenceType", "String", "storagePolicy", "FormalParameter", "BasicType", "boolean", "throwException", "IOException", "IfStatement", "BinaryOperation", "==", "MemberReference", "storagePolicy", "Literal", "null", "BlockStatement", "IfStatement", "MethodInvocation", "LOG", "isTraceEnabled", "BlockStatement", "StatementExpression", "MethodInvocation", "LOG", "Literal", "\"We were passed a null storagePolicy, exiting early.\"", "trace", "ReturnStatement", "LocalVariableDeclaration", "ReferenceType", "String", "VariableDeclarator", "trimmedStoragePolicy", "MethodInvocation", "storagePolicy", "trim", "IfStatement", "MethodInvocation", "trimmedStoragePolicy", "isEmpty", "BlockStatement", "StatementExpression", "MethodInvocation", "LOG", "Literal", "\"We were passed an empty storagePolicy, exiting early.\"", "trace", "ReturnStatement", "BlockStatement", "StatementExpression", "Assignment", "MemberReference", "trimmedStoragePolicy", "MethodInvocation", "trimmedStoragePolicy", "MemberReference", "Locale", "ROOT", "toUpperCase", "=", "IfStatement", "MethodInvocation", "trimmedStoragePolicy", "MemberReference", "HConstants", "DEFER_TO_HDFS_STORAGE_POLICY", "equals", "BlockStatement", "StatementExpression", "MethodInvocation", "LOG", "Literal", "\"We were passed the defer-to-hdfs policy {}, exiting early.\"", "MemberReference", "trimmedStoragePolicy", "trace", "ReturnStatement", "TryStatement", "StatementExpression", "MethodInvocation", "MemberReference", "fs", "MemberReference", "path", "MemberReference", "trimmedStoragePolicy", "invokeSetStoragePolicy", "CatchClause", "CatchClauseParameter", "IOException", "e", "StatementExpression", "MethodInvocation", "LOG", "Literal", "\"Failed to invoke set storage policy API on FS\"", "MemberReference", "e", "trace", "IfStatement", "MemberReference", "throwException", "BlockStatement", "ThrowStatement", "MemberReference", "e"], "nodes": {"0": "MethodDeclaration", "1": "Modifier", "2": "static", "3": "setStoragePolicy", "4": "FormalParameter", "5": "Modifier", "6": "final", "7": "ReferenceType", "8": "FileSystem", "9": "fs", "10": "FormalParameter", "11": "Modifier", "12": "final", "13": "ReferenceType", "14": "Path", "15": "path", "16": "FormalParameter", "17": "Modifier", "18": "final", "19": "ReferenceType", "20": "String", "21": "storagePolicy", "22": "FormalParameter", "23": "BasicType", "24": "boolean", "25": "throwException", "26": "IOException", "27": "IfStatement", "28": "BinaryOperation", "29": "==", "30": "MemberReference", "31": "storagePolicy", "32": "Literal", "33": "null", "34": "BlockStatement", "35": "IfStatement", "36": "MethodInvocation", "37": "LOG", "38": "isTraceEnabled", "39": "BlockStatement", "40": "StatementExpression", "41": "MethodInvocation", "42": "LOG", "43": "Literal", "44": "\"We were passed a null storagePolicy, exiting early.\"", "45": "trace", "46": "ReturnStatement", "47": "LocalVariableDeclaration", "48": "ReferenceType", "49": "String", "50": "VariableDeclarator", "51": "trimmedStoragePolicy", "52": "MethodInvocation", "53": "storagePolicy", "54": "trim", "55": "IfStatement", "56": "MethodInvocation", "57": "trimmedStoragePolicy", "58": "isEmpty", "59": "BlockStatement", "60": "StatementExpression", "61": "MethodInvocation", "62": "LOG", "63": "Literal", "64": "\"We were passed an empty storagePolicy, exiting early.\"", "65": "trace", "66": "ReturnStatement", "67": "BlockStatement", "68": "StatementExpression", "69": "Assignment", "70": "MemberReference", "71": "trimmedStoragePolicy", "72": "MethodInvocation", "73": "trimmedStoragePolicy", "74": "MemberReference", "75": "Locale", "76": "ROOT", "77": "toUpperCase", "78": "=", "79": "IfStatement", "80": "MethodInvocation", "81": "trimmedStoragePolicy", "82": "MemberReference", "83": "HConstants", "84": "DEFER_TO_HDFS_STORAGE_POLICY", "85": "equals", "86": "BlockStatement", "87": "StatementExpression", "88": "MethodInvocation", "89": "LOG", "90": "Literal", "91": "\"We were passed the defer-to-hdfs policy {}, exiting early.\"", "92": "MemberReference", "93": "trimmedStoragePolicy", "94": "trace", "95": "ReturnStatement", "96": "TryStatement", "97": "StatementExpression", "98": "MethodInvocation", "99": "MemberReference", "100": "fs", "101": "MemberReference", "102": "path", "103": "MemberReference", "104": "trimmedStoragePolicy", "105": "invokeSetStoragePolicy", "106": "CatchClause", "107": "CatchClauseParameter", "108": "IOException", "109": "e", "110": "StatementExpression", "111": "MethodInvocation", "112": "LOG", "113": "Literal", "114": "\"Failed to invoke set storage policy API on FS\"", "115": "MemberReference", "116": "e", "117": "trace", "118": "IfStatement", "119": "MemberReference", "120": "throwException", "121": "BlockStatement", "122": "ThrowStatement", "123": "MemberReference", "124": "e"}, "edges": {"0->1": 0, "1->0": 0, "1->2": 0, "2->1": 0, "0->3": 0, "3->0": 0, "0->4": 0, "4->0": 0, "4->5": 0, "5->4": 0, "5->6": 0, "6->5": 0, "4->7": 0, "7->4": 0, "7->8": 0, "8->7": 0, "4->9": 0, "9->4": 0, "0->10": 0, "10->0": 0, "10->11": 0, "11->10": 0, "11->12": 0, "12->11": 0, "10->13": 0, "13->10": 0, "13->14": 0, "14->13": 0, "10->15": 0, "15->10": 0, "0->16": 0, "16->0": 0, "16->17": 0, "17->16": 0, "17->18": 0, "18->17": 0, "16->19": 0, "19->16": 0, "19->20": 0, "20->19": 0, "16->21": 0, "21->16": 0, "0->22": 0, "22->0": 0, "22->23": 0, "23->22": 0, "23->24": 0, "24->23": 0, "22->25": 0, "25->22": 0, "0->26": 0, "26->0": 0, "0->27": 0, "27->0": 0, "27->28": 0, "28->27": 0, "28->29": 0, "29->28": 0, "28->30": 0, "30->28": 0, "30->31": 0, "31->30": 0, "28->32": 0, "32->28": 0, "32->33": 0, "33->32": 0, "27->34": 0, "34->27": 0, "34->35": 0, "35->34": 0, "35->36": 0, "36->35": 0, "36->37": 0, "37->36": 0, "36->38": 0, "38->36": 0, "35->39": 0, "39->35": 0, "39->40": 0, "40->39": 0, "40->41": 0, "41->40": 0, "41->42": 0, "42->41": 0, "41->43": 0, "43->41": 0, "43->44": 0, "44->43": 0, "41->45": 0, "45->41": 0, "34->46": 0, "46->34": 0, "0->47": 0, "47->0": 0, "47->48": 0, "48->47": 0, "48->49": 0, "49->48": 0, "47->50": 0, "50->47": 0, "50->51": 0, "51->50": 0, "50->52": 0, "52->50": 0, "52->53": 0, "53->52": 0, "52->54": 0, "54->52": 0, "0->55": 0, "55->0": 0, "55->56": 0, "56->55": 0, "56->57": 0, "57->56": 0, "56->58": 0, "58->56": 0, "55->59": 0, "59->55": 0, "59->60": 0, "60->59": 0, "60->61": 0, "61->60": 0, "61->62": 0, "62->61": 0, "61->63": 0, "63->61": 0, "63->64": 0, "64->63": 0, "61->65": 0, "65->61": 0, "59->66": 0, "66->59": 0, "55->67": 0, "67->55": 0, "67->68": 0, "68->67": 0, "68->69": 0, "69->68": 0, "69->70": 0, "70->69": 0, "70->71": 0, "71->70": 0, "69->72": 0, "72->69": 0, "72->73": 0, "73->72": 0, "72->74": 0, "74->72": 0, "74->75": 0, "75->74": 0, "74->76": 0, "76->74": 0, "72->77": 0, "77->72": 0, "69->78": 0, "78->69": 0, "0->79": 0, "79->0": 0, "79->80": 0, "80->79": 0, "80->81": 0, "81->80": 0, "80->82": 0, "82->80": 0, "82->83": 0, "83->82": 0, "82->84": 0, "84->82": 0, "80->85": 0, "85->80": 0, "79->86": 0, "86->79": 0, "86->87": 0, "87->86": 0, "87->88": 0, "88->87": 0, "88->89": 0, "89->88": 0, "88->90": 0, "90->88": 0, "90->91": 0, "91->90": 0, "88->92": 0, "92->88": 0, "92->93": 0, "93->92": 0, "88->94": 0, "94->88": 0, "86->95": 0, "95->86": 0, "0->96": 0, "96->0": 0, "96->97": 0, "97->96": 0, "97->98": 0, "98->97": 0, "98->99": 0, "99->98": 0, "99->100": 0, "100->99": 0, "98->101": 0, "101->98": 0, "101->102": 0, "102->101": 0, "98->103": 0, "103->98": 0, "103->104": 0, "104->103": 0, "98->105": 0, "105->98": 0, "96->106": 0, "106->96": 0, "106->107": 0, "107->106": 0, "107->108": 0, "108->107": 0, "107->109": 0, "109->107": 0, "106->110": 0, "110->106": 0, "110->111": 0, "111->110": 0, "111->112": 0, "112->111": 0, "111->113": 0, "113->111": 0, "113->114": 0, "114->113": 0, "111->115": 0, "115->111": 0, "115->116": 0, "116->115": 0, "111->117": 0, "117->111": 0, "106->118": 0, "118->106": 0, "118->119": 0, "119->118": 0, "119->120": 0, "120->119": 0, "118->121": 0, "121->118": 0, "121->122": 0, "122->121": 0, "122->123": 0, "123->122": 0, "123->124": 0, "124->123": 0, "1->3": 1, "3->1": 12, "3->4": 1, "4->3": 12, "4->10": 1, "10->4": 12, "10->16": 1, "16->10": 12, "16->22": 1, "22->16": 12, "22->26": 1, "26->22": 12, "26->27": 1, "27->26": 12, "27->47": 1, "47->27": 12, "47->55": 1, "55->47": 12, "55->79": 1, "79->55": 12, "79->96": 1, "96->79": 12, "5->7": 1, "7->5": 12, "7->9": 1, "9->7": 12, "11->13": 1, "13->11": 12, "13->15": 1, "15->13": 12, "17->19": 1, "19->17": 12, "19->21": 1, "21->19": 12, "23->25": 1, "25->23": 12, "28->34": 6, "34->28": 6, "29->30": 1, "30->29": 12, "30->32": 1, "32->30": 12, "35->46": 10, "46->35": 11, "36->39": 6, "39->36": 6, "37->38": 2, "38->37": 3, "42->43": 1, "43->42": 12, "43->45": 1, "45->43": 12, "48->50": 1, "50->48": 12, "51->52": 1, "52->51": 12, "53->54": 2, "54->53": 3, "56->59": 6, "59->56": 6, "59->67": 1, "67->59": 12, "57->58": 2, "58->57": 3, "60->66": 10, "66->60": 11, "62->63": 1, "63->62": 12, "63->65": 1, "65->63": 12, "70->72": 1, "72->70": 12, "72->78": 1, "78->72": 12, "73->74": 1, "74->73": 12, "74->77": 1, "77->74": 12, "75->76": 2, "76->75": 3, "80->86": 6, "86->80": 6, "81->82": 1, "82->81": 12, "82->85": 1, "85->82": 12, "83->84": 2, "84->83": 3, "87->95": 10, "95->87": 11, "89->90": 1, "90->89": 12, "90->92": 1, "92->90": 12, "92->94": 1, "94->92": 12, "97->106": 1, "106->97": 12, "99->101": 1, "101->99": 12, "101->103": 1, "103->101": 12, "103->105": 1, "105->103": 12, "107->110": 1, "110->107": 12, "110->118": 1, "118->110": 12, "108->109": 2, "109->108": 3, "112->113": 1, "113->112": 12, "113->115": 1, "115->113": 12, "115->117": 1, "117->115": 12, "119->121": 6, "121->119": 6, "56->67": 7, "67->56": 7, "2->3": 2, "3->2": 3, "3->6": 2, "6->3": 3, "6->8": 2, "8->6": 3, "8->9": 2, "9->8": 3, "9->12": 2, "12->9": 3, "12->14": 2, "14->12": 3, "14->15": 2, "15->14": 3, "15->18": 2, "18->15": 3, "18->20": 2, "20->18": 3, "20->21": 2, "21->20": 3, "21->24": 2, "24->21": 3, "24->25": 2, "25->24": 3, "25->26": 2, "26->25": 3, "26->29": 2, "29->26": 3, "29->31": 2, "31->29": 3, "31->33": 2, "33->31": 3, "33->37": 2, "37->33": 3, "38->42": 2, "42->38": 3, "42->44": 2, "44->42": 3, "44->45": 2, "45->44": 3, "45->46": 2, "46->45": 3, "46->49": 2, "49->46": 3, "49->51": 2, "51->49": 3, "51->53": 2, "53->51": 3, "54->57": 2, "57->54": 3, "58->62": 2, "62->58": 3, "62->64": 2, "64->62": 3, "64->65": 2, "65->64": 3, "65->66": 2, "66->65": 3, "66->71": 2, "71->66": 3, "71->73": 2, "73->71": 3, "73->75": 2, "75->73": 3, "76->77": 2, "77->76": 3, "77->78": 2, "78->77": 3, "78->81": 2, "81->78": 3, "81->83": 2, "83->81": 3, "84->85": 2, "85->84": 3, "85->89": 2, "89->85": 3, "89->91": 2, "91->89": 3, "91->93": 2, "93->91": 3, "93->94": 2, "94->93": 3, "94->95": 2, "95->94": 3, "95->100": 2, "100->95": 3, "100->102": 2, "102->100": 3, "102->104": 2, "104->102": 3, "104->105": 2, "105->104": 3, "105->108": 2, "108->105": 3, "109->112": 2, "112->109": 3, "112->114": 2, "114->112": 3, "114->116": 2, "116->114": 3, "116->117": 2, "117->116": 3, "117->120": 2, "120->117": 3, "120->124": 2, "124->120": 3, "71->93": 4, "93->71": 5, "93->104": 4, "104->93": 5, "116->124": 4, "124->116": 5}, "metrics": [29.0, 6.0, 4.0]}