{"nodelist": ["MethodDeclaration", "{'static', 'public'}", "static", "public", "ReferenceType", "User", "createUserForTesting", "FormalParameter", "ReferenceType", "Configuration", "conf", "FormalParameter", "ReferenceType", "String", "name", "FormalParameter", "ReferenceType", "String", "groups", "ReturnStatement", "ClassCreator", "ReferenceType", "SecureHadoopUser", "MethodInvocation", "UserGroupInformation", "MemberReference", "name", "MemberReference", "groups", "createUserForTesting"], "nodes": {"0": "MethodDeclaration", "1": "Modifier", "2": "static", "3": "public", "4": "ReferenceType", "5": "User", "6": "createUserForTesting", "7": "FormalParameter", "8": "ReferenceType", "9": "Configuration", "10": "conf", "11": "FormalParameter", "12": "ReferenceType", "13": "String", "14": "name", "15": "FormalParameter", "16": "ReferenceType", "17": "String", "18": "groups", "19": "ReturnStatement", "20": "ClassCreator", "21": "ReferenceType", "22": "SecureHadoopUser", "23": "MethodInvocation", "24": "UserGroupInformation", "25": "MemberReference", "26": "name", "27": "MemberReference", "28": "groups", "29": "createUserForTesting"}, "edges": {"0->1": 0, "1->0": 0, "1->2": 0, "2->1": 0, "1->3": 0, "3->1": 0, "0->4": 0, "4->0": 0, "4->5": 0, "5->4": 0, "0->6": 0, "6->0": 0, "0->7": 0, "7->0": 0, "7->8": 0, "8->7": 0, "8->9": 0, "9->8": 0, "7->10": 0, "10->7": 0, "0->11": 0, "11->0": 0, "11->12": 0, "12->11": 0, "12->13": 0, "13->12": 0, "11->14": 0, "14->11": 0, "0->15": 0, "15->0": 0, "15->16": 0, "16->15": 0, "16->17": 0, "17->16": 0, "15->18": 0, "18->15": 0, "0->19": 0, "19->0": 0, "19->20": 0, "20->19": 0, "20->21": 0, "21->20": 0, "21->22": 0, "22->21": 0, "20->23": 0, "23->20": 0, "23->24": 0, "24->23": 0, "23->25": 0, "25->23": 0, "25->26": 0, "26->25": 0, "23->27": 0, "27->23": 0, "27->28": 0, "28->27": 0, "23->29": 0, "29->23": 0, "1->4": 1, "4->1": 12, "4->6": 1, "6->4": 12, "6->7": 1, "7->6": 12, "7->11": 1, "11->7": 12, "11->15": 1, "15->11": 12, "15->19": 1, "19->15": 12, "2->3": 2, "3->2": 3, "8->10": 1, "10->8": 12, "12->14": 1, "14->12": 12, "16->18": 1, "18->16": 12, "21->23": 1, "23->21": 12, "24->25": 1, "25->24": 12, "25->27": 1, "27->25": 12, "27->29": 1, "29->27": 12, "3->5": 2, "5->3": 3, "5->6": 2, "6->5": 3, "6->9": 2, "9->6": 3, "9->10": 2, "10->9": 3, "10->13": 2, "13->10": 3, "13->14": 2, "14->13": 3, "14->17": 2, "17->14": 3, "17->18": 2, "18->17": 3, "18->22": 2, "22->18": 3, "22->24": 2, "24->22": 3, "24->26": 2, "26->24": 3, "26->28": 2, "28->26": 3, "28->29": 2, "29->28": 3}, "metrics": [3.0, 1.0, 3.0]}