{"nodelist": ["MethodDeclaration", "Annotation", "Override", "testTakedown", "IOException", "IfStatement", "BinaryOperation", "!=", "This", "MemberReference", "testScanner", "Literal", "null", "BlockStatement", "StatementExpression", "This", "MemberReference", "testScanner", "MethodInvocation", "close", "StatementExpression", "SuperMethodInvocation", "testTakedown"], "nodes": {"0": "MethodDeclaration", "1": "Annotation", "2": "Override", "3": "testTakedown", "4": "IOException", "5": "IfStatement", "6": "BinaryOperation", "7": "!=", "8": "This", "9": "MemberReference", "10": "testScanner", "11": "Literal", "12": "null", "13": "BlockStatement", "14": "StatementExpression", "15": "This", "16": "MemberReference", "17": "testScanner", "18": "MethodInvocation", "19": "close", "20": "StatementExpression", "21": "SuperMethodInvocation", "22": "testTakedown"}, "edges": {"0->1": 0, "1->0": 0, "1->2": 0, "2->1": 0, "0->3": 0, "3->0": 0, "0->4": 0, "4->0": 0, "0->5": 0, "5->0": 0, "5->6": 0, "6->5": 0, "6->7": 0, "7->6": 0, "6->8": 0, "8->6": 0, "8->9": 0, "9->8": 0, "9->10": 0, "10->9": 0, "6->11": 0, "11->6": 0, "11->12": 0, "12->11": 0, "5->13": 0, "13->5": 0, "13->14": 0, "14->13": 0, "14->15": 0, "15->14": 0, "15->16": 0, "16->15": 0, "16->17": 0, "17->16": 0, "15->18": 0, "18->15": 0, "18->19": 0, "19->18": 0, "0->20": 0, "20->0": 0, "20->21": 0, "21->20": 0, "21->22": 0, "22->21": 0, "1->3": 1, "3->1": 12, "3->4": 2, "4->3": 3, "4->5": 1, "5->4": 12, "5->20": 1, "20->5": 12, "6->13": 6, "13->6": 6, "7->8": 1, "8->7": 12, "8->11": 1, "11->8": 12, "16->18": 1, "18->16": 12, "2->3": 2, "3->2": 3, "4->7": 2, "7->4": 3, "7->10": 2, "10->7": 3, "10->12": 2, "12->10": 3, "12->17": 2, "17->12": 3, "17->19": 2, "19->17": 3, "19->22": 2, "22->19": 3, "10->17": 4, "17->10": 5}, "metrics": [6.0, 2.0, 0.0]}