{"nodelist": ["MethodDeclaration", "{'public'}", "public", "Annotation", "Override", "ReferenceType", "TableDescriptors", "getTableDescriptors", "ReturnStatement", "ClassCreator", "ReferenceType", "TableDescriptors", "MethodDeclaration", "{'public'}", "public", "Annotation", "Override", "ReferenceType", "HTableDescriptor", "remove", "FormalParameter", "ReferenceType", "String", "tablename", "IOException", "ReturnStatement", "Literal", "null", "MethodDeclaration", "{'public'}", "public", "Annotation", "Override", "ReferenceType", "Map", "TypeArgument", "ReferenceType", "String", "TypeArgument", "ReferenceType", "HTableDescriptor", "getAll", "IOException", "ReturnStatement", "Literal", "null", "MethodDeclaration", "{'public'}", "public", "Annotation", "Override", "ReferenceType", "HTableDescriptor", "get", "FormalParameter", "BasicType", "byte", "tablename", "FileNotFoundException", "IOException", "ReturnStatement", "MethodInvocation", "MethodInvocation", "Bytes", "MemberReference", "tablename", "toString", "get", "MethodDeclaration", "{'public'}", "public", "Annotation", "Override", "ReferenceType", "HTableDescriptor", "get", "FormalParameter", "ReferenceType", "String", "tablename", "FileNotFoundException", "IOException", "ReturnStatement", "MethodInvocation", "createHTableDescriptor", "MethodDeclaration", "{'public'}", "public", "Annotation", "Override", "add", "FormalParameter", "ReferenceType", "HTableDescriptor", "htd", "IOException"], "nodes": {"0": "MethodDeclaration", "1": "Modifier", "2": "public", "3": "Annotation", "4": "Override", "5": "ReferenceType", "6": "TableDescriptors", "7": "getTableDescriptors", "8": "ReturnStatement", "9": "ClassCreator", "10": "ReferenceType", "11": "TableDescriptors", "12": "MethodDeclaration", "13": "Modifier", "14": "public", "15": "Annotation", "16": "Override", "17": "ReferenceType", "18": "HTableDescriptor", "19": "remove", "20": "FormalParameter", "21": "ReferenceType", "22": "String", "23": "tablename", "24": "IOException", "25": "ReturnStatement", "26": "Literal", "27": "null", "28": "MethodDeclaration", "29": "Modifier", "30": "public", "31": "Annotation", "32": "Override", "33": "ReferenceType", "34": "Map", "35": "TypeArgument", "36": "ReferenceType", "37": "String", "38": "TypeArgument", "39": "ReferenceType", "40": "HTableDescriptor", "41": "getAll", "42": "IOException", "43": "ReturnStatement", "44": "Literal", "45": "null", "46": "MethodDeclaration", "47": "Modifier", "48": "public", "49": "Annotation", "50": "Override", "51": "ReferenceType", "52": "HTableDescriptor", "53": "get", "54": "FormalParameter", "55": "BasicType", "56": "byte", "57": "tablename", "58": "FileNotFoundException", "59": "IOException", "60": "ReturnStatement", "61": "MethodInvocation", "62": "MethodInvocation", "63": "Bytes", "64": "MemberReference", "65": "tablename", "66": "toString", "67": "get", "68": "MethodDeclaration", "69": "Modifier", "70": "public", "71": "Annotation", "72": "Override", "73": "ReferenceType", "74": "HTableDescriptor", "75": "get", "76": "FormalParameter", "77": "ReferenceType", "78": "String", "79": "tablename", "80": "FileNotFoundException", "81": "IOException", "82": "ReturnStatement", "83": "MethodInvocation", "84": "createHTableDescriptor", "85": "MethodDeclaration", "86": "Modifier", "87": "public", "88": "Annotation", "89": "Override", "90": "add", "91": "FormalParameter", "92": "ReferenceType", "93": "HTableDescriptor", "94": "htd", "95": "IOException"}, "edges": {"0->1": 0, "1->0": 0, "1->2": 0, "2->1": 0, "0->3": 0, "3->0": 0, "3->4": 0, "4->3": 0, "0->5": 0, "5->0": 0, "5->6": 0, "6->5": 0, "0->7": 0, "7->0": 0, "0->8": 0, "8->0": 0, "8->9": 0, "9->8": 0, "9->10": 0, "10->9": 0, "10->11": 0, "11->10": 0, "9->12": 0, "12->9": 0, "12->13": 0, "13->12": 0, "13->14": 0, "14->13": 0, "12->15": 0, "15->12": 0, "15->16": 0, "16->15": 0, "12->17": 0, "17->12": 0, "17->18": 0, "18->17": 0, "12->19": 0, "19->12": 0, "12->20": 0, "20->12": 0, "20->21": 0, "21->20": 0, "21->22": 0, "22->21": 0, "20->23": 0, "23->20": 0, "12->24": 0, "24->12": 0, "12->25": 0, "25->12": 0, "25->26": 0, "26->25": 0, "26->27": 0, "27->26": 0, "9->28": 0, "28->9": 0, "28->29": 0, "29->28": 0, "29->30": 0, "30->29": 0, "28->31": 0, "31->28": 0, "31->32": 0, "32->31": 0, "28->33": 0, "33->28": 0, "33->34": 0, "34->33": 0, "33->35": 0, "35->33": 0, "35->36": 0, "36->35": 0, "36->37": 0, "37->36": 0, "33->38": 0, "38->33": 0, "38->39": 0, "39->38": 0, "39->40": 0, "40->39": 0, "28->41": 0, "41->28": 0, "28->42": 0, "42->28": 0, "28->43": 0, "43->28": 0, "43->44": 0, "44->43": 0, "44->45": 0, "45->44": 0, "9->46": 0, "46->9": 0, "46->47": 0, "47->46": 0, "47->48": 0, "48->47": 0, "46->49": 0, "49->46": 0, "49->50": 0, "50->49": 0, "46->51": 0, "51->46": 0, "51->52": 0, "52->51": 0, "46->53": 0, "53->46": 0, "46->54": 0, "54->46": 0, "54->55": 0, "55->54": 0, "55->56": 0, "56->55": 0, "54->57": 0, "57->54": 0, "46->58": 0, "58->46": 0, "46->59": 0, "59->46": 0, "46->60": 0, "60->46": 0, "60->61": 0, "61->60": 0, "61->62": 0, "62->61": 0, "62->63": 0, "63->62": 0, "62->64": 0, "64->62": 0, "64->65": 0, "65->64": 0, "62->66": 0, "66->62": 0, "61->67": 0, "67->61": 0, "9->68": 0, "68->9": 0, "68->69": 0, "69->68": 0, "69->70": 0, "70->69": 0, "68->71": 0, "71->68": 0, "71->72": 0, "72->71": 0, "68->73": 0, "73->68": 0, "73->74": 0, "74->73": 0, "68->75": 0, "75->68": 0, "68->76": 0, "76->68": 0, "76->77": 0, "77->76": 0, "77->78": 0, "78->77": 0, "76->79": 0, "79->76": 0, "68->80": 0, "80->68": 0, "68->81": 0, "81->68": 0, "68->82": 0, "82->68": 0, "82->83": 0, "83->82": 0, "83->84": 0, "84->83": 0, "9->85": 0, "85->9": 0, "85->86": 0, "86->85": 0, "86->87": 0, "87->86": 0, "85->88": 0, "88->85": 0, "88->89": 0, "89->88": 0, "85->90": 0, "90->85": 0, "85->91": 0, "91->85": 0, "91->92": 0, "92->91": 0, "92->93": 0, "93->92": 0, "91->94": 0, "94->91": 0, "85->95": 0, "95->85": 0, "1->3": 1, "3->1": 12, "3->5": 1, "5->3": 12, "5->7": 1, "7->5": 12, "7->8": 1, "8->7": 12, "10->12": 1, "12->10": 12, "12->28": 1, "28->12": 12, "28->46": 1, "46->28": 12, "46->68": 1, "68->46": 12, "68->85": 1, "85->68": 12, "13->15": 1, "15->13": 12, "15->17": 1, "17->15": 12, "17->19": 1, "19->17": 12, "19->20": 1, "20->19": 12, "20->24": 1, "24->20": 12, "24->25": 1, "25->24": 12, "21->23": 1, "23->21": 12, "29->31": 1, "31->29": 12, "31->33": 1, "33->31": 12, "33->41": 1, "41->33": 12, "41->42": 2, "42->41": 3, "42->43": 1, "43->42": 12, "34->35": 1, "35->34": 12, "35->38": 1, "38->35": 12, "47->49": 1, "49->47": 12, "49->51": 1, "51->49": 12, "51->53": 1, "53->51": 12, "53->54": 1, "54->53": 12, "54->58": 1, "58->54": 12, "58->59": 2, "59->58": 3, "59->60": 1, "60->59": 12, "55->57": 1, "57->55": 12, "62->67": 1, "67->62": 12, "63->64": 1, "64->63": 12, "64->66": 1, "66->64": 12, "69->71": 1, "71->69": 12, "71->73": 1, "73->71": 12, "73->75": 1, "75->73": 12, "75->76": 1, "76->75": 12, "76->80": 1, "80->76": 12, "80->81": 2, "81->80": 3, "81->82": 1, "82->81": 12, "77->79": 1, "79->77": 12, "86->88": 1, "88->86": 12, "88->90": 1, "90->88": 12, "90->91": 1, "91->90": 12, "91->95": 1, "95->91": 12, "92->94": 1, "94->92": 12, "2->4": 2, "4->2": 3, "4->6": 2, "6->4": 3, "6->7": 2, "7->6": 3, "7->11": 2, "11->7": 3, "11->14": 2, "14->11": 3, "14->16": 2, "16->14": 3, "16->18": 2, "18->16": 3, "18->19": 2, "19->18": 3, "19->22": 2, "22->19": 3, "22->23": 2, "23->22": 3, "23->24": 2, "24->23": 3, "24->27": 2, "27->24": 3, "27->30": 2, "30->27": 3, "30->32": 2, "32->30": 3, "32->34": 2, "34->32": 3, "34->37": 2, "37->34": 3, "37->40": 2, "40->37": 3, "40->41": 2, "41->40": 3, "42->45": 2, "45->42": 3, "45->48": 2, "48->45": 3, "48->50": 2, "50->48": 3, "50->52": 2, "52->50": 3, "52->53": 2, "53->52": 3, "53->56": 2, "56->53": 3, "56->57": 2, "57->56": 3, "57->58": 2, "58->57": 3, "59->63": 2, "63->59": 3, "63->65": 2, "65->63": 3, "65->66": 2, "66->65": 3, "66->67": 2, "67->66": 3, "67->70": 2, "70->67": 3, "70->72": 2, "72->70": 3, "72->74": 2, "74->72": 3, "74->75": 2, "75->74": 3, "75->78": 2, "78->75": 3, "78->79": 2, "79->78": 3, "79->80": 2, "80->79": 3, "81->84": 2, "84->81": 3, "84->87": 2, "87->84": 3, "87->89": 2, "89->87": 3, "89->90": 2, "90->89": 3, "90->93": 2, "93->90": 3, "93->94": 2, "94->93": 3, "94->95": 2, "95->94": 3}, "metrics": [19.0, 1.0, 0.0]}