{"nodelist": ["ConstructorDeclaration", "{'public'}", "public", "createTable_args", "FormalParameter", "ReferenceType", "createTable_args", "other", "IfStatement", "MethodInvocation", "other", "isSetTableName", "BlockStatement", "StatementExpression", "Assignment", "This", "MemberReference", "tableName", "MemberReference", "other", "tableName", "=", "IfStatement", "MethodInvocation", "other", "isSetColumnFamilies", "BlockStatement", "LocalVariableDeclaration", "ReferenceType", "List", "TypeArgument", "ReferenceType", "ColumnDescriptor", "VariableDeclarator", "__this__columnFamilies", "ClassCreator", "ReferenceType", "ArrayList", "TypeArgument", "ReferenceType", "ColumnDescriptor", "MethodInvocation", "other.columnFamilies", "size", "ForStatement", "EnhancedForControl", "VariableDeclaration", "ReferenceType", "ColumnDescriptor", "VariableDeclarator", "other_element", "MemberReference", "other", "columnFamilies", "BlockStatement", "StatementExpression", "MethodInvocation", "__this__columnFamilies", "ClassCreator", "ReferenceType", "ColumnDescriptor", "MemberReference", "other_element", "add", "StatementExpression", "Assignment", "This", "MemberReference", "columnFamilies", "MemberReference", "__this__columnFamilies", "="], "nodes": {"0": "ConstructorDeclaration", "1": "Modifier", "2": "public", "3": "createTable_args", "4": "FormalParameter", "5": "ReferenceType", "6": "createTable_args", "7": "other", "8": "IfStatement", "9": "MethodInvocation", "10": "other", "11": "isSetTableName", "12": "BlockStatement", "13": "StatementExpression", "14": "Assignment", "15": "This", "16": "MemberReference", "17": "tableName", "18": "MemberReference", "19": "other", "20": "tableName", "21": "=", "22": "IfStatement", "23": "MethodInvocation", "24": "other", "25": "isSetColumnFamilies", "26": "BlockStatement", "27": "LocalVariableDeclaration", "28": "ReferenceType", "29": "List", "30": "TypeArgument", "31": "ReferenceType", "32": "ColumnDescriptor", "33": "VariableDeclarator", "34": "__this__columnFamilies", "35": "ClassCreator", "36": "ReferenceType", "37": "ArrayList", "38": "TypeArgument", "39": "ReferenceType", "40": "ColumnDescriptor", "41": "MethodInvocation", "42": "other.columnFamilies", "43": "size", "44": "ForStatement", "45": "EnhancedForControl", "46": "VariableDeclaration", "47": "ReferenceType", "48": "ColumnDescriptor", "49": "VariableDeclarator", "50": "other_element", "51": "MemberReference", "52": "other", "53": "columnFamilies", "54": "BlockStatement", "55": "StatementExpression", "56": "MethodInvocation", "57": "__this__columnFamilies", "58": "ClassCreator", "59": "ReferenceType", "60": "ColumnDescriptor", "61": "MemberReference", "62": "other_element", "63": "add", "64": "StatementExpression", "65": "Assignment", "66": "This", "67": "MemberReference", "68": "columnFamilies", "69": "MemberReference", "70": "__this__columnFamilies", "71": "="}, "edges": {"0->1": 0, "1->0": 0, "1->2": 0, "2->1": 0, "0->3": 0, "3->0": 0, "0->4": 0, "4->0": 0, "4->5": 0, "5->4": 0, "5->6": 0, "6->5": 0, "4->7": 0, "7->4": 0, "0->8": 0, "8->0": 0, "8->9": 0, "9->8": 0, "9->10": 0, "10->9": 0, "9->11": 0, "11->9": 0, "8->12": 0, "12->8": 0, "12->13": 0, "13->12": 0, "13->14": 0, "14->13": 0, "14->15": 0, "15->14": 0, "15->16": 0, "16->15": 0, "16->17": 0, "17->16": 0, "14->18": 0, "18->14": 0, "18->19": 0, "19->18": 0, "18->20": 0, "20->18": 0, "14->21": 0, "21->14": 0, "0->22": 0, "22->0": 0, "22->23": 0, "23->22": 0, "23->24": 0, "24->23": 0, "23->25": 0, "25->23": 0, "22->26": 0, "26->22": 0, "26->27": 0, "27->26": 0, "27->28": 0, "28->27": 0, "28->29": 0, "29->28": 0, "28->30": 0, "30->28": 0, "30->31": 0, "31->30": 0, "31->32": 0, "32->31": 0, "27->33": 0, "33->27": 0, "33->34": 0, "34->33": 0, "33->35": 0, "35->33": 0, "35->36": 0, "36->35": 0, "36->37": 0, "37->36": 0, "36->38": 0, "38->36": 0, "38->39": 0, "39->38": 0, "39->40": 0, "40->39": 0, "35->41": 0, "41->35": 0, "41->42": 0, "42->41": 0, "41->43": 0, "43->41": 0, "26->44": 0, "44->26": 0, "44->45": 0, "45->44": 0, "45->46": 0, "46->45": 0, "46->47": 0, "47->46": 0, "47->48": 0, "48->47": 0, "46->49": 0, "49->46": 0, "49->50": 0, "50->49": 0, "45->51": 0, "51->45": 0, "51->52": 0, "52->51": 0, "51->53": 0, "53->51": 0, "44->54": 0, "54->44": 0, "54->55": 0, "55->54": 0, "55->56": 0, "56->55": 0, "56->57": 0, "57->56": 0, "56->58": 0, "58->56": 0, "58->59": 0, "59->58": 0, "59->60": 0, "60->59": 0, "58->61": 0, "61->58": 0, "61->62": 0, "62->61": 0, "56->63": 0, "63->56": 0, "26->64": 0, "64->26": 0, "64->65": 0, "65->64": 0, "65->66": 0, "66->65": 0, "66->67": 0, "67->66": 0, "67->68": 0, "68->67": 0, "65->69": 0, "69->65": 0, "69->70": 0, "70->69": 0, "65->71": 0, "71->65": 0, "1->3": 1, "3->1": 12, "3->4": 1, "4->3": 12, "4->8": 1, "8->4": 12, "8->22": 1, "22->8": 12, "5->7": 1, "7->5": 12, "9->12": 6, "12->9": 6, "10->11": 2, "11->10": 3, "15->18": 1, "18->15": 12, "18->21": 1, "21->18": 12, "19->20": 2, "20->19": 3, "23->26": 6, "26->23": 6, "24->25": 2, "25->24": 3, "27->44": 10, "44->27": 11, "44->64": 10, "64->44": 11, "28->33": 1, "33->28": 12, "29->30": 1, "30->29": 12, "34->35": 1, "35->34": 12, "36->41": 1, "41->36": 12, "37->38": 1, "38->37": 12, "42->43": 2, "43->42": 3, "45->54": 9, "54->45": 9, "46->51": 1, "51->46": 12, "47->49": 1, "49->47": 12, "52->53": 2, "53->52": 3, "57->58": 1, "58->57": 12, "58->63": 1, "63->58": 12, "59->61": 1, "61->59": 12, "66->69": 1, "69->66": 12, "69->71": 1, "71->69": 12, "2->3": 2, "3->2": 3, "3->6": 2, "6->3": 3, "6->7": 2, "7->6": 3, "7->10": 2, "10->7": 3, "11->17": 2, "17->11": 3, "17->19": 2, "19->17": 3, "20->21": 2, "21->20": 3, "21->24": 2, "24->21": 3, "25->29": 2, "29->25": 3, "29->32": 2, "32->29": 3, "32->34": 2, "34->32": 3, "34->37": 2, "37->34": 3, "37->40": 2, "40->37": 3, "40->42": 2, "42->40": 3, "43->48": 2, "48->43": 3, "48->50": 2, "50->48": 3, "50->52": 2, "52->50": 3, "53->57": 2, "57->53": 3, "57->60": 2, "60->57": 3, "60->62": 2, "62->60": 3, "62->63": 2, "63->62": 3, "63->68": 2, "68->63": 3, "68->70": 2, "70->68": 3, "70->71": 2, "71->70": 3, "17->20": 4, "20->17": 5, "53->68": 4, "68->53": 5}, "metrics": [12.0, 4.0, 1.0]}