{"nodelist": ["ConstructorDeclaration", "{'public'}", "public", "ExplicitColumnTracker", "FormalParameter", "ReferenceType", "NavigableSet", "TypeArgument", "BasicType", "byte", "columns", "FormalParameter", "BasicType", "int", "minVersions", "FormalParameter", "BasicType", "int", "maxVersions", "FormalParameter", "BasicType", "long", "oldestUnexpiredTS", "StatementExpression", "Assignment", "This", "MemberReference", "maxVersions", "MemberReference", "maxVersions", "=", "StatementExpression", "Assignment", "This", "MemberReference", "minVersions", "MemberReference", "minVersions", "=", "StatementExpression", "Assignment", "This", "MemberReference", "oldestStamp", "MemberReference", "oldestUnexpiredTS", "=", "StatementExpression", "Assignment", "This", "MemberReference", "columns", "ClassCreator", "ReferenceType", "ArrayList", "TypeArgument", "ReferenceType", "ColumnCount", "MethodInvocation", "columns", "size", "=", "ForStatement", "EnhancedForControl", "VariableDeclaration", "BasicType", "byte", "VariableDeclarator", "column", "MemberReference", "columns", "BlockStatement", "StatementExpression", "This", "MemberReference", "columns", "MethodInvocation", "ClassCreator", "ReferenceType", "ColumnCount", "MemberReference", "column", "add", "StatementExpression", "MethodInvocation", "reset"], "nodes": {"0": "ConstructorDeclaration", "1": "Modifier", "2": "public", "3": "ExplicitColumnTracker", "4": "FormalParameter", "5": "ReferenceType", "6": "NavigableSet", "7": "TypeArgument", "8": "BasicType", "9": "byte", "10": "columns", "11": "FormalParameter", "12": "BasicType", "13": "int", "14": "minVersions", "15": "FormalParameter", "16": "BasicType", "17": "int", "18": "maxVersions", "19": "FormalParameter", "20": "BasicType", "21": "long", "22": "oldestUnexpiredTS", "23": "StatementExpression", "24": "Assignment", "25": "This", "26": "MemberReference", "27": "maxVersions", "28": "MemberReference", "29": "maxVersions", "30": "=", "31": "StatementExpression", "32": "Assignment", "33": "This", "34": "MemberReference", "35": "minVersions", "36": "MemberReference", "37": "minVersions", "38": "=", "39": "StatementExpression", "40": "Assignment", "41": "This", "42": "MemberReference", "43": "oldestStamp", "44": "MemberReference", "45": "oldestUnexpiredTS", "46": "=", "47": "StatementExpression", "48": "Assignment", "49": "This", "50": "MemberReference", "51": "columns", "52": "ClassCreator", "53": "ReferenceType", "54": "ArrayList", "55": "TypeArgument", "56": "ReferenceType", "57": "ColumnCount", "58": "MethodInvocation", "59": "columns", "60": "size", "61": "=", "62": "ForStatement", "63": "EnhancedForControl", "64": "VariableDeclaration", "65": "BasicType", "66": "byte", "67": "VariableDeclarator", "68": "column", "69": "MemberReference", "70": "columns", "71": "BlockStatement", "72": "StatementExpression", "73": "This", "74": "MemberReference", "75": "columns", "76": "MethodInvocation", "77": "ClassCreator", "78": "ReferenceType", "79": "ColumnCount", "80": "MemberReference", "81": "column", "82": "add", "83": "StatementExpression", "84": "MethodInvocation", "85": "reset"}, "edges": {"0->1": 0, "1->0": 0, "1->2": 0, "2->1": 0, "0->3": 0, "3->0": 0, "0->4": 0, "4->0": 0, "4->5": 0, "5->4": 0, "5->6": 0, "6->5": 0, "5->7": 0, "7->5": 0, "7->8": 0, "8->7": 0, "8->9": 0, "9->8": 0, "4->10": 0, "10->4": 0, "0->11": 0, "11->0": 0, "11->12": 0, "12->11": 0, "12->13": 0, "13->12": 0, "11->14": 0, "14->11": 0, "0->15": 0, "15->0": 0, "15->16": 0, "16->15": 0, "16->17": 0, "17->16": 0, "15->18": 0, "18->15": 0, "0->19": 0, "19->0": 0, "19->20": 0, "20->19": 0, "20->21": 0, "21->20": 0, "19->22": 0, "22->19": 0, "0->23": 0, "23->0": 0, "23->24": 0, "24->23": 0, "24->25": 0, "25->24": 0, "25->26": 0, "26->25": 0, "26->27": 0, "27->26": 0, "24->28": 0, "28->24": 0, "28->29": 0, "29->28": 0, "24->30": 0, "30->24": 0, "0->31": 0, "31->0": 0, "31->32": 0, "32->31": 0, "32->33": 0, "33->32": 0, "33->34": 0, "34->33": 0, "34->35": 0, "35->34": 0, "32->36": 0, "36->32": 0, "36->37": 0, "37->36": 0, "32->38": 0, "38->32": 0, "0->39": 0, "39->0": 0, "39->40": 0, "40->39": 0, "40->41": 0, "41->40": 0, "41->42": 0, "42->41": 0, "42->43": 0, "43->42": 0, "40->44": 0, "44->40": 0, "44->45": 0, "45->44": 0, "40->46": 0, "46->40": 0, "0->47": 0, "47->0": 0, "47->48": 0, "48->47": 0, "48->49": 0, "49->48": 0, "49->50": 0, "50->49": 0, "50->51": 0, "51->50": 0, "48->52": 0, "52->48": 0, "52->53": 0, "53->52": 0, "53->54": 0, "54->53": 0, "53->55": 0, "55->53": 0, "55->56": 0, "56->55": 0, "56->57": 0, "57->56": 0, "52->58": 0, "58->52": 0, "58->59": 0, "59->58": 0, "58->60": 0, "60->58": 0, "48->61": 0, "61->48": 0, "0->62": 0, "62->0": 0, "62->63": 0, "63->62": 0, "63->64": 0, "64->63": 0, "64->65": 0, "65->64": 0, "65->66": 0, "66->65": 0, "64->67": 0, "67->64": 0, "67->68": 0, "68->67": 0, "63->69": 0, "69->63": 0, "69->70": 0, "70->69": 0, "62->71": 0, "71->62": 0, "71->72": 0, "72->71": 0, "72->73": 0, "73->72": 0, "73->74": 0, "74->73": 0, "74->75": 0, "75->74": 0, "73->76": 0, "76->73": 0, "76->77": 0, "77->76": 0, "77->78": 0, "78->77": 0, "78->79": 0, "79->78": 0, "77->80": 0, "80->77": 0, "80->81": 0, "81->80": 0, "76->82": 0, "82->76": 0, "0->83": 0, "83->0": 0, "83->84": 0, "84->83": 0, "84->85": 0, "85->84": 0, "1->3": 1, "3->1": 12, "3->4": 1, "4->3": 12, "4->11": 1, "11->4": 12, "11->15": 1, "15->11": 12, "15->19": 1, "19->15": 12, "19->23": 1, "23->19": 12, "23->31": 1, "31->23": 12, "31->39": 1, "39->31": 12, "39->47": 1, "47->39": 12, "47->62": 1, "62->47": 12, "62->83": 1, "83->62": 12, "5->10": 1, "10->5": 12, "6->7": 1, "7->6": 12, "12->14": 1, "14->12": 12, "16->18": 1, "18->16": 12, "20->22": 1, "22->20": 12, "25->28": 1, "28->25": 12, "28->30": 1, "30->28": 12, "33->36": 1, "36->33": 12, "36->38": 1, "38->36": 12, "41->44": 1, "44->41": 12, "44->46": 1, "46->44": 12, "49->52": 1, "52->49": 12, "52->61": 1, "61->52": 12, "53->58": 1, "58->53": 12, "54->55": 1, "55->54": 12, "59->60": 2, "60->59": 3, "63->71": 9, "71->63": 9, "64->69": 1, "69->64": 12, "65->67": 1, "67->65": 12, "74->76": 1, "76->74": 12, "77->82": 1, "82->77": 12, "78->80": 1, "80->78": 12, "2->3": 2, "3->2": 3, "3->6": 2, "6->3": 3, "6->9": 2, "9->6": 3, "9->10": 2, "10->9": 3, "10->13": 2, "13->10": 3, "13->14": 2, "14->13": 3, "14->17": 2, "17->14": 3, "17->18": 2, "18->17": 3, "18->21": 2, "21->18": 3, "21->22": 2, "22->21": 3, "22->27": 2, "27->22": 3, "27->29": 4, "29->27": 5, "29->30": 2, "30->29": 3, "30->35": 2, "35->30": 3, "35->37": 4, "37->35": 5, "37->38": 2, "38->37": 3, "38->43": 2, "43->38": 3, "43->45": 2, "45->43": 3, "45->46": 2, "46->45": 3, "46->51": 2, "51->46": 3, "51->54": 2, "54->51": 3, "54->57": 2, "57->54": 3, "57->59": 2, "59->57": 3, "60->61": 2, "61->60": 3, "61->66": 2, "66->61": 3, "66->68": 2, "68->66": 3, "68->70": 2, "70->68": 3, "70->75": 4, "75->70": 5, "75->79": 2, "79->75": 3, "79->81": 2, "81->79": 3, "81->82": 2, "82->81": 3, "82->85": 2, "85->82": 3, "51->70": 4, "70->51": 5}, "metrics": [10.0, 2.0, 4.0]}