{"nodelist": ["ConstructorDeclaration", "{'public'}", "public", "TGet", "FormalParameter", "ReferenceType", "TGet", "other", "StatementExpression", "Assignment", "MemberReference", "__isset_bitfield", "MemberReference", "other", "__isset_bitfield", "=", "IfStatement", "MethodInvocation", "other", "isSetRow", "BlockStatement", "StatementExpression", "Assignment", "This", "MemberReference", "row", "MethodInvocation", "org.apache.thrift.TBaseHelper", "MemberReference", "other", "row", "copyBinary", "=", "Statement", "IfStatement", "MethodInvocation", "other", "isSetColumns", "BlockStatement", "LocalVariableDeclaration", "ReferenceType", "List", "TypeArgument", "ReferenceType", "TColumn", "VariableDeclarator", "__this__columns", "ClassCreator", "ReferenceType", "ArrayList", "TypeArgument", "ReferenceType", "TColumn", "ForStatement", "EnhancedForControl", "VariableDeclaration", "ReferenceType", "TColumn", "VariableDeclarator", "other_element", "MemberReference", "other", "columns", "BlockStatement", "StatementExpression", "MethodInvocation", "__this__columns", "ClassCreator", "ReferenceType", "TColumn", "MemberReference", "other_element", "add", "StatementExpression", "Assignment", "This", "MemberReference", "columns", "MemberReference", "__this__columns", "=", "StatementExpression", "Assignment", "This", "MemberReference", "timestamp", "MemberReference", "other", "timestamp", "=", "IfStatement", "MethodInvocation", "other", "isSetTimeRange", "BlockStatement", "StatementExpression", "Assignment", "This", "MemberReference", "timeRange", "ClassCreator", "ReferenceType", "TTimeRange", "MemberReference", "other", "timeRange", "=", "StatementExpression", "Assignment", "This", "MemberReference", "maxVersions", "MemberReference", "other", "maxVersions", "="], "nodes": {"0": "ConstructorDeclaration", "1": "Modifier", "2": "public", "3": "TGet", "4": "FormalParameter", "5": "ReferenceType", "6": "TGet", "7": "other", "8": "StatementExpression", "9": "Assignment", "10": "MemberReference", "11": "__isset_bitfield", "12": "MemberReference", "13": "other", "14": "__isset_bitfield", "15": "=", "16": "IfStatement", "17": "MethodInvocation", "18": "other", "19": "isSetRow", "20": "BlockStatement", "21": "StatementExpression", "22": "Assignment", "23": "This", "24": "MemberReference", "25": "row", "26": "MethodInvocation", "27": "org.apache.thrift.TBaseHelper", "28": "MemberReference", "29": "other", "30": "row", "31": "copyBinary", "32": "=", "33": "Statement", "34": "IfStatement", "35": "MethodInvocation", "36": "other", "37": "isSetColumns", "38": "BlockStatement", "39": "LocalVariableDeclaration", "40": "ReferenceType", "41": "List", "42": "TypeArgument", "43": "ReferenceType", "44": "TColumn", "45": "VariableDeclarator", "46": "__this__columns", "47": "ClassCreator", "48": "ReferenceType", "49": "ArrayList", "50": "TypeArgument", "51": "ReferenceType", "52": "TColumn", "53": "ForStatement", "54": "EnhancedForControl", "55": "VariableDeclaration", "56": "ReferenceType", "57": "TColumn", "58": "VariableDeclarator", "59": "other_element", "60": "MemberReference", "61": "other", "62": "columns", "63": "BlockStatement", "64": "StatementExpression", "65": "MethodInvocation", "66": "__this__columns", "67": "ClassCreator", "68": "ReferenceType", "69": "TColumn", "70": "MemberReference", "71": "other_element", "72": "add", "73": "StatementExpression", "74": "Assignment", "75": "This", "76": "MemberReference", "77": "columns", "78": "MemberReference", "79": "__this__columns", "80": "=", "81": "StatementExpression", "82": "Assignment", "83": "This", "84": "MemberReference", "85": "timestamp", "86": "MemberReference", "87": "other", "88": "timestamp", "89": "=", "90": "IfStatement", "91": "MethodInvocation", "92": "other", "93": "isSetTimeRange", "94": "BlockStatement", "95": "StatementExpression", "96": "Assignment", "97": "This", "98": "MemberReference", "99": "timeRange", "100": "ClassCreator", "101": "ReferenceType", "102": "TTimeRange", "103": "MemberReference", "104": "other", "105": "timeRange", "106": "=", "107": "StatementExpression", "108": "Assignment", "109": "This", "110": "MemberReference", "111": "maxVersions", "112": "MemberReference", "113": "other", "114": "maxVersions", "115": "="}, "edges": {"0->1": 0, "1->0": 0, "1->2": 0, "2->1": 0, "0->3": 0, "3->0": 0, "0->4": 0, "4->0": 0, "4->5": 0, "5->4": 0, "5->6": 0, "6->5": 0, "4->7": 0, "7->4": 0, "0->8": 0, "8->0": 0, "8->9": 0, "9->8": 0, "9->10": 0, "10->9": 0, "10->11": 0, "11->10": 0, "9->12": 0, "12->9": 0, "12->13": 0, "13->12": 0, "12->14": 0, "14->12": 0, "9->15": 0, "15->9": 0, "0->16": 0, "16->0": 0, "16->17": 0, "17->16": 0, "17->18": 0, "18->17": 0, "17->19": 0, "19->17": 0, "16->20": 0, "20->16": 0, "20->21": 0, "21->20": 0, "21->22": 0, "22->21": 0, "22->23": 0, "23->22": 0, "23->24": 0, "24->23": 0, "24->25": 0, "25->24": 0, "22->26": 0, "26->22": 0, "26->27": 0, "27->26": 0, "26->28": 0, "28->26": 0, "28->29": 0, "29->28": 0, "28->30": 0, "30->28": 0, "26->31": 0, "31->26": 0, "22->32": 0, "32->22": 0, "20->33": 0, "33->20": 0, "0->34": 0, "34->0": 0, "34->35": 0, "35->34": 0, "35->36": 0, "36->35": 0, "35->37": 0, "37->35": 0, "34->38": 0, "38->34": 0, "38->39": 0, "39->38": 0, "39->40": 0, "40->39": 0, "40->41": 0, "41->40": 0, "40->42": 0, "42->40": 0, "42->43": 0, "43->42": 0, "43->44": 0, "44->43": 0, "39->45": 0, "45->39": 0, "45->46": 0, "46->45": 0, "45->47": 0, "47->45": 0, "47->48": 0, "48->47": 0, "48->49": 0, "49->48": 0, "48->50": 0, "50->48": 0, "50->51": 0, "51->50": 0, "51->52": 0, "52->51": 0, "38->53": 0, "53->38": 0, "53->54": 0, "54->53": 0, "54->55": 0, "55->54": 0, "55->56": 0, "56->55": 0, "56->57": 0, "57->56": 0, "55->58": 0, "58->55": 0, "58->59": 0, "59->58": 0, "54->60": 0, "60->54": 0, "60->61": 0, "61->60": 0, "60->62": 0, "62->60": 0, "53->63": 0, "63->53": 0, "63->64": 0, "64->63": 0, "64->65": 0, "65->64": 0, "65->66": 0, "66->65": 0, "65->67": 0, "67->65": 0, "67->68": 0, "68->67": 0, "68->69": 0, "69->68": 0, "67->70": 0, "70->67": 0, "70->71": 0, "71->70": 0, "65->72": 0, "72->65": 0, "38->73": 0, "73->38": 0, "73->74": 0, "74->73": 0, "74->75": 0, "75->74": 0, "75->76": 0, "76->75": 0, "76->77": 0, "77->76": 0, "74->78": 0, "78->74": 0, "78->79": 0, "79->78": 0, "74->80": 0, "80->74": 0, "0->81": 0, "81->0": 0, "81->82": 0, "82->81": 0, "82->83": 0, "83->82": 0, "83->84": 0, "84->83": 0, "84->85": 0, "85->84": 0, "82->86": 0, "86->82": 0, "86->87": 0, "87->86": 0, "86->88": 0, "88->86": 0, "82->89": 0, "89->82": 0, "0->90": 0, "90->0": 0, "90->91": 0, "91->90": 0, "91->92": 0, "92->91": 0, "91->93": 0, "93->91": 0, "90->94": 0, "94->90": 0, "94->95": 0, "95->94": 0, "95->96": 0, "96->95": 0, "96->97": 0, "97->96": 0, "97->98": 0, "98->97": 0, "98->99": 0, "99->98": 0, "96->100": 0, "100->96": 0, "100->101": 0, "101->100": 0, "101->102": 0, "102->101": 0, "100->103": 0, "103->100": 0, "103->104": 0, "104->103": 0, "103->105": 0, "105->103": 0, "96->106": 0, "106->96": 0, "0->107": 0, "107->0": 0, "107->108": 0, "108->107": 0, "108->109": 0, "109->108": 0, "109->110": 0, "110->109": 0, "110->111": 0, "111->110": 0, "108->112": 0, "112->108": 0, "112->113": 0, "113->112": 0, "112->114": 0, "114->112": 0, "108->115": 0, "115->108": 0, "1->3": 1, "3->1": 12, "3->4": 1, "4->3": 12, "4->8": 1, "8->4": 12, "8->16": 1, "16->8": 12, "16->34": 1, "34->16": 12, "34->81": 1, "81->34": 12, "81->90": 1, "90->81": 12, "90->107": 1, "107->90": 12, "5->7": 1, "7->5": 12, "10->12": 1, "12->10": 12, "12->15": 1, "15->12": 12, "13->14": 2, "14->13": 3, "17->20": 6, "20->17": 6, "18->19": 2, "19->18": 3, "21->33": 10, "33->21": 11, "23->26": 1, "26->23": 12, "26->32": 1, "32->26": 12, "27->28": 1, "28->27": 12, "28->31": 1, "31->28": 12, "29->30": 2, "30->29": 3, "35->38": 6, "38->35": 6, "36->37": 2, "37->36": 3, "39->53": 10, "53->39": 11, "53->73": 10, "73->53": 11, "40->45": 1, "45->40": 12, "41->42": 1, "42->41": 12, "46->47": 1, "47->46": 12, "49->50": 1, "50->49": 12, "54->63": 9, "63->54": 9, "55->60": 1, "60->55": 12, "56->58": 1, "58->56": 12, "61->62": 2, "62->61": 3, "66->67": 1, "67->66": 12, "67->72": 1, "72->67": 12, "68->70": 1, "70->68": 12, "75->78": 1, "78->75": 12, "78->80": 1, "80->78": 12, "83->86": 1, "86->83": 12, "86->89": 1, "89->86": 12, "87->88": 2, "88->87": 3, "91->94": 6, "94->91": 6, "92->93": 2, "93->92": 3, "97->100": 1, "100->97": 12, "100->106": 1, "106->100": 12, "101->103": 1, "103->101": 12, "104->105": 2, "105->104": 3, "109->112": 1, "112->109": 12, "112->115": 1, "115->112": 12, "113->114": 2, "114->113": 3, "2->3": 2, "3->2": 3, "3->6": 2, "6->3": 3, "6->7": 2, "7->6": 3, "7->11": 2, "11->7": 3, "11->13": 2, "13->11": 3, "14->15": 2, "15->14": 3, "15->18": 2, "18->15": 3, "19->25": 2, "25->19": 3, "25->27": 2, "27->25": 3, "27->29": 2, "29->27": 3, "30->31": 2, "31->30": 3, "31->32": 2, "32->31": 3, "32->33": 2, "33->32": 3, "33->36": 2, "36->33": 3, "37->41": 2, "41->37": 3, "41->44": 2, "44->41": 3, "44->46": 2, "46->44": 3, "46->49": 2, "49->46": 3, "49->52": 2, "52->49": 3, "52->57": 2, "57->52": 3, "57->59": 2, "59->57": 3, "59->61": 2, "61->59": 3, "62->66": 2, "66->62": 3, "66->69": 2, "69->66": 3, "69->71": 2, "71->69": 3, "71->72": 2, "72->71": 3, "72->77": 2, "77->72": 3, "77->79": 2, "79->77": 3, "79->80": 2, "80->79": 3, "80->85": 2, "85->80": 3, "85->87": 2, "87->85": 3, "88->89": 2, "89->88": 3, "89->92": 2, "92->89": 3, "93->99": 2, "99->93": 3, "99->102": 2, "102->99": 3, "102->104": 2, "104->102": 3, "105->106": 2, "106->105": 3, "106->111": 2, "111->106": 3, "111->113": 2, "113->111": 3, "114->115": 2, "115->114": 3, "11->14": 4, "14->11": 5, "25->30": 4, "30->25": 5, "62->77": 4, "77->62": 5, "85->88": 4, "88->85": 5, "99->105": 4, "105->99": 5, "111->114": 4, "114->111": 5}, "metrics": [19.0, 5.0, 1.0]}