{"nodelist": ["ConstructorDeclaration", "{'public'}", "public", "getColumnDescriptors_result", "FormalParameter", "ReferenceType", "getColumnDescriptors_result", "other", "IfStatement", "MethodInvocation", "other", "isSetSuccess", "BlockStatement", "LocalVariableDeclaration", "ReferenceType", "Map", "TypeArgument", "ReferenceType", "ByteBuffer", "TypeArgument", "ReferenceType", "ColumnDescriptor", "VariableDeclarator", "__this__success", "ClassCreator", "ReferenceType", "HashMap", "TypeArgument", "ReferenceType", "ByteBuffer", "TypeArgument", "ReferenceType", "ColumnDescriptor", "MethodInvocation", "other.success", "size", "ForStatement", "EnhancedForControl", "VariableDeclaration", "ReferenceType", "Map", "ReferenceType", "Entry", "TypeArgument", "ReferenceType", "ByteBuffer", "TypeArgument", "ReferenceType", "ColumnDescriptor", "VariableDeclarator", "other_element", "MethodInvocation", "other.success", "entrySet", "BlockStatement", "LocalVariableDeclaration", "ReferenceType", "ByteBuffer", "VariableDeclarator", "other_element_key", "MethodInvocation", "other_element", "getKey", "LocalVariableDeclaration", "ReferenceType", "ColumnDescriptor", "VariableDeclarator", "other_element_value", "MethodInvocation", "other_element", "getValue", "LocalVariableDeclaration", "ReferenceType", "ByteBuffer", "VariableDeclarator", "__this__success_copy_key", "MemberReference", "other_element_key", "LocalVariableDeclaration", "ReferenceType", "ColumnDescriptor", "VariableDeclarator", "__this__success_copy_value", "ClassCreator", "ReferenceType", "ColumnDescriptor", "MemberReference", "other_element_value", "StatementExpression", "MethodInvocation", "__this__success", "MemberReference", "__this__success_copy_key", "MemberReference", "__this__success_copy_value", "put", "StatementExpression", "Assignment", "This", "MemberReference", "success", "MemberReference", "__this__success", "=", "IfStatement", "MethodInvocation", "other", "isSetIo", "BlockStatement", "StatementExpression", "Assignment", "This", "MemberReference", "io", "ClassCreator", "ReferenceType", "IOError", "MemberReference", "other", "io", "="], "nodes": {"0": "ConstructorDeclaration", "1": "Modifier", "2": "public", "3": "getColumnDescriptors_result", "4": "FormalParameter", "5": "ReferenceType", "6": "getColumnDescriptors_result", "7": "other", "8": "IfStatement", "9": "MethodInvocation", "10": "other", "11": "isSetSuccess", "12": "BlockStatement", "13": "LocalVariableDeclaration", "14": "ReferenceType", "15": "Map", "16": "TypeArgument", "17": "ReferenceType", "18": "ByteBuffer", "19": "TypeArgument", "20": "ReferenceType", "21": "ColumnDescriptor", "22": "VariableDeclarator", "23": "__this__success", "24": "ClassCreator", "25": "ReferenceType", "26": "HashMap", "27": "TypeArgument", "28": "ReferenceType", "29": "ByteBuffer", "30": "TypeArgument", "31": "ReferenceType", "32": "ColumnDescriptor", "33": "MethodInvocation", "34": "other.success", "35": "size", "36": "ForStatement", "37": "EnhancedForControl", "38": "VariableDeclaration", "39": "ReferenceType", "40": "Map", "41": "ReferenceType", "42": "Entry", "43": "TypeArgument", "44": "ReferenceType", "45": "ByteBuffer", "46": "TypeArgument", "47": "ReferenceType", "48": "ColumnDescriptor", "49": "VariableDeclarator", "50": "other_element", "51": "MethodInvocation", "52": "other.success", "53": "entrySet", "54": "BlockStatement", "55": "LocalVariableDeclaration", "56": "ReferenceType", "57": "ByteBuffer", "58": "VariableDeclarator", "59": "other_element_key", "60": "MethodInvocation", "61": "other_element", "62": "getKey", "63": "LocalVariableDeclaration", "64": "ReferenceType", "65": "ColumnDescriptor", "66": "VariableDeclarator", "67": "other_element_value", "68": "MethodInvocation", "69": "other_element", "70": "getValue", "71": "LocalVariableDeclaration", "72": "ReferenceType", "73": "ByteBuffer", "74": "VariableDeclarator", "75": "__this__success_copy_key", "76": "MemberReference", "77": "other_element_key", "78": "LocalVariableDeclaration", "79": "ReferenceType", "80": "ColumnDescriptor", "81": "VariableDeclarator", "82": "__this__success_copy_value", "83": "ClassCreator", "84": "ReferenceType", "85": "ColumnDescriptor", "86": "MemberReference", "87": "other_element_value", "88": "StatementExpression", "89": "MethodInvocation", "90": "__this__success", "91": "MemberReference", "92": "__this__success_copy_key", "93": "MemberReference", "94": "__this__success_copy_value", "95": "put", "96": "StatementExpression", "97": "Assignment", "98": "This", "99": "MemberReference", "100": "success", "101": "MemberReference", "102": "__this__success", "103": "=", "104": "IfStatement", "105": "MethodInvocation", "106": "other", "107": "isSetIo", "108": "BlockStatement", "109": "StatementExpression", "110": "Assignment", "111": "This", "112": "MemberReference", "113": "io", "114": "ClassCreator", "115": "ReferenceType", "116": "IOError", "117": "MemberReference", "118": "other", "119": "io", "120": "="}, "edges": {"0->1": 0, "1->0": 0, "1->2": 0, "2->1": 0, "0->3": 0, "3->0": 0, "0->4": 0, "4->0": 0, "4->5": 0, "5->4": 0, "5->6": 0, "6->5": 0, "4->7": 0, "7->4": 0, "0->8": 0, "8->0": 0, "8->9": 0, "9->8": 0, "9->10": 0, "10->9": 0, "9->11": 0, "11->9": 0, "8->12": 0, "12->8": 0, "12->13": 0, "13->12": 0, "13->14": 0, "14->13": 0, "14->15": 0, "15->14": 0, "14->16": 0, "16->14": 0, "16->17": 0, "17->16": 0, "17->18": 0, "18->17": 0, "14->19": 0, "19->14": 0, "19->20": 0, "20->19": 0, "20->21": 0, "21->20": 0, "13->22": 0, "22->13": 0, "22->23": 0, "23->22": 0, "22->24": 0, "24->22": 0, "24->25": 0, "25->24": 0, "25->26": 0, "26->25": 0, "25->27": 0, "27->25": 0, "27->28": 0, "28->27": 0, "28->29": 0, "29->28": 0, "25->30": 0, "30->25": 0, "30->31": 0, "31->30": 0, "31->32": 0, "32->31": 0, "24->33": 0, "33->24": 0, "33->34": 0, "34->33": 0, "33->35": 0, "35->33": 0, "12->36": 0, "36->12": 0, "36->37": 0, "37->36": 0, "37->38": 0, "38->37": 0, "38->39": 0, "39->38": 0, "39->40": 0, "40->39": 0, "39->41": 0, "41->39": 0, "41->42": 0, "42->41": 0, "41->43": 0, "43->41": 0, "43->44": 0, "44->43": 0, "44->45": 0, "45->44": 0, "41->46": 0, "46->41": 0, "46->47": 0, "47->46": 0, "47->48": 0, "48->47": 0, "38->49": 0, "49->38": 0, "49->50": 0, "50->49": 0, "37->51": 0, "51->37": 0, "51->52": 0, "52->51": 0, "51->53": 0, "53->51": 0, "36->54": 0, "54->36": 0, "54->55": 0, "55->54": 0, "55->56": 0, "56->55": 0, "56->57": 0, "57->56": 0, "55->58": 0, "58->55": 0, "58->59": 0, "59->58": 0, "58->60": 0, "60->58": 0, "60->61": 0, "61->60": 0, "60->62": 0, "62->60": 0, "54->63": 0, "63->54": 0, "63->64": 0, "64->63": 0, "64->65": 0, "65->64": 0, "63->66": 0, "66->63": 0, "66->67": 0, "67->66": 0, "66->68": 0, "68->66": 0, "68->69": 0, "69->68": 0, "68->70": 0, "70->68": 0, "54->71": 0, "71->54": 0, "71->72": 0, "72->71": 0, "72->73": 0, "73->72": 0, "71->74": 0, "74->71": 0, "74->75": 0, "75->74": 0, "74->76": 0, "76->74": 0, "76->77": 0, "77->76": 0, "54->78": 0, "78->54": 0, "78->79": 0, "79->78": 0, "79->80": 0, "80->79": 0, "78->81": 0, "81->78": 0, "81->82": 0, "82->81": 0, "81->83": 0, "83->81": 0, "83->84": 0, "84->83": 0, "84->85": 0, "85->84": 0, "83->86": 0, "86->83": 0, "86->87": 0, "87->86": 0, "54->88": 0, "88->54": 0, "88->89": 0, "89->88": 0, "89->90": 0, "90->89": 0, "89->91": 0, "91->89": 0, "91->92": 0, "92->91": 0, "89->93": 0, "93->89": 0, "93->94": 0, "94->93": 0, "89->95": 0, "95->89": 0, "12->96": 0, "96->12": 0, "96->97": 0, "97->96": 0, "97->98": 0, "98->97": 0, "98->99": 0, "99->98": 0, "99->100": 0, "100->99": 0, "97->101": 0, "101->97": 0, "101->102": 0, "102->101": 0, "97->103": 0, "103->97": 0, "0->104": 0, "104->0": 0, "104->105": 0, "105->104": 0, "105->106": 0, "106->105": 0, "105->107": 0, "107->105": 0, "104->108": 0, "108->104": 0, "108->109": 0, "109->108": 0, "109->110": 0, "110->109": 0, "110->111": 0, "111->110": 0, "111->112": 0, "112->111": 0, "112->113": 0, "113->112": 0, "110->114": 0, "114->110": 0, "114->115": 0, "115->114": 0, "115->116": 0, "116->115": 0, "114->117": 0, "117->114": 0, "117->118": 0, "118->117": 0, "117->119": 0, "119->117": 0, "110->120": 0, "120->110": 0, "1->3": 1, "3->1": 12, "3->4": 1, "4->3": 12, "4->8": 1, "8->4": 12, "8->104": 1, "104->8": 12, "5->7": 1, "7->5": 12, "9->12": 6, "12->9": 6, "10->11": 2, "11->10": 3, "13->36": 10, "36->13": 11, "36->96": 10, "96->36": 11, "14->22": 1, "22->14": 12, "15->16": 1, "16->15": 12, "16->19": 1, "19->16": 12, "23->24": 1, "24->23": 12, "25->33": 1, "33->25": 12, "26->27": 1, "27->26": 12, "27->30": 1, "30->27": 12, "34->35": 2, "35->34": 3, "37->54": 9, "54->37": 9, "38->51": 1, "51->38": 12, "39->49": 1, "49->39": 12, "40->41": 1, "41->40": 12, "42->43": 1, "43->42": 12, "43->46": 1, "46->43": 12, "52->53": 2, "53->52": 3, "55->63": 10, "63->55": 11, "63->71": 10, "71->63": 11, "71->78": 10, "78->71": 11, "78->88": 10, "88->78": 11, "56->58": 1, "58->56": 12, "59->60": 1, "60->59": 12, "61->62": 2, "62->61": 3, "64->66": 1, "66->64": 12, "67->68": 1, "68->67": 12, "69->70": 2, "70->69": 3, "72->74": 1, "74->72": 12, "75->76": 1, "76->75": 12, "79->81": 1, "81->79": 12, "82->83": 1, "83->82": 12, "84->86": 1, "86->84": 12, "90->91": 1, "91->90": 12, "91->93": 1, "93->91": 12, "93->95": 1, "95->93": 12, "98->101": 1, "101->98": 12, "101->103": 1, "103->101": 12, "105->108": 6, "108->105": 6, "106->107": 2, "107->106": 3, "111->114": 1, "114->111": 12, "114->120": 1, "120->114": 12, "115->117": 1, "117->115": 12, "118->119": 2, "119->118": 3, "2->3": 2, "3->2": 3, "3->6": 2, "6->3": 3, "6->7": 2, "7->6": 3, "7->10": 2, "10->7": 3, "11->15": 2, "15->11": 3, "15->18": 2, "18->15": 3, "18->21": 2, "21->18": 3, "21->23": 2, "23->21": 3, "23->26": 2, "26->23": 3, "26->29": 2, "29->26": 3, "29->32": 2, "32->29": 3, "32->34": 2, "34->32": 3, "35->40": 2, "40->35": 3, "40->42": 2, "42->40": 3, "42->45": 2, "45->42": 3, "45->48": 2, "48->45": 3, "48->50": 2, "50->48": 3, "50->52": 2, "52->50": 3, "53->57": 2, "57->53": 3, "57->59": 2, "59->57": 3, "59->61": 2, "61->59": 3, "62->65": 2, "65->62": 3, "65->67": 2, "67->65": 3, "67->69": 2, "69->67": 3, "70->73": 2, "73->70": 3, "73->75": 2, "75->73": 3, "75->77": 2, "77->75": 3, "77->80": 2, "80->77": 3, "80->82": 2, "82->80": 3, "82->85": 2, "85->82": 3, "85->87": 2, "87->85": 3, "87->90": 2, "90->87": 3, "90->92": 2, "92->90": 3, "92->94": 2, "94->92": 3, "94->95": 2, "95->94": 3, "95->100": 2, "100->95": 3, "100->102": 2, "102->100": 3, "102->103": 2, "103->102": 3, "103->106": 2, "106->103": 3, "107->113": 2, "113->107": 3, "113->116": 2, "116->113": 3, "116->118": 2, "118->116": 3, "119->120": 2, "120->119": 3, "113->119": 4, "119->113": 5}, "metrics": [16.0, 4.0, 1.0]}