{"nodelist": ["MethodDeclaration", "{'public'}", "public", "Annotation", "Deprecated", "BasicType", "boolean", "preWALRestore", "FormalParameter", "{'final'}", "final", "ReferenceType", "HRegionInfo", "info", "FormalParameter", "{'final'}", "final", "ReferenceType", "HLogKey", "logKey", "FormalParameter", "{'final'}", "final", "ReferenceType", "WALEdit", "logEdit", "IOException", "ReturnStatement", "MethodInvocation", "MemberReference", "info", "Cast", "ReferenceType", "WALKey", "MemberReference", "logKey", "MemberReference", "logEdit", "preWALRestore"], "nodes": {"0": "MethodDeclaration", "1": "Modifier", "2": "public", "3": "Annotation", "4": "Deprecated", "5": "BasicType", "6": "boolean", "7": "preWALRestore", "8": "FormalParameter", "9": "Modifier", "10": "final", "11": "ReferenceType", "12": "HRegionInfo", "13": "info", "14": "FormalParameter", "15": "Modifier", "16": "final", "17": "ReferenceType", "18": "HLogKey", "19": "logKey", "20": "FormalParameter", "21": "Modifier", "22": "final", "23": "ReferenceType", "24": "WALEdit", "25": "logEdit", "26": "IOException", "27": "ReturnStatement", "28": "MethodInvocation", "29": "MemberReference", "30": "info", "31": "Cast", "32": "ReferenceType", "33": "WALKey", "34": "MemberReference", "35": "logKey", "36": "MemberReference", "37": "logEdit", "38": "preWALRestore"}, "edges": {"0->1": 0, "1->0": 0, "1->2": 0, "2->1": 0, "0->3": 0, "3->0": 0, "3->4": 0, "4->3": 0, "0->5": 0, "5->0": 0, "5->6": 0, "6->5": 0, "0->7": 0, "7->0": 0, "0->8": 0, "8->0": 0, "8->9": 0, "9->8": 0, "9->10": 0, "10->9": 0, "8->11": 0, "11->8": 0, "11->12": 0, "12->11": 0, "8->13": 0, "13->8": 0, "0->14": 0, "14->0": 0, "14->15": 0, "15->14": 0, "15->16": 0, "16->15": 0, "14->17": 0, "17->14": 0, "17->18": 0, "18->17": 0, "14->19": 0, "19->14": 0, "0->20": 0, "20->0": 0, "20->21": 0, "21->20": 0, "21->22": 0, "22->21": 0, "20->23": 0, "23->20": 0, "23->24": 0, "24->23": 0, "20->25": 0, "25->20": 0, "0->26": 0, "26->0": 0, "0->27": 0, "27->0": 0, "27->28": 0, "28->27": 0, "28->29": 0, "29->28": 0, "29->30": 0, "30->29": 0, "28->31": 0, "31->28": 0, "31->32": 0, "32->31": 0, "32->33": 0, "33->32": 0, "31->34": 0, "34->31": 0, "34->35": 0, "35->34": 0, "28->36": 0, "36->28": 0, "36->37": 0, "37->36": 0, "28->38": 0, "38->28": 0, "1->3": 1, "3->1": 12, "3->5": 1, "5->3": 12, "5->7": 1, "7->5": 12, "7->8": 1, "8->7": 12, "8->14": 1, "14->8": 12, "14->20": 1, "20->14": 12, "20->26": 1, "26->20": 12, "26->27": 1, "27->26": 12, "9->11": 1, "11->9": 12, "11->13": 1, "13->11": 12, "15->17": 1, "17->15": 12, "17->19": 1, "19->17": 12, "21->23": 1, "23->21": 12, "23->25": 1, "25->23": 12, "29->31": 1, "31->29": 12, "31->36": 1, "36->31": 12, "36->38": 1, "38->36": 12, "32->34": 1, "34->32": 12, "2->4": 2, "4->2": 3, "4->6": 2, "6->4": 3, "6->7": 2, "7->6": 3, "7->10": 2, "10->7": 3, "10->12": 2, "12->10": 3, "12->13": 2, "13->12": 3, "13->16": 2, "16->13": 3, "16->18": 2, "18->16": 3, "18->19": 2, "19->18": 3, "19->22": 2, "22->19": 3, "22->24": 2, "24->22": 3, "24->25": 2, "25->24": 3, "25->26": 2, "26->25": 3, "26->30": 2, "30->26": 3, "30->33": 2, "33->30": 3, "33->35": 2, "35->33": 3, "35->37": 2, "37->35": 3, "37->38": 2, "38->37": 3}, "metrics": [3.0, 1.0, 3.0]}