{"nodelist": ["MethodDeclaration", "{'public'}", "public", "Annotation", "Override", "preDelete", "FormalParameter", "{'final'}", "final", "ReferenceType", "ObserverContext", "TypeArgument", "ReferenceType", "RegionCoprocessorEnvironment", "c", "FormalParameter", "{'final'}", "final", "ReferenceType", "Delete", "delete", "FormalParameter", "{'final'}", "final", "ReferenceType", "WALEdit", "edit", "FormalParameter", "{'final'}", "final", "ReferenceType", "Durability", "durability", "IOException", "IfStatement", "BinaryOperation", "!=", "MethodInvocation", "delete", "MemberReference", "AccessControlConstants", "OP_ATTRIBUTE_ACL", "getAttribute", "Literal", "null", "BlockStatement", "ThrowStatement", "ClassCreator", "ReferenceType", "DoNotRetryIOException", "BinaryOperation", "+", "Literal", "\"ACL on delete has no effect: \"", "MethodInvocation", "delete", "toString", "LocalVariableDeclaration", "ReferenceType", "RegionCoprocessorEnvironment", "VariableDeclarator", "env", "MethodInvocation", "c", "getEnvironment", "LocalVariableDeclaration", "ReferenceType", "Map", "TypeArgument", "BasicType", "byte", "TypeArgument", "ReferenceType", "Collection", "TypeArgument", "ReferenceType", "Cell", "extends", "VariableDeclarator", "families", "MethodInvocation", "delete", "getFamilyCellMap", "LocalVariableDeclaration", "ReferenceType", "User", "VariableDeclarator", "user", "MethodInvocation", "getActiveUser", "LocalVariableDeclaration", "ReferenceType", "AuthResult", "VariableDeclarator", "authResult", "MethodInvocation", "MemberReference", "OpType", "DELETE", "MemberReference", "user", "MemberReference", "env", "MemberReference", "families", "MemberReference", "Action", "WRITE", "permissionGranted", "StatementExpression", "MethodInvocation", "MemberReference", "authResult", "logResult", "IfStatement", "MethodInvocation", "!", "authResult", "isAllowed", "BlockStatement", "IfStatement", "BinaryOperation", "&&", "MemberReference", "cellFeaturesEnabled", "MemberReference", "!", "compatibleEarlyTermination", "BlockStatement", "StatementExpression", "MethodInvocation", "delete", "MemberReference", "CHECK_COVERING_PERM", "MemberReference", "TRUE", "setAttribute", "IfStatement", "MemberReference", "authorizationEnabled", "BlockStatement", "ThrowStatement", "ClassCreator", "ReferenceType", "AccessDeniedException", "BinaryOperation", "+", "Literal", "\"Insufficient permissions \"", "MethodInvocation", "authResult", "toContextString"], "nodes": {"0": "MethodDeclaration", "1": "Modifier", "2": "public", "3": "Annotation", "4": "Override", "5": "preDelete", "6": "FormalParameter", "7": "Modifier", "8": "final", "9": "ReferenceType", "10": "ObserverContext", "11": "TypeArgument", "12": "ReferenceType", "13": "RegionCoprocessorEnvironment", "14": "c", "15": "FormalParameter", "16": "Modifier", "17": "final", "18": "ReferenceType", "19": "Delete", "20": "delete", "21": "FormalParameter", "22": "Modifier", "23": "final", "24": "ReferenceType", "25": "WALEdit", "26": "edit", "27": "FormalParameter", "28": "Modifier", "29": "final", "30": "ReferenceType", "31": "Durability", "32": "durability", "33": "IOException", "34": "IfStatement", "35": "BinaryOperation", "36": "!=", "37": "MethodInvocation", "38": "delete", "39": "MemberReference", "40": "AccessControlConstants", "41": "OP_ATTRIBUTE_ACL", "42": "getAttribute", "43": "Literal", "44": "null", "45": "BlockStatement", "46": "ThrowStatement", "47": "ClassCreator", "48": "ReferenceType", "49": "DoNotRetryIOException", "50": "BinaryOperation", "51": "+", "52": "Literal", "53": "\"ACL on delete has no effect: \"", "54": "MethodInvocation", "55": "delete", "56": "toString", "57": "LocalVariableDeclaration", "58": "ReferenceType", "59": "RegionCoprocessorEnvironment", "60": "VariableDeclarator", "61": "env", "62": "MethodInvocation", "63": "c", "64": "getEnvironment", "65": "LocalVariableDeclaration", "66": "ReferenceType", "67": "Map", "68": "TypeArgument", "69": "BasicType", "70": "byte", "71": "TypeArgument", "72": "ReferenceType", "73": "Collection", "74": "TypeArgument", "75": "ReferenceType", "76": "Cell", "77": "extends", "78": "VariableDeclarator", "79": "families", "80": "MethodInvocation", "81": "delete", "82": "getFamilyCellMap", "83": "LocalVariableDeclaration", "84": "ReferenceType", "85": "User", "86": "VariableDeclarator", "87": "user", "88": "MethodInvocation", "89": "getActiveUser", "90": "LocalVariableDeclaration", "91": "ReferenceType", "92": "AuthResult", "93": "VariableDeclarator", "94": "authResult", "95": "MethodInvocation", "96": "MemberReference", "97": "OpType", "98": "DELETE", "99": "MemberReference", "100": "user", "101": "MemberReference", "102": "env", "103": "MemberReference", "104": "families", "105": "MemberReference", "106": "Action", "107": "WRITE", "108": "permissionGranted", "109": "StatementExpression", "110": "MethodInvocation", "111": "MemberReference", "112": "authResult", "113": "logResult", "114": "IfStatement", "115": "MethodInvocation", "116": "!", "117": "authResult", "118": "isAllowed", "119": "BlockStatement", "120": "IfStatement", "121": "BinaryOperation", "122": "&&", "123": "MemberReference", "124": "cellFeaturesEnabled", "125": "MemberReference", "126": "!", "127": "compatibleEarlyTermination", "128": "BlockStatement", "129": "StatementExpression", "130": "MethodInvocation", "131": "delete", "132": "MemberReference", "133": "CHECK_COVERING_PERM", "134": "MemberReference", "135": "TRUE", "136": "setAttribute", "137": "IfStatement", "138": "MemberReference", "139": "authorizationEnabled", "140": "BlockStatement", "141": "ThrowStatement", "142": "ClassCreator", "143": "ReferenceType", "144": "AccessDeniedException", "145": "BinaryOperation", "146": "+", "147": "Literal", "148": "\"Insufficient permissions \"", "149": "MethodInvocation", "150": "authResult", "151": "toContextString"}, "edges": {"0->1": 0, "1->0": 0, "1->2": 0, "2->1": 0, "0->3": 0, "3->0": 0, "3->4": 0, "4->3": 0, "0->5": 0, "5->0": 0, "0->6": 0, "6->0": 0, "6->7": 0, "7->6": 0, "7->8": 0, "8->7": 0, "6->9": 0, "9->6": 0, "9->10": 0, "10->9": 0, "9->11": 0, "11->9": 0, "11->12": 0, "12->11": 0, "12->13": 0, "13->12": 0, "6->14": 0, "14->6": 0, "0->15": 0, "15->0": 0, "15->16": 0, "16->15": 0, "16->17": 0, "17->16": 0, "15->18": 0, "18->15": 0, "18->19": 0, "19->18": 0, "15->20": 0, "20->15": 0, "0->21": 0, "21->0": 0, "21->22": 0, "22->21": 0, "22->23": 0, "23->22": 0, "21->24": 0, "24->21": 0, "24->25": 0, "25->24": 0, "21->26": 0, "26->21": 0, "0->27": 0, "27->0": 0, "27->28": 0, "28->27": 0, "28->29": 0, "29->28": 0, "27->30": 0, "30->27": 0, "30->31": 0, "31->30": 0, "27->32": 0, "32->27": 0, "0->33": 0, "33->0": 0, "0->34": 0, "34->0": 0, "34->35": 0, "35->34": 0, "35->36": 0, "36->35": 0, "35->37": 0, "37->35": 0, "37->38": 0, "38->37": 0, "37->39": 0, "39->37": 0, "39->40": 0, "40->39": 0, "39->41": 0, "41->39": 0, "37->42": 0, "42->37": 0, "35->43": 0, "43->35": 0, "43->44": 0, "44->43": 0, "34->45": 0, "45->34": 0, "45->46": 0, "46->45": 0, "46->47": 0, "47->46": 0, "47->48": 0, "48->47": 0, "48->49": 0, "49->48": 0, "47->50": 0, "50->47": 0, "50->51": 0, "51->50": 0, "50->52": 0, "52->50": 0, "52->53": 0, "53->52": 0, "50->54": 0, "54->50": 0, "54->55": 0, "55->54": 0, "54->56": 0, "56->54": 0, "0->57": 0, "57->0": 0, "57->58": 0, "58->57": 0, "58->59": 0, "59->58": 0, "57->60": 0, "60->57": 0, "60->61": 0, "61->60": 0, "60->62": 0, "62->60": 0, "62->63": 0, "63->62": 0, "62->64": 0, "64->62": 0, "0->65": 0, "65->0": 0, "65->66": 0, "66->65": 0, "66->67": 0, "67->66": 0, "66->68": 0, "68->66": 0, "68->69": 0, "69->68": 0, "69->70": 0, "70->69": 0, "66->71": 0, "71->66": 0, "71->72": 0, "72->71": 0, "72->73": 0, "73->72": 0, "72->74": 0, "74->72": 0, "74->75": 0, "75->74": 0, "75->76": 0, "76->75": 0, "71->77": 0, "77->71": 0, "65->78": 0, "78->65": 0, "78->79": 0, "79->78": 0, "78->80": 0, "80->78": 0, "80->81": 0, "81->80": 0, "80->82": 0, "82->80": 0, "0->83": 0, "83->0": 0, "83->84": 0, "84->83": 0, "84->85": 0, "85->84": 0, "83->86": 0, "86->83": 0, "86->87": 0, "87->86": 0, "86->88": 0, "88->86": 0, "88->89": 0, "89->88": 0, "0->90": 0, "90->0": 0, "90->91": 0, "91->90": 0, "91->92": 0, "92->91": 0, "90->93": 0, "93->90": 0, "93->94": 0, "94->93": 0, "93->95": 0, "95->93": 0, "95->96": 0, "96->95": 0, "96->97": 0, "97->96": 0, "96->98": 0, "98->96": 0, "95->99": 0, "99->95": 0, "99->100": 0, "100->99": 0, "95->101": 0, "101->95": 0, "101->102": 0, "102->101": 0, "95->103": 0, "103->95": 0, "103->104": 0, "104->103": 0, "95->105": 0, "105->95": 0, "105->106": 0, "106->105": 0, "105->107": 0, "107->105": 0, "95->108": 0, "108->95": 0, "0->109": 0, "109->0": 0, "109->110": 0, "110->109": 0, "110->111": 0, "111->110": 0, "111->112": 0, "112->111": 0, "110->113": 0, "113->110": 0, "0->114": 0, "114->0": 0, "114->115": 0, "115->114": 0, "115->116": 0, "116->115": 0, "115->117": 0, "117->115": 0, "115->118": 0, "118->115": 0, "114->119": 0, "119->114": 0, "119->120": 0, "120->119": 0, "120->121": 0, "121->120": 0, "121->122": 0, "122->121": 0, "121->123": 0, "123->121": 0, "123->124": 0, "124->123": 0, "121->125": 0, "125->121": 0, "125->126": 0, "126->125": 0, "125->127": 0, "127->125": 0, "120->128": 0, "128->120": 0, "128->129": 0, "129->128": 0, "129->130": 0, "130->129": 0, "130->131": 0, "131->130": 0, "130->132": 0, "132->130": 0, "132->133": 0, "133->132": 0, "130->134": 0, "134->130": 0, "134->135": 0, "135->134": 0, "130->136": 0, "136->130": 0, "120->137": 0, "137->120": 0, "137->138": 0, "138->137": 0, "138->139": 0, "139->138": 0, "137->140": 0, "140->137": 0, "140->141": 0, "141->140": 0, "141->142": 0, "142->141": 0, "142->143": 0, "143->142": 0, "143->144": 0, "144->143": 0, "142->145": 0, "145->142": 0, "145->146": 0, "146->145": 0, "145->147": 0, "147->145": 0, "147->148": 0, "148->147": 0, "145->149": 0, "149->145": 0, "149->150": 0, "150->149": 0, "149->151": 0, "151->149": 0, "1->3": 1, "3->1": 12, "3->5": 1, "5->3": 12, "5->6": 1, "6->5": 12, "6->15": 1, "15->6": 12, "15->21": 1, "21->15": 12, "21->27": 1, "27->21": 12, "27->33": 1, "33->27": 12, "33->34": 1, "34->33": 12, "34->57": 1, "57->34": 12, "57->65": 1, "65->57": 12, "65->83": 1, "83->65": 12, "83->90": 1, "90->83": 12, "90->109": 1, "109->90": 12, "109->114": 1, "114->109": 12, "7->9": 1, "9->7": 12, "9->14": 1, "14->9": 12, "10->11": 1, "11->10": 12, "16->18": 1, "18->16": 12, "18->20": 1, "20->18": 12, "22->24": 1, "24->22": 12, "24->26": 1, "26->24": 12, "28->30": 1, "30->28": 12, "30->32": 1, "32->30": 12, "35->45": 6, "45->35": 6, "36->37": 1, "37->36": 12, "37->43": 1, "43->37": 12, "38->39": 1, "39->38": 12, "39->42": 1, "42->39": 12, "40->41": 2, "41->40": 3, "48->50": 1, "50->48": 12, "51->52": 1, "52->51": 12, "52->54": 1, "54->52": 12, "55->56": 2, "56->55": 3, "58->60": 1, "60->58": 12, "61->62": 1, "62->61": 12, "63->64": 2, "64->63": 3, "66->78": 1, "78->66": 12, "67->68": 1, "68->67": 12, "68->71": 1, "71->68": 12, "72->77": 1, "77->72": 12, "73->74": 1, "74->73": 12, "79->80": 1, "80->79": 12, "81->82": 2, "82->81": 3, "84->86": 1, "86->84": 12, "87->88": 1, "88->87": 12, "91->93": 1, "93->91": 12, "94->95": 1, "95->94": 12, "96->99": 1, "99->96": 12, "99->101": 1, "101->99": 12, "101->103": 1, "103->101": 12, "103->105": 1, "105->103": 12, "105->108": 1, "108->105": 12, "97->98": 2, "98->97": 3, "106->107": 2, "107->106": 3, "111->113": 1, "113->111": 12, "115->119": 6, "119->115": 6, "116->117": 2, "117->116": 3, "117->118": 2, "118->117": 3, "121->128": 6, "128->121": 6, "128->137": 1, "137->128": 12, "122->123": 1, "123->122": 12, "123->125": 1, "125->123": 12, "126->127": 2, "127->126": 3, "131->132": 1, "132->131": 12, "132->134": 1, "134->132": 12, "134->136": 1, "136->134": 12, "138->140": 6, "140->138": 6, "143->145": 1, "145->143": 12, "146->147": 1, "147->146": 12, "147->149": 1, "149->147": 12, "150->151": 2, "151->150": 3, "121->137": 7, "137->121": 7, "2->4": 2, "4->2": 3, "4->5": 2, "5->4": 3, "5->8": 2, "8->5": 3, "8->10": 2, "10->8": 3, "10->13": 2, "13->10": 3, "13->14": 2, "14->13": 3, "14->17": 2, "17->14": 3, "17->19": 2, "19->17": 3, "19->20": 2, "20->19": 3, "20->23": 2, "23->20": 3, "23->25": 2, "25->23": 3, "25->26": 2, "26->25": 3, "26->29": 2, "29->26": 3, "29->31": 2, "31->29": 3, "31->32": 2, "32->31": 3, "32->33": 2, "33->32": 3, "33->36": 2, "36->33": 3, "36->38": 2, "38->36": 3, "38->40": 2, "40->38": 3, "41->42": 2, "42->41": 3, "42->44": 2, "44->42": 3, "44->49": 2, "49->44": 3, "49->51": 2, "51->49": 3, "51->53": 2, "53->51": 3, "53->55": 2, "55->53": 3, "56->59": 2, "59->56": 3, "59->61": 2, "61->59": 3, "61->63": 2, "63->61": 3, "64->67": 2, "67->64": 3, "67->70": 2, "70->67": 3, "70->73": 2, "73->70": 3, "73->76": 2, "76->73": 3, "76->77": 2, "77->76": 3, "77->79": 2, "79->77": 3, "79->81": 2, "81->79": 3, "82->85": 2, "85->82": 3, "85->87": 2, "87->85": 3, "87->89": 2, "89->87": 3, "89->92": 2, "92->89": 3, "92->94": 2, "94->92": 3, "94->97": 2, "97->94": 3, "98->100": 2, "100->98": 3, "100->102": 2, "102->100": 3, "102->104": 2, "104->102": 3, "104->106": 2, "106->104": 3, "107->108": 2, "108->107": 3, "108->112": 2, "112->108": 3, "112->113": 2, "113->112": 3, "113->116": 2, "116->113": 3, "118->122": 2, "122->118": 3, "122->124": 2, "124->122": 3, "124->126": 2, "126->124": 3, "127->131": 2, "131->127": 3, "131->133": 2, "133->131": 3, "133->135": 2, "135->133": 3, "135->136": 2, "136->135": 3, "136->139": 2, "139->136": 3, "139->144": 2, "144->139": 3, "144->146": 2, "146->144": 3, "146->148": 2, "148->146": 3, "148->150": 2, "150->148": 3}, "metrics": [18.0, 5.0, 4.0]}