{"nodelist": ["MethodDeclaration", "{'public'}", "public", "Annotation", "Override", "BasicType", "boolean", "isLogDeletable", "FormalParameter", "ReferenceType", "FileStatus", "fStat", "LocalVariableDeclaration", "BasicType", "long", "VariableDeclarator", "currentTime", "MethodInvocation", "EnvironmentEdgeManager", "currentTimeMillis", "LocalVariableDeclaration", "BasicType", "long", "VariableDeclarator", "time", "MethodInvocation", "fStat", "getModificationTime", "LocalVariableDeclaration", "BasicType", "long", "VariableDeclarator", "life", "BinaryOperation", "-", "MemberReference", "currentTime", "MemberReference", "time", "IfStatement", "MethodInvocation", "LOG", "isTraceEnabled", "BlockStatement", "StatementExpression", "MethodInvocation", "LOG", "BinaryOperation", "+", "BinaryOperation", "+", "BinaryOperation", "+", "BinaryOperation", "+", "BinaryOperation", "+", "BinaryOperation", "+", "BinaryOperation", "+", "Literal", "\"Log life:\"", "MemberReference", "life", "Literal", "\", ttl:\"", "MemberReference", "ttl", "Literal", "\", current:\"", "MemberReference", "currentTime", "Literal", "\", from: \"", "MemberReference", "time", "trace", "IfStatement", "BinaryOperation", "<", "MemberReference", "life", "Literal", "0", "BlockStatement", "StatementExpression", "MethodInvocation", "LOG", "BinaryOperation", "+", "BinaryOperation", "+", "BinaryOperation", "+", "BinaryOperation", "+", "BinaryOperation", "+", "BinaryOperation", "+", "Literal", "\"Found a log (\"", "MethodInvocation", "fStat", "getPath", "Literal", "\") newer than current time (\"", "MemberReference", "currentTime", "Literal", "\" < \"", "MemberReference", "time", "Literal", "\"), probably a clock skew\"", "warn", "ReturnStatement", "Literal", "false", "ReturnStatement", "BinaryOperation", ">", "MemberReference", "life", "MemberReference", "ttl"], "nodes": {"0": "MethodDeclaration", "1": "Modifier", "2": "public", "3": "Annotation", "4": "Override", "5": "BasicType", "6": "boolean", "7": "isLogDeletable", "8": "FormalParameter", "9": "ReferenceType", "10": "FileStatus", "11": "fStat", "12": "LocalVariableDeclaration", "13": "BasicType", "14": "long", "15": "VariableDeclarator", "16": "currentTime", "17": "MethodInvocation", "18": "EnvironmentEdgeManager", "19": "currentTimeMillis", "20": "LocalVariableDeclaration", "21": "BasicType", "22": "long", "23": "VariableDeclarator", "24": "time", "25": "MethodInvocation", "26": "fStat", "27": "getModificationTime", "28": "LocalVariableDeclaration", "29": "BasicType", "30": "long", "31": "VariableDeclarator", "32": "life", "33": "BinaryOperation", "34": "-", "35": "MemberReference", "36": "currentTime", "37": "MemberReference", "38": "time", "39": "IfStatement", "40": "MethodInvocation", "41": "LOG", "42": "isTraceEnabled", "43": "BlockStatement", "44": "StatementExpression", "45": "MethodInvocation", "46": "LOG", "47": "BinaryOperation", "48": "+", "49": "BinaryOperation", "50": "+", "51": "BinaryOperation", "52": "+", "53": "BinaryOperation", "54": "+", "55": "BinaryOperation", "56": "+", "57": "BinaryOperation", "58": "+", "59": "BinaryOperation", "60": "+", "61": "Literal", "62": "\"Log life:\"", "63": "MemberReference", "64": "life", "65": "Literal", "66": "\", ttl:\"", "67": "MemberReference", "68": "ttl", "69": "Literal", "70": "\", current:\"", "71": "MemberReference", "72": "currentTime", "73": "Literal", "74": "\", from: \"", "75": "MemberReference", "76": "time", "77": "trace", "78": "IfStatement", "79": "BinaryOperation", "80": "<", "81": "MemberReference", "82": "life", "83": "Literal", "84": "0", "85": "BlockStatement", "86": "StatementExpression", "87": "MethodInvocation", "88": "LOG", "89": "BinaryOperation", "90": "+", "91": "BinaryOperation", "92": "+", "93": "BinaryOperation", "94": "+", "95": "BinaryOperation", "96": "+", "97": "BinaryOperation", "98": "+", "99": "BinaryOperation", "100": "+", "101": "Literal", "102": "\"Found a log (\"", "103": "MethodInvocation", "104": "fStat", "105": "getPath", "106": "Literal", "107": "\") newer than current time (\"", "108": "MemberReference", "109": "currentTime", "110": "Literal", "111": "\" < \"", "112": "MemberReference", "113": "time", "114": "Literal", "115": "\"), probably a clock skew\"", "116": "warn", "117": "ReturnStatement", "118": "Literal", "119": "false", "120": "ReturnStatement", "121": "BinaryOperation", "122": ">", "123": "MemberReference", "124": "life", "125": "MemberReference", "126": "ttl"}, "edges": {"0->1": 0, "1->0": 0, "1->2": 0, "2->1": 0, "0->3": 0, "3->0": 0, "3->4": 0, "4->3": 0, "0->5": 0, "5->0": 0, "5->6": 0, "6->5": 0, "0->7": 0, "7->0": 0, "0->8": 0, "8->0": 0, "8->9": 0, "9->8": 0, "9->10": 0, "10->9": 0, "8->11": 0, "11->8": 0, "0->12": 0, "12->0": 0, "12->13": 0, "13->12": 0, "13->14": 0, "14->13": 0, "12->15": 0, "15->12": 0, "15->16": 0, "16->15": 0, "15->17": 0, "17->15": 0, "17->18": 0, "18->17": 0, "17->19": 0, "19->17": 0, "0->20": 0, "20->0": 0, "20->21": 0, "21->20": 0, "21->22": 0, "22->21": 0, "20->23": 0, "23->20": 0, "23->24": 0, "24->23": 0, "23->25": 0, "25->23": 0, "25->26": 0, "26->25": 0, "25->27": 0, "27->25": 0, "0->28": 0, "28->0": 0, "28->29": 0, "29->28": 0, "29->30": 0, "30->29": 0, "28->31": 0, "31->28": 0, "31->32": 0, "32->31": 0, "31->33": 0, "33->31": 0, "33->34": 0, "34->33": 0, "33->35": 0, "35->33": 0, "35->36": 0, "36->35": 0, "33->37": 0, "37->33": 0, "37->38": 0, "38->37": 0, "0->39": 0, "39->0": 0, "39->40": 0, "40->39": 0, "40->41": 0, "41->40": 0, "40->42": 0, "42->40": 0, "39->43": 0, "43->39": 0, "43->44": 0, "44->43": 0, "44->45": 0, "45->44": 0, "45->46": 0, "46->45": 0, "45->47": 0, "47->45": 0, "47->48": 0, "48->47": 0, "47->49": 0, "49->47": 0, "49->50": 0, "50->49": 0, "49->51": 0, "51->49": 0, "51->52": 0, "52->51": 0, "51->53": 0, "53->51": 0, "53->54": 0, "54->53": 0, "53->55": 0, "55->53": 0, "55->56": 0, "56->55": 0, "55->57": 0, "57->55": 0, "57->58": 0, "58->57": 0, "57->59": 0, "59->57": 0, "59->60": 0, "60->59": 0, "59->61": 0, "61->59": 0, "61->62": 0, "62->61": 0, "59->63": 0, "63->59": 0, "63->64": 0, "64->63": 0, "57->65": 0, "65->57": 0, "65->66": 0, "66->65": 0, "55->67": 0, "67->55": 0, "67->68": 0, "68->67": 0, "53->69": 0, "69->53": 0, "69->70": 0, "70->69": 0, "51->71": 0, "71->51": 0, "71->72": 0, "72->71": 0, "49->73": 0, "73->49": 0, "73->74": 0, "74->73": 0, "47->75": 0, "75->47": 0, "75->76": 0, "76->75": 0, "45->77": 0, "77->45": 0, "0->78": 0, "78->0": 0, "78->79": 0, "79->78": 0, "79->80": 0, "80->79": 0, "79->81": 0, "81->79": 0, "81->82": 0, "82->81": 0, "79->83": 0, "83->79": 0, "83->84": 0, "84->83": 0, "78->85": 0, "85->78": 0, "85->86": 0, "86->85": 0, "86->87": 0, "87->86": 0, "87->88": 0, "88->87": 0, "87->89": 0, "89->87": 0, "89->90": 0, "90->89": 0, "89->91": 0, "91->89": 0, "91->92": 0, "92->91": 0, "91->93": 0, "93->91": 0, "93->94": 0, "94->93": 0, "93->95": 0, "95->93": 0, "95->96": 0, "96->95": 0, "95->97": 0, "97->95": 0, "97->98": 0, "98->97": 0, "97->99": 0, "99->97": 0, "99->100": 0, "100->99": 0, "99->101": 0, "101->99": 0, "101->102": 0, "102->101": 0, "99->103": 0, "103->99": 0, "103->104": 0, "104->103": 0, "103->105": 0, "105->103": 0, "97->106": 0, "106->97": 0, "106->107": 0, "107->106": 0, "95->108": 0, "108->95": 0, "108->109": 0, "109->108": 0, "93->110": 0, "110->93": 0, "110->111": 0, "111->110": 0, "91->112": 0, "112->91": 0, "112->113": 0, "113->112": 0, "89->114": 0, "114->89": 0, "114->115": 0, "115->114": 0, "87->116": 0, "116->87": 0, "85->117": 0, "117->85": 0, "117->118": 0, "118->117": 0, "118->119": 0, "119->118": 0, "0->120": 0, "120->0": 0, "120->121": 0, "121->120": 0, "121->122": 0, "122->121": 0, "121->123": 0, "123->121": 0, "123->124": 0, "124->123": 0, "121->125": 0, "125->121": 0, "125->126": 0, "126->125": 0, "1->3": 1, "3->1": 12, "3->5": 1, "5->3": 12, "5->7": 1, "7->5": 12, "7->8": 1, "8->7": 12, "8->12": 1, "12->8": 12, "12->20": 1, "20->12": 12, "20->28": 1, "28->20": 12, "28->39": 1, "39->28": 12, "39->78": 1, "78->39": 12, "78->120": 1, "120->78": 12, "9->11": 1, "11->9": 12, "13->15": 1, "15->13": 12, "16->17": 1, "17->16": 12, "18->19": 2, "19->18": 3, "21->23": 1, "23->21": 12, "24->25": 1, "25->24": 12, "26->27": 2, "27->26": 3, "29->31": 1, "31->29": 12, "32->33": 1, "33->32": 12, "34->35": 1, "35->34": 12, "35->37": 1, "37->35": 12, "40->43": 6, "43->40": 6, "41->42": 2, "42->41": 3, "46->47": 1, "47->46": 12, "47->77": 1, "77->47": 12, "48->49": 1, "49->48": 12, "49->75": 1, "75->49": 12, "50->51": 1, "51->50": 12, "51->73": 1, "73->51": 12, "52->53": 1, "53->52": 12, "53->71": 1, "71->53": 12, "54->55": 1, "55->54": 12, "55->69": 1, "69->55": 12, "56->57": 1, "57->56": 12, "57->67": 1, "67->57": 12, "58->59": 1, "59->58": 12, "59->65": 1, "65->59": 12, "60->61": 1, "61->60": 12, "61->63": 1, "63->61": 12, "79->85": 6, "85->79": 6, "80->81": 1, "81->80": 12, "81->83": 1, "83->81": 12, "86->117": 10, "117->86": 11, "88->89": 1, "89->88": 12, "89->116": 1, "116->89": 12, "90->91": 1, "91->90": 12, "91->114": 1, "114->91": 12, "92->93": 1, "93->92": 12, "93->112": 1, "112->93": 12, "94->95": 1, "95->94": 12, "95->110": 1, "110->95": 12, "96->97": 1, "97->96": 12, "97->108": 1, "108->97": 12, "98->99": 1, "99->98": 12, "99->106": 1, "106->99": 12, "100->101": 1, "101->100": 12, "101->103": 1, "103->101": 12, "104->105": 2, "105->104": 3, "122->123": 1, "123->122": 12, "123->125": 1, "125->123": 12, "2->4": 2, "4->2": 3, "4->6": 2, "6->4": 3, "6->7": 2, "7->6": 3, "7->10": 2, "10->7": 3, "10->11": 2, "11->10": 3, "11->14": 2, "14->11": 3, "14->16": 2, "16->14": 3, "16->18": 2, "18->16": 3, "19->22": 2, "22->19": 3, "22->24": 2, "24->22": 3, "24->26": 2, "26->24": 3, "27->30": 2, "30->27": 3, "30->32": 2, "32->30": 3, "32->34": 2, "34->32": 3, "34->36": 2, "36->34": 3, "36->38": 2, "38->36": 3, "38->41": 2, "41->38": 3, "42->46": 2, "46->42": 3, "46->48": 2, "48->46": 3, "48->50": 2, "50->48": 3, "50->52": 2, "52->50": 3, "52->54": 2, "54->52": 3, "54->56": 2, "56->54": 3, "56->58": 2, "58->56": 3, "58->60": 2, "60->58": 3, "60->62": 2, "62->60": 3, "62->64": 2, "64->62": 3, "64->66": 2, "66->64": 3, "66->68": 2, "68->66": 3, "68->70": 2, "70->68": 3, "70->72": 2, "72->70": 3, "72->74": 2, "74->72": 3, "74->76": 2, "76->74": 3, "76->77": 2, "77->76": 3, "77->80": 2, "80->77": 3, "80->82": 2, "82->80": 3, "82->84": 2, "84->82": 3, "84->88": 2, "88->84": 3, "88->90": 2, "90->88": 3, "90->92": 2, "92->90": 3, "92->94": 2, "94->92": 3, "94->96": 2, "96->94": 3, "96->98": 2, "98->96": 3, "98->100": 2, "100->98": 3, "100->102": 2, "102->100": 3, "102->104": 2, "104->102": 3, "105->107": 2, "107->105": 3, "107->109": 2, "109->107": 3, "109->111": 2, "111->109": 3, "111->113": 2, "113->111": 3, "113->115": 2, "115->113": 3, "115->116": 2, "116->115": 3, "116->119": 2, "119->116": 3, "119->122": 2, "122->119": 3, "122->124": 2, "124->122": 3, "124->126": 2, "126->124": 3, "36->72": 4, "72->36": 5, "72->109": 4, "109->72": 5, "38->76": 4, "76->38": 5, "76->113": 4, "113->76": 5, "64->82": 4, "82->64": 5, "82->124": 4, "124->82": 5, "68->126": 4, "126->68": 5}, "metrics": [13.0, 3.0, 1.0]}