{"nodelist": ["MethodDeclaration", "{'public'}", "public", "Annotation", "Override", "doGet", "FormalParameter", "ReferenceType", "HttpServletRequest", "request", "FormalParameter", "ReferenceType", "HttpServletResponse", "response", "ServletException", "IOException", "IfStatement", "MethodInvocation", "!", "HttpServer", "MethodInvocation", "getServletContext", "MemberReference", "request", "MemberReference", "response", "hasAdministratorAccess", "BlockStatement", "ReturnStatement", "LocalVariableDeclaration", "ReferenceType", "Configuration", "VariableDeclarator", "conf", "Cast", "ReferenceType", "Configuration", "MethodInvocation", "MethodInvocation", "MemberReference", "HttpServer", "CONF_CONTEXT_ATTRIBUTE", "getAttribute", "getServletContext", "IfStatement", "MethodInvocation", "conf", "Literal", "\"hbase.master.ui.readonly\"", "Literal", "false", "getBoolean", "BlockStatement", "StatementExpression", "MethodInvocation", "response", "MemberReference", "HttpServletResponse", "SC_FORBIDDEN", "BinaryOperation", "+", "Literal", "\"Modification of HBase via\"", "Literal", "\" the UI is disallowed in configuration.\"", "sendError", "ReturnStatement", "LocalVariableDeclaration", "ReferenceType", "PrintWriter", "VariableDeclarator", "out", "MethodInvocation", "ServletUtil", "MemberReference", "response", "Literal", "\"Log Level\"", "initHTML", "LocalVariableDeclaration", "ReferenceType", "String", "VariableDeclarator", "logName", "MethodInvocation", "ServletUtil", "MemberReference", "request", "Literal", "\"log\"", "getParameter", "LocalVariableDeclaration", "ReferenceType", "String", "VariableDeclarator", "level", "MethodInvocation", "ServletUtil", "MemberReference", "request", "Literal", "\"level\"", "getParameter", "IfStatement", "BinaryOperation", "!=", "MemberReference", "logName", "Literal", "null", "BlockStatement", "StatementExpression", "MethodInvocation", "out", "Literal", "\"<br /><hr /><h3>Results</h3>\"", "println", "StatementExpression", "MethodInvocation", "out", "BinaryOperation", "+", "BinaryOperation", "+", "BinaryOperation", "+", "MemberReference", "MARKER", "Literal", "\"Submitted Log Name: <b>\"", "MemberReference", "logName", "Literal", "\"</b><br />\"", "println", "LocalVariableDeclaration", "ReferenceType", "Logger", "VariableDeclarator", "log", "MethodInvocation", "LoggerFactory", "MemberReference", "logName", "getLogger", "StatementExpression", "MethodInvocation", "out", "BinaryOperation", "+", "BinaryOperation", "+", "BinaryOperation", "+", "MemberReference", "MARKER", "Literal", "\"Log Class: <b>\"", "MethodInvocation", "log", "MethodInvocation", "getName", "getClass", "Literal", "\"</b><br />\"", "println", "IfStatement", "BinaryOperation", "!=", "MemberReference", "level", "Literal", "null", "BlockStatement", "StatementExpression", "MethodInvocation", "out", "BinaryOperation", "+", "BinaryOperation", "+", "BinaryOperation", "+", "MemberReference", "MARKER", "Literal", "\"Submitted Level: <b>\"", "MemberReference", "level", "Literal", "\"</b><br />\"", "println", "IfStatement", "BinaryOperation", "instanceof", "MemberReference", "log", "ReferenceType", "Log4JLogger", "BlockStatement", "StatementExpression", "MethodInvocation", "Cast", "ReferenceType", "Log4JLogger", "MemberReference", "log", "MemberReference", "level", "MemberReference", "out", "process", "IfStatement", "BinaryOperation", "instanceof", "MemberReference", "log", "ReferenceType", "Jdk14Logger", "BlockStatement", "StatementExpression", "MethodInvocation", "Cast", "ReferenceType", "Jdk14Logger", "MemberReference", "log", "MemberReference", "level", "MemberReference", "out", "process", "IfStatement", "BinaryOperation", "instanceof", "MemberReference", "log", "ReferenceType", "Log4jLoggerAdapter", "BlockStatement", "StatementExpression", "MethodInvocation", "MethodInvocation", "LogManager", "MemberReference", "logName", "getLogger", "MemberReference", "level", "MemberReference", "out", "process", "BlockStatement", "StatementExpression", "MethodInvocation", "out", "BinaryOperation", "+", "BinaryOperation", "+", "Literal", "\"Sorry, \"", "MethodInvocation", "log", "getClass", "Literal", "\" not supported.<br />\"", "println", "StatementExpression", "MethodInvocation", "out", "MemberReference", "FORMS", "println", "StatementExpression", "MethodInvocation", "out", "MemberReference", "ServletUtil", "HTML_TAIL", "println"], "nodes": {"0": "MethodDeclaration", "1": "Modifier", "2": "public", "3": "Annotation", "4": "Override", "5": "doGet", "6": "FormalParameter", "7": "ReferenceType", "8": "HttpServletRequest", "9": "request", "10": "FormalParameter", "11": "ReferenceType", "12": "HttpServletResponse", "13": "response", "14": "ServletException", "15": "IOException", "16": "IfStatement", "17": "MethodInvocation", "18": "!", "19": "HttpServer", "20": "MethodInvocation", "21": "getServletContext", "22": "MemberReference", "23": "request", "24": "MemberReference", "25": "response", "26": "hasAdministratorAccess", "27": "BlockStatement", "28": "ReturnStatement", "29": "LocalVariableDeclaration", "30": "ReferenceType", "31": "Configuration", "32": "VariableDeclarator", "33": "conf", "34": "Cast", "35": "ReferenceType", "36": "Configuration", "37": "MethodInvocation", "38": "MethodInvocation", "39": "MemberReference", "40": "HttpServer", "41": "CONF_CONTEXT_ATTRIBUTE", "42": "getAttribute", "43": "getServletContext", "44": "IfStatement", "45": "MethodInvocation", "46": "conf", "47": "Literal", "48": "\"hbase.master.ui.readonly\"", "49": "Literal", "50": "false", "51": "getBoolean", "52": "BlockStatement", "53": "StatementExpression", "54": "MethodInvocation", "55": "response", "56": "MemberReference", "57": "HttpServletResponse", "58": "SC_FORBIDDEN", "59": "BinaryOperation", "60": "+", "61": "Literal", "62": "\"Modification of HBase via\"", "63": "Literal", "64": "\" the UI is disallowed in configuration.\"", "65": "sendError", "66": "ReturnStatement", "67": "LocalVariableDeclaration", "68": "ReferenceType", "69": "PrintWriter", "70": "VariableDeclarator", "71": "out", "72": "MethodInvocation", "73": "ServletUtil", "74": "MemberReference", "75": "response", "76": "Literal", "77": "\"Log Level\"", "78": "initHTML", "79": "LocalVariableDeclaration", "80": "ReferenceType", "81": "String", "82": "VariableDeclarator", "83": "logName", "84": "MethodInvocation", "85": "ServletUtil", "86": "MemberReference", "87": "request", "88": "Literal", "89": "\"log\"", "90": "getParameter", "91": "LocalVariableDeclaration", "92": "ReferenceType", "93": "String", "94": "VariableDeclarator", "95": "level", "96": "MethodInvocation", "97": "ServletUtil", "98": "MemberReference", "99": "request", "100": "Literal", "101": "\"level\"", "102": "getParameter", "103": "IfStatement", "104": "BinaryOperation", "105": "!=", "106": "MemberReference", "107": "logName", "108": "Literal", "109": "null", "110": "BlockStatement", "111": "StatementExpression", "112": "MethodInvocation", "113": "out", "114": "Literal", "115": "\"<br /><hr /><h3>Results</h3>\"", "116": "println", "117": "StatementExpression", "118": "MethodInvocation", "119": "out", "120": "BinaryOperation", "121": "+", "122": "BinaryOperation", "123": "+", "124": "BinaryOperation", "125": "+", "126": "MemberReference", "127": "MARKER", "128": "Literal", "129": "\"Submitted Log Name: <b>\"", "130": "MemberReference", "131": "logName", "132": "Literal", "133": "\"</b><br />\"", "134": "println", "135": "LocalVariableDeclaration", "136": "ReferenceType", "137": "Logger", "138": "VariableDeclarator", "139": "log", "140": "MethodInvocation", "141": "LoggerFactory", "142": "MemberReference", "143": "logName", "144": "getLogger", "145": "StatementExpression", "146": "MethodInvocation", "147": "out", "148": "BinaryOperation", "149": "+", "150": "BinaryOperation", "151": "+", "152": "BinaryOperation", "153": "+", "154": "MemberReference", "155": "MARKER", "156": "Literal", "157": "\"Log Class: <b>\"", "158": "MethodInvocation", "159": "log", "160": "MethodInvocation", "161": "getName", "162": "getClass", "163": "Literal", "164": "\"</b><br />\"", "165": "println", "166": "IfStatement", "167": "BinaryOperation", "168": "!=", "169": "MemberReference", "170": "level", "171": "Literal", "172": "null", "173": "BlockStatement", "174": "StatementExpression", "175": "MethodInvocation", "176": "out", "177": "BinaryOperation", "178": "+", "179": "BinaryOperation", "180": "+", "181": "BinaryOperation", "182": "+", "183": "MemberReference", "184": "MARKER", "185": "Literal", "186": "\"Submitted Level: <b>\"", "187": "MemberReference", "188": "level", "189": "Literal", "190": "\"</b><br />\"", "191": "println", "192": "IfStatement", "193": "BinaryOperation", "194": "instanceof", "195": "MemberReference", "196": "log", "197": "ReferenceType", "198": "Log4JLogger", "199": "BlockStatement", "200": "StatementExpression", "201": "MethodInvocation", "202": "Cast", "203": "ReferenceType", "204": "Log4JLogger", "205": "MemberReference", "206": "log", "207": "MemberReference", "208": "level", "209": "MemberReference", "210": "out", "211": "process", "212": "IfStatement", "213": "BinaryOperation", "214": "instanceof", "215": "MemberReference", "216": "log", "217": "ReferenceType", "218": "Jdk14Logger", "219": "BlockStatement", "220": "StatementExpression", "221": "MethodInvocation", "222": "Cast", "223": "ReferenceType", "224": "Jdk14Logger", "225": "MemberReference", "226": "log", "227": "MemberReference", "228": "level", "229": "MemberReference", "230": "out", "231": "process", "232": "IfStatement", "233": "BinaryOperation", "234": "instanceof", "235": "MemberReference", "236": "log", "237": "ReferenceType", "238": "Log4jLoggerAdapter", "239": "BlockStatement", "240": "StatementExpression", "241": "MethodInvocation", "242": "MethodInvocation", "243": "LogManager", "244": "MemberReference", "245": "logName", "246": "getLogger", "247": "MemberReference", "248": "level", "249": "MemberReference", "250": "out", "251": "process", "252": "BlockStatement", "253": "StatementExpression", "254": "MethodInvocation", "255": "out", "256": "BinaryOperation", "257": "+", "258": "BinaryOperation", "259": "+", "260": "Literal", "261": "\"Sorry, \"", "262": "MethodInvocation", "263": "log", "264": "getClass", "265": "Literal", "266": "\" not supported.<br />\"", "267": "println", "268": "StatementExpression", "269": "MethodInvocation", "270": "out", "271": "MemberReference", "272": "FORMS", "273": "println", "274": "StatementExpression", "275": "MethodInvocation", "276": "out", "277": "MemberReference", "278": "ServletUtil", "279": "HTML_TAIL", "280": "println"}, "edges": {"0->1": 0, "1->0": 0, "1->2": 0, "2->1": 0, "0->3": 0, "3->0": 0, "3->4": 0, "4->3": 0, "0->5": 0, "5->0": 0, "0->6": 0, "6->0": 0, "6->7": 0, "7->6": 0, "7->8": 0, "8->7": 0, "6->9": 0, "9->6": 0, "0->10": 0, "10->0": 0, "10->11": 0, "11->10": 0, "11->12": 0, "12->11": 0, "10->13": 0, "13->10": 0, "0->14": 0, "14->0": 0, "0->15": 0, "15->0": 0, "0->16": 0, "16->0": 0, "16->17": 0, "17->16": 0, "17->18": 0, "18->17": 0, "17->19": 0, "19->17": 0, "17->20": 0, "20->17": 0, "20->21": 0, "21->20": 0, "17->22": 0, "22->17": 0, "22->23": 0, "23->22": 0, "17->24": 0, "24->17": 0, "24->25": 0, "25->24": 0, "17->26": 0, "26->17": 0, "16->27": 0, "27->16": 0, "27->28": 0, "28->27": 0, "0->29": 0, "29->0": 0, "29->30": 0, "30->29": 0, "30->31": 0, "31->30": 0, "29->32": 0, "32->29": 0, "32->33": 0, "33->32": 0, "32->34": 0, "34->32": 0, "34->35": 0, "35->34": 0, "35->36": 0, "36->35": 0, "34->37": 0, "37->34": 0, "37->38": 0, "38->37": 0, "38->39": 0, "39->38": 0, "39->40": 0, "40->39": 0, "39->41": 0, "41->39": 0, "38->42": 0, "42->38": 0, "37->43": 0, "43->37": 0, "0->44": 0, "44->0": 0, "44->45": 0, "45->44": 0, "45->46": 0, "46->45": 0, "45->47": 0, "47->45": 0, "47->48": 0, "48->47": 0, "45->49": 0, "49->45": 0, "49->50": 0, "50->49": 0, "45->51": 0, "51->45": 0, "44->52": 0, "52->44": 0, "52->53": 0, "53->52": 0, "53->54": 0, "54->53": 0, "54->55": 0, "55->54": 0, "54->56": 0, "56->54": 0, "56->57": 0, "57->56": 0, "56->58": 0, "58->56": 0, "54->59": 0, "59->54": 0, "59->60": 0, "60->59": 0, "59->61": 0, "61->59": 0, "61->62": 0, "62->61": 0, "59->63": 0, "63->59": 0, "63->64": 0, "64->63": 0, "54->65": 0, "65->54": 0, "52->66": 0, "66->52": 0, "0->67": 0, "67->0": 0, "67->68": 0, "68->67": 0, "68->69": 0, "69->68": 0, "67->70": 0, "70->67": 0, "70->71": 0, "71->70": 0, "70->72": 0, "72->70": 0, "72->73": 0, "73->72": 0, "72->74": 0, "74->72": 0, "74->75": 0, "75->74": 0, "72->76": 0, "76->72": 0, "76->77": 0, "77->76": 0, "72->78": 0, "78->72": 0, "0->79": 0, "79->0": 0, "79->80": 0, "80->79": 0, "80->81": 0, "81->80": 0, "79->82": 0, "82->79": 0, "82->83": 0, "83->82": 0, "82->84": 0, "84->82": 0, "84->85": 0, "85->84": 0, "84->86": 0, "86->84": 0, "86->87": 0, "87->86": 0, "84->88": 0, "88->84": 0, "88->89": 0, "89->88": 0, "84->90": 0, "90->84": 0, "0->91": 0, "91->0": 0, "91->92": 0, "92->91": 0, "92->93": 0, "93->92": 0, "91->94": 0, "94->91": 0, "94->95": 0, "95->94": 0, "94->96": 0, "96->94": 0, "96->97": 0, "97->96": 0, "96->98": 0, "98->96": 0, "98->99": 0, "99->98": 0, "96->100": 0, "100->96": 0, "100->101": 0, "101->100": 0, "96->102": 0, "102->96": 0, "0->103": 0, "103->0": 0, "103->104": 0, "104->103": 0, "104->105": 0, "105->104": 0, "104->106": 0, "106->104": 0, "106->107": 0, "107->106": 0, "104->108": 0, "108->104": 0, "108->109": 0, "109->108": 0, "103->110": 0, "110->103": 0, "110->111": 0, "111->110": 0, "111->112": 0, "112->111": 0, "112->113": 0, "113->112": 0, "112->114": 0, "114->112": 0, "114->115": 0, "115->114": 0, "112->116": 0, "116->112": 0, "110->117": 0, "117->110": 0, "117->118": 0, "118->117": 0, "118->119": 0, "119->118": 0, "118->120": 0, "120->118": 0, "120->121": 0, "121->120": 0, "120->122": 0, "122->120": 0, "122->123": 0, "123->122": 0, "122->124": 0, "124->122": 0, "124->125": 0, "125->124": 0, "124->126": 0, "126->124": 0, "126->127": 0, "127->126": 0, "124->128": 0, "128->124": 0, "128->129": 0, "129->128": 0, "122->130": 0, "130->122": 0, "130->131": 0, "131->130": 0, "120->132": 0, "132->120": 0, "132->133": 0, "133->132": 0, "118->134": 0, "134->118": 0, "110->135": 0, "135->110": 0, "135->136": 0, "136->135": 0, "136->137": 0, "137->136": 0, "135->138": 0, "138->135": 0, "138->139": 0, "139->138": 0, "138->140": 0, "140->138": 0, "140->141": 0, "141->140": 0, "140->142": 0, "142->140": 0, "142->143": 0, "143->142": 0, "140->144": 0, "144->140": 0, "110->145": 0, "145->110": 0, "145->146": 0, "146->145": 0, "146->147": 0, "147->146": 0, "146->148": 0, "148->146": 0, "148->149": 0, "149->148": 0, "148->150": 0, "150->148": 0, "150->151": 0, "151->150": 0, "150->152": 0, "152->150": 0, "152->153": 0, "153->152": 0, "152->154": 0, "154->152": 0, "154->155": 0, "155->154": 0, "152->156": 0, "156->152": 0, "156->157": 0, "157->156": 0, "150->158": 0, "158->150": 0, "158->159": 0, "159->158": 0, "158->160": 0, "160->158": 0, "160->161": 0, "161->160": 0, "158->162": 0, "162->158": 0, "148->163": 0, "163->148": 0, "163->164": 0, "164->163": 0, "146->165": 0, "165->146": 0, "110->166": 0, "166->110": 0, "166->167": 0, "167->166": 0, "167->168": 0, "168->167": 0, "167->169": 0, "169->167": 0, "169->170": 0, "170->169": 0, "167->171": 0, "171->167": 0, "171->172": 0, "172->171": 0, "166->173": 0, "173->166": 0, "173->174": 0, "174->173": 0, "174->175": 0, "175->174": 0, "175->176": 0, "176->175": 0, "175->177": 0, "177->175": 0, "177->178": 0, "178->177": 0, "177->179": 0, "179->177": 0, "179->180": 0, "180->179": 0, "179->181": 0, "181->179": 0, "181->182": 0, "182->181": 0, "181->183": 0, "183->181": 0, "183->184": 0, "184->183": 0, "181->185": 0, "185->181": 0, "185->186": 0, "186->185": 0, "179->187": 0, "187->179": 0, "187->188": 0, "188->187": 0, "177->189": 0, "189->177": 0, "189->190": 0, "190->189": 0, "175->191": 0, "191->175": 0, "110->192": 0, "192->110": 0, "192->193": 0, "193->192": 0, "193->194": 0, "194->193": 0, "193->195": 0, "195->193": 0, "195->196": 0, "196->195": 0, "193->197": 0, "197->193": 0, "197->198": 0, "198->197": 0, "192->199": 0, "199->192": 0, "199->200": 0, "200->199": 0, "200->201": 0, "201->200": 0, "201->202": 0, "202->201": 0, "202->203": 0, "203->202": 0, "203->204": 0, "204->203": 0, "202->205": 0, "205->202": 0, "205->206": 0, "206->205": 0, "201->207": 0, "207->201": 0, "207->208": 0, "208->207": 0, "201->209": 0, "209->201": 0, "209->210": 0, "210->209": 0, "201->211": 0, "211->201": 0, "192->212": 0, "212->192": 0, "212->213": 0, "213->212": 0, "213->214": 0, "214->213": 0, "213->215": 0, "215->213": 0, "215->216": 0, "216->215": 0, "213->217": 0, "217->213": 0, "217->218": 0, "218->217": 0, "212->219": 0, "219->212": 0, "219->220": 0, "220->219": 0, "220->221": 0, "221->220": 0, "221->222": 0, "222->221": 0, "222->223": 0, "223->222": 0, "223->224": 0, "224->223": 0, "222->225": 0, "225->222": 0, "225->226": 0, "226->225": 0, "221->227": 0, "227->221": 0, "227->228": 0, "228->227": 0, "221->229": 0, "229->221": 0, "229->230": 0, "230->229": 0, "221->231": 0, "231->221": 0, "212->232": 0, "232->212": 0, "232->233": 0, "233->232": 0, "233->234": 0, "234->233": 0, "233->235": 0, "235->233": 0, "235->236": 0, "236->235": 0, "233->237": 0, "237->233": 0, "237->238": 0, "238->237": 0, "232->239": 0, "239->232": 0, "239->240": 0, "240->239": 0, "240->241": 0, "241->240": 0, "241->242": 0, "242->241": 0, "242->243": 0, "243->242": 0, "242->244": 0, "244->242": 0, "244->245": 0, "245->244": 0, "242->246": 0, "246->242": 0, "241->247": 0, "247->241": 0, "247->248": 0, "248->247": 0, "241->249": 0, "249->241": 0, "249->250": 0, "250->249": 0, "241->251": 0, "251->241": 0, "232->252": 0, "252->232": 0, "252->253": 0, "253->252": 0, "253->254": 0, "254->253": 0, "254->255": 0, "255->254": 0, "254->256": 0, "256->254": 0, "256->257": 0, "257->256": 0, "256->258": 0, "258->256": 0, "258->259": 0, "259->258": 0, "258->260": 0, "260->258": 0, "260->261": 0, "261->260": 0, "258->262": 0, "262->258": 0, "262->263": 0, "263->262": 0, "262->264": 0, "264->262": 0, "256->265": 0, "265->256": 0, "265->266": 0, "266->265": 0, "254->267": 0, "267->254": 0, "0->268": 0, "268->0": 0, "268->269": 0, "269->268": 0, "269->270": 0, "270->269": 0, "269->271": 0, "271->269": 0, "271->272": 0, "272->271": 0, "269->273": 0, "273->269": 0, "0->274": 0, "274->0": 0, "274->275": 0, "275->274": 0, "275->276": 0, "276->275": 0, "275->277": 0, "277->275": 0, "277->278": 0, "278->277": 0, "277->279": 0, "279->277": 0, "275->280": 0, "280->275": 0, "1->3": 1, "3->1": 12, "3->5": 1, "5->3": 12, "5->6": 1, "6->5": 12, "6->10": 1, "10->6": 12, "10->14": 1, "14->10": 12, "14->15": 2, "15->14": 3, "15->16": 1, "16->15": 12, "16->29": 1, "29->16": 12, "29->44": 1, "44->29": 12, "44->67": 1, "67->44": 12, "67->79": 1, "79->67": 12, "79->91": 1, "91->79": 12, "91->103": 1, "103->91": 12, "103->268": 1, "268->103": 12, "268->274": 1, "274->268": 12, "7->9": 1, "9->7": 12, "11->13": 1, "13->11": 12, "17->27": 6, "27->17": 6, "18->19": 2, "19->18": 3, "19->20": 1, "20->19": 12, "20->22": 1, "22->20": 12, "22->24": 1, "24->22": 12, "24->26": 1, "26->24": 12, "30->32": 1, "32->30": 12, "33->34": 1, "34->33": 12, "35->37": 1, "37->35": 12, "38->43": 1, "43->38": 12, "39->42": 1, "42->39": 12, "40->41": 2, "41->40": 3, "45->52": 6, "52->45": 6, "46->47": 1, "47->46": 12, "47->49": 1, "49->47": 12, "49->51": 1, "51->49": 12, "53->66": 10, "66->53": 11, "55->56": 1, "56->55": 12, "56->59": 1, "59->56": 12, "59->65": 1, "65->59": 12, "57->58": 2, "58->57": 3, "60->61": 1, "61->60": 12, "61->63": 1, "63->61": 12, "68->70": 1, "70->68": 12, "71->72": 1, "72->71": 12, "73->74": 1, "74->73": 12, "74->76": 1, "76->74": 12, "76->78": 1, "78->76": 12, "80->82": 1, "82->80": 12, "83->84": 1, "84->83": 12, "85->86": 1, "86->85": 12, "86->88": 1, "88->86": 12, "88->90": 1, "90->88": 12, "92->94": 1, "94->92": 12, "95->96": 1, "96->95": 12, "97->98": 1, "98->97": 12, "98->100": 1, "100->98": 12, "100->102": 1, "102->100": 12, "104->110": 6, "110->104": 6, "105->106": 1, "106->105": 12, "106->108": 1, "108->106": 12, "111->117": 10, "117->111": 11, "117->135": 10, "135->117": 11, "135->145": 10, "145->135": 11, "145->166": 10, "166->145": 11, "166->192": 10, "192->166": 11, "113->114": 1, "114->113": 12, "114->116": 1, "116->114": 12, "119->120": 1, "120->119": 12, "120->134": 1, "134->120": 12, "121->122": 1, "122->121": 12, "122->132": 1, "132->122": 12, "123->124": 1, "124->123": 12, "124->130": 1, "130->124": 12, "125->126": 1, "126->125": 12, "126->128": 1, "128->126": 12, "136->138": 1, "138->136": 12, "139->140": 1, "140->139": 12, "141->142": 1, "142->141": 12, "142->144": 1, "144->142": 12, "147->148": 1, "148->147": 12, "148->165": 1, "165->148": 12, "149->150": 1, "150->149": 12, "150->163": 1, "163->150": 12, "151->152": 1, "152->151": 12, "152->158": 1, "158->152": 12, "153->154": 1, "154->153": 12, "154->156": 1, "156->154": 12, "159->160": 1, "160->159": 12, "160->162": 1, "162->160": 12, "167->173": 6, "173->167": 6, "168->169": 1, "169->168": 12, "169->171": 1, "171->169": 12, "176->177": 1, "177->176": 12, "177->191": 1, "191->177": 12, "178->179": 1, "179->178": 12, "179->189": 1, "189->179": 12, "180->181": 1, "181->180": 12, "181->187": 1, "187->181": 12, "182->183": 1, "183->182": 12, "183->185": 1, "185->183": 12, "193->199": 6, "199->193": 6, "199->212": 1, "212->199": 12, "194->195": 1, "195->194": 12, "195->197": 1, "197->195": 12, "202->207": 1, "207->202": 12, "207->209": 1, "209->207": 12, "209->211": 1, "211->209": 12, "203->205": 1, "205->203": 12, "213->219": 6, "219->213": 6, "219->232": 1, "232->219": 12, "214->215": 1, "215->214": 12, "215->217": 1, "217->215": 12, "222->227": 1, "227->222": 12, "227->229": 1, "229->227": 12, "229->231": 1, "231->229": 12, "223->225": 1, "225->223": 12, "233->239": 6, "239->233": 6, "239->252": 1, "252->239": 12, "234->235": 1, "235->234": 12, "235->237": 1, "237->235": 12, "242->247": 1, "247->242": 12, "247->249": 1, "249->247": 12, "249->251": 1, "251->249": 12, "243->244": 1, "244->243": 12, "244->246": 1, "246->244": 12, "255->256": 1, "256->255": 12, "256->267": 1, "267->256": 12, "257->258": 1, "258->257": 12, "258->265": 1, "265->258": 12, "259->260": 1, "260->259": 12, "260->262": 1, "262->260": 12, "263->264": 2, "264->263": 3, "270->271": 1, "271->270": 12, "271->273": 1, "273->271": 12, "276->277": 1, "277->276": 12, "277->280": 1, "280->277": 12, "278->279": 2, "279->278": 3, "193->212": 7, "212->193": 7, "213->232": 7, "232->213": 7, "233->252": 7, "252->233": 7, "2->4": 2, "4->2": 3, "4->5": 2, "5->4": 3, "5->8": 2, "8->5": 3, "8->9": 2, "9->8": 3, "9->12": 2, "12->9": 3, "12->13": 2, "13->12": 3, "13->14": 2, "14->13": 3, "15->18": 2, "18->15": 3, "19->21": 2, "21->19": 3, "21->23": 2, "23->21": 3, "23->25": 2, "25->23": 3, "25->26": 2, "26->25": 3, "26->28": 2, "28->26": 3, "28->31": 2, "31->28": 3, "31->33": 2, "33->31": 3, "33->36": 2, "36->33": 3, "36->40": 2, "40->36": 3, "41->42": 2, "42->41": 3, "42->43": 2, "43->42": 3, "43->46": 2, "46->43": 3, "46->48": 2, "48->46": 3, "48->50": 2, "50->48": 3, "50->51": 2, "51->50": 3, "51->55": 2, "55->51": 3, "55->57": 2, "57->55": 3, "58->60": 2, "60->58": 3, "60->62": 2, "62->60": 3, "62->64": 2, "64->62": 3, "64->65": 2, "65->64": 3, "65->66": 2, "66->65": 3, "66->69": 2, "69->66": 3, "69->71": 2, "71->69": 3, "71->73": 2, "73->71": 3, "73->75": 2, "75->73": 3, "75->77": 2, "77->75": 3, "77->78": 2, "78->77": 3, "78->81": 2, "81->78": 3, "81->83": 2, "83->81": 3, "83->85": 2, "85->83": 3, "85->87": 2, "87->85": 3, "87->89": 2, "89->87": 3, "89->90": 2, "90->89": 3, "90->93": 2, "93->90": 3, "93->95": 2, "95->93": 3, "95->97": 2, "97->95": 3, "97->99": 2, "99->97": 3, "99->101": 2, "101->99": 3, "101->102": 2, "102->101": 3, "102->105": 2, "105->102": 3, "105->107": 2, "107->105": 3, "107->109": 2, "109->107": 3, "109->113": 2, "113->109": 3, "113->115": 2, "115->113": 3, "115->116": 2, "116->115": 3, "116->119": 2, "119->116": 3, "119->121": 2, "121->119": 3, "121->123": 2, "123->121": 3, "123->125": 2, "125->123": 3, "125->127": 2, "127->125": 3, "127->129": 2, "129->127": 3, "129->131": 2, "131->129": 3, "131->133": 2, "133->131": 3, "133->134": 2, "134->133": 3, "134->137": 2, "137->134": 3, "137->139": 2, "139->137": 3, "139->141": 2, "141->139": 3, "141->143": 2, "143->141": 3, "143->144": 2, "144->143": 3, "144->147": 2, "147->144": 3, "147->149": 2, "149->147": 3, "149->151": 2, "151->149": 3, "151->153": 2, "153->151": 3, "153->155": 2, "155->153": 3, "155->157": 2, "157->155": 3, "157->159": 2, "159->157": 3, "159->161": 2, "161->159": 3, "161->162": 2, "162->161": 3, "162->164": 2, "164->162": 3, "164->165": 2, "165->164": 3, "165->168": 2, "168->165": 3, "168->170": 2, "170->168": 3, "170->172": 2, "172->170": 3, "172->176": 2, "176->172": 3, "176->178": 2, "178->176": 3, "178->180": 2, "180->178": 3, "180->182": 2, "182->180": 3, "182->184": 2, "184->182": 3, "184->186": 2, "186->184": 3, "186->188": 2, "188->186": 3, "188->190": 2, "190->188": 3, "190->191": 2, "191->190": 3, "191->194": 2, "194->191": 3, "194->196": 2, "196->194": 3, "196->198": 2, "198->196": 3, "198->204": 2, "204->198": 3, "204->206": 2, "206->204": 3, "206->208": 2, "208->206": 3, "208->210": 2, "210->208": 3, "210->211": 2, "211->210": 3, "211->214": 2, "214->211": 3, "214->216": 2, "216->214": 3, "216->218": 2, "218->216": 3, "218->224": 2, "224->218": 3, "224->226": 2, "226->224": 3, "226->228": 2, "228->226": 3, "228->230": 2, "230->228": 3, "230->231": 2, "231->230": 3, "231->234": 2, "234->231": 3, "234->236": 2, "236->234": 3, "236->238": 2, "238->236": 3, "238->243": 2, "243->238": 3, "243->245": 2, "245->243": 3, "245->246": 2, "246->245": 3, "246->248": 2, "248->246": 3, "248->250": 2, "250->248": 3, "250->251": 2, "251->250": 3, "251->255": 2, "255->251": 3, "255->257": 2, "257->255": 3, "257->259": 2, "259->257": 3, "259->261": 2, "261->259": 3, "261->263": 2, "263->261": 3, "264->266": 2, "266->264": 3, "266->267": 2, "267->266": 3, "267->270": 2, "270->267": 3, "270->272": 2, "272->270": 3, "272->273": 2, "273->272": 3, "273->276": 2, "276->273": 3, "276->278": 2, "278->276": 3, "279->280": 2, "280->279": 3, "23->87": 4, "87->23": 5, "87->99": 4, "99->87": 5, "25->75": 4, "75->25": 5, "107->131": 4, "131->107": 5, "131->143": 4, "143->131": 5, "143->245": 4, "245->143": 5, "127->155": 4, "155->127": 5, "155->184": 4, "184->155": 5, "170->188": 4, "188->170": 5, "188->208": 4, "208->188": 5, "208->228": 4, "228->208": 5, "228->248": 4, "248->228": 5, "196->206": 4, "206->196": 5, "206->216": 4, "216->206": 5, "216->226": 4, "226->216": 5, "226->236": 4, "236->226": 5, "210->230": 4, "230->210": 5, "230->250": 4, "250->230": 5}, "metrics": [36.0, 8.0, 2.0]}