{"nodelist": ["MethodDeclaration", "{'public'}", "public", "postBalanceRSGroup", "FormalParameter", "{'final'}", "final", "ReferenceType", "String", "name", "FormalParameter", "{'final'}", "final", "BasicType", "boolean", "balanceRan", "IOException", "StatementExpression", "MethodInvocation", "TernaryExpression", "MethodInvocation", "coprocEnvironments", "isEmpty", "Literal", "null", "ClassCreator", "ReferenceType", "MasterObserverOperation", "MethodDeclaration", "{'public'}", "public", "Annotation", "Override", "call", "FormalParameter", "ReferenceType", "MasterObserver", "observer", "IOException", "StatementExpression", "MethodInvocation", "observer", "This", "MemberReference", "name", "MemberReference", "balanceRan", "postBalanceRSGroup", "execOperation"], "nodes": {"0": "MethodDeclaration", "1": "Modifier", "2": "public", "3": "postBalanceRSGroup", "4": "FormalParameter", "5": "Modifier", "6": "final", "7": "ReferenceType", "8": "String", "9": "name", "10": "FormalParameter", "11": "Modifier", "12": "final", "13": "BasicType", "14": "boolean", "15": "balanceRan", "16": "IOException", "17": "StatementExpression", "18": "MethodInvocation", "19": "TernaryExpression", "20": "MethodInvocation", "21": "coprocEnvironments", "22": "isEmpty", "23": "Literal", "24": "null", "25": "ClassCreator", "26": "ReferenceType", "27": "MasterObserverOperation", "28": "MethodDeclaration", "29": "Modifier", "30": "public", "31": "Annotation", "32": "Override", "33": "call", "34": "FormalParameter", "35": "ReferenceType", "36": "MasterObserver", "37": "observer", "38": "IOException", "39": "StatementExpression", "40": "MethodInvocation", "41": "observer", "42": "This", "43": "MemberReference", "44": "name", "45": "MemberReference", "46": "balanceRan", "47": "postBalanceRSGroup", "48": "execOperation"}, "edges": {"0->1": 0, "1->0": 0, "1->2": 0, "2->1": 0, "0->3": 0, "3->0": 0, "0->4": 0, "4->0": 0, "4->5": 0, "5->4": 0, "5->6": 0, "6->5": 0, "4->7": 0, "7->4": 0, "7->8": 0, "8->7": 0, "4->9": 0, "9->4": 0, "0->10": 0, "10->0": 0, "10->11": 0, "11->10": 0, "11->12": 0, "12->11": 0, "10->13": 0, "13->10": 0, "13->14": 0, "14->13": 0, "10->15": 0, "15->10": 0, "0->16": 0, "16->0": 0, "0->17": 0, "17->0": 0, "17->18": 0, "18->17": 0, "18->19": 0, "19->18": 0, "19->20": 0, "20->19": 0, "20->21": 0, "21->20": 0, "20->22": 0, "22->20": 0, "19->23": 0, "23->19": 0, "23->24": 0, "24->23": 0, "19->25": 0, "25->19": 0, "25->26": 0, "26->25": 0, "26->27": 0, "27->26": 0, "25->28": 0, "28->25": 0, "28->29": 0, "29->28": 0, "29->30": 0, "30->29": 0, "28->31": 0, "31->28": 0, "31->32": 0, "32->31": 0, "28->33": 0, "33->28": 0, "28->34": 0, "34->28": 0, "34->35": 0, "35->34": 0, "35->36": 0, "36->35": 0, "34->37": 0, "37->34": 0, "28->38": 0, "38->28": 0, "28->39": 0, "39->28": 0, "39->40": 0, "40->39": 0, "40->41": 0, "41->40": 0, "40->42": 0, "42->40": 0, "40->43": 0, "43->40": 0, "43->44": 0, "44->43": 0, "40->45": 0, "45->40": 0, "45->46": 0, "46->45": 0, "40->47": 0, "47->40": 0, "18->48": 0, "48->18": 0, "1->3": 1, "3->1": 12, "3->4": 1, "4->3": 12, "4->10": 1, "10->4": 12, "10->16": 1, "16->10": 12, "16->17": 1, "17->16": 12, "5->7": 1, "7->5": 12, "7->9": 1, "9->7": 12, "11->13": 1, "13->11": 12, "13->15": 1, "15->13": 12, "19->48": 1, "48->19": 12, "20->23": 1, "23->20": 12, "23->25": 1, "25->23": 12, "21->22": 2, "22->21": 3, "26->28": 1, "28->26": 12, "29->31": 1, "31->29": 12, "31->33": 1, "33->31": 12, "33->34": 1, "34->33": 12, "34->38": 1, "38->34": 12, "38->39": 1, "39->38": 12, "35->37": 1, "37->35": 12, "41->42": 2, "42->41": 3, "42->43": 1, "43->42": 12, "43->45": 1, "45->43": 12, "45->47": 1, "47->45": 12, "2->3": 2, "3->2": 3, "3->6": 2, "6->3": 3, "6->8": 2, "8->6": 3, "8->9": 2, "9->8": 3, "9->12": 2, "12->9": 3, "12->14": 2, "14->12": 3, "14->15": 2, "15->14": 3, "15->16": 2, "16->15": 3, "16->21": 2, "21->16": 3, "22->24": 2, "24->22": 3, "24->27": 2, "27->24": 3, "27->30": 2, "30->27": 3, "30->32": 2, "32->30": 3, "32->33": 2, "33->32": 3, "33->36": 2, "36->33": 3, "36->37": 2, "37->36": 3, "37->38": 2, "38->37": 3, "38->41": 2, "41->38": 3, "42->44": 2, "44->42": 3, "44->46": 2, "46->44": 3, "46->47": 2, "47->46": 3, "47->48": 2, "48->47": 3}, "metrics": [8.0, 1.0, 2.0]}