{"nodelist": ["MethodDeclaration", "{'private'}", "private", "BasicType", "long", "upsert", "FormalParameter", "ReferenceType", "Cell", "cell", "FormalParameter", "BasicType", "long", "readpoint", "LocalVariableDeclaration", "ReferenceType", "KeyValue", "VariableDeclarator", "kv", "MethodInvocation", "KeyValueUtil", "MemberReference", "cell", "ensureKeyValue", "LocalVariableDeclaration", "BasicType", "long", "VariableDeclarator", "addedSize", "MethodInvocation", "MemberReference", "kv", "Literal", "false", "internalAdd", "LocalVariableDeclaration", "ReferenceType", "KeyValue", "VariableDeclarator", "firstKv", "MethodInvocation", "KeyValue", "MethodInvocation", "kv", "getBuffer", "MethodInvocation", "kv", "getRowOffset", "MethodInvocation", "kv", "getRowLength", "MethodInvocation", "kv", "getBuffer", "MethodInvocation", "kv", "getFamilyOffset", "MethodInvocation", "kv", "getFamilyLength", "MethodInvocation", "kv", "getBuffer", "MethodInvocation", "kv", "getQualifierOffset", "MethodInvocation", "kv", "getQualifierLength", "createFirstOnRow", "LocalVariableDeclaration", "ReferenceType", "SortedSet", "TypeArgument", "ReferenceType", "KeyValue", "VariableDeclarator", "ss", "MethodInvocation", "kvset", "MemberReference", "firstKv", "tailSet", "LocalVariableDeclaration", "ReferenceType", "Iterator", "TypeArgument", "ReferenceType", "KeyValue", "VariableDeclarator", "it", "MethodInvocation", "ss", "iterator", "LocalVariableDeclaration", "BasicType", "int", "VariableDeclarator", "versionsVisible", "Literal", "0", "WhileStatement", "MethodInvocation", "it", "hasNext", "BlockStatement", "LocalVariableDeclaration", "ReferenceType", "KeyValue", "VariableDeclarator", "cur", "MethodInvocation", "it", "next", "IfStatement", "BinaryOperation", "==", "MemberReference", "kv", "MemberReference", "cur", "BlockStatement", "ContinueStatement", "IfStatement", "BinaryOperation", "&&", "MethodInvocation", "kv", "MemberReference", "cur", "matchingRow", "MethodInvocation", "kv", "MemberReference", "cur", "matchingQualifier", "BlockStatement", "IfStatement", "BinaryOperation", "&&", "BinaryOperation", "==", "MethodInvocation", "cur", "getTypeByte", "MethodInvocation", "KeyValue.Type.Put", "getCode", "BinaryOperation", "<=", "MethodInvocation", "cur", "getMvccVersion", "MemberReference", "readpoint", "BlockStatement", "IfStatement", "BinaryOperation", ">=", "MemberReference", "versionsVisible", "Literal", "1", "BlockStatement", "LocalVariableDeclaration", "BasicType", "long", "VariableDeclarator", "delta", "MethodInvocation", "MemberReference", "cur", "Literal", "true", "heapSizeChange", "StatementExpression", "Assignment", "MemberReference", "addedSize", "MemberReference", "delta", "-=", "StatementExpression", "This", "MemberReference", "size", "MethodInvocation", "MemberReference", "-", "delta", "addAndGet", "StatementExpression", "MethodInvocation", "it", "remove", "StatementExpression", "MethodInvocation", "setOldestEditTimeToNow", "BlockStatement", "StatementExpression", "MemberReference", "++", "versionsVisible", "BlockStatement", "BreakStatement", "ReturnStatement", "MemberReference", "addedSize"], "nodes": {"0": "MethodDeclaration", "1": "Modifier", "2": "private", "3": "BasicType", "4": "long", "5": "upsert", "6": "FormalParameter", "7": "ReferenceType", "8": "Cell", "9": "cell", "10": "FormalParameter", "11": "BasicType", "12": "long", "13": "readpoint", "14": "LocalVariableDeclaration", "15": "ReferenceType", "16": "KeyValue", "17": "VariableDeclarator", "18": "kv", "19": "MethodInvocation", "20": "KeyValueUtil", "21": "MemberReference", "22": "cell", "23": "ensureKeyValue", "24": "LocalVariableDeclaration", "25": "BasicType", "26": "long", "27": "VariableDeclarator", "28": "addedSize", "29": "MethodInvocation", "30": "MemberReference", "31": "kv", "32": "Literal", "33": "false", "34": "internalAdd", "35": "LocalVariableDeclaration", "36": "ReferenceType", "37": "KeyValue", "38": "VariableDeclarator", "39": "firstKv", "40": "MethodInvocation", "41": "KeyValue", "42": "MethodInvocation", "43": "kv", "44": "getBuffer", "45": "MethodInvocation", "46": "kv", "47": "getRowOffset", "48": "MethodInvocation", "49": "kv", "50": "getRowLength", "51": "MethodInvocation", "52": "kv", "53": "getBuffer", "54": "MethodInvocation", "55": "kv", "56": "getFamilyOffset", "57": "MethodInvocation", "58": "kv", "59": "getFamilyLength", "60": "MethodInvocation", "61": "kv", "62": "getBuffer", "63": "MethodInvocation", "64": "kv", "65": "getQualifierOffset", "66": "MethodInvocation", "67": "kv", "68": "getQualifierLength", "69": "createFirstOnRow", "70": "LocalVariableDeclaration", "71": "ReferenceType", "72": "SortedSet", "73": "TypeArgument", "74": "ReferenceType", "75": "KeyValue", "76": "VariableDeclarator", "77": "ss", "78": "MethodInvocation", "79": "kvset", "80": "MemberReference", "81": "firstKv", "82": "tailSet", "83": "LocalVariableDeclaration", "84": "ReferenceType", "85": "Iterator", "86": "TypeArgument", "87": "ReferenceType", "88": "KeyValue", "89": "VariableDeclarator", "90": "it", "91": "MethodInvocation", "92": "ss", "93": "iterator", "94": "LocalVariableDeclaration", "95": "BasicType", "96": "int", "97": "VariableDeclarator", "98": "versionsVisible", "99": "Literal", "100": "0", "101": "WhileStatement", "102": "MethodInvocation", "103": "it", "104": "hasNext", "105": "BlockStatement", "106": "LocalVariableDeclaration", "107": "ReferenceType", "108": "KeyValue", "109": "VariableDeclarator", "110": "cur", "111": "MethodInvocation", "112": "it", "113": "next", "114": "IfStatement", "115": "BinaryOperation", "116": "==", "117": "MemberReference", "118": "kv", "119": "MemberReference", "120": "cur", "121": "BlockStatement", "122": "ContinueStatement", "123": "IfStatement", "124": "BinaryOperation", "125": "&&", "126": "MethodInvocation", "127": "kv", "128": "MemberReference", "129": "cur", "130": "matchingRow", "131": "MethodInvocation", "132": "kv", "133": "MemberReference", "134": "cur", "135": "matchingQualifier", "136": "BlockStatement", "137": "IfStatement", "138": "BinaryOperation", "139": "&&", "140": "BinaryOperation", "141": "==", "142": "MethodInvocation", "143": "cur", "144": "getTypeByte", "145": "MethodInvocation", "146": "KeyValue.Type.Put", "147": "getCode", "148": "BinaryOperation", "149": "<=", "150": "MethodInvocation", "151": "cur", "152": "getMvccVersion", "153": "MemberReference", "154": "readpoint", "155": "BlockStatement", "156": "IfStatement", "157": "BinaryOperation", "158": ">=", "159": "MemberReference", "160": "versionsVisible", "161": "Literal", "162": "1", "163": "BlockStatement", "164": "LocalVariableDeclaration", "165": "BasicType", "166": "long", "167": "VariableDeclarator", "168": "delta", "169": "MethodInvocation", "170": "MemberReference", "171": "cur", "172": "Literal", "173": "true", "174": "heapSizeChange", "175": "StatementExpression", "176": "Assignment", "177": "MemberReference", "178": "addedSize", "179": "MemberReference", "180": "delta", "181": "-=", "182": "StatementExpression", "183": "This", "184": "MemberReference", "185": "size", "186": "MethodInvocation", "187": "MemberReference", "188": "-", "189": "delta", "190": "addAndGet", "191": "StatementExpression", "192": "MethodInvocation", "193": "it", "194": "remove", "195": "StatementExpression", "196": "MethodInvocation", "197": "setOldestEditTimeToNow", "198": "BlockStatement", "199": "StatementExpression", "200": "MemberReference", "201": "++", "202": "versionsVisible", "203": "BlockStatement", "204": "BreakStatement", "205": "ReturnStatement", "206": "MemberReference", "207": "addedSize"}, "edges": {"0->1": 0, "1->0": 0, "1->2": 0, "2->1": 0, "0->3": 0, "3->0": 0, "3->4": 0, "4->3": 0, "0->5": 0, "5->0": 0, "0->6": 0, "6->0": 0, "6->7": 0, "7->6": 0, "7->8": 0, "8->7": 0, "6->9": 0, "9->6": 0, "0->10": 0, "10->0": 0, "10->11": 0, "11->10": 0, "11->12": 0, "12->11": 0, "10->13": 0, "13->10": 0, "0->14": 0, "14->0": 0, "14->15": 0, "15->14": 0, "15->16": 0, "16->15": 0, "14->17": 0, "17->14": 0, "17->18": 0, "18->17": 0, "17->19": 0, "19->17": 0, "19->20": 0, "20->19": 0, "19->21": 0, "21->19": 0, "21->22": 0, "22->21": 0, "19->23": 0, "23->19": 0, "0->24": 0, "24->0": 0, "24->25": 0, "25->24": 0, "25->26": 0, "26->25": 0, "24->27": 0, "27->24": 0, "27->28": 0, "28->27": 0, "27->29": 0, "29->27": 0, "29->30": 0, "30->29": 0, "30->31": 0, "31->30": 0, "29->32": 0, "32->29": 0, "32->33": 0, "33->32": 0, "29->34": 0, "34->29": 0, "0->35": 0, "35->0": 0, "35->36": 0, "36->35": 0, "36->37": 0, "37->36": 0, "35->38": 0, "38->35": 0, "38->39": 0, "39->38": 0, "38->40": 0, "40->38": 0, "40->41": 0, "41->40": 0, "40->42": 0, "42->40": 0, "42->43": 0, "43->42": 0, "42->44": 0, "44->42": 0, "40->45": 0, "45->40": 0, "45->46": 0, "46->45": 0, "45->47": 0, "47->45": 0, "40->48": 0, "48->40": 0, "48->49": 0, "49->48": 0, "48->50": 0, "50->48": 0, "40->51": 0, "51->40": 0, "51->52": 0, "52->51": 0, "51->53": 0, "53->51": 0, "40->54": 0, "54->40": 0, "54->55": 0, "55->54": 0, "54->56": 0, "56->54": 0, "40->57": 0, "57->40": 0, "57->58": 0, "58->57": 0, "57->59": 0, "59->57": 0, "40->60": 0, "60->40": 0, "60->61": 0, "61->60": 0, "60->62": 0, "62->60": 0, "40->63": 0, "63->40": 0, "63->64": 0, "64->63": 0, "63->65": 0, "65->63": 0, "40->66": 0, "66->40": 0, "66->67": 0, "67->66": 0, "66->68": 0, "68->66": 0, "40->69": 0, "69->40": 0, "0->70": 0, "70->0": 0, "70->71": 0, "71->70": 0, "71->72": 0, "72->71": 0, "71->73": 0, "73->71": 0, "73->74": 0, "74->73": 0, "74->75": 0, "75->74": 0, "70->76": 0, "76->70": 0, "76->77": 0, "77->76": 0, "76->78": 0, "78->76": 0, "78->79": 0, "79->78": 0, "78->80": 0, "80->78": 0, "80->81": 0, "81->80": 0, "78->82": 0, "82->78": 0, "0->83": 0, "83->0": 0, "83->84": 0, "84->83": 0, "84->85": 0, "85->84": 0, "84->86": 0, "86->84": 0, "86->87": 0, "87->86": 0, "87->88": 0, "88->87": 0, "83->89": 0, "89->83": 0, "89->90": 0, "90->89": 0, "89->91": 0, "91->89": 0, "91->92": 0, "92->91": 0, "91->93": 0, "93->91": 0, "0->94": 0, "94->0": 0, "94->95": 0, "95->94": 0, "95->96": 0, "96->95": 0, "94->97": 0, "97->94": 0, "97->98": 0, "98->97": 0, "97->99": 0, "99->97": 0, "99->100": 0, "100->99": 0, "0->101": 0, "101->0": 0, "101->102": 0, "102->101": 0, "102->103": 0, "103->102": 0, "102->104": 0, "104->102": 0, "101->105": 0, "105->101": 0, "105->106": 0, "106->105": 0, "106->107": 0, "107->106": 0, "107->108": 0, "108->107": 0, "106->109": 0, "109->106": 0, "109->110": 0, "110->109": 0, "109->111": 0, "111->109": 0, "111->112": 0, "112->111": 0, "111->113": 0, "113->111": 0, "105->114": 0, "114->105": 0, "114->115": 0, "115->114": 0, "115->116": 0, "116->115": 0, "115->117": 0, "117->115": 0, "117->118": 0, "118->117": 0, "115->119": 0, "119->115": 0, "119->120": 0, "120->119": 0, "114->121": 0, "121->114": 0, "121->122": 0, "122->121": 0, "105->123": 0, "123->105": 0, "123->124": 0, "124->123": 0, "124->125": 0, "125->124": 0, "124->126": 0, "126->124": 0, "126->127": 0, "127->126": 0, "126->128": 0, "128->126": 0, "128->129": 0, "129->128": 0, "126->130": 0, "130->126": 0, "124->131": 0, "131->124": 0, "131->132": 0, "132->131": 0, "131->133": 0, "133->131": 0, "133->134": 0, "134->133": 0, "131->135": 0, "135->131": 0, "123->136": 0, "136->123": 0, "136->137": 0, "137->136": 0, "137->138": 0, "138->137": 0, "138->139": 0, "139->138": 0, "138->140": 0, "140->138": 0, "140->141": 0, "141->140": 0, "140->142": 0, "142->140": 0, "142->143": 0, "143->142": 0, "142->144": 0, "144->142": 0, "140->145": 0, "145->140": 0, "145->146": 0, "146->145": 0, "145->147": 0, "147->145": 0, "138->148": 0, "148->138": 0, "148->149": 0, "149->148": 0, "148->150": 0, "150->148": 0, "150->151": 0, "151->150": 0, "150->152": 0, "152->150": 0, "148->153": 0, "153->148": 0, "153->154": 0, "154->153": 0, "137->155": 0, "155->137": 0, "155->156": 0, "156->155": 0, "156->157": 0, "157->156": 0, "157->158": 0, "158->157": 0, "157->159": 0, "159->157": 0, "159->160": 0, "160->159": 0, "157->161": 0, "161->157": 0, "161->162": 0, "162->161": 0, "156->163": 0, "163->156": 0, "163->164": 0, "164->163": 0, "164->165": 0, "165->164": 0, "165->166": 0, "166->165": 0, "164->167": 0, "167->164": 0, "167->168": 0, "168->167": 0, "167->169": 0, "169->167": 0, "169->170": 0, "170->169": 0, "170->171": 0, "171->170": 0, "169->172": 0, "172->169": 0, "172->173": 0, "173->172": 0, "169->174": 0, "174->169": 0, "163->175": 0, "175->163": 0, "175->176": 0, "176->175": 0, "176->177": 0, "177->176": 0, "177->178": 0, "178->177": 0, "176->179": 0, "179->176": 0, "179->180": 0, "180->179": 0, "176->181": 0, "181->176": 0, "163->182": 0, "182->163": 0, "182->183": 0, "183->182": 0, "183->184": 0, "184->183": 0, "184->185": 0, "185->184": 0, "183->186": 0, "186->183": 0, "186->187": 0, "187->186": 0, "187->188": 0, "188->187": 0, "187->189": 0, "189->187": 0, "186->190": 0, "190->186": 0, "163->191": 0, "191->163": 0, "191->192": 0, "192->191": 0, "192->193": 0, "193->192": 0, "192->194": 0, "194->192": 0, "163->195": 0, "195->163": 0, "195->196": 0, "196->195": 0, "196->197": 0, "197->196": 0, "156->198": 0, "198->156": 0, "198->199": 0, "199->198": 0, "199->200": 0, "200->199": 0, "200->201": 0, "201->200": 0, "200->202": 0, "202->200": 0, "123->203": 0, "203->123": 0, "203->204": 0, "204->203": 0, "0->205": 0, "205->0": 0, "205->206": 0, "206->205": 0, "206->207": 0, "207->206": 0, "1->3": 1, "3->1": 12, "3->5": 1, "5->3": 12, "5->6": 1, "6->5": 12, "6->10": 1, "10->6": 12, "10->14": 1, "14->10": 12, "14->24": 1, "24->14": 12, "24->35": 1, "35->24": 12, "35->70": 1, "70->35": 12, "70->83": 1, "83->70": 12, "83->94": 1, "94->83": 12, "94->101": 1, "101->94": 12, "101->205": 1, "205->101": 12, "7->9": 1, "9->7": 12, "11->13": 1, "13->11": 12, "15->17": 1, "17->15": 12, "18->19": 1, "19->18": 12, "20->21": 1, "21->20": 12, "21->23": 1, "23->21": 12, "25->27": 1, "27->25": 12, "28->29": 1, "29->28": 12, "30->32": 1, "32->30": 12, "32->34": 1, "34->32": 12, "36->38": 1, "38->36": 12, "39->40": 1, "40->39": 12, "41->42": 1, "42->41": 12, "42->45": 1, "45->42": 12, "45->48": 1, "48->45": 12, "48->51": 1, "51->48": 12, "51->54": 1, "54->51": 12, "54->57": 1, "57->54": 12, "57->60": 1, "60->57": 12, "60->63": 1, "63->60": 12, "63->66": 1, "66->63": 12, "66->69": 1, "69->66": 12, "43->44": 2, "44->43": 3, "46->47": 2, "47->46": 3, "49->50": 2, "50->49": 3, "52->53": 2, "53->52": 3, "55->56": 2, "56->55": 3, "58->59": 2, "59->58": 3, "61->62": 2, "62->61": 3, "64->65": 2, "65->64": 3, "67->68": 2, "68->67": 3, "71->76": 1, "76->71": 12, "72->73": 1, "73->72": 12, "77->78": 1, "78->77": 12, "79->80": 1, "80->79": 12, "80->82": 1, "82->80": 12, "84->89": 1, "89->84": 12, "85->86": 1, "86->85": 12, "90->91": 1, "91->90": 12, "92->93": 2, "93->92": 3, "95->97": 1, "97->95": 12, "98->99": 1, "99->98": 12, "102->105": 8, "105->102": 8, "103->104": 2, "104->103": 3, "106->114": 10, "114->106": 11, "114->123": 10, "123->114": 11, "107->109": 1, "109->107": 12, "110->111": 1, "111->110": 12, "112->113": 2, "113->112": 3, "115->121": 6, "121->115": 6, "116->117": 1, "117->116": 12, "117->119": 1, "119->117": 12, "124->136": 6, "136->124": 6, "136->203": 1, "203->136": 12, "125->126": 1, "126->125": 12, "126->131": 1, "131->126": 12, "127->128": 1, "128->127": 12, "128->130": 1, "130->128": 12, "132->133": 1, "133->132": 12, "133->135": 1, "135->133": 12, "138->155": 6, "155->138": 6, "139->140": 1, "140->139": 12, "140->148": 1, "148->140": 12, "141->142": 1, "142->141": 12, "142->145": 1, "145->142": 12, "143->144": 2, "144->143": 3, "146->147": 2, "147->146": 3, "149->150": 1, "150->149": 12, "150->153": 1, "153->150": 12, "151->152": 2, "152->151": 3, "157->163": 6, "163->157": 6, "163->198": 1, "198->163": 12, "158->159": 1, "159->158": 12, "159->161": 1, "161->159": 12, "164->175": 10, "175->164": 11, "175->182": 10, "182->175": 11, "182->191": 10, "191->182": 11, "191->195": 10, "195->191": 11, "165->167": 1, "167->165": 12, "168->169": 1, "169->168": 12, "170->172": 1, "172->170": 12, "172->174": 1, "174->172": 12, "177->179": 1, "179->177": 12, "179->181": 1, "181->179": 12, "184->186": 1, "186->184": 12, "187->190": 1, "190->187": 12, "188->189": 2, "189->188": 3, "193->194": 2, "194->193": 3, "201->202": 2, "202->201": 3, "124->203": 7, "203->124": 7, "157->198": 7, "198->157": 7, "2->4": 2, "4->2": 3, "4->5": 2, "5->4": 3, "5->8": 2, "8->5": 3, "8->9": 2, "9->8": 3, "9->12": 2, "12->9": 3, "12->13": 2, "13->12": 3, "13->16": 2, "16->13": 3, "16->18": 2, "18->16": 3, "18->20": 2, "20->18": 3, "20->22": 2, "22->20": 3, "22->23": 2, "23->22": 3, "23->26": 2, "26->23": 3, "26->28": 2, "28->26": 3, "28->31": 2, "31->28": 3, "31->33": 2, "33->31": 3, "33->34": 2, "34->33": 3, "34->37": 2, "37->34": 3, "37->39": 2, "39->37": 3, "39->41": 2, "41->39": 3, "41->43": 2, "43->41": 3, "44->46": 2, "46->44": 3, "47->49": 2, "49->47": 3, "50->52": 2, "52->50": 3, "53->55": 2, "55->53": 3, "56->58": 2, "58->56": 3, "59->61": 2, "61->59": 3, "62->64": 2, "64->62": 3, "65->67": 2, "67->65": 3, "68->69": 2, "69->68": 3, "69->72": 2, "72->69": 3, "72->75": 2, "75->72": 3, "75->77": 2, "77->75": 3, "77->79": 2, "79->77": 3, "79->81": 2, "81->79": 3, "81->82": 2, "82->81": 3, "82->85": 2, "85->82": 3, "85->88": 2, "88->85": 3, "88->90": 2, "90->88": 3, "90->92": 2, "92->90": 3, "93->96": 2, "96->93": 3, "96->98": 2, "98->96": 3, "98->100": 2, "100->98": 3, "100->103": 2, "103->100": 3, "104->108": 2, "108->104": 3, "108->110": 2, "110->108": 3, "110->112": 2, "112->110": 3, "113->116": 2, "116->113": 3, "116->118": 2, "118->116": 3, "118->120": 2, "120->118": 3, "120->122": 2, "122->120": 3, "122->125": 2, "125->122": 3, "125->127": 2, "127->125": 3, "127->129": 2, "129->127": 3, "129->130": 2, "130->129": 3, "130->132": 2, "132->130": 3, "132->134": 2, "134->132": 3, "134->135": 2, "135->134": 3, "135->139": 2, "139->135": 3, "139->141": 2, "141->139": 3, "141->143": 2, "143->141": 3, "144->146": 2, "146->144": 3, "147->149": 2, "149->147": 3, "149->151": 2, "151->149": 3, "152->154": 2, "154->152": 3, "154->158": 2, "158->154": 3, "158->160": 2, "160->158": 3, "160->162": 2, "162->160": 3, "162->166": 2, "166->162": 3, "166->168": 2, "168->166": 3, "168->171": 2, "171->168": 3, "171->173": 2, "173->171": 3, "173->174": 2, "174->173": 3, "174->178": 2, "178->174": 3, "178->180": 2, "180->178": 3, "180->181": 2, "181->180": 3, "181->185": 2, "185->181": 3, "185->188": 2, "188->185": 3, "189->190": 2, "190->189": 3, "190->193": 2, "193->190": 3, "194->197": 2, "197->194": 3, "197->201": 2, "201->197": 3, "202->204": 2, "204->202": 3, "204->207": 2, "207->204": 3, "31->118": 4, "118->31": 5, "120->129": 4, "129->120": 5, "129->134": 4, "134->129": 5, "134->171": 4, "171->134": 5, "160->202": 4, "202->160": 5, "178->207": 4, "207->178": 5, "180->189": 4, "189->180": 5}, "metrics": [32.0, 6.0, 2.0]}