{"nodelist": ["MethodDeclaration", "{'final', 'public'}", "final", "public", "BasicType", "boolean", "isInitialized", "ReturnStatement", "Literal", "true"], "nodes": {"0": "MethodDeclaration", "1": "Modifier", "2": "final", "3": "public", "4": "BasicType", "5": "boolean", "6": "isInitialized", "7": "ReturnStatement", "8": "Literal", "9": "true"}, "edges": {"0->1": 0, "1->0": 0, "1->2": 0, "2->1": 0, "1->3": 0, "3->1": 0, "0->4": 0, "4->0": 0, "4->5": 0, "5->4": 0, "0->6": 0, "6->0": 0, "0->7": 0, "7->0": 0, "7->8": 0, "8->7": 0, "8->9": 0, "9->8": 0, "1->4": 1, "4->1": 12, "4->6": 1, "6->4": 12, "6->7": 1, "7->6": 12, "2->3": 2, "3->2": 3, "3->5": 2, "5->3": 3, "5->6": 2, "6->5": 3, "6->9": 2, "9->6": 3}, "metrics": [3.0, 1.0, 0.0]}