{"nodelist": ["MethodDeclaration", "{'private'}", "private", "BasicType", "int", "findCommonTimestampPrefix", "FormalParameter", "BasicType", "byte", "curTsBuf", "FormalParameter", "BasicType", "byte", "prevTsBuf", "LocalVariableDeclaration", "BasicType", "int", "VariableDeclarator", "commonPrefix", "Literal", "0", "WhileStatement", "BinaryOperation", "&&", "BinaryOperation", "<", "MemberReference", "commonPrefix", "BinaryOperation", "-", "MemberReference", "KeyValue", "TIMESTAMP_SIZE", "Literal", "1", "BinaryOperation", "==", "MemberReference", "ArraySelector", "MemberReference", "commonPrefix", "curTsBuf", "MemberReference", "ArraySelector", "MemberReference", "commonPrefix", "prevTsBuf", "BlockStatement", "StatementExpression", "MemberReference", "++", "commonPrefix", "ReturnStatement", "MemberReference", "commonPrefix"], "nodes": {"0": "MethodDeclaration", "1": "Modifier", "2": "private", "3": "BasicType", "4": "int", "5": "findCommonTimestampPrefix", "6": "FormalParameter", "7": "BasicType", "8": "byte", "9": "curTsBuf", "10": "FormalParameter", "11": "BasicType", "12": "byte", "13": "prevTsBuf", "14": "LocalVariableDeclaration", "15": "BasicType", "16": "int", "17": "VariableDeclarator", "18": "commonPrefix", "19": "Literal", "20": "0", "21": "WhileStatement", "22": "BinaryOperation", "23": "&&", "24": "BinaryOperation", "25": "<", "26": "MemberReference", "27": "commonPrefix", "28": "BinaryOperation", "29": "-", "30": "MemberReference", "31": "KeyValue", "32": "TIMESTAMP_SIZE", "33": "Literal", "34": "1", "35": "BinaryOperation", "36": "==", "37": "MemberReference", "38": "ArraySelector", "39": "MemberReference", "40": "commonPrefix", "41": "curTsBuf", "42": "MemberReference", "43": "ArraySelector", "44": "MemberReference", "45": "commonPrefix", "46": "prevTsBuf", "47": "BlockStatement", "48": "StatementExpression", "49": "MemberReference", "50": "++", "51": "commonPrefix", "52": "ReturnStatement", "53": "MemberReference", "54": "commonPrefix"}, "edges": {"0->1": 0, "1->0": 0, "1->2": 0, "2->1": 0, "0->3": 0, "3->0": 0, "3->4": 0, "4->3": 0, "0->5": 0, "5->0": 0, "0->6": 0, "6->0": 0, "6->7": 0, "7->6": 0, "7->8": 0, "8->7": 0, "6->9": 0, "9->6": 0, "0->10": 0, "10->0": 0, "10->11": 0, "11->10": 0, "11->12": 0, "12->11": 0, "10->13": 0, "13->10": 0, "0->14": 0, "14->0": 0, "14->15": 0, "15->14": 0, "15->16": 0, "16->15": 0, "14->17": 0, "17->14": 0, "17->18": 0, "18->17": 0, "17->19": 0, "19->17": 0, "19->20": 0, "20->19": 0, "0->21": 0, "21->0": 0, "21->22": 0, "22->21": 0, "22->23": 0, "23->22": 0, "22->24": 0, "24->22": 0, "24->25": 0, "25->24": 0, "24->26": 0, "26->24": 0, "26->27": 0, "27->26": 0, "24->28": 0, "28->24": 0, "28->29": 0, "29->28": 0, "28->30": 0, "30->28": 0, "30->31": 0, "31->30": 0, "30->32": 0, "32->30": 0, "28->33": 0, "33->28": 0, "33->34": 0, "34->33": 0, "22->35": 0, "35->22": 0, "35->36": 0, "36->35": 0, "35->37": 0, "37->35": 0, "37->38": 0, "38->37": 0, "38->39": 0, "39->38": 0, "39->40": 0, "40->39": 0, "37->41": 0, "41->37": 0, "35->42": 0, "42->35": 0, "42->43": 0, "43->42": 0, "43->44": 0, "44->43": 0, "44->45": 0, "45->44": 0, "42->46": 0, "46->42": 0, "21->47": 0, "47->21": 0, "47->48": 0, "48->47": 0, "48->49": 0, "49->48": 0, "49->50": 0, "50->49": 0, "49->51": 0, "51->49": 0, "0->52": 0, "52->0": 0, "52->53": 0, "53->52": 0, "53->54": 0, "54->53": 0, "1->3": 1, "3->1": 12, "3->5": 1, "5->3": 12, "5->6": 1, "6->5": 12, "6->10": 1, "10->6": 12, "10->14": 1, "14->10": 12, "14->21": 1, "21->14": 12, "21->52": 1, "52->21": 12, "7->9": 1, "9->7": 12, "11->13": 1, "13->11": 12, "15->17": 1, "17->15": 12, "18->19": 1, "19->18": 12, "22->47": 8, "47->22": 8, "23->24": 1, "24->23": 12, "24->35": 1, "35->24": 12, "25->26": 1, "26->25": 12, "26->28": 1, "28->26": 12, "29->30": 1, "30->29": 12, "30->33": 1, "33->30": 12, "31->32": 2, "32->31": 3, "36->37": 1, "37->36": 12, "37->42": 1, "42->37": 12, "38->41": 1, "41->38": 12, "43->46": 1, "46->43": 12, "50->51": 2, "51->50": 3, "2->4": 2, "4->2": 3, "4->5": 2, "5->4": 3, "5->8": 2, "8->5": 3, "8->9": 2, "9->8": 3, "9->12": 2, "12->9": 3, "12->13": 2, "13->12": 3, "13->16": 2, "16->13": 3, "16->18": 2, "18->16": 3, "18->20": 2, "20->18": 3, "20->23": 2, "23->20": 3, "23->25": 2, "25->23": 3, "25->27": 2, "27->25": 3, "27->29": 2, "29->27": 3, "29->31": 2, "31->29": 3, "32->34": 2, "34->32": 3, "34->36": 2, "36->34": 3, "36->40": 2, "40->36": 3, "40->41": 2, "41->40": 3, "41->45": 2, "45->41": 3, "45->46": 2, "46->45": 3, "46->50": 2, "50->46": 3, "51->54": 4, "54->51": 5, "27->40": 4, "40->27": 5, "40->45": 4, "45->40": 5, "45->51": 4, "51->45": 5}, "metrics": [7.0, 2.0, 2.0]}