{"nodelist": ["MethodDeclaration", "{'private'}", "private", "ReferenceType", "String", "generateMonitorTables", "FormalParameter", "ReferenceType", "String", "monitorTargets", "IOException", "LocalVariableDeclaration", "ReferenceType", "String", "VariableDeclarator", "returnTables", "Literal", "null", "IfStatement", "This", "MemberReference", "useRegExp", "BlockStatement", "LocalVariableDeclaration", "ReferenceType", "Pattern", "VariableDeclarator", "pattern", "Literal", "null", "LocalVariableDeclaration", "ReferenceType", "HTableDescriptor", "VariableDeclarator", "tds", "Literal", "null", "LocalVariableDeclaration", "ReferenceType", "Set", "TypeArgument", "ReferenceType", "String", "VariableDeclarator", "tmpTables", "ClassCreator", "ReferenceType", "TreeSet", "TryStatement", "IfStatement", "MethodInvocation", "LOG", "isDebugEnabled", "BlockStatement", "StatementExpression", "MethodInvocation", "LOG", "MethodInvocation", "String", "Literal", "\"reading list of tables\"", "format", "debug", "StatementExpression", "Assignment", "MemberReference", "tds", "This", "MemberReference", "admin", "MethodInvocation", "MemberReference", "pattern", "listTables", "=", "IfStatement", "BinaryOperation", "==", "MemberReference", "tds", "Literal", "null", "BlockStatement", "StatementExpression", "Assignment", "MemberReference", "tds", "ArrayCreator", "ReferenceType", "HTableDescriptor", "Literal", "0", "=", "ForStatement", "EnhancedForControl", "VariableDeclaration", "ReferenceType", "String", "VariableDeclarator", "monitorTarget", "MemberReference", "monitorTargets", "BlockStatement", "StatementExpression", "Assignment", "MemberReference", "pattern", "MethodInvocation", "Pattern", "MemberReference", "monitorTarget", "compile", "=", "ForStatement", "EnhancedForControl", "VariableDeclaration", "ReferenceType", "HTableDescriptor", "VariableDeclarator", "td", "MemberReference", "tds", "BlockStatement", "IfStatement", "MethodInvocation", "pattern", "MethodInvocation", "matches", "MethodInvocation", "td", "getNameAsString", "matcher", "BlockStatement", "StatementExpression", "MethodInvocation", "tmpTables", "MethodInvocation", "td", "getNameAsString", "add", "CatchClause", "CatchClauseParameter", "IOException", "e", "StatementExpression", "MethodInvocation", "LOG", "Literal", "\"Communicate with admin failed\"", "MemberReference", "e", "error", "ThrowStatement", "MemberReference", "e", "IfStatement", "BinaryOperation", ">", "MethodInvocation", "tmpTables", "size", "Literal", "0", "BlockStatement", "StatementExpression", "Assignment", "MemberReference", "returnTables", "MethodInvocation", "tmpTables", "ArrayCreator", "ReferenceType", "String", "MethodInvocation", "tmpTables", "size", "toArray", "=", "BlockStatement", "LocalVariableDeclaration", "ReferenceType", "String", "VariableDeclarator", "msg", "BinaryOperation", "+", "Literal", "\"No HTable found, tablePattern:\"", "MethodInvocation", "Arrays", "MemberReference", "monitorTargets", "toString", "StatementExpression", "MethodInvocation", "LOG", "MemberReference", "msg", "error", "StatementExpression", "Assignment", "This", "MemberReference", "errorCode", "MemberReference", "INIT_ERROR_EXIT_CODE", "=", "ThrowStatement", "ClassCreator", "ReferenceType", "TableNotFoundException", "MemberReference", "msg", "BlockStatement", "StatementExpression", "Assignment", "MemberReference", "returnTables", "MemberReference", "monitorTargets", "=", "ReturnStatement", "MemberReference", "returnTables"], "nodes": {"0": "MethodDeclaration", "1": "Modifier", "2": "private", "3": "ReferenceType", "4": "String", "5": "generateMonitorTables", "6": "FormalParameter", "7": "ReferenceType", "8": "String", "9": "monitorTargets", "10": "IOException", "11": "LocalVariableDeclaration", "12": "ReferenceType", "13": "String", "14": "VariableDeclarator", "15": "returnTables", "16": "Literal", "17": "null", "18": "IfStatement", "19": "This", "20": "MemberReference", "21": "useRegExp", "22": "BlockStatement", "23": "LocalVariableDeclaration", "24": "ReferenceType", "25": "Pattern", "26": "VariableDeclarator", "27": "pattern", "28": "Literal", "29": "null", "30": "LocalVariableDeclaration", "31": "ReferenceType", "32": "HTableDescriptor", "33": "VariableDeclarator", "34": "tds", "35": "Literal", "36": "null", "37": "LocalVariableDeclaration", "38": "ReferenceType", "39": "Set", "40": "TypeArgument", "41": "ReferenceType", "42": "String", "43": "VariableDeclarator", "44": "tmpTables", "45": "ClassCreator", "46": "ReferenceType", "47": "TreeSet", "48": "TryStatement", "49": "IfStatement", "50": "MethodInvocation", "51": "LOG", "52": "isDebugEnabled", "53": "BlockStatement", "54": "StatementExpression", "55": "MethodInvocation", "56": "LOG", "57": "MethodInvocation", "58": "String", "59": "Literal", "60": "\"reading list of tables\"", "61": "format", "62": "debug", "63": "StatementExpression", "64": "Assignment", "65": "MemberReference", "66": "tds", "67": "This", "68": "MemberReference", "69": "admin", "70": "MethodInvocation", "71": "MemberReference", "72": "pattern", "73": "listTables", "74": "=", "75": "IfStatement", "76": "BinaryOperation", "77": "==", "78": "MemberReference", "79": "tds", "80": "Literal", "81": "null", "82": "BlockStatement", "83": "StatementExpression", "84": "Assignment", "85": "MemberReference", "86": "tds", "87": "ArrayCreator", "88": "ReferenceType", "89": "HTableDescriptor", "90": "Literal", "91": "0", "92": "=", "93": "ForStatement", "94": "EnhancedForControl", "95": "VariableDeclaration", "96": "ReferenceType", "97": "String", "98": "VariableDeclarator", "99": "monitorTarget", "100": "MemberReference", "101": "monitorTargets", "102": "BlockStatement", "103": "StatementExpression", "104": "Assignment", "105": "MemberReference", "106": "pattern", "107": "MethodInvocation", "108": "Pattern", "109": "MemberReference", "110": "monitorTarget", "111": "compile", "112": "=", "113": "ForStatement", "114": "EnhancedForControl", "115": "VariableDeclaration", "116": "ReferenceType", "117": "HTableDescriptor", "118": "VariableDeclarator", "119": "td", "120": "MemberReference", "121": "tds", "122": "BlockStatement", "123": "IfStatement", "124": "MethodInvocation", "125": "pattern", "126": "MethodInvocation", "127": "matches", "128": "MethodInvocation", "129": "td", "130": "getNameAsString", "131": "matcher", "132": "BlockStatement", "133": "StatementExpression", "134": "MethodInvocation", "135": "tmpTables", "136": "MethodInvocation", "137": "td", "138": "getNameAsString", "139": "add", "140": "CatchClause", "141": "CatchClauseParameter", "142": "IOException", "143": "e", "144": "StatementExpression", "145": "MethodInvocation", "146": "LOG", "147": "Literal", "148": "\"Communicate with admin failed\"", "149": "MemberReference", "150": "e", "151": "error", "152": "ThrowStatement", "153": "MemberReference", "154": "e", "155": "IfStatement", "156": "BinaryOperation", "157": ">", "158": "MethodInvocation", "159": "tmpTables", "160": "size", "161": "Literal", "162": "0", "163": "BlockStatement", "164": "StatementExpression", "165": "Assignment", "166": "MemberReference", "167": "returnTables", "168": "MethodInvocation", "169": "tmpTables", "170": "ArrayCreator", "171": "ReferenceType", "172": "String", "173": "MethodInvocation", "174": "tmpTables", "175": "size", "176": "toArray", "177": "=", "178": "BlockStatement", "179": "LocalVariableDeclaration", "180": "ReferenceType", "181": "String", "182": "VariableDeclarator", "183": "msg", "184": "BinaryOperation", "185": "+", "186": "Literal", "187": "\"No HTable found, tablePattern:\"", "188": "MethodInvocation", "189": "Arrays", "190": "MemberReference", "191": "monitorTargets", "192": "toString", "193": "StatementExpression", "194": "MethodInvocation", "195": "LOG", "196": "MemberReference", "197": "msg", "198": "error", "199": "StatementExpression", "200": "Assignment", "201": "This", "202": "MemberReference", "203": "errorCode", "204": "MemberReference", "205": "INIT_ERROR_EXIT_CODE", "206": "=", "207": "ThrowStatement", "208": "ClassCreator", "209": "ReferenceType", "210": "TableNotFoundException", "211": "MemberReference", "212": "msg", "213": "BlockStatement", "214": "StatementExpression", "215": "Assignment", "216": "MemberReference", "217": "returnTables", "218": "MemberReference", "219": "monitorTargets", "220": "=", "221": "ReturnStatement", "222": "MemberReference", "223": "returnTables"}, "edges": {"0->1": 0, "1->0": 0, "1->2": 0, "2->1": 0, "0->3": 0, "3->0": 0, "3->4": 0, "4->3": 0, "0->5": 0, "5->0": 0, "0->6": 0, "6->0": 0, "6->7": 0, "7->6": 0, "7->8": 0, "8->7": 0, "6->9": 0, "9->6": 0, "0->10": 0, "10->0": 0, "0->11": 0, "11->0": 0, "11->12": 0, "12->11": 0, "12->13": 0, "13->12": 0, "11->14": 0, "14->11": 0, "14->15": 0, "15->14": 0, "14->16": 0, "16->14": 0, "16->17": 0, "17->16": 0, "0->18": 0, "18->0": 0, "18->19": 0, "19->18": 0, "19->20": 0, "20->19": 0, "20->21": 0, "21->20": 0, "18->22": 0, "22->18": 0, "22->23": 0, "23->22": 0, "23->24": 0, "24->23": 0, "24->25": 0, "25->24": 0, "23->26": 0, "26->23": 0, "26->27": 0, "27->26": 0, "26->28": 0, "28->26": 0, "28->29": 0, "29->28": 0, "22->30": 0, "30->22": 0, "30->31": 0, "31->30": 0, "31->32": 0, "32->31": 0, "30->33": 0, "33->30": 0, "33->34": 0, "34->33": 0, "33->35": 0, "35->33": 0, "35->36": 0, "36->35": 0, "22->37": 0, "37->22": 0, "37->38": 0, "38->37": 0, "38->39": 0, "39->38": 0, "38->40": 0, "40->38": 0, "40->41": 0, "41->40": 0, "41->42": 0, "42->41": 0, "37->43": 0, "43->37": 0, "43->44": 0, "44->43": 0, "43->45": 0, "45->43": 0, "45->46": 0, "46->45": 0, "46->47": 0, "47->46": 0, "22->48": 0, "48->22": 0, "48->49": 0, "49->48": 0, "49->50": 0, "50->49": 0, "50->51": 0, "51->50": 0, "50->52": 0, "52->50": 0, "49->53": 0, "53->49": 0, "53->54": 0, "54->53": 0, "54->55": 0, "55->54": 0, "55->56": 0, "56->55": 0, "55->57": 0, "57->55": 0, "57->58": 0, "58->57": 0, "57->59": 0, "59->57": 0, "59->60": 0, "60->59": 0, "57->61": 0, "61->57": 0, "55->62": 0, "62->55": 0, "48->63": 0, "63->48": 0, "63->64": 0, "64->63": 0, "64->65": 0, "65->64": 0, "65->66": 0, "66->65": 0, "64->67": 0, "67->64": 0, "67->68": 0, "68->67": 0, "68->69": 0, "69->68": 0, "67->70": 0, "70->67": 0, "70->71": 0, "71->70": 0, "71->72": 0, "72->71": 0, "70->73": 0, "73->70": 0, "64->74": 0, "74->64": 0, "48->75": 0, "75->48": 0, "75->76": 0, "76->75": 0, "76->77": 0, "77->76": 0, "76->78": 0, "78->76": 0, "78->79": 0, "79->78": 0, "76->80": 0, "80->76": 0, "80->81": 0, "81->80": 0, "75->82": 0, "82->75": 0, "82->83": 0, "83->82": 0, "83->84": 0, "84->83": 0, "84->85": 0, "85->84": 0, "85->86": 0, "86->85": 0, "84->87": 0, "87->84": 0, "87->88": 0, "88->87": 0, "88->89": 0, "89->88": 0, "87->90": 0, "90->87": 0, "90->91": 0, "91->90": 0, "84->92": 0, "92->84": 0, "48->93": 0, "93->48": 0, "93->94": 0, "94->93": 0, "94->95": 0, "95->94": 0, "95->96": 0, "96->95": 0, "96->97": 0, "97->96": 0, "95->98": 0, "98->95": 0, "98->99": 0, "99->98": 0, "94->100": 0, "100->94": 0, "100->101": 0, "101->100": 0, "93->102": 0, "102->93": 0, "102->103": 0, "103->102": 0, "103->104": 0, "104->103": 0, "104->105": 0, "105->104": 0, "105->106": 0, "106->105": 0, "104->107": 0, "107->104": 0, "107->108": 0, "108->107": 0, "107->109": 0, "109->107": 0, "109->110": 0, "110->109": 0, "107->111": 0, "111->107": 0, "104->112": 0, "112->104": 0, "102->113": 0, "113->102": 0, "113->114": 0, "114->113": 0, "114->115": 0, "115->114": 0, "115->116": 0, "116->115": 0, "116->117": 0, "117->116": 0, "115->118": 0, "118->115": 0, "118->119": 0, "119->118": 0, "114->120": 0, "120->114": 0, "120->121": 0, "121->120": 0, "113->122": 0, "122->113": 0, "122->123": 0, "123->122": 0, "123->124": 0, "124->123": 0, "124->125": 0, "125->124": 0, "124->126": 0, "126->124": 0, "126->127": 0, "127->126": 0, "124->128": 0, "128->124": 0, "128->129": 0, "129->128": 0, "128->130": 0, "130->128": 0, "124->131": 0, "131->124": 0, "123->132": 0, "132->123": 0, "132->133": 0, "133->132": 0, "133->134": 0, "134->133": 0, "134->135": 0, "135->134": 0, "134->136": 0, "136->134": 0, "136->137": 0, "137->136": 0, "136->138": 0, "138->136": 0, "134->139": 0, "139->134": 0, "48->140": 0, "140->48": 0, "140->141": 0, "141->140": 0, "141->142": 0, "142->141": 0, "141->143": 0, "143->141": 0, "140->144": 0, "144->140": 0, "144->145": 0, "145->144": 0, "145->146": 0, "146->145": 0, "145->147": 0, "147->145": 0, "147->148": 0, "148->147": 0, "145->149": 0, "149->145": 0, "149->150": 0, "150->149": 0, "145->151": 0, "151->145": 0, "140->152": 0, "152->140": 0, "152->153": 0, "153->152": 0, "153->154": 0, "154->153": 0, "22->155": 0, "155->22": 0, "155->156": 0, "156->155": 0, "156->157": 0, "157->156": 0, "156->158": 0, "158->156": 0, "158->159": 0, "159->158": 0, "158->160": 0, "160->158": 0, "156->161": 0, "161->156": 0, "161->162": 0, "162->161": 0, "155->163": 0, "163->155": 0, "163->164": 0, "164->163": 0, "164->165": 0, "165->164": 0, "165->166": 0, "166->165": 0, "166->167": 0, "167->166": 0, "165->168": 0, "168->165": 0, "168->169": 0, "169->168": 0, "168->170": 0, "170->168": 0, "170->171": 0, "171->170": 0, "171->172": 0, "172->171": 0, "170->173": 0, "173->170": 0, "173->174": 0, "174->173": 0, "173->175": 0, "175->173": 0, "168->176": 0, "176->168": 0, "165->177": 0, "177->165": 0, "155->178": 0, "178->155": 0, "178->179": 0, "179->178": 0, "179->180": 0, "180->179": 0, "180->181": 0, "181->180": 0, "179->182": 0, "182->179": 0, "182->183": 0, "183->182": 0, "182->184": 0, "184->182": 0, "184->185": 0, "185->184": 0, "184->186": 0, "186->184": 0, "186->187": 0, "187->186": 0, "184->188": 0, "188->184": 0, "188->189": 0, "189->188": 0, "188->190": 0, "190->188": 0, "190->191": 0, "191->190": 0, "188->192": 0, "192->188": 0, "178->193": 0, "193->178": 0, "193->194": 0, "194->193": 0, "194->195": 0, "195->194": 0, "194->196": 0, "196->194": 0, "196->197": 0, "197->196": 0, "194->198": 0, "198->194": 0, "178->199": 0, "199->178": 0, "199->200": 0, "200->199": 0, "200->201": 0, "201->200": 0, "201->202": 0, "202->201": 0, "202->203": 0, "203->202": 0, "200->204": 0, "204->200": 0, "204->205": 0, "205->204": 0, "200->206": 0, "206->200": 0, "178->207": 0, "207->178": 0, "207->208": 0, "208->207": 0, "208->209": 0, "209->208": 0, "209->210": 0, "210->209": 0, "208->211": 0, "211->208": 0, "211->212": 0, "212->211": 0, "18->213": 0, "213->18": 0, "213->214": 0, "214->213": 0, "214->215": 0, "215->214": 0, "215->216": 0, "216->215": 0, "216->217": 0, "217->216": 0, "215->218": 0, "218->215": 0, "218->219": 0, "219->218": 0, "215->220": 0, "220->215": 0, "0->221": 0, "221->0": 0, "221->222": 0, "222->221": 0, "222->223": 0, "223->222": 0, "1->3": 1, "3->1": 12, "3->5": 1, "5->3": 12, "5->6": 1, "6->5": 12, "6->10": 1, "10->6": 12, "10->11": 1, "11->10": 12, "11->18": 1, "18->11": 12, "18->221": 1, "221->18": 12, "7->9": 1, "9->7": 12, "12->14": 1, "14->12": 12, "15->16": 1, "16->15": 12, "19->22": 6, "22->19": 6, "22->213": 1, "213->22": 12, "23->30": 10, "30->23": 11, "30->37": 10, "37->30": 11, "37->48": 10, "48->37": 11, "48->155": 10, "155->48": 11, "24->26": 1, "26->24": 12, "27->28": 1, "28->27": 12, "31->33": 1, "33->31": 12, "34->35": 1, "35->34": 12, "38->43": 1, "43->38": 12, "39->40": 1, "40->39": 12, "44->45": 1, "45->44": 12, "49->63": 1, "63->49": 12, "63->75": 1, "75->63": 12, "75->93": 1, "93->75": 12, "93->140": 1, "140->93": 12, "50->53": 6, "53->50": 6, "51->52": 2, "52->51": 3, "56->57": 1, "57->56": 12, "57->62": 1, "62->57": 12, "58->59": 1, "59->58": 12, "59->61": 1, "61->59": 12, "65->67": 1, "67->65": 12, "67->74": 1, "74->67": 12, "68->70": 1, "70->68": 12, "71->73": 1, "73->71": 12, "76->82": 6, "82->76": 6, "77->78": 1, "78->77": 12, "78->80": 1, "80->78": 12, "85->87": 1, "87->85": 12, "87->92": 1, "92->87": 12, "88->90": 1, "90->88": 12, "94->102": 9, "102->94": 9, "95->100": 1, "100->95": 12, "96->98": 1, "98->96": 12, "103->113": 10, "113->103": 11, "105->107": 1, "107->105": 12, "107->112": 1, "112->107": 12, "108->109": 1, "109->108": 12, "109->111": 1, "111->109": 12, "114->122": 9, "122->114": 9, "115->120": 1, "120->115": 12, "116->118": 1, "118->116": 12, "124->132": 6, "132->124": 6, "125->126": 1, "126->125": 12, "126->128": 1, "128->126": 12, "128->131": 1, "131->128": 12, "129->130": 2, "130->129": 3, "135->136": 1, "136->135": 12, "136->139": 1, "139->136": 12, "137->138": 2, "138->137": 3, "141->144": 1, "144->141": 12, "144->152": 1, "152->144": 12, "142->143": 2, "143->142": 3, "146->147": 1, "147->146": 12, "147->149": 1, "149->147": 12, "149->151": 1, "151->149": 12, "156->163": 6, "163->156": 6, "163->178": 1, "178->163": 12, "157->158": 1, "158->157": 12, "158->161": 1, "161->158": 12, "159->160": 2, "160->159": 3, "166->168": 1, "168->166": 12, "168->177": 1, "177->168": 12, "169->170": 1, "170->169": 12, "170->176": 1, "176->170": 12, "171->173": 1, "173->171": 12, "174->175": 2, "175->174": 3, "179->193": 10, "193->179": 11, "193->199": 10, "199->193": 11, "199->207": 10, "207->199": 11, "180->182": 1, "182->180": 12, "183->184": 1, "184->183": 12, "185->186": 1, "186->185": 12, "186->188": 1, "188->186": 12, "189->190": 1, "190->189": 12, "190->192": 1, "192->190": 12, "195->196": 1, "196->195": 12, "196->198": 1, "198->196": 12, "201->204": 1, "204->201": 12, "204->206": 1, "206->204": 12, "209->211": 1, "211->209": 12, "216->218": 1, "218->216": 12, "218->220": 1, "220->218": 12, "19->213": 7, "213->19": 7, "156->178": 7, "178->156": 7, "2->4": 2, "4->2": 3, "4->5": 2, "5->4": 3, "5->8": 2, "8->5": 3, "8->9": 2, "9->8": 3, "9->10": 2, "10->9": 3, "10->13": 2, "13->10": 3, "13->15": 2, "15->13": 3, "15->17": 2, "17->15": 3, "17->21": 2, "21->17": 3, "21->25": 2, "25->21": 3, "25->27": 2, "27->25": 3, "27->29": 2, "29->27": 3, "29->32": 2, "32->29": 3, "32->34": 2, "34->32": 3, "34->36": 2, "36->34": 3, "36->39": 2, "39->36": 3, "39->42": 2, "42->39": 3, "42->44": 2, "44->42": 3, "44->47": 2, "47->44": 3, "47->51": 2, "51->47": 3, "52->56": 2, "56->52": 3, "56->58": 2, "58->56": 3, "58->60": 2, "60->58": 3, "60->61": 2, "61->60": 3, "61->62": 2, "62->61": 3, "62->66": 2, "66->62": 3, "66->69": 2, "69->66": 3, "69->72": 2, "72->69": 3, "72->73": 2, "73->72": 3, "73->74": 2, "74->73": 3, "74->77": 2, "77->74": 3, "77->79": 2, "79->77": 3, "79->81": 2, "81->79": 3, "81->86": 2, "86->81": 3, "86->89": 2, "89->86": 3, "89->91": 2, "91->89": 3, "91->92": 2, "92->91": 3, "92->97": 2, "97->92": 3, "97->99": 2, "99->97": 3, "99->101": 2, "101->99": 3, "101->106": 2, "106->101": 3, "106->108": 2, "108->106": 3, "108->110": 2, "110->108": 3, "110->111": 2, "111->110": 3, "111->112": 2, "112->111": 3, "112->117": 2, "117->112": 3, "117->119": 2, "119->117": 3, "119->121": 2, "121->119": 3, "121->125": 2, "125->121": 3, "125->127": 2, "127->125": 3, "127->129": 2, "129->127": 3, "130->131": 2, "131->130": 3, "131->135": 2, "135->131": 3, "135->137": 2, "137->135": 3, "138->139": 2, "139->138": 3, "139->142": 2, "142->139": 3, "143->146": 2, "146->143": 3, "146->148": 2, "148->146": 3, "148->150": 2, "150->148": 3, "150->151": 2, "151->150": 3, "151->154": 2, "154->151": 3, "154->157": 2, "157->154": 3, "157->159": 2, "159->157": 3, "160->162": 2, "162->160": 3, "162->167": 2, "167->162": 3, "167->169": 2, "169->167": 3, "169->172": 2, "172->169": 3, "172->174": 2, "174->172": 3, "175->176": 2, "176->175": 3, "176->177": 2, "177->176": 3, "177->181": 2, "181->177": 3, "181->183": 2, "183->181": 3, "183->185": 2, "185->183": 3, "185->187": 2, "187->185": 3, "187->189": 2, "189->187": 3, "189->191": 2, "191->189": 3, "191->192": 2, "192->191": 3, "192->195": 2, "195->192": 3, "195->197": 2, "197->195": 3, "197->198": 2, "198->197": 3, "198->203": 2, "203->198": 3, "203->205": 2, "205->203": 3, "205->206": 2, "206->205": 3, "206->210": 2, "210->206": 3, "210->212": 2, "212->210": 3, "212->217": 2, "217->212": 3, "217->219": 2, "219->217": 3, "219->220": 2, "220->219": 3, "220->223": 2, "223->220": 3, "66->79": 4, "79->66": 5, "79->86": 4, "86->79": 5, "86->121": 4, "121->86": 5, "72->106": 4, "106->72": 5, "101->191": 4, "191->101": 5, "191->219": 4, "219->191": 5, "150->154": 4, "154->150": 5, "167->217": 4, "217->167": 5, "217->223": 4, "223->217": 5, "197->212": 4, "212->197": 5}, "metrics": [42.0, 8.0, 1.0]}