{"nodelist": ["MethodDeclaration", "{'private'}", "private", "put", "FormalParameter", "{'final'}", "final", "ReferenceType", "Map", "TypeArgument", "BasicType", "byte", "TypeArgument", "ReferenceType", "List", "TypeArgument", "ReferenceType", "KeyValue", "familyMap", "FormalParameter", "BasicType", "boolean", "writeToWAL", "IOException", "LocalVariableDeclaration", "BasicType", "long", "VariableDeclarator", "now", "MethodInvocation", "EnvironmentEdgeManager", "currentTimeMillis", "LocalVariableDeclaration", "BasicType", "byte", "VariableDeclarator", "byteNow", "MethodInvocation", "Bytes", "MemberReference", "now", "toBytes", "LocalVariableDeclaration", "BasicType", "boolean", "VariableDeclarator", "flush", "Literal", "false", "StatementExpression", "This", "MemberReference", "updatesLock", "MethodInvocation", "readLock", "MethodInvocation", "lock", "TryStatement", "StatementExpression", "MethodInvocation", "MethodInvocation", "familyMap", "keySet", "checkFamilies", "StatementExpression", "MethodInvocation", "MethodInvocation", "familyMap", "values", "MemberReference", "byteNow", "updateKVTimestamps", "IfStatement", "MemberReference", "writeToWAL", "BlockStatement", "LocalVariableDeclaration", "ReferenceType", "WALEdit", "VariableDeclarator", "walEdit", "ClassCreator", "ReferenceType", "WALEdit", "StatementExpression", "MethodInvocation", "MemberReference", "familyMap", "MemberReference", "walEdit", "addFamilyMapToWALEdit", "StatementExpression", "This", "MemberReference", "log", "MethodInvocation", "MemberReference", "regionInfo", "MethodInvocation", "regionInfo", "MethodInvocation", "getName", "getTableDesc", "MemberReference", "walEdit", "MemberReference", "now", "append", "LocalVariableDeclaration", "BasicType", "long", "VariableDeclarator", "addedSize", "MethodInvocation", "MemberReference", "familyMap", "applyFamilyMapToMemstore", "StatementExpression", "Assignment", "MemberReference", "flush", "MethodInvocation", "MethodInvocation", "memstoreSize", "MemberReference", "addedSize", "addAndGet", "isFlushSize", "=", "StatementExpression", "This", "MemberReference", "updatesLock", "MethodInvocation", "readLock", "MethodInvocation", "unlock", "IfStatement", "MemberReference", "flush", "BlockStatement", "StatementExpression", "MethodInvocation", "requestFlush"], "nodes": {"0": "MethodDeclaration", "1": "Modifier", "2": "private", "3": "put", "4": "FormalParameter", "5": "Modifier", "6": "final", "7": "ReferenceType", "8": "Map", "9": "TypeArgument", "10": "BasicType", "11": "byte", "12": "TypeArgument", "13": "ReferenceType", "14": "List", "15": "TypeArgument", "16": "ReferenceType", "17": "KeyValue", "18": "familyMap", "19": "FormalParameter", "20": "BasicType", "21": "boolean", "22": "writeToWAL", "23": "IOException", "24": "LocalVariableDeclaration", "25": "BasicType", "26": "long", "27": "VariableDeclarator", "28": "now", "29": "MethodInvocation", "30": "EnvironmentEdgeManager", "31": "currentTimeMillis", "32": "LocalVariableDeclaration", "33": "BasicType", "34": "byte", "35": "VariableDeclarator", "36": "byteNow", "37": "MethodInvocation", "38": "Bytes", "39": "MemberReference", "40": "now", "41": "toBytes", "42": "LocalVariableDeclaration", "43": "BasicType", "44": "boolean", "45": "VariableDeclarator", "46": "flush", "47": "Literal", "48": "false", "49": "StatementExpression", "50": "This", "51": "MemberReference", "52": "updatesLock", "53": "MethodInvocation", "54": "readLock", "55": "MethodInvocation", "56": "lock", "57": "TryStatement", "58": "StatementExpression", "59": "MethodInvocation", "60": "MethodInvocation", "61": "familyMap", "62": "keySet", "63": "checkFamilies", "64": "StatementExpression", "65": "MethodInvocation", "66": "MethodInvocation", "67": "familyMap", "68": "values", "69": "MemberReference", "70": "byteNow", "71": "updateKVTimestamps", "72": "IfStatement", "73": "MemberReference", "74": "writeToWAL", "75": "BlockStatement", "76": "LocalVariableDeclaration", "77": "ReferenceType", "78": "WALEdit", "79": "VariableDeclarator", "80": "walEdit", "81": "ClassCreator", "82": "ReferenceType", "83": "WALEdit", "84": "StatementExpression", "85": "MethodInvocation", "86": "MemberReference", "87": "familyMap", "88": "MemberReference", "89": "walEdit", "90": "addFamilyMapToWALEdit", "91": "StatementExpression", "92": "This", "93": "MemberReference", "94": "log", "95": "MethodInvocation", "96": "MemberReference", "97": "regionInfo", "98": "MethodInvocation", "99": "regionInfo", "100": "MethodInvocation", "101": "getName", "102": "getTableDesc", "103": "MemberReference", "104": "walEdit", "105": "MemberReference", "106": "now", "107": "append", "108": "LocalVariableDeclaration", "109": "BasicType", "110": "long", "111": "VariableDeclarator", "112": "addedSize", "113": "MethodInvocation", "114": "MemberReference", "115": "familyMap", "116": "applyFamilyMapToMemstore", "117": "StatementExpression", "118": "Assignment", "119": "MemberReference", "120": "flush", "121": "MethodInvocation", "122": "MethodInvocation", "123": "memstoreSize", "124": "MemberReference", "125": "addedSize", "126": "addAndGet", "127": "isFlushSize", "128": "=", "129": "StatementExpression", "130": "This", "131": "MemberReference", "132": "updatesLock", "133": "MethodInvocation", "134": "readLock", "135": "MethodInvocation", "136": "unlock", "137": "IfStatement", "138": "MemberReference", "139": "flush", "140": "BlockStatement", "141": "StatementExpression", "142": "MethodInvocation", "143": "requestFlush"}, "edges": {"0->1": 0, "1->0": 0, "1->2": 0, "2->1": 0, "0->3": 0, "3->0": 0, "0->4": 0, "4->0": 0, "4->5": 0, "5->4": 0, "5->6": 0, "6->5": 0, "4->7": 0, "7->4": 0, "7->8": 0, "8->7": 0, "7->9": 0, "9->7": 0, "9->10": 0, "10->9": 0, "10->11": 0, "11->10": 0, "7->12": 0, "12->7": 0, "12->13": 0, "13->12": 0, "13->14": 0, "14->13": 0, "13->15": 0, "15->13": 0, "15->16": 0, "16->15": 0, "16->17": 0, "17->16": 0, "4->18": 0, "18->4": 0, "0->19": 0, "19->0": 0, "19->20": 0, "20->19": 0, "20->21": 0, "21->20": 0, "19->22": 0, "22->19": 0, "0->23": 0, "23->0": 0, "0->24": 0, "24->0": 0, "24->25": 0, "25->24": 0, "25->26": 0, "26->25": 0, "24->27": 0, "27->24": 0, "27->28": 0, "28->27": 0, "27->29": 0, "29->27": 0, "29->30": 0, "30->29": 0, "29->31": 0, "31->29": 0, "0->32": 0, "32->0": 0, "32->33": 0, "33->32": 0, "33->34": 0, "34->33": 0, "32->35": 0, "35->32": 0, "35->36": 0, "36->35": 0, "35->37": 0, "37->35": 0, "37->38": 0, "38->37": 0, "37->39": 0, "39->37": 0, "39->40": 0, "40->39": 0, "37->41": 0, "41->37": 0, "0->42": 0, "42->0": 0, "42->43": 0, "43->42": 0, "43->44": 0, "44->43": 0, "42->45": 0, "45->42": 0, "45->46": 0, "46->45": 0, "45->47": 0, "47->45": 0, "47->48": 0, "48->47": 0, "0->49": 0, "49->0": 0, "49->50": 0, "50->49": 0, "50->51": 0, "51->50": 0, "51->52": 0, "52->51": 0, "50->53": 0, "53->50": 0, "53->54": 0, "54->53": 0, "50->55": 0, "55->50": 0, "55->56": 0, "56->55": 0, "0->57": 0, "57->0": 0, "57->58": 0, "58->57": 0, "58->59": 0, "59->58": 0, "59->60": 0, "60->59": 0, "60->61": 0, "61->60": 0, "60->62": 0, "62->60": 0, "59->63": 0, "63->59": 0, "57->64": 0, "64->57": 0, "64->65": 0, "65->64": 0, "65->66": 0, "66->65": 0, "66->67": 0, "67->66": 0, "66->68": 0, "68->66": 0, "65->69": 0, "69->65": 0, "69->70": 0, "70->69": 0, "65->71": 0, "71->65": 0, "57->72": 0, "72->57": 0, "72->73": 0, "73->72": 0, "73->74": 0, "74->73": 0, "72->75": 0, "75->72": 0, "75->76": 0, "76->75": 0, "76->77": 0, "77->76": 0, "77->78": 0, "78->77": 0, "76->79": 0, "79->76": 0, "79->80": 0, "80->79": 0, "79->81": 0, "81->79": 0, "81->82": 0, "82->81": 0, "82->83": 0, "83->82": 0, "75->84": 0, "84->75": 0, "84->85": 0, "85->84": 0, "85->86": 0, "86->85": 0, "86->87": 0, "87->86": 0, "85->88": 0, "88->85": 0, "88->89": 0, "89->88": 0, "85->90": 0, "90->85": 0, "75->91": 0, "91->75": 0, "91->92": 0, "92->91": 0, "92->93": 0, "93->92": 0, "93->94": 0, "94->93": 0, "92->95": 0, "95->92": 0, "95->96": 0, "96->95": 0, "96->97": 0, "97->96": 0, "95->98": 0, "98->95": 0, "98->99": 0, "99->98": 0, "98->100": 0, "100->98": 0, "100->101": 0, "101->100": 0, "98->102": 0, "102->98": 0, "95->103": 0, "103->95": 0, "103->104": 0, "104->103": 0, "95->105": 0, "105->95": 0, "105->106": 0, "106->105": 0, "95->107": 0, "107->95": 0, "57->108": 0, "108->57": 0, "108->109": 0, "109->108": 0, "109->110": 0, "110->109": 0, "108->111": 0, "111->108": 0, "111->112": 0, "112->111": 0, "111->113": 0, "113->111": 0, "113->114": 0, "114->113": 0, "114->115": 0, "115->114": 0, "113->116": 0, "116->113": 0, "57->117": 0, "117->57": 0, "117->118": 0, "118->117": 0, "118->119": 0, "119->118": 0, "119->120": 0, "120->119": 0, "118->121": 0, "121->118": 0, "121->122": 0, "122->121": 0, "122->123": 0, "123->122": 0, "122->124": 0, "124->122": 0, "124->125": 0, "125->124": 0, "122->126": 0, "126->122": 0, "121->127": 0, "127->121": 0, "118->128": 0, "128->118": 0, "57->129": 0, "129->57": 0, "129->130": 0, "130->129": 0, "130->131": 0, "131->130": 0, "131->132": 0, "132->131": 0, "130->133": 0, "133->130": 0, "133->134": 0, "134->133": 0, "130->135": 0, "135->130": 0, "135->136": 0, "136->135": 0, "0->137": 0, "137->0": 0, "137->138": 0, "138->137": 0, "138->139": 0, "139->138": 0, "137->140": 0, "140->137": 0, "140->141": 0, "141->140": 0, "141->142": 0, "142->141": 0, "142->143": 0, "143->142": 0, "1->3": 1, "3->1": 12, "3->4": 1, "4->3": 12, "4->19": 1, "19->4": 12, "19->23": 1, "23->19": 12, "23->24": 1, "24->23": 12, "24->32": 1, "32->24": 12, "32->42": 1, "42->32": 12, "42->49": 1, "49->42": 12, "49->57": 1, "57->49": 12, "57->137": 1, "137->57": 12, "5->7": 1, "7->5": 12, "7->18": 1, "18->7": 12, "8->9": 1, "9->8": 12, "9->12": 1, "12->9": 12, "14->15": 1, "15->14": 12, "20->22": 1, "22->20": 12, "25->27": 1, "27->25": 12, "28->29": 1, "29->28": 12, "30->31": 2, "31->30": 3, "33->35": 1, "35->33": 12, "36->37": 1, "37->36": 12, "38->39": 1, "39->38": 12, "39->41": 1, "41->39": 12, "43->45": 1, "45->43": 12, "46->47": 1, "47->46": 12, "51->53": 1, "53->51": 12, "53->55": 1, "55->53": 12, "58->64": 1, "64->58": 12, "64->72": 1, "72->64": 12, "72->108": 1, "108->72": 12, "108->117": 1, "117->108": 12, "117->129": 1, "129->117": 12, "60->63": 1, "63->60": 12, "61->62": 2, "62->61": 3, "66->69": 1, "69->66": 12, "69->71": 1, "71->69": 12, "67->68": 2, "68->67": 3, "73->75": 6, "75->73": 6, "76->84": 10, "84->76": 11, "84->91": 10, "91->84": 11, "77->79": 1, "79->77": 12, "80->81": 1, "81->80": 12, "86->88": 1, "88->86": 12, "88->90": 1, "90->88": 12, "93->95": 1, "95->93": 12, "96->98": 1, "98->96": 12, "98->103": 1, "103->98": 12, "103->105": 1, "105->103": 12, "105->107": 1, "107->105": 12, "99->100": 1, "100->99": 12, "100->102": 1, "102->100": 12, "109->111": 1, "111->109": 12, "112->113": 1, "113->112": 12, "114->116": 1, "116->114": 12, "119->121": 1, "121->119": 12, "121->128": 1, "128->121": 12, "122->127": 1, "127->122": 12, "123->124": 1, "124->123": 12, "124->126": 1, "126->124": 12, "131->133": 1, "133->131": 12, "133->135": 1, "135->133": 12, "138->140": 6, "140->138": 6, "2->3": 2, "3->2": 3, "3->6": 2, "6->3": 3, "6->8": 2, "8->6": 3, "8->11": 2, "11->8": 3, "11->14": 2, "14->11": 3, "14->17": 2, "17->14": 3, "17->18": 2, "18->17": 3, "18->21": 2, "21->18": 3, "21->22": 2, "22->21": 3, "22->23": 2, "23->22": 3, "23->26": 2, "26->23": 3, "26->28": 2, "28->26": 3, "28->30": 2, "30->28": 3, "31->34": 2, "34->31": 3, "34->36": 2, "36->34": 3, "36->38": 2, "38->36": 3, "38->40": 2, "40->38": 3, "40->41": 2, "41->40": 3, "41->44": 2, "44->41": 3, "44->46": 2, "46->44": 3, "46->48": 2, "48->46": 3, "48->52": 2, "52->48": 3, "52->54": 2, "54->52": 3, "54->56": 2, "56->54": 3, "56->61": 2, "61->56": 3, "62->63": 2, "63->62": 3, "63->67": 2, "67->63": 3, "68->70": 2, "70->68": 3, "70->71": 2, "71->70": 3, "71->74": 2, "74->71": 3, "74->78": 2, "78->74": 3, "78->80": 2, "80->78": 3, "80->83": 2, "83->80": 3, "83->87": 2, "87->83": 3, "87->89": 2, "89->87": 3, "89->90": 2, "90->89": 3, "90->94": 2, "94->90": 3, "94->97": 2, "97->94": 3, "97->99": 2, "99->97": 3, "99->101": 2, "101->99": 3, "101->102": 2, "102->101": 3, "102->104": 2, "104->102": 3, "104->106": 2, "106->104": 3, "106->107": 2, "107->106": 3, "107->110": 2, "110->107": 3, "110->112": 2, "112->110": 3, "112->115": 2, "115->112": 3, "115->116": 2, "116->115": 3, "116->120": 2, "120->116": 3, "120->123": 2, "123->120": 3, "123->125": 2, "125->123": 3, "125->126": 2, "126->125": 3, "126->127": 2, "127->126": 3, "127->128": 2, "128->127": 3, "128->132": 2, "132->128": 3, "132->134": 2, "134->132": 3, "134->136": 2, "136->134": 3, "136->139": 2, "139->136": 3, "139->143": 2, "143->139": 3, "40->106": 4, "106->40": 5, "52->132": 4, "132->52": 5, "87->115": 4, "115->87": 5, "89->104": 4, "104->89": 5, "120->139": 4, "139->120": 5}, "metrics": [23.0, 3.0, 2.0]}