{"nodelist": ["ConstructorDeclaration", "{'public'}", "public", "mutateRows_args", "FormalParameter", "ReferenceType", "mutateRows_args", "other", "IfStatement", "MethodInvocation", "other", "isSetTableName", "BlockStatement", "StatementExpression", "Assignment", "This", "MemberReference", "tableName", "MemberReference", "other", "tableName", "=", "IfStatement", "MethodInvocation", "other", "isSetRowBatches", "BlockStatement", "LocalVariableDeclaration", "ReferenceType", "List", "TypeArgument", "ReferenceType", "BatchMutation", "VariableDeclarator", "__this__rowBatches", "ClassCreator", "ReferenceType", "ArrayList", "TypeArgument", "ReferenceType", "BatchMutation", "MethodInvocation", "other.rowBatches", "size", "ForStatement", "EnhancedForControl", "VariableDeclaration", "ReferenceType", "BatchMutation", "VariableDeclarator", "other_element", "MemberReference", "other", "rowBatches", "BlockStatement", "StatementExpression", "MethodInvocation", "__this__rowBatches", "ClassCreator", "ReferenceType", "BatchMutation", "MemberReference", "other_element", "add", "StatementExpression", "Assignment", "This", "MemberReference", "rowBatches", "MemberReference", "__this__rowBatches", "=", "IfStatement", "MethodInvocation", "other", "isSetAttributes", "BlockStatement", "LocalVariableDeclaration", "ReferenceType", "Map", "TypeArgument", "ReferenceType", "ByteBuffer", "TypeArgument", "ReferenceType", "ByteBuffer", "VariableDeclarator", "__this__attributes", "ClassCreator", "ReferenceType", "HashMap", "TypeArgument", "ReferenceType", "ByteBuffer", "TypeArgument", "ReferenceType", "ByteBuffer", "MethodInvocation", "other.attributes", "size", "ForStatement", "EnhancedForControl", "VariableDeclaration", "ReferenceType", "Map", "ReferenceType", "Entry", "TypeArgument", "ReferenceType", "ByteBuffer", "TypeArgument", "ReferenceType", "ByteBuffer", "VariableDeclarator", "other_element", "MethodInvocation", "other.attributes", "entrySet", "BlockStatement", "LocalVariableDeclaration", "ReferenceType", "ByteBuffer", "VariableDeclarator", "other_element_key", "MethodInvocation", "other_element", "getKey", "LocalVariableDeclaration", "ReferenceType", "ByteBuffer", "VariableDeclarator", "other_element_value", "MethodInvocation", "other_element", "getValue", "LocalVariableDeclaration", "ReferenceType", "ByteBuffer", "VariableDeclarator", "__this__attributes_copy_key", "MemberReference", "other_element_key", "LocalVariableDeclaration", "ReferenceType", "ByteBuffer", "VariableDeclarator", "__this__attributes_copy_value", "MemberReference", "other_element_value", "StatementExpression", "MethodInvocation", "__this__attributes", "MemberReference", "__this__attributes_copy_key", "MemberReference", "__this__attributes_copy_value", "put", "StatementExpression", "Assignment", "This", "MemberReference", "attributes", "MemberReference", "__this__attributes", "="], "nodes": {"0": "ConstructorDeclaration", "1": "Modifier", "2": "public", "3": "mutateRows_args", "4": "FormalParameter", "5": "ReferenceType", "6": "mutateRows_args", "7": "other", "8": "IfStatement", "9": "MethodInvocation", "10": "other", "11": "isSetTableName", "12": "BlockStatement", "13": "StatementExpression", "14": "Assignment", "15": "This", "16": "MemberReference", "17": "tableName", "18": "MemberReference", "19": "other", "20": "tableName", "21": "=", "22": "IfStatement", "23": "MethodInvocation", "24": "other", "25": "isSetRowBatches", "26": "BlockStatement", "27": "LocalVariableDeclaration", "28": "ReferenceType", "29": "List", "30": "TypeArgument", "31": "ReferenceType", "32": "BatchMutation", "33": "VariableDeclarator", "34": "__this__rowBatches", "35": "ClassCreator", "36": "ReferenceType", "37": "ArrayList", "38": "TypeArgument", "39": "ReferenceType", "40": "BatchMutation", "41": "MethodInvocation", "42": "other.rowBatches", "43": "size", "44": "ForStatement", "45": "EnhancedForControl", "46": "VariableDeclaration", "47": "ReferenceType", "48": "BatchMutation", "49": "VariableDeclarator", "50": "other_element", "51": "MemberReference", "52": "other", "53": "rowBatches", "54": "BlockStatement", "55": "StatementExpression", "56": "MethodInvocation", "57": "__this__rowBatches", "58": "ClassCreator", "59": "ReferenceType", "60": "BatchMutation", "61": "MemberReference", "62": "other_element", "63": "add", "64": "StatementExpression", "65": "Assignment", "66": "This", "67": "MemberReference", "68": "rowBatches", "69": "MemberReference", "70": "__this__rowBatches", "71": "=", "72": "IfStatement", "73": "MethodInvocation", "74": "other", "75": "isSetAttributes", "76": "BlockStatement", "77": "LocalVariableDeclaration", "78": "ReferenceType", "79": "Map", "80": "TypeArgument", "81": "ReferenceType", "82": "ByteBuffer", "83": "TypeArgument", "84": "ReferenceType", "85": "ByteBuffer", "86": "VariableDeclarator", "87": "__this__attributes", "88": "ClassCreator", "89": "ReferenceType", "90": "HashMap", "91": "TypeArgument", "92": "ReferenceType", "93": "ByteBuffer", "94": "TypeArgument", "95": "ReferenceType", "96": "ByteBuffer", "97": "MethodInvocation", "98": "other.attributes", "99": "size", "100": "ForStatement", "101": "EnhancedForControl", "102": "VariableDeclaration", "103": "ReferenceType", "104": "Map", "105": "ReferenceType", "106": "Entry", "107": "TypeArgument", "108": "ReferenceType", "109": "ByteBuffer", "110": "TypeArgument", "111": "ReferenceType", "112": "ByteBuffer", "113": "VariableDeclarator", "114": "other_element", "115": "MethodInvocation", "116": "other.attributes", "117": "entrySet", "118": "BlockStatement", "119": "LocalVariableDeclaration", "120": "ReferenceType", "121": "ByteBuffer", "122": "VariableDeclarator", "123": "other_element_key", "124": "MethodInvocation", "125": "other_element", "126": "getKey", "127": "LocalVariableDeclaration", "128": "ReferenceType", "129": "ByteBuffer", "130": "VariableDeclarator", "131": "other_element_value", "132": "MethodInvocation", "133": "other_element", "134": "getValue", "135": "LocalVariableDeclaration", "136": "ReferenceType", "137": "ByteBuffer", "138": "VariableDeclarator", "139": "__this__attributes_copy_key", "140": "MemberReference", "141": "other_element_key", "142": "LocalVariableDeclaration", "143": "ReferenceType", "144": "ByteBuffer", "145": "VariableDeclarator", "146": "__this__attributes_copy_value", "147": "MemberReference", "148": "other_element_value", "149": "StatementExpression", "150": "MethodInvocation", "151": "__this__attributes", "152": "MemberReference", "153": "__this__attributes_copy_key", "154": "MemberReference", "155": "__this__attributes_copy_value", "156": "put", "157": "StatementExpression", "158": "Assignment", "159": "This", "160": "MemberReference", "161": "attributes", "162": "MemberReference", "163": "__this__attributes", "164": "="}, "edges": {"0->1": 0, "1->0": 0, "1->2": 0, "2->1": 0, "0->3": 0, "3->0": 0, "0->4": 0, "4->0": 0, "4->5": 0, "5->4": 0, "5->6": 0, "6->5": 0, "4->7": 0, "7->4": 0, "0->8": 0, "8->0": 0, "8->9": 0, "9->8": 0, "9->10": 0, "10->9": 0, "9->11": 0, "11->9": 0, "8->12": 0, "12->8": 0, "12->13": 0, "13->12": 0, "13->14": 0, "14->13": 0, "14->15": 0, "15->14": 0, "15->16": 0, "16->15": 0, "16->17": 0, "17->16": 0, "14->18": 0, "18->14": 0, "18->19": 0, "19->18": 0, "18->20": 0, "20->18": 0, "14->21": 0, "21->14": 0, "0->22": 0, "22->0": 0, "22->23": 0, "23->22": 0, "23->24": 0, "24->23": 0, "23->25": 0, "25->23": 0, "22->26": 0, "26->22": 0, "26->27": 0, "27->26": 0, "27->28": 0, "28->27": 0, "28->29": 0, "29->28": 0, "28->30": 0, "30->28": 0, "30->31": 0, "31->30": 0, "31->32": 0, "32->31": 0, "27->33": 0, "33->27": 0, "33->34": 0, "34->33": 0, "33->35": 0, "35->33": 0, "35->36": 0, "36->35": 0, "36->37": 0, "37->36": 0, "36->38": 0, "38->36": 0, "38->39": 0, "39->38": 0, "39->40": 0, "40->39": 0, "35->41": 0, "41->35": 0, "41->42": 0, "42->41": 0, "41->43": 0, "43->41": 0, "26->44": 0, "44->26": 0, "44->45": 0, "45->44": 0, "45->46": 0, "46->45": 0, "46->47": 0, "47->46": 0, "47->48": 0, "48->47": 0, "46->49": 0, "49->46": 0, "49->50": 0, "50->49": 0, "45->51": 0, "51->45": 0, "51->52": 0, "52->51": 0, "51->53": 0, "53->51": 0, "44->54": 0, "54->44": 0, "54->55": 0, "55->54": 0, "55->56": 0, "56->55": 0, "56->57": 0, "57->56": 0, "56->58": 0, "58->56": 0, "58->59": 0, "59->58": 0, "59->60": 0, "60->59": 0, "58->61": 0, "61->58": 0, "61->62": 0, "62->61": 0, "56->63": 0, "63->56": 0, "26->64": 0, "64->26": 0, "64->65": 0, "65->64": 0, "65->66": 0, "66->65": 0, "66->67": 0, "67->66": 0, "67->68": 0, "68->67": 0, "65->69": 0, "69->65": 0, "69->70": 0, "70->69": 0, "65->71": 0, "71->65": 0, "0->72": 0, "72->0": 0, "72->73": 0, "73->72": 0, "73->74": 0, "74->73": 0, "73->75": 0, "75->73": 0, "72->76": 0, "76->72": 0, "76->77": 0, "77->76": 0, "77->78": 0, "78->77": 0, "78->79": 0, "79->78": 0, "78->80": 0, "80->78": 0, "80->81": 0, "81->80": 0, "81->82": 0, "82->81": 0, "78->83": 0, "83->78": 0, "83->84": 0, "84->83": 0, "84->85": 0, "85->84": 0, "77->86": 0, "86->77": 0, "86->87": 0, "87->86": 0, "86->88": 0, "88->86": 0, "88->89": 0, "89->88": 0, "89->90": 0, "90->89": 0, "89->91": 0, "91->89": 0, "91->92": 0, "92->91": 0, "92->93": 0, "93->92": 0, "89->94": 0, "94->89": 0, "94->95": 0, "95->94": 0, "95->96": 0, "96->95": 0, "88->97": 0, "97->88": 0, "97->98": 0, "98->97": 0, "97->99": 0, "99->97": 0, "76->100": 0, "100->76": 0, "100->101": 0, "101->100": 0, "101->102": 0, "102->101": 0, "102->103": 0, "103->102": 0, "103->104": 0, "104->103": 0, "103->105": 0, "105->103": 0, "105->106": 0, "106->105": 0, "105->107": 0, "107->105": 0, "107->108": 0, "108->107": 0, "108->109": 0, "109->108": 0, "105->110": 0, "110->105": 0, "110->111": 0, "111->110": 0, "111->112": 0, "112->111": 0, "102->113": 0, "113->102": 0, "113->114": 0, "114->113": 0, "101->115": 0, "115->101": 0, "115->116": 0, "116->115": 0, "115->117": 0, "117->115": 0, "100->118": 0, "118->100": 0, "118->119": 0, "119->118": 0, "119->120": 0, "120->119": 0, "120->121": 0, "121->120": 0, "119->122": 0, "122->119": 0, "122->123": 0, "123->122": 0, "122->124": 0, "124->122": 0, "124->125": 0, "125->124": 0, "124->126": 0, "126->124": 0, "118->127": 0, "127->118": 0, "127->128": 0, "128->127": 0, "128->129": 0, "129->128": 0, "127->130": 0, "130->127": 0, "130->131": 0, "131->130": 0, "130->132": 0, "132->130": 0, "132->133": 0, "133->132": 0, "132->134": 0, "134->132": 0, "118->135": 0, "135->118": 0, "135->136": 0, "136->135": 0, "136->137": 0, "137->136": 0, "135->138": 0, "138->135": 0, "138->139": 0, "139->138": 0, "138->140": 0, "140->138": 0, "140->141": 0, "141->140": 0, "118->142": 0, "142->118": 0, "142->143": 0, "143->142": 0, "143->144": 0, "144->143": 0, "142->145": 0, "145->142": 0, "145->146": 0, "146->145": 0, "145->147": 0, "147->145": 0, "147->148": 0, "148->147": 0, "118->149": 0, "149->118": 0, "149->150": 0, "150->149": 0, "150->151": 0, "151->150": 0, "150->152": 0, "152->150": 0, "152->153": 0, "153->152": 0, "150->154": 0, "154->150": 0, "154->155": 0, "155->154": 0, "150->156": 0, "156->150": 0, "76->157": 0, "157->76": 0, "157->158": 0, "158->157": 0, "158->159": 0, "159->158": 0, "159->160": 0, "160->159": 0, "160->161": 0, "161->160": 0, "158->162": 0, "162->158": 0, "162->163": 0, "163->162": 0, "158->164": 0, "164->158": 0, "1->3": 1, "3->1": 12, "3->4": 1, "4->3": 12, "4->8": 1, "8->4": 12, "8->22": 1, "22->8": 12, "22->72": 1, "72->22": 12, "5->7": 1, "7->5": 12, "9->12": 6, "12->9": 6, "10->11": 2, "11->10": 3, "15->18": 1, "18->15": 12, "18->21": 1, "21->18": 12, "19->20": 2, "20->19": 3, "23->26": 6, "26->23": 6, "24->25": 2, "25->24": 3, "27->44": 10, "44->27": 11, "44->64": 10, "64->44": 11, "28->33": 1, "33->28": 12, "29->30": 1, "30->29": 12, "34->35": 1, "35->34": 12, "36->41": 1, "41->36": 12, "37->38": 1, "38->37": 12, "42->43": 2, "43->42": 3, "45->54": 9, "54->45": 9, "46->51": 1, "51->46": 12, "47->49": 1, "49->47": 12, "52->53": 2, "53->52": 3, "57->58": 1, "58->57": 12, "58->63": 1, "63->58": 12, "59->61": 1, "61->59": 12, "66->69": 1, "69->66": 12, "69->71": 1, "71->69": 12, "73->76": 6, "76->73": 6, "74->75": 2, "75->74": 3, "77->100": 10, "100->77": 11, "100->157": 10, "157->100": 11, "78->86": 1, "86->78": 12, "79->80": 1, "80->79": 12, "80->83": 1, "83->80": 12, "87->88": 1, "88->87": 12, "89->97": 1, "97->89": 12, "90->91": 1, "91->90": 12, "91->94": 1, "94->91": 12, "98->99": 2, "99->98": 3, "101->118": 9, "118->101": 9, "102->115": 1, "115->102": 12, "103->113": 1, "113->103": 12, "104->105": 1, "105->104": 12, "106->107": 1, "107->106": 12, "107->110": 1, "110->107": 12, "116->117": 2, "117->116": 3, "119->127": 10, "127->119": 11, "127->135": 10, "135->127": 11, "135->142": 10, "142->135": 11, "142->149": 10, "149->142": 11, "120->122": 1, "122->120": 12, "123->124": 1, "124->123": 12, "125->126": 2, "126->125": 3, "128->130": 1, "130->128": 12, "131->132": 1, "132->131": 12, "133->134": 2, "134->133": 3, "136->138": 1, "138->136": 12, "139->140": 1, "140->139": 12, "143->145": 1, "145->143": 12, "146->147": 1, "147->146": 12, "151->152": 1, "152->151": 12, "152->154": 1, "154->152": 12, "154->156": 1, "156->154": 12, "159->162": 1, "162->159": 12, "162->164": 1, "164->162": 12, "2->3": 2, "3->2": 3, "3->6": 2, "6->3": 3, "6->7": 2, "7->6": 3, "7->10": 2, "10->7": 3, "11->17": 2, "17->11": 3, "17->19": 2, "19->17": 3, "20->21": 2, "21->20": 3, "21->24": 2, "24->21": 3, "25->29": 2, "29->25": 3, "29->32": 2, "32->29": 3, "32->34": 2, "34->32": 3, "34->37": 2, "37->34": 3, "37->40": 2, "40->37": 3, "40->42": 2, "42->40": 3, "43->48": 2, "48->43": 3, "48->50": 2, "50->48": 3, "50->52": 2, "52->50": 3, "53->57": 2, "57->53": 3, "57->60": 2, "60->57": 3, "60->62": 2, "62->60": 3, "62->63": 2, "63->62": 3, "63->68": 2, "68->63": 3, "68->70": 2, "70->68": 3, "70->71": 2, "71->70": 3, "71->74": 2, "74->71": 3, "75->79": 2, "79->75": 3, "79->82": 2, "82->79": 3, "82->85": 2, "85->82": 3, "85->87": 2, "87->85": 3, "87->90": 2, "90->87": 3, "90->93": 2, "93->90": 3, "93->96": 2, "96->93": 3, "96->98": 2, "98->96": 3, "99->104": 2, "104->99": 3, "104->106": 2, "106->104": 3, "106->109": 2, "109->106": 3, "109->112": 2, "112->109": 3, "112->114": 2, "114->112": 3, "114->116": 2, "116->114": 3, "117->121": 2, "121->117": 3, "121->123": 2, "123->121": 3, "123->125": 2, "125->123": 3, "126->129": 2, "129->126": 3, "129->131": 2, "131->129": 3, "131->133": 2, "133->131": 3, "134->137": 2, "137->134": 3, "137->139": 2, "139->137": 3, "139->141": 2, "141->139": 3, "141->144": 2, "144->141": 3, "144->146": 2, "146->144": 3, "146->148": 2, "148->146": 3, "148->151": 2, "151->148": 3, "151->153": 2, "153->151": 3, "153->155": 2, "155->153": 3, "155->156": 2, "156->155": 3, "156->161": 2, "161->156": 3, "161->163": 2, "163->161": 3, "163->164": 2, "164->163": 3, "17->20": 4, "20->17": 5, "53->68": 4, "68->53": 5}, "metrics": [23.0, 6.0, 1.0]}