{"nodelist": ["MethodDeclaration", "{'private'}", "private", "watchForAbortedProcedures", "StatementExpression", "MethodInvocation", "LOG", "BinaryOperation", "+", "BinaryOperation", "+", "Literal", "\"Checking for aborted procedures on node: '\"", "MethodInvocation", "zkController", "getAbortZnode", "Literal", "\"'\"", "debug", "TryStatement", "ForStatement", "EnhancedForControl", "VariableDeclaration", "ReferenceType", "String", "VariableDeclarator", "node", "MethodInvocation", "ZKUtil", "MethodInvocation", "zkController", "getWatcher", "MethodInvocation", "zkController", "getAbortZnode", "listChildrenAndWatchForNewChildren", "BlockStatement", "LocalVariableDeclaration", "ReferenceType", "String", "VariableDeclarator", "abortNode", "MethodInvocation", "ZKUtil", "MethodInvocation", "zkController", "getAbortZnode", "MemberReference", "node", "joinZNode", "StatementExpression", "MethodInvocation", "MemberReference", "abortNode", "abort", "CatchClause", "CatchClauseParameter", "KeeperException", "e", "StatementExpression", "MethodInvocation", "member", "BinaryOperation", "+", "Literal", "\"Failed to list children for abort node:\"", "MethodInvocation", "zkController", "getAbortZnode", "ClassCreator", "ReferenceType", "IOException", "MemberReference", "e", "controllerConnectionFailure"], "nodes": {"0": "MethodDeclaration", "1": "Modifier", "2": "private", "3": "watchForAbortedProcedures", "4": "StatementExpression", "5": "MethodInvocation", "6": "LOG", "7": "BinaryOperation", "8": "+", "9": "BinaryOperation", "10": "+", "11": "Literal", "12": "\"Checking for aborted procedures on node: '\"", "13": "MethodInvocation", "14": "zkController", "15": "getAbortZnode", "16": "Literal", "17": "\"'\"", "18": "debug", "19": "TryStatement", "20": "ForStatement", "21": "EnhancedForControl", "22": "VariableDeclaration", "23": "ReferenceType", "24": "String", "25": "VariableDeclarator", "26": "node", "27": "MethodInvocation", "28": "ZKUtil", "29": "MethodInvocation", "30": "zkController", "31": "getWatcher", "32": "MethodInvocation", "33": "zkController", "34": "getAbortZnode", "35": "listChildrenAndWatchForNewChildren", "36": "BlockStatement", "37": "LocalVariableDeclaration", "38": "ReferenceType", "39": "String", "40": "VariableDeclarator", "41": "abortNode", "42": "MethodInvocation", "43": "ZKUtil", "44": "MethodInvocation", "45": "zkController", "46": "getAbortZnode", "47": "MemberReference", "48": "node", "49": "joinZNode", "50": "StatementExpression", "51": "MethodInvocation", "52": "MemberReference", "53": "abortNode", "54": "abort", "55": "CatchClause", "56": "CatchClauseParameter", "57": "KeeperException", "58": "e", "59": "StatementExpression", "60": "MethodInvocation", "61": "member", "62": "BinaryOperation", "63": "+", "64": "Literal", "65": "\"Failed to list children for abort node:\"", "66": "MethodInvocation", "67": "zkController", "68": "getAbortZnode", "69": "ClassCreator", "70": "ReferenceType", "71": "IOException", "72": "MemberReference", "73": "e", "74": "controllerConnectionFailure"}, "edges": {"0->1": 0, "1->0": 0, "1->2": 0, "2->1": 0, "0->3": 0, "3->0": 0, "0->4": 0, "4->0": 0, "4->5": 0, "5->4": 0, "5->6": 0, "6->5": 0, "5->7": 0, "7->5": 0, "7->8": 0, "8->7": 0, "7->9": 0, "9->7": 0, "9->10": 0, "10->9": 0, "9->11": 0, "11->9": 0, "11->12": 0, "12->11": 0, "9->13": 0, "13->9": 0, "13->14": 0, "14->13": 0, "13->15": 0, "15->13": 0, "7->16": 0, "16->7": 0, "16->17": 0, "17->16": 0, "5->18": 0, "18->5": 0, "0->19": 0, "19->0": 0, "19->20": 0, "20->19": 0, "20->21": 0, "21->20": 0, "21->22": 0, "22->21": 0, "22->23": 0, "23->22": 0, "23->24": 0, "24->23": 0, "22->25": 0, "25->22": 0, "25->26": 0, "26->25": 0, "21->27": 0, "27->21": 0, "27->28": 0, "28->27": 0, "27->29": 0, "29->27": 0, "29->30": 0, "30->29": 0, "29->31": 0, "31->29": 0, "27->32": 0, "32->27": 0, "32->33": 0, "33->32": 0, "32->34": 0, "34->32": 0, "27->35": 0, "35->27": 0, "20->36": 0, "36->20": 0, "36->37": 0, "37->36": 0, "37->38": 0, "38->37": 0, "38->39": 0, "39->38": 0, "37->40": 0, "40->37": 0, "40->41": 0, "41->40": 0, "40->42": 0, "42->40": 0, "42->43": 0, "43->42": 0, "42->44": 0, "44->42": 0, "44->45": 0, "45->44": 0, "44->46": 0, "46->44": 0, "42->47": 0, "47->42": 0, "47->48": 0, "48->47": 0, "42->49": 0, "49->42": 0, "36->50": 0, "50->36": 0, "50->51": 0, "51->50": 0, "51->52": 0, "52->51": 0, "52->53": 0, "53->52": 0, "51->54": 0, "54->51": 0, "19->55": 0, "55->19": 0, "55->56": 0, "56->55": 0, "56->57": 0, "57->56": 0, "56->58": 0, "58->56": 0, "55->59": 0, "59->55": 0, "59->60": 0, "60->59": 0, "60->61": 0, "61->60": 0, "60->62": 0, "62->60": 0, "62->63": 0, "63->62": 0, "62->64": 0, "64->62": 0, "64->65": 0, "65->64": 0, "62->66": 0, "66->62": 0, "66->67": 0, "67->66": 0, "66->68": 0, "68->66": 0, "60->69": 0, "69->60": 0, "69->70": 0, "70->69": 0, "70->71": 0, "71->70": 0, "69->72": 0, "72->69": 0, "72->73": 0, "73->72": 0, "60->74": 0, "74->60": 0, "1->3": 1, "3->1": 12, "3->4": 1, "4->3": 12, "4->19": 1, "19->4": 12, "6->7": 1, "7->6": 12, "7->18": 1, "18->7": 12, "8->9": 1, "9->8": 12, "9->16": 1, "16->9": 12, "10->11": 1, "11->10": 12, "11->13": 1, "13->11": 12, "14->15": 2, "15->14": 3, "20->55": 1, "55->20": 12, "21->36": 9, "36->21": 9, "22->27": 1, "27->22": 12, "23->25": 1, "25->23": 12, "28->29": 1, "29->28": 12, "29->32": 1, "32->29": 12, "32->35": 1, "35->32": 12, "30->31": 2, "31->30": 3, "33->34": 2, "34->33": 3, "37->50": 10, "50->37": 11, "38->40": 1, "40->38": 12, "41->42": 1, "42->41": 12, "43->44": 1, "44->43": 12, "44->47": 1, "47->44": 12, "47->49": 1, "49->47": 12, "45->46": 2, "46->45": 3, "52->54": 1, "54->52": 12, "56->59": 1, "59->56": 12, "57->58": 2, "58->57": 3, "61->62": 1, "62->61": 12, "62->69": 1, "69->62": 12, "69->74": 1, "74->69": 12, "63->64": 1, "64->63": 12, "64->66": 1, "66->64": 12, "67->68": 2, "68->67": 3, "70->72": 1, "72->70": 12, "2->3": 2, "3->2": 3, "3->6": 2, "6->3": 3, "6->8": 2, "8->6": 3, "8->10": 2, "10->8": 3, "10->12": 2, "12->10": 3, "12->14": 2, "14->12": 3, "15->17": 2, "17->15": 3, "17->18": 2, "18->17": 3, "18->24": 2, "24->18": 3, "24->26": 2, "26->24": 3, "26->28": 2, "28->26": 3, "28->30": 2, "30->28": 3, "31->33": 2, "33->31": 3, "34->35": 2, "35->34": 3, "35->39": 2, "39->35": 3, "39->41": 2, "41->39": 3, "41->43": 2, "43->41": 3, "43->45": 2, "45->43": 3, "46->48": 2, "48->46": 3, "48->49": 2, "49->48": 3, "49->53": 2, "53->49": 3, "53->54": 2, "54->53": 3, "54->57": 2, "57->54": 3, "58->61": 2, "61->58": 3, "61->63": 2, "63->61": 3, "63->65": 2, "65->63": 3, "65->67": 2, "67->65": 3, "68->71": 2, "71->68": 3, "71->73": 2, "73->71": 3, "73->74": 2, "74->73": 3}, "metrics": [12.0, 2.0, 0.0]}