{"nodelist": ["MethodDeclaration", "{'public'}", "public", "Annotation", "Override", "ReferenceType", "HTableDescriptor", "get", "FormalParameter", "{'final'}", "final", "ReferenceType", "TableName", "tablename", "IOException", "StatementExpression", "MemberReference", "++", "invocations", "IfStatement", "MethodInvocation", "TableName.META_TABLE_NAME", "MemberReference", "tablename", "equals", "BlockStatement", "StatementExpression", "MemberReference", "++", "cachehits", "ReturnStatement", "MemberReference", "metaTableDescriptor", "IfStatement", "MethodInvocation", "HConstants.HBASE_NON_USER_TABLE_DIRS", "MethodInvocation", "tablename", "getNameAsString", "contains", "BlockStatement", "ThrowStatement", "ClassCreator", "ReferenceType", "IOException", "BinaryOperation", "+", "Literal", "\"No descriptor found for non table = \"", "MemberReference", "tablename", "IfStatement", "MemberReference", "usecache", "BlockStatement", "LocalVariableDeclaration", "ReferenceType", "HTableDescriptor", "VariableDeclarator", "cachedtdm", "This", "MemberReference", "cache", "MethodInvocation", "MemberReference", "tablename", "get", "IfStatement", "BinaryOperation", "!=", "MemberReference", "cachedtdm", "Literal", "null", "BlockStatement", "StatementExpression", "MemberReference", "++", "cachehits", "ReturnStatement", "MemberReference", "cachedtdm", "LocalVariableDeclaration", "ReferenceType", "HTableDescriptor", "VariableDeclarator", "tdmt", "Literal", "null", "TryStatement", "StatementExpression", "Assignment", "MemberReference", "tdmt", "MethodInvocation", "MemberReference", "fs", "MemberReference", "rootdir", "MemberReference", "tablename", "MemberReference", "!", "fsreadonly", "getTableDescriptorFromFs", "=", "CatchClause", "CatchClauseParameter", "NullPointerException", "e", "StatementExpression", "MethodInvocation", "LOG", "BinaryOperation", "+", "Literal", "\"Exception during readTableDecriptor. Current table name = \"", "MemberReference", "tablename", "MemberReference", "e", "debug", "CatchClause", "CatchClauseParameter", "IOException", "ioe", "StatementExpression", "MethodInvocation", "LOG", "BinaryOperation", "+", "Literal", "\"Exception during readTableDecriptor. Current table name = \"", "MemberReference", "tablename", "MemberReference", "ioe", "debug", "IfStatement", "BinaryOperation", "&&", "MemberReference", "usecache", "BinaryOperation", "!=", "MemberReference", "tdmt", "Literal", "null", "BlockStatement", "StatementExpression", "This", "MemberReference", "cache", "MethodInvocation", "MemberReference", "tablename", "MemberReference", "tdmt", "put", "ReturnStatement", "MemberReference", "tdmt"], "nodes": {"0": "MethodDeclaration", "1": "Modifier", "2": "public", "3": "Annotation", "4": "Override", "5": "ReferenceType", "6": "HTableDescriptor", "7": "get", "8": "FormalParameter", "9": "Modifier", "10": "final", "11": "ReferenceType", "12": "TableName", "13": "tablename", "14": "IOException", "15": "StatementExpression", "16": "MemberReference", "17": "++", "18": "invocations", "19": "IfStatement", "20": "MethodInvocation", "21": "TableName.META_TABLE_NAME", "22": "MemberReference", "23": "tablename", "24": "equals", "25": "BlockStatement", "26": "StatementExpression", "27": "MemberReference", "28": "++", "29": "cachehits", "30": "ReturnStatement", "31": "MemberReference", "32": "metaTableDescriptor", "33": "IfStatement", "34": "MethodInvocation", "35": "HConstants.HBASE_NON_USER_TABLE_DIRS", "36": "MethodInvocation", "37": "tablename", "38": "getNameAsString", "39": "contains", "40": "BlockStatement", "41": "ThrowStatement", "42": "ClassCreator", "43": "ReferenceType", "44": "IOException", "45": "BinaryOperation", "46": "+", "47": "Literal", "48": "\"No descriptor found for non table = \"", "49": "MemberReference", "50": "tablename", "51": "IfStatement", "52": "MemberReference", "53": "usecache", "54": "BlockStatement", "55": "LocalVariableDeclaration", "56": "ReferenceType", "57": "HTableDescriptor", "58": "VariableDeclarator", "59": "cachedtdm", "60": "This", "61": "MemberReference", "62": "cache", "63": "MethodInvocation", "64": "MemberReference", "65": "tablename", "66": "get", "67": "IfStatement", "68": "BinaryOperation", "69": "!=", "70": "MemberReference", "71": "cachedtdm", "72": "Literal", "73": "null", "74": "BlockStatement", "75": "StatementExpression", "76": "MemberReference", "77": "++", "78": "cachehits", "79": "ReturnStatement", "80": "MemberReference", "81": "cachedtdm", "82": "LocalVariableDeclaration", "83": "ReferenceType", "84": "HTableDescriptor", "85": "VariableDeclarator", "86": "tdmt", "87": "Literal", "88": "null", "89": "TryStatement", "90": "StatementExpression", "91": "Assignment", "92": "MemberReference", "93": "tdmt", "94": "MethodInvocation", "95": "MemberReference", "96": "fs", "97": "MemberReference", "98": "rootdir", "99": "MemberReference", "100": "tablename", "101": "MemberReference", "102": "!", "103": "fsreadonly", "104": "getTableDescriptorFromFs", "105": "=", "106": "CatchClause", "107": "CatchClauseParameter", "108": "NullPointerException", "109": "e", "110": "StatementExpression", "111": "MethodInvocation", "112": "LOG", "113": "BinaryOperation", "114": "+", "115": "Literal", "116": "\"Exception during readTableDecriptor. Current table name = \"", "117": "MemberReference", "118": "tablename", "119": "MemberReference", "120": "e", "121": "debug", "122": "CatchClause", "123": "CatchClauseParameter", "124": "IOException", "125": "ioe", "126": "StatementExpression", "127": "MethodInvocation", "128": "LOG", "129": "BinaryOperation", "130": "+", "131": "Literal", "132": "\"Exception during readTableDecriptor. Current table name = \"", "133": "MemberReference", "134": "tablename", "135": "MemberReference", "136": "ioe", "137": "debug", "138": "IfStatement", "139": "BinaryOperation", "140": "&&", "141": "MemberReference", "142": "usecache", "143": "BinaryOperation", "144": "!=", "145": "MemberReference", "146": "tdmt", "147": "Literal", "148": "null", "149": "BlockStatement", "150": "StatementExpression", "151": "This", "152": "MemberReference", "153": "cache", "154": "MethodInvocation", "155": "MemberReference", "156": "tablename", "157": "MemberReference", "158": "tdmt", "159": "put", "160": "ReturnStatement", "161": "MemberReference", "162": "tdmt"}, "edges": {"0->1": 0, "1->0": 0, "1->2": 0, "2->1": 0, "0->3": 0, "3->0": 0, "3->4": 0, "4->3": 0, "0->5": 0, "5->0": 0, "5->6": 0, "6->5": 0, "0->7": 0, "7->0": 0, "0->8": 0, "8->0": 0, "8->9": 0, "9->8": 0, "9->10": 0, "10->9": 0, "8->11": 0, "11->8": 0, "11->12": 0, "12->11": 0, "8->13": 0, "13->8": 0, "0->14": 0, "14->0": 0, "0->15": 0, "15->0": 0, "15->16": 0, "16->15": 0, "16->17": 0, "17->16": 0, "16->18": 0, "18->16": 0, "0->19": 0, "19->0": 0, "19->20": 0, "20->19": 0, "20->21": 0, "21->20": 0, "20->22": 0, "22->20": 0, "22->23": 0, "23->22": 0, "20->24": 0, "24->20": 0, "19->25": 0, "25->19": 0, "25->26": 0, "26->25": 0, "26->27": 0, "27->26": 0, "27->28": 0, "28->27": 0, "27->29": 0, "29->27": 0, "25->30": 0, "30->25": 0, "30->31": 0, "31->30": 0, "31->32": 0, "32->31": 0, "0->33": 0, "33->0": 0, "33->34": 0, "34->33": 0, "34->35": 0, "35->34": 0, "34->36": 0, "36->34": 0, "36->37": 0, "37->36": 0, "36->38": 0, "38->36": 0, "34->39": 0, "39->34": 0, "33->40": 0, "40->33": 0, "40->41": 0, "41->40": 0, "41->42": 0, "42->41": 0, "42->43": 0, "43->42": 0, "43->44": 0, "44->43": 0, "42->45": 0, "45->42": 0, "45->46": 0, "46->45": 0, "45->47": 0, "47->45": 0, "47->48": 0, "48->47": 0, "45->49": 0, "49->45": 0, "49->50": 0, "50->49": 0, "0->51": 0, "51->0": 0, "51->52": 0, "52->51": 0, "52->53": 0, "53->52": 0, "51->54": 0, "54->51": 0, "54->55": 0, "55->54": 0, "55->56": 0, "56->55": 0, "56->57": 0, "57->56": 0, "55->58": 0, "58->55": 0, "58->59": 0, "59->58": 0, "58->60": 0, "60->58": 0, "60->61": 0, "61->60": 0, "61->62": 0, "62->61": 0, "60->63": 0, "63->60": 0, "63->64": 0, "64->63": 0, "64->65": 0, "65->64": 0, "63->66": 0, "66->63": 0, "54->67": 0, "67->54": 0, "67->68": 0, "68->67": 0, "68->69": 0, "69->68": 0, "68->70": 0, "70->68": 0, "70->71": 0, "71->70": 0, "68->72": 0, "72->68": 0, "72->73": 0, "73->72": 0, "67->74": 0, "74->67": 0, "74->75": 0, "75->74": 0, "75->76": 0, "76->75": 0, "76->77": 0, "77->76": 0, "76->78": 0, "78->76": 0, "74->79": 0, "79->74": 0, "79->80": 0, "80->79": 0, "80->81": 0, "81->80": 0, "0->82": 0, "82->0": 0, "82->83": 0, "83->82": 0, "83->84": 0, "84->83": 0, "82->85": 0, "85->82": 0, "85->86": 0, "86->85": 0, "85->87": 0, "87->85": 0, "87->88": 0, "88->87": 0, "0->89": 0, "89->0": 0, "89->90": 0, "90->89": 0, "90->91": 0, "91->90": 0, "91->92": 0, "92->91": 0, "92->93": 0, "93->92": 0, "91->94": 0, "94->91": 0, "94->95": 0, "95->94": 0, "95->96": 0, "96->95": 0, "94->97": 0, "97->94": 0, "97->98": 0, "98->97": 0, "94->99": 0, "99->94": 0, "99->100": 0, "100->99": 0, "94->101": 0, "101->94": 0, "101->102": 0, "102->101": 0, "101->103": 0, "103->101": 0, "94->104": 0, "104->94": 0, "91->105": 0, "105->91": 0, "89->106": 0, "106->89": 0, "106->107": 0, "107->106": 0, "107->108": 0, "108->107": 0, "107->109": 0, "109->107": 0, "106->110": 0, "110->106": 0, "110->111": 0, "111->110": 0, "111->112": 0, "112->111": 0, "111->113": 0, "113->111": 0, "113->114": 0, "114->113": 0, "113->115": 0, "115->113": 0, "115->116": 0, "116->115": 0, "113->117": 0, "117->113": 0, "117->118": 0, "118->117": 0, "111->119": 0, "119->111": 0, "119->120": 0, "120->119": 0, "111->121": 0, "121->111": 0, "89->122": 0, "122->89": 0, "122->123": 0, "123->122": 0, "123->124": 0, "124->123": 0, "123->125": 0, "125->123": 0, "122->126": 0, "126->122": 0, "126->127": 0, "127->126": 0, "127->128": 0, "128->127": 0, "127->129": 0, "129->127": 0, "129->130": 0, "130->129": 0, "129->131": 0, "131->129": 0, "131->132": 0, "132->131": 0, "129->133": 0, "133->129": 0, "133->134": 0, "134->133": 0, "127->135": 0, "135->127": 0, "135->136": 0, "136->135": 0, "127->137": 0, "137->127": 0, "0->138": 0, "138->0": 0, "138->139": 0, "139->138": 0, "139->140": 0, "140->139": 0, "139->141": 0, "141->139": 0, "141->142": 0, "142->141": 0, "139->143": 0, "143->139": 0, "143->144": 0, "144->143": 0, "143->145": 0, "145->143": 0, "145->146": 0, "146->145": 0, "143->147": 0, "147->143": 0, "147->148": 0, "148->147": 0, "138->149": 0, "149->138": 0, "149->150": 0, "150->149": 0, "150->151": 0, "151->150": 0, "151->152": 0, "152->151": 0, "152->153": 0, "153->152": 0, "151->154": 0, "154->151": 0, "154->155": 0, "155->154": 0, "155->156": 0, "156->155": 0, "154->157": 0, "157->154": 0, "157->158": 0, "158->157": 0, "154->159": 0, "159->154": 0, "0->160": 0, "160->0": 0, "160->161": 0, "161->160": 0, "161->162": 0, "162->161": 0, "1->3": 1, "3->1": 12, "3->5": 1, "5->3": 12, "5->7": 1, "7->5": 12, "7->8": 1, "8->7": 12, "8->14": 1, "14->8": 12, "14->15": 1, "15->14": 12, "15->19": 1, "19->15": 12, "19->33": 1, "33->19": 12, "33->51": 1, "51->33": 12, "51->82": 1, "82->51": 12, "82->89": 1, "89->82": 12, "89->138": 1, "138->89": 12, "138->160": 1, "160->138": 12, "9->11": 1, "11->9": 12, "11->13": 1, "13->11": 12, "17->18": 2, "18->17": 3, "20->25": 6, "25->20": 6, "21->22": 1, "22->21": 12, "22->24": 1, "24->22": 12, "26->30": 10, "30->26": 11, "28->29": 2, "29->28": 3, "34->40": 6, "40->34": 6, "35->36": 1, "36->35": 12, "36->39": 1, "39->36": 12, "37->38": 2, "38->37": 3, "43->45": 1, "45->43": 12, "46->47": 1, "47->46": 12, "47->49": 1, "49->47": 12, "52->54": 6, "54->52": 6, "55->67": 10, "67->55": 11, "56->58": 1, "58->56": 12, "59->60": 1, "60->59": 12, "61->63": 1, "63->61": 12, "64->66": 1, "66->64": 12, "68->74": 6, "74->68": 6, "69->70": 1, "70->69": 12, "70->72": 1, "72->70": 12, "75->79": 10, "79->75": 11, "77->78": 2, "78->77": 3, "83->85": 1, "85->83": 12, "86->87": 1, "87->86": 12, "90->106": 1, "106->90": 12, "106->122": 1, "122->106": 12, "92->94": 1, "94->92": 12, "94->105": 1, "105->94": 12, "95->97": 1, "97->95": 12, "97->99": 1, "99->97": 12, "99->101": 1, "101->99": 12, "101->104": 1, "104->101": 12, "102->103": 2, "103->102": 3, "107->110": 1, "110->107": 12, "108->109": 2, "109->108": 3, "112->113": 1, "113->112": 12, "113->119": 1, "119->113": 12, "119->121": 1, "121->119": 12, "114->115": 1, "115->114": 12, "115->117": 1, "117->115": 12, "123->126": 1, "126->123": 12, "124->125": 2, "125->124": 3, "128->129": 1, "129->128": 12, "129->135": 1, "135->129": 12, "135->137": 1, "137->135": 12, "130->131": 1, "131->130": 12, "131->133": 1, "133->131": 12, "139->149": 6, "149->139": 6, "140->141": 1, "141->140": 12, "141->143": 1, "143->141": 12, "144->145": 1, "145->144": 12, "145->147": 1, "147->145": 12, "152->154": 1, "154->152": 12, "155->157": 1, "157->155": 12, "157->159": 1, "159->157": 12, "2->4": 2, "4->2": 3, "4->6": 2, "6->4": 3, "6->7": 2, "7->6": 3, "7->10": 2, "10->7": 3, "10->12": 2, "12->10": 3, "12->13": 2, "13->12": 3, "13->14": 2, "14->13": 3, "14->17": 2, "17->14": 3, "18->21": 2, "21->18": 3, "21->23": 2, "23->21": 3, "23->24": 2, "24->23": 3, "24->28": 2, "28->24": 3, "29->32": 2, "32->29": 3, "32->35": 2, "35->32": 3, "35->37": 2, "37->35": 3, "38->39": 2, "39->38": 3, "39->44": 2, "44->39": 3, "44->46": 2, "46->44": 3, "46->48": 2, "48->46": 3, "48->50": 2, "50->48": 3, "50->53": 2, "53->50": 3, "53->57": 2, "57->53": 3, "57->59": 2, "59->57": 3, "59->62": 2, "62->59": 3, "62->65": 2, "65->62": 3, "65->66": 2, "66->65": 3, "66->69": 2, "69->66": 3, "69->71": 2, "71->69": 3, "71->73": 2, "73->71": 3, "73->77": 2, "77->73": 3, "78->81": 2, "81->78": 3, "81->84": 2, "84->81": 3, "84->86": 2, "86->84": 3, "86->88": 2, "88->86": 3, "88->93": 2, "93->88": 3, "93->96": 2, "96->93": 3, "96->98": 2, "98->96": 3, "98->100": 2, "100->98": 3, "100->102": 2, "102->100": 3, "103->104": 2, "104->103": 3, "104->105": 2, "105->104": 3, "105->108": 2, "108->105": 3, "109->112": 2, "112->109": 3, "112->114": 2, "114->112": 3, "114->116": 2, "116->114": 3, "116->118": 2, "118->116": 3, "118->120": 2, "120->118": 3, "120->121": 2, "121->120": 3, "121->124": 2, "124->121": 3, "125->128": 2, "128->125": 3, "128->130": 2, "130->128": 3, "130->132": 2, "132->130": 3, "132->134": 2, "134->132": 3, "134->136": 2, "136->134": 3, "136->137": 2, "137->136": 3, "137->140": 2, "140->137": 3, "140->142": 2, "142->140": 3, "142->144": 2, "144->142": 3, "144->146": 2, "146->144": 3, "146->148": 2, "148->146": 3, "148->153": 2, "153->148": 3, "153->156": 2, "156->153": 3, "156->158": 2, "158->156": 3, "158->159": 2, "159->158": 3, "159->162": 2, "162->159": 3, "23->50": 4, "50->23": 5, "50->65": 4, "65->50": 5, "65->100": 4, "100->65": 5, "100->118": 4, "118->100": 5, "118->134": 4, "134->118": 5, "134->156": 4, "156->134": 5, "29->78": 4, "78->29": 5, "53->142": 4, "142->53": 5, "62->153": 4, "153->62": 5, "71->81": 4, "81->71": 5, "93->146": 4, "146->93": 5, "146->158": 4, "158->146": 5, "158->162": 4, "162->158": 5}, "metrics": [31.0, 6.0, 1.0]}