{"nodelist": ["MethodDeclaration", "{'static', 'public'}", "static", "public", "BasicType", "boolean", "matchingRowColumn", "FormalParameter", "{'final'}", "final", "ReferenceType", "Cell", "left", "FormalParameter", "{'final'}", "final", "ReferenceType", "Cell", "right", "LocalVariableDeclaration", "BasicType", "short", "VariableDeclarator", "lrowlength", "MethodInvocation", "left", "getRowLength", "LocalVariableDeclaration", "BasicType", "short", "VariableDeclarator", "rrowlength", "MethodInvocation", "right", "getRowLength", "IfStatement", "BinaryOperation", "!=", "MemberReference", "lrowlength", "MemberReference", "rrowlength", "BlockStatement", "ReturnStatement", "Literal", "false", "LocalVariableDeclaration", "BasicType", "byte", "VariableDeclarator", "lfamlength", "MethodInvocation", "left", "getFamilyLength", "LocalVariableDeclaration", "BasicType", "byte", "VariableDeclarator", "rfamlength", "MethodInvocation", "right", "getFamilyLength", "IfStatement", "BinaryOperation", "!=", "MemberReference", "lfamlength", "MemberReference", "rfamlength", "BlockStatement", "ReturnStatement", "Literal", "false", "LocalVariableDeclaration", "BasicType", "int", "VariableDeclarator", "lqlength", "MethodInvocation", "left", "getQualifierLength", "LocalVariableDeclaration", "BasicType", "int", "VariableDeclarator", "rqlength", "MethodInvocation", "right", "getQualifierLength", "IfStatement", "BinaryOperation", "!=", "MemberReference", "lqlength", "MemberReference", "rqlength", "BlockStatement", "ReturnStatement", "Literal", "false", "IfStatement", "MethodInvocation", "!", "MemberReference", "left", "MemberReference", "lrowlength", "MemberReference", "right", "MemberReference", "rrowlength", "matchingRows", "BlockStatement", "ReturnStatement", "Literal", "false", "ReturnStatement", "MethodInvocation", "MemberReference", "left", "MemberReference", "lfamlength", "MemberReference", "lqlength", "MemberReference", "right", "MemberReference", "rfamlength", "MemberReference", "rqlength", "matchingColumn"], "nodes": {"0": "MethodDeclaration", "1": "Modifier", "2": "static", "3": "public", "4": "BasicType", "5": "boolean", "6": "matchingRowColumn", "7": "FormalParameter", "8": "Modifier", "9": "final", "10": "ReferenceType", "11": "Cell", "12": "left", "13": "FormalParameter", "14": "Modifier", "15": "final", "16": "ReferenceType", "17": "Cell", "18": "right", "19": "LocalVariableDeclaration", "20": "BasicType", "21": "short", "22": "VariableDeclarator", "23": "lrowlength", "24": "MethodInvocation", "25": "left", "26": "getRowLength", "27": "LocalVariableDeclaration", "28": "BasicType", "29": "short", "30": "VariableDeclarator", "31": "rrowlength", "32": "MethodInvocation", "33": "right", "34": "getRowLength", "35": "IfStatement", "36": "BinaryOperation", "37": "!=", "38": "MemberReference", "39": "lrowlength", "40": "MemberReference", "41": "rrowlength", "42": "BlockStatement", "43": "ReturnStatement", "44": "Literal", "45": "false", "46": "LocalVariableDeclaration", "47": "BasicType", "48": "byte", "49": "VariableDeclarator", "50": "lfamlength", "51": "MethodInvocation", "52": "left", "53": "getFamilyLength", "54": "LocalVariableDeclaration", "55": "BasicType", "56": "byte", "57": "VariableDeclarator", "58": "rfamlength", "59": "MethodInvocation", "60": "right", "61": "getFamilyLength", "62": "IfStatement", "63": "BinaryOperation", "64": "!=", "65": "MemberReference", "66": "lfamlength", "67": "MemberReference", "68": "rfamlength", "69": "BlockStatement", "70": "ReturnStatement", "71": "Literal", "72": "false", "73": "LocalVariableDeclaration", "74": "BasicType", "75": "int", "76": "VariableDeclarator", "77": "lqlength", "78": "MethodInvocation", "79": "left", "80": "getQualifierLength", "81": "LocalVariableDeclaration", "82": "BasicType", "83": "int", "84": "VariableDeclarator", "85": "rqlength", "86": "MethodInvocation", "87": "right", "88": "getQualifierLength", "89": "IfStatement", "90": "BinaryOperation", "91": "!=", "92": "MemberReference", "93": "lqlength", "94": "MemberReference", "95": "rqlength", "96": "BlockStatement", "97": "ReturnStatement", "98": "Literal", "99": "false", "100": "IfStatement", "101": "MethodInvocation", "102": "!", "103": "MemberReference", "104": "left", "105": "MemberReference", "106": "lrowlength", "107": "MemberReference", "108": "right", "109": "MemberReference", "110": "rrowlength", "111": "matchingRows", "112": "BlockStatement", "113": "ReturnStatement", "114": "Literal", "115": "false", "116": "ReturnStatement", "117": "MethodInvocation", "118": "MemberReference", "119": "left", "120": "MemberReference", "121": "lfamlength", "122": "MemberReference", "123": "lqlength", "124": "MemberReference", "125": "right", "126": "MemberReference", "127": "rfamlength", "128": "MemberReference", "129": "rqlength", "130": "matchingColumn"}, "edges": {"0->1": 0, "1->0": 0, "1->2": 0, "2->1": 0, "1->3": 0, "3->1": 0, "0->4": 0, "4->0": 0, "4->5": 0, "5->4": 0, "0->6": 0, "6->0": 0, "0->7": 0, "7->0": 0, "7->8": 0, "8->7": 0, "8->9": 0, "9->8": 0, "7->10": 0, "10->7": 0, "10->11": 0, "11->10": 0, "7->12": 0, "12->7": 0, "0->13": 0, "13->0": 0, "13->14": 0, "14->13": 0, "14->15": 0, "15->14": 0, "13->16": 0, "16->13": 0, "16->17": 0, "17->16": 0, "13->18": 0, "18->13": 0, "0->19": 0, "19->0": 0, "19->20": 0, "20->19": 0, "20->21": 0, "21->20": 0, "19->22": 0, "22->19": 0, "22->23": 0, "23->22": 0, "22->24": 0, "24->22": 0, "24->25": 0, "25->24": 0, "24->26": 0, "26->24": 0, "0->27": 0, "27->0": 0, "27->28": 0, "28->27": 0, "28->29": 0, "29->28": 0, "27->30": 0, "30->27": 0, "30->31": 0, "31->30": 0, "30->32": 0, "32->30": 0, "32->33": 0, "33->32": 0, "32->34": 0, "34->32": 0, "0->35": 0, "35->0": 0, "35->36": 0, "36->35": 0, "36->37": 0, "37->36": 0, "36->38": 0, "38->36": 0, "38->39": 0, "39->38": 0, "36->40": 0, "40->36": 0, "40->41": 0, "41->40": 0, "35->42": 0, "42->35": 0, "42->43": 0, "43->42": 0, "43->44": 0, "44->43": 0, "44->45": 0, "45->44": 0, "0->46": 0, "46->0": 0, "46->47": 0, "47->46": 0, "47->48": 0, "48->47": 0, "46->49": 0, "49->46": 0, "49->50": 0, "50->49": 0, "49->51": 0, "51->49": 0, "51->52": 0, "52->51": 0, "51->53": 0, "53->51": 0, "0->54": 0, "54->0": 0, "54->55": 0, "55->54": 0, "55->56": 0, "56->55": 0, "54->57": 0, "57->54": 0, "57->58": 0, "58->57": 0, "57->59": 0, "59->57": 0, "59->60": 0, "60->59": 0, "59->61": 0, "61->59": 0, "0->62": 0, "62->0": 0, "62->63": 0, "63->62": 0, "63->64": 0, "64->63": 0, "63->65": 0, "65->63": 0, "65->66": 0, "66->65": 0, "63->67": 0, "67->63": 0, "67->68": 0, "68->67": 0, "62->69": 0, "69->62": 0, "69->70": 0, "70->69": 0, "70->71": 0, "71->70": 0, "71->72": 0, "72->71": 0, "0->73": 0, "73->0": 0, "73->74": 0, "74->73": 0, "74->75": 0, "75->74": 0, "73->76": 0, "76->73": 0, "76->77": 0, "77->76": 0, "76->78": 0, "78->76": 0, "78->79": 0, "79->78": 0, "78->80": 0, "80->78": 0, "0->81": 0, "81->0": 0, "81->82": 0, "82->81": 0, "82->83": 0, "83->82": 0, "81->84": 0, "84->81": 0, "84->85": 0, "85->84": 0, "84->86": 0, "86->84": 0, "86->87": 0, "87->86": 0, "86->88": 0, "88->86": 0, "0->89": 0, "89->0": 0, "89->90": 0, "90->89": 0, "90->91": 0, "91->90": 0, "90->92": 0, "92->90": 0, "92->93": 0, "93->92": 0, "90->94": 0, "94->90": 0, "94->95": 0, "95->94": 0, "89->96": 0, "96->89": 0, "96->97": 0, "97->96": 0, "97->98": 0, "98->97": 0, "98->99": 0, "99->98": 0, "0->100": 0, "100->0": 0, "100->101": 0, "101->100": 0, "101->102": 0, "102->101": 0, "101->103": 0, "103->101": 0, "103->104": 0, "104->103": 0, "101->105": 0, "105->101": 0, "105->106": 0, "106->105": 0, "101->107": 0, "107->101": 0, "107->108": 0, "108->107": 0, "101->109": 0, "109->101": 0, "109->110": 0, "110->109": 0, "101->111": 0, "111->101": 0, "100->112": 0, "112->100": 0, "112->113": 0, "113->112": 0, "113->114": 0, "114->113": 0, "114->115": 0, "115->114": 0, "0->116": 0, "116->0": 0, "116->117": 0, "117->116": 0, "117->118": 0, "118->117": 0, "118->119": 0, "119->118": 0, "117->120": 0, "120->117": 0, "120->121": 0, "121->120": 0, "117->122": 0, "122->117": 0, "122->123": 0, "123->122": 0, "117->124": 0, "124->117": 0, "124->125": 0, "125->124": 0, "117->126": 0, "126->117": 0, "126->127": 0, "127->126": 0, "117->128": 0, "128->117": 0, "128->129": 0, "129->128": 0, "117->130": 0, "130->117": 0, "1->4": 1, "4->1": 12, "4->6": 1, "6->4": 12, "6->7": 1, "7->6": 12, "7->13": 1, "13->7": 12, "13->19": 1, "19->13": 12, "19->27": 1, "27->19": 12, "27->35": 1, "35->27": 12, "35->46": 1, "46->35": 12, "46->54": 1, "54->46": 12, "54->62": 1, "62->54": 12, "62->73": 1, "73->62": 12, "73->81": 1, "81->73": 12, "81->89": 1, "89->81": 12, "89->100": 1, "100->89": 12, "100->116": 1, "116->100": 12, "2->3": 2, "3->2": 3, "8->10": 1, "10->8": 12, "10->12": 1, "12->10": 12, "14->16": 1, "16->14": 12, "16->18": 1, "18->16": 12, "20->22": 1, "22->20": 12, "23->24": 1, "24->23": 12, "25->26": 2, "26->25": 3, "28->30": 1, "30->28": 12, "31->32": 1, "32->31": 12, "33->34": 2, "34->33": 3, "36->42": 6, "42->36": 6, "37->38": 1, "38->37": 12, "38->40": 1, "40->38": 12, "47->49": 1, "49->47": 12, "50->51": 1, "51->50": 12, "52->53": 2, "53->52": 3, "55->57": 1, "57->55": 12, "58->59": 1, "59->58": 12, "60->61": 2, "61->60": 3, "63->69": 6, "69->63": 6, "64->65": 1, "65->64": 12, "65->67": 1, "67->65": 12, "74->76": 1, "76->74": 12, "77->78": 1, "78->77": 12, "79->80": 2, "80->79": 3, "82->84": 1, "84->82": 12, "85->86": 1, "86->85": 12, "87->88": 2, "88->87": 3, "90->96": 6, "96->90": 6, "91->92": 1, "92->91": 12, "92->94": 1, "94->92": 12, "101->112": 6, "112->101": 6, "102->103": 1, "103->102": 12, "103->105": 1, "105->103": 12, "105->107": 1, "107->105": 12, "107->109": 1, "109->107": 12, "109->111": 1, "111->109": 12, "118->120": 1, "120->118": 12, "120->122": 1, "122->120": 12, "122->124": 1, "124->122": 12, "124->126": 1, "126->124": 12, "126->128": 1, "128->126": 12, "128->130": 1, "130->128": 12, "3->5": 2, "5->3": 3, "5->6": 2, "6->5": 3, "6->9": 2, "9->6": 3, "9->11": 2, "11->9": 3, "11->12": 2, "12->11": 3, "12->15": 2, "15->12": 3, "15->17": 2, "17->15": 3, "17->18": 2, "18->17": 3, "18->21": 2, "21->18": 3, "21->23": 2, "23->21": 3, "23->25": 2, "25->23": 3, "26->29": 2, "29->26": 3, "29->31": 2, "31->29": 3, "31->33": 2, "33->31": 3, "34->37": 2, "37->34": 3, "37->39": 2, "39->37": 3, "39->41": 2, "41->39": 3, "41->45": 2, "45->41": 3, "45->48": 2, "48->45": 3, "48->50": 2, "50->48": 3, "50->52": 2, "52->50": 3, "53->56": 2, "56->53": 3, "56->58": 2, "58->56": 3, "58->60": 2, "60->58": 3, "61->64": 2, "64->61": 3, "64->66": 2, "66->64": 3, "66->68": 2, "68->66": 3, "68->72": 2, "72->68": 3, "72->75": 2, "75->72": 3, "75->77": 2, "77->75": 3, "77->79": 2, "79->77": 3, "80->83": 2, "83->80": 3, "83->85": 2, "85->83": 3, "85->87": 2, "87->85": 3, "88->91": 2, "91->88": 3, "91->93": 2, "93->91": 3, "93->95": 2, "95->93": 3, "95->99": 2, "99->95": 3, "99->102": 2, "102->99": 3, "102->104": 2, "104->102": 3, "104->106": 2, "106->104": 3, "106->108": 2, "108->106": 3, "108->110": 2, "110->108": 3, "110->111": 2, "111->110": 3, "111->115": 2, "115->111": 3, "115->119": 2, "119->115": 3, "119->121": 2, "121->119": 3, "121->123": 2, "123->121": 3, "123->125": 2, "125->123": 3, "125->127": 2, "127->125": 3, "127->129": 2, "129->127": 3, "129->130": 2, "130->129": 3, "39->106": 4, "106->39": 5, "41->110": 4, "110->41": 5, "66->121": 4, "121->66": 5, "68->127": 4, "127->68": 5, "93->123": 4, "123->93": 5, "95->129": 4, "129->95": 5, "104->119": 4, "119->104": 5, "108->125": 4, "125->108": 5}, "metrics": [21.0, 5.0, 2.0]}