{"nodelist": ["MethodDeclaration", "{'public'}", "public", "Annotation", "Override", "ReferenceType", "HTableDescriptor", "getTableDescriptor", "IOException", "LocalVariableDeclaration", "ReferenceType", "HTableDescriptor", "VariableDeclarator", "htd", "MethodInvocation", "HBaseAdmin", "MemberReference", "tableName", "MemberReference", "connection", "MemberReference", "rpcCallerFactory", "MemberReference", "rpcControllerFactory", "MemberReference", "operationTimeout", "MemberReference", "rpcTimeout", "getTableDescriptor", "IfStatement", "BinaryOperation", "!=", "MemberReference", "htd", "Literal", "null", "BlockStatement", "ReturnStatement", "ClassCreator", "ReferenceType", "UnmodifyableHTableDescriptor", "MemberReference", "htd", "ReturnStatement", "Literal", "null"], "nodes": {"0": "MethodDeclaration", "1": "Modifier", "2": "public", "3": "Annotation", "4": "Override", "5": "ReferenceType", "6": "HTableDescriptor", "7": "getTableDescriptor", "8": "IOException", "9": "LocalVariableDeclaration", "10": "ReferenceType", "11": "HTableDescriptor", "12": "VariableDeclarator", "13": "htd", "14": "MethodInvocation", "15": "HBaseAdmin", "16": "MemberReference", "17": "tableName", "18": "MemberReference", "19": "connection", "20": "MemberReference", "21": "rpcCallerFactory", "22": "MemberReference", "23": "rpcControllerFactory", "24": "MemberReference", "25": "operationTimeout", "26": "MemberReference", "27": "rpcTimeout", "28": "getTableDescriptor", "29": "IfStatement", "30": "BinaryOperation", "31": "!=", "32": "MemberReference", "33": "htd", "34": "Literal", "35": "null", "36": "BlockStatement", "37": "ReturnStatement", "38": "ClassCreator", "39": "ReferenceType", "40": "UnmodifyableHTableDescriptor", "41": "MemberReference", "42": "htd", "43": "ReturnStatement", "44": "Literal", "45": "null"}, "edges": {"0->1": 0, "1->0": 0, "1->2": 0, "2->1": 0, "0->3": 0, "3->0": 0, "3->4": 0, "4->3": 0, "0->5": 0, "5->0": 0, "5->6": 0, "6->5": 0, "0->7": 0, "7->0": 0, "0->8": 0, "8->0": 0, "0->9": 0, "9->0": 0, "9->10": 0, "10->9": 0, "10->11": 0, "11->10": 0, "9->12": 0, "12->9": 0, "12->13": 0, "13->12": 0, "12->14": 0, "14->12": 0, "14->15": 0, "15->14": 0, "14->16": 0, "16->14": 0, "16->17": 0, "17->16": 0, "14->18": 0, "18->14": 0, "18->19": 0, "19->18": 0, "14->20": 0, "20->14": 0, "20->21": 0, "21->20": 0, "14->22": 0, "22->14": 0, "22->23": 0, "23->22": 0, "14->24": 0, "24->14": 0, "24->25": 0, "25->24": 0, "14->26": 0, "26->14": 0, "26->27": 0, "27->26": 0, "14->28": 0, "28->14": 0, "0->29": 0, "29->0": 0, "29->30": 0, "30->29": 0, "30->31": 0, "31->30": 0, "30->32": 0, "32->30": 0, "32->33": 0, "33->32": 0, "30->34": 0, "34->30": 0, "34->35": 0, "35->34": 0, "29->36": 0, "36->29": 0, "36->37": 0, "37->36": 0, "37->38": 0, "38->37": 0, "38->39": 0, "39->38": 0, "39->40": 0, "40->39": 0, "38->41": 0, "41->38": 0, "41->42": 0, "42->41": 0, "0->43": 0, "43->0": 0, "43->44": 0, "44->43": 0, "44->45": 0, "45->44": 0, "1->3": 1, "3->1": 12, "3->5": 1, "5->3": 12, "5->7": 1, "7->5": 12, "7->8": 2, "8->7": 3, "8->9": 1, "9->8": 12, "9->29": 1, "29->9": 12, "29->43": 1, "43->29": 12, "10->12": 1, "12->10": 12, "13->14": 1, "14->13": 12, "15->16": 1, "16->15": 12, "16->18": 1, "18->16": 12, "18->20": 1, "20->18": 12, "20->22": 1, "22->20": 12, "22->24": 1, "24->22": 12, "24->26": 1, "26->24": 12, "26->28": 1, "28->26": 12, "30->36": 6, "36->30": 6, "31->32": 1, "32->31": 12, "32->34": 1, "34->32": 12, "39->41": 1, "41->39": 12, "2->4": 2, "4->2": 3, "4->6": 2, "6->4": 3, "6->7": 2, "7->6": 3, "8->11": 2, "11->8": 3, "11->13": 2, "13->11": 3, "13->15": 2, "15->13": 3, "15->17": 2, "17->15": 3, "17->19": 2, "19->17": 3, "19->21": 2, "21->19": 3, "21->23": 2, "23->21": 3, "23->25": 2, "25->23": 3, "25->27": 2, "27->25": 3, "27->28": 2, "28->27": 3, "28->31": 2, "31->28": 3, "31->33": 2, "33->31": 3, "33->35": 2, "35->33": 3, "35->40": 2, "40->35": 3, "40->42": 2, "42->40": 3, "42->45": 2, "45->42": 3, "33->42": 4, "42->33": 5}, "metrics": [7.0, 2.0, 0.0]}