{"nodelist": ["ConstructorDeclaration", "{'public'}", "public", "RowRange", "FormalParameter", "BasicType", "byte", "startRow", "FormalParameter", "BasicType", "boolean", "startRowInclusive", "FormalParameter", "BasicType", "byte", "stopRow", "FormalParameter", "BasicType", "boolean", "stopRowInclusive", "StatementExpression", "Assignment", "This", "MemberReference", "startRow", "TernaryExpression", "BinaryOperation", "==", "MemberReference", "startRow", "Literal", "null", "MemberReference", "HConstants", "EMPTY_BYTE_ARRAY", "MemberReference", "startRow", "=", "StatementExpression", "Assignment", "This", "MemberReference", "startRowInclusive", "MemberReference", "startRowInclusive", "=", "StatementExpression", "Assignment", "This", "MemberReference", "stopRow", "TernaryExpression", "BinaryOperation", "==", "MemberReference", "stopRow", "Literal", "null", "MemberReference", "HConstants", "EMPTY_BYTE_ARRAY", "MemberReference", "stopRow", "=", "StatementExpression", "Assignment", "This", "MemberReference", "stopRowInclusive", "MemberReference", "stopRowInclusive", "="], "nodes": {"0": "ConstructorDeclaration", "1": "Modifier", "2": "public", "3": "RowRange", "4": "FormalParameter", "5": "BasicType", "6": "byte", "7": "startRow", "8": "FormalParameter", "9": "BasicType", "10": "boolean", "11": "startRowInclusive", "12": "FormalParameter", "13": "BasicType", "14": "byte", "15": "stopRow", "16": "FormalParameter", "17": "BasicType", "18": "boolean", "19": "stopRowInclusive", "20": "StatementExpression", "21": "Assignment", "22": "This", "23": "MemberReference", "24": "startRow", "25": "TernaryExpression", "26": "BinaryOperation", "27": "==", "28": "MemberReference", "29": "startRow", "30": "Literal", "31": "null", "32": "MemberReference", "33": "HConstants", "34": "EMPTY_BYTE_ARRAY", "35": "MemberReference", "36": "startRow", "37": "=", "38": "StatementExpression", "39": "Assignment", "40": "This", "41": "MemberReference", "42": "startRowInclusive", "43": "MemberReference", "44": "startRowInclusive", "45": "=", "46": "StatementExpression", "47": "Assignment", "48": "This", "49": "MemberReference", "50": "stopRow", "51": "TernaryExpression", "52": "BinaryOperation", "53": "==", "54": "MemberReference", "55": "stopRow", "56": "Literal", "57": "null", "58": "MemberReference", "59": "HConstants", "60": "EMPTY_BYTE_ARRAY", "61": "MemberReference", "62": "stopRow", "63": "=", "64": "StatementExpression", "65": "Assignment", "66": "This", "67": "MemberReference", "68": "stopRowInclusive", "69": "MemberReference", "70": "stopRowInclusive", "71": "="}, "edges": {"0->1": 0, "1->0": 0, "1->2": 0, "2->1": 0, "0->3": 0, "3->0": 0, "0->4": 0, "4->0": 0, "4->5": 0, "5->4": 0, "5->6": 0, "6->5": 0, "4->7": 0, "7->4": 0, "0->8": 0, "8->0": 0, "8->9": 0, "9->8": 0, "9->10": 0, "10->9": 0, "8->11": 0, "11->8": 0, "0->12": 0, "12->0": 0, "12->13": 0, "13->12": 0, "13->14": 0, "14->13": 0, "12->15": 0, "15->12": 0, "0->16": 0, "16->0": 0, "16->17": 0, "17->16": 0, "17->18": 0, "18->17": 0, "16->19": 0, "19->16": 0, "0->20": 0, "20->0": 0, "20->21": 0, "21->20": 0, "21->22": 0, "22->21": 0, "22->23": 0, "23->22": 0, "23->24": 0, "24->23": 0, "21->25": 0, "25->21": 0, "25->26": 0, "26->25": 0, "26->27": 0, "27->26": 0, "26->28": 0, "28->26": 0, "28->29": 0, "29->28": 0, "26->30": 0, "30->26": 0, "30->31": 0, "31->30": 0, "25->32": 0, "32->25": 0, "32->33": 0, "33->32": 0, "32->34": 0, "34->32": 0, "25->35": 0, "35->25": 0, "35->36": 0, "36->35": 0, "21->37": 0, "37->21": 0, "0->38": 0, "38->0": 0, "38->39": 0, "39->38": 0, "39->40": 0, "40->39": 0, "40->41": 0, "41->40": 0, "41->42": 0, "42->41": 0, "39->43": 0, "43->39": 0, "43->44": 0, "44->43": 0, "39->45": 0, "45->39": 0, "0->46": 0, "46->0": 0, "46->47": 0, "47->46": 0, "47->48": 0, "48->47": 0, "48->49": 0, "49->48": 0, "49->50": 0, "50->49": 0, "47->51": 0, "51->47": 0, "51->52": 0, "52->51": 0, "52->53": 0, "53->52": 0, "52->54": 0, "54->52": 0, "54->55": 0, "55->54": 0, "52->56": 0, "56->52": 0, "56->57": 0, "57->56": 0, "51->58": 0, "58->51": 0, "58->59": 0, "59->58": 0, "58->60": 0, "60->58": 0, "51->61": 0, "61->51": 0, "61->62": 0, "62->61": 0, "47->63": 0, "63->47": 0, "0->64": 0, "64->0": 0, "64->65": 0, "65->64": 0, "65->66": 0, "66->65": 0, "66->67": 0, "67->66": 0, "67->68": 0, "68->67": 0, "65->69": 0, "69->65": 0, "69->70": 0, "70->69": 0, "65->71": 0, "71->65": 0, "1->3": 1, "3->1": 12, "3->4": 1, "4->3": 12, "4->8": 1, "8->4": 12, "8->12": 1, "12->8": 12, "12->16": 1, "16->12": 12, "16->20": 1, "20->16": 12, "20->38": 1, "38->20": 12, "38->46": 1, "46->38": 12, "46->64": 1, "64->46": 12, "5->7": 1, "7->5": 12, "9->11": 1, "11->9": 12, "13->15": 1, "15->13": 12, "17->19": 1, "19->17": 12, "22->25": 1, "25->22": 12, "25->37": 1, "37->25": 12, "26->32": 1, "32->26": 12, "32->35": 1, "35->32": 12, "27->28": 1, "28->27": 12, "28->30": 1, "30->28": 12, "33->34": 2, "34->33": 3, "40->43": 1, "43->40": 12, "43->45": 1, "45->43": 12, "48->51": 1, "51->48": 12, "51->63": 1, "63->51": 12, "52->58": 1, "58->52": 12, "58->61": 1, "61->58": 12, "53->54": 1, "54->53": 12, "54->56": 1, "56->54": 12, "59->60": 2, "60->59": 3, "66->69": 1, "69->66": 12, "69->71": 1, "71->69": 12, "2->3": 2, "3->2": 3, "3->6": 2, "6->3": 3, "6->7": 2, "7->6": 3, "7->10": 2, "10->7": 3, "10->11": 2, "11->10": 3, "11->14": 2, "14->11": 3, "14->15": 2, "15->14": 3, "15->18": 2, "18->15": 3, "18->19": 2, "19->18": 3, "19->24": 2, "24->19": 3, "24->27": 2, "27->24": 3, "27->29": 2, "29->27": 3, "29->31": 2, "31->29": 3, "31->33": 2, "33->31": 3, "34->36": 2, "36->34": 3, "36->37": 2, "37->36": 3, "37->42": 2, "42->37": 3, "42->44": 4, "44->42": 5, "44->45": 2, "45->44": 3, "45->50": 2, "50->45": 3, "50->53": 2, "53->50": 3, "53->55": 2, "55->53": 3, "55->57": 2, "57->55": 3, "57->59": 2, "59->57": 3, "60->62": 2, "62->60": 3, "62->63": 2, "63->62": 3, "63->68": 2, "68->63": 3, "68->70": 4, "70->68": 5, "70->71": 2, "71->70": 3, "24->29": 4, "29->24": 5, "29->36": 4, "36->29": 5, "34->60": 4, "60->34": 5, "50->55": 4, "55->50": 5, "55->62": 4, "62->55": 5}, "metrics": [6.0, 1.0, 4.0]}