{"nodelist": ["MethodDeclaration", "{'private'}", "private", "BasicType", "int", "findCommonTimestampPrefix", "FormalParameter", "BasicType", "byte", "curKvBuf", "FormalParameter", "BasicType", "int", "curKvTsOff", "FormalParameter", "BasicType", "byte", "preKvBuf", "FormalParameter", "BasicType", "int", "preKvTsOff", "LocalVariableDeclaration", "BasicType", "int", "VariableDeclarator", "commonPrefix", "Literal", "0", "WhileStatement", "BinaryOperation", "&&", "BinaryOperation", "<", "MemberReference", "commonPrefix", "BinaryOperation", "-", "MemberReference", "KeyValue", "TIMESTAMP_SIZE", "Literal", "1", "BinaryOperation", "==", "MemberReference", "ArraySelector", "BinaryOperation", "+", "MemberReference", "curKvTsOff", "MemberReference", "commonPrefix", "curKvBuf", "MemberReference", "ArraySelector", "BinaryOperation", "+", "MemberReference", "preKvTsOff", "MemberReference", "commonPrefix", "preKvBuf", "BlockStatement", "StatementExpression", "MemberReference", "++", "commonPrefix", "ReturnStatement", "MemberReference", "commonPrefix"], "nodes": {"0": "MethodDeclaration", "1": "Modifier", "2": "private", "3": "BasicType", "4": "int", "5": "findCommonTimestampPrefix", "6": "FormalParameter", "7": "BasicType", "8": "byte", "9": "curKvBuf", "10": "FormalParameter", "11": "BasicType", "12": "int", "13": "curKvTsOff", "14": "FormalParameter", "15": "BasicType", "16": "byte", "17": "preKvBuf", "18": "FormalParameter", "19": "BasicType", "20": "int", "21": "preKvTsOff", "22": "LocalVariableDeclaration", "23": "BasicType", "24": "int", "25": "VariableDeclarator", "26": "commonPrefix", "27": "Literal", "28": "0", "29": "WhileStatement", "30": "BinaryOperation", "31": "&&", "32": "BinaryOperation", "33": "<", "34": "MemberReference", "35": "commonPrefix", "36": "BinaryOperation", "37": "-", "38": "MemberReference", "39": "KeyValue", "40": "TIMESTAMP_SIZE", "41": "Literal", "42": "1", "43": "BinaryOperation", "44": "==", "45": "MemberReference", "46": "ArraySelector", "47": "BinaryOperation", "48": "+", "49": "MemberReference", "50": "curKvTsOff", "51": "MemberReference", "52": "commonPrefix", "53": "curKvBuf", "54": "MemberReference", "55": "ArraySelector", "56": "BinaryOperation", "57": "+", "58": "MemberReference", "59": "preKvTsOff", "60": "MemberReference", "61": "commonPrefix", "62": "preKvBuf", "63": "BlockStatement", "64": "StatementExpression", "65": "MemberReference", "66": "++", "67": "commonPrefix", "68": "ReturnStatement", "69": "MemberReference", "70": "commonPrefix"}, "edges": {"0->1": 0, "1->0": 0, "1->2": 0, "2->1": 0, "0->3": 0, "3->0": 0, "3->4": 0, "4->3": 0, "0->5": 0, "5->0": 0, "0->6": 0, "6->0": 0, "6->7": 0, "7->6": 0, "7->8": 0, "8->7": 0, "6->9": 0, "9->6": 0, "0->10": 0, "10->0": 0, "10->11": 0, "11->10": 0, "11->12": 0, "12->11": 0, "10->13": 0, "13->10": 0, "0->14": 0, "14->0": 0, "14->15": 0, "15->14": 0, "15->16": 0, "16->15": 0, "14->17": 0, "17->14": 0, "0->18": 0, "18->0": 0, "18->19": 0, "19->18": 0, "19->20": 0, "20->19": 0, "18->21": 0, "21->18": 0, "0->22": 0, "22->0": 0, "22->23": 0, "23->22": 0, "23->24": 0, "24->23": 0, "22->25": 0, "25->22": 0, "25->26": 0, "26->25": 0, "25->27": 0, "27->25": 0, "27->28": 0, "28->27": 0, "0->29": 0, "29->0": 0, "29->30": 0, "30->29": 0, "30->31": 0, "31->30": 0, "30->32": 0, "32->30": 0, "32->33": 0, "33->32": 0, "32->34": 0, "34->32": 0, "34->35": 0, "35->34": 0, "32->36": 0, "36->32": 0, "36->37": 0, "37->36": 0, "36->38": 0, "38->36": 0, "38->39": 0, "39->38": 0, "38->40": 0, "40->38": 0, "36->41": 0, "41->36": 0, "41->42": 0, "42->41": 0, "30->43": 0, "43->30": 0, "43->44": 0, "44->43": 0, "43->45": 0, "45->43": 0, "45->46": 0, "46->45": 0, "46->47": 0, "47->46": 0, "47->48": 0, "48->47": 0, "47->49": 0, "49->47": 0, "49->50": 0, "50->49": 0, "47->51": 0, "51->47": 0, "51->52": 0, "52->51": 0, "45->53": 0, "53->45": 0, "43->54": 0, "54->43": 0, "54->55": 0, "55->54": 0, "55->56": 0, "56->55": 0, "56->57": 0, "57->56": 0, "56->58": 0, "58->56": 0, "58->59": 0, "59->58": 0, "56->60": 0, "60->56": 0, "60->61": 0, "61->60": 0, "54->62": 0, "62->54": 0, "29->63": 0, "63->29": 0, "63->64": 0, "64->63": 0, "64->65": 0, "65->64": 0, "65->66": 0, "66->65": 0, "65->67": 0, "67->65": 0, "0->68": 0, "68->0": 0, "68->69": 0, "69->68": 0, "69->70": 0, "70->69": 0, "1->3": 1, "3->1": 12, "3->5": 1, "5->3": 12, "5->6": 1, "6->5": 12, "6->10": 1, "10->6": 12, "10->14": 1, "14->10": 12, "14->18": 1, "18->14": 12, "18->22": 1, "22->18": 12, "22->29": 1, "29->22": 12, "29->68": 1, "68->29": 12, "7->9": 1, "9->7": 12, "11->13": 1, "13->11": 12, "15->17": 1, "17->15": 12, "19->21": 1, "21->19": 12, "23->25": 1, "25->23": 12, "26->27": 1, "27->26": 12, "30->63": 8, "63->30": 8, "31->32": 1, "32->31": 12, "32->43": 1, "43->32": 12, "33->34": 1, "34->33": 12, "34->36": 1, "36->34": 12, "37->38": 1, "38->37": 12, "38->41": 1, "41->38": 12, "39->40": 2, "40->39": 3, "44->45": 1, "45->44": 12, "45->54": 1, "54->45": 12, "46->53": 1, "53->46": 12, "48->49": 1, "49->48": 12, "49->51": 1, "51->49": 12, "55->62": 1, "62->55": 12, "57->58": 1, "58->57": 12, "58->60": 1, "60->58": 12, "66->67": 2, "67->66": 3, "2->4": 2, "4->2": 3, "4->5": 2, "5->4": 3, "5->8": 2, "8->5": 3, "8->9": 2, "9->8": 3, "9->12": 2, "12->9": 3, "12->13": 2, "13->12": 3, "13->16": 2, "16->13": 3, "16->17": 2, "17->16": 3, "17->20": 2, "20->17": 3, "20->21": 2, "21->20": 3, "21->24": 2, "24->21": 3, "24->26": 2, "26->24": 3, "26->28": 2, "28->26": 3, "28->31": 2, "31->28": 3, "31->33": 2, "33->31": 3, "33->35": 2, "35->33": 3, "35->37": 2, "37->35": 3, "37->39": 2, "39->37": 3, "40->42": 2, "42->40": 3, "42->44": 2, "44->42": 3, "44->48": 2, "48->44": 3, "48->50": 2, "50->48": 3, "50->52": 2, "52->50": 3, "52->53": 2, "53->52": 3, "53->57": 2, "57->53": 3, "57->59": 2, "59->57": 3, "59->61": 2, "61->59": 3, "61->62": 2, "62->61": 3, "62->66": 2, "66->62": 3, "67->70": 4, "70->67": 5, "35->52": 4, "52->35": 5, "52->61": 4, "61->52": 5, "61->67": 4, "67->61": 5}, "metrics": [7.0, 2.0, 4.0]}