{"nodelist": ["MethodDeclaration", "{'static', 'public'}", "static", "public", "initAndStartWorkers", "FormalParameter", "ReferenceType", "ProcedureExecutor", "TypeArgument", "?", "procExecutor", "FormalParameter", "BasicType", "int", "numThreads", "FormalParameter", "BasicType", "int", "numUrgentThreads", "FormalParameter", "BasicType", "boolean", "abortOnCorruption", "FormalParameter", "BasicType", "boolean", "startWorkers", "IOException", "StatementExpression", "MethodInvocation", "procExecutor", "MemberReference", "numThreads", "MemberReference", "numUrgentThreads", "MemberReference", "abortOnCorruption", "init", "IfStatement", "MemberReference", "startWorkers", "BlockStatement", "StatementExpression", "MethodInvocation", "procExecutor", "startWorkers"], "nodes": {"0": "MethodDeclaration", "1": "Modifier", "2": "static", "3": "public", "4": "initAndStartWorkers", "5": "FormalParameter", "6": "ReferenceType", "7": "ProcedureExecutor", "8": "TypeArgument", "9": "?", "10": "procExecutor", "11": "FormalParameter", "12": "BasicType", "13": "int", "14": "numThreads", "15": "FormalParameter", "16": "BasicType", "17": "int", "18": "numUrgentThreads", "19": "FormalParameter", "20": "BasicType", "21": "boolean", "22": "abortOnCorruption", "23": "FormalParameter", "24": "BasicType", "25": "boolean", "26": "startWorkers", "27": "IOException", "28": "StatementExpression", "29": "MethodInvocation", "30": "procExecutor", "31": "MemberReference", "32": "numThreads", "33": "MemberReference", "34": "numUrgentThreads", "35": "MemberReference", "36": "abortOnCorruption", "37": "init", "38": "IfStatement", "39": "MemberReference", "40": "startWorkers", "41": "BlockStatement", "42": "StatementExpression", "43": "MethodInvocation", "44": "procExecutor", "45": "startWorkers"}, "edges": {"0->1": 0, "1->0": 0, "1->2": 0, "2->1": 0, "1->3": 0, "3->1": 0, "0->4": 0, "4->0": 0, "0->5": 0, "5->0": 0, "5->6": 0, "6->5": 0, "6->7": 0, "7->6": 0, "6->8": 0, "8->6": 0, "8->9": 0, "9->8": 0, "5->10": 0, "10->5": 0, "0->11": 0, "11->0": 0, "11->12": 0, "12->11": 0, "12->13": 0, "13->12": 0, "11->14": 0, "14->11": 0, "0->15": 0, "15->0": 0, "15->16": 0, "16->15": 0, "16->17": 0, "17->16": 0, "15->18": 0, "18->15": 0, "0->19": 0, "19->0": 0, "19->20": 0, "20->19": 0, "20->21": 0, "21->20": 0, "19->22": 0, "22->19": 0, "0->23": 0, "23->0": 0, "23->24": 0, "24->23": 0, "24->25": 0, "25->24": 0, "23->26": 0, "26->23": 0, "0->27": 0, "27->0": 0, "0->28": 0, "28->0": 0, "28->29": 0, "29->28": 0, "29->30": 0, "30->29": 0, "29->31": 0, "31->29": 0, "31->32": 0, "32->31": 0, "29->33": 0, "33->29": 0, "33->34": 0, "34->33": 0, "29->35": 0, "35->29": 0, "35->36": 0, "36->35": 0, "29->37": 0, "37->29": 0, "0->38": 0, "38->0": 0, "38->39": 0, "39->38": 0, "39->40": 0, "40->39": 0, "38->41": 0, "41->38": 0, "41->42": 0, "42->41": 0, "42->43": 0, "43->42": 0, "43->44": 0, "44->43": 0, "43->45": 0, "45->43": 0, "1->4": 1, "4->1": 12, "4->5": 1, "5->4": 12, "5->11": 1, "11->5": 12, "11->15": 1, "15->11": 12, "15->19": 1, "19->15": 12, "19->23": 1, "23->19": 12, "23->27": 1, "27->23": 12, "27->28": 1, "28->27": 12, "28->38": 1, "38->28": 12, "2->3": 2, "3->2": 3, "6->10": 1, "10->6": 12, "7->8": 1, "8->7": 12, "12->14": 1, "14->12": 12, "16->18": 1, "18->16": 12, "20->22": 1, "22->20": 12, "24->26": 1, "26->24": 12, "30->31": 1, "31->30": 12, "31->33": 1, "33->31": 12, "33->35": 1, "35->33": 12, "35->37": 1, "37->35": 12, "39->41": 6, "41->39": 6, "44->45": 2, "45->44": 3, "3->4": 2, "4->3": 3, "4->7": 2, "7->4": 3, "7->9": 2, "9->7": 3, "9->10": 2, "10->9": 3, "10->13": 2, "13->10": 3, "13->14": 2, "14->13": 3, "14->17": 2, "17->14": 3, "17->18": 2, "18->17": 3, "18->21": 2, "21->18": 3, "21->22": 2, "22->21": 3, "22->25": 2, "25->22": 3, "25->26": 2, "26->25": 3, "26->27": 2, "27->26": 3, "27->30": 2, "30->27": 3, "30->32": 2, "32->30": 3, "32->34": 2, "34->32": 3, "34->36": 2, "36->34": 3, "36->37": 2, "37->36": 3, "37->40": 2, "40->37": 3, "40->44": 2, "44->40": 3}, "metrics": [6.0, 2.0, 5.0]}