{"nodelist": ["MethodDeclaration", "{'public'}", "public", "Annotation", "Override", "ReferenceType", "Pair", "TypeArgument", "ReferenceType", "ReplicationPeerConfig", "TypeArgument", "ReferenceType", "Configuration", "getPeerConf", "FormalParameter", "ReferenceType", "String", "peerId", "ReplicationException", "LocalVariableDeclaration", "ReferenceType", "ReplicationPeerConfig", "VariableDeclarator", "peerConfig", "MethodInvocation", "MemberReference", "peerId", "getReplicationPeerConfig", "IfStatement", "BinaryOperation", "==", "MemberReference", "peerConfig", "Literal", "null", "BlockStatement", "ReturnStatement", "Literal", "null", "LocalVariableDeclaration", "ReferenceType", "Configuration", "VariableDeclarator", "otherConf", "TryStatement", "StatementExpression", "Assignment", "MemberReference", "otherConf", "MethodInvocation", "HBaseConfiguration", "This", "MemberReference", "conf", "MethodInvocation", "peerConfig", "getClusterKey", "createClusterConf", "=", "CatchClause", "CatchClauseParameter", "IOException", "e", "StatementExpression", "MethodInvocation", "LOG", "BinaryOperation", "+", "BinaryOperation", "+", "Literal", "\"Can't get peer configuration for peerId=\"", "MemberReference", "peerId", "Literal", "\" because:\"", "MemberReference", "e", "error", "ReturnStatement", "Literal", "null", "IfStatement", "MethodInvocation", "!", "peerConfig", "MethodInvocation", "isEmpty", "getConfiguration", "BlockStatement", "LocalVariableDeclaration", "ReferenceType", "CompoundConfiguration", "VariableDeclarator", "compound", "ClassCreator", "ReferenceType", "CompoundConfiguration", "StatementExpression", "MethodInvocation", "compound", "MemberReference", "otherConf", "add", "StatementExpression", "MethodInvocation", "compound", "MethodInvocation", "peerConfig", "getConfiguration", "addStringMap", "ReturnStatement", "ClassCreator", "ReferenceType", "Pair", "TypeArgument", "ReferenceType", "ReplicationPeerConfig", "TypeArgument", "ReferenceType", "Configuration", "MemberReference", "peerConfig", "MemberReference", "compound", "ReturnStatement", "ClassCreator", "ReferenceType", "Pair", "TypeArgument", "ReferenceType", "ReplicationPeerConfig", "TypeArgument", "ReferenceType", "Configuration", "MemberReference", "peerConfig", "MemberReference", "otherConf"], "nodes": {"0": "MethodDeclaration", "1": "Modifier", "2": "public", "3": "Annotation", "4": "Override", "5": "ReferenceType", "6": "Pair", "7": "TypeArgument", "8": "ReferenceType", "9": "ReplicationPeerConfig", "10": "TypeArgument", "11": "ReferenceType", "12": "Configuration", "13": "getPeerConf", "14": "FormalParameter", "15": "ReferenceType", "16": "String", "17": "peerId", "18": "ReplicationException", "19": "LocalVariableDeclaration", "20": "ReferenceType", "21": "ReplicationPeerConfig", "22": "VariableDeclarator", "23": "peerConfig", "24": "MethodInvocation", "25": "MemberReference", "26": "peerId", "27": "getReplicationPeerConfig", "28": "IfStatement", "29": "BinaryOperation", "30": "==", "31": "MemberReference", "32": "peerConfig", "33": "Literal", "34": "null", "35": "BlockStatement", "36": "ReturnStatement", "37": "Literal", "38": "null", "39": "LocalVariableDeclaration", "40": "ReferenceType", "41": "Configuration", "42": "VariableDeclarator", "43": "otherConf", "44": "TryStatement", "45": "StatementExpression", "46": "Assignment", "47": "MemberReference", "48": "otherConf", "49": "MethodInvocation", "50": "HBaseConfiguration", "51": "This", "52": "MemberReference", "53": "conf", "54": "MethodInvocation", "55": "peerConfig", "56": "getClusterKey", "57": "createClusterConf", "58": "=", "59": "CatchClause", "60": "CatchClauseParameter", "61": "IOException", "62": "e", "63": "StatementExpression", "64": "MethodInvocation", "65": "LOG", "66": "BinaryOperation", "67": "+", "68": "BinaryOperation", "69": "+", "70": "Literal", "71": "\"Can't get peer configuration for peerId=\"", "72": "MemberReference", "73": "peerId", "74": "Literal", "75": "\" because:\"", "76": "MemberReference", "77": "e", "78": "error", "79": "ReturnStatement", "80": "Literal", "81": "null", "82": "IfStatement", "83": "MethodInvocation", "84": "!", "85": "peerConfig", "86": "MethodInvocation", "87": "isEmpty", "88": "getConfiguration", "89": "BlockStatement", "90": "LocalVariableDeclaration", "91": "ReferenceType", "92": "CompoundConfiguration", "93": "VariableDeclarator", "94": "compound", "95": "ClassCreator", "96": "ReferenceType", "97": "CompoundConfiguration", "98": "StatementExpression", "99": "MethodInvocation", "100": "compound", "101": "MemberReference", "102": "otherConf", "103": "add", "104": "StatementExpression", "105": "MethodInvocation", "106": "compound", "107": "MethodInvocation", "108": "peerConfig", "109": "getConfiguration", "110": "addStringMap", "111": "ReturnStatement", "112": "ClassCreator", "113": "ReferenceType", "114": "Pair", "115": "TypeArgument", "116": "ReferenceType", "117": "ReplicationPeerConfig", "118": "TypeArgument", "119": "ReferenceType", "120": "Configuration", "121": "MemberReference", "122": "peerConfig", "123": "MemberReference", "124": "compound", "125": "ReturnStatement", "126": "ClassCreator", "127": "ReferenceType", "128": "Pair", "129": "TypeArgument", "130": "ReferenceType", "131": "ReplicationPeerConfig", "132": "TypeArgument", "133": "ReferenceType", "134": "Configuration", "135": "MemberReference", "136": "peerConfig", "137": "MemberReference", "138": "otherConf"}, "edges": {"0->1": 0, "1->0": 0, "1->2": 0, "2->1": 0, "0->3": 0, "3->0": 0, "3->4": 0, "4->3": 0, "0->5": 0, "5->0": 0, "5->6": 0, "6->5": 0, "5->7": 0, "7->5": 0, "7->8": 0, "8->7": 0, "8->9": 0, "9->8": 0, "5->10": 0, "10->5": 0, "10->11": 0, "11->10": 0, "11->12": 0, "12->11": 0, "0->13": 0, "13->0": 0, "0->14": 0, "14->0": 0, "14->15": 0, "15->14": 0, "15->16": 0, "16->15": 0, "14->17": 0, "17->14": 0, "0->18": 0, "18->0": 0, "0->19": 0, "19->0": 0, "19->20": 0, "20->19": 0, "20->21": 0, "21->20": 0, "19->22": 0, "22->19": 0, "22->23": 0, "23->22": 0, "22->24": 0, "24->22": 0, "24->25": 0, "25->24": 0, "25->26": 0, "26->25": 0, "24->27": 0, "27->24": 0, "0->28": 0, "28->0": 0, "28->29": 0, "29->28": 0, "29->30": 0, "30->29": 0, "29->31": 0, "31->29": 0, "31->32": 0, "32->31": 0, "29->33": 0, "33->29": 0, "33->34": 0, "34->33": 0, "28->35": 0, "35->28": 0, "35->36": 0, "36->35": 0, "36->37": 0, "37->36": 0, "37->38": 0, "38->37": 0, "0->39": 0, "39->0": 0, "39->40": 0, "40->39": 0, "40->41": 0, "41->40": 0, "39->42": 0, "42->39": 0, "42->43": 0, "43->42": 0, "0->44": 0, "44->0": 0, "44->45": 0, "45->44": 0, "45->46": 0, "46->45": 0, "46->47": 0, "47->46": 0, "47->48": 0, "48->47": 0, "46->49": 0, "49->46": 0, "49->50": 0, "50->49": 0, "49->51": 0, "51->49": 0, "51->52": 0, "52->51": 0, "52->53": 0, "53->52": 0, "49->54": 0, "54->49": 0, "54->55": 0, "55->54": 0, "54->56": 0, "56->54": 0, "49->57": 0, "57->49": 0, "46->58": 0, "58->46": 0, "44->59": 0, "59->44": 0, "59->60": 0, "60->59": 0, "60->61": 0, "61->60": 0, "60->62": 0, "62->60": 0, "59->63": 0, "63->59": 0, "63->64": 0, "64->63": 0, "64->65": 0, "65->64": 0, "64->66": 0, "66->64": 0, "66->67": 0, "67->66": 0, "66->68": 0, "68->66": 0, "68->69": 0, "69->68": 0, "68->70": 0, "70->68": 0, "70->71": 0, "71->70": 0, "68->72": 0, "72->68": 0, "72->73": 0, "73->72": 0, "66->74": 0, "74->66": 0, "74->75": 0, "75->74": 0, "64->76": 0, "76->64": 0, "76->77": 0, "77->76": 0, "64->78": 0, "78->64": 0, "59->79": 0, "79->59": 0, "79->80": 0, "80->79": 0, "80->81": 0, "81->80": 0, "0->82": 0, "82->0": 0, "82->83": 0, "83->82": 0, "83->84": 0, "84->83": 0, "83->85": 0, "85->83": 0, "83->86": 0, "86->83": 0, "86->87": 0, "87->86": 0, "83->88": 0, "88->83": 0, "82->89": 0, "89->82": 0, "89->90": 0, "90->89": 0, "90->91": 0, "91->90": 0, "91->92": 0, "92->91": 0, "90->93": 0, "93->90": 0, "93->94": 0, "94->93": 0, "93->95": 0, "95->93": 0, "95->96": 0, "96->95": 0, "96->97": 0, "97->96": 0, "89->98": 0, "98->89": 0, "98->99": 0, "99->98": 0, "99->100": 0, "100->99": 0, "99->101": 0, "101->99": 0, "101->102": 0, "102->101": 0, "99->103": 0, "103->99": 0, "89->104": 0, "104->89": 0, "104->105": 0, "105->104": 0, "105->106": 0, "106->105": 0, "105->107": 0, "107->105": 0, "107->108": 0, "108->107": 0, "107->109": 0, "109->107": 0, "105->110": 0, "110->105": 0, "89->111": 0, "111->89": 0, "111->112": 0, "112->111": 0, "112->113": 0, "113->112": 0, "113->114": 0, "114->113": 0, "113->115": 0, "115->113": 0, "115->116": 0, "116->115": 0, "116->117": 0, "117->116": 0, "113->118": 0, "118->113": 0, "118->119": 0, "119->118": 0, "119->120": 0, "120->119": 0, "112->121": 0, "121->112": 0, "121->122": 0, "122->121": 0, "112->123": 0, "123->112": 0, "123->124": 0, "124->123": 0, "0->125": 0, "125->0": 0, "125->126": 0, "126->125": 0, "126->127": 0, "127->126": 0, "127->128": 0, "128->127": 0, "127->129": 0, "129->127": 0, "129->130": 0, "130->129": 0, "130->131": 0, "131->130": 0, "127->132": 0, "132->127": 0, "132->133": 0, "133->132": 0, "133->134": 0, "134->133": 0, "126->135": 0, "135->126": 0, "135->136": 0, "136->135": 0, "126->137": 0, "137->126": 0, "137->138": 0, "138->137": 0, "1->3": 1, "3->1": 12, "3->5": 1, "5->3": 12, "5->13": 1, "13->5": 12, "13->14": 1, "14->13": 12, "14->18": 1, "18->14": 12, "18->19": 1, "19->18": 12, "19->28": 1, "28->19": 12, "28->39": 1, "39->28": 12, "39->44": 1, "44->39": 12, "44->82": 1, "82->44": 12, "82->125": 1, "125->82": 12, "6->7": 1, "7->6": 12, "7->10": 1, "10->7": 12, "15->17": 1, "17->15": 12, "20->22": 1, "22->20": 12, "23->24": 1, "24->23": 12, "25->27": 1, "27->25": 12, "29->35": 6, "35->29": 6, "30->31": 1, "31->30": 12, "31->33": 1, "33->31": 12, "40->42": 1, "42->40": 12, "45->59": 1, "59->45": 12, "47->49": 1, "49->47": 12, "49->58": 1, "58->49": 12, "50->51": 1, "51->50": 12, "51->54": 1, "54->51": 12, "54->57": 1, "57->54": 12, "55->56": 2, "56->55": 3, "60->63": 1, "63->60": 12, "63->79": 1, "79->63": 12, "61->62": 2, "62->61": 3, "65->66": 1, "66->65": 12, "66->76": 1, "76->66": 12, "76->78": 1, "78->76": 12, "67->68": 1, "68->67": 12, "68->74": 1, "74->68": 12, "69->70": 1, "70->69": 12, "70->72": 1, "72->70": 12, "83->89": 6, "89->83": 6, "84->85": 2, "85->84": 3, "85->86": 1, "86->85": 12, "86->88": 1, "88->86": 12, "90->98": 10, "98->90": 11, "98->104": 10, "104->98": 11, "104->111": 10, "111->104": 11, "91->93": 1, "93->91": 12, "94->95": 1, "95->94": 12, "100->101": 1, "101->100": 12, "101->103": 1, "103->101": 12, "106->107": 1, "107->106": 12, "107->110": 1, "110->107": 12, "108->109": 2, "109->108": 3, "113->121": 1, "121->113": 12, "121->123": 1, "123->121": 12, "114->115": 1, "115->114": 12, "115->118": 1, "118->115": 12, "127->135": 1, "135->127": 12, "135->137": 1, "137->135": 12, "128->129": 1, "129->128": 12, "129->132": 1, "132->129": 12, "2->4": 2, "4->2": 3, "4->6": 2, "6->4": 3, "6->9": 2, "9->6": 3, "9->12": 2, "12->9": 3, "12->13": 2, "13->12": 3, "13->16": 2, "16->13": 3, "16->17": 2, "17->16": 3, "17->18": 2, "18->17": 3, "18->21": 2, "21->18": 3, "21->23": 2, "23->21": 3, "23->26": 2, "26->23": 3, "26->27": 2, "27->26": 3, "27->30": 2, "30->27": 3, "30->32": 2, "32->30": 3, "32->34": 2, "34->32": 3, "34->38": 2, "38->34": 3, "38->41": 2, "41->38": 3, "41->43": 2, "43->41": 3, "43->48": 2, "48->43": 3, "48->50": 2, "50->48": 3, "50->53": 2, "53->50": 3, "53->55": 2, "55->53": 3, "56->57": 2, "57->56": 3, "57->58": 2, "58->57": 3, "58->61": 2, "61->58": 3, "62->65": 2, "65->62": 3, "65->67": 2, "67->65": 3, "67->69": 2, "69->67": 3, "69->71": 2, "71->69": 3, "71->73": 2, "73->71": 3, "73->75": 2, "75->73": 3, "75->77": 2, "77->75": 3, "77->78": 2, "78->77": 3, "78->81": 2, "81->78": 3, "81->84": 2, "84->81": 3, "85->87": 2, "87->85": 3, "87->88": 2, "88->87": 3, "88->92": 2, "92->88": 3, "92->94": 2, "94->92": 3, "94->97": 2, "97->94": 3, "97->100": 2, "100->97": 3, "100->102": 2, "102->100": 3, "102->103": 2, "103->102": 3, "103->106": 2, "106->103": 3, "106->108": 2, "108->106": 3, "109->110": 2, "110->109": 3, "110->114": 2, "114->110": 3, "114->117": 2, "117->114": 3, "117->120": 2, "120->117": 3, "120->122": 2, "122->120": 3, "122->124": 2, "124->122": 3, "124->128": 2, "128->124": 3, "128->131": 2, "131->128": 3, "131->134": 2, "134->131": 3, "134->136": 2, "136->134": 3, "136->138": 2, "138->136": 3, "26->73": 4, "73->26": 5, "32->122": 4, "122->32": 5, "122->136": 4, "136->122": 5, "48->102": 4, "102->48": 5, "102->138": 4, "138->102": 5}, "metrics": [21.0, 3.0, 1.0]}