{"nodelist": ["MethodDeclaration", "{'private', 'synchronized'}", "private", "synchronized", "ReferenceType", "CatalogTracker", "getCatalogTracker", "ZooKeeperConnectionException", "IOException", "LocalVariableDeclaration", "ReferenceType", "CatalogTracker", "VariableDeclarator", "ct", "Literal", "null", "TryStatement", "StatementExpression", "Assignment", "MemberReference", "ct", "ClassCreator", "ReferenceType", "CatalogTracker", "This", "MemberReference", "conf", "=", "StatementExpression", "MethodInvocation", "ct", "start", "CatchClause", "CatchClauseParameter", "InterruptedException", "e", "StatementExpression", "MethodInvocation", "Thread", "MethodInvocation", "interrupt", "currentThread", "ThrowStatement", "ClassCreator", "ReferenceType", "IOException", "Literal", "\"Interrupted\"", "MemberReference", "e", "ReturnStatement", "MemberReference", "ct"], "nodes": {"0": "MethodDeclaration", "1": "Modifier", "2": "private", "3": "synchronized", "4": "ReferenceType", "5": "CatalogTracker", "6": "getCatalogTracker", "7": "ZooKeeperConnectionException", "8": "IOException", "9": "LocalVariableDeclaration", "10": "ReferenceType", "11": "CatalogTracker", "12": "VariableDeclarator", "13": "ct", "14": "Literal", "15": "null", "16": "TryStatement", "17": "StatementExpression", "18": "Assignment", "19": "MemberReference", "20": "ct", "21": "ClassCreator", "22": "ReferenceType", "23": "CatalogTracker", "24": "This", "25": "MemberReference", "26": "conf", "27": "=", "28": "StatementExpression", "29": "MethodInvocation", "30": "ct", "31": "start", "32": "CatchClause", "33": "CatchClauseParameter", "34": "InterruptedException", "35": "e", "36": "StatementExpression", "37": "MethodInvocation", "38": "Thread", "39": "MethodInvocation", "40": "interrupt", "41": "currentThread", "42": "ThrowStatement", "43": "ClassCreator", "44": "ReferenceType", "45": "IOException", "46": "Literal", "47": "\"Interrupted\"", "48": "MemberReference", "49": "e", "50": "ReturnStatement", "51": "MemberReference", "52": "ct"}, "edges": {"0->1": 0, "1->0": 0, "1->2": 0, "2->1": 0, "1->3": 0, "3->1": 0, "0->4": 0, "4->0": 0, "4->5": 0, "5->4": 0, "0->6": 0, "6->0": 0, "0->7": 0, "7->0": 0, "0->8": 0, "8->0": 0, "0->9": 0, "9->0": 0, "9->10": 0, "10->9": 0, "10->11": 0, "11->10": 0, "9->12": 0, "12->9": 0, "12->13": 0, "13->12": 0, "12->14": 0, "14->12": 0, "14->15": 0, "15->14": 0, "0->16": 0, "16->0": 0, "16->17": 0, "17->16": 0, "17->18": 0, "18->17": 0, "18->19": 0, "19->18": 0, "19->20": 0, "20->19": 0, "18->21": 0, "21->18": 0, "21->22": 0, "22->21": 0, "22->23": 0, "23->22": 0, "21->24": 0, "24->21": 0, "24->25": 0, "25->24": 0, "25->26": 0, "26->25": 0, "18->27": 0, "27->18": 0, "16->28": 0, "28->16": 0, "28->29": 0, "29->28": 0, "29->30": 0, "30->29": 0, "29->31": 0, "31->29": 0, "16->32": 0, "32->16": 0, "32->33": 0, "33->32": 0, "33->34": 0, "34->33": 0, "33->35": 0, "35->33": 0, "32->36": 0, "36->32": 0, "36->37": 0, "37->36": 0, "37->38": 0, "38->37": 0, "37->39": 0, "39->37": 0, "39->40": 0, "40->39": 0, "37->41": 0, "41->37": 0, "32->42": 0, "42->32": 0, "42->43": 0, "43->42": 0, "43->44": 0, "44->43": 0, "44->45": 0, "45->44": 0, "43->46": 0, "46->43": 0, "46->47": 0, "47->46": 0, "43->48": 0, "48->43": 0, "48->49": 0, "49->48": 0, "0->50": 0, "50->0": 0, "50->51": 0, "51->50": 0, "51->52": 0, "52->51": 0, "1->4": 1, "4->1": 12, "4->6": 1, "6->4": 12, "6->7": 2, "7->6": 3, "7->8": 2, "8->7": 3, "8->9": 1, "9->8": 12, "9->16": 1, "16->9": 12, "16->50": 1, "50->16": 12, "2->3": 2, "3->2": 3, "10->12": 1, "12->10": 12, "13->14": 1, "14->13": 12, "17->28": 1, "28->17": 12, "28->32": 1, "32->28": 12, "19->21": 1, "21->19": 12, "21->27": 1, "27->21": 12, "22->24": 1, "24->22": 12, "30->31": 2, "31->30": 3, "33->36": 1, "36->33": 12, "36->42": 1, "42->36": 12, "34->35": 2, "35->34": 3, "38->39": 1, "39->38": 12, "39->41": 1, "41->39": 12, "44->46": 1, "46->44": 12, "46->48": 1, "48->46": 12, "3->5": 2, "5->3": 3, "5->6": 2, "6->5": 3, "8->11": 2, "11->8": 3, "11->13": 2, "13->11": 3, "13->15": 2, "15->13": 3, "15->20": 2, "20->15": 3, "20->23": 2, "23->20": 3, "23->26": 2, "26->23": 3, "26->27": 2, "27->26": 3, "27->30": 2, "30->27": 3, "31->34": 2, "34->31": 3, "35->38": 2, "38->35": 3, "38->40": 2, "40->38": 3, "40->41": 2, "41->40": 3, "41->45": 2, "45->41": 3, "45->47": 2, "47->45": 3, "47->49": 2, "49->47": 3, "49->52": 2, "52->49": 3, "20->52": 4, "52->20": 5}, "metrics": [12.0, 1.0, 0.0]}