{"nodelist": ["ConstructorDeclaration", "{'public'}", "public", "FuzzyRowFilter", "FormalParameter", "ReferenceType", "List", "TypeArgument", "ReferenceType", "Pair", "TypeArgument", "BasicType", "byte", "TypeArgument", "BasicType", "byte", "fuzzyKeysData", "LocalVariableDeclaration", "ReferenceType", "Pair", "TypeArgument", "BasicType", "byte", "TypeArgument", "BasicType", "byte", "VariableDeclarator", "p", "ForStatement", "ForControl", "VariableDeclaration", "BasicType", "int", "VariableDeclarator", "i", "Literal", "0", "BinaryOperation", "<", "MemberReference", "i", "MethodInvocation", "fuzzyKeysData", "size", "MemberReference", "++", "i", "BlockStatement", "StatementExpression", "Assignment", "MemberReference", "p", "MethodInvocation", "fuzzyKeysData", "MemberReference", "i", "get", "=", "IfStatement", "BinaryOperation", "!=", "MethodInvocation", "p", "MemberReference", "length", "getFirst", "MethodInvocation", "p", "MemberReference", "length", "getSecond", "BlockStatement", "LocalVariableDeclaration", "ReferenceType", "Pair", "TypeArgument", "ReferenceType", "String", "TypeArgument", "ReferenceType", "String", "VariableDeclarator", "readable", "ClassCreator", "ReferenceType", "Pair", "TypeArgument", "ReferenceType", "String", "TypeArgument", "ReferenceType", "String", "MethodInvocation", "Bytes", "MethodInvocation", "p", "getFirst", "toStringBinary", "MethodInvocation", "Bytes", "MethodInvocation", "p", "getSecond", "toStringBinary", "ThrowStatement", "ClassCreator", "ReferenceType", "IllegalArgumentException", "BinaryOperation", "+", "Literal", "\"Fuzzy pair lengths do not match: \"", "MemberReference", "readable", "StatementExpression", "MethodInvocation", "p", "MethodInvocation", "MethodInvocation", "p", "getSecond", "preprocessMask", "setSecond", "StatementExpression", "MethodInvocation", "MemberReference", "p", "preprocessSearchKey", "StatementExpression", "Assignment", "This", "MemberReference", "fuzzyKeysData", "MemberReference", "fuzzyKeysData", "=", "StatementExpression", "Assignment", "This", "MemberReference", "tracker", "ClassCreator", "ReferenceType", "RowTracker", "="], "nodes": {"0": "ConstructorDeclaration", "1": "Modifier", "2": "public", "3": "FuzzyRowFilter", "4": "FormalParameter", "5": "ReferenceType", "6": "List", "7": "TypeArgument", "8": "ReferenceType", "9": "Pair", "10": "TypeArgument", "11": "BasicType", "12": "byte", "13": "TypeArgument", "14": "BasicType", "15": "byte", "16": "fuzzyKeysData", "17": "LocalVariableDeclaration", "18": "ReferenceType", "19": "Pair", "20": "TypeArgument", "21": "BasicType", "22": "byte", "23": "TypeArgument", "24": "BasicType", "25": "byte", "26": "VariableDeclarator", "27": "p", "28": "ForStatement", "29": "ForControl", "30": "VariableDeclaration", "31": "BasicType", "32": "int", "33": "VariableDeclarator", "34": "i", "35": "Literal", "36": "0", "37": "BinaryOperation", "38": "<", "39": "MemberReference", "40": "i", "41": "MethodInvocation", "42": "fuzzyKeysData", "43": "size", "44": "MemberReference", "45": "++", "46": "i", "47": "BlockStatement", "48": "StatementExpression", "49": "Assignment", "50": "MemberReference", "51": "p", "52": "MethodInvocation", "53": "fuzzyKeysData", "54": "MemberReference", "55": "i", "56": "get", "57": "=", "58": "IfStatement", "59": "BinaryOperation", "60": "!=", "61": "MethodInvocation", "62": "p", "63": "MemberReference", "64": "length", "65": "getFirst", "66": "MethodInvocation", "67": "p", "68": "MemberReference", "69": "length", "70": "getSecond", "71": "BlockStatement", "72": "LocalVariableDeclaration", "73": "ReferenceType", "74": "Pair", "75": "TypeArgument", "76": "ReferenceType", "77": "String", "78": "TypeArgument", "79": "ReferenceType", "80": "String", "81": "VariableDeclarator", "82": "readable", "83": "ClassCreator", "84": "ReferenceType", "85": "Pair", "86": "TypeArgument", "87": "ReferenceType", "88": "String", "89": "TypeArgument", "90": "ReferenceType", "91": "String", "92": "MethodInvocation", "93": "Bytes", "94": "MethodInvocation", "95": "p", "96": "getFirst", "97": "toStringBinary", "98": "MethodInvocation", "99": "Bytes", "100": "MethodInvocation", "101": "p", "102": "getSecond", "103": "toStringBinary", "104": "ThrowStatement", "105": "ClassCreator", "106": "ReferenceType", "107": "IllegalArgumentException", "108": "BinaryOperation", "109": "+", "110": "Literal", "111": "\"Fuzzy pair lengths do not match: \"", "112": "MemberReference", "113": "readable", "114": "StatementExpression", "115": "MethodInvocation", "116": "p", "117": "MethodInvocation", "118": "MethodInvocation", "119": "p", "120": "getSecond", "121": "preprocessMask", "122": "setSecond", "123": "StatementExpression", "124": "MethodInvocation", "125": "MemberReference", "126": "p", "127": "preprocessSearchKey", "128": "StatementExpression", "129": "Assignment", "130": "This", "131": "MemberReference", "132": "fuzzyKeysData", "133": "MemberReference", "134": "fuzzyKeysData", "135": "=", "136": "StatementExpression", "137": "Assignment", "138": "This", "139": "MemberReference", "140": "tracker", "141": "ClassCreator", "142": "ReferenceType", "143": "RowTracker", "144": "="}, "edges": {"0->1": 0, "1->0": 0, "1->2": 0, "2->1": 0, "0->3": 0, "3->0": 0, "0->4": 0, "4->0": 0, "4->5": 0, "5->4": 0, "5->6": 0, "6->5": 0, "5->7": 0, "7->5": 0, "7->8": 0, "8->7": 0, "8->9": 0, "9->8": 0, "8->10": 0, "10->8": 0, "10->11": 0, "11->10": 0, "11->12": 0, "12->11": 0, "8->13": 0, "13->8": 0, "13->14": 0, "14->13": 0, "14->15": 0, "15->14": 0, "4->16": 0, "16->4": 0, "0->17": 0, "17->0": 0, "17->18": 0, "18->17": 0, "18->19": 0, "19->18": 0, "18->20": 0, "20->18": 0, "20->21": 0, "21->20": 0, "21->22": 0, "22->21": 0, "18->23": 0, "23->18": 0, "23->24": 0, "24->23": 0, "24->25": 0, "25->24": 0, "17->26": 0, "26->17": 0, "26->27": 0, "27->26": 0, "0->28": 0, "28->0": 0, "28->29": 0, "29->28": 0, "29->30": 0, "30->29": 0, "30->31": 0, "31->30": 0, "31->32": 0, "32->31": 0, "30->33": 0, "33->30": 0, "33->34": 0, "34->33": 0, "33->35": 0, "35->33": 0, "35->36": 0, "36->35": 0, "29->37": 0, "37->29": 0, "37->38": 0, "38->37": 0, "37->39": 0, "39->37": 0, "39->40": 0, "40->39": 0, "37->41": 0, "41->37": 0, "41->42": 0, "42->41": 0, "41->43": 0, "43->41": 0, "29->44": 0, "44->29": 0, "44->45": 0, "45->44": 0, "44->46": 0, "46->44": 0, "28->47": 0, "47->28": 0, "47->48": 0, "48->47": 0, "48->49": 0, "49->48": 0, "49->50": 0, "50->49": 0, "50->51": 0, "51->50": 0, "49->52": 0, "52->49": 0, "52->53": 0, "53->52": 0, "52->54": 0, "54->52": 0, "54->55": 0, "55->54": 0, "52->56": 0, "56->52": 0, "49->57": 0, "57->49": 0, "47->58": 0, "58->47": 0, "58->59": 0, "59->58": 0, "59->60": 0, "60->59": 0, "59->61": 0, "61->59": 0, "61->62": 0, "62->61": 0, "61->63": 0, "63->61": 0, "63->64": 0, "64->63": 0, "61->65": 0, "65->61": 0, "59->66": 0, "66->59": 0, "66->67": 0, "67->66": 0, "66->68": 0, "68->66": 0, "68->69": 0, "69->68": 0, "66->70": 0, "70->66": 0, "58->71": 0, "71->58": 0, "71->72": 0, "72->71": 0, "72->73": 0, "73->72": 0, "73->74": 0, "74->73": 0, "73->75": 0, "75->73": 0, "75->76": 0, "76->75": 0, "76->77": 0, "77->76": 0, "73->78": 0, "78->73": 0, "78->79": 0, "79->78": 0, "79->80": 0, "80->79": 0, "72->81": 0, "81->72": 0, "81->82": 0, "82->81": 0, "81->83": 0, "83->81": 0, "83->84": 0, "84->83": 0, "84->85": 0, "85->84": 0, "84->86": 0, "86->84": 0, "86->87": 0, "87->86": 0, "87->88": 0, "88->87": 0, "84->89": 0, "89->84": 0, "89->90": 0, "90->89": 0, "90->91": 0, "91->90": 0, "83->92": 0, "92->83": 0, "92->93": 0, "93->92": 0, "92->94": 0, "94->92": 0, "94->95": 0, "95->94": 0, "94->96": 0, "96->94": 0, "92->97": 0, "97->92": 0, "83->98": 0, "98->83": 0, "98->99": 0, "99->98": 0, "98->100": 0, "100->98": 0, "100->101": 0, "101->100": 0, "100->102": 0, "102->100": 0, "98->103": 0, "103->98": 0, "71->104": 0, "104->71": 0, "104->105": 0, "105->104": 0, "105->106": 0, "106->105": 0, "106->107": 0, "107->106": 0, "105->108": 0, "108->105": 0, "108->109": 0, "109->108": 0, "108->110": 0, "110->108": 0, "110->111": 0, "111->110": 0, "108->112": 0, "112->108": 0, "112->113": 0, "113->112": 0, "47->114": 0, "114->47": 0, "114->115": 0, "115->114": 0, "115->116": 0, "116->115": 0, "115->117": 0, "117->115": 0, "117->118": 0, "118->117": 0, "118->119": 0, "119->118": 0, "118->120": 0, "120->118": 0, "117->121": 0, "121->117": 0, "115->122": 0, "122->115": 0, "47->123": 0, "123->47": 0, "123->124": 0, "124->123": 0, "124->125": 0, "125->124": 0, "125->126": 0, "126->125": 0, "124->127": 0, "127->124": 0, "0->128": 0, "128->0": 0, "128->129": 0, "129->128": 0, "129->130": 0, "130->129": 0, "130->131": 0, "131->130": 0, "131->132": 0, "132->131": 0, "129->133": 0, "133->129": 0, "133->134": 0, "134->133": 0, "129->135": 0, "135->129": 0, "0->136": 0, "136->0": 0, "136->137": 0, "137->136": 0, "137->138": 0, "138->137": 0, "138->139": 0, "139->138": 0, "139->140": 0, "140->139": 0, "137->141": 0, "141->137": 0, "141->142": 0, "142->141": 0, "142->143": 0, "143->142": 0, "137->144": 0, "144->137": 0, "1->3": 1, "3->1": 12, "3->4": 1, "4->3": 12, "4->17": 1, "17->4": 12, "17->28": 1, "28->17": 12, "28->128": 1, "128->28": 12, "128->136": 1, "136->128": 12, "5->16": 1, "16->5": 12, "6->7": 1, "7->6": 12, "9->10": 1, "10->9": 12, "10->13": 1, "13->10": 12, "18->26": 1, "26->18": 12, "19->20": 1, "20->19": 12, "20->23": 1, "23->20": 12, "29->47": 9, "47->29": 9, "30->37": 1, "37->30": 12, "37->44": 1, "44->37": 12, "31->33": 1, "33->31": 12, "34->35": 1, "35->34": 12, "38->39": 1, "39->38": 12, "39->41": 1, "41->39": 12, "42->43": 2, "43->42": 3, "45->46": 2, "46->45": 3, "48->58": 10, "58->48": 11, "58->114": 10, "114->58": 11, "114->123": 10, "123->114": 11, "50->52": 1, "52->50": 12, "52->57": 1, "57->52": 12, "53->54": 1, "54->53": 12, "54->56": 1, "56->54": 12, "59->71": 6, "71->59": 6, "60->61": 1, "61->60": 12, "61->66": 1, "66->61": 12, "62->63": 1, "63->62": 12, "63->65": 1, "65->63": 12, "67->68": 1, "68->67": 12, "68->70": 1, "70->68": 12, "72->104": 10, "104->72": 11, "73->81": 1, "81->73": 12, "74->75": 1, "75->74": 12, "75->78": 1, "78->75": 12, "82->83": 1, "83->82": 12, "84->92": 1, "92->84": 12, "92->98": 1, "98->92": 12, "85->86": 1, "86->85": 12, "86->89": 1, "89->86": 12, "93->94": 1, "94->93": 12, "94->97": 1, "97->94": 12, "95->96": 2, "96->95": 3, "99->100": 1, "100->99": 12, "100->103": 1, "103->100": 12, "101->102": 2, "102->101": 3, "106->108": 1, "108->106": 12, "109->110": 1, "110->109": 12, "110->112": 1, "112->110": 12, "116->117": 1, "117->116": 12, "117->122": 1, "122->117": 12, "118->121": 1, "121->118": 12, "119->120": 2, "120->119": 3, "125->127": 1, "127->125": 12, "130->133": 1, "133->130": 12, "133->135": 1, "135->133": 12, "138->141": 1, "141->138": 12, "141->144": 1, "144->141": 12, "2->3": 2, "3->2": 3, "3->6": 2, "6->3": 3, "6->9": 2, "9->6": 3, "9->12": 2, "12->9": 3, "12->15": 2, "15->12": 3, "15->16": 2, "16->15": 3, "16->19": 2, "19->16": 3, "19->22": 2, "22->19": 3, "22->25": 2, "25->22": 3, "25->27": 2, "27->25": 3, "27->32": 2, "32->27": 3, "32->34": 2, "34->32": 3, "34->36": 2, "36->34": 3, "36->38": 2, "38->36": 3, "38->40": 2, "40->38": 3, "40->42": 2, "42->40": 3, "43->45": 2, "45->43": 3, "46->51": 2, "51->46": 3, "51->53": 2, "53->51": 3, "53->55": 2, "55->53": 3, "55->56": 2, "56->55": 3, "56->57": 2, "57->56": 3, "57->60": 2, "60->57": 3, "60->62": 2, "62->60": 3, "62->64": 2, "64->62": 3, "64->65": 2, "65->64": 3, "65->67": 2, "67->65": 3, "67->69": 2, "69->67": 3, "69->70": 2, "70->69": 3, "70->74": 2, "74->70": 3, "74->77": 2, "77->74": 3, "77->80": 2, "80->77": 3, "80->82": 2, "82->80": 3, "82->85": 2, "85->82": 3, "85->88": 2, "88->85": 3, "88->91": 2, "91->88": 3, "91->93": 2, "93->91": 3, "93->95": 2, "95->93": 3, "96->97": 2, "97->96": 3, "97->99": 2, "99->97": 3, "99->101": 2, "101->99": 3, "102->103": 2, "103->102": 3, "103->107": 2, "107->103": 3, "107->109": 2, "109->107": 3, "109->111": 2, "111->109": 3, "111->113": 2, "113->111": 3, "113->116": 2, "116->113": 3, "116->119": 2, "119->116": 3, "120->121": 2, "121->120": 3, "121->122": 2, "122->121": 3, "122->126": 2, "126->122": 3, "126->127": 2, "127->126": 3, "127->132": 2, "132->127": 3, "132->134": 4, "134->132": 5, "134->135": 2, "135->134": 3, "135->140": 2, "140->135": 3, "140->143": 2, "143->140": 3, "143->144": 2, "144->143": 3, "40->46": 4, "46->40": 5, "46->55": 4, "55->46": 5, "51->126": 4, "126->51": 5, "64->69": 4, "69->64": 5}, "metrics": [14.0, 3.0, 1.0]}