{"nodelist": ["MethodDeclaration", "{'protected'}", "protected", "ReferenceType", "com", "ReferenceType", "google", "ReferenceType", "protobuf", "ReferenceType", "GeneratedMessage", "ReferenceType", "FieldAccessorTable", "internalGetFieldAccessorTable", "ReturnStatement", "MemberReference", "org.apache.hadoop.hbase.protobuf.generated.AdminProtos", "internal_static_WALEntry_fieldAccessorTable"], "nodes": {"0": "MethodDeclaration", "1": "Modifier", "2": "protected", "3": "ReferenceType", "4": "com", "5": "ReferenceType", "6": "google", "7": "ReferenceType", "8": "protobuf", "9": "ReferenceType", "10": "GeneratedMessage", "11": "ReferenceType", "12": "FieldAccessorTable", "13": "internalGetFieldAccessorTable", "14": "ReturnStatement", "15": "MemberReference", "16": "org.apache.hadoop.hbase.protobuf.generated.AdminProtos", "17": "internal_static_WALEntry_fieldAccessorTable"}, "edges": {"0->1": 0, "1->0": 0, "1->2": 0, "2->1": 0, "0->3": 0, "3->0": 0, "3->4": 0, "4->3": 0, "3->5": 0, "5->3": 0, "5->6": 0, "6->5": 0, "5->7": 0, "7->5": 0, "7->8": 0, "8->7": 0, "7->9": 0, "9->7": 0, "9->10": 0, "10->9": 0, "9->11": 0, "11->9": 0, "11->12": 0, "12->11": 0, "0->13": 0, "13->0": 0, "0->14": 0, "14->0": 0, "14->15": 0, "15->14": 0, "15->16": 0, "16->15": 0, "15->17": 0, "17->15": 0, "1->3": 1, "3->1": 12, "3->13": 1, "13->3": 12, "13->14": 1, "14->13": 12, "4->5": 1, "5->4": 12, "6->7": 1, "7->6": 12, "8->9": 1, "9->8": 12, "10->11": 1, "11->10": 12, "16->17": 2, "17->16": 3, "2->4": 2, "4->2": 3, "4->6": 2, "6->4": 3, "6->8": 2, "8->6": 3, "8->10": 2, "10->8": 3, "10->12": 2, "12->10": 3, "12->13": 2, "13->12": 3, "13->16": 2, "16->13": 3}, "metrics": [3.0, 1.0, 0.0]}