{"nodelist": ["MethodDeclaration", "{'public'}", "public", "cancelConnections", "FormalParameter", "ReferenceType", "String", "hostname", "FormalParameter", "BasicType", "int", "port", "SynchronizedStatement", "MemberReference", "connections", "ForStatement", "EnhancedForControl", "VariableDeclaration", "ReferenceType", "Connection", "VariableDeclarator", "connection", "MethodInvocation", "connections", "values", "BlockStatement", "IfStatement", "BinaryOperation", "&&", "BinaryOperation", "&&", "MethodInvocation", "connection", "isAlive", "BinaryOperation", "==", "MethodInvocation", "connection", "MethodInvocation", "getPort", "getRemoteAddress", "MemberReference", "port", "MethodInvocation", "connection", "MethodInvocation", "getHostName", "MethodInvocation", "MemberReference", "hostname", "equals", "getRemoteAddress", "BlockStatement", "StatementExpression", "MethodInvocation", "LOG", "BinaryOperation", "+", "BinaryOperation", "+", "BinaryOperation", "+", "BinaryOperation", "+", "BinaryOperation", "+", "Literal", "\"The server on \"", "MemberReference", "hostname", "Literal", "\":\"", "MemberReference", "port", "Literal", "\" is dead - stopping the connection \"", "MemberReference", "connection", "remoteId", "info", "StatementExpression", "MethodInvocation", "connection", "interrupt"], "nodes": {"0": "MethodDeclaration", "1": "Modifier", "2": "public", "3": "cancelConnections", "4": "FormalParameter", "5": "ReferenceType", "6": "String", "7": "hostname", "8": "FormalParameter", "9": "BasicType", "10": "int", "11": "port", "12": "SynchronizedStatement", "13": "MemberReference", "14": "connections", "15": "ForStatement", "16": "EnhancedForControl", "17": "VariableDeclaration", "18": "ReferenceType", "19": "Connection", "20": "VariableDeclarator", "21": "connection", "22": "MethodInvocation", "23": "connections", "24": "values", "25": "BlockStatement", "26": "IfStatement", "27": "BinaryOperation", "28": "&&", "29": "BinaryOperation", "30": "&&", "31": "MethodInvocation", "32": "connection", "33": "isAlive", "34": "BinaryOperation", "35": "==", "36": "MethodInvocation", "37": "connection", "38": "MethodInvocation", "39": "getPort", "40": "getRemoteAddress", "41": "MemberReference", "42": "port", "43": "MethodInvocation", "44": "connection", "45": "MethodInvocation", "46": "getHostName", "47": "MethodInvocation", "48": "MemberReference", "49": "hostname", "50": "equals", "51": "getRemoteAddress", "52": "BlockStatement", "53": "StatementExpression", "54": "MethodInvocation", "55": "LOG", "56": "BinaryOperation", "57": "+", "58": "BinaryOperation", "59": "+", "60": "BinaryOperation", "61": "+", "62": "BinaryOperation", "63": "+", "64": "BinaryOperation", "65": "+", "66": "Literal", "67": "\"The server on \"", "68": "MemberReference", "69": "hostname", "70": "Literal", "71": "\":\"", "72": "MemberReference", "73": "port", "74": "Literal", "75": "\" is dead - stopping the connection \"", "76": "MemberReference", "77": "connection", "78": "remoteId", "79": "info", "80": "StatementExpression", "81": "MethodInvocation", "82": "connection", "83": "interrupt"}, "edges": {"0->1": 0, "1->0": 0, "1->2": 0, "2->1": 0, "0->3": 0, "3->0": 0, "0->4": 0, "4->0": 0, "4->5": 0, "5->4": 0, "5->6": 0, "6->5": 0, "4->7": 0, "7->4": 0, "0->8": 0, "8->0": 0, "8->9": 0, "9->8": 0, "9->10": 0, "10->9": 0, "8->11": 0, "11->8": 0, "0->12": 0, "12->0": 0, "12->13": 0, "13->12": 0, "13->14": 0, "14->13": 0, "12->15": 0, "15->12": 0, "15->16": 0, "16->15": 0, "16->17": 0, "17->16": 0, "17->18": 0, "18->17": 0, "18->19": 0, "19->18": 0, "17->20": 0, "20->17": 0, "20->21": 0, "21->20": 0, "16->22": 0, "22->16": 0, "22->23": 0, "23->22": 0, "22->24": 0, "24->22": 0, "15->25": 0, "25->15": 0, "25->26": 0, "26->25": 0, "26->27": 0, "27->26": 0, "27->28": 0, "28->27": 0, "27->29": 0, "29->27": 0, "29->30": 0, "30->29": 0, "29->31": 0, "31->29": 0, "31->32": 0, "32->31": 0, "31->33": 0, "33->31": 0, "29->34": 0, "34->29": 0, "34->35": 0, "35->34": 0, "34->36": 0, "36->34": 0, "36->37": 0, "37->36": 0, "36->38": 0, "38->36": 0, "38->39": 0, "39->38": 0, "36->40": 0, "40->36": 0, "34->41": 0, "41->34": 0, "41->42": 0, "42->41": 0, "27->43": 0, "43->27": 0, "43->44": 0, "44->43": 0, "43->45": 0, "45->43": 0, "45->46": 0, "46->45": 0, "43->47": 0, "47->43": 0, "47->48": 0, "48->47": 0, "48->49": 0, "49->48": 0, "47->50": 0, "50->47": 0, "43->51": 0, "51->43": 0, "26->52": 0, "52->26": 0, "52->53": 0, "53->52": 0, "53->54": 0, "54->53": 0, "54->55": 0, "55->54": 0, "54->56": 0, "56->54": 0, "56->57": 0, "57->56": 0, "56->58": 0, "58->56": 0, "58->59": 0, "59->58": 0, "58->60": 0, "60->58": 0, "60->61": 0, "61->60": 0, "60->62": 0, "62->60": 0, "62->63": 0, "63->62": 0, "62->64": 0, "64->62": 0, "64->65": 0, "65->64": 0, "64->66": 0, "66->64": 0, "66->67": 0, "67->66": 0, "64->68": 0, "68->64": 0, "68->69": 0, "69->68": 0, "62->70": 0, "70->62": 0, "70->71": 0, "71->70": 0, "60->72": 0, "72->60": 0, "72->73": 0, "73->72": 0, "58->74": 0, "74->58": 0, "74->75": 0, "75->74": 0, "56->76": 0, "76->56": 0, "76->77": 0, "77->76": 0, "76->78": 0, "78->76": 0, "54->79": 0, "79->54": 0, "52->80": 0, "80->52": 0, "80->81": 0, "81->80": 0, "81->82": 0, "82->81": 0, "81->83": 0, "83->81": 0, "1->3": 1, "3->1": 12, "3->4": 1, "4->3": 12, "4->8": 1, "8->4": 12, "8->12": 1, "12->8": 12, "5->7": 1, "7->5": 12, "9->11": 1, "11->9": 12, "13->15": 1, "15->13": 12, "16->25": 9, "25->16": 9, "17->22": 1, "22->17": 12, "18->20": 1, "20->18": 12, "23->24": 2, "24->23": 3, "27->52": 6, "52->27": 6, "28->29": 1, "29->28": 12, "29->43": 1, "43->29": 12, "30->31": 1, "31->30": 12, "31->34": 1, "34->31": 12, "32->33": 2, "33->32": 3, "35->36": 1, "36->35": 12, "36->41": 1, "41->36": 12, "37->38": 1, "38->37": 12, "38->40": 1, "40->38": 12, "44->45": 1, "45->44": 12, "45->47": 1, "47->45": 12, "47->51": 1, "51->47": 12, "48->50": 1, "50->48": 12, "53->80": 10, "80->53": 11, "55->56": 1, "56->55": 12, "56->79": 1, "79->56": 12, "57->58": 1, "58->57": 12, "58->76": 1, "76->58": 12, "59->60": 1, "60->59": 12, "60->74": 1, "74->60": 12, "61->62": 1, "62->61": 12, "62->72": 1, "72->62": 12, "63->64": 1, "64->63": 12, "64->70": 1, "70->64": 12, "65->66": 1, "66->65": 12, "66->68": 1, "68->66": 12, "77->78": 2, "78->77": 3, "82->83": 2, "83->82": 3, "2->3": 2, "3->2": 3, "3->6": 2, "6->3": 3, "6->7": 2, "7->6": 3, "7->10": 2, "10->7": 3, "10->11": 2, "11->10": 3, "11->14": 2, "14->11": 3, "14->19": 2, "19->14": 3, "19->21": 2, "21->19": 3, "21->23": 2, "23->21": 3, "24->28": 2, "28->24": 3, "28->30": 2, "30->28": 3, "30->32": 2, "32->30": 3, "33->35": 2, "35->33": 3, "35->37": 2, "37->35": 3, "37->39": 2, "39->37": 3, "39->40": 2, "40->39": 3, "40->42": 2, "42->40": 3, "42->44": 2, "44->42": 3, "44->46": 2, "46->44": 3, "46->49": 2, "49->46": 3, "49->50": 2, "50->49": 3, "50->51": 2, "51->50": 3, "51->55": 2, "55->51": 3, "55->57": 2, "57->55": 3, "57->59": 2, "59->57": 3, "59->61": 2, "61->59": 3, "61->63": 2, "63->61": 3, "63->65": 2, "65->63": 3, "65->67": 2, "67->65": 3, "67->69": 2, "69->67": 3, "69->71": 2, "71->69": 3, "71->73": 2, "73->71": 3, "73->75": 2, "75->73": 3, "75->77": 2, "77->75": 3, "78->79": 2, "79->78": 3, "79->82": 2, "82->79": 3, "42->73": 4, "73->42": 5, "49->69": 4, "69->49": 5}, "metrics": [10.0, 3.0, 2.0]}