{"nodelist": ["MethodDeclaration", "{'private', 'static'}", "private", "static", "ReferenceType", "ByteBuffer", "getItemByteBuffer", "FormalParameter", "ReferenceType", "ByteBuff", "buf", "FormalParameter", "BasicType", "int", "index", "ReturnStatement", "TernaryExpression", "BinaryOperation", "instanceof", "MemberReference", "buf", "ReferenceType", "SingleByteBuff", "Cast", "ReferenceType", "SingleByteBuff", "MemberReference", "buf", "Cast", "ReferenceType", "MultiByteBuff", "MemberReference", "buf"], "nodes": {"0": "MethodDeclaration", "1": "Modifier", "2": "private", "3": "static", "4": "ReferenceType", "5": "ByteBuffer", "6": "getItemByteBuffer", "7": "FormalParameter", "8": "ReferenceType", "9": "ByteBuff", "10": "buf", "11": "FormalParameter", "12": "BasicType", "13": "int", "14": "index", "15": "ReturnStatement", "16": "TernaryExpression", "17": "BinaryOperation", "18": "instanceof", "19": "MemberReference", "20": "buf", "21": "ReferenceType", "22": "SingleByteBuff", "23": "Cast", "24": "ReferenceType", "25": "SingleByteBuff", "26": "MemberReference", "27": "buf", "28": "Cast", "29": "ReferenceType", "30": "MultiByteBuff", "31": "MemberReference", "32": "buf"}, "edges": {"0->1": 0, "1->0": 0, "1->2": 0, "2->1": 0, "1->3": 0, "3->1": 0, "0->4": 0, "4->0": 0, "4->5": 0, "5->4": 0, "0->6": 0, "6->0": 0, "0->7": 0, "7->0": 0, "7->8": 0, "8->7": 0, "8->9": 0, "9->8": 0, "7->10": 0, "10->7": 0, "0->11": 0, "11->0": 0, "11->12": 0, "12->11": 0, "12->13": 0, "13->12": 0, "11->14": 0, "14->11": 0, "0->15": 0, "15->0": 0, "15->16": 0, "16->15": 0, "16->17": 0, "17->16": 0, "17->18": 0, "18->17": 0, "17->19": 0, "19->17": 0, "19->20": 0, "20->19": 0, "17->21": 0, "21->17": 0, "21->22": 0, "22->21": 0, "16->23": 0, "23->16": 0, "23->24": 0, "24->23": 0, "24->25": 0, "25->24": 0, "23->26": 0, "26->23": 0, "26->27": 0, "27->26": 0, "16->28": 0, "28->16": 0, "28->29": 0, "29->28": 0, "29->30": 0, "30->29": 0, "28->31": 0, "31->28": 0, "31->32": 0, "32->31": 0, "1->4": 1, "4->1": 12, "4->6": 1, "6->4": 12, "6->7": 1, "7->6": 12, "7->11": 1, "11->7": 12, "11->15": 1, "15->11": 12, "2->3": 2, "3->2": 3, "8->10": 1, "10->8": 12, "12->14": 1, "14->12": 12, "17->23": 1, "23->17": 12, "23->28": 1, "28->23": 12, "18->19": 1, "19->18": 12, "19->21": 1, "21->19": 12, "24->26": 1, "26->24": 12, "29->31": 1, "31->29": 12, "3->5": 2, "5->3": 3, "5->6": 2, "6->5": 3, "6->9": 2, "9->6": 3, "9->10": 2, "10->9": 3, "10->13": 2, "13->10": 3, "13->14": 2, "14->13": 3, "14->18": 2, "18->14": 3, "18->20": 2, "20->18": 3, "20->22": 2, "22->20": 3, "22->25": 2, "25->22": 3, "25->27": 2, "27->25": 3, "27->30": 2, "30->27": 3, "30->32": 2, "32->30": 3, "20->27": 4, "27->20": 5, "27->32": 4, "32->27": 5}, "metrics": [3.0, 1.0, 2.0]}