{"nodelist": ["ConstructorDeclaration", "PostOpenDeployTasksThread", "FormalParameter", "{'final'}", "final", "ReferenceType", "HRegion", "region", "FormalParameter", "{'final'}", "final", "ReferenceType", "Server", "server", "FormalParameter", "{'final'}", "final", "ReferenceType", "RegionServerServices", "services", "FormalParameter", "{'final'}", "final", "ReferenceType", "AtomicBoolean", "signaller", "StatementExpression", "SuperConstructorInvocation", "BinaryOperation", "+", "Literal", "\"PostOpenDeployTasks:\"", "MethodInvocation", "region", "MethodInvocation", "getEncodedName", "getRegionInfo", "StatementExpression", "This", "MethodInvocation", "Literal", "true", "setDaemon", "StatementExpression", "Assignment", "This", "MemberReference", "server", "MemberReference", "server", "=", "StatementExpression", "Assignment", "This", "MemberReference", "services", "MemberReference", "services", "=", "StatementExpression", "Assignment", "This", "MemberReference", "region", "MemberReference", "region", "=", "StatementExpression", "Assignment", "This", "MemberReference", "signaller", "MemberReference", "signaller", "="], "nodes": {"0": "ConstructorDeclaration", "1": "PostOpenDeployTasksThread", "2": "FormalParameter", "3": "Modifier", "4": "final", "5": "ReferenceType", "6": "HRegion", "7": "region", "8": "FormalParameter", "9": "Modifier", "10": "final", "11": "ReferenceType", "12": "Server", "13": "server", "14": "FormalParameter", "15": "Modifier", "16": "final", "17": "ReferenceType", "18": "RegionServerServices", "19": "services", "20": "FormalParameter", "21": "Modifier", "22": "final", "23": "ReferenceType", "24": "AtomicBoolean", "25": "signaller", "26": "StatementExpression", "27": "SuperConstructorInvocation", "28": "BinaryOperation", "29": "+", "30": "Literal", "31": "\"PostOpenDeployTasks:\"", "32": "MethodInvocation", "33": "region", "34": "MethodInvocation", "35": "getEncodedName", "36": "getRegionInfo", "37": "StatementExpression", "38": "This", "39": "MethodInvocation", "40": "Literal", "41": "true", "42": "setDaemon", "43": "StatementExpression", "44": "Assignment", "45": "This", "46": "MemberReference", "47": "server", "48": "MemberReference", "49": "server", "50": "=", "51": "StatementExpression", "52": "Assignment", "53": "This", "54": "MemberReference", "55": "services", "56": "MemberReference", "57": "services", "58": "=", "59": "StatementExpression", "60": "Assignment", "61": "This", "62": "MemberReference", "63": "region", "64": "MemberReference", "65": "region", "66": "=", "67": "StatementExpression", "68": "Assignment", "69": "This", "70": "MemberReference", "71": "signaller", "72": "MemberReference", "73": "signaller", "74": "="}, "edges": {"0->1": 0, "1->0": 0, "0->2": 0, "2->0": 0, "2->3": 0, "3->2": 0, "3->4": 0, "4->3": 0, "2->5": 0, "5->2": 0, "5->6": 0, "6->5": 0, "2->7": 0, "7->2": 0, "0->8": 0, "8->0": 0, "8->9": 0, "9->8": 0, "9->10": 0, "10->9": 0, "8->11": 0, "11->8": 0, "11->12": 0, "12->11": 0, "8->13": 0, "13->8": 0, "0->14": 0, "14->0": 0, "14->15": 0, "15->14": 0, "15->16": 0, "16->15": 0, "14->17": 0, "17->14": 0, "17->18": 0, "18->17": 0, "14->19": 0, "19->14": 0, "0->20": 0, "20->0": 0, "20->21": 0, "21->20": 0, "21->22": 0, "22->21": 0, "20->23": 0, "23->20": 0, "23->24": 0, "24->23": 0, "20->25": 0, "25->20": 0, "0->26": 0, "26->0": 0, "26->27": 0, "27->26": 0, "27->28": 0, "28->27": 0, "28->29": 0, "29->28": 0, "28->30": 0, "30->28": 0, "30->31": 0, "31->30": 0, "28->32": 0, "32->28": 0, "32->33": 0, "33->32": 0, "32->34": 0, "34->32": 0, "34->35": 0, "35->34": 0, "32->36": 0, "36->32": 0, "0->37": 0, "37->0": 0, "37->38": 0, "38->37": 0, "38->39": 0, "39->38": 0, "39->40": 0, "40->39": 0, "40->41": 0, "41->40": 0, "39->42": 0, "42->39": 0, "0->43": 0, "43->0": 0, "43->44": 0, "44->43": 0, "44->45": 0, "45->44": 0, "45->46": 0, "46->45": 0, "46->47": 0, "47->46": 0, "44->48": 0, "48->44": 0, "48->49": 0, "49->48": 0, "44->50": 0, "50->44": 0, "0->51": 0, "51->0": 0, "51->52": 0, "52->51": 0, "52->53": 0, "53->52": 0, "53->54": 0, "54->53": 0, "54->55": 0, "55->54": 0, "52->56": 0, "56->52": 0, "56->57": 0, "57->56": 0, "52->58": 0, "58->52": 0, "0->59": 0, "59->0": 0, "59->60": 0, "60->59": 0, "60->61": 0, "61->60": 0, "61->62": 0, "62->61": 0, "62->63": 0, "63->62": 0, "60->64": 0, "64->60": 0, "64->65": 0, "65->64": 0, "60->66": 0, "66->60": 0, "0->67": 0, "67->0": 0, "67->68": 0, "68->67": 0, "68->69": 0, "69->68": 0, "69->70": 0, "70->69": 0, "70->71": 0, "71->70": 0, "68->72": 0, "72->68": 0, "72->73": 0, "73->72": 0, "68->74": 0, "74->68": 0, "1->2": 1, "2->1": 12, "2->8": 1, "8->2": 12, "8->14": 1, "14->8": 12, "14->20": 1, "20->14": 12, "20->26": 1, "26->20": 12, "26->37": 1, "37->26": 12, "37->43": 1, "43->37": 12, "43->51": 1, "51->43": 12, "51->59": 1, "59->51": 12, "59->67": 1, "67->59": 12, "3->5": 1, "5->3": 12, "5->7": 1, "7->5": 12, "9->11": 1, "11->9": 12, "11->13": 1, "13->11": 12, "15->17": 1, "17->15": 12, "17->19": 1, "19->17": 12, "21->23": 1, "23->21": 12, "23->25": 1, "25->23": 12, "29->30": 1, "30->29": 12, "30->32": 1, "32->30": 12, "33->34": 1, "34->33": 12, "34->36": 1, "36->34": 12, "40->42": 1, "42->40": 12, "45->48": 1, "48->45": 12, "48->50": 1, "50->48": 12, "53->56": 1, "56->53": 12, "56->58": 1, "58->56": 12, "61->64": 1, "64->61": 12, "64->66": 1, "66->64": 12, "69->72": 1, "72->69": 12, "72->74": 1, "74->72": 12, "1->4": 2, "4->1": 3, "4->6": 2, "6->4": 3, "6->7": 2, "7->6": 3, "7->10": 2, "10->7": 3, "10->12": 2, "12->10": 3, "12->13": 2, "13->12": 3, "13->16": 2, "16->13": 3, "16->18": 2, "18->16": 3, "18->19": 2, "19->18": 3, "19->22": 2, "22->19": 3, "22->24": 2, "24->22": 3, "24->25": 2, "25->24": 3, "25->29": 2, "29->25": 3, "29->31": 2, "31->29": 3, "31->33": 2, "33->31": 3, "33->35": 2, "35->33": 3, "35->36": 2, "36->35": 3, "36->41": 2, "41->36": 3, "41->42": 2, "42->41": 3, "42->47": 2, "47->42": 3, "47->49": 4, "49->47": 5, "49->50": 2, "50->49": 3, "50->55": 2, "55->50": 3, "55->57": 4, "57->55": 5, "57->58": 2, "58->57": 3, "58->63": 2, "63->58": 3, "63->65": 4, "65->63": 5, "65->66": 2, "66->65": 3, "66->71": 2, "71->66": 3, "71->73": 4, "73->71": 5, "73->74": 2, "74->73": 3}, "metrics": [8.0, 1.0, 4.0]}