{"nodelist": ["MethodDeclaration", "{'public'}", "public", "postMove", "FormalParameter", "{'final'}", "final", "ReferenceType", "RegionInfo", "region", "FormalParameter", "{'final'}", "final", "ReferenceType", "ServerName", "srcServer", "FormalParameter", "{'final'}", "final", "ReferenceType", "ServerName", "destServer", "IOException", "StatementExpression", "MethodInvocation", "TernaryExpression", "MethodInvocation", "coprocEnvironments", "isEmpty", "Literal", "null", "ClassCreator", "ReferenceType", "MasterObserverOperation", "MethodDeclaration", "{'public'}", "public", "Annotation", "Override", "call", "FormalParameter", "ReferenceType", "MasterObserver", "observer", "IOException", "StatementExpression", "MethodInvocation", "observer", "This", "MemberReference", "region", "MemberReference", "srcServer", "MemberReference", "destServer", "postMove", "execOperation"], "nodes": {"0": "MethodDeclaration", "1": "Modifier", "2": "public", "3": "postMove", "4": "FormalParameter", "5": "Modifier", "6": "final", "7": "ReferenceType", "8": "RegionInfo", "9": "region", "10": "FormalParameter", "11": "Modifier", "12": "final", "13": "ReferenceType", "14": "ServerName", "15": "srcServer", "16": "FormalParameter", "17": "Modifier", "18": "final", "19": "ReferenceType", "20": "ServerName", "21": "destServer", "22": "IOException", "23": "StatementExpression", "24": "MethodInvocation", "25": "TernaryExpression", "26": "MethodInvocation", "27": "coprocEnvironments", "28": "isEmpty", "29": "Literal", "30": "null", "31": "ClassCreator", "32": "ReferenceType", "33": "MasterObserverOperation", "34": "MethodDeclaration", "35": "Modifier", "36": "public", "37": "Annotation", "38": "Override", "39": "call", "40": "FormalParameter", "41": "ReferenceType", "42": "MasterObserver", "43": "observer", "44": "IOException", "45": "StatementExpression", "46": "MethodInvocation", "47": "observer", "48": "This", "49": "MemberReference", "50": "region", "51": "MemberReference", "52": "srcServer", "53": "MemberReference", "54": "destServer", "55": "postMove", "56": "execOperation"}, "edges": {"0->1": 0, "1->0": 0, "1->2": 0, "2->1": 0, "0->3": 0, "3->0": 0, "0->4": 0, "4->0": 0, "4->5": 0, "5->4": 0, "5->6": 0, "6->5": 0, "4->7": 0, "7->4": 0, "7->8": 0, "8->7": 0, "4->9": 0, "9->4": 0, "0->10": 0, "10->0": 0, "10->11": 0, "11->10": 0, "11->12": 0, "12->11": 0, "10->13": 0, "13->10": 0, "13->14": 0, "14->13": 0, "10->15": 0, "15->10": 0, "0->16": 0, "16->0": 0, "16->17": 0, "17->16": 0, "17->18": 0, "18->17": 0, "16->19": 0, "19->16": 0, "19->20": 0, "20->19": 0, "16->21": 0, "21->16": 0, "0->22": 0, "22->0": 0, "0->23": 0, "23->0": 0, "23->24": 0, "24->23": 0, "24->25": 0, "25->24": 0, "25->26": 0, "26->25": 0, "26->27": 0, "27->26": 0, "26->28": 0, "28->26": 0, "25->29": 0, "29->25": 0, "29->30": 0, "30->29": 0, "25->31": 0, "31->25": 0, "31->32": 0, "32->31": 0, "32->33": 0, "33->32": 0, "31->34": 0, "34->31": 0, "34->35": 0, "35->34": 0, "35->36": 0, "36->35": 0, "34->37": 0, "37->34": 0, "37->38": 0, "38->37": 0, "34->39": 0, "39->34": 0, "34->40": 0, "40->34": 0, "40->41": 0, "41->40": 0, "41->42": 0, "42->41": 0, "40->43": 0, "43->40": 0, "34->44": 0, "44->34": 0, "34->45": 0, "45->34": 0, "45->46": 0, "46->45": 0, "46->47": 0, "47->46": 0, "46->48": 0, "48->46": 0, "46->49": 0, "49->46": 0, "49->50": 0, "50->49": 0, "46->51": 0, "51->46": 0, "51->52": 0, "52->51": 0, "46->53": 0, "53->46": 0, "53->54": 0, "54->53": 0, "46->55": 0, "55->46": 0, "24->56": 0, "56->24": 0, "1->3": 1, "3->1": 12, "3->4": 1, "4->3": 12, "4->10": 1, "10->4": 12, "10->16": 1, "16->10": 12, "16->22": 1, "22->16": 12, "22->23": 1, "23->22": 12, "5->7": 1, "7->5": 12, "7->9": 1, "9->7": 12, "11->13": 1, "13->11": 12, "13->15": 1, "15->13": 12, "17->19": 1, "19->17": 12, "19->21": 1, "21->19": 12, "25->56": 1, "56->25": 12, "26->29": 1, "29->26": 12, "29->31": 1, "31->29": 12, "27->28": 2, "28->27": 3, "32->34": 1, "34->32": 12, "35->37": 1, "37->35": 12, "37->39": 1, "39->37": 12, "39->40": 1, "40->39": 12, "40->44": 1, "44->40": 12, "44->45": 1, "45->44": 12, "41->43": 1, "43->41": 12, "47->48": 2, "48->47": 3, "48->49": 1, "49->48": 12, "49->51": 1, "51->49": 12, "51->53": 1, "53->51": 12, "53->55": 1, "55->53": 12, "2->3": 2, "3->2": 3, "3->6": 2, "6->3": 3, "6->8": 2, "8->6": 3, "8->9": 2, "9->8": 3, "9->12": 2, "12->9": 3, "12->14": 2, "14->12": 3, "14->15": 2, "15->14": 3, "15->18": 2, "18->15": 3, "18->20": 2, "20->18": 3, "20->21": 2, "21->20": 3, "21->22": 2, "22->21": 3, "22->27": 2, "27->22": 3, "28->30": 2, "30->28": 3, "30->33": 2, "33->30": 3, "33->36": 2, "36->33": 3, "36->38": 2, "38->36": 3, "38->39": 2, "39->38": 3, "39->42": 2, "42->39": 3, "42->43": 2, "43->42": 3, "43->44": 2, "44->43": 3, "44->47": 2, "47->44": 3, "48->50": 2, "50->48": 3, "50->52": 2, "52->50": 3, "52->54": 2, "54->52": 3, "54->55": 2, "55->54": 3, "55->56": 2, "56->55": 3}, "metrics": [8.0, 1.0, 3.0]}