{"nodelist": ["ConstructorDeclaration", "{'public'}", "public", "UserPermission", "FormalParameter", "BasicType", "byte", "user", "FormalParameter", "ReferenceType", "TablePermission", "perm", "StatementExpression", "SuperConstructorInvocation", "MethodInvocation", "perm", "getNamespace", "MethodInvocation", "perm", "getTableName", "MethodInvocation", "perm", "getFamily", "MethodInvocation", "perm", "getQualifier", "MemberReference", "perm", "actions", "StatementExpression", "Assignment", "This", "MemberReference", "user", "MemberReference", "user", "="], "nodes": {"0": "ConstructorDeclaration", "1": "Modifier", "2": "public", "3": "UserPermission", "4": "FormalParameter", "5": "BasicType", "6": "byte", "7": "user", "8": "FormalParameter", "9": "ReferenceType", "10": "TablePermission", "11": "perm", "12": "StatementExpression", "13": "SuperConstructorInvocation", "14": "MethodInvocation", "15": "perm", "16": "getNamespace", "17": "MethodInvocation", "18": "perm", "19": "getTableName", "20": "MethodInvocation", "21": "perm", "22": "getFamily", "23": "MethodInvocation", "24": "perm", "25": "getQualifier", "26": "MemberReference", "27": "perm", "28": "actions", "29": "StatementExpression", "30": "Assignment", "31": "This", "32": "MemberReference", "33": "user", "34": "MemberReference", "35": "user", "36": "="}, "edges": {"0->1": 0, "1->0": 0, "1->2": 0, "2->1": 0, "0->3": 0, "3->0": 0, "0->4": 0, "4->0": 0, "4->5": 0, "5->4": 0, "5->6": 0, "6->5": 0, "4->7": 0, "7->4": 0, "0->8": 0, "8->0": 0, "8->9": 0, "9->8": 0, "9->10": 0, "10->9": 0, "8->11": 0, "11->8": 0, "0->12": 0, "12->0": 0, "12->13": 0, "13->12": 0, "13->14": 0, "14->13": 0, "14->15": 0, "15->14": 0, "14->16": 0, "16->14": 0, "13->17": 0, "17->13": 0, "17->18": 0, "18->17": 0, "17->19": 0, "19->17": 0, "13->20": 0, "20->13": 0, "20->21": 0, "21->20": 0, "20->22": 0, "22->20": 0, "13->23": 0, "23->13": 0, "23->24": 0, "24->23": 0, "23->25": 0, "25->23": 0, "13->26": 0, "26->13": 0, "26->27": 0, "27->26": 0, "26->28": 0, "28->26": 0, "0->29": 0, "29->0": 0, "29->30": 0, "30->29": 0, "30->31": 0, "31->30": 0, "31->32": 0, "32->31": 0, "32->33": 0, "33->32": 0, "30->34": 0, "34->30": 0, "34->35": 0, "35->34": 0, "30->36": 0, "36->30": 0, "1->3": 1, "3->1": 12, "3->4": 1, "4->3": 12, "4->8": 1, "8->4": 12, "8->12": 1, "12->8": 12, "12->29": 1, "29->12": 12, "5->7": 1, "7->5": 12, "9->11": 1, "11->9": 12, "14->17": 1, "17->14": 12, "17->20": 1, "20->17": 12, "20->23": 1, "23->20": 12, "23->26": 1, "26->23": 12, "15->16": 2, "16->15": 3, "18->19": 2, "19->18": 3, "21->22": 2, "22->21": 3, "24->25": 2, "25->24": 3, "27->28": 2, "28->27": 3, "31->34": 1, "34->31": 12, "34->36": 1, "36->34": 12, "2->3": 2, "3->2": 3, "3->6": 2, "6->3": 3, "6->7": 2, "7->6": 3, "7->10": 2, "10->7": 3, "10->11": 2, "11->10": 3, "11->15": 2, "15->11": 3, "16->18": 2, "18->16": 3, "19->21": 2, "21->19": 3, "22->24": 2, "24->22": 3, "25->27": 2, "27->25": 3, "28->33": 2, "33->28": 3, "33->35": 4, "35->33": 5, "35->36": 2, "36->35": 3}, "metrics": [4.0, 1.0, 2.0]}