{"nodelist": ["MethodDeclaration", "{'public'}", "public", "ReferenceType", "List", "TypeArgument", "ReferenceType", "StoreFile", "compact", "FormalParameter", "ReferenceType", "CompactionContext", "compaction", "IOException"], "nodes": {"0": "MethodDeclaration", "1": "Modifier", "2": "public", "3": "ReferenceType", "4": "List", "5": "TypeArgument", "6": "ReferenceType", "7": "StoreFile", "8": "compact", "9": "FormalParameter", "10": "ReferenceType", "11": "CompactionContext", "12": "compaction", "13": "IOException"}, "edges": {"0->1": 0, "1->0": 0, "1->2": 0, "2->1": 0, "0->3": 0, "3->0": 0, "3->4": 0, "4->3": 0, "3->5": 0, "5->3": 0, "5->6": 0, "6->5": 0, "6->7": 0, "7->6": 0, "0->8": 0, "8->0": 0, "0->9": 0, "9->0": 0, "9->10": 0, "10->9": 0, "10->11": 0, "11->10": 0, "9->12": 0, "12->9": 0, "0->13": 0, "13->0": 0, "1->3": 1, "3->1": 12, "3->8": 1, "8->3": 12, "8->9": 1, "9->8": 12, "9->13": 1, "13->9": 12, "4->5": 1, "5->4": 12, "10->12": 1, "12->10": 12, "2->4": 2, "4->2": 3, "4->7": 2, "7->4": 3, "7->8": 2, "8->7": 3, "8->11": 2, "11->8": 3, "11->12": 2, "12->11": 3, "12->13": 2, "13->12": 3}, "metrics": [0.0, 1.0, 1.0]}