{"nodelist": ["MethodDeclaration", "{'public'}", "public", "Annotation", "Override", "BasicType", "long", "deleteTable", "FormalParameter", "{'final'}", "final", "ReferenceType", "TableName", "tableName", "FormalParameter", "{'final'}", "final", "BasicType", "long", "nonceGroup", "FormalParameter", "{'final'}", "final", "BasicType", "long", "nonce", "IOException", "StatementExpression", "MethodInvocation", "checkInitialized", "ReturnStatement", "MethodInvocation", "MasterProcedureUtil", "ClassCreator", "ReferenceType", "MasterProcedureUtil", "ReferenceType", "NonceProcedureRunnable", "This", "MemberReference", "nonceGroup", "MemberReference", "nonce", "MethodDeclaration", "{'protected'}", "protected", "Annotation", "Override", "run", "IOException", "StatementExpression", "MethodInvocation", "MethodInvocation", "getMasterCoprocessorHost", "MethodInvocation", "MemberReference", "tableName", "preDeleteTable", "getMaster", "StatementExpression", "MethodInvocation", "LOG", "BinaryOperation", "+", "BinaryOperation", "+", "MethodInvocation", "getClientIdAuditPrefix", "Literal", "\" delete \"", "MemberReference", "tableName", "info", "LocalVariableDeclaration", "ReferenceType", "ProcedurePrepareLatch", "VariableDeclarator", "latch", "MethodInvocation", "ProcedurePrepareLatch", "createLatch", "StatementExpression", "MethodInvocation", "ClassCreator", "ReferenceType", "DeleteTableProcedure", "MethodInvocation", "procedureExecutor", "getEnvironment", "MemberReference", "tableName", "MemberReference", "latch", "submitProcedure", "StatementExpression", "MethodInvocation", "latch", "await", "StatementExpression", "MethodInvocation", "MethodInvocation", "getMasterCoprocessorHost", "MethodInvocation", "MemberReference", "tableName", "postDeleteTable", "getMaster", "MethodDeclaration", "{'protected'}", "protected", "Annotation", "Override", "ReferenceType", "String", "getDescription", "ReturnStatement", "Literal", "\"DeleteTableProcedure\"", "submitProcedure"], "nodes": {"0": "MethodDeclaration", "1": "Modifier", "2": "public", "3": "Annotation", "4": "Override", "5": "BasicType", "6": "long", "7": "deleteTable", "8": "FormalParameter", "9": "Modifier", "10": "final", "11": "ReferenceType", "12": "TableName", "13": "tableName", "14": "FormalParameter", "15": "Modifier", "16": "final", "17": "BasicType", "18": "long", "19": "nonceGroup", "20": "FormalParameter", "21": "Modifier", "22": "final", "23": "BasicType", "24": "long", "25": "nonce", "26": "IOException", "27": "StatementExpression", "28": "MethodInvocation", "29": "checkInitialized", "30": "ReturnStatement", "31": "MethodInvocation", "32": "MasterProcedureUtil", "33": "ClassCreator", "34": "ReferenceType", "35": "MasterProcedureUtil", "36": "ReferenceType", "37": "NonceProcedureRunnable", "38": "This", "39": "MemberReference", "40": "nonceGroup", "41": "MemberReference", "42": "nonce", "43": "MethodDeclaration", "44": "Modifier", "45": "protected", "46": "Annotation", "47": "Override", "48": "run", "49": "IOException", "50": "StatementExpression", "51": "MethodInvocation", "52": "MethodInvocation", "53": "getMasterCoprocessorHost", "54": "MethodInvocation", "55": "MemberReference", "56": "tableName", "57": "preDeleteTable", "58": "getMaster", "59": "StatementExpression", "60": "MethodInvocation", "61": "LOG", "62": "BinaryOperation", "63": "+", "64": "BinaryOperation", "65": "+", "66": "MethodInvocation", "67": "getClientIdAuditPrefix", "68": "Literal", "69": "\" delete \"", "70": "MemberReference", "71": "tableName", "72": "info", "73": "LocalVariableDeclaration", "74": "ReferenceType", "75": "ProcedurePrepareLatch", "76": "VariableDeclarator", "77": "latch", "78": "MethodInvocation", "79": "ProcedurePrepareLatch", "80": "createLatch", "81": "StatementExpression", "82": "MethodInvocation", "83": "ClassCreator", "84": "ReferenceType", "85": "DeleteTableProcedure", "86": "MethodInvocation", "87": "procedureExecutor", "88": "getEnvironment", "89": "MemberReference", "90": "tableName", "91": "MemberReference", "92": "latch", "93": "submitProcedure", "94": "StatementExpression", "95": "MethodInvocation", "96": "latch", "97": "await", "98": "StatementExpression", "99": "MethodInvocation", "100": "MethodInvocation", "101": "getMasterCoprocessorHost", "102": "MethodInvocation", "103": "MemberReference", "104": "tableName", "105": "postDeleteTable", "106": "getMaster", "107": "MethodDeclaration", "108": "Modifier", "109": "protected", "110": "Annotation", "111": "Override", "112": "ReferenceType", "113": "String", "114": "getDescription", "115": "ReturnStatement", "116": "Literal", "117": "\"DeleteTableProcedure\"", "118": "submitProcedure"}, "edges": {"0->1": 0, "1->0": 0, "1->2": 0, "2->1": 0, "0->3": 0, "3->0": 0, "3->4": 0, "4->3": 0, "0->5": 0, "5->0": 0, "5->6": 0, "6->5": 0, "0->7": 0, "7->0": 0, "0->8": 0, "8->0": 0, "8->9": 0, "9->8": 0, "9->10": 0, "10->9": 0, "8->11": 0, "11->8": 0, "11->12": 0, "12->11": 0, "8->13": 0, "13->8": 0, "0->14": 0, "14->0": 0, "14->15": 0, "15->14": 0, "15->16": 0, "16->15": 0, "14->17": 0, "17->14": 0, "17->18": 0, "18->17": 0, "14->19": 0, "19->14": 0, "0->20": 0, "20->0": 0, "20->21": 0, "21->20": 0, "21->22": 0, "22->21": 0, "20->23": 0, "23->20": 0, "23->24": 0, "24->23": 0, "20->25": 0, "25->20": 0, "0->26": 0, "26->0": 0, "0->27": 0, "27->0": 0, "27->28": 0, "28->27": 0, "28->29": 0, "29->28": 0, "0->30": 0, "30->0": 0, "30->31": 0, "31->30": 0, "31->32": 0, "32->31": 0, "31->33": 0, "33->31": 0, "33->34": 0, "34->33": 0, "34->35": 0, "35->34": 0, "34->36": 0, "36->34": 0, "36->37": 0, "37->36": 0, "33->38": 0, "38->33": 0, "33->39": 0, "39->33": 0, "39->40": 0, "40->39": 0, "33->41": 0, "41->33": 0, "41->42": 0, "42->41": 0, "33->43": 0, "43->33": 0, "43->44": 0, "44->43": 0, "44->45": 0, "45->44": 0, "43->46": 0, "46->43": 0, "46->47": 0, "47->46": 0, "43->48": 0, "48->43": 0, "43->49": 0, "49->43": 0, "43->50": 0, "50->43": 0, "50->51": 0, "51->50": 0, "51->52": 0, "52->51": 0, "52->53": 0, "53->52": 0, "51->54": 0, "54->51": 0, "54->55": 0, "55->54": 0, "55->56": 0, "56->55": 0, "54->57": 0, "57->54": 0, "51->58": 0, "58->51": 0, "43->59": 0, "59->43": 0, "59->60": 0, "60->59": 0, "60->61": 0, "61->60": 0, "60->62": 0, "62->60": 0, "62->63": 0, "63->62": 0, "62->64": 0, "64->62": 0, "64->65": 0, "65->64": 0, "64->66": 0, "66->64": 0, "66->67": 0, "67->66": 0, "64->68": 0, "68->64": 0, "68->69": 0, "69->68": 0, "62->70": 0, "70->62": 0, "70->71": 0, "71->70": 0, "60->72": 0, "72->60": 0, "43->73": 0, "73->43": 0, "73->74": 0, "74->73": 0, "74->75": 0, "75->74": 0, "73->76": 0, "76->73": 0, "76->77": 0, "77->76": 0, "76->78": 0, "78->76": 0, "78->79": 0, "79->78": 0, "78->80": 0, "80->78": 0, "43->81": 0, "81->43": 0, "81->82": 0, "82->81": 0, "82->83": 0, "83->82": 0, "83->84": 0, "84->83": 0, "84->85": 0, "85->84": 0, "83->86": 0, "86->83": 0, "86->87": 0, "87->86": 0, "86->88": 0, "88->86": 0, "83->89": 0, "89->83": 0, "89->90": 0, "90->89": 0, "83->91": 0, "91->83": 0, "91->92": 0, "92->91": 0, "82->93": 0, "93->82": 0, "43->94": 0, "94->43": 0, "94->95": 0, "95->94": 0, "95->96": 0, "96->95": 0, "95->97": 0, "97->95": 0, "43->98": 0, "98->43": 0, "98->99": 0, "99->98": 0, "99->100": 0, "100->99": 0, "100->101": 0, "101->100": 0, "99->102": 0, "102->99": 0, "102->103": 0, "103->102": 0, "103->104": 0, "104->103": 0, "102->105": 0, "105->102": 0, "99->106": 0, "106->99": 0, "33->107": 0, "107->33": 0, "107->108": 0, "108->107": 0, "108->109": 0, "109->108": 0, "107->110": 0, "110->107": 0, "110->111": 0, "111->110": 0, "107->112": 0, "112->107": 0, "112->113": 0, "113->112": 0, "107->114": 0, "114->107": 0, "107->115": 0, "115->107": 0, "115->116": 0, "116->115": 0, "116->117": 0, "117->116": 0, "31->118": 0, "118->31": 0, "1->3": 1, "3->1": 12, "3->5": 1, "5->3": 12, "5->7": 1, "7->5": 12, "7->8": 1, "8->7": 12, "8->14": 1, "14->8": 12, "14->20": 1, "20->14": 12, "20->26": 1, "26->20": 12, "26->27": 1, "27->26": 12, "27->30": 1, "30->27": 12, "9->11": 1, "11->9": 12, "11->13": 1, "13->11": 12, "15->17": 1, "17->15": 12, "17->19": 1, "19->17": 12, "21->23": 1, "23->21": 12, "23->25": 1, "25->23": 12, "32->33": 1, "33->32": 12, "33->118": 1, "118->33": 12, "34->38": 1, "38->34": 12, "38->39": 1, "39->38": 12, "39->41": 1, "41->39": 12, "41->43": 1, "43->41": 12, "43->107": 1, "107->43": 12, "35->36": 1, "36->35": 12, "44->46": 1, "46->44": 12, "46->48": 1, "48->46": 12, "48->49": 2, "49->48": 3, "49->50": 1, "50->49": 12, "50->59": 1, "59->50": 12, "59->73": 1, "73->59": 12, "73->81": 1, "81->73": 12, "81->94": 1, "94->81": 12, "94->98": 1, "98->94": 12, "52->54": 1, "54->52": 12, "54->58": 1, "58->54": 12, "55->57": 1, "57->55": 12, "61->62": 1, "62->61": 12, "62->72": 1, "72->62": 12, "63->64": 1, "64->63": 12, "64->70": 1, "70->64": 12, "65->66": 1, "66->65": 12, "66->68": 1, "68->66": 12, "74->76": 1, "76->74": 12, "77->78": 1, "78->77": 12, "79->80": 2, "80->79": 3, "83->93": 1, "93->83": 12, "84->86": 1, "86->84": 12, "86->89": 1, "89->86": 12, "89->91": 1, "91->89": 12, "87->88": 2, "88->87": 3, "96->97": 2, "97->96": 3, "100->102": 1, "102->100": 12, "102->106": 1, "106->102": 12, "103->105": 1, "105->103": 12, "108->110": 1, "110->108": 12, "110->112": 1, "112->110": 12, "112->114": 1, "114->112": 12, "114->115": 1, "115->114": 12, "2->4": 2, "4->2": 3, "4->6": 2, "6->4": 3, "6->7": 2, "7->6": 3, "7->10": 2, "10->7": 3, "10->12": 2, "12->10": 3, "12->13": 2, "13->12": 3, "13->16": 2, "16->13": 3, "16->18": 2, "18->16": 3, "18->19": 2, "19->18": 3, "19->22": 2, "22->19": 3, "22->24": 2, "24->22": 3, "24->25": 2, "25->24": 3, "25->26": 2, "26->25": 3, "26->29": 2, "29->26": 3, "29->32": 2, "32->29": 3, "32->35": 2, "35->32": 3, "35->37": 2, "37->35": 3, "37->38": 2, "38->37": 3, "38->40": 2, "40->38": 3, "40->42": 2, "42->40": 3, "42->45": 2, "45->42": 3, "45->47": 2, "47->45": 3, "47->48": 2, "48->47": 3, "49->53": 2, "53->49": 3, "53->56": 2, "56->53": 3, "56->57": 2, "57->56": 3, "57->58": 2, "58->57": 3, "58->61": 2, "61->58": 3, "61->63": 2, "63->61": 3, "63->65": 2, "65->63": 3, "65->67": 2, "67->65": 3, "67->69": 2, "69->67": 3, "69->71": 2, "71->69": 3, "71->72": 2, "72->71": 3, "72->75": 2, "75->72": 3, "75->77": 2, "77->75": 3, "77->79": 2, "79->77": 3, "80->85": 2, "85->80": 3, "85->87": 2, "87->85": 3, "88->90": 2, "90->88": 3, "90->92": 2, "92->90": 3, "92->93": 2, "93->92": 3, "93->96": 2, "96->93": 3, "97->101": 2, "101->97": 3, "101->104": 2, "104->101": 3, "104->105": 2, "105->104": 3, "105->106": 2, "106->105": 3, "106->109": 2, "109->106": 3, "109->111": 2, "111->109": 3, "111->113": 2, "113->111": 3, "113->114": 2, "114->113": 3, "114->117": 2, "117->114": 3, "117->118": 2, "118->117": 3, "56->71": 4, "71->56": 5, "71->90": 4, "90->71": 5, "90->104": 4, "104->90": 5}, "metrics": [17.0, 1.0, 3.0]}