{"nodelist": ["MethodDeclaration", "{'static', 'public'}", "static", "public", "BasicType", "boolean", "isConnectionException", "FormalParameter", "ReferenceType", "Throwable", "e", "IfStatement", "BinaryOperation", "==", "MemberReference", "e", "Literal", "null", "BlockStatement", "ReturnStatement", "Literal", "false", "ReturnStatement", "BinaryOperation", "||", "BinaryOperation", "||", "BinaryOperation", "||", "BinaryOperation", "||", "BinaryOperation", "||", "BinaryOperation", "||", "BinaryOperation", "||", "BinaryOperation", "||", "BinaryOperation", "instanceof", "MemberReference", "e", "ReferenceType", "SocketTimeoutException", "BinaryOperation", "instanceof", "MemberReference", "e", "ReferenceType", "ConnectException", "BinaryOperation", "instanceof", "MemberReference", "e", "ReferenceType", "ClosedChannelException", "BinaryOperation", "instanceof", "MemberReference", "e", "ReferenceType", "SyncFailedException", "BinaryOperation", "instanceof", "MemberReference", "e", "ReferenceType", "EOFException", "BinaryOperation", "instanceof", "MemberReference", "e", "ReferenceType", "TimeoutException", "BinaryOperation", "instanceof", "MemberReference", "e", "ReferenceType", "CallTimeoutException", "BinaryOperation", "instanceof", "MemberReference", "e", "ReferenceType", "ConnectionClosingException", "BinaryOperation", "instanceof", "MemberReference", "e", "ReferenceType", "FailedServerException"], "nodes": {"0": "MethodDeclaration", "1": "Modifier", "2": "static", "3": "public", "4": "BasicType", "5": "boolean", "6": "isConnectionException", "7": "FormalParameter", "8": "ReferenceType", "9": "Throwable", "10": "e", "11": "IfStatement", "12": "BinaryOperation", "13": "==", "14": "MemberReference", "15": "e", "16": "Literal", "17": "null", "18": "BlockStatement", "19": "ReturnStatement", "20": "Literal", "21": "false", "22": "ReturnStatement", "23": "BinaryOperation", "24": "||", "25": "BinaryOperation", "26": "||", "27": "BinaryOperation", "28": "||", "29": "BinaryOperation", "30": "||", "31": "BinaryOperation", "32": "||", "33": "BinaryOperation", "34": "||", "35": "BinaryOperation", "36": "||", "37": "BinaryOperation", "38": "||", "39": "BinaryOperation", "40": "instanceof", "41": "MemberReference", "42": "e", "43": "ReferenceType", "44": "SocketTimeoutException", "45": "BinaryOperation", "46": "instanceof", "47": "MemberReference", "48": "e", "49": "ReferenceType", "50": "ConnectException", "51": "BinaryOperation", "52": "instanceof", "53": "MemberReference", "54": "e", "55": "ReferenceType", "56": "ClosedChannelException", "57": "BinaryOperation", "58": "instanceof", "59": "MemberReference", "60": "e", "61": "ReferenceType", "62": "SyncFailedException", "63": "BinaryOperation", "64": "instanceof", "65": "MemberReference", "66": "e", "67": "ReferenceType", "68": "EOFException", "69": "BinaryOperation", "70": "instanceof", "71": "MemberReference", "72": "e", "73": "ReferenceType", "74": "TimeoutException", "75": "BinaryOperation", "76": "instanceof", "77": "MemberReference", "78": "e", "79": "ReferenceType", "80": "CallTimeoutException", "81": "BinaryOperation", "82": "instanceof", "83": "MemberReference", "84": "e", "85": "ReferenceType", "86": "ConnectionClosingException", "87": "BinaryOperation", "88": "instanceof", "89": "MemberReference", "90": "e", "91": "ReferenceType", "92": "FailedServerException"}, "edges": {"0->1": 0, "1->0": 0, "1->2": 0, "2->1": 0, "1->3": 0, "3->1": 0, "0->4": 0, "4->0": 0, "4->5": 0, "5->4": 0, "0->6": 0, "6->0": 0, "0->7": 0, "7->0": 0, "7->8": 0, "8->7": 0, "8->9": 0, "9->8": 0, "7->10": 0, "10->7": 0, "0->11": 0, "11->0": 0, "11->12": 0, "12->11": 0, "12->13": 0, "13->12": 0, "12->14": 0, "14->12": 0, "14->15": 0, "15->14": 0, "12->16": 0, "16->12": 0, "16->17": 0, "17->16": 0, "11->18": 0, "18->11": 0, "18->19": 0, "19->18": 0, "19->20": 0, "20->19": 0, "20->21": 0, "21->20": 0, "0->22": 0, "22->0": 0, "22->23": 0, "23->22": 0, "23->24": 0, "24->23": 0, "23->25": 0, "25->23": 0, "25->26": 0, "26->25": 0, "25->27": 0, "27->25": 0, "27->28": 0, "28->27": 0, "27->29": 0, "29->27": 0, "29->30": 0, "30->29": 0, "29->31": 0, "31->29": 0, "31->32": 0, "32->31": 0, "31->33": 0, "33->31": 0, "33->34": 0, "34->33": 0, "33->35": 0, "35->33": 0, "35->36": 0, "36->35": 0, "35->37": 0, "37->35": 0, "37->38": 0, "38->37": 0, "37->39": 0, "39->37": 0, "39->40": 0, "40->39": 0, "39->41": 0, "41->39": 0, "41->42": 0, "42->41": 0, "39->43": 0, "43->39": 0, "43->44": 0, "44->43": 0, "37->45": 0, "45->37": 0, "45->46": 0, "46->45": 0, "45->47": 0, "47->45": 0, "47->48": 0, "48->47": 0, "45->49": 0, "49->45": 0, "49->50": 0, "50->49": 0, "35->51": 0, "51->35": 0, "51->52": 0, "52->51": 0, "51->53": 0, "53->51": 0, "53->54": 0, "54->53": 0, "51->55": 0, "55->51": 0, "55->56": 0, "56->55": 0, "33->57": 0, "57->33": 0, "57->58": 0, "58->57": 0, "57->59": 0, "59->57": 0, "59->60": 0, "60->59": 0, "57->61": 0, "61->57": 0, "61->62": 0, "62->61": 0, "31->63": 0, "63->31": 0, "63->64": 0, "64->63": 0, "63->65": 0, "65->63": 0, "65->66": 0, "66->65": 0, "63->67": 0, "67->63": 0, "67->68": 0, "68->67": 0, "29->69": 0, "69->29": 0, "69->70": 0, "70->69": 0, "69->71": 0, "71->69": 0, "71->72": 0, "72->71": 0, "69->73": 0, "73->69": 0, "73->74": 0, "74->73": 0, "27->75": 0, "75->27": 0, "75->76": 0, "76->75": 0, "75->77": 0, "77->75": 0, "77->78": 0, "78->77": 0, "75->79": 0, "79->75": 0, "79->80": 0, "80->79": 0, "25->81": 0, "81->25": 0, "81->82": 0, "82->81": 0, "81->83": 0, "83->81": 0, "83->84": 0, "84->83": 0, "81->85": 0, "85->81": 0, "85->86": 0, "86->85": 0, "23->87": 0, "87->23": 0, "87->88": 0, "88->87": 0, "87->89": 0, "89->87": 0, "89->90": 0, "90->89": 0, "87->91": 0, "91->87": 0, "91->92": 0, "92->91": 0, "1->4": 1, "4->1": 12, "4->6": 1, "6->4": 12, "6->7": 1, "7->6": 12, "7->11": 1, "11->7": 12, "11->22": 1, "22->11": 12, "2->3": 2, "3->2": 3, "8->10": 1, "10->8": 12, "12->18": 6, "18->12": 6, "13->14": 1, "14->13": 12, "14->16": 1, "16->14": 12, "24->25": 1, "25->24": 12, "25->87": 1, "87->25": 12, "26->27": 1, "27->26": 12, "27->81": 1, "81->27": 12, "28->29": 1, "29->28": 12, "29->75": 1, "75->29": 12, "30->31": 1, "31->30": 12, "31->69": 1, "69->31": 12, "32->33": 1, "33->32": 12, "33->63": 1, "63->33": 12, "34->35": 1, "35->34": 12, "35->57": 1, "57->35": 12, "36->37": 1, "37->36": 12, "37->51": 1, "51->37": 12, "38->39": 1, "39->38": 12, "39->45": 1, "45->39": 12, "40->41": 1, "41->40": 12, "41->43": 1, "43->41": 12, "46->47": 1, "47->46": 12, "47->49": 1, "49->47": 12, "52->53": 1, "53->52": 12, "53->55": 1, "55->53": 12, "58->59": 1, "59->58": 12, "59->61": 1, "61->59": 12, "64->65": 1, "65->64": 12, "65->67": 1, "67->65": 12, "70->71": 1, "71->70": 12, "71->73": 1, "73->71": 12, "76->77": 1, "77->76": 12, "77->79": 1, "79->77": 12, "82->83": 1, "83->82": 12, "83->85": 1, "85->83": 12, "88->89": 1, "89->88": 12, "89->91": 1, "91->89": 12, "3->5": 2, "5->3": 3, "5->6": 2, "6->5": 3, "6->9": 2, "9->6": 3, "9->10": 2, "10->9": 3, "10->13": 2, "13->10": 3, "13->15": 2, "15->13": 3, "15->17": 2, "17->15": 3, "17->21": 2, "21->17": 3, "21->24": 2, "24->21": 3, "24->26": 2, "26->24": 3, "26->28": 2, "28->26": 3, "28->30": 2, "30->28": 3, "30->32": 2, "32->30": 3, "32->34": 2, "34->32": 3, "34->36": 2, "36->34": 3, "36->38": 2, "38->36": 3, "38->40": 2, "40->38": 3, "40->42": 2, "42->40": 3, "42->44": 2, "44->42": 3, "44->46": 2, "46->44": 3, "46->48": 2, "48->46": 3, "48->50": 2, "50->48": 3, "50->52": 2, "52->50": 3, "52->54": 2, "54->52": 3, "54->56": 2, "56->54": 3, "56->58": 2, "58->56": 3, "58->60": 2, "60->58": 3, "60->62": 2, "62->60": 3, "62->64": 2, "64->62": 3, "64->66": 2, "66->64": 3, "66->68": 2, "68->66": 3, "68->70": 2, "70->68": 3, "70->72": 2, "72->70": 3, "72->74": 2, "74->72": 3, "74->76": 2, "76->74": 3, "76->78": 2, "78->76": 3, "78->80": 2, "80->78": 3, "80->82": 2, "82->80": 3, "82->84": 2, "84->82": 3, "84->86": 2, "86->84": 3, "86->88": 2, "88->86": 3, "88->90": 2, "90->88": 3, "90->92": 2, "92->90": 3, "15->42": 4, "42->15": 5, "42->48": 4, "48->42": 5, "48->54": 4, "54->48": 5, "54->60": 4, "60->54": 5, "60->66": 4, "66->60": 5, "66->72": 4, "72->66": 5, "72->78": 4, "78->72": 5, "78->84": 4, "84->78": 5, "84->90": 4, "90->84": 5}, "metrics": [6.0, 2.0, 1.0]}