{"nodelist": ["MethodDeclaration", "{'public'}", "public", "Annotation", "Override", "ReferenceType", "Result", "next", "IOException", "LocalVariableDeclaration", "ReferenceType", "Result", "VariableDeclarator", "result", "Literal", "null", "WhileStatement", "Literal", "true", "BlockStatement", "IfStatement", "BinaryOperation", "==", "MemberReference", "currentRegionScanner", "Literal", "null", "BlockStatement", "StatementExpression", "MemberReference", "++", "currentRegion", "IfStatement", "BinaryOperation", ">=", "MemberReference", "currentRegion", "MethodInvocation", "regions", "size", "BlockStatement", "ReturnStatement", "Literal", "null", "LocalVariableDeclaration", "ReferenceType", "RegionInfo", "VariableDeclarator", "hri", "MethodInvocation", "regions", "MemberReference", "currentRegion", "get", "StatementExpression", "Assignment", "MemberReference", "currentRegionScanner", "ClassCreator", "ReferenceType", "ClientSideRegionScanner", "MemberReference", "conf", "MemberReference", "fs", "MemberReference", "restoreDir", "MemberReference", "htd", "MemberReference", "hri", "MemberReference", "scan", "MemberReference", "scanMetrics", "=", "IfStatement", "BinaryOperation", "!=", "This", "MemberReference", "scanMetrics", "Literal", "null", "BlockStatement", "StatementExpression", "This", "MemberReference", "scanMetrics", "MemberReference", "countOfRegions", "MethodInvocation", "incrementAndGet", "TryStatement", "StatementExpression", "Assignment", "MemberReference", "result", "MethodInvocation", "currentRegionScanner", "next", "=", "IfStatement", "BinaryOperation", "!=", "MemberReference", "result", "Literal", "null", "BlockStatement", "ReturnStatement", "MemberReference", "result", "IfStatement", "BinaryOperation", "==", "MemberReference", "result", "Literal", "null", "BlockStatement", "StatementExpression", "MethodInvocation", "currentRegionScanner", "close", "StatementExpression", "Assignment", "MemberReference", "currentRegionScanner", "Literal", "null", "="], "nodes": {"0": "MethodDeclaration", "1": "Modifier", "2": "public", "3": "Annotation", "4": "Override", "5": "ReferenceType", "6": "Result", "7": "next", "8": "IOException", "9": "LocalVariableDeclaration", "10": "ReferenceType", "11": "Result", "12": "VariableDeclarator", "13": "result", "14": "Literal", "15": "null", "16": "WhileStatement", "17": "Literal", "18": "true", "19": "BlockStatement", "20": "IfStatement", "21": "BinaryOperation", "22": "==", "23": "MemberReference", "24": "currentRegionScanner", "25": "Literal", "26": "null", "27": "BlockStatement", "28": "StatementExpression", "29": "MemberReference", "30": "++", "31": "currentRegion", "32": "IfStatement", "33": "BinaryOperation", "34": ">=", "35": "MemberReference", "36": "currentRegion", "37": "MethodInvocation", "38": "regions", "39": "size", "40": "BlockStatement", "41": "ReturnStatement", "42": "Literal", "43": "null", "44": "LocalVariableDeclaration", "45": "ReferenceType", "46": "RegionInfo", "47": "VariableDeclarator", "48": "hri", "49": "MethodInvocation", "50": "regions", "51": "MemberReference", "52": "currentRegion", "53": "get", "54": "StatementExpression", "55": "Assignment", "56": "MemberReference", "57": "currentRegionScanner", "58": "ClassCreator", "59": "ReferenceType", "60": "ClientSideRegionScanner", "61": "MemberReference", "62": "conf", "63": "MemberReference", "64": "fs", "65": "MemberReference", "66": "restoreDir", "67": "MemberReference", "68": "htd", "69": "MemberReference", "70": "hri", "71": "MemberReference", "72": "scan", "73": "MemberReference", "74": "scanMetrics", "75": "=", "76": "IfStatement", "77": "BinaryOperation", "78": "!=", "79": "This", "80": "MemberReference", "81": "scanMetrics", "82": "Literal", "83": "null", "84": "BlockStatement", "85": "StatementExpression", "86": "This", "87": "MemberReference", "88": "scanMetrics", "89": "MemberReference", "90": "countOfRegions", "91": "MethodInvocation", "92": "incrementAndGet", "93": "TryStatement", "94": "StatementExpression", "95": "Assignment", "96": "MemberReference", "97": "result", "98": "MethodInvocation", "99": "currentRegionScanner", "100": "next", "101": "=", "102": "IfStatement", "103": "BinaryOperation", "104": "!=", "105": "MemberReference", "106": "result", "107": "Literal", "108": "null", "109": "BlockStatement", "110": "ReturnStatement", "111": "MemberReference", "112": "result", "113": "IfStatement", "114": "BinaryOperation", "115": "==", "116": "MemberReference", "117": "result", "118": "Literal", "119": "null", "120": "BlockStatement", "121": "StatementExpression", "122": "MethodInvocation", "123": "currentRegionScanner", "124": "close", "125": "StatementExpression", "126": "Assignment", "127": "MemberReference", "128": "currentRegionScanner", "129": "Literal", "130": "null", "131": "="}, "edges": {"0->1": 0, "1->0": 0, "1->2": 0, "2->1": 0, "0->3": 0, "3->0": 0, "3->4": 0, "4->3": 0, "0->5": 0, "5->0": 0, "5->6": 0, "6->5": 0, "0->7": 0, "7->0": 0, "0->8": 0, "8->0": 0, "0->9": 0, "9->0": 0, "9->10": 0, "10->9": 0, "10->11": 0, "11->10": 0, "9->12": 0, "12->9": 0, "12->13": 0, "13->12": 0, "12->14": 0, "14->12": 0, "14->15": 0, "15->14": 0, "0->16": 0, "16->0": 0, "16->17": 0, "17->16": 0, "17->18": 0, "18->17": 0, "16->19": 0, "19->16": 0, "19->20": 0, "20->19": 0, "20->21": 0, "21->20": 0, "21->22": 0, "22->21": 0, "21->23": 0, "23->21": 0, "23->24": 0, "24->23": 0, "21->25": 0, "25->21": 0, "25->26": 0, "26->25": 0, "20->27": 0, "27->20": 0, "27->28": 0, "28->27": 0, "28->29": 0, "29->28": 0, "29->30": 0, "30->29": 0, "29->31": 0, "31->29": 0, "27->32": 0, "32->27": 0, "32->33": 0, "33->32": 0, "33->34": 0, "34->33": 0, "33->35": 0, "35->33": 0, "35->36": 0, "36->35": 0, "33->37": 0, "37->33": 0, "37->38": 0, "38->37": 0, "37->39": 0, "39->37": 0, "32->40": 0, "40->32": 0, "40->41": 0, "41->40": 0, "41->42": 0, "42->41": 0, "42->43": 0, "43->42": 0, "27->44": 0, "44->27": 0, "44->45": 0, "45->44": 0, "45->46": 0, "46->45": 0, "44->47": 0, "47->44": 0, "47->48": 0, "48->47": 0, "47->49": 0, "49->47": 0, "49->50": 0, "50->49": 0, "49->51": 0, "51->49": 0, "51->52": 0, "52->51": 0, "49->53": 0, "53->49": 0, "27->54": 0, "54->27": 0, "54->55": 0, "55->54": 0, "55->56": 0, "56->55": 0, "56->57": 0, "57->56": 0, "55->58": 0, "58->55": 0, "58->59": 0, "59->58": 0, "59->60": 0, "60->59": 0, "58->61": 0, "61->58": 0, "61->62": 0, "62->61": 0, "58->63": 0, "63->58": 0, "63->64": 0, "64->63": 0, "58->65": 0, "65->58": 0, "65->66": 0, "66->65": 0, "58->67": 0, "67->58": 0, "67->68": 0, "68->67": 0, "58->69": 0, "69->58": 0, "69->70": 0, "70->69": 0, "58->71": 0, "71->58": 0, "71->72": 0, "72->71": 0, "58->73": 0, "73->58": 0, "73->74": 0, "74->73": 0, "55->75": 0, "75->55": 0, "27->76": 0, "76->27": 0, "76->77": 0, "77->76": 0, "77->78": 0, "78->77": 0, "77->79": 0, "79->77": 0, "79->80": 0, "80->79": 0, "80->81": 0, "81->80": 0, "77->82": 0, "82->77": 0, "82->83": 0, "83->82": 0, "76->84": 0, "84->76": 0, "84->85": 0, "85->84": 0, "85->86": 0, "86->85": 0, "86->87": 0, "87->86": 0, "87->88": 0, "88->87": 0, "86->89": 0, "89->86": 0, "89->90": 0, "90->89": 0, "86->91": 0, "91->86": 0, "91->92": 0, "92->91": 0, "19->93": 0, "93->19": 0, "93->94": 0, "94->93": 0, "94->95": 0, "95->94": 0, "95->96": 0, "96->95": 0, "96->97": 0, "97->96": 0, "95->98": 0, "98->95": 0, "98->99": 0, "99->98": 0, "98->100": 0, "100->98": 0, "95->101": 0, "101->95": 0, "93->102": 0, "102->93": 0, "102->103": 0, "103->102": 0, "103->104": 0, "104->103": 0, "103->105": 0, "105->103": 0, "105->106": 0, "106->105": 0, "103->107": 0, "107->103": 0, "107->108": 0, "108->107": 0, "102->109": 0, "109->102": 0, "109->110": 0, "110->109": 0, "110->111": 0, "111->110": 0, "111->112": 0, "112->111": 0, "93->113": 0, "113->93": 0, "113->114": 0, "114->113": 0, "114->115": 0, "115->114": 0, "114->116": 0, "116->114": 0, "116->117": 0, "117->116": 0, "114->118": 0, "118->114": 0, "118->119": 0, "119->118": 0, "113->120": 0, "120->113": 0, "120->121": 0, "121->120": 0, "121->122": 0, "122->121": 0, "122->123": 0, "123->122": 0, "122->124": 0, "124->122": 0, "120->125": 0, "125->120": 0, "125->126": 0, "126->125": 0, "126->127": 0, "127->126": 0, "127->128": 0, "128->127": 0, "126->129": 0, "129->126": 0, "129->130": 0, "130->129": 0, "126->131": 0, "131->126": 0, "1->3": 1, "3->1": 12, "3->5": 1, "5->3": 12, "5->7": 1, "7->5": 12, "7->8": 2, "8->7": 3, "8->9": 1, "9->8": 12, "9->16": 1, "16->9": 12, "10->12": 1, "12->10": 12, "13->14": 1, "14->13": 12, "17->19": 8, "19->17": 8, "20->93": 10, "93->20": 11, "21->27": 6, "27->21": 6, "22->23": 1, "23->22": 12, "23->25": 1, "25->23": 12, "28->32": 10, "32->28": 11, "32->44": 10, "44->32": 11, "44->54": 10, "54->44": 11, "54->76": 10, "76->54": 11, "30->31": 2, "31->30": 3, "33->40": 6, "40->33": 6, "34->35": 1, "35->34": 12, "35->37": 1, "37->35": 12, "38->39": 2, "39->38": 3, "45->47": 1, "47->45": 12, "48->49": 1, "49->48": 12, "50->51": 1, "51->50": 12, "51->53": 1, "53->51": 12, "56->58": 1, "58->56": 12, "58->75": 1, "75->58": 12, "59->61": 1, "61->59": 12, "61->63": 1, "63->61": 12, "63->65": 1, "65->63": 12, "65->67": 1, "67->65": 12, "67->69": 1, "69->67": 12, "69->71": 1, "71->69": 12, "71->73": 1, "73->71": 12, "77->84": 6, "84->77": 6, "78->79": 1, "79->78": 12, "79->82": 1, "82->79": 12, "87->89": 1, "89->87": 12, "89->91": 1, "91->89": 12, "94->102": 1, "102->94": 12, "102->113": 1, "113->102": 12, "96->98": 1, "98->96": 12, "98->101": 1, "101->98": 12, "99->100": 2, "100->99": 3, "103->109": 6, "109->103": 6, "104->105": 1, "105->104": 12, "105->107": 1, "107->105": 12, "114->120": 6, "120->114": 6, "115->116": 1, "116->115": 12, "116->118": 1, "118->116": 12, "121->125": 10, "125->121": 11, "123->124": 2, "124->123": 3, "127->129": 1, "129->127": 12, "129->131": 1, "131->129": 12, "2->4": 2, "4->2": 3, "4->6": 2, "6->4": 3, "6->7": 2, "7->6": 3, "8->11": 2, "11->8": 3, "11->13": 2, "13->11": 3, "13->15": 2, "15->13": 3, "15->18": 2, "18->15": 3, "18->22": 2, "22->18": 3, "22->24": 2, "24->22": 3, "24->26": 2, "26->24": 3, "26->30": 2, "30->26": 3, "31->34": 2, "34->31": 3, "34->36": 2, "36->34": 3, "36->38": 2, "38->36": 3, "39->43": 2, "43->39": 3, "43->46": 2, "46->43": 3, "46->48": 2, "48->46": 3, "48->50": 2, "50->48": 3, "50->52": 2, "52->50": 3, "52->53": 2, "53->52": 3, "53->57": 2, "57->53": 3, "57->60": 2, "60->57": 3, "60->62": 2, "62->60": 3, "62->64": 2, "64->62": 3, "64->66": 2, "66->64": 3, "66->68": 2, "68->66": 3, "68->70": 2, "70->68": 3, "70->72": 2, "72->70": 3, "72->74": 2, "74->72": 3, "74->75": 2, "75->74": 3, "75->78": 2, "78->75": 3, "78->81": 2, "81->78": 3, "81->83": 2, "83->81": 3, "83->88": 2, "88->83": 3, "88->90": 2, "90->88": 3, "90->92": 2, "92->90": 3, "92->97": 2, "97->92": 3, "97->99": 2, "99->97": 3, "100->101": 2, "101->100": 3, "101->104": 2, "104->101": 3, "104->106": 2, "106->104": 3, "106->108": 2, "108->106": 3, "108->112": 2, "112->108": 3, "112->115": 2, "115->112": 3, "115->117": 2, "117->115": 3, "117->119": 2, "119->117": 3, "119->123": 2, "123->119": 3, "124->128": 2, "128->124": 3, "128->130": 2, "130->128": 3, "130->131": 2, "131->130": 3, "24->57": 4, "57->24": 5, "57->128": 4, "128->57": 5, "31->36": 4, "36->31": 5, "36->52": 4, "52->36": 5, "74->81": 4, "81->74": 5, "81->88": 4, "88->81": 5, "97->106": 4, "106->97": 5, "106->112": 4, "112->106": 5, "112->117": 4, "117->112": 5}, "metrics": [28.0, 7.0, 0.0]}