{"nodelist": ["MethodDeclaration", "{'private'}", "private", "prefetchRegionCache", "FormalParameter", "{'final'}", "final", "BasicType", "byte", "tableName", "FormalParameter", "{'final'}", "final", "BasicType", "byte", "row", "LocalVariableDeclaration", "ReferenceType", "MetaScannerVisitor", "VariableDeclarator", "visitor", "ClassCreator", "ReferenceType", "MetaScannerVisitorBase", "MethodDeclaration", "{'public'}", "public", "BasicType", "boolean", "processRow", "FormalParameter", "ReferenceType", "Result", "result", "IOException", "TryStatement", "LocalVariableDeclaration", "ReferenceType", "HRegionInfo", "VariableDeclarator", "regionInfo", "MethodInvocation", "MetaScanner", "MemberReference", "result", "getHRegionInfo", "IfStatement", "BinaryOperation", "==", "MemberReference", "regionInfo", "Literal", "null", "BlockStatement", "ReturnStatement", "Literal", "true", "IfStatement", "MethodInvocation", "!", "Bytes", "MethodInvocation", "regionInfo", "getTableName", "MemberReference", "tableName", "equals", "BlockStatement", "ReturnStatement", "Literal", "false", "IfStatement", "MethodInvocation", "regionInfo", "isOffline", "BlockStatement", "ReturnStatement", "Literal", "true", "LocalVariableDeclaration", "ReferenceType", "ServerName", "VariableDeclarator", "serverName", "MethodInvocation", "HRegionInfo", "MemberReference", "result", "getServerName", "IfStatement", "BinaryOperation", "==", "MemberReference", "serverName", "Literal", "null", "BlockStatement", "ReturnStatement", "Literal", "true", "LocalVariableDeclaration", "BasicType", "long", "VariableDeclarator", "seqNum", "MethodInvocation", "HRegionInfo", "MemberReference", "result", "getSeqNumDuringOpen", "LocalVariableDeclaration", "ReferenceType", "HRegionLocation", "VariableDeclarator", "loc", "ClassCreator", "ReferenceType", "HRegionLocation", "MemberReference", "regionInfo", "MemberReference", "serverName", "MemberReference", "seqNum", "StatementExpression", "MethodInvocation", "MemberReference", "tableName", "Literal", "null", "MemberReference", "loc", "cacheLocation", "ReturnStatement", "Literal", "true", "CatchClause", "CatchClauseParameter", "RuntimeException", "e", "ThrowStatement", "ClassCreator", "ReferenceType", "IOException", "MemberReference", "e", "TryStatement", "StatementExpression", "MethodInvocation", "MetaScanner", "MemberReference", "conf", "MemberReference", "visitor", "MemberReference", "tableName", "MemberReference", "row", "This", "MemberReference", "prefetchRegionLimit", "metaScan", "CatchClause", "CatchClauseParameter", "IOException", "e", "StatementExpression", "MethodInvocation", "LOG", "Literal", "\"Encountered problems when prefetch META table: \"", "MemberReference", "e", "warn"], "nodes": {"0": "MethodDeclaration", "1": "Modifier", "2": "private", "3": "prefetchRegionCache", "4": "FormalParameter", "5": "Modifier", "6": "final", "7": "BasicType", "8": "byte", "9": "tableName", "10": "FormalParameter", "11": "Modifier", "12": "final", "13": "BasicType", "14": "byte", "15": "row", "16": "LocalVariableDeclaration", "17": "ReferenceType", "18": "MetaScannerVisitor", "19": "VariableDeclarator", "20": "visitor", "21": "ClassCreator", "22": "ReferenceType", "23": "MetaScannerVisitorBase", "24": "MethodDeclaration", "25": "Modifier", "26": "public", "27": "BasicType", "28": "boolean", "29": "processRow", "30": "FormalParameter", "31": "ReferenceType", "32": "Result", "33": "result", "34": "IOException", "35": "TryStatement", "36": "LocalVariableDeclaration", "37": "ReferenceType", "38": "HRegionInfo", "39": "VariableDeclarator", "40": "regionInfo", "41": "MethodInvocation", "42": "MetaScanner", "43": "MemberReference", "44": "result", "45": "getHRegionInfo", "46": "IfStatement", "47": "BinaryOperation", "48": "==", "49": "MemberReference", "50": "regionInfo", "51": "Literal", "52": "null", "53": "BlockStatement", "54": "ReturnStatement", "55": "Literal", "56": "true", "57": "IfStatement", "58": "MethodInvocation", "59": "!", "60": "Bytes", "61": "MethodInvocation", "62": "regionInfo", "63": "getTableName", "64": "MemberReference", "65": "tableName", "66": "equals", "67": "BlockStatement", "68": "ReturnStatement", "69": "Literal", "70": "false", "71": "IfStatement", "72": "MethodInvocation", "73": "regionInfo", "74": "isOffline", "75": "BlockStatement", "76": "ReturnStatement", "77": "Literal", "78": "true", "79": "LocalVariableDeclaration", "80": "ReferenceType", "81": "ServerName", "82": "VariableDeclarator", "83": "serverName", "84": "MethodInvocation", "85": "HRegionInfo", "86": "MemberReference", "87": "result", "88": "getServerName", "89": "IfStatement", "90": "BinaryOperation", "91": "==", "92": "MemberReference", "93": "serverName", "94": "Literal", "95": "null", "96": "BlockStatement", "97": "ReturnStatement", "98": "Literal", "99": "true", "100": "LocalVariableDeclaration", "101": "BasicType", "102": "long", "103": "VariableDeclarator", "104": "seqNum", "105": "MethodInvocation", "106": "HRegionInfo", "107": "MemberReference", "108": "result", "109": "getSeqNumDuringOpen", "110": "LocalVariableDeclaration", "111": "ReferenceType", "112": "HRegionLocation", "113": "VariableDeclarator", "114": "loc", "115": "ClassCreator", "116": "ReferenceType", "117": "HRegionLocation", "118": "MemberReference", "119": "regionInfo", "120": "MemberReference", "121": "serverName", "122": "MemberReference", "123": "seqNum", "124": "StatementExpression", "125": "MethodInvocation", "126": "MemberReference", "127": "tableName", "128": "Literal", "129": "null", "130": "MemberReference", "131": "loc", "132": "cacheLocation", "133": "ReturnStatement", "134": "Literal", "135": "true", "136": "CatchClause", "137": "CatchClauseParameter", "138": "RuntimeException", "139": "e", "140": "ThrowStatement", "141": "ClassCreator", "142": "ReferenceType", "143": "IOException", "144": "MemberReference", "145": "e", "146": "TryStatement", "147": "StatementExpression", "148": "MethodInvocation", "149": "MetaScanner", "150": "MemberReference", "151": "conf", "152": "MemberReference", "153": "visitor", "154": "MemberReference", "155": "tableName", "156": "MemberReference", "157": "row", "158": "This", "159": "MemberReference", "160": "prefetchRegionLimit", "161": "metaScan", "162": "CatchClause", "163": "CatchClauseParameter", "164": "IOException", "165": "e", "166": "StatementExpression", "167": "MethodInvocation", "168": "LOG", "169": "Literal", "170": "\"Encountered problems when prefetch META table: \"", "171": "MemberReference", "172": "e", "173": "warn"}, "edges": {"0->1": 0, "1->0": 0, "1->2": 0, "2->1": 0, "0->3": 0, "3->0": 0, "0->4": 0, "4->0": 0, "4->5": 0, "5->4": 0, "5->6": 0, "6->5": 0, "4->7": 0, "7->4": 0, "7->8": 0, "8->7": 0, "4->9": 0, "9->4": 0, "0->10": 0, "10->0": 0, "10->11": 0, "11->10": 0, "11->12": 0, "12->11": 0, "10->13": 0, "13->10": 0, "13->14": 0, "14->13": 0, "10->15": 0, "15->10": 0, "0->16": 0, "16->0": 0, "16->17": 0, "17->16": 0, "17->18": 0, "18->17": 0, "16->19": 0, "19->16": 0, "19->20": 0, "20->19": 0, "19->21": 0, "21->19": 0, "21->22": 0, "22->21": 0, "22->23": 0, "23->22": 0, "21->24": 0, "24->21": 0, "24->25": 0, "25->24": 0, "25->26": 0, "26->25": 0, "24->27": 0, "27->24": 0, "27->28": 0, "28->27": 0, "24->29": 0, "29->24": 0, "24->30": 0, "30->24": 0, "30->31": 0, "31->30": 0, "31->32": 0, "32->31": 0, "30->33": 0, "33->30": 0, "24->34": 0, "34->24": 0, "24->35": 0, "35->24": 0, "35->36": 0, "36->35": 0, "36->37": 0, "37->36": 0, "37->38": 0, "38->37": 0, "36->39": 0, "39->36": 0, "39->40": 0, "40->39": 0, "39->41": 0, "41->39": 0, "41->42": 0, "42->41": 0, "41->43": 0, "43->41": 0, "43->44": 0, "44->43": 0, "41->45": 0, "45->41": 0, "35->46": 0, "46->35": 0, "46->47": 0, "47->46": 0, "47->48": 0, "48->47": 0, "47->49": 0, "49->47": 0, "49->50": 0, "50->49": 0, "47->51": 0, "51->47": 0, "51->52": 0, "52->51": 0, "46->53": 0, "53->46": 0, "53->54": 0, "54->53": 0, "54->55": 0, "55->54": 0, "55->56": 0, "56->55": 0, "35->57": 0, "57->35": 0, "57->58": 0, "58->57": 0, "58->59": 0, "59->58": 0, "58->60": 0, "60->58": 0, "58->61": 0, "61->58": 0, "61->62": 0, "62->61": 0, "61->63": 0, "63->61": 0, "58->64": 0, "64->58": 0, "64->65": 0, "65->64": 0, "58->66": 0, "66->58": 0, "57->67": 0, "67->57": 0, "67->68": 0, "68->67": 0, "68->69": 0, "69->68": 0, "69->70": 0, "70->69": 0, "35->71": 0, "71->35": 0, "71->72": 0, "72->71": 0, "72->73": 0, "73->72": 0, "72->74": 0, "74->72": 0, "71->75": 0, "75->71": 0, "75->76": 0, "76->75": 0, "76->77": 0, "77->76": 0, "77->78": 0, "78->77": 0, "35->79": 0, "79->35": 0, "79->80": 0, "80->79": 0, "80->81": 0, "81->80": 0, "79->82": 0, "82->79": 0, "82->83": 0, "83->82": 0, "82->84": 0, "84->82": 0, "84->85": 0, "85->84": 0, "84->86": 0, "86->84": 0, "86->87": 0, "87->86": 0, "84->88": 0, "88->84": 0, "35->89": 0, "89->35": 0, "89->90": 0, "90->89": 0, "90->91": 0, "91->90": 0, "90->92": 0, "92->90": 0, "92->93": 0, "93->92": 0, "90->94": 0, "94->90": 0, "94->95": 0, "95->94": 0, "89->96": 0, "96->89": 0, "96->97": 0, "97->96": 0, "97->98": 0, "98->97": 0, "98->99": 0, "99->98": 0, "35->100": 0, "100->35": 0, "100->101": 0, "101->100": 0, "101->102": 0, "102->101": 0, "100->103": 0, "103->100": 0, "103->104": 0, "104->103": 0, "103->105": 0, "105->103": 0, "105->106": 0, "106->105": 0, "105->107": 0, "107->105": 0, "107->108": 0, "108->107": 0, "105->109": 0, "109->105": 0, "35->110": 0, "110->35": 0, "110->111": 0, "111->110": 0, "111->112": 0, "112->111": 0, "110->113": 0, "113->110": 0, "113->114": 0, "114->113": 0, "113->115": 0, "115->113": 0, "115->116": 0, "116->115": 0, "116->117": 0, "117->116": 0, "115->118": 0, "118->115": 0, "118->119": 0, "119->118": 0, "115->120": 0, "120->115": 0, "120->121": 0, "121->120": 0, "115->122": 0, "122->115": 0, "122->123": 0, "123->122": 0, "35->124": 0, "124->35": 0, "124->125": 0, "125->124": 0, "125->126": 0, "126->125": 0, "126->127": 0, "127->126": 0, "125->128": 0, "128->125": 0, "128->129": 0, "129->128": 0, "125->130": 0, "130->125": 0, "130->131": 0, "131->130": 0, "125->132": 0, "132->125": 0, "35->133": 0, "133->35": 0, "133->134": 0, "134->133": 0, "134->135": 0, "135->134": 0, "35->136": 0, "136->35": 0, "136->137": 0, "137->136": 0, "137->138": 0, "138->137": 0, "137->139": 0, "139->137": 0, "136->140": 0, "140->136": 0, "140->141": 0, "141->140": 0, "141->142": 0, "142->141": 0, "142->143": 0, "143->142": 0, "141->144": 0, "144->141": 0, "144->145": 0, "145->144": 0, "0->146": 0, "146->0": 0, "146->147": 0, "147->146": 0, "147->148": 0, "148->147": 0, "148->149": 0, "149->148": 0, "148->150": 0, "150->148": 0, "150->151": 0, "151->150": 0, "148->152": 0, "152->148": 0, "152->153": 0, "153->152": 0, "148->154": 0, "154->148": 0, "154->155": 0, "155->154": 0, "148->156": 0, "156->148": 0, "156->157": 0, "157->156": 0, "148->158": 0, "158->148": 0, "158->159": 0, "159->158": 0, "159->160": 0, "160->159": 0, "148->161": 0, "161->148": 0, "146->162": 0, "162->146": 0, "162->163": 0, "163->162": 0, "163->164": 0, "164->163": 0, "163->165": 0, "165->163": 0, "162->166": 0, "166->162": 0, "166->167": 0, "167->166": 0, "167->168": 0, "168->167": 0, "167->169": 0, "169->167": 0, "169->170": 0, "170->169": 0, "167->171": 0, "171->167": 0, "171->172": 0, "172->171": 0, "167->173": 0, "173->167": 0, "1->3": 1, "3->1": 12, "3->4": 1, "4->3": 12, "4->10": 1, "10->4": 12, "10->16": 1, "16->10": 12, "16->146": 1, "146->16": 12, "5->7": 1, "7->5": 12, "7->9": 1, "9->7": 12, "11->13": 1, "13->11": 12, "13->15": 1, "15->13": 12, "17->19": 1, "19->17": 12, "20->21": 1, "21->20": 12, "22->24": 1, "24->22": 12, "25->27": 1, "27->25": 12, "27->29": 1, "29->27": 12, "29->30": 1, "30->29": 12, "30->34": 1, "34->30": 12, "34->35": 1, "35->34": 12, "31->33": 1, "33->31": 12, "36->46": 1, "46->36": 12, "46->57": 1, "57->46": 12, "57->71": 1, "71->57": 12, "71->79": 1, "79->71": 12, "79->89": 1, "89->79": 12, "89->100": 1, "100->89": 12, "100->110": 1, "110->100": 12, "110->124": 1, "124->110": 12, "124->133": 1, "133->124": 12, "133->136": 1, "136->133": 12, "37->39": 1, "39->37": 12, "40->41": 1, "41->40": 12, "42->43": 1, "43->42": 12, "43->45": 1, "45->43": 12, "47->53": 6, "53->47": 6, "48->49": 1, "49->48": 12, "49->51": 1, "51->49": 12, "58->67": 6, "67->58": 6, "59->60": 2, "60->59": 3, "60->61": 1, "61->60": 12, "61->64": 1, "64->61": 12, "64->66": 1, "66->64": 12, "62->63": 2, "63->62": 3, "72->75": 6, "75->72": 6, "73->74": 2, "74->73": 3, "80->82": 1, "82->80": 12, "83->84": 1, "84->83": 12, "85->86": 1, "86->85": 12, "86->88": 1, "88->86": 12, "90->96": 6, "96->90": 6, "91->92": 1, "92->91": 12, "92->94": 1, "94->92": 12, "101->103": 1, "103->101": 12, "104->105": 1, "105->104": 12, "106->107": 1, "107->106": 12, "107->109": 1, "109->107": 12, "111->113": 1, "113->111": 12, "114->115": 1, "115->114": 12, "116->118": 1, "118->116": 12, "118->120": 1, "120->118": 12, "120->122": 1, "122->120": 12, "126->128": 1, "128->126": 12, "128->130": 1, "130->128": 12, "130->132": 1, "132->130": 12, "137->140": 1, "140->137": 12, "138->139": 2, "139->138": 3, "142->144": 1, "144->142": 12, "147->162": 1, "162->147": 12, "149->150": 1, "150->149": 12, "150->152": 1, "152->150": 12, "152->154": 1, "154->152": 12, "154->156": 1, "156->154": 12, "156->158": 1, "158->156": 12, "158->161": 1, "161->158": 12, "163->166": 1, "166->163": 12, "164->165": 2, "165->164": 3, "168->169": 1, "169->168": 12, "169->171": 1, "171->169": 12, "171->173": 1, "173->171": 12, "2->3": 2, "3->2": 3, "3->6": 2, "6->3": 3, "6->8": 2, "8->6": 3, "8->9": 2, "9->8": 3, "9->12": 2, "12->9": 3, "12->14": 2, "14->12": 3, "14->15": 2, "15->14": 3, "15->18": 2, "18->15": 3, "18->20": 2, "20->18": 3, "20->23": 2, "23->20": 3, "23->26": 2, "26->23": 3, "26->28": 2, "28->26": 3, "28->29": 2, "29->28": 3, "29->32": 2, "32->29": 3, "32->33": 2, "33->32": 3, "33->34": 2, "34->33": 3, "34->38": 2, "38->34": 3, "38->40": 2, "40->38": 3, "40->42": 2, "42->40": 3, "42->44": 2, "44->42": 3, "44->45": 2, "45->44": 3, "45->48": 2, "48->45": 3, "48->50": 2, "50->48": 3, "50->52": 2, "52->50": 3, "52->56": 2, "56->52": 3, "56->59": 2, "59->56": 3, "60->62": 2, "62->60": 3, "63->65": 2, "65->63": 3, "65->66": 2, "66->65": 3, "66->70": 2, "70->66": 3, "70->73": 2, "73->70": 3, "74->78": 2, "78->74": 3, "78->81": 2, "81->78": 3, "81->83": 2, "83->81": 3, "83->85": 2, "85->83": 3, "85->87": 2, "87->85": 3, "87->88": 2, "88->87": 3, "88->91": 2, "91->88": 3, "91->93": 2, "93->91": 3, "93->95": 2, "95->93": 3, "95->99": 2, "99->95": 3, "99->102": 2, "102->99": 3, "102->104": 2, "104->102": 3, "104->106": 2, "106->104": 3, "106->108": 2, "108->106": 3, "108->109": 2, "109->108": 3, "109->112": 2, "112->109": 3, "112->114": 2, "114->112": 3, "114->117": 2, "117->114": 3, "117->119": 2, "119->117": 3, "119->121": 2, "121->119": 3, "121->123": 2, "123->121": 3, "123->127": 2, "127->123": 3, "127->129": 2, "129->127": 3, "129->131": 2, "131->129": 3, "131->132": 2, "132->131": 3, "132->135": 2, "135->132": 3, "135->138": 2, "138->135": 3, "139->143": 2, "143->139": 3, "143->145": 2, "145->143": 3, "145->149": 2, "149->145": 3, "149->151": 2, "151->149": 3, "151->153": 2, "153->151": 3, "153->155": 2, "155->153": 3, "155->157": 2, "157->155": 3, "157->160": 2, "160->157": 3, "160->161": 2, "161->160": 3, "161->164": 2, "164->161": 3, "165->168": 2, "168->165": 3, "168->170": 2, "170->168": 3, "170->172": 2, "172->170": 3, "172->173": 2, "173->172": 3, "44->87": 4, "87->44": 5, "87->108": 4, "108->87": 5, "50->119": 4, "119->50": 5, "65->127": 4, "127->65": 5, "127->155": 4, "155->127": 5, "93->121": 4, "121->93": 5, "145->172": 4, "172->145": 5}, "metrics": [36.0, 5.0, 2.0]}