{"nodelist": ["MethodDeclaration", "{'static', 'public'}", "static", "public", "initCredentials", "FormalParameter", "ReferenceType", "Job", "job", "IOException", "LocalVariableDeclaration", "ReferenceType", "UserProvider", "VariableDeclarator", "userProvider", "MethodInvocation", "UserProvider", "MethodInvocation", "job", "getConfiguration", "instantiate", "IfStatement", "MethodInvocation", "userProvider", "isHadoopSecurityEnabled", "BlockStatement", "IfStatement", "BinaryOperation", "!=", "MethodInvocation", "System", "Literal", "\"HADOOP_TOKEN_FILE_LOCATION\"", "getenv", "Literal", "null", "BlockStatement", "StatementExpression", "MethodInvocation", "job", "MethodInvocation", "Literal", "\"mapreduce.job.credentials.binary\"", "MethodInvocation", "System", "Literal", "\"HADOOP_TOKEN_FILE_LOCATION\"", "getenv", "set", "getConfiguration", "IfStatement", "MethodInvocation", "userProvider", "isHBaseSecurityEnabled", "BlockStatement", "TryStatement", "LocalVariableDeclaration", "ReferenceType", "String", "VariableDeclarator", "quorumAddress", "MethodInvocation", "job", "MethodInvocation", "MemberReference", "TableOutputFormat", "QUORUM_ADDRESS", "get", "getConfiguration", "LocalVariableDeclaration", "ReferenceType", "User", "VariableDeclarator", "user", "MethodInvocation", "userProvider", "getCurrent", "IfStatement", "BinaryOperation", "!=", "MemberReference", "quorumAddress", "Literal", "null", "BlockStatement", "LocalVariableDeclaration", "ReferenceType", "Configuration", "VariableDeclarator", "peerConf", "MethodInvocation", "HBaseConfiguration", "MethodInvocation", "job", "getConfiguration", "MemberReference", "quorumAddress", "MemberReference", "TableOutputFormat", "OUTPUT_CONF_PREFIX", "createClusterConf", "LocalVariableDeclaration", "ReferenceType", "HConnection", "VariableDeclarator", "peerConn", "MethodInvocation", "HConnectionManager", "MemberReference", "peerConf", "createConnection", "TryStatement", "StatementExpression", "MethodInvocation", "TokenUtil", "MemberReference", "peerConn", "MemberReference", "user", "MemberReference", "job", "addTokenForJob", "StatementExpression", "MethodInvocation", "peerConn", "close", "LocalVariableDeclaration", "ReferenceType", "HConnection", "VariableDeclarator", "conn", "MethodInvocation", "HConnectionManager", "MethodInvocation", "job", "getConfiguration", "createConnection", "TryStatement", "StatementExpression", "MethodInvocation", "TokenUtil", "MemberReference", "conn", "MemberReference", "user", "MemberReference", "job", "addTokenForJob", "StatementExpression", "MethodInvocation", "conn", "close", "CatchClause", "CatchClauseParameter", "InterruptedException", "ie", "StatementExpression", "MethodInvocation", "LOG", "Literal", "\"Interrupted obtaining user authentication token\"", "info", "StatementExpression", "MethodInvocation", "Thread", "MethodInvocation", "interrupt", "currentThread"], "nodes": {"0": "MethodDeclaration", "1": "Modifier", "2": "static", "3": "public", "4": "initCredentials", "5": "FormalParameter", "6": "ReferenceType", "7": "Job", "8": "job", "9": "IOException", "10": "LocalVariableDeclaration", "11": "ReferenceType", "12": "UserProvider", "13": "VariableDeclarator", "14": "userProvider", "15": "MethodInvocation", "16": "UserProvider", "17": "MethodInvocation", "18": "job", "19": "getConfiguration", "20": "instantiate", "21": "IfStatement", "22": "MethodInvocation", "23": "userProvider", "24": "isHadoopSecurityEnabled", "25": "BlockStatement", "26": "IfStatement", "27": "BinaryOperation", "28": "!=", "29": "MethodInvocation", "30": "System", "31": "Literal", "32": "\"HADOOP_TOKEN_FILE_LOCATION\"", "33": "getenv", "34": "Literal", "35": "null", "36": "BlockStatement", "37": "StatementExpression", "38": "MethodInvocation", "39": "job", "40": "MethodInvocation", "41": "Literal", "42": "\"mapreduce.job.credentials.binary\"", "43": "MethodInvocation", "44": "System", "45": "Literal", "46": "\"HADOOP_TOKEN_FILE_LOCATION\"", "47": "getenv", "48": "set", "49": "getConfiguration", "50": "IfStatement", "51": "MethodInvocation", "52": "userProvider", "53": "isHBaseSecurityEnabled", "54": "BlockStatement", "55": "TryStatement", "56": "LocalVariableDeclaration", "57": "ReferenceType", "58": "String", "59": "VariableDeclarator", "60": "quorumAddress", "61": "MethodInvocation", "62": "job", "63": "MethodInvocation", "64": "MemberReference", "65": "TableOutputFormat", "66": "QUORUM_ADDRESS", "67": "get", "68": "getConfiguration", "69": "LocalVariableDeclaration", "70": "ReferenceType", "71": "User", "72": "VariableDeclarator", "73": "user", "74": "MethodInvocation", "75": "userProvider", "76": "getCurrent", "77": "IfStatement", "78": "BinaryOperation", "79": "!=", "80": "MemberReference", "81": "quorumAddress", "82": "Literal", "83": "null", "84": "BlockStatement", "85": "LocalVariableDeclaration", "86": "ReferenceType", "87": "Configuration", "88": "VariableDeclarator", "89": "peerConf", "90": "MethodInvocation", "91": "HBaseConfiguration", "92": "MethodInvocation", "93": "job", "94": "getConfiguration", "95": "MemberReference", "96": "quorumAddress", "97": "MemberReference", "98": "TableOutputFormat", "99": "OUTPUT_CONF_PREFIX", "100": "createClusterConf", "101": "LocalVariableDeclaration", "102": "ReferenceType", "103": "HConnection", "104": "VariableDeclarator", "105": "peerConn", "106": "MethodInvocation", "107": "HConnectionManager", "108": "MemberReference", "109": "peerConf", "110": "createConnection", "111": "TryStatement", "112": "StatementExpression", "113": "MethodInvocation", "114": "TokenUtil", "115": "MemberReference", "116": "peerConn", "117": "MemberReference", "118": "user", "119": "MemberReference", "120": "job", "121": "addTokenForJob", "122": "StatementExpression", "123": "MethodInvocation", "124": "peerConn", "125": "close", "126": "LocalVariableDeclaration", "127": "ReferenceType", "128": "HConnection", "129": "VariableDeclarator", "130": "conn", "131": "MethodInvocation", "132": "HConnectionManager", "133": "MethodInvocation", "134": "job", "135": "getConfiguration", "136": "createConnection", "137": "TryStatement", "138": "StatementExpression", "139": "MethodInvocation", "140": "TokenUtil", "141": "MemberReference", "142": "conn", "143": "MemberReference", "144": "user", "145": "MemberReference", "146": "job", "147": "addTokenForJob", "148": "StatementExpression", "149": "MethodInvocation", "150": "conn", "151": "close", "152": "CatchClause", "153": "CatchClauseParameter", "154": "InterruptedException", "155": "ie", "156": "StatementExpression", "157": "MethodInvocation", "158": "LOG", "159": "Literal", "160": "\"Interrupted obtaining user authentication token\"", "161": "info", "162": "StatementExpression", "163": "MethodInvocation", "164": "Thread", "165": "MethodInvocation", "166": "interrupt", "167": "currentThread"}, "edges": {"0->1": 0, "1->0": 0, "1->2": 0, "2->1": 0, "1->3": 0, "3->1": 0, "0->4": 0, "4->0": 0, "0->5": 0, "5->0": 0, "5->6": 0, "6->5": 0, "6->7": 0, "7->6": 0, "5->8": 0, "8->5": 0, "0->9": 0, "9->0": 0, "0->10": 0, "10->0": 0, "10->11": 0, "11->10": 0, "11->12": 0, "12->11": 0, "10->13": 0, "13->10": 0, "13->14": 0, "14->13": 0, "13->15": 0, "15->13": 0, "15->16": 0, "16->15": 0, "15->17": 0, "17->15": 0, "17->18": 0, "18->17": 0, "17->19": 0, "19->17": 0, "15->20": 0, "20->15": 0, "0->21": 0, "21->0": 0, "21->22": 0, "22->21": 0, "22->23": 0, "23->22": 0, "22->24": 0, "24->22": 0, "21->25": 0, "25->21": 0, "25->26": 0, "26->25": 0, "26->27": 0, "27->26": 0, "27->28": 0, "28->27": 0, "27->29": 0, "29->27": 0, "29->30": 0, "30->29": 0, "29->31": 0, "31->29": 0, "31->32": 0, "32->31": 0, "29->33": 0, "33->29": 0, "27->34": 0, "34->27": 0, "34->35": 0, "35->34": 0, "26->36": 0, "36->26": 0, "36->37": 0, "37->36": 0, "37->38": 0, "38->37": 0, "38->39": 0, "39->38": 0, "38->40": 0, "40->38": 0, "40->41": 0, "41->40": 0, "41->42": 0, "42->41": 0, "40->43": 0, "43->40": 0, "43->44": 0, "44->43": 0, "43->45": 0, "45->43": 0, "45->46": 0, "46->45": 0, "43->47": 0, "47->43": 0, "40->48": 0, "48->40": 0, "38->49": 0, "49->38": 0, "0->50": 0, "50->0": 0, "50->51": 0, "51->50": 0, "51->52": 0, "52->51": 0, "51->53": 0, "53->51": 0, "50->54": 0, "54->50": 0, "54->55": 0, "55->54": 0, "55->56": 0, "56->55": 0, "56->57": 0, "57->56": 0, "57->58": 0, "58->57": 0, "56->59": 0, "59->56": 0, "59->60": 0, "60->59": 0, "59->61": 0, "61->59": 0, "61->62": 0, "62->61": 0, "61->63": 0, "63->61": 0, "63->64": 0, "64->63": 0, "64->65": 0, "65->64": 0, "64->66": 0, "66->64": 0, "63->67": 0, "67->63": 0, "61->68": 0, "68->61": 0, "55->69": 0, "69->55": 0, "69->70": 0, "70->69": 0, "70->71": 0, "71->70": 0, "69->72": 0, "72->69": 0, "72->73": 0, "73->72": 0, "72->74": 0, "74->72": 0, "74->75": 0, "75->74": 0, "74->76": 0, "76->74": 0, "55->77": 0, "77->55": 0, "77->78": 0, "78->77": 0, "78->79": 0, "79->78": 0, "78->80": 0, "80->78": 0, "80->81": 0, "81->80": 0, "78->82": 0, "82->78": 0, "82->83": 0, "83->82": 0, "77->84": 0, "84->77": 0, "84->85": 0, "85->84": 0, "85->86": 0, "86->85": 0, "86->87": 0, "87->86": 0, "85->88": 0, "88->85": 0, "88->89": 0, "89->88": 0, "88->90": 0, "90->88": 0, "90->91": 0, "91->90": 0, "90->92": 0, "92->90": 0, "92->93": 0, "93->92": 0, "92->94": 0, "94->92": 0, "90->95": 0, "95->90": 0, "95->96": 0, "96->95": 0, "90->97": 0, "97->90": 0, "97->98": 0, "98->97": 0, "97->99": 0, "99->97": 0, "90->100": 0, "100->90": 0, "84->101": 0, "101->84": 0, "101->102": 0, "102->101": 0, "102->103": 0, "103->102": 0, "101->104": 0, "104->101": 0, "104->105": 0, "105->104": 0, "104->106": 0, "106->104": 0, "106->107": 0, "107->106": 0, "106->108": 0, "108->106": 0, "108->109": 0, "109->108": 0, "106->110": 0, "110->106": 0, "84->111": 0, "111->84": 0, "111->112": 0, "112->111": 0, "112->113": 0, "113->112": 0, "113->114": 0, "114->113": 0, "113->115": 0, "115->113": 0, "115->116": 0, "116->115": 0, "113->117": 0, "117->113": 0, "117->118": 0, "118->117": 0, "113->119": 0, "119->113": 0, "119->120": 0, "120->119": 0, "113->121": 0, "121->113": 0, "111->122": 0, "122->111": 0, "122->123": 0, "123->122": 0, "123->124": 0, "124->123": 0, "123->125": 0, "125->123": 0, "55->126": 0, "126->55": 0, "126->127": 0, "127->126": 0, "127->128": 0, "128->127": 0, "126->129": 0, "129->126": 0, "129->130": 0, "130->129": 0, "129->131": 0, "131->129": 0, "131->132": 0, "132->131": 0, "131->133": 0, "133->131": 0, "133->134": 0, "134->133": 0, "133->135": 0, "135->133": 0, "131->136": 0, "136->131": 0, "55->137": 0, "137->55": 0, "137->138": 0, "138->137": 0, "138->139": 0, "139->138": 0, "139->140": 0, "140->139": 0, "139->141": 0, "141->139": 0, "141->142": 0, "142->141": 0, "139->143": 0, "143->139": 0, "143->144": 0, "144->143": 0, "139->145": 0, "145->139": 0, "145->146": 0, "146->145": 0, "139->147": 0, "147->139": 0, "137->148": 0, "148->137": 0, "148->149": 0, "149->148": 0, "149->150": 0, "150->149": 0, "149->151": 0, "151->149": 0, "55->152": 0, "152->55": 0, "152->153": 0, "153->152": 0, "153->154": 0, "154->153": 0, "153->155": 0, "155->153": 0, "152->156": 0, "156->152": 0, "156->157": 0, "157->156": 0, "157->158": 0, "158->157": 0, "157->159": 0, "159->157": 0, "159->160": 0, "160->159": 0, "157->161": 0, "161->157": 0, "152->162": 0, "162->152": 0, "162->163": 0, "163->162": 0, "163->164": 0, "164->163": 0, "163->165": 0, "165->163": 0, "165->166": 0, "166->165": 0, "163->167": 0, "167->163": 0, "1->4": 1, "4->1": 12, "4->5": 1, "5->4": 12, "5->9": 1, "9->5": 12, "9->10": 1, "10->9": 12, "10->21": 1, "21->10": 12, "21->50": 1, "50->21": 12, "2->3": 2, "3->2": 3, "6->8": 1, "8->6": 12, "11->13": 1, "13->11": 12, "14->15": 1, "15->14": 12, "16->17": 1, "17->16": 12, "17->20": 1, "20->17": 12, "18->19": 2, "19->18": 3, "22->25": 6, "25->22": 6, "23->24": 2, "24->23": 3, "27->36": 6, "36->27": 6, "28->29": 1, "29->28": 12, "29->34": 1, "34->29": 12, "30->31": 1, "31->30": 12, "31->33": 1, "33->31": 12, "39->40": 1, "40->39": 12, "40->49": 1, "49->40": 12, "41->43": 1, "43->41": 12, "43->48": 1, "48->43": 12, "44->45": 1, "45->44": 12, "45->47": 1, "47->45": 12, "51->54": 6, "54->51": 6, "52->53": 2, "53->52": 3, "56->69": 1, "69->56": 12, "69->77": 1, "77->69": 12, "77->126": 1, "126->77": 12, "126->137": 1, "137->126": 12, "137->152": 1, "152->137": 12, "57->59": 1, "59->57": 12, "60->61": 1, "61->60": 12, "62->63": 1, "63->62": 12, "63->68": 1, "68->63": 12, "64->67": 1, "67->64": 12, "65->66": 2, "66->65": 3, "70->72": 1, "72->70": 12, "73->74": 1, "74->73": 12, "75->76": 2, "76->75": 3, "78->84": 6, "84->78": 6, "79->80": 1, "80->79": 12, "80->82": 1, "82->80": 12, "85->101": 10, "101->85": 11, "101->111": 10, "111->101": 11, "86->88": 1, "88->86": 12, "89->90": 1, "90->89": 12, "91->92": 1, "92->91": 12, "92->95": 1, "95->92": 12, "95->97": 1, "97->95": 12, "97->100": 1, "100->97": 12, "93->94": 2, "94->93": 3, "98->99": 2, "99->98": 3, "102->104": 1, "104->102": 12, "105->106": 1, "106->105": 12, "107->108": 1, "108->107": 12, "108->110": 1, "110->108": 12, "112->122": 1, "122->112": 12, "114->115": 1, "115->114": 12, "115->117": 1, "117->115": 12, "117->119": 1, "119->117": 12, "119->121": 1, "121->119": 12, "124->125": 2, "125->124": 3, "127->129": 1, "129->127": 12, "130->131": 1, "131->130": 12, "132->133": 1, "133->132": 12, "133->136": 1, "136->133": 12, "134->135": 2, "135->134": 3, "138->148": 1, "148->138": 12, "140->141": 1, "141->140": 12, "141->143": 1, "143->141": 12, "143->145": 1, "145->143": 12, "145->147": 1, "147->145": 12, "150->151": 2, "151->150": 3, "153->156": 1, "156->153": 12, "156->162": 1, "162->156": 12, "154->155": 2, "155->154": 3, "158->159": 1, "159->158": 12, "159->161": 1, "161->159": 12, "164->165": 1, "165->164": 12, "165->167": 1, "167->165": 12, "3->4": 2, "4->3": 3, "4->7": 2, "7->4": 3, "7->8": 2, "8->7": 3, "8->9": 2, "9->8": 3, "9->12": 2, "12->9": 3, "12->14": 2, "14->12": 3, "14->16": 2, "16->14": 3, "16->18": 2, "18->16": 3, "19->20": 2, "20->19": 3, "20->23": 2, "23->20": 3, "24->28": 2, "28->24": 3, "28->30": 2, "30->28": 3, "30->32": 2, "32->30": 3, "32->33": 2, "33->32": 3, "33->35": 2, "35->33": 3, "35->39": 2, "39->35": 3, "39->42": 2, "42->39": 3, "42->44": 2, "44->42": 3, "44->46": 2, "46->44": 3, "46->47": 2, "47->46": 3, "47->48": 2, "48->47": 3, "48->49": 2, "49->48": 3, "49->52": 2, "52->49": 3, "53->58": 2, "58->53": 3, "58->60": 2, "60->58": 3, "60->62": 2, "62->60": 3, "62->65": 2, "65->62": 3, "66->67": 2, "67->66": 3, "67->68": 2, "68->67": 3, "68->71": 2, "71->68": 3, "71->73": 2, "73->71": 3, "73->75": 2, "75->73": 3, "76->79": 2, "79->76": 3, "79->81": 2, "81->79": 3, "81->83": 2, "83->81": 3, "83->87": 2, "87->83": 3, "87->89": 2, "89->87": 3, "89->91": 2, "91->89": 3, "91->93": 2, "93->91": 3, "94->96": 2, "96->94": 3, "96->98": 2, "98->96": 3, "99->100": 2, "100->99": 3, "100->103": 2, "103->100": 3, "103->105": 2, "105->103": 3, "105->107": 2, "107->105": 3, "107->109": 2, "109->107": 3, "109->110": 2, "110->109": 3, "110->114": 2, "114->110": 3, "114->116": 2, "116->114": 3, "116->118": 2, "118->116": 3, "118->120": 2, "120->118": 3, "120->121": 2, "121->120": 3, "121->124": 2, "124->121": 3, "125->128": 2, "128->125": 3, "128->130": 2, "130->128": 3, "130->132": 2, "132->130": 3, "132->134": 2, "134->132": 3, "135->136": 2, "136->135": 3, "136->140": 2, "140->136": 3, "140->142": 2, "142->140": 3, "142->144": 2, "144->142": 3, "144->146": 2, "146->144": 3, "146->147": 2, "147->146": 3, "147->150": 2, "150->147": 3, "151->154": 2, "154->151": 3, "155->158": 2, "158->155": 3, "158->160": 2, "160->158": 3, "160->161": 2, "161->160": 3, "161->164": 2, "164->161": 3, "164->166": 2, "166->164": 3, "166->167": 2, "167->166": 3, "81->96": 4, "96->81": 5, "118->144": 4, "144->118": 5, "120->146": 4, "146->120": 5}, "metrics": [35.0, 5.0, 1.0]}