{"nodelist": ["MethodDeclaration", "{'public'}", "public", "requireGlobalPermission", "FormalParameter", "ReferenceType", "String", "request", "FormalParameter", "ReferenceType", "Action", "perm", "FormalParameter", "ReferenceType", "String", "namespace", "IOException", "StatementExpression", "MethodInvocation", "accessChecker", "MethodInvocation", "getActiveUser", "MemberReference", "request", "MemberReference", "perm", "MemberReference", "namespace", "requireGlobalPermission"], "nodes": {"0": "MethodDeclaration", "1": "Modifier", "2": "public", "3": "requireGlobalPermission", "4": "FormalParameter", "5": "ReferenceType", "6": "String", "7": "request", "8": "FormalParameter", "9": "ReferenceType", "10": "Action", "11": "perm", "12": "FormalParameter", "13": "ReferenceType", "14": "String", "15": "namespace", "16": "IOException", "17": "StatementExpression", "18": "MethodInvocation", "19": "accessChecker", "20": "MethodInvocation", "21": "getActiveUser", "22": "MemberReference", "23": "request", "24": "MemberReference", "25": "perm", "26": "MemberReference", "27": "namespace", "28": "requireGlobalPermission"}, "edges": {"0->1": 0, "1->0": 0, "1->2": 0, "2->1": 0, "0->3": 0, "3->0": 0, "0->4": 0, "4->0": 0, "4->5": 0, "5->4": 0, "5->6": 0, "6->5": 0, "4->7": 0, "7->4": 0, "0->8": 0, "8->0": 0, "8->9": 0, "9->8": 0, "9->10": 0, "10->9": 0, "8->11": 0, "11->8": 0, "0->12": 0, "12->0": 0, "12->13": 0, "13->12": 0, "13->14": 0, "14->13": 0, "12->15": 0, "15->12": 0, "0->16": 0, "16->0": 0, "0->17": 0, "17->0": 0, "17->18": 0, "18->17": 0, "18->19": 0, "19->18": 0, "18->20": 0, "20->18": 0, "20->21": 0, "21->20": 0, "18->22": 0, "22->18": 0, "22->23": 0, "23->22": 0, "18->24": 0, "24->18": 0, "24->25": 0, "25->24": 0, "18->26": 0, "26->18": 0, "26->27": 0, "27->26": 0, "18->28": 0, "28->18": 0, "1->3": 1, "3->1": 12, "3->4": 1, "4->3": 12, "4->8": 1, "8->4": 12, "8->12": 1, "12->8": 12, "12->16": 1, "16->12": 12, "16->17": 1, "17->16": 12, "5->7": 1, "7->5": 12, "9->11": 1, "11->9": 12, "13->15": 1, "15->13": 12, "19->20": 1, "20->19": 12, "20->22": 1, "22->20": 12, "22->24": 1, "24->22": 12, "24->26": 1, "26->24": 12, "26->28": 1, "28->26": 12, "2->3": 2, "3->2": 3, "3->6": 2, "6->3": 3, "6->7": 2, "7->6": 3, "7->10": 2, "10->7": 3, "10->11": 2, "11->10": 3, "11->14": 2, "14->11": 3, "14->15": 2, "15->14": 3, "15->16": 2, "16->15": 3, "16->19": 2, "19->16": 3, "19->21": 2, "21->19": 3, "21->23": 2, "23->21": 3, "23->25": 2, "25->23": 3, "25->27": 2, "27->25": 3, "27->28": 2, "28->27": 3}, "metrics": [3.0, 1.0, 3.0]}