{"nodelist": ["MethodDeclaration", "{'private', 'static'}", "private", "static", "ReferenceType", "Path", "findOrCreateJar", "FormalParameter", "ReferenceType", "Class", "TypeArgument", "?", "my_class", "FormalParameter", "ReferenceType", "FileSystem", "fs", "FormalParameter", "ReferenceType", "Map", "TypeArgument", "ReferenceType", "String", "TypeArgument", "ReferenceType", "String", "packagedClasses", "IOException", "LocalVariableDeclaration", "ReferenceType", "String", "VariableDeclarator", "jar", "MethodInvocation", "MemberReference", "my_class", "MemberReference", "packagedClasses", "findContainingJar", "IfStatement", "BinaryOperation", "||", "BinaryOperation", "==", "Literal", "null", "MemberReference", "jar", "MethodInvocation", "jar", "isEmpty", "BlockStatement", "StatementExpression", "Assignment", "MemberReference", "jar", "MethodInvocation", "MemberReference", "my_class", "getJar", "=", "StatementExpression", "MethodInvocation", "MemberReference", "jar", "MemberReference", "packagedClasses", "updateMap", "IfStatement", "BinaryOperation", "||", "BinaryOperation", "==", "Literal", "null", "MemberReference", "jar", "MethodInvocation", "jar", "isEmpty", "BlockStatement", "ReturnStatement", "Literal", "null", "StatementExpression", "MethodInvocation", "LOG", "MethodInvocation", "String", "Literal", "\"For class %s, using jar %s\"", "MethodInvocation", "my_class", "getName", "MemberReference", "jar", "format", "debug", "ReturnStatement", "ClassCreator", "MethodInvocation", "MemberReference", "fs", "makeQualified", "ReferenceType", "Path", "MemberReference", "jar"], "nodes": {"0": "MethodDeclaration", "1": "Modifier", "2": "private", "3": "static", "4": "ReferenceType", "5": "Path", "6": "findOrCreateJar", "7": "FormalParameter", "8": "ReferenceType", "9": "Class", "10": "TypeArgument", "11": "?", "12": "my_class", "13": "FormalParameter", "14": "ReferenceType", "15": "FileSystem", "16": "fs", "17": "FormalParameter", "18": "ReferenceType", "19": "Map", "20": "TypeArgument", "21": "ReferenceType", "22": "String", "23": "TypeArgument", "24": "ReferenceType", "25": "String", "26": "packagedClasses", "27": "IOException", "28": "LocalVariableDeclaration", "29": "ReferenceType", "30": "String", "31": "VariableDeclarator", "32": "jar", "33": "MethodInvocation", "34": "MemberReference", "35": "my_class", "36": "MemberReference", "37": "packagedClasses", "38": "findContainingJar", "39": "IfStatement", "40": "BinaryOperation", "41": "||", "42": "BinaryOperation", "43": "==", "44": "Literal", "45": "null", "46": "MemberReference", "47": "jar", "48": "MethodInvocation", "49": "jar", "50": "isEmpty", "51": "BlockStatement", "52": "StatementExpression", "53": "Assignment", "54": "MemberReference", "55": "jar", "56": "MethodInvocation", "57": "MemberReference", "58": "my_class", "59": "getJar", "60": "=", "61": "StatementExpression", "62": "MethodInvocation", "63": "MemberReference", "64": "jar", "65": "MemberReference", "66": "packagedClasses", "67": "updateMap", "68": "IfStatement", "69": "BinaryOperation", "70": "||", "71": "BinaryOperation", "72": "==", "73": "Literal", "74": "null", "75": "MemberReference", "76": "jar", "77": "MethodInvocation", "78": "jar", "79": "isEmpty", "80": "BlockStatement", "81": "ReturnStatement", "82": "Literal", "83": "null", "84": "StatementExpression", "85": "MethodInvocation", "86": "LOG", "87": "MethodInvocation", "88": "String", "89": "Literal", "90": "\"For class %s, using jar %s\"", "91": "MethodInvocation", "92": "my_class", "93": "getName", "94": "MemberReference", "95": "jar", "96": "format", "97": "debug", "98": "ReturnStatement", "99": "ClassCreator", "100": "MethodInvocation", "101": "MemberReference", "102": "fs", "103": "makeQualified", "104": "ReferenceType", "105": "Path", "106": "MemberReference", "107": "jar"}, "edges": {"0->1": 0, "1->0": 0, "1->2": 0, "2->1": 0, "1->3": 0, "3->1": 0, "0->4": 0, "4->0": 0, "4->5": 0, "5->4": 0, "0->6": 0, "6->0": 0, "0->7": 0, "7->0": 0, "7->8": 0, "8->7": 0, "8->9": 0, "9->8": 0, "8->10": 0, "10->8": 0, "10->11": 0, "11->10": 0, "7->12": 0, "12->7": 0, "0->13": 0, "13->0": 0, "13->14": 0, "14->13": 0, "14->15": 0, "15->14": 0, "13->16": 0, "16->13": 0, "0->17": 0, "17->0": 0, "17->18": 0, "18->17": 0, "18->19": 0, "19->18": 0, "18->20": 0, "20->18": 0, "20->21": 0, "21->20": 0, "21->22": 0, "22->21": 0, "18->23": 0, "23->18": 0, "23->24": 0, "24->23": 0, "24->25": 0, "25->24": 0, "17->26": 0, "26->17": 0, "0->27": 0, "27->0": 0, "0->28": 0, "28->0": 0, "28->29": 0, "29->28": 0, "29->30": 0, "30->29": 0, "28->31": 0, "31->28": 0, "31->32": 0, "32->31": 0, "31->33": 0, "33->31": 0, "33->34": 0, "34->33": 0, "34->35": 0, "35->34": 0, "33->36": 0, "36->33": 0, "36->37": 0, "37->36": 0, "33->38": 0, "38->33": 0, "0->39": 0, "39->0": 0, "39->40": 0, "40->39": 0, "40->41": 0, "41->40": 0, "40->42": 0, "42->40": 0, "42->43": 0, "43->42": 0, "42->44": 0, "44->42": 0, "44->45": 0, "45->44": 0, "42->46": 0, "46->42": 0, "46->47": 0, "47->46": 0, "40->48": 0, "48->40": 0, "48->49": 0, "49->48": 0, "48->50": 0, "50->48": 0, "39->51": 0, "51->39": 0, "51->52": 0, "52->51": 0, "52->53": 0, "53->52": 0, "53->54": 0, "54->53": 0, "54->55": 0, "55->54": 0, "53->56": 0, "56->53": 0, "56->57": 0, "57->56": 0, "57->58": 0, "58->57": 0, "56->59": 0, "59->56": 0, "53->60": 0, "60->53": 0, "51->61": 0, "61->51": 0, "61->62": 0, "62->61": 0, "62->63": 0, "63->62": 0, "63->64": 0, "64->63": 0, "62->65": 0, "65->62": 0, "65->66": 0, "66->65": 0, "62->67": 0, "67->62": 0, "0->68": 0, "68->0": 0, "68->69": 0, "69->68": 0, "69->70": 0, "70->69": 0, "69->71": 0, "71->69": 0, "71->72": 0, "72->71": 0, "71->73": 0, "73->71": 0, "73->74": 0, "74->73": 0, "71->75": 0, "75->71": 0, "75->76": 0, "76->75": 0, "69->77": 0, "77->69": 0, "77->78": 0, "78->77": 0, "77->79": 0, "79->77": 0, "68->80": 0, "80->68": 0, "80->81": 0, "81->80": 0, "81->82": 0, "82->81": 0, "82->83": 0, "83->82": 0, "0->84": 0, "84->0": 0, "84->85": 0, "85->84": 0, "85->86": 0, "86->85": 0, "85->87": 0, "87->85": 0, "87->88": 0, "88->87": 0, "87->89": 0, "89->87": 0, "89->90": 0, "90->89": 0, "87->91": 0, "91->87": 0, "91->92": 0, "92->91": 0, "91->93": 0, "93->91": 0, "87->94": 0, "94->87": 0, "94->95": 0, "95->94": 0, "87->96": 0, "96->87": 0, "85->97": 0, "97->85": 0, "0->98": 0, "98->0": 0, "98->99": 0, "99->98": 0, "99->100": 0, "100->99": 0, "100->101": 0, "101->100": 0, "101->102": 0, "102->101": 0, "100->103": 0, "103->100": 0, "99->104": 0, "104->99": 0, "104->105": 0, "105->104": 0, "99->106": 0, "106->99": 0, "106->107": 0, "107->106": 0, "1->4": 1, "4->1": 12, "4->6": 1, "6->4": 12, "6->7": 1, "7->6": 12, "7->13": 1, "13->7": 12, "13->17": 1, "17->13": 12, "17->27": 1, "27->17": 12, "27->28": 1, "28->27": 12, "28->39": 1, "39->28": 12, "39->68": 1, "68->39": 12, "68->84": 1, "84->68": 12, "84->98": 1, "98->84": 12, "2->3": 2, "3->2": 3, "8->12": 1, "12->8": 12, "9->10": 1, "10->9": 12, "14->16": 1, "16->14": 12, "18->26": 1, "26->18": 12, "19->20": 1, "20->19": 12, "20->23": 1, "23->20": 12, "29->31": 1, "31->29": 12, "32->33": 1, "33->32": 12, "34->36": 1, "36->34": 12, "36->38": 1, "38->36": 12, "40->51": 6, "51->40": 6, "41->42": 1, "42->41": 12, "42->48": 1, "48->42": 12, "43->44": 1, "44->43": 12, "44->46": 1, "46->44": 12, "49->50": 2, "50->49": 3, "52->61": 10, "61->52": 11, "54->56": 1, "56->54": 12, "56->60": 1, "60->56": 12, "57->59": 1, "59->57": 12, "63->65": 1, "65->63": 12, "65->67": 1, "67->65": 12, "69->80": 6, "80->69": 6, "70->71": 1, "71->70": 12, "71->77": 1, "77->71": 12, "72->73": 1, "73->72": 12, "73->75": 1, "75->73": 12, "78->79": 2, "79->78": 3, "86->87": 1, "87->86": 12, "87->97": 1, "97->87": 12, "88->89": 1, "89->88": 12, "89->91": 1, "91->89": 12, "91->94": 1, "94->91": 12, "94->96": 1, "96->94": 12, "92->93": 2, "93->92": 3, "100->104": 1, "104->100": 12, "104->106": 1, "106->104": 12, "101->103": 1, "103->101": 12, "3->5": 2, "5->3": 3, "5->6": 2, "6->5": 3, "6->9": 2, "9->6": 3, "9->11": 2, "11->9": 3, "11->12": 2, "12->11": 3, "12->15": 2, "15->12": 3, "15->16": 2, "16->15": 3, "16->19": 2, "19->16": 3, "19->22": 2, "22->19": 3, "22->25": 2, "25->22": 3, "25->26": 2, "26->25": 3, "26->27": 2, "27->26": 3, "27->30": 2, "30->27": 3, "30->32": 2, "32->30": 3, "32->35": 2, "35->32": 3, "35->37": 2, "37->35": 3, "37->38": 2, "38->37": 3, "38->41": 2, "41->38": 3, "41->43": 2, "43->41": 3, "43->45": 2, "45->43": 3, "45->47": 2, "47->45": 3, "47->49": 2, "49->47": 3, "50->55": 2, "55->50": 3, "55->58": 2, "58->55": 3, "58->59": 2, "59->58": 3, "59->60": 2, "60->59": 3, "60->64": 2, "64->60": 3, "64->66": 2, "66->64": 3, "66->67": 2, "67->66": 3, "67->70": 2, "70->67": 3, "70->72": 2, "72->70": 3, "72->74": 2, "74->72": 3, "74->76": 2, "76->74": 3, "76->78": 2, "78->76": 3, "79->83": 2, "83->79": 3, "83->86": 2, "86->83": 3, "86->88": 2, "88->86": 3, "88->90": 2, "90->88": 3, "90->92": 2, "92->90": 3, "93->95": 2, "95->93": 3, "95->96": 2, "96->95": 3, "96->97": 2, "97->96": 3, "97->102": 2, "102->97": 3, "102->103": 2, "103->102": 3, "103->105": 2, "105->103": 3, "105->107": 2, "107->105": 3, "35->58": 4, "58->35": 5, "37->66": 4, "66->37": 5, "47->55": 4, "55->47": 5, "55->64": 4, "64->55": 5, "64->76": 4, "76->64": 5, "76->95": 4, "95->76": 5, "95->107": 4, "107->95": 5}, "metrics": [12.0, 3.0, 3.0]}