{"nodelist": ["MethodDeclaration", "{'protected'}", "protected", "Annotation", "Override", "ReferenceType", "ScannerCallable", "getScannerCallable", "FormalParameter", "{'final'}", "final", "BasicType", "byte", "localStartKey", "FormalParameter", "BasicType", "int", "caching", "LocalVariableDeclaration", "ReferenceType", "TransactionScannerCallable", "VariableDeclarator", "t", "ClassCreator", "ReferenceType", "TransactionScannerCallable", "MemberReference", "transactionState", "MethodInvocation", "getConnection", "MethodInvocation", "getTableName", "MethodInvocation", "getScan", "StatementExpression", "MethodInvocation", "t", "MemberReference", "caching", "setCaching", "ReturnStatement", "MemberReference", "t"], "nodes": {"0": "MethodDeclaration", "1": "Modifier", "2": "protected", "3": "Annotation", "4": "Override", "5": "ReferenceType", "6": "ScannerCallable", "7": "getScannerCallable", "8": "FormalParameter", "9": "Modifier", "10": "final", "11": "BasicType", "12": "byte", "13": "localStartKey", "14": "FormalParameter", "15": "BasicType", "16": "int", "17": "caching", "18": "LocalVariableDeclaration", "19": "ReferenceType", "20": "TransactionScannerCallable", "21": "VariableDeclarator", "22": "t", "23": "ClassCreator", "24": "ReferenceType", "25": "TransactionScannerCallable", "26": "MemberReference", "27": "transactionState", "28": "MethodInvocation", "29": "getConnection", "30": "MethodInvocation", "31": "getTableName", "32": "MethodInvocation", "33": "getScan", "34": "StatementExpression", "35": "MethodInvocation", "36": "t", "37": "MemberReference", "38": "caching", "39": "setCaching", "40": "ReturnStatement", "41": "MemberReference", "42": "t"}, "edges": {"0->1": 0, "1->0": 0, "1->2": 0, "2->1": 0, "0->3": 0, "3->0": 0, "3->4": 0, "4->3": 0, "0->5": 0, "5->0": 0, "5->6": 0, "6->5": 0, "0->7": 0, "7->0": 0, "0->8": 0, "8->0": 0, "8->9": 0, "9->8": 0, "9->10": 0, "10->9": 0, "8->11": 0, "11->8": 0, "11->12": 0, "12->11": 0, "8->13": 0, "13->8": 0, "0->14": 0, "14->0": 0, "14->15": 0, "15->14": 0, "15->16": 0, "16->15": 0, "14->17": 0, "17->14": 0, "0->18": 0, "18->0": 0, "18->19": 0, "19->18": 0, "19->20": 0, "20->19": 0, "18->21": 0, "21->18": 0, "21->22": 0, "22->21": 0, "21->23": 0, "23->21": 0, "23->24": 0, "24->23": 0, "24->25": 0, "25->24": 0, "23->26": 0, "26->23": 0, "26->27": 0, "27->26": 0, "23->28": 0, "28->23": 0, "28->29": 0, "29->28": 0, "23->30": 0, "30->23": 0, "30->31": 0, "31->30": 0, "23->32": 0, "32->23": 0, "32->33": 0, "33->32": 0, "0->34": 0, "34->0": 0, "34->35": 0, "35->34": 0, "35->36": 0, "36->35": 0, "35->37": 0, "37->35": 0, "37->38": 0, "38->37": 0, "35->39": 0, "39->35": 0, "0->40": 0, "40->0": 0, "40->41": 0, "41->40": 0, "41->42": 0, "42->41": 0, "1->3": 1, "3->1": 12, "3->5": 1, "5->3": 12, "5->7": 1, "7->5": 12, "7->8": 1, "8->7": 12, "8->14": 1, "14->8": 12, "14->18": 1, "18->14": 12, "18->34": 1, "34->18": 12, "34->40": 1, "40->34": 12, "9->11": 1, "11->9": 12, "11->13": 1, "13->11": 12, "15->17": 1, "17->15": 12, "19->21": 1, "21->19": 12, "22->23": 1, "23->22": 12, "24->26": 1, "26->24": 12, "26->28": 1, "28->26": 12, "28->30": 1, "30->28": 12, "30->32": 1, "32->30": 12, "36->37": 1, "37->36": 12, "37->39": 1, "39->37": 12, "2->4": 2, "4->2": 3, "4->6": 2, "6->4": 3, "6->7": 2, "7->6": 3, "7->10": 2, "10->7": 3, "10->12": 2, "12->10": 3, "12->13": 2, "13->12": 3, "13->16": 2, "16->13": 3, "16->17": 2, "17->16": 3, "17->20": 2, "20->17": 3, "20->22": 2, "22->20": 3, "22->25": 2, "25->22": 3, "25->27": 2, "27->25": 3, "27->29": 2, "29->27": 3, "29->31": 2, "31->29": 3, "31->33": 2, "33->31": 3, "33->36": 2, "36->33": 3, "36->38": 2, "38->36": 3, "38->39": 2, "39->38": 3, "39->42": 2, "42->39": 3}, "metrics": [5.0, 1.0, 2.0]}