{"nodelist": ["MethodDeclaration", "{'public'}", "public", "ReferenceType", "HRegion", "initHRegion", "FormalParameter", "ReferenceType", "TableName", "tableName", "FormalParameter", "BasicType", "byte", "startKey", "FormalParameter", "BasicType", "byte", "stopKey", "FormalParameter", "ReferenceType", "Configuration", "conf", "FormalParameter", "ReferenceType", "WAL", "wal", "IOException", "ReturnStatement", "MethodInvocation", "TEST_UTIL", "MethodInvocation", "tableName", "getName", "MemberReference", "startKey", "MemberReference", "stopKey", "MethodInvocation", "getName", "MemberReference", "conf", "Literal", "false", "MemberReference", "Durability", "SYNC_WAL", "MemberReference", "wal", "MemberReference", "COLUMN_FAMILY_BYTES", "createLocalHRegion"], "nodes": {"0": "MethodDeclaration", "1": "Modifier", "2": "public", "3": "ReferenceType", "4": "HRegion", "5": "initHRegion", "6": "FormalParameter", "7": "ReferenceType", "8": "TableName", "9": "tableName", "10": "FormalParameter", "11": "BasicType", "12": "byte", "13": "startKey", "14": "FormalParameter", "15": "BasicType", "16": "byte", "17": "stopKey", "18": "FormalParameter", "19": "ReferenceType", "20": "Configuration", "21": "conf", "22": "FormalParameter", "23": "ReferenceType", "24": "WAL", "25": "wal", "26": "IOException", "27": "ReturnStatement", "28": "MethodInvocation", "29": "TEST_UTIL", "30": "MethodInvocation", "31": "tableName", "32": "getName", "33": "MemberReference", "34": "startKey", "35": "MemberReference", "36": "stopKey", "37": "MethodInvocation", "38": "getName", "39": "MemberReference", "40": "conf", "41": "Literal", "42": "false", "43": "MemberReference", "44": "Durability", "45": "SYNC_WAL", "46": "MemberReference", "47": "wal", "48": "MemberReference", "49": "COLUMN_FAMILY_BYTES", "50": "createLocalHRegion"}, "edges": {"0->1": 0, "1->0": 0, "1->2": 0, "2->1": 0, "0->3": 0, "3->0": 0, "3->4": 0, "4->3": 0, "0->5": 0, "5->0": 0, "0->6": 0, "6->0": 0, "6->7": 0, "7->6": 0, "7->8": 0, "8->7": 0, "6->9": 0, "9->6": 0, "0->10": 0, "10->0": 0, "10->11": 0, "11->10": 0, "11->12": 0, "12->11": 0, "10->13": 0, "13->10": 0, "0->14": 0, "14->0": 0, "14->15": 0, "15->14": 0, "15->16": 0, "16->15": 0, "14->17": 0, "17->14": 0, "0->18": 0, "18->0": 0, "18->19": 0, "19->18": 0, "19->20": 0, "20->19": 0, "18->21": 0, "21->18": 0, "0->22": 0, "22->0": 0, "22->23": 0, "23->22": 0, "23->24": 0, "24->23": 0, "22->25": 0, "25->22": 0, "0->26": 0, "26->0": 0, "0->27": 0, "27->0": 0, "27->28": 0, "28->27": 0, "28->29": 0, "29->28": 0, "28->30": 0, "30->28": 0, "30->31": 0, "31->30": 0, "30->32": 0, "32->30": 0, "28->33": 0, "33->28": 0, "33->34": 0, "34->33": 0, "28->35": 0, "35->28": 0, "35->36": 0, "36->35": 0, "28->37": 0, "37->28": 0, "37->38": 0, "38->37": 0, "28->39": 0, "39->28": 0, "39->40": 0, "40->39": 0, "28->41": 0, "41->28": 0, "41->42": 0, "42->41": 0, "28->43": 0, "43->28": 0, "43->44": 0, "44->43": 0, "43->45": 0, "45->43": 0, "28->46": 0, "46->28": 0, "46->47": 0, "47->46": 0, "28->48": 0, "48->28": 0, "48->49": 0, "49->48": 0, "28->50": 0, "50->28": 0, "1->3": 1, "3->1": 12, "3->5": 1, "5->3": 12, "5->6": 1, "6->5": 12, "6->10": 1, "10->6": 12, "10->14": 1, "14->10": 12, "14->18": 1, "18->14": 12, "18->22": 1, "22->18": 12, "22->26": 1, "26->22": 12, "26->27": 1, "27->26": 12, "7->9": 1, "9->7": 12, "11->13": 1, "13->11": 12, "15->17": 1, "17->15": 12, "19->21": 1, "21->19": 12, "23->25": 1, "25->23": 12, "29->30": 1, "30->29": 12, "30->33": 1, "33->30": 12, "33->35": 1, "35->33": 12, "35->37": 1, "37->35": 12, "37->39": 1, "39->37": 12, "39->41": 1, "41->39": 12, "41->43": 1, "43->41": 12, "43->46": 1, "46->43": 12, "46->48": 1, "48->46": 12, "48->50": 1, "50->48": 12, "31->32": 2, "32->31": 3, "44->45": 2, "45->44": 3, "2->4": 2, "4->2": 3, "4->5": 2, "5->4": 3, "5->8": 2, "8->5": 3, "8->9": 2, "9->8": 3, "9->12": 2, "12->9": 3, "12->13": 2, "13->12": 3, "13->16": 2, "16->13": 3, "16->17": 2, "17->16": 3, "17->20": 2, "20->17": 3, "20->21": 2, "21->20": 3, "21->24": 2, "24->21": 3, "24->25": 2, "25->24": 3, "25->26": 2, "26->25": 3, "26->29": 2, "29->26": 3, "29->31": 2, "31->29": 3, "32->34": 2, "34->32": 3, "34->36": 2, "36->34": 3, "36->38": 2, "38->36": 3, "38->40": 2, "40->38": 3, "40->42": 2, "42->40": 3, "42->44": 2, "44->42": 3, "45->47": 2, "47->45": 3, "47->49": 2, "49->47": 3, "49->50": 2, "50->49": 3}, "metrics": [3.0, 1.0, 5.0]}