{"nodelist": ["MethodDeclaration", "{'public'}", "public", "ReferenceType", "org", "ReferenceType", "apache", "ReferenceType", "thrift", "ReferenceType", "async", "ReferenceType", "AsyncMethodCallback", "TypeArgument", "ReferenceType", "Void", "getResultHandler", "FormalParameter", "{'final'}", "final", "ReferenceType", "org", "ReferenceType", "apache", "ReferenceType", "thrift", "ReferenceType", "server", "ReferenceType", "AbstractNonblockingServer", "ReferenceType", "AsyncFrameBuffer", "fb", "FormalParameter", "{'final'}", "final", "BasicType", "int", "seqid", "LocalVariableDeclaration", "{'final'}", "final", "ReferenceType", "org", "ReferenceType", "apache", "ReferenceType", "thrift", "ReferenceType", "AsyncProcessFunction", "VariableDeclarator", "fcall", "This", "ReturnStatement", "ClassCreator", "ReferenceType", "org", "ReferenceType", "apache", "ReferenceType", "thrift", "ReferenceType", "async", "ReferenceType", "AsyncMethodCallback", "TypeArgument", "ReferenceType", "Void", "MethodDeclaration", "{'public'}", "public", "onComplete", "FormalParameter", "ReferenceType", "Void", "o", "LocalVariableDeclaration", "ReferenceType", "put_result", "VariableDeclarator", "result", "ClassCreator", "ReferenceType", "put_result", "TryStatement", "StatementExpression", "MethodInvocation", "fcall", "MemberReference", "fb", "MemberReference", "result", "MemberReference", "org.apache.thrift.protocol.TMessageType", "REPLY", "MemberReference", "seqid", "sendResponse", "CatchClause", "CatchClauseParameter", "org.apache.thrift.transport.TTransportException", "e", "StatementExpression", "MethodInvocation", "_LOGGER", "Literal", "\"TTransportException writing to internal frame buffer\"", "MemberReference", "e", "error", "StatementExpression", "MethodInvocation", "fb", "close", "CatchClause", "CatchClauseParameter", "java.lang.Exception", "e", "StatementExpression", "MethodInvocation", "_LOGGER", "Literal", "\"Exception writing to internal frame buffer\"", "MemberReference", "e", "error", "StatementExpression", "MethodInvocation", "MemberReference", "e", "onError", "MethodDeclaration", "{'public'}", "public", "onError", "FormalParameter", "ReferenceType", "java", "ReferenceType", "lang", "ReferenceType", "Exception", "e", "LocalVariableDeclaration", "BasicType", "byte", "VariableDeclarator", "msgType", "MemberReference", "org.apache.thrift.protocol.TMessageType", "REPLY", "LocalVariableDeclaration", "ReferenceType", "org", "ReferenceType", "apache", "ReferenceType", "thrift", "ReferenceType", "TSerializable", "VariableDeclarator", "msg", "LocalVariableDeclaration", "ReferenceType", "put_result", "VariableDeclarator", "result", "ClassCreator", "ReferenceType", "put_result", "IfStatement", "BinaryOperation", "instanceof", "MemberReference", "e", "ReferenceType", "TIOError", "BlockStatement", "StatementExpression", "Assignment", "MemberReference", "result", "io", "Cast", "ReferenceType", "TIOError", "MemberReference", "e", "=", "StatementExpression", "MethodInvocation", "result", "Literal", "true", "setIoIsSet", "StatementExpression", "Assignment", "MemberReference", "msg", "MemberReference", "result", "=", "IfStatement", "BinaryOperation", "instanceof", "MemberReference", "e", "ReferenceType", "org", "ReferenceType", "apache", "ReferenceType", "thrift", "ReferenceType", "transport", "ReferenceType", "TTransportException", "BlockStatement", "StatementExpression", "MethodInvocation", "_LOGGER", "Literal", "\"TTransportException inside handler\"", "MemberReference", "e", "error", "StatementExpression", "MethodInvocation", "fb", "close", "ReturnStatement", "IfStatement", "BinaryOperation", "instanceof", "MemberReference", "e", "ReferenceType", "org", "ReferenceType", "apache", "ReferenceType", "thrift", "ReferenceType", "TApplicationException", "BlockStatement", "StatementExpression", "MethodInvocation", "_LOGGER", "Literal", "\"TApplicationException inside handler\"", "MemberReference", "e", "error", "StatementExpression", "Assignment", "MemberReference", "msgType", "MemberReference", "org.apache.thrift.protocol.TMessageType", "EXCEPTION", "=", "StatementExpression", "Assignment", "MemberReference", "msg", "Cast", "ReferenceType", "org", "ReferenceType", "apache", "ReferenceType", "thrift", "ReferenceType", "TApplicationException", "MemberReference", "e", "=", "BlockStatement", "StatementExpression", "MethodInvocation", "_LOGGER", "Literal", "\"Exception inside handler\"", "MemberReference", "e", "error", "StatementExpression", "Assignment", "MemberReference", "msgType", "MemberReference", "org.apache.thrift.protocol.TMessageType", "EXCEPTION", "=", "StatementExpression", "Assignment", "MemberReference", "msg", "ClassCreator", "ReferenceType", "org", "ReferenceType", "apache", "ReferenceType", "thrift", "ReferenceType", "TApplicationException", "MemberReference", "org.apache.thrift.TApplicationException", "INTERNAL_ERROR", "MethodInvocation", "e", "getMessage", "=", "TryStatement", "StatementExpression", "MethodInvocation", "fcall", "MemberReference", "fb", "MemberReference", "msg", "MemberReference", "msgType", "MemberReference", "seqid", "sendResponse", "CatchClause", "CatchClauseParameter", "java.lang.Exception", "ex", "StatementExpression", "MethodInvocation", "_LOGGER", "Literal", "\"Exception writing to internal frame buffer\"", "MemberReference", "ex", "error", "StatementExpression", "MethodInvocation", "fb", "close"], "nodes": {"0": "MethodDeclaration", "1": "Modifier", "2": "public", "3": "ReferenceType", "4": "org", "5": "ReferenceType", "6": "apache", "7": "ReferenceType", "8": "thrift", "9": "ReferenceType", "10": "async", "11": "ReferenceType", "12": "AsyncMethodCallback", "13": "TypeArgument", "14": "ReferenceType", "15": "Void", "16": "getResultHandler", "17": "FormalParameter", "18": "Modifier", "19": "final", "20": "ReferenceType", "21": "org", "22": "ReferenceType", "23": "apache", "24": "ReferenceType", "25": "thrift", "26": "ReferenceType", "27": "server", "28": "ReferenceType", "29": "AbstractNonblockingServer", "30": "ReferenceType", "31": "AsyncFrameBuffer", "32": "fb", "33": "FormalParameter", "34": "Modifier", "35": "final", "36": "BasicType", "37": "int", "38": "seqid", "39": "LocalVariableDeclaration", "40": "Modifier", "41": "final", "42": "ReferenceType", "43": "org", "44": "ReferenceType", "45": "apache", "46": "ReferenceType", "47": "thrift", "48": "ReferenceType", "49": "AsyncProcessFunction", "50": "VariableDeclarator", "51": "fcall", "52": "This", "53": "ReturnStatement", "54": "ClassCreator", "55": "ReferenceType", "56": "org", "57": "ReferenceType", "58": "apache", "59": "ReferenceType", "60": "thrift", "61": "ReferenceType", "62": "async", "63": "ReferenceType", "64": "AsyncMethodCallback", "65": "TypeArgument", "66": "ReferenceType", "67": "Void", "68": "MethodDeclaration", "69": "Modifier", "70": "public", "71": "onComplete", "72": "FormalParameter", "73": "ReferenceType", "74": "Void", "75": "o", "76": "LocalVariableDeclaration", "77": "ReferenceType", "78": "put_result", "79": "VariableDeclarator", "80": "result", "81": "ClassCreator", "82": "ReferenceType", "83": "put_result", "84": "TryStatement", "85": "StatementExpression", "86": "MethodInvocation", "87": "fcall", "88": "MemberReference", "89": "fb", "90": "MemberReference", "91": "result", "92": "MemberReference", "93": "org.apache.thrift.protocol.TMessageType", "94": "REPLY", "95": "MemberReference", "96": "seqid", "97": "sendResponse", "98": "CatchClause", "99": "CatchClauseParameter", "100": "org.apache.thrift.transport.TTransportException", "101": "e", "102": "StatementExpression", "103": "MethodInvocation", "104": "_LOGGER", "105": "Literal", "106": "\"TTransportException writing to internal frame buffer\"", "107": "MemberReference", "108": "e", "109": "error", "110": "StatementExpression", "111": "MethodInvocation", "112": "fb", "113": "close", "114": "CatchClause", "115": "CatchClauseParameter", "116": "java.lang.Exception", "117": "e", "118": "StatementExpression", "119": "MethodInvocation", "120": "_LOGGER", "121": "Literal", "122": "\"Exception writing to internal frame buffer\"", "123": "MemberReference", "124": "e", "125": "error", "126": "StatementExpression", "127": "MethodInvocation", "128": "MemberReference", "129": "e", "130": "onError", "131": "MethodDeclaration", "132": "Modifier", "133": "public", "134": "onError", "135": "FormalParameter", "136": "ReferenceType", "137": "java", "138": "ReferenceType", "139": "lang", "140": "ReferenceType", "141": "Exception", "142": "e", "143": "LocalVariableDeclaration", "144": "BasicType", "145": "byte", "146": "VariableDeclarator", "147": "msgType", "148": "MemberReference", "149": "org.apache.thrift.protocol.TMessageType", "150": "REPLY", "151": "LocalVariableDeclaration", "152": "ReferenceType", "153": "org", "154": "ReferenceType", "155": "apache", "156": "ReferenceType", "157": "thrift", "158": "ReferenceType", "159": "TSerializable", "160": "VariableDeclarator", "161": "msg", "162": "LocalVariableDeclaration", "163": "ReferenceType", "164": "put_result", "165": "VariableDeclarator", "166": "result", "167": "ClassCreator", "168": "ReferenceType", "169": "put_result", "170": "IfStatement", "171": "BinaryOperation", "172": "instanceof", "173": "MemberReference", "174": "e", "175": "ReferenceType", "176": "TIOError", "177": "BlockStatement", "178": "StatementExpression", "179": "Assignment", "180": "MemberReference", "181": "result", "182": "io", "183": "Cast", "184": "ReferenceType", "185": "TIOError", "186": "MemberReference", "187": "e", "188": "=", "189": "StatementExpression", "190": "MethodInvocation", "191": "result", "192": "Literal", "193": "true", "194": "setIoIsSet", "195": "StatementExpression", "196": "Assignment", "197": "MemberReference", "198": "msg", "199": "MemberReference", "200": "result", "201": "=", "202": "IfStatement", "203": "BinaryOperation", "204": "instanceof", "205": "MemberReference", "206": "e", "207": "ReferenceType", "208": "org", "209": "ReferenceType", "210": "apache", "211": "ReferenceType", "212": "thrift", "213": "ReferenceType", "214": "transport", "215": "ReferenceType", "216": "TTransportException", "217": "BlockStatement", "218": "StatementExpression", "219": "MethodInvocation", "220": "_LOGGER", "221": "Literal", "222": "\"TTransportException inside handler\"", "223": "MemberReference", "224": "e", "225": "error", "226": "StatementExpression", "227": "MethodInvocation", "228": "fb", "229": "close", "230": "ReturnStatement", "231": "IfStatement", "232": "BinaryOperation", "233": "instanceof", "234": "MemberReference", "235": "e", "236": "ReferenceType", "237": "org", "238": "ReferenceType", "239": "apache", "240": "ReferenceType", "241": "thrift", "242": "ReferenceType", "243": "TApplicationException", "244": "BlockStatement", "245": "StatementExpression", "246": "MethodInvocation", "247": "_LOGGER", "248": "Literal", "249": "\"TApplicationException inside handler\"", "250": "MemberReference", "251": "e", "252": "error", "253": "StatementExpression", "254": "Assignment", "255": "MemberReference", "256": "msgType", "257": "MemberReference", "258": "org.apache.thrift.protocol.TMessageType", "259": "EXCEPTION", "260": "=", "261": "StatementExpression", "262": "Assignment", "263": "MemberReference", "264": "msg", "265": "Cast", "266": "ReferenceType", "267": "org", "268": "ReferenceType", "269": "apache", "270": "ReferenceType", "271": "thrift", "272": "ReferenceType", "273": "TApplicationException", "274": "MemberReference", "275": "e", "276": "=", "277": "BlockStatement", "278": "StatementExpression", "279": "MethodInvocation", "280": "_LOGGER", "281": "Literal", "282": "\"Exception inside handler\"", "283": "MemberReference", "284": "e", "285": "error", "286": "StatementExpression", "287": "Assignment", "288": "MemberReference", "289": "msgType", "290": "MemberReference", "291": "org.apache.thrift.protocol.TMessageType", "292": "EXCEPTION", "293": "=", "294": "StatementExpression", "295": "Assignment", "296": "MemberReference", "297": "msg", "298": "ClassCreator", "299": "ReferenceType", "300": "org", "301": "ReferenceType", "302": "apache", "303": "ReferenceType", "304": "thrift", "305": "ReferenceType", "306": "TApplicationException", "307": "MemberReference", "308": "org.apache.thrift.TApplicationException", "309": "INTERNAL_ERROR", "310": "MethodInvocation", "311": "e", "312": "getMessage", "313": "=", "314": "TryStatement", "315": "StatementExpression", "316": "MethodInvocation", "317": "fcall", "318": "MemberReference", "319": "fb", "320": "MemberReference", "321": "msg", "322": "MemberReference", "323": "msgType", "324": "MemberReference", "325": "seqid", "326": "sendResponse", "327": "CatchClause", "328": "CatchClauseParameter", "329": "java.lang.Exception", "330": "ex", "331": "StatementExpression", "332": "MethodInvocation", "333": "_LOGGER", "334": "Literal", "335": "\"Exception writing to internal frame buffer\"", "336": "MemberReference", "337": "ex", "338": "error", "339": "StatementExpression", "340": "MethodInvocation", "341": "fb", "342": "close"}, "edges": {"0->1": 0, "1->0": 0, "1->2": 0, "2->1": 0, "0->3": 0, "3->0": 0, "3->4": 0, "4->3": 0, "3->5": 0, "5->3": 0, "5->6": 0, "6->5": 0, "5->7": 0, "7->5": 0, "7->8": 0, "8->7": 0, "7->9": 0, "9->7": 0, "9->10": 0, "10->9": 0, "9->11": 0, "11->9": 0, "11->12": 0, "12->11": 0, "11->13": 0, "13->11": 0, "13->14": 0, "14->13": 0, "14->15": 0, "15->14": 0, "0->16": 0, "16->0": 0, "0->17": 0, "17->0": 0, "17->18": 0, "18->17": 0, "18->19": 0, "19->18": 0, "17->20": 0, "20->17": 0, "20->21": 0, "21->20": 0, "20->22": 0, "22->20": 0, "22->23": 0, "23->22": 0, "22->24": 0, "24->22": 0, "24->25": 0, "25->24": 0, "24->26": 0, "26->24": 0, "26->27": 0, "27->26": 0, "26->28": 0, "28->26": 0, "28->29": 0, "29->28": 0, "28->30": 0, "30->28": 0, "30->31": 0, "31->30": 0, "17->32": 0, "32->17": 0, "0->33": 0, "33->0": 0, "33->34": 0, "34->33": 0, "34->35": 0, "35->34": 0, "33->36": 0, "36->33": 0, "36->37": 0, "37->36": 0, "33->38": 0, "38->33": 0, "0->39": 0, "39->0": 0, "39->40": 0, "40->39": 0, "40->41": 0, "41->40": 0, "39->42": 0, "42->39": 0, "42->43": 0, "43->42": 0, "42->44": 0, "44->42": 0, "44->45": 0, "45->44": 0, "44->46": 0, "46->44": 0, "46->47": 0, "47->46": 0, "46->48": 0, "48->46": 0, "48->49": 0, "49->48": 0, "39->50": 0, "50->39": 0, "50->51": 0, "51->50": 0, "50->52": 0, "52->50": 0, "0->53": 0, "53->0": 0, "53->54": 0, "54->53": 0, "54->55": 0, "55->54": 0, "55->56": 0, "56->55": 0, "55->57": 0, "57->55": 0, "57->58": 0, "58->57": 0, "57->59": 0, "59->57": 0, "59->60": 0, "60->59": 0, "59->61": 0, "61->59": 0, "61->62": 0, "62->61": 0, "61->63": 0, "63->61": 0, "63->64": 0, "64->63": 0, "63->65": 0, "65->63": 0, "65->66": 0, "66->65": 0, "66->67": 0, "67->66": 0, "54->68": 0, "68->54": 0, "68->69": 0, "69->68": 0, "69->70": 0, "70->69": 0, "68->71": 0, "71->68": 0, "68->72": 0, "72->68": 0, "72->73": 0, "73->72": 0, "73->74": 0, "74->73": 0, "72->75": 0, "75->72": 0, "68->76": 0, "76->68": 0, "76->77": 0, "77->76": 0, "77->78": 0, "78->77": 0, "76->79": 0, "79->76": 0, "79->80": 0, "80->79": 0, "79->81": 0, "81->79": 0, "81->82": 0, "82->81": 0, "82->83": 0, "83->82": 0, "68->84": 0, "84->68": 0, "84->85": 0, "85->84": 0, "85->86": 0, "86->85": 0, "86->87": 0, "87->86": 0, "86->88": 0, "88->86": 0, "88->89": 0, "89->88": 0, "86->90": 0, "90->86": 0, "90->91": 0, "91->90": 0, "86->92": 0, "92->86": 0, "92->93": 0, "93->92": 0, "92->94": 0, "94->92": 0, "86->95": 0, "95->86": 0, "95->96": 0, "96->95": 0, "86->97": 0, "97->86": 0, "84->98": 0, "98->84": 0, "98->99": 0, "99->98": 0, "99->100": 0, "100->99": 0, "99->101": 0, "101->99": 0, "98->102": 0, "102->98": 0, "102->103": 0, "103->102": 0, "103->104": 0, "104->103": 0, "103->105": 0, "105->103": 0, "105->106": 0, "106->105": 0, "103->107": 0, "107->103": 0, "107->108": 0, "108->107": 0, "103->109": 0, "109->103": 0, "98->110": 0, "110->98": 0, "110->111": 0, "111->110": 0, "111->112": 0, "112->111": 0, "111->113": 0, "113->111": 0, "84->114": 0, "114->84": 0, "114->115": 0, "115->114": 0, "115->116": 0, "116->115": 0, "115->117": 0, "117->115": 0, "114->118": 0, "118->114": 0, "118->119": 0, "119->118": 0, "119->120": 0, "120->119": 0, "119->121": 0, "121->119": 0, "121->122": 0, "122->121": 0, "119->123": 0, "123->119": 0, "123->124": 0, "124->123": 0, "119->125": 0, "125->119": 0, "114->126": 0, "126->114": 0, "126->127": 0, "127->126": 0, "127->128": 0, "128->127": 0, "128->129": 0, "129->128": 0, "127->130": 0, "130->127": 0, "54->131": 0, "131->54": 0, "131->132": 0, "132->131": 0, "132->133": 0, "133->132": 0, "131->134": 0, "134->131": 0, "131->135": 0, "135->131": 0, "135->136": 0, "136->135": 0, "136->137": 0, "137->136": 0, "136->138": 0, "138->136": 0, "138->139": 0, "139->138": 0, "138->140": 0, "140->138": 0, "140->141": 0, "141->140": 0, "135->142": 0, "142->135": 0, "131->143": 0, "143->131": 0, "143->144": 0, "144->143": 0, "144->145": 0, "145->144": 0, "143->146": 0, "146->143": 0, "146->147": 0, "147->146": 0, "146->148": 0, "148->146": 0, "148->149": 0, "149->148": 0, "148->150": 0, "150->148": 0, "131->151": 0, "151->131": 0, "151->152": 0, "152->151": 0, "152->153": 0, "153->152": 0, "152->154": 0, "154->152": 0, "154->155": 0, "155->154": 0, "154->156": 0, "156->154": 0, "156->157": 0, "157->156": 0, "156->158": 0, "158->156": 0, "158->159": 0, "159->158": 0, "151->160": 0, "160->151": 0, "160->161": 0, "161->160": 0, "131->162": 0, "162->131": 0, "162->163": 0, "163->162": 0, "163->164": 0, "164->163": 0, "162->165": 0, "165->162": 0, "165->166": 0, "166->165": 0, "165->167": 0, "167->165": 0, "167->168": 0, "168->167": 0, "168->169": 0, "169->168": 0, "131->170": 0, "170->131": 0, "170->171": 0, "171->170": 0, "171->172": 0, "172->171": 0, "171->173": 0, "173->171": 0, "173->174": 0, "174->173": 0, "171->175": 0, "175->171": 0, "175->176": 0, "176->175": 0, "170->177": 0, "177->170": 0, "177->178": 0, "178->177": 0, "178->179": 0, "179->178": 0, "179->180": 0, "180->179": 0, "180->181": 0, "181->180": 0, "180->182": 0, "182->180": 0, "179->183": 0, "183->179": 0, "183->184": 0, "184->183": 0, "184->185": 0, "185->184": 0, "183->186": 0, "186->183": 0, "186->187": 0, "187->186": 0, "179->188": 0, "188->179": 0, "177->189": 0, "189->177": 0, "189->190": 0, "190->189": 0, "190->191": 0, "191->190": 0, "190->192": 0, "192->190": 0, "192->193": 0, "193->192": 0, "190->194": 0, "194->190": 0, "177->195": 0, "195->177": 0, "195->196": 0, "196->195": 0, "196->197": 0, "197->196": 0, "197->198": 0, "198->197": 0, "196->199": 0, "199->196": 0, "199->200": 0, "200->199": 0, "196->201": 0, "201->196": 0, "170->202": 0, "202->170": 0, "202->203": 0, "203->202": 0, "203->204": 0, "204->203": 0, "203->205": 0, "205->203": 0, "205->206": 0, "206->205": 0, "203->207": 0, "207->203": 0, "207->208": 0, "208->207": 0, "207->209": 0, "209->207": 0, "209->210": 0, "210->209": 0, "209->211": 0, "211->209": 0, "211->212": 0, "212->211": 0, "211->213": 0, "213->211": 0, "213->214": 0, "214->213": 0, "213->215": 0, "215->213": 0, "215->216": 0, "216->215": 0, "202->217": 0, "217->202": 0, "217->218": 0, "218->217": 0, "218->219": 0, "219->218": 0, "219->220": 0, "220->219": 0, "219->221": 0, "221->219": 0, "221->222": 0, "222->221": 0, "219->223": 0, "223->219": 0, "223->224": 0, "224->223": 0, "219->225": 0, "225->219": 0, "217->226": 0, "226->217": 0, "226->227": 0, "227->226": 0, "227->228": 0, "228->227": 0, "227->229": 0, "229->227": 0, "217->230": 0, "230->217": 0, "202->231": 0, "231->202": 0, "231->232": 0, "232->231": 0, "232->233": 0, "233->232": 0, "232->234": 0, "234->232": 0, "234->235": 0, "235->234": 0, "232->236": 0, "236->232": 0, "236->237": 0, "237->236": 0, "236->238": 0, "238->236": 0, "238->239": 0, "239->238": 0, "238->240": 0, "240->238": 0, "240->241": 0, "241->240": 0, "240->242": 0, "242->240": 0, "242->243": 0, "243->242": 0, "231->244": 0, "244->231": 0, "244->245": 0, "245->244": 0, "245->246": 0, "246->245": 0, "246->247": 0, "247->246": 0, "246->248": 0, "248->246": 0, "248->249": 0, "249->248": 0, "246->250": 0, "250->246": 0, "250->251": 0, "251->250": 0, "246->252": 0, "252->246": 0, "244->253": 0, "253->244": 0, "253->254": 0, "254->253": 0, "254->255": 0, "255->254": 0, "255->256": 0, "256->255": 0, "254->257": 0, "257->254": 0, "257->258": 0, "258->257": 0, "257->259": 0, "259->257": 0, "254->260": 0, "260->254": 0, "244->261": 0, "261->244": 0, "261->262": 0, "262->261": 0, "262->263": 0, "263->262": 0, "263->264": 0, "264->263": 0, "262->265": 0, "265->262": 0, "265->266": 0, "266->265": 0, "266->267": 0, "267->266": 0, "266->268": 0, "268->266": 0, "268->269": 0, "269->268": 0, "268->270": 0, "270->268": 0, "270->271": 0, "271->270": 0, "270->272": 0, "272->270": 0, "272->273": 0, "273->272": 0, "265->274": 0, "274->265": 0, "274->275": 0, "275->274": 0, "262->276": 0, "276->262": 0, "231->277": 0, "277->231": 0, "277->278": 0, "278->277": 0, "278->279": 0, "279->278": 0, "279->280": 0, "280->279": 0, "279->281": 0, "281->279": 0, "281->282": 0, "282->281": 0, "279->283": 0, "283->279": 0, "283->284": 0, "284->283": 0, "279->285": 0, "285->279": 0, "277->286": 0, "286->277": 0, "286->287": 0, "287->286": 0, "287->288": 0, "288->287": 0, "288->289": 0, "289->288": 0, "287->290": 0, "290->287": 0, "290->291": 0, "291->290": 0, "290->292": 0, "292->290": 0, "287->293": 0, "293->287": 0, "277->294": 0, "294->277": 0, "294->295": 0, "295->294": 0, "295->296": 0, "296->295": 0, "296->297": 0, "297->296": 0, "295->298": 0, "298->295": 0, "298->299": 0, "299->298": 0, "299->300": 0, "300->299": 0, "299->301": 0, "301->299": 0, "301->302": 0, "302->301": 0, "301->303": 0, "303->301": 0, "303->304": 0, "304->303": 0, "303->305": 0, "305->303": 0, "305->306": 0, "306->305": 0, "298->307": 0, "307->298": 0, "307->308": 0, "308->307": 0, "307->309": 0, "309->307": 0, "298->310": 0, "310->298": 0, "310->311": 0, "311->310": 0, "310->312": 0, "312->310": 0, "295->313": 0, "313->295": 0, "131->314": 0, "314->131": 0, "314->315": 0, "315->314": 0, "315->316": 0, "316->315": 0, "316->317": 0, "317->316": 0, "316->318": 0, "318->316": 0, "318->319": 0, "319->318": 0, "316->320": 0, "320->316": 0, "320->321": 0, "321->320": 0, "316->322": 0, "322->316": 0, "322->323": 0, "323->322": 0, "316->324": 0, "324->316": 0, "324->325": 0, "325->324": 0, "316->326": 0, "326->316": 0, "314->327": 0, "327->314": 0, "327->328": 0, "328->327": 0, "328->329": 0, "329->328": 0, "328->330": 0, "330->328": 0, "327->331": 0, "331->327": 0, "331->332": 0, "332->331": 0, "332->333": 0, "333->332": 0, "332->334": 0, "334->332": 0, "334->335": 0, "335->334": 0, "332->336": 0, "336->332": 0, "336->337": 0, "337->336": 0, "332->338": 0, "338->332": 0, "327->339": 0, "339->327": 0, "339->340": 0, "340->339": 0, "340->341": 0, "341->340": 0, "340->342": 0, "342->340": 0, "1->3": 1, "3->1": 12, "3->16": 1, "16->3": 12, "16->17": 1, "17->16": 12, "17->33": 1, "33->17": 12, "33->39": 1, "39->33": 12, "39->53": 1, "53->39": 12, "4->5": 1, "5->4": 12, "6->7": 1, "7->6": 12, "8->9": 1, "9->8": 12, "10->11": 1, "11->10": 12, "12->13": 1, "13->12": 12, "18->20": 1, "20->18": 12, "20->32": 1, "32->20": 12, "21->22": 1, "22->21": 12, "23->24": 1, "24->23": 12, "25->26": 1, "26->25": 12, "27->28": 1, "28->27": 12, "29->30": 1, "30->29": 12, "34->36": 1, "36->34": 12, "36->38": 1, "38->36": 12, "40->42": 1, "42->40": 12, "42->50": 1, "50->42": 12, "43->44": 1, "44->43": 12, "45->46": 1, "46->45": 12, "47->48": 1, "48->47": 12, "51->52": 2, "52->51": 3, "55->68": 1, "68->55": 12, "68->131": 1, "131->68": 12, "56->57": 1, "57->56": 12, "58->59": 1, "59->58": 12, "60->61": 1, "61->60": 12, "62->63": 1, "63->62": 12, "64->65": 1, "65->64": 12, "69->71": 1, "71->69": 12, "71->72": 1, "72->71": 12, "72->76": 1, "76->72": 12, "76->84": 1, "84->76": 12, "73->75": 1, "75->73": 12, "77->79": 1, "79->77": 12, "80->81": 1, "81->80": 12, "85->98": 1, "98->85": 12, "98->114": 1, "114->98": 12, "87->88": 1, "88->87": 12, "88->90": 1, "90->88": 12, "90->92": 1, "92->90": 12, "92->95": 1, "95->92": 12, "95->97": 1, "97->95": 12, "93->94": 2, "94->93": 3, "99->102": 1, "102->99": 12, "102->110": 1, "110->102": 12, "100->101": 2, "101->100": 3, "104->105": 1, "105->104": 12, "105->107": 1, "107->105": 12, "107->109": 1, "109->107": 12, "112->113": 2, "113->112": 3, "115->118": 1, "118->115": 12, "118->126": 1, "126->118": 12, "116->117": 2, "117->116": 3, "120->121": 1, "121->120": 12, "121->123": 1, "123->121": 12, "123->125": 1, "125->123": 12, "128->130": 1, "130->128": 12, "132->134": 1, "134->132": 12, "134->135": 1, "135->134": 12, "135->143": 1, "143->135": 12, "143->151": 1, "151->143": 12, "151->162": 1, "162->151": 12, "162->170": 1, "170->162": 12, "170->314": 1, "314->170": 12, "136->142": 1, "142->136": 12, "137->138": 1, "138->137": 12, "139->140": 1, "140->139": 12, "144->146": 1, "146->144": 12, "147->148": 1, "148->147": 12, "149->150": 2, "150->149": 3, "152->160": 1, "160->152": 12, "153->154": 1, "154->153": 12, "155->156": 1, "156->155": 12, "157->158": 1, "158->157": 12, "163->165": 1, "165->163": 12, "166->167": 1, "167->166": 12, "171->177": 6, "177->171": 6, "177->202": 1, "202->177": 12, "172->173": 1, "173->172": 12, "173->175": 1, "175->173": 12, "178->189": 10, "189->178": 11, "189->195": 10, "195->189": 11, "180->183": 1, "183->180": 12, "183->188": 1, "188->183": 12, "181->182": 2, "182->181": 3, "184->186": 1, "186->184": 12, "191->192": 1, "192->191": 12, "192->194": 1, "194->192": 12, "197->199": 1, "199->197": 12, "199->201": 1, "201->199": 12, "203->217": 6, "217->203": 6, "217->231": 1, "231->217": 12, "204->205": 1, "205->204": 12, "205->207": 1, "207->205": 12, "208->209": 1, "209->208": 12, "210->211": 1, "211->210": 12, "212->213": 1, "213->212": 12, "214->215": 1, "215->214": 12, "218->226": 10, "226->218": 11, "226->230": 10, "230->226": 11, "220->221": 1, "221->220": 12, "221->223": 1, "223->221": 12, "223->225": 1, "225->223": 12, "228->229": 2, "229->228": 3, "232->244": 6, "244->232": 6, "244->277": 1, "277->244": 12, "233->234": 1, "234->233": 12, "234->236": 1, "236->234": 12, "237->238": 1, "238->237": 12, "239->240": 1, "240->239": 12, "241->242": 1, "242->241": 12, "245->253": 10, "253->245": 11, "253->261": 10, "261->253": 11, "247->248": 1, "248->247": 12, "248->250": 1, "250->248": 12, "250->252": 1, "252->250": 12, "255->257": 1, "257->255": 12, "257->260": 1, "260->257": 12, "258->259": 2, "259->258": 3, "263->265": 1, "265->263": 12, "265->276": 1, "276->265": 12, "266->274": 1, "274->266": 12, "267->268": 1, "268->267": 12, "269->270": 1, "270->269": 12, "271->272": 1, "272->271": 12, "278->286": 10, "286->278": 11, "286->294": 10, "294->286": 11, "280->281": 1, "281->280": 12, "281->283": 1, "283->281": 12, "283->285": 1, "285->283": 12, "288->290": 1, "290->288": 12, "290->293": 1, "293->290": 12, "291->292": 2, "292->291": 3, "296->298": 1, "298->296": 12, "298->313": 1, "313->298": 12, "299->307": 1, "307->299": 12, "307->310": 1, "310->307": 12, "300->301": 1, "301->300": 12, "302->303": 1, "303->302": 12, "304->305": 1, "305->304": 12, "308->309": 2, "309->308": 3, "311->312": 2, "312->311": 3, "315->327": 1, "327->315": 12, "317->318": 1, "318->317": 12, "318->320": 1, "320->318": 12, "320->322": 1, "322->320": 12, "322->324": 1, "324->322": 12, "324->326": 1, "326->324": 12, "328->331": 1, "331->328": 12, "331->339": 1, "339->331": 12, "329->330": 2, "330->329": 3, "333->334": 1, "334->333": 12, "334->336": 1, "336->334": 12, "336->338": 1, "338->336": 12, "341->342": 2, "342->341": 3, "171->202": 7, "202->171": 7, "203->231": 7, "231->203": 7, "232->277": 7, "277->232": 7, "2->4": 2, "4->2": 3, "4->6": 2, "6->4": 3, "6->8": 2, "8->6": 3, "8->10": 2, "10->8": 3, "10->12": 2, "12->10": 3, "12->15": 2, "15->12": 3, "15->16": 2, "16->15": 3, "16->19": 2, "19->16": 3, "19->21": 2, "21->19": 3, "21->23": 2, "23->21": 3, "23->25": 2, "25->23": 3, "25->27": 2, "27->25": 3, "27->29": 2, "29->27": 3, "29->31": 2, "31->29": 3, "31->32": 2, "32->31": 3, "32->35": 2, "35->32": 3, "35->37": 2, "37->35": 3, "37->38": 2, "38->37": 3, "38->41": 2, "41->38": 3, "41->43": 2, "43->41": 3, "43->45": 2, "45->43": 3, "45->47": 2, "47->45": 3, "47->49": 2, "49->47": 3, "49->51": 2, "51->49": 3, "52->56": 2, "56->52": 3, "56->58": 2, "58->56": 3, "58->60": 2, "60->58": 3, "60->62": 2, "62->60": 3, "62->64": 2, "64->62": 3, "64->67": 2, "67->64": 3, "67->70": 2, "70->67": 3, "70->71": 2, "71->70": 3, "71->74": 2, "74->71": 3, "74->75": 2, "75->74": 3, "75->78": 2, "78->75": 3, "78->80": 2, "80->78": 3, "80->83": 2, "83->80": 3, "83->87": 2, "87->83": 3, "87->89": 2, "89->87": 3, "89->91": 2, "91->89": 3, "91->93": 2, "93->91": 3, "94->96": 2, "96->94": 3, "96->97": 2, "97->96": 3, "97->100": 2, "100->97": 3, "101->104": 2, "104->101": 3, "104->106": 2, "106->104": 3, "106->108": 2, "108->106": 3, "108->109": 2, "109->108": 3, "109->112": 2, "112->109": 3, "113->116": 2, "116->113": 3, "117->120": 2, "120->117": 3, "120->122": 2, "122->120": 3, "122->124": 2, "124->122": 3, "124->125": 2, "125->124": 3, "125->129": 2, "129->125": 3, "129->130": 2, "130->129": 3, "130->133": 2, "133->130": 3, "133->134": 2, "134->133": 3, "134->137": 2, "137->134": 3, "137->139": 2, "139->137": 3, "139->141": 2, "141->139": 3, "141->142": 2, "142->141": 3, "142->145": 2, "145->142": 3, "145->147": 2, "147->145": 3, "147->149": 2, "149->147": 3, "150->153": 2, "153->150": 3, "153->155": 2, "155->153": 3, "155->157": 2, "157->155": 3, "157->159": 2, "159->157": 3, "159->161": 2, "161->159": 3, "161->164": 2, "164->161": 3, "164->166": 2, "166->164": 3, "166->169": 2, "169->166": 3, "169->172": 2, "172->169": 3, "172->174": 2, "174->172": 3, "174->176": 2, "176->174": 3, "176->181": 2, "181->176": 3, "182->185": 2, "185->182": 3, "185->187": 2, "187->185": 3, "187->188": 2, "188->187": 3, "188->191": 2, "191->188": 3, "191->193": 2, "193->191": 3, "193->194": 2, "194->193": 3, "194->198": 2, "198->194": 3, "198->200": 2, "200->198": 3, "200->201": 2, "201->200": 3, "201->204": 2, "204->201": 3, "204->206": 2, "206->204": 3, "206->208": 2, "208->206": 3, "208->210": 2, "210->208": 3, "210->212": 2, "212->210": 3, "212->214": 2, "214->212": 3, "214->216": 2, "216->214": 3, "216->220": 2, "220->216": 3, "220->222": 2, "222->220": 3, "222->224": 2, "224->222": 3, "224->225": 2, "225->224": 3, "225->228": 2, "228->225": 3, "229->230": 2, "230->229": 3, "230->233": 2, "233->230": 3, "233->235": 2, "235->233": 3, "235->237": 2, "237->235": 3, "237->239": 2, "239->237": 3, "239->241": 2, "241->239": 3, "241->243": 2, "243->241": 3, "243->247": 2, "247->243": 3, "247->249": 2, "249->247": 3, "249->251": 2, "251->249": 3, "251->252": 2, "252->251": 3, "252->256": 2, "256->252": 3, "256->258": 2, "258->256": 3, "259->260": 2, "260->259": 3, "260->264": 2, "264->260": 3, "264->267": 2, "267->264": 3, "267->269": 2, "269->267": 3, "269->271": 2, "271->269": 3, "271->273": 2, "273->271": 3, "273->275": 2, "275->273": 3, "275->276": 2, "276->275": 3, "276->280": 2, "280->276": 3, "280->282": 2, "282->280": 3, "282->284": 2, "284->282": 3, "284->285": 2, "285->284": 3, "285->289": 2, "289->285": 3, "289->291": 2, "291->289": 3, "292->293": 2, "293->292": 3, "293->297": 2, "297->293": 3, "297->300": 2, "300->297": 3, "300->302": 2, "302->300": 3, "302->304": 2, "304->302": 3, "304->306": 2, "306->304": 3, "306->308": 2, "308->306": 3, "309->311": 2, "311->309": 3, "312->313": 2, "313->312": 3, "313->317": 2, "317->313": 3, "317->319": 2, "319->317": 3, "319->321": 2, "321->319": 3, "321->323": 2, "323->321": 3, "323->325": 2, "325->323": 3, "325->326": 2, "326->325": 3, "326->329": 2, "329->326": 3, "330->333": 2, "333->330": 3, "333->335": 2, "335->333": 3, "335->337": 2, "337->335": 3, "337->338": 2, "338->337": 3, "338->341": 2, "341->338": 3, "89->319": 4, "319->89": 5, "91->200": 4, "200->91": 5, "94->150": 4, "150->94": 5, "96->325": 4, "325->96": 5, "108->124": 4, "124->108": 5, "124->129": 4, "129->124": 5, "129->174": 4, "174->129": 5, "174->187": 4, "187->174": 5, "187->206": 4, "206->187": 5, "206->224": 4, "224->206": 5, "224->235": 4, "235->224": 5, "235->251": 4, "251->235": 5, "251->275": 4, "275->251": 5, "275->284": 4, "284->275": 5, "198->264": 4, "264->198": 5, "264->297": 4, "297->264": 5, "297->321": 4, "321->297": 5, "256->289": 4, "289->256": 5, "289->323": 4, "323->289": 5, "259->292": 4, "292->259": 5}, "metrics": [52.0, 4.0, 2.0]}