{"nodelist": ["MethodDeclaration", "{'protected'}", "protected", "processOptions", "FormalParameter", "{'final'}", "final", "ReferenceType", "String", "args", "Exception", "IfStatement", "BinaryOperation", "||", "BinaryOperation", "==", "MemberReference", "args", "Literal", "null", "BinaryOperation", "==", "MemberReference", "args", "length", "Literal", "0", "BlockStatement", "ReturnStatement", "LocalVariableDeclaration", "ReferenceType", "Options", "VariableDeclarator", "options", "ClassCreator", "ReferenceType", "Options", "StatementExpression", "MethodInvocation", "MemberReference", "options", "addOptions", "LocalVariableDeclaration", "ReferenceType", "CommandLineParser", "VariableDeclarator", "parser", "ClassCreator", "ReferenceType", "BasicParser", "LocalVariableDeclaration", "ReferenceType", "CommandLine", "VariableDeclarator", "cmd", "MethodInvocation", "parser", "MemberReference", "options", "MemberReference", "args", "parse", "IfStatement", "MethodInvocation", "cmd", "Literal", "\"help\"", "hasOption", "BlockStatement", "StatementExpression", "MethodInvocation", "MemberReference", "options", "Literal", "1", "printUsageAndExit", "StatementExpression", "MethodInvocation", "MemberReference", "cmd", "MemberReference", "options", "parseCommandLine"], "nodes": {"0": "MethodDeclaration", "1": "Modifier", "2": "protected", "3": "processOptions", "4": "FormalParameter", "5": "Modifier", "6": "final", "7": "ReferenceType", "8": "String", "9": "args", "10": "Exception", "11": "IfStatement", "12": "BinaryOperation", "13": "||", "14": "BinaryOperation", "15": "==", "16": "MemberReference", "17": "args", "18": "Literal", "19": "null", "20": "BinaryOperation", "21": "==", "22": "MemberReference", "23": "args", "24": "length", "25": "Literal", "26": "0", "27": "BlockStatement", "28": "ReturnStatement", "29": "LocalVariableDeclaration", "30": "ReferenceType", "31": "Options", "32": "VariableDeclarator", "33": "options", "34": "ClassCreator", "35": "ReferenceType", "36": "Options", "37": "StatementExpression", "38": "MethodInvocation", "39": "MemberReference", "40": "options", "41": "addOptions", "42": "LocalVariableDeclaration", "43": "ReferenceType", "44": "CommandLineParser", "45": "VariableDeclarator", "46": "parser", "47": "ClassCreator", "48": "ReferenceType", "49": "BasicParser", "50": "LocalVariableDeclaration", "51": "ReferenceType", "52": "CommandLine", "53": "VariableDeclarator", "54": "cmd", "55": "MethodInvocation", "56": "parser", "57": "MemberReference", "58": "options", "59": "MemberReference", "60": "args", "61": "parse", "62": "IfStatement", "63": "MethodInvocation", "64": "cmd", "65": "Literal", "66": "\"help\"", "67": "hasOption", "68": "BlockStatement", "69": "StatementExpression", "70": "MethodInvocation", "71": "MemberReference", "72": "options", "73": "Literal", "74": "1", "75": "printUsageAndExit", "76": "StatementExpression", "77": "MethodInvocation", "78": "MemberReference", "79": "cmd", "80": "MemberReference", "81": "options", "82": "parseCommandLine"}, "edges": {"0->1": 0, "1->0": 0, "1->2": 0, "2->1": 0, "0->3": 0, "3->0": 0, "0->4": 0, "4->0": 0, "4->5": 0, "5->4": 0, "5->6": 0, "6->5": 0, "4->7": 0, "7->4": 0, "7->8": 0, "8->7": 0, "4->9": 0, "9->4": 0, "0->10": 0, "10->0": 0, "0->11": 0, "11->0": 0, "11->12": 0, "12->11": 0, "12->13": 0, "13->12": 0, "12->14": 0, "14->12": 0, "14->15": 0, "15->14": 0, "14->16": 0, "16->14": 0, "16->17": 0, "17->16": 0, "14->18": 0, "18->14": 0, "18->19": 0, "19->18": 0, "12->20": 0, "20->12": 0, "20->21": 0, "21->20": 0, "20->22": 0, "22->20": 0, "22->23": 0, "23->22": 0, "22->24": 0, "24->22": 0, "20->25": 0, "25->20": 0, "25->26": 0, "26->25": 0, "11->27": 0, "27->11": 0, "27->28": 0, "28->27": 0, "0->29": 0, "29->0": 0, "29->30": 0, "30->29": 0, "30->31": 0, "31->30": 0, "29->32": 0, "32->29": 0, "32->33": 0, "33->32": 0, "32->34": 0, "34->32": 0, "34->35": 0, "35->34": 0, "35->36": 0, "36->35": 0, "0->37": 0, "37->0": 0, "37->38": 0, "38->37": 0, "38->39": 0, "39->38": 0, "39->40": 0, "40->39": 0, "38->41": 0, "41->38": 0, "0->42": 0, "42->0": 0, "42->43": 0, "43->42": 0, "43->44": 0, "44->43": 0, "42->45": 0, "45->42": 0, "45->46": 0, "46->45": 0, "45->47": 0, "47->45": 0, "47->48": 0, "48->47": 0, "48->49": 0, "49->48": 0, "0->50": 0, "50->0": 0, "50->51": 0, "51->50": 0, "51->52": 0, "52->51": 0, "50->53": 0, "53->50": 0, "53->54": 0, "54->53": 0, "53->55": 0, "55->53": 0, "55->56": 0, "56->55": 0, "55->57": 0, "57->55": 0, "57->58": 0, "58->57": 0, "55->59": 0, "59->55": 0, "59->60": 0, "60->59": 0, "55->61": 0, "61->55": 0, "0->62": 0, "62->0": 0, "62->63": 0, "63->62": 0, "63->64": 0, "64->63": 0, "63->65": 0, "65->63": 0, "65->66": 0, "66->65": 0, "63->67": 0, "67->63": 0, "62->68": 0, "68->62": 0, "68->69": 0, "69->68": 0, "69->70": 0, "70->69": 0, "70->71": 0, "71->70": 0, "71->72": 0, "72->71": 0, "70->73": 0, "73->70": 0, "73->74": 0, "74->73": 0, "70->75": 0, "75->70": 0, "0->76": 0, "76->0": 0, "76->77": 0, "77->76": 0, "77->78": 0, "78->77": 0, "78->79": 0, "79->78": 0, "77->80": 0, "80->77": 0, "80->81": 0, "81->80": 0, "77->82": 0, "82->77": 0, "1->3": 1, "3->1": 12, "3->4": 1, "4->3": 12, "4->10": 1, "10->4": 12, "10->11": 1, "11->10": 12, "11->29": 1, "29->11": 12, "29->37": 1, "37->29": 12, "37->42": 1, "42->37": 12, "42->50": 1, "50->42": 12, "50->62": 1, "62->50": 12, "62->76": 1, "76->62": 12, "5->7": 1, "7->5": 12, "7->9": 1, "9->7": 12, "12->27": 6, "27->12": 6, "13->14": 1, "14->13": 12, "14->20": 1, "20->14": 12, "15->16": 1, "16->15": 12, "16->18": 1, "18->16": 12, "21->22": 1, "22->21": 12, "22->25": 1, "25->22": 12, "23->24": 2, "24->23": 3, "30->32": 1, "32->30": 12, "33->34": 1, "34->33": 12, "39->41": 1, "41->39": 12, "43->45": 1, "45->43": 12, "46->47": 1, "47->46": 12, "51->53": 1, "53->51": 12, "54->55": 1, "55->54": 12, "56->57": 1, "57->56": 12, "57->59": 1, "59->57": 12, "59->61": 1, "61->59": 12, "63->68": 6, "68->63": 6, "64->65": 1, "65->64": 12, "65->67": 1, "67->65": 12, "71->73": 1, "73->71": 12, "73->75": 1, "75->73": 12, "78->80": 1, "80->78": 12, "80->82": 1, "82->80": 12, "2->3": 2, "3->2": 3, "3->6": 2, "6->3": 3, "6->8": 2, "8->6": 3, "8->9": 2, "9->8": 3, "9->10": 2, "10->9": 3, "10->13": 2, "13->10": 3, "13->15": 2, "15->13": 3, "15->17": 2, "17->15": 3, "17->19": 2, "19->17": 3, "19->21": 2, "21->19": 3, "21->23": 2, "23->21": 3, "24->26": 2, "26->24": 3, "26->28": 2, "28->26": 3, "28->31": 2, "31->28": 3, "31->33": 2, "33->31": 3, "33->36": 2, "36->33": 3, "36->40": 2, "40->36": 3, "40->41": 2, "41->40": 3, "41->44": 2, "44->41": 3, "44->46": 2, "46->44": 3, "46->49": 2, "49->46": 3, "49->52": 2, "52->49": 3, "52->54": 2, "54->52": 3, "54->56": 2, "56->54": 3, "56->58": 2, "58->56": 3, "58->60": 2, "60->58": 3, "60->61": 2, "61->60": 3, "61->64": 2, "64->61": 3, "64->66": 2, "66->64": 3, "66->67": 2, "67->66": 3, "67->72": 2, "72->67": 3, "72->74": 2, "74->72": 3, "74->75": 2, "75->74": 3, "75->79": 2, "79->75": 3, "79->81": 2, "81->79": 3, "81->82": 2, "82->81": 3, "17->60": 4, "60->17": 5, "40->58": 4, "58->40": 5, "58->72": 4, "72->58": 5, "72->81": 4, "81->72": 5}, "metrics": [13.0, 3.0, 1.0]}