{"nodelist": ["MethodDeclaration", "{'private'}", "private", "ReferenceType", "WALProvider", "getMetaProvider", "IOException", "ForStatement", "ForControl", "BlockStatement", "LocalVariableDeclaration", "ReferenceType", "WALProvider", "VariableDeclarator", "provider", "This", "MemberReference", "metaProvider", "MethodInvocation", "get", "IfStatement", "BinaryOperation", "!=", "MemberReference", "provider", "Literal", "null", "BlockStatement", "ReturnStatement", "MemberReference", "provider", "StatementExpression", "Assignment", "MemberReference", "provider", "MethodInvocation", "MemberReference", "META_WAL_PROVIDER", "MemberReference", "DEFAULT_META_WAL_PROVIDER", "MemberReference", "AbstractFSWALProvider", "META_WAL_PROVIDER_ID", "getProvider", "=", "IfStatement", "MethodInvocation", "metaProvider", "Literal", "null", "MemberReference", "provider", "compareAndSet", "BlockStatement", "ReturnStatement", "MemberReference", "provider", "BlockStatement", "StatementExpression", "MethodInvocation", "provider", "close"], "nodes": {"0": "MethodDeclaration", "1": "Modifier", "2": "private", "3": "ReferenceType", "4": "WALProvider", "5": "getMetaProvider", "6": "IOException", "7": "ForStatement", "8": "ForControl", "9": "BlockStatement", "10": "LocalVariableDeclaration", "11": "ReferenceType", "12": "WALProvider", "13": "VariableDeclarator", "14": "provider", "15": "This", "16": "MemberReference", "17": "metaProvider", "18": "MethodInvocation", "19": "get", "20": "IfStatement", "21": "BinaryOperation", "22": "!=", "23": "MemberReference", "24": "provider", "25": "Literal", "26": "null", "27": "BlockStatement", "28": "ReturnStatement", "29": "MemberReference", "30": "provider", "31": "StatementExpression", "32": "Assignment", "33": "MemberReference", "34": "provider", "35": "MethodInvocation", "36": "MemberReference", "37": "META_WAL_PROVIDER", "38": "MemberReference", "39": "DEFAULT_META_WAL_PROVIDER", "40": "MemberReference", "41": "AbstractFSWALProvider", "42": "META_WAL_PROVIDER_ID", "43": "getProvider", "44": "=", "45": "IfStatement", "46": "MethodInvocation", "47": "metaProvider", "48": "Literal", "49": "null", "50": "MemberReference", "51": "provider", "52": "compareAndSet", "53": "BlockStatement", "54": "ReturnStatement", "55": "MemberReference", "56": "provider", "57": "BlockStatement", "58": "StatementExpression", "59": "MethodInvocation", "60": "provider", "61": "close"}, "edges": {"0->1": 0, "1->0": 0, "1->2": 0, "2->1": 0, "0->3": 0, "3->0": 0, "3->4": 0, "4->3": 0, "0->5": 0, "5->0": 0, "0->6": 0, "6->0": 0, "0->7": 0, "7->0": 0, "7->8": 0, "8->7": 0, "7->9": 0, "9->7": 0, "9->10": 0, "10->9": 0, "10->11": 0, "11->10": 0, "11->12": 0, "12->11": 0, "10->13": 0, "13->10": 0, "13->14": 0, "14->13": 0, "13->15": 0, "15->13": 0, "15->16": 0, "16->15": 0, "16->17": 0, "17->16": 0, "15->18": 0, "18->15": 0, "18->19": 0, "19->18": 0, "9->20": 0, "20->9": 0, "20->21": 0, "21->20": 0, "21->22": 0, "22->21": 0, "21->23": 0, "23->21": 0, "23->24": 0, "24->23": 0, "21->25": 0, "25->21": 0, "25->26": 0, "26->25": 0, "20->27": 0, "27->20": 0, "27->28": 0, "28->27": 0, "28->29": 0, "29->28": 0, "29->30": 0, "30->29": 0, "9->31": 0, "31->9": 0, "31->32": 0, "32->31": 0, "32->33": 0, "33->32": 0, "33->34": 0, "34->33": 0, "32->35": 0, "35->32": 0, "35->36": 0, "36->35": 0, "36->37": 0, "37->36": 0, "35->38": 0, "38->35": 0, "38->39": 0, "39->38": 0, "35->40": 0, "40->35": 0, "40->41": 0, "41->40": 0, "40->42": 0, "42->40": 0, "35->43": 0, "43->35": 0, "32->44": 0, "44->32": 0, "9->45": 0, "45->9": 0, "45->46": 0, "46->45": 0, "46->47": 0, "47->46": 0, "46->48": 0, "48->46": 0, "48->49": 0, "49->48": 0, "46->50": 0, "50->46": 0, "50->51": 0, "51->50": 0, "46->52": 0, "52->46": 0, "45->53": 0, "53->45": 0, "53->54": 0, "54->53": 0, "54->55": 0, "55->54": 0, "55->56": 0, "56->55": 0, "45->57": 0, "57->45": 0, "57->58": 0, "58->57": 0, "58->59": 0, "59->58": 0, "59->60": 0, "60->59": 0, "59->61": 0, "61->59": 0, "1->3": 1, "3->1": 12, "3->5": 1, "5->3": 12, "5->6": 2, "6->5": 3, "6->7": 1, "7->6": 12, "8->9": 9, "9->8": 9, "10->20": 10, "20->10": 11, "20->31": 10, "31->20": 11, "31->45": 10, "45->31": 11, "11->13": 1, "13->11": 12, "14->15": 1, "15->14": 12, "16->18": 1, "18->16": 12, "21->27": 6, "27->21": 6, "22->23": 1, "23->22": 12, "23->25": 1, "25->23": 12, "33->35": 1, "35->33": 12, "35->44": 1, "44->35": 12, "36->38": 1, "38->36": 12, "38->40": 1, "40->38": 12, "40->43": 1, "43->40": 12, "41->42": 2, "42->41": 3, "46->53": 6, "53->46": 6, "53->57": 1, "57->53": 12, "47->48": 1, "48->47": 12, "48->50": 1, "50->48": 12, "50->52": 1, "52->50": 12, "60->61": 2, "61->60": 3, "46->57": 7, "57->46": 7, "2->4": 2, "4->2": 3, "4->5": 2, "5->4": 3, "6->8": 2, "8->6": 3, "8->12": 2, "12->8": 3, "12->14": 2, "14->12": 3, "14->17": 2, "17->14": 3, "17->19": 2, "19->17": 3, "19->22": 2, "22->19": 3, "22->24": 2, "24->22": 3, "24->26": 2, "26->24": 3, "26->30": 2, "30->26": 3, "30->34": 4, "34->30": 5, "34->37": 2, "37->34": 3, "37->39": 2, "39->37": 3, "39->41": 2, "41->39": 3, "42->43": 2, "43->42": 3, "43->44": 2, "44->43": 3, "44->47": 2, "47->44": 3, "47->49": 2, "49->47": 3, "49->51": 2, "51->49": 3, "51->52": 2, "52->51": 3, "52->56": 2, "56->52": 3, "56->60": 2, "60->56": 3, "24->30": 4, "30->24": 5, "34->51": 4, "51->34": 5, "51->56": 4, "56->51": 5}, "metrics": [15.0, 4.0, 0.0]}