{"nodelist": ["ConstructorDeclaration", "{'public'}", "public", "MasterWalManager", "FormalParameter", "ReferenceType", "Configuration", "conf", "FormalParameter", "ReferenceType", "FileSystem", "fs", "FormalParameter", "ReferenceType", "MasterServices", "services", "IOException", "StatementExpression", "Assignment", "This", "MemberReference", "fs", "MemberReference", "fs", "=", "StatementExpression", "Assignment", "This", "MemberReference", "conf", "MemberReference", "conf", "=", "StatementExpression", "Assignment", "This", "MemberReference", "rootDir", "MethodInvocation", "CommonFSUtils", "MemberReference", "conf", "getWALRootDir", "=", "StatementExpression", "Assignment", "This", "MemberReference", "services", "MemberReference", "services", "=", "StatementExpression", "Assignment", "This", "MemberReference", "splitLogManager", "ClassCreator", "ReferenceType", "SplitLogManager", "MemberReference", "services", "MemberReference", "conf", "=", "StatementExpression", "Assignment", "This", "MemberReference", "oldLogDir", "ClassCreator", "ReferenceType", "Path", "MemberReference", "rootDir", "MemberReference", "HConstants", "HREGION_OLDLOGDIR_NAME", "="], "nodes": {"0": "ConstructorDeclaration", "1": "Modifier", "2": "public", "3": "MasterWalManager", "4": "FormalParameter", "5": "ReferenceType", "6": "Configuration", "7": "conf", "8": "FormalParameter", "9": "ReferenceType", "10": "FileSystem", "11": "fs", "12": "FormalParameter", "13": "ReferenceType", "14": "MasterServices", "15": "services", "16": "IOException", "17": "StatementExpression", "18": "Assignment", "19": "This", "20": "MemberReference", "21": "fs", "22": "MemberReference", "23": "fs", "24": "=", "25": "StatementExpression", "26": "Assignment", "27": "This", "28": "MemberReference", "29": "conf", "30": "MemberReference", "31": "conf", "32": "=", "33": "StatementExpression", "34": "Assignment", "35": "This", "36": "MemberReference", "37": "rootDir", "38": "MethodInvocation", "39": "CommonFSUtils", "40": "MemberReference", "41": "conf", "42": "getWALRootDir", "43": "=", "44": "StatementExpression", "45": "Assignment", "46": "This", "47": "MemberReference", "48": "services", "49": "MemberReference", "50": "services", "51": "=", "52": "StatementExpression", "53": "Assignment", "54": "This", "55": "MemberReference", "56": "splitLogManager", "57": "ClassCreator", "58": "ReferenceType", "59": "SplitLogManager", "60": "MemberReference", "61": "services", "62": "MemberReference", "63": "conf", "64": "=", "65": "StatementExpression", "66": "Assignment", "67": "This", "68": "MemberReference", "69": "oldLogDir", "70": "ClassCreator", "71": "ReferenceType", "72": "Path", "73": "MemberReference", "74": "rootDir", "75": "MemberReference", "76": "HConstants", "77": "HREGION_OLDLOGDIR_NAME", "78": "="}, "edges": {"0->1": 0, "1->0": 0, "1->2": 0, "2->1": 0, "0->3": 0, "3->0": 0, "0->4": 0, "4->0": 0, "4->5": 0, "5->4": 0, "5->6": 0, "6->5": 0, "4->7": 0, "7->4": 0, "0->8": 0, "8->0": 0, "8->9": 0, "9->8": 0, "9->10": 0, "10->9": 0, "8->11": 0, "11->8": 0, "0->12": 0, "12->0": 0, "12->13": 0, "13->12": 0, "13->14": 0, "14->13": 0, "12->15": 0, "15->12": 0, "0->16": 0, "16->0": 0, "0->17": 0, "17->0": 0, "17->18": 0, "18->17": 0, "18->19": 0, "19->18": 0, "19->20": 0, "20->19": 0, "20->21": 0, "21->20": 0, "18->22": 0, "22->18": 0, "22->23": 0, "23->22": 0, "18->24": 0, "24->18": 0, "0->25": 0, "25->0": 0, "25->26": 0, "26->25": 0, "26->27": 0, "27->26": 0, "27->28": 0, "28->27": 0, "28->29": 0, "29->28": 0, "26->30": 0, "30->26": 0, "30->31": 0, "31->30": 0, "26->32": 0, "32->26": 0, "0->33": 0, "33->0": 0, "33->34": 0, "34->33": 0, "34->35": 0, "35->34": 0, "35->36": 0, "36->35": 0, "36->37": 0, "37->36": 0, "34->38": 0, "38->34": 0, "38->39": 0, "39->38": 0, "38->40": 0, "40->38": 0, "40->41": 0, "41->40": 0, "38->42": 0, "42->38": 0, "34->43": 0, "43->34": 0, "0->44": 0, "44->0": 0, "44->45": 0, "45->44": 0, "45->46": 0, "46->45": 0, "46->47": 0, "47->46": 0, "47->48": 0, "48->47": 0, "45->49": 0, "49->45": 0, "49->50": 0, "50->49": 0, "45->51": 0, "51->45": 0, "0->52": 0, "52->0": 0, "52->53": 0, "53->52": 0, "53->54": 0, "54->53": 0, "54->55": 0, "55->54": 0, "55->56": 0, "56->55": 0, "53->57": 0, "57->53": 0, "57->58": 0, "58->57": 0, "58->59": 0, "59->58": 0, "57->60": 0, "60->57": 0, "60->61": 0, "61->60": 0, "57->62": 0, "62->57": 0, "62->63": 0, "63->62": 0, "53->64": 0, "64->53": 0, "0->65": 0, "65->0": 0, "65->66": 0, "66->65": 0, "66->67": 0, "67->66": 0, "67->68": 0, "68->67": 0, "68->69": 0, "69->68": 0, "66->70": 0, "70->66": 0, "70->71": 0, "71->70": 0, "71->72": 0, "72->71": 0, "70->73": 0, "73->70": 0, "73->74": 0, "74->73": 0, "70->75": 0, "75->70": 0, "75->76": 0, "76->75": 0, "75->77": 0, "77->75": 0, "66->78": 0, "78->66": 0, "1->3": 1, "3->1": 12, "3->4": 1, "4->3": 12, "4->8": 1, "8->4": 12, "8->12": 1, "12->8": 12, "12->16": 1, "16->12": 12, "16->17": 1, "17->16": 12, "17->25": 1, "25->17": 12, "25->33": 1, "33->25": 12, "33->44": 1, "44->33": 12, "44->52": 1, "52->44": 12, "52->65": 1, "65->52": 12, "5->7": 1, "7->5": 12, "9->11": 1, "11->9": 12, "13->15": 1, "15->13": 12, "19->22": 1, "22->19": 12, "22->24": 1, "24->22": 12, "27->30": 1, "30->27": 12, "30->32": 1, "32->30": 12, "35->38": 1, "38->35": 12, "38->43": 1, "43->38": 12, "39->40": 1, "40->39": 12, "40->42": 1, "42->40": 12, "46->49": 1, "49->46": 12, "49->51": 1, "51->49": 12, "54->57": 1, "57->54": 12, "57->64": 1, "64->57": 12, "58->60": 1, "60->58": 12, "60->62": 1, "62->60": 12, "67->70": 1, "70->67": 12, "70->78": 1, "78->70": 12, "71->73": 1, "73->71": 12, "73->75": 1, "75->73": 12, "76->77": 2, "77->76": 3, "2->3": 2, "3->2": 3, "3->6": 2, "6->3": 3, "6->7": 2, "7->6": 3, "7->10": 2, "10->7": 3, "10->11": 2, "11->10": 3, "11->14": 2, "14->11": 3, "14->15": 2, "15->14": 3, "15->16": 2, "16->15": 3, "16->21": 2, "21->16": 3, "21->23": 4, "23->21": 5, "23->24": 2, "24->23": 3, "24->29": 2, "29->24": 3, "29->31": 4, "31->29": 5, "31->32": 2, "32->31": 3, "32->37": 2, "37->32": 3, "37->39": 2, "39->37": 3, "39->41": 2, "41->39": 3, "41->42": 2, "42->41": 3, "42->43": 2, "43->42": 3, "43->48": 2, "48->43": 3, "48->50": 4, "50->48": 5, "50->51": 2, "51->50": 3, "51->56": 2, "56->51": 3, "56->59": 2, "59->56": 3, "59->61": 2, "61->59": 3, "61->63": 2, "63->61": 3, "63->64": 2, "64->63": 3, "64->69": 2, "69->64": 3, "69->72": 2, "72->69": 3, "72->74": 2, "74->72": 3, "74->76": 2, "76->74": 3, "77->78": 2, "78->77": 3, "31->41": 4, "41->31": 5, "41->63": 4, "63->41": 5, "37->74": 4, "74->37": 5, "50->61": 4, "61->50": 5}, "metrics": [8.0, 1.0, 3.0]}