{"nodelist": ["MethodDeclaration", "{'public'}", "public", "startServletContainer", "FormalParameter", "ReferenceType", "Configuration", "conf", "Exception", "IfStatement", "BinaryOperation", "!=", "MemberReference", "server", "Literal", "null", "BlockStatement", "StatementExpression", "MethodInvocation", "LOG", "Literal", "\"RESTServer already running\"", "error", "ReturnStatement", "StatementExpression", "MethodInvocation", "conf", "Literal", "\"hbase.rest.port\"", "Literal", "0", "setInt", "StatementExpression", "MethodInvocation", "conf", "Literal", "\"hbase.rest.info.port\"", "Literal", "-", "1", "setInt", "StatementExpression", "MethodInvocation", "conf", "MemberReference", "RESTServer", "SKIP_LOGIN_KEY", "Literal", "true", "setBoolean", "StatementExpression", "Assignment", "MemberReference", "server", "ClassCreator", "ReferenceType", "RESTServer", "MemberReference", "conf", "=", "StatementExpression", "MethodInvocation", "server", "run", "StatementExpression", "MethodInvocation", "LOG", "BinaryOperation", "+", "BinaryOperation", "+", "BinaryOperation", "+", "Literal", "\"started \"", "MethodInvocation", "server", "MethodInvocation", "getName", "getClass", "Literal", "\" on port \"", "MethodInvocation", "server", "getPort", "info"], "nodes": {"0": "MethodDeclaration", "1": "Modifier", "2": "public", "3": "startServletContainer", "4": "FormalParameter", "5": "ReferenceType", "6": "Configuration", "7": "conf", "8": "Exception", "9": "IfStatement", "10": "BinaryOperation", "11": "!=", "12": "MemberReference", "13": "server", "14": "Literal", "15": "null", "16": "BlockStatement", "17": "StatementExpression", "18": "MethodInvocation", "19": "LOG", "20": "Literal", "21": "\"RESTServer already running\"", "22": "error", "23": "ReturnStatement", "24": "StatementExpression", "25": "MethodInvocation", "26": "conf", "27": "Literal", "28": "\"hbase.rest.port\"", "29": "Literal", "30": "0", "31": "setInt", "32": "StatementExpression", "33": "MethodInvocation", "34": "conf", "35": "Literal", "36": "\"hbase.rest.info.port\"", "37": "Literal", "38": "-", "39": "1", "40": "setInt", "41": "StatementExpression", "42": "MethodInvocation", "43": "conf", "44": "MemberReference", "45": "RESTServer", "46": "SKIP_LOGIN_KEY", "47": "Literal", "48": "true", "49": "setBoolean", "50": "StatementExpression", "51": "Assignment", "52": "MemberReference", "53": "server", "54": "ClassCreator", "55": "ReferenceType", "56": "RESTServer", "57": "MemberReference", "58": "conf", "59": "=", "60": "StatementExpression", "61": "MethodInvocation", "62": "server", "63": "run", "64": "StatementExpression", "65": "MethodInvocation", "66": "LOG", "67": "BinaryOperation", "68": "+", "69": "BinaryOperation", "70": "+", "71": "BinaryOperation", "72": "+", "73": "Literal", "74": "\"started \"", "75": "MethodInvocation", "76": "server", "77": "MethodInvocation", "78": "getName", "79": "getClass", "80": "Literal", "81": "\" on port \"", "82": "MethodInvocation", "83": "server", "84": "getPort", "85": "info"}, "edges": {"0->1": 0, "1->0": 0, "1->2": 0, "2->1": 0, "0->3": 0, "3->0": 0, "0->4": 0, "4->0": 0, "4->5": 0, "5->4": 0, "5->6": 0, "6->5": 0, "4->7": 0, "7->4": 0, "0->8": 0, "8->0": 0, "0->9": 0, "9->0": 0, "9->10": 0, "10->9": 0, "10->11": 0, "11->10": 0, "10->12": 0, "12->10": 0, "12->13": 0, "13->12": 0, "10->14": 0, "14->10": 0, "14->15": 0, "15->14": 0, "9->16": 0, "16->9": 0, "16->17": 0, "17->16": 0, "17->18": 0, "18->17": 0, "18->19": 0, "19->18": 0, "18->20": 0, "20->18": 0, "20->21": 0, "21->20": 0, "18->22": 0, "22->18": 0, "16->23": 0, "23->16": 0, "0->24": 0, "24->0": 0, "24->25": 0, "25->24": 0, "25->26": 0, "26->25": 0, "25->27": 0, "27->25": 0, "27->28": 0, "28->27": 0, "25->29": 0, "29->25": 0, "29->30": 0, "30->29": 0, "25->31": 0, "31->25": 0, "0->32": 0, "32->0": 0, "32->33": 0, "33->32": 0, "33->34": 0, "34->33": 0, "33->35": 0, "35->33": 0, "35->36": 0, "36->35": 0, "33->37": 0, "37->33": 0, "37->38": 0, "38->37": 0, "37->39": 0, "39->37": 0, "33->40": 0, "40->33": 0, "0->41": 0, "41->0": 0, "41->42": 0, "42->41": 0, "42->43": 0, "43->42": 0, "42->44": 0, "44->42": 0, "44->45": 0, "45->44": 0, "44->46": 0, "46->44": 0, "42->47": 0, "47->42": 0, "47->48": 0, "48->47": 0, "42->49": 0, "49->42": 0, "0->50": 0, "50->0": 0, "50->51": 0, "51->50": 0, "51->52": 0, "52->51": 0, "52->53": 0, "53->52": 0, "51->54": 0, "54->51": 0, "54->55": 0, "55->54": 0, "55->56": 0, "56->55": 0, "54->57": 0, "57->54": 0, "57->58": 0, "58->57": 0, "51->59": 0, "59->51": 0, "0->60": 0, "60->0": 0, "60->61": 0, "61->60": 0, "61->62": 0, "62->61": 0, "61->63": 0, "63->61": 0, "0->64": 0, "64->0": 0, "64->65": 0, "65->64": 0, "65->66": 0, "66->65": 0, "65->67": 0, "67->65": 0, "67->68": 0, "68->67": 0, "67->69": 0, "69->67": 0, "69->70": 0, "70->69": 0, "69->71": 0, "71->69": 0, "71->72": 0, "72->71": 0, "71->73": 0, "73->71": 0, "73->74": 0, "74->73": 0, "71->75": 0, "75->71": 0, "75->76": 0, "76->75": 0, "75->77": 0, "77->75": 0, "77->78": 0, "78->77": 0, "75->79": 0, "79->75": 0, "69->80": 0, "80->69": 0, "80->81": 0, "81->80": 0, "67->82": 0, "82->67": 0, "82->83": 0, "83->82": 0, "82->84": 0, "84->82": 0, "65->85": 0, "85->65": 0, "1->3": 1, "3->1": 12, "3->4": 1, "4->3": 12, "4->8": 1, "8->4": 12, "8->9": 1, "9->8": 12, "9->24": 1, "24->9": 12, "24->32": 1, "32->24": 12, "32->41": 1, "41->32": 12, "41->50": 1, "50->41": 12, "50->60": 1, "60->50": 12, "60->64": 1, "64->60": 12, "5->7": 1, "7->5": 12, "10->16": 6, "16->10": 6, "11->12": 1, "12->11": 12, "12->14": 1, "14->12": 12, "17->23": 10, "23->17": 11, "19->20": 1, "20->19": 12, "20->22": 1, "22->20": 12, "26->27": 1, "27->26": 12, "27->29": 1, "29->27": 12, "29->31": 1, "31->29": 12, "34->35": 1, "35->34": 12, "35->37": 1, "37->35": 12, "37->40": 1, "40->37": 12, "38->39": 2, "39->38": 3, "43->44": 1, "44->43": 12, "44->47": 1, "47->44": 12, "47->49": 1, "49->47": 12, "45->46": 2, "46->45": 3, "52->54": 1, "54->52": 12, "54->59": 1, "59->54": 12, "55->57": 1, "57->55": 12, "62->63": 2, "63->62": 3, "66->67": 1, "67->66": 12, "67->85": 1, "85->67": 12, "68->69": 1, "69->68": 12, "69->82": 1, "82->69": 12, "70->71": 1, "71->70": 12, "71->80": 1, "80->71": 12, "72->73": 1, "73->72": 12, "73->75": 1, "75->73": 12, "76->77": 1, "77->76": 12, "77->79": 1, "79->77": 12, "83->84": 2, "84->83": 3, "2->3": 2, "3->2": 3, "3->6": 2, "6->3": 3, "6->7": 2, "7->6": 3, "7->8": 2, "8->7": 3, "8->11": 2, "11->8": 3, "11->13": 2, "13->11": 3, "13->15": 2, "15->13": 3, "15->19": 2, "19->15": 3, "19->21": 2, "21->19": 3, "21->22": 2, "22->21": 3, "22->23": 2, "23->22": 3, "23->26": 2, "26->23": 3, "26->28": 2, "28->26": 3, "28->30": 2, "30->28": 3, "30->31": 2, "31->30": 3, "31->34": 2, "34->31": 3, "34->36": 2, "36->34": 3, "36->38": 2, "38->36": 3, "39->40": 2, "40->39": 3, "40->43": 2, "43->40": 3, "43->45": 2, "45->43": 3, "46->48": 2, "48->46": 3, "48->49": 2, "49->48": 3, "49->53": 2, "53->49": 3, "53->56": 2, "56->53": 3, "56->58": 2, "58->56": 3, "58->59": 2, "59->58": 3, "59->62": 2, "62->59": 3, "63->66": 2, "66->63": 3, "66->68": 2, "68->66": 3, "68->70": 2, "70->68": 3, "70->72": 2, "72->70": 3, "72->74": 2, "74->72": 3, "74->76": 2, "76->74": 3, "76->78": 2, "78->76": 3, "78->79": 2, "79->78": 3, "79->81": 2, "81->79": 3, "81->83": 2, "83->81": 3, "84->85": 2, "85->84": 3, "13->53": 4, "53->13": 5}, "metrics": [12.0, 2.0, 1.0]}