{"nodelist": ["MethodDeclaration", "{'protected'}", "protected", "Annotation", "Override", "doWork", "IOException", "IfStatement", "MethodInvocation", "cmd", "MemberReference", "OPT_ZK_QUORUM", "hasOption", "BlockStatement", "StatementExpression", "MethodInvocation", "conf", "MemberReference", "HConstants", "ZOOKEEPER_QUORUM", "MethodInvocation", "cmd", "MemberReference", "OPT_ZK_QUORUM", "getOptionValue", "set", "StatementExpression", "MethodInvocation", "HBaseTestingUtility", "MemberReference", "conf", "MemberReference", "tableName", "MemberReference", "COLUMN_FAMILY", "MemberReference", "compressAlgo", "MemberReference", "dataBlockEncodingAlgo", "createPreSplitLoadTestTable", "StatementExpression", "MethodInvocation", "MemberReference", "tableName", "MemberReference", "COLUMN_FAMILIES", "applyColumnFamilyOptions", "IfStatement", "MemberReference", "isWrite", "BlockStatement", "StatementExpression", "Assignment", "MemberReference", "writerThreads", "ClassCreator", "ReferenceType", "MultiThreadedWriter", "MemberReference", "conf", "MemberReference", "tableName", "MemberReference", "COLUMN_FAMILY", "=", "StatementExpression", "MethodInvocation", "writerThreads", "MemberReference", "isMultiPut", "setMultiPut", "StatementExpression", "MethodInvocation", "writerThreads", "MemberReference", "minColsPerKey", "MemberReference", "maxColsPerKey", "setColumnsPerKey", "StatementExpression", "MethodInvocation", "writerThreads", "MemberReference", "minColDataSize", "MemberReference", "maxColDataSize", "setDataSize", "IfStatement", "MemberReference", "isRead", "BlockStatement", "StatementExpression", "Assignment", "MemberReference", "readerThreads", "ClassCreator", "ReferenceType", "MultiThreadedReader", "MemberReference", "conf", "MemberReference", "tableName", "MemberReference", "COLUMN_FAMILY", "MemberReference", "verifyPercent", "=", "StatementExpression", "MethodInvocation", "readerThreads", "MemberReference", "maxReadErrors", "setMaxErrors", "StatementExpression", "MethodInvocation", "readerThreads", "MemberReference", "keyWindow", "setKeyWindow", "IfStatement", "BinaryOperation", "&&", "MemberReference", "isRead", "MemberReference", "isWrite", "BlockStatement", "StatementExpression", "MethodInvocation", "LOG", "BinaryOperation", "+", "Literal", "\"Concurrent read/write workload: making readers aware of the \"", "Literal", "\"write point\"", "info", "StatementExpression", "MethodInvocation", "readerThreads", "MemberReference", "writerThreads", "linkToWriter", "IfStatement", "MemberReference", "isWrite", "BlockStatement", "StatementExpression", "MethodInvocation", "System.out", "Literal", "\"Starting to write data...\"", "println", "StatementExpression", "MethodInvocation", "writerThreads", "MemberReference", "startKey", "MemberReference", "endKey", "MemberReference", "numWriterThreads", "start", "IfStatement", "MemberReference", "isRead", "BlockStatement", "StatementExpression", "MethodInvocation", "System.out", "Literal", "\"Starting to read data...\"", "println", "StatementExpression", "MethodInvocation", "readerThreads", "MemberReference", "startKey", "MemberReference", "endKey", "MemberReference", "numReaderThreads", "start", "IfStatement", "MemberReference", "isWrite", "BlockStatement", "StatementExpression", "MethodInvocation", "writerThreads", "waitForFinish", "IfStatement", "MemberReference", "isRead", "BlockStatement", "StatementExpression", "MethodInvocation", "readerThreads", "waitForFinish"], "nodes": {"0": "MethodDeclaration", "1": "Modifier", "2": "protected", "3": "Annotation", "4": "Override", "5": "doWork", "6": "IOException", "7": "IfStatement", "8": "MethodInvocation", "9": "cmd", "10": "MemberReference", "11": "OPT_ZK_QUORUM", "12": "hasOption", "13": "BlockStatement", "14": "StatementExpression", "15": "MethodInvocation", "16": "conf", "17": "MemberReference", "18": "HConstants", "19": "ZOOKEEPER_QUORUM", "20": "MethodInvocation", "21": "cmd", "22": "MemberReference", "23": "OPT_ZK_QUORUM", "24": "getOptionValue", "25": "set", "26": "StatementExpression", "27": "MethodInvocation", "28": "HBaseTestingUtility", "29": "MemberReference", "30": "conf", "31": "MemberReference", "32": "tableName", "33": "MemberReference", "34": "COLUMN_FAMILY", "35": "MemberReference", "36": "compressAlgo", "37": "MemberReference", "38": "dataBlockEncodingAlgo", "39": "createPreSplitLoadTestTable", "40": "StatementExpression", "41": "MethodInvocation", "42": "MemberReference", "43": "tableName", "44": "MemberReference", "45": "COLUMN_FAMILIES", "46": "applyColumnFamilyOptions", "47": "IfStatement", "48": "MemberReference", "49": "isWrite", "50": "BlockStatement", "51": "StatementExpression", "52": "Assignment", "53": "MemberReference", "54": "writerThreads", "55": "ClassCreator", "56": "ReferenceType", "57": "MultiThreadedWriter", "58": "MemberReference", "59": "conf", "60": "MemberReference", "61": "tableName", "62": "MemberReference", "63": "COLUMN_FAMILY", "64": "=", "65": "StatementExpression", "66": "MethodInvocation", "67": "writerThreads", "68": "MemberReference", "69": "isMultiPut", "70": "setMultiPut", "71": "StatementExpression", "72": "MethodInvocation", "73": "writerThreads", "74": "MemberReference", "75": "minColsPerKey", "76": "MemberReference", "77": "maxColsPerKey", "78": "setColumnsPerKey", "79": "StatementExpression", "80": "MethodInvocation", "81": "writerThreads", "82": "MemberReference", "83": "minColDataSize", "84": "MemberReference", "85": "maxColDataSize", "86": "setDataSize", "87": "IfStatement", "88": "MemberReference", "89": "isRead", "90": "BlockStatement", "91": "StatementExpression", "92": "Assignment", "93": "MemberReference", "94": "readerThreads", "95": "ClassCreator", "96": "ReferenceType", "97": "MultiThreadedReader", "98": "MemberReference", "99": "conf", "100": "MemberReference", "101": "tableName", "102": "MemberReference", "103": "COLUMN_FAMILY", "104": "MemberReference", "105": "verifyPercent", "106": "=", "107": "StatementExpression", "108": "MethodInvocation", "109": "readerThreads", "110": "MemberReference", "111": "maxReadErrors", "112": "setMaxErrors", "113": "StatementExpression", "114": "MethodInvocation", "115": "readerThreads", "116": "MemberReference", "117": "keyWindow", "118": "setKeyWindow", "119": "IfStatement", "120": "BinaryOperation", "121": "&&", "122": "MemberReference", "123": "isRead", "124": "MemberReference", "125": "isWrite", "126": "BlockStatement", "127": "StatementExpression", "128": "MethodInvocation", "129": "LOG", "130": "BinaryOperation", "131": "+", "132": "Literal", "133": "\"Concurrent read/write workload: making readers aware of the \"", "134": "Literal", "135": "\"write point\"", "136": "info", "137": "StatementExpression", "138": "MethodInvocation", "139": "readerThreads", "140": "MemberReference", "141": "writerThreads", "142": "linkToWriter", "143": "IfStatement", "144": "MemberReference", "145": "isWrite", "146": "BlockStatement", "147": "StatementExpression", "148": "MethodInvocation", "149": "System.out", "150": "Literal", "151": "\"Starting to write data...\"", "152": "println", "153": "StatementExpression", "154": "MethodInvocation", "155": "writerThreads", "156": "MemberReference", "157": "startKey", "158": "MemberReference", "159": "endKey", "160": "MemberReference", "161": "numWriterThreads", "162": "start", "163": "IfStatement", "164": "MemberReference", "165": "isRead", "166": "BlockStatement", "167": "StatementExpression", "168": "MethodInvocation", "169": "System.out", "170": "Literal", "171": "\"Starting to read data...\"", "172": "println", "173": "StatementExpression", "174": "MethodInvocation", "175": "readerThreads", "176": "MemberReference", "177": "startKey", "178": "MemberReference", "179": "endKey", "180": "MemberReference", "181": "numReaderThreads", "182": "start", "183": "IfStatement", "184": "MemberReference", "185": "isWrite", "186": "BlockStatement", "187": "StatementExpression", "188": "MethodInvocation", "189": "writerThreads", "190": "waitForFinish", "191": "IfStatement", "192": "MemberReference", "193": "isRead", "194": "BlockStatement", "195": "StatementExpression", "196": "MethodInvocation", "197": "readerThreads", "198": "waitForFinish"}, "edges": {"0->1": 0, "1->0": 0, "1->2": 0, "2->1": 0, "0->3": 0, "3->0": 0, "3->4": 0, "4->3": 0, "0->5": 0, "5->0": 0, "0->6": 0, "6->0": 0, "0->7": 0, "7->0": 0, "7->8": 0, "8->7": 0, "8->9": 0, "9->8": 0, "8->10": 0, "10->8": 0, "10->11": 0, "11->10": 0, "8->12": 0, "12->8": 0, "7->13": 0, "13->7": 0, "13->14": 0, "14->13": 0, "14->15": 0, "15->14": 0, "15->16": 0, "16->15": 0, "15->17": 0, "17->15": 0, "17->18": 0, "18->17": 0, "17->19": 0, "19->17": 0, "15->20": 0, "20->15": 0, "20->21": 0, "21->20": 0, "20->22": 0, "22->20": 0, "22->23": 0, "23->22": 0, "20->24": 0, "24->20": 0, "15->25": 0, "25->15": 0, "0->26": 0, "26->0": 0, "26->27": 0, "27->26": 0, "27->28": 0, "28->27": 0, "27->29": 0, "29->27": 0, "29->30": 0, "30->29": 0, "27->31": 0, "31->27": 0, "31->32": 0, "32->31": 0, "27->33": 0, "33->27": 0, "33->34": 0, "34->33": 0, "27->35": 0, "35->27": 0, "35->36": 0, "36->35": 0, "27->37": 0, "37->27": 0, "37->38": 0, "38->37": 0, "27->39": 0, "39->27": 0, "0->40": 0, "40->0": 0, "40->41": 0, "41->40": 0, "41->42": 0, "42->41": 0, "42->43": 0, "43->42": 0, "41->44": 0, "44->41": 0, "44->45": 0, "45->44": 0, "41->46": 0, "46->41": 0, "0->47": 0, "47->0": 0, "47->48": 0, "48->47": 0, "48->49": 0, "49->48": 0, "47->50": 0, "50->47": 0, "50->51": 0, "51->50": 0, "51->52": 0, "52->51": 0, "52->53": 0, "53->52": 0, "53->54": 0, "54->53": 0, "52->55": 0, "55->52": 0, "55->56": 0, "56->55": 0, "56->57": 0, "57->56": 0, "55->58": 0, "58->55": 0, "58->59": 0, "59->58": 0, "55->60": 0, "60->55": 0, "60->61": 0, "61->60": 0, "55->62": 0, "62->55": 0, "62->63": 0, "63->62": 0, "52->64": 0, "64->52": 0, "50->65": 0, "65->50": 0, "65->66": 0, "66->65": 0, "66->67": 0, "67->66": 0, "66->68": 0, "68->66": 0, "68->69": 0, "69->68": 0, "66->70": 0, "70->66": 0, "50->71": 0, "71->50": 0, "71->72": 0, "72->71": 0, "72->73": 0, "73->72": 0, "72->74": 0, "74->72": 0, "74->75": 0, "75->74": 0, "72->76": 0, "76->72": 0, "76->77": 0, "77->76": 0, "72->78": 0, "78->72": 0, "50->79": 0, "79->50": 0, "79->80": 0, "80->79": 0, "80->81": 0, "81->80": 0, "80->82": 0, "82->80": 0, "82->83": 0, "83->82": 0, "80->84": 0, "84->80": 0, "84->85": 0, "85->84": 0, "80->86": 0, "86->80": 0, "0->87": 0, "87->0": 0, "87->88": 0, "88->87": 0, "88->89": 0, "89->88": 0, "87->90": 0, "90->87": 0, "90->91": 0, "91->90": 0, "91->92": 0, "92->91": 0, "92->93": 0, "93->92": 0, "93->94": 0, "94->93": 0, "92->95": 0, "95->92": 0, "95->96": 0, "96->95": 0, "96->97": 0, "97->96": 0, "95->98": 0, "98->95": 0, "98->99": 0, "99->98": 0, "95->100": 0, "100->95": 0, "100->101": 0, "101->100": 0, "95->102": 0, "102->95": 0, "102->103": 0, "103->102": 0, "95->104": 0, "104->95": 0, "104->105": 0, "105->104": 0, "92->106": 0, "106->92": 0, "90->107": 0, "107->90": 0, "107->108": 0, "108->107": 0, "108->109": 0, "109->108": 0, "108->110": 0, "110->108": 0, "110->111": 0, "111->110": 0, "108->112": 0, "112->108": 0, "90->113": 0, "113->90": 0, "113->114": 0, "114->113": 0, "114->115": 0, "115->114": 0, "114->116": 0, "116->114": 0, "116->117": 0, "117->116": 0, "114->118": 0, "118->114": 0, "0->119": 0, "119->0": 0, "119->120": 0, "120->119": 0, "120->121": 0, "121->120": 0, "120->122": 0, "122->120": 0, "122->123": 0, "123->122": 0, "120->124": 0, "124->120": 0, "124->125": 0, "125->124": 0, "119->126": 0, "126->119": 0, "126->127": 0, "127->126": 0, "127->128": 0, "128->127": 0, "128->129": 0, "129->128": 0, "128->130": 0, "130->128": 0, "130->131": 0, "131->130": 0, "130->132": 0, "132->130": 0, "132->133": 0, "133->132": 0, "130->134": 0, "134->130": 0, "134->135": 0, "135->134": 0, "128->136": 0, "136->128": 0, "126->137": 0, "137->126": 0, "137->138": 0, "138->137": 0, "138->139": 0, "139->138": 0, "138->140": 0, "140->138": 0, "140->141": 0, "141->140": 0, "138->142": 0, "142->138": 0, "0->143": 0, "143->0": 0, "143->144": 0, "144->143": 0, "144->145": 0, "145->144": 0, "143->146": 0, "146->143": 0, "146->147": 0, "147->146": 0, "147->148": 0, "148->147": 0, "148->149": 0, "149->148": 0, "148->150": 0, "150->148": 0, "150->151": 0, "151->150": 0, "148->152": 0, "152->148": 0, "146->153": 0, "153->146": 0, "153->154": 0, "154->153": 0, "154->155": 0, "155->154": 0, "154->156": 0, "156->154": 0, "156->157": 0, "157->156": 0, "154->158": 0, "158->154": 0, "158->159": 0, "159->158": 0, "154->160": 0, "160->154": 0, "160->161": 0, "161->160": 0, "154->162": 0, "162->154": 0, "0->163": 0, "163->0": 0, "163->164": 0, "164->163": 0, "164->165": 0, "165->164": 0, "163->166": 0, "166->163": 0, "166->167": 0, "167->166": 0, "167->168": 0, "168->167": 0, "168->169": 0, "169->168": 0, "168->170": 0, "170->168": 0, "170->171": 0, "171->170": 0, "168->172": 0, "172->168": 0, "166->173": 0, "173->166": 0, "173->174": 0, "174->173": 0, "174->175": 0, "175->174": 0, "174->176": 0, "176->174": 0, "176->177": 0, "177->176": 0, "174->178": 0, "178->174": 0, "178->179": 0, "179->178": 0, "174->180": 0, "180->174": 0, "180->181": 0, "181->180": 0, "174->182": 0, "182->174": 0, "0->183": 0, "183->0": 0, "183->184": 0, "184->183": 0, "184->185": 0, "185->184": 0, "183->186": 0, "186->183": 0, "186->187": 0, "187->186": 0, "187->188": 0, "188->187": 0, "188->189": 0, "189->188": 0, "188->190": 0, "190->188": 0, "0->191": 0, "191->0": 0, "191->192": 0, "192->191": 0, "192->193": 0, "193->192": 0, "191->194": 0, "194->191": 0, "194->195": 0, "195->194": 0, "195->196": 0, "196->195": 0, "196->197": 0, "197->196": 0, "196->198": 0, "198->196": 0, "1->3": 1, "3->1": 12, "3->5": 1, "5->3": 12, "5->6": 2, "6->5": 3, "6->7": 1, "7->6": 12, "7->26": 1, "26->7": 12, "26->40": 1, "40->26": 12, "40->47": 1, "47->40": 12, "47->87": 1, "87->47": 12, "87->119": 1, "119->87": 12, "119->143": 1, "143->119": 12, "143->163": 1, "163->143": 12, "163->183": 1, "183->163": 12, "183->191": 1, "191->183": 12, "8->13": 6, "13->8": 6, "9->10": 1, "10->9": 12, "10->12": 1, "12->10": 12, "16->17": 1, "17->16": 12, "17->20": 1, "20->17": 12, "20->25": 1, "25->20": 12, "18->19": 2, "19->18": 3, "21->22": 1, "22->21": 12, "22->24": 1, "24->22": 12, "28->29": 1, "29->28": 12, "29->31": 1, "31->29": 12, "31->33": 1, "33->31": 12, "33->35": 1, "35->33": 12, "35->37": 1, "37->35": 12, "37->39": 1, "39->37": 12, "42->44": 1, "44->42": 12, "44->46": 1, "46->44": 12, "48->50": 6, "50->48": 6, "51->65": 10, "65->51": 11, "65->71": 10, "71->65": 11, "71->79": 10, "79->71": 11, "53->55": 1, "55->53": 12, "55->64": 1, "64->55": 12, "56->58": 1, "58->56": 12, "58->60": 1, "60->58": 12, "60->62": 1, "62->60": 12, "67->68": 1, "68->67": 12, "68->70": 1, "70->68": 12, "73->74": 1, "74->73": 12, "74->76": 1, "76->74": 12, "76->78": 1, "78->76": 12, "81->82": 1, "82->81": 12, "82->84": 1, "84->82": 12, "84->86": 1, "86->84": 12, "88->90": 6, "90->88": 6, "91->107": 10, "107->91": 11, "107->113": 10, "113->107": 11, "93->95": 1, "95->93": 12, "95->106": 1, "106->95": 12, "96->98": 1, "98->96": 12, "98->100": 1, "100->98": 12, "100->102": 1, "102->100": 12, "102->104": 1, "104->102": 12, "109->110": 1, "110->109": 12, "110->112": 1, "112->110": 12, "115->116": 1, "116->115": 12, "116->118": 1, "118->116": 12, "120->126": 6, "126->120": 6, "121->122": 1, "122->121": 12, "122->124": 1, "124->122": 12, "127->137": 10, "137->127": 11, "129->130": 1, "130->129": 12, "130->136": 1, "136->130": 12, "131->132": 1, "132->131": 12, "132->134": 1, "134->132": 12, "139->140": 1, "140->139": 12, "140->142": 1, "142->140": 12, "144->146": 6, "146->144": 6, "147->153": 10, "153->147": 11, "149->150": 1, "150->149": 12, "150->152": 1, "152->150": 12, "155->156": 1, "156->155": 12, "156->158": 1, "158->156": 12, "158->160": 1, "160->158": 12, "160->162": 1, "162->160": 12, "164->166": 6, "166->164": 6, "167->173": 10, "173->167": 11, "169->170": 1, "170->169": 12, "170->172": 1, "172->170": 12, "175->176": 1, "176->175": 12, "176->178": 1, "178->176": 12, "178->180": 1, "180->178": 12, "180->182": 1, "182->180": 12, "184->186": 6, "186->184": 6, "189->190": 2, "190->189": 3, "192->194": 6, "194->192": 6, "197->198": 2, "198->197": 3, "2->4": 2, "4->2": 3, "4->5": 2, "5->4": 3, "6->9": 2, "9->6": 3, "9->11": 2, "11->9": 3, "11->12": 2, "12->11": 3, "12->16": 2, "16->12": 3, "16->18": 2, "18->16": 3, "19->21": 2, "21->19": 3, "21->23": 2, "23->21": 3, "23->24": 2, "24->23": 3, "24->25": 2, "25->24": 3, "25->28": 2, "28->25": 3, "28->30": 2, "30->28": 3, "30->32": 2, "32->30": 3, "32->34": 2, "34->32": 3, "34->36": 2, "36->34": 3, "36->38": 2, "38->36": 3, "38->39": 2, "39->38": 3, "39->43": 2, "43->39": 3, "43->45": 2, "45->43": 3, "45->46": 2, "46->45": 3, "46->49": 2, "49->46": 3, "49->54": 2, "54->49": 3, "54->57": 2, "57->54": 3, "57->59": 2, "59->57": 3, "59->61": 2, "61->59": 3, "61->63": 2, "63->61": 3, "63->64": 2, "64->63": 3, "64->67": 2, "67->64": 3, "67->69": 2, "69->67": 3, "69->70": 2, "70->69": 3, "70->73": 2, "73->70": 3, "73->75": 2, "75->73": 3, "75->77": 2, "77->75": 3, "77->78": 2, "78->77": 3, "78->81": 2, "81->78": 3, "81->83": 2, "83->81": 3, "83->85": 2, "85->83": 3, "85->86": 2, "86->85": 3, "86->89": 2, "89->86": 3, "89->94": 2, "94->89": 3, "94->97": 2, "97->94": 3, "97->99": 2, "99->97": 3, "99->101": 2, "101->99": 3, "101->103": 2, "103->101": 3, "103->105": 2, "105->103": 3, "105->106": 2, "106->105": 3, "106->109": 2, "109->106": 3, "109->111": 2, "111->109": 3, "111->112": 2, "112->111": 3, "112->115": 2, "115->112": 3, "115->117": 2, "117->115": 3, "117->118": 2, "118->117": 3, "118->121": 2, "121->118": 3, "121->123": 2, "123->121": 3, "123->125": 2, "125->123": 3, "125->129": 2, "129->125": 3, "129->131": 2, "131->129": 3, "131->133": 2, "133->131": 3, "133->135": 2, "135->133": 3, "135->136": 2, "136->135": 3, "136->139": 2, "139->136": 3, "139->141": 2, "141->139": 3, "141->142": 2, "142->141": 3, "142->145": 2, "145->142": 3, "145->149": 2, "149->145": 3, "149->151": 2, "151->149": 3, "151->152": 2, "152->151": 3, "152->155": 2, "155->152": 3, "155->157": 2, "157->155": 3, "157->159": 2, "159->157": 3, "159->161": 2, "161->159": 3, "161->162": 2, "162->161": 3, "162->165": 2, "165->162": 3, "165->169": 2, "169->165": 3, "169->171": 2, "171->169": 3, "171->172": 2, "172->171": 3, "172->175": 2, "175->172": 3, "175->177": 2, "177->175": 3, "177->179": 2, "179->177": 3, "179->181": 2, "181->179": 3, "181->182": 2, "182->181": 3, "182->185": 2, "185->182": 3, "185->189": 2, "189->185": 3, "190->193": 2, "193->190": 3, "193->197": 2, "197->193": 3, "11->23": 4, "23->11": 5, "30->59": 4, "59->30": 5, "59->99": 4, "99->59": 5, "32->43": 4, "43->32": 5, "43->61": 4, "61->43": 5, "61->101": 4, "101->61": 5, "34->63": 4, "63->34": 5, "63->103": 4, "103->63": 5, "49->125": 4, "125->49": 5, "125->145": 4, "145->125": 5, "145->185": 4, "185->145": 5, "54->141": 4, "141->54": 5, "89->123": 4, "123->89": 5, "123->165": 4, "165->123": 5, "165->193": 4, "193->165": 5, "157->177": 4, "177->157": 5, "159->179": 4, "179->159": 5}, "metrics": [36.0, 9.0, 0.0]}