{"nodelist": ["MethodDeclaration", "{'public'}", "public", "Annotation", "Test", "testRSConnectorServerWhenStopRegionServer", "Exception", "StatementExpression", "MethodInvocation", "conf", "MemberReference", "CoprocessorHost", "REGIONSERVER_COPROCESSOR_CONF_KEY", "BinaryOperation", "+", "BinaryOperation", "+", "ClassReference", "MethodInvocation", "getName", "ReferenceType", "JMXListener", "Literal", "\",\"", "ClassReference", "MethodInvocation", "getName", "ReferenceType", "MyAccessController", "set", "StatementExpression", "MethodInvocation", "conf", "Literal", "\"regionserver.rmi.registry.port\"", "MemberReference", "rmiRegistryPort", "setInt", "StatementExpression", "MethodInvocation", "UTIL", "startMiniCluster", "StatementExpression", "Assignment", "MemberReference", "admin", "MethodInvocation", "UTIL", "MethodInvocation", "getAdmin", "getConnection", "=", "StatementExpression", "Assignment", "MemberReference", "hasAccess", "Literal", "false", "=", "LocalVariableDeclaration", "ReferenceType", "ServerName", "VariableDeclarator", "serverName", "MethodInvocation", "UTIL", "MethodInvocation", "Literal", "0", "getRegionServer", "MethodInvocation", "getServerName", "getHBaseCluster", "StatementExpression", "MethodInvocation", "LOG", "Literal", "\"Stopping Region Server...\"", "info", "StatementExpression", "MethodInvocation", "admin", "BinaryOperation", "+", "BinaryOperation", "+", "MethodInvocation", "serverName", "getHostname", "Literal", "\":\"", "MethodInvocation", "serverName", "getPort", "stopRegionServer", "LocalVariableDeclaration", "ReferenceType", "JMXConnector", "VariableDeclarator", "connector", "Literal", "null", "TryStatement", "StatementExpression", "Assignment", "MemberReference", "connector", "MethodInvocation", "JMXConnectorFactory", "MethodInvocation", "JMXListener", "MemberReference", "rmiRegistryPort", "MemberReference", "rmiRegistryPort", "buildJMXServiceURL", "connect", "=", "CatchClause", "CatchClauseParameter", "IOException", "e", "IfStatement", "BinaryOperation", "instanceof", "MethodInvocation", "e", "getCause", "ReferenceType", "ServiceUnavailableException", "BlockStatement", "StatementExpression", "MethodInvocation", "Assert", "Literal", "\"Can't connect to Region Server ConnectorServer.\"", "fail", "StatementExpression", "MethodInvocation", "Assert", "Literal", "\"JMXConnector should not be null.\"", "MemberReference", "connector", "assertNotNull", "StatementExpression", "MethodInvocation", "connector", "close"], "nodes": {"0": "MethodDeclaration", "1": "Modifier", "2": "public", "3": "Annotation", "4": "Test", "5": "testRSConnectorServerWhenStopRegionServer", "6": "Exception", "7": "StatementExpression", "8": "MethodInvocation", "9": "conf", "10": "MemberReference", "11": "CoprocessorHost", "12": "REGIONSERVER_COPROCESSOR_CONF_KEY", "13": "BinaryOperation", "14": "+", "15": "BinaryOperation", "16": "+", "17": "ClassReference", "18": "MethodInvocation", "19": "getName", "20": "ReferenceType", "21": "JMXListener", "22": "Literal", "23": "\",\"", "24": "ClassReference", "25": "MethodInvocation", "26": "getName", "27": "ReferenceType", "28": "MyAccessController", "29": "set", "30": "StatementExpression", "31": "MethodInvocation", "32": "conf", "33": "Literal", "34": "\"regionserver.rmi.registry.port\"", "35": "MemberReference", "36": "rmiRegistryPort", "37": "setInt", "38": "StatementExpression", "39": "MethodInvocation", "40": "UTIL", "41": "startMiniCluster", "42": "StatementExpression", "43": "Assignment", "44": "MemberReference", "45": "admin", "46": "MethodInvocation", "47": "UTIL", "48": "MethodInvocation", "49": "getAdmin", "50": "getConnection", "51": "=", "52": "StatementExpression", "53": "Assignment", "54": "MemberReference", "55": "hasAccess", "56": "Literal", "57": "false", "58": "=", "59": "LocalVariableDeclaration", "60": "ReferenceType", "61": "ServerName", "62": "VariableDeclarator", "63": "serverName", "64": "MethodInvocation", "65": "UTIL", "66": "MethodInvocation", "67": "Literal", "68": "0", "69": "getRegionServer", "70": "MethodInvocation", "71": "getServerName", "72": "getHBaseCluster", "73": "StatementExpression", "74": "MethodInvocation", "75": "LOG", "76": "Literal", "77": "\"Stopping Region Server...\"", "78": "info", "79": "StatementExpression", "80": "MethodInvocation", "81": "admin", "82": "BinaryOperation", "83": "+", "84": "BinaryOperation", "85": "+", "86": "MethodInvocation", "87": "serverName", "88": "getHostname", "89": "Literal", "90": "\":\"", "91": "MethodInvocation", "92": "serverName", "93": "getPort", "94": "stopRegionServer", "95": "LocalVariableDeclaration", "96": "ReferenceType", "97": "JMXConnector", "98": "VariableDeclarator", "99": "connector", "100": "Literal", "101": "null", "102": "TryStatement", "103": "StatementExpression", "104": "Assignment", "105": "MemberReference", "106": "connector", "107": "MethodInvocation", "108": "JMXConnectorFactory", "109": "MethodInvocation", "110": "JMXListener", "111": "MemberReference", "112": "rmiRegistryPort", "113": "MemberReference", "114": "rmiRegistryPort", "115": "buildJMXServiceURL", "116": "connect", "117": "=", "118": "CatchClause", "119": "CatchClauseParameter", "120": "IOException", "121": "e", "122": "IfStatement", "123": "BinaryOperation", "124": "instanceof", "125": "MethodInvocation", "126": "e", "127": "getCause", "128": "ReferenceType", "129": "ServiceUnavailableException", "130": "BlockStatement", "131": "StatementExpression", "132": "MethodInvocation", "133": "Assert", "134": "Literal", "135": "\"Can't connect to Region Server ConnectorServer.\"", "136": "fail", "137": "StatementExpression", "138": "MethodInvocation", "139": "Assert", "140": "Literal", "141": "\"JMXConnector should not be null.\"", "142": "MemberReference", "143": "connector", "144": "assertNotNull", "145": "StatementExpression", "146": "MethodInvocation", "147": "connector", "148": "close"}, "edges": {"0->1": 0, "1->0": 0, "1->2": 0, "2->1": 0, "0->3": 0, "3->0": 0, "3->4": 0, "4->3": 0, "0->5": 0, "5->0": 0, "0->6": 0, "6->0": 0, "0->7": 0, "7->0": 0, "7->8": 0, "8->7": 0, "8->9": 0, "9->8": 0, "8->10": 0, "10->8": 0, "10->11": 0, "11->10": 0, "10->12": 0, "12->10": 0, "8->13": 0, "13->8": 0, "13->14": 0, "14->13": 0, "13->15": 0, "15->13": 0, "15->16": 0, "16->15": 0, "15->17": 0, "17->15": 0, "17->18": 0, "18->17": 0, "18->19": 0, "19->18": 0, "17->20": 0, "20->17": 0, "20->21": 0, "21->20": 0, "15->22": 0, "22->15": 0, "22->23": 0, "23->22": 0, "13->24": 0, "24->13": 0, "24->25": 0, "25->24": 0, "25->26": 0, "26->25": 0, "24->27": 0, "27->24": 0, "27->28": 0, "28->27": 0, "8->29": 0, "29->8": 0, "0->30": 0, "30->0": 0, "30->31": 0, "31->30": 0, "31->32": 0, "32->31": 0, "31->33": 0, "33->31": 0, "33->34": 0, "34->33": 0, "31->35": 0, "35->31": 0, "35->36": 0, "36->35": 0, "31->37": 0, "37->31": 0, "0->38": 0, "38->0": 0, "38->39": 0, "39->38": 0, "39->40": 0, "40->39": 0, "39->41": 0, "41->39": 0, "0->42": 0, "42->0": 0, "42->43": 0, "43->42": 0, "43->44": 0, "44->43": 0, "44->45": 0, "45->44": 0, "43->46": 0, "46->43": 0, "46->47": 0, "47->46": 0, "46->48": 0, "48->46": 0, "48->49": 0, "49->48": 0, "46->50": 0, "50->46": 0, "43->51": 0, "51->43": 0, "0->52": 0, "52->0": 0, "52->53": 0, "53->52": 0, "53->54": 0, "54->53": 0, "54->55": 0, "55->54": 0, "53->56": 0, "56->53": 0, "56->57": 0, "57->56": 0, "53->58": 0, "58->53": 0, "0->59": 0, "59->0": 0, "59->60": 0, "60->59": 0, "60->61": 0, "61->60": 0, "59->62": 0, "62->59": 0, "62->63": 0, "63->62": 0, "62->64": 0, "64->62": 0, "64->65": 0, "65->64": 0, "64->66": 0, "66->64": 0, "66->67": 0, "67->66": 0, "67->68": 0, "68->67": 0, "66->69": 0, "69->66": 0, "64->70": 0, "70->64": 0, "70->71": 0, "71->70": 0, "64->72": 0, "72->64": 0, "0->73": 0, "73->0": 0, "73->74": 0, "74->73": 0, "74->75": 0, "75->74": 0, "74->76": 0, "76->74": 0, "76->77": 0, "77->76": 0, "74->78": 0, "78->74": 0, "0->79": 0, "79->0": 0, "79->80": 0, "80->79": 0, "80->81": 0, "81->80": 0, "80->82": 0, "82->80": 0, "82->83": 0, "83->82": 0, "82->84": 0, "84->82": 0, "84->85": 0, "85->84": 0, "84->86": 0, "86->84": 0, "86->87": 0, "87->86": 0, "86->88": 0, "88->86": 0, "84->89": 0, "89->84": 0, "89->90": 0, "90->89": 0, "82->91": 0, "91->82": 0, "91->92": 0, "92->91": 0, "91->93": 0, "93->91": 0, "80->94": 0, "94->80": 0, "0->95": 0, "95->0": 0, "95->96": 0, "96->95": 0, "96->97": 0, "97->96": 0, "95->98": 0, "98->95": 0, "98->99": 0, "99->98": 0, "98->100": 0, "100->98": 0, "100->101": 0, "101->100": 0, "0->102": 0, "102->0": 0, "102->103": 0, "103->102": 0, "103->104": 0, "104->103": 0, "104->105": 0, "105->104": 0, "105->106": 0, "106->105": 0, "104->107": 0, "107->104": 0, "107->108": 0, "108->107": 0, "107->109": 0, "109->107": 0, "109->110": 0, "110->109": 0, "109->111": 0, "111->109": 0, "111->112": 0, "112->111": 0, "109->113": 0, "113->109": 0, "113->114": 0, "114->113": 0, "109->115": 0, "115->109": 0, "107->116": 0, "116->107": 0, "104->117": 0, "117->104": 0, "102->118": 0, "118->102": 0, "118->119": 0, "119->118": 0, "119->120": 0, "120->119": 0, "119->121": 0, "121->119": 0, "118->122": 0, "122->118": 0, "122->123": 0, "123->122": 0, "123->124": 0, "124->123": 0, "123->125": 0, "125->123": 0, "125->126": 0, "126->125": 0, "125->127": 0, "127->125": 0, "123->128": 0, "128->123": 0, "128->129": 0, "129->128": 0, "122->130": 0, "130->122": 0, "130->131": 0, "131->130": 0, "131->132": 0, "132->131": 0, "132->133": 0, "133->132": 0, "132->134": 0, "134->132": 0, "134->135": 0, "135->134": 0, "132->136": 0, "136->132": 0, "0->137": 0, "137->0": 0, "137->138": 0, "138->137": 0, "138->139": 0, "139->138": 0, "138->140": 0, "140->138": 0, "140->141": 0, "141->140": 0, "138->142": 0, "142->138": 0, "142->143": 0, "143->142": 0, "138->144": 0, "144->138": 0, "0->145": 0, "145->0": 0, "145->146": 0, "146->145": 0, "146->147": 0, "147->146": 0, "146->148": 0, "148->146": 0, "1->3": 1, "3->1": 12, "3->5": 1, "5->3": 12, "5->6": 2, "6->5": 3, "6->7": 1, "7->6": 12, "7->30": 1, "30->7": 12, "30->38": 1, "38->30": 12, "38->42": 1, "42->38": 12, "42->52": 1, "52->42": 12, "52->59": 1, "59->52": 12, "59->73": 1, "73->59": 12, "73->79": 1, "79->73": 12, "79->95": 1, "95->79": 12, "95->102": 1, "102->95": 12, "102->137": 1, "137->102": 12, "137->145": 1, "145->137": 12, "9->10": 1, "10->9": 12, "10->13": 1, "13->10": 12, "13->29": 1, "29->13": 12, "11->12": 2, "12->11": 3, "14->15": 1, "15->14": 12, "15->24": 1, "24->15": 12, "16->17": 1, "17->16": 12, "17->22": 1, "22->17": 12, "18->20": 1, "20->18": 12, "25->27": 1, "27->25": 12, "32->33": 1, "33->32": 12, "33->35": 1, "35->33": 12, "35->37": 1, "37->35": 12, "40->41": 2, "41->40": 3, "44->46": 1, "46->44": 12, "46->51": 1, "51->46": 12, "47->48": 1, "48->47": 12, "48->50": 1, "50->48": 12, "54->56": 1, "56->54": 12, "56->58": 1, "58->56": 12, "60->62": 1, "62->60": 12, "63->64": 1, "64->63": 12, "65->66": 1, "66->65": 12, "66->70": 1, "70->66": 12, "70->72": 1, "72->70": 12, "67->69": 1, "69->67": 12, "75->76": 1, "76->75": 12, "76->78": 1, "78->76": 12, "81->82": 1, "82->81": 12, "82->94": 1, "94->82": 12, "83->84": 1, "84->83": 12, "84->91": 1, "91->84": 12, "85->86": 1, "86->85": 12, "86->89": 1, "89->86": 12, "87->88": 2, "88->87": 3, "92->93": 2, "93->92": 3, "96->98": 1, "98->96": 12, "99->100": 1, "100->99": 12, "103->118": 1, "118->103": 12, "105->107": 1, "107->105": 12, "107->117": 1, "117->107": 12, "108->109": 1, "109->108": 12, "109->116": 1, "116->109": 12, "110->111": 1, "111->110": 12, "111->113": 1, "113->111": 12, "113->115": 1, "115->113": 12, "119->122": 1, "122->119": 12, "120->121": 2, "121->120": 3, "123->130": 6, "130->123": 6, "124->125": 1, "125->124": 12, "125->128": 1, "128->125": 12, "126->127": 2, "127->126": 3, "133->134": 1, "134->133": 12, "134->136": 1, "136->134": 12, "139->140": 1, "140->139": 12, "140->142": 1, "142->140": 12, "142->144": 1, "144->142": 12, "147->148": 2, "148->147": 3, "2->4": 2, "4->2": 3, "4->5": 2, "5->4": 3, "6->9": 2, "9->6": 3, "9->11": 2, "11->9": 3, "12->14": 2, "14->12": 3, "14->16": 2, "16->14": 3, "16->19": 2, "19->16": 3, "19->21": 2, "21->19": 3, "21->23": 2, "23->21": 3, "23->26": 2, "26->23": 3, "26->28": 2, "28->26": 3, "28->29": 2, "29->28": 3, "29->32": 2, "32->29": 3, "32->34": 2, "34->32": 3, "34->36": 2, "36->34": 3, "36->37": 2, "37->36": 3, "37->40": 2, "40->37": 3, "41->45": 2, "45->41": 3, "45->47": 2, "47->45": 3, "47->49": 2, "49->47": 3, "49->50": 2, "50->49": 3, "50->51": 2, "51->50": 3, "51->55": 2, "55->51": 3, "55->57": 2, "57->55": 3, "57->58": 2, "58->57": 3, "58->61": 2, "61->58": 3, "61->63": 2, "63->61": 3, "63->65": 2, "65->63": 3, "65->68": 2, "68->65": 3, "68->69": 2, "69->68": 3, "69->71": 2, "71->69": 3, "71->72": 2, "72->71": 3, "72->75": 2, "75->72": 3, "75->77": 2, "77->75": 3, "77->78": 2, "78->77": 3, "78->81": 2, "81->78": 3, "81->83": 2, "83->81": 3, "83->85": 2, "85->83": 3, "85->87": 2, "87->85": 3, "88->90": 2, "90->88": 3, "90->92": 2, "92->90": 3, "93->94": 2, "94->93": 3, "94->97": 2, "97->94": 3, "97->99": 2, "99->97": 3, "99->101": 2, "101->99": 3, "101->106": 2, "106->101": 3, "106->108": 2, "108->106": 3, "108->110": 2, "110->108": 3, "110->112": 2, "112->110": 3, "112->114": 4, "114->112": 5, "114->115": 2, "115->114": 3, "115->116": 2, "116->115": 3, "116->117": 2, "117->116": 3, "117->120": 2, "120->117": 3, "121->124": 2, "124->121": 3, "124->126": 2, "126->124": 3, "127->129": 2, "129->127": 3, "129->133": 2, "133->129": 3, "133->135": 2, "135->133": 3, "135->136": 2, "136->135": 3, "136->139": 2, "139->136": 3, "139->141": 2, "141->139": 3, "141->143": 2, "143->141": 3, "143->144": 2, "144->143": 3, "144->147": 2, "147->144": 3, "36->112": 4, "112->36": 5, "106->143": 4, "143->106": 5}, "metrics": [21.0, 2.0, 0.0]}