{"nodelist": ["ConstructorDeclaration", "{'public'}", "public", "getRows_args", "FormalParameter", "ReferenceType", "getRows_args", "other", "IfStatement", "MethodInvocation", "other", "isSetTableName", "BlockStatement", "StatementExpression", "Assignment", "This", "MemberReference", "tableName", "MemberReference", "other", "tableName", "=", "IfStatement", "MethodInvocation", "other", "isSetRows", "BlockStatement", "LocalVariableDeclaration", "ReferenceType", "List", "TypeArgument", "ReferenceType", "ByteBuffer", "VariableDeclarator", "__this__rows", "ClassCreator", "ReferenceType", "ArrayList", "TypeArgument", "ReferenceType", "ByteBuffer", "MethodInvocation", "other.rows", "size", "ForStatement", "EnhancedForControl", "VariableDeclaration", "ReferenceType", "ByteBuffer", "VariableDeclarator", "other_element", "MemberReference", "other", "rows", "BlockStatement", "StatementExpression", "MethodInvocation", "__this__rows", "MemberReference", "other_element", "add", "StatementExpression", "Assignment", "This", "MemberReference", "rows", "MemberReference", "__this__rows", "=", "IfStatement", "MethodInvocation", "other", "isSetAttributes", "BlockStatement", "LocalVariableDeclaration", "ReferenceType", "Map", "TypeArgument", "ReferenceType", "ByteBuffer", "TypeArgument", "ReferenceType", "ByteBuffer", "VariableDeclarator", "__this__attributes", "ClassCreator", "ReferenceType", "HashMap", "TypeArgument", "ReferenceType", "ByteBuffer", "TypeArgument", "ReferenceType", "ByteBuffer", "MethodInvocation", "other.attributes", "size", "ForStatement", "EnhancedForControl", "VariableDeclaration", "ReferenceType", "Map", "ReferenceType", "Entry", "TypeArgument", "ReferenceType", "ByteBuffer", "TypeArgument", "ReferenceType", "ByteBuffer", "VariableDeclarator", "other_element", "MethodInvocation", "other.attributes", "entrySet", "BlockStatement", "LocalVariableDeclaration", "ReferenceType", "ByteBuffer", "VariableDeclarator", "other_element_key", "MethodInvocation", "other_element", "getKey", "LocalVariableDeclaration", "ReferenceType", "ByteBuffer", "VariableDeclarator", "other_element_value", "MethodInvocation", "other_element", "getValue", "LocalVariableDeclaration", "ReferenceType", "ByteBuffer", "VariableDeclarator", "__this__attributes_copy_key", "MemberReference", "other_element_key", "LocalVariableDeclaration", "ReferenceType", "ByteBuffer", "VariableDeclarator", "__this__attributes_copy_value", "MemberReference", "other_element_value", "StatementExpression", "MethodInvocation", "__this__attributes", "MemberReference", "__this__attributes_copy_key", "MemberReference", "__this__attributes_copy_value", "put", "StatementExpression", "Assignment", "This", "MemberReference", "attributes", "MemberReference", "__this__attributes", "="], "nodes": {"0": "ConstructorDeclaration", "1": "Modifier", "2": "public", "3": "getRows_args", "4": "FormalParameter", "5": "ReferenceType", "6": "getRows_args", "7": "other", "8": "IfStatement", "9": "MethodInvocation", "10": "other", "11": "isSetTableName", "12": "BlockStatement", "13": "StatementExpression", "14": "Assignment", "15": "This", "16": "MemberReference", "17": "tableName", "18": "MemberReference", "19": "other", "20": "tableName", "21": "=", "22": "IfStatement", "23": "MethodInvocation", "24": "other", "25": "isSetRows", "26": "BlockStatement", "27": "LocalVariableDeclaration", "28": "ReferenceType", "29": "List", "30": "TypeArgument", "31": "ReferenceType", "32": "ByteBuffer", "33": "VariableDeclarator", "34": "__this__rows", "35": "ClassCreator", "36": "ReferenceType", "37": "ArrayList", "38": "TypeArgument", "39": "ReferenceType", "40": "ByteBuffer", "41": "MethodInvocation", "42": "other.rows", "43": "size", "44": "ForStatement", "45": "EnhancedForControl", "46": "VariableDeclaration", "47": "ReferenceType", "48": "ByteBuffer", "49": "VariableDeclarator", "50": "other_element", "51": "MemberReference", "52": "other", "53": "rows", "54": "BlockStatement", "55": "StatementExpression", "56": "MethodInvocation", "57": "__this__rows", "58": "MemberReference", "59": "other_element", "60": "add", "61": "StatementExpression", "62": "Assignment", "63": "This", "64": "MemberReference", "65": "rows", "66": "MemberReference", "67": "__this__rows", "68": "=", "69": "IfStatement", "70": "MethodInvocation", "71": "other", "72": "isSetAttributes", "73": "BlockStatement", "74": "LocalVariableDeclaration", "75": "ReferenceType", "76": "Map", "77": "TypeArgument", "78": "ReferenceType", "79": "ByteBuffer", "80": "TypeArgument", "81": "ReferenceType", "82": "ByteBuffer", "83": "VariableDeclarator", "84": "__this__attributes", "85": "ClassCreator", "86": "ReferenceType", "87": "HashMap", "88": "TypeArgument", "89": "ReferenceType", "90": "ByteBuffer", "91": "TypeArgument", "92": "ReferenceType", "93": "ByteBuffer", "94": "MethodInvocation", "95": "other.attributes", "96": "size", "97": "ForStatement", "98": "EnhancedForControl", "99": "VariableDeclaration", "100": "ReferenceType", "101": "Map", "102": "ReferenceType", "103": "Entry", "104": "TypeArgument", "105": "ReferenceType", "106": "ByteBuffer", "107": "TypeArgument", "108": "ReferenceType", "109": "ByteBuffer", "110": "VariableDeclarator", "111": "other_element", "112": "MethodInvocation", "113": "other.attributes", "114": "entrySet", "115": "BlockStatement", "116": "LocalVariableDeclaration", "117": "ReferenceType", "118": "ByteBuffer", "119": "VariableDeclarator", "120": "other_element_key", "121": "MethodInvocation", "122": "other_element", "123": "getKey", "124": "LocalVariableDeclaration", "125": "ReferenceType", "126": "ByteBuffer", "127": "VariableDeclarator", "128": "other_element_value", "129": "MethodInvocation", "130": "other_element", "131": "getValue", "132": "LocalVariableDeclaration", "133": "ReferenceType", "134": "ByteBuffer", "135": "VariableDeclarator", "136": "__this__attributes_copy_key", "137": "MemberReference", "138": "other_element_key", "139": "LocalVariableDeclaration", "140": "ReferenceType", "141": "ByteBuffer", "142": "VariableDeclarator", "143": "__this__attributes_copy_value", "144": "MemberReference", "145": "other_element_value", "146": "StatementExpression", "147": "MethodInvocation", "148": "__this__attributes", "149": "MemberReference", "150": "__this__attributes_copy_key", "151": "MemberReference", "152": "__this__attributes_copy_value", "153": "put", "154": "StatementExpression", "155": "Assignment", "156": "This", "157": "MemberReference", "158": "attributes", "159": "MemberReference", "160": "__this__attributes", "161": "="}, "edges": {"0->1": 0, "1->0": 0, "1->2": 0, "2->1": 0, "0->3": 0, "3->0": 0, "0->4": 0, "4->0": 0, "4->5": 0, "5->4": 0, "5->6": 0, "6->5": 0, "4->7": 0, "7->4": 0, "0->8": 0, "8->0": 0, "8->9": 0, "9->8": 0, "9->10": 0, "10->9": 0, "9->11": 0, "11->9": 0, "8->12": 0, "12->8": 0, "12->13": 0, "13->12": 0, "13->14": 0, "14->13": 0, "14->15": 0, "15->14": 0, "15->16": 0, "16->15": 0, "16->17": 0, "17->16": 0, "14->18": 0, "18->14": 0, "18->19": 0, "19->18": 0, "18->20": 0, "20->18": 0, "14->21": 0, "21->14": 0, "0->22": 0, "22->0": 0, "22->23": 0, "23->22": 0, "23->24": 0, "24->23": 0, "23->25": 0, "25->23": 0, "22->26": 0, "26->22": 0, "26->27": 0, "27->26": 0, "27->28": 0, "28->27": 0, "28->29": 0, "29->28": 0, "28->30": 0, "30->28": 0, "30->31": 0, "31->30": 0, "31->32": 0, "32->31": 0, "27->33": 0, "33->27": 0, "33->34": 0, "34->33": 0, "33->35": 0, "35->33": 0, "35->36": 0, "36->35": 0, "36->37": 0, "37->36": 0, "36->38": 0, "38->36": 0, "38->39": 0, "39->38": 0, "39->40": 0, "40->39": 0, "35->41": 0, "41->35": 0, "41->42": 0, "42->41": 0, "41->43": 0, "43->41": 0, "26->44": 0, "44->26": 0, "44->45": 0, "45->44": 0, "45->46": 0, "46->45": 0, "46->47": 0, "47->46": 0, "47->48": 0, "48->47": 0, "46->49": 0, "49->46": 0, "49->50": 0, "50->49": 0, "45->51": 0, "51->45": 0, "51->52": 0, "52->51": 0, "51->53": 0, "53->51": 0, "44->54": 0, "54->44": 0, "54->55": 0, "55->54": 0, "55->56": 0, "56->55": 0, "56->57": 0, "57->56": 0, "56->58": 0, "58->56": 0, "58->59": 0, "59->58": 0, "56->60": 0, "60->56": 0, "26->61": 0, "61->26": 0, "61->62": 0, "62->61": 0, "62->63": 0, "63->62": 0, "63->64": 0, "64->63": 0, "64->65": 0, "65->64": 0, "62->66": 0, "66->62": 0, "66->67": 0, "67->66": 0, "62->68": 0, "68->62": 0, "0->69": 0, "69->0": 0, "69->70": 0, "70->69": 0, "70->71": 0, "71->70": 0, "70->72": 0, "72->70": 0, "69->73": 0, "73->69": 0, "73->74": 0, "74->73": 0, "74->75": 0, "75->74": 0, "75->76": 0, "76->75": 0, "75->77": 0, "77->75": 0, "77->78": 0, "78->77": 0, "78->79": 0, "79->78": 0, "75->80": 0, "80->75": 0, "80->81": 0, "81->80": 0, "81->82": 0, "82->81": 0, "74->83": 0, "83->74": 0, "83->84": 0, "84->83": 0, "83->85": 0, "85->83": 0, "85->86": 0, "86->85": 0, "86->87": 0, "87->86": 0, "86->88": 0, "88->86": 0, "88->89": 0, "89->88": 0, "89->90": 0, "90->89": 0, "86->91": 0, "91->86": 0, "91->92": 0, "92->91": 0, "92->93": 0, "93->92": 0, "85->94": 0, "94->85": 0, "94->95": 0, "95->94": 0, "94->96": 0, "96->94": 0, "73->97": 0, "97->73": 0, "97->98": 0, "98->97": 0, "98->99": 0, "99->98": 0, "99->100": 0, "100->99": 0, "100->101": 0, "101->100": 0, "100->102": 0, "102->100": 0, "102->103": 0, "103->102": 0, "102->104": 0, "104->102": 0, "104->105": 0, "105->104": 0, "105->106": 0, "106->105": 0, "102->107": 0, "107->102": 0, "107->108": 0, "108->107": 0, "108->109": 0, "109->108": 0, "99->110": 0, "110->99": 0, "110->111": 0, "111->110": 0, "98->112": 0, "112->98": 0, "112->113": 0, "113->112": 0, "112->114": 0, "114->112": 0, "97->115": 0, "115->97": 0, "115->116": 0, "116->115": 0, "116->117": 0, "117->116": 0, "117->118": 0, "118->117": 0, "116->119": 0, "119->116": 0, "119->120": 0, "120->119": 0, "119->121": 0, "121->119": 0, "121->122": 0, "122->121": 0, "121->123": 0, "123->121": 0, "115->124": 0, "124->115": 0, "124->125": 0, "125->124": 0, "125->126": 0, "126->125": 0, "124->127": 0, "127->124": 0, "127->128": 0, "128->127": 0, "127->129": 0, "129->127": 0, "129->130": 0, "130->129": 0, "129->131": 0, "131->129": 0, "115->132": 0, "132->115": 0, "132->133": 0, "133->132": 0, "133->134": 0, "134->133": 0, "132->135": 0, "135->132": 0, "135->136": 0, "136->135": 0, "135->137": 0, "137->135": 0, "137->138": 0, "138->137": 0, "115->139": 0, "139->115": 0, "139->140": 0, "140->139": 0, "140->141": 0, "141->140": 0, "139->142": 0, "142->139": 0, "142->143": 0, "143->142": 0, "142->144": 0, "144->142": 0, "144->145": 0, "145->144": 0, "115->146": 0, "146->115": 0, "146->147": 0, "147->146": 0, "147->148": 0, "148->147": 0, "147->149": 0, "149->147": 0, "149->150": 0, "150->149": 0, "147->151": 0, "151->147": 0, "151->152": 0, "152->151": 0, "147->153": 0, "153->147": 0, "73->154": 0, "154->73": 0, "154->155": 0, "155->154": 0, "155->156": 0, "156->155": 0, "156->157": 0, "157->156": 0, "157->158": 0, "158->157": 0, "155->159": 0, "159->155": 0, "159->160": 0, "160->159": 0, "155->161": 0, "161->155": 0, "1->3": 1, "3->1": 12, "3->4": 1, "4->3": 12, "4->8": 1, "8->4": 12, "8->22": 1, "22->8": 12, "22->69": 1, "69->22": 12, "5->7": 1, "7->5": 12, "9->12": 6, "12->9": 6, "10->11": 2, "11->10": 3, "15->18": 1, "18->15": 12, "18->21": 1, "21->18": 12, "19->20": 2, "20->19": 3, "23->26": 6, "26->23": 6, "24->25": 2, "25->24": 3, "27->44": 10, "44->27": 11, "44->61": 10, "61->44": 11, "28->33": 1, "33->28": 12, "29->30": 1, "30->29": 12, "34->35": 1, "35->34": 12, "36->41": 1, "41->36": 12, "37->38": 1, "38->37": 12, "42->43": 2, "43->42": 3, "45->54": 9, "54->45": 9, "46->51": 1, "51->46": 12, "47->49": 1, "49->47": 12, "52->53": 2, "53->52": 3, "57->58": 1, "58->57": 12, "58->60": 1, "60->58": 12, "63->66": 1, "66->63": 12, "66->68": 1, "68->66": 12, "70->73": 6, "73->70": 6, "71->72": 2, "72->71": 3, "74->97": 10, "97->74": 11, "97->154": 10, "154->97": 11, "75->83": 1, "83->75": 12, "76->77": 1, "77->76": 12, "77->80": 1, "80->77": 12, "84->85": 1, "85->84": 12, "86->94": 1, "94->86": 12, "87->88": 1, "88->87": 12, "88->91": 1, "91->88": 12, "95->96": 2, "96->95": 3, "98->115": 9, "115->98": 9, "99->112": 1, "112->99": 12, "100->110": 1, "110->100": 12, "101->102": 1, "102->101": 12, "103->104": 1, "104->103": 12, "104->107": 1, "107->104": 12, "113->114": 2, "114->113": 3, "116->124": 10, "124->116": 11, "124->132": 10, "132->124": 11, "132->139": 10, "139->132": 11, "139->146": 10, "146->139": 11, "117->119": 1, "119->117": 12, "120->121": 1, "121->120": 12, "122->123": 2, "123->122": 3, "125->127": 1, "127->125": 12, "128->129": 1, "129->128": 12, "130->131": 2, "131->130": 3, "133->135": 1, "135->133": 12, "136->137": 1, "137->136": 12, "140->142": 1, "142->140": 12, "143->144": 1, "144->143": 12, "148->149": 1, "149->148": 12, "149->151": 1, "151->149": 12, "151->153": 1, "153->151": 12, "156->159": 1, "159->156": 12, "159->161": 1, "161->159": 12, "2->3": 2, "3->2": 3, "3->6": 2, "6->3": 3, "6->7": 2, "7->6": 3, "7->10": 2, "10->7": 3, "11->17": 2, "17->11": 3, "17->19": 2, "19->17": 3, "20->21": 2, "21->20": 3, "21->24": 2, "24->21": 3, "25->29": 2, "29->25": 3, "29->32": 2, "32->29": 3, "32->34": 2, "34->32": 3, "34->37": 2, "37->34": 3, "37->40": 2, "40->37": 3, "40->42": 2, "42->40": 3, "43->48": 2, "48->43": 3, "48->50": 2, "50->48": 3, "50->52": 2, "52->50": 3, "53->57": 2, "57->53": 3, "57->59": 2, "59->57": 3, "59->60": 2, "60->59": 3, "60->65": 2, "65->60": 3, "65->67": 2, "67->65": 3, "67->68": 2, "68->67": 3, "68->71": 2, "71->68": 3, "72->76": 2, "76->72": 3, "76->79": 2, "79->76": 3, "79->82": 2, "82->79": 3, "82->84": 2, "84->82": 3, "84->87": 2, "87->84": 3, "87->90": 2, "90->87": 3, "90->93": 2, "93->90": 3, "93->95": 2, "95->93": 3, "96->101": 2, "101->96": 3, "101->103": 2, "103->101": 3, "103->106": 2, "106->103": 3, "106->109": 2, "109->106": 3, "109->111": 2, "111->109": 3, "111->113": 2, "113->111": 3, "114->118": 2, "118->114": 3, "118->120": 2, "120->118": 3, "120->122": 2, "122->120": 3, "123->126": 2, "126->123": 3, "126->128": 2, "128->126": 3, "128->130": 2, "130->128": 3, "131->134": 2, "134->131": 3, "134->136": 2, "136->134": 3, "136->138": 2, "138->136": 3, "138->141": 2, "141->138": 3, "141->143": 2, "143->141": 3, "143->145": 2, "145->143": 3, "145->148": 2, "148->145": 3, "148->150": 2, "150->148": 3, "150->152": 2, "152->150": 3, "152->153": 2, "153->152": 3, "153->158": 2, "158->153": 3, "158->160": 2, "160->158": 3, "160->161": 2, "161->160": 3, "17->20": 4, "20->17": 5, "53->65": 4, "65->53": 5}, "metrics": [23.0, 6.0, 1.0]}