{"nodelist": ["MethodDeclaration", "{'public'}", "public", "TypeParameter", "T", "ReferenceType", "T", "getRegionServerWithRetries", "FormalParameter", "ReferenceType", "ServerCallable", "TypeArgument", "ReferenceType", "T", "callable", "IOException", "RuntimeException", "LocalVariableDeclaration", "ReferenceType", "List", "TypeArgument", "ReferenceType", "RetriesExhaustedException", "ReferenceType", "ThrowableWithExtraContext", "VariableDeclarator", "exceptions", "ClassCreator", "ReferenceType", "ArrayList", "TypeArgument", "ReferenceType", "RetriesExhaustedException", "ReferenceType", "ThrowableWithExtraContext", "ForStatement", "ForControl", "VariableDeclaration", "BasicType", "int", "VariableDeclarator", "tries", "Literal", "0", "BinaryOperation", "<", "MemberReference", "tries", "MemberReference", "numRetries", "MemberReference", "++", "tries", "BlockStatement", "TryStatement", "StatementExpression", "MethodInvocation", "callable", "beforeCall", "StatementExpression", "MethodInvocation", "callable", "BinaryOperation", "!=", "MemberReference", "tries", "Literal", "0", "connect", "LocalVariableDeclaration", "ReferenceType", "T", "VariableDeclarator", "result", "MethodInvocation", "callable", "call", "StatementExpression", "MethodInvocation", "callable", "afterCall", "ReturnStatement", "MemberReference", "result", "CatchClause", "CatchClauseParameter", "Throwable", "t", "StatementExpression", "MethodInvocation", "callable", "afterCall", "StatementExpression", "MethodInvocation", "callable", "MemberReference", "t", "shouldRetry", "StatementExpression", "Assignment", "MemberReference", "t", "MethodInvocation", "MemberReference", "t", "translateException", "=", "IfStatement", "BinaryOperation", "||", "BinaryOperation", "||", "BinaryOperation", "instanceof", "MemberReference", "t", "ReferenceType", "SocketTimeoutException", "BinaryOperation", "instanceof", "MemberReference", "t", "ReferenceType", "ConnectException", "BinaryOperation", "instanceof", "MemberReference", "t", "ReferenceType", "RetriesExhaustedException", "BlockStatement", "LocalVariableDeclaration", "ReferenceType", "HRegionLocation", "VariableDeclarator", "hrl", "MemberReference", "callable", "location", "IfStatement", "BinaryOperation", "!=", "MemberReference", "hrl", "Literal", "null", "BlockStatement", "StatementExpression", "MethodInvocation", "MethodInvocation", "hrl", "MethodInvocation", "toString", "getServerAddress", "clearCachedLocationForServer", "LocalVariableDeclaration", "ReferenceType", "RetriesExhaustedException", "ReferenceType", "ThrowableWithExtraContext", "VariableDeclarator", "qt", "ClassCreator", "ReferenceType", "RetriesExhaustedException", "ReferenceType", "ThrowableWithExtraContext", "MemberReference", "t", "MethodInvocation", "System", "currentTimeMillis", "MethodInvocation", "callable", "toString", "StatementExpression", "MethodInvocation", "exceptions", "MemberReference", "qt", "add", "IfStatement", "BinaryOperation", "==", "MemberReference", "tries", "BinaryOperation", "-", "MemberReference", "numRetries", "Literal", "1", "BlockStatement", "ThrowStatement", "ClassCreator", "ReferenceType", "RetriesExhaustedException", "MemberReference", "tries", "MemberReference", "exceptions", "TryStatement", "StatementExpression", "MethodInvocation", "Thread", "MethodInvocation", "MemberReference", "tries", "getPauseTime", "sleep", "CatchClause", "CatchClauseParameter", "InterruptedException", "e", "StatementExpression", "MethodInvocation", "Thread", "MethodInvocation", "interrupt", "currentThread", "ThrowStatement", "ClassCreator", "ReferenceType", "IOException", "BinaryOperation", "+", "Literal", "\"Giving up after tries=\"", "MemberReference", "tries", "MemberReference", "e", "ReturnStatement", "Literal", "null"], "nodes": {"0": "MethodDeclaration", "1": "Modifier", "2": "public", "3": "TypeParameter", "4": "T", "5": "ReferenceType", "6": "T", "7": "getRegionServerWithRetries", "8": "FormalParameter", "9": "ReferenceType", "10": "ServerCallable", "11": "TypeArgument", "12": "ReferenceType", "13": "T", "14": "callable", "15": "IOException", "16": "RuntimeException", "17": "LocalVariableDeclaration", "18": "ReferenceType", "19": "List", "20": "TypeArgument", "21": "ReferenceType", "22": "RetriesExhaustedException", "23": "ReferenceType", "24": "ThrowableWithExtraContext", "25": "VariableDeclarator", "26": "exceptions", "27": "ClassCreator", "28": "ReferenceType", "29": "ArrayList", "30": "TypeArgument", "31": "ReferenceType", "32": "RetriesExhaustedException", "33": "ReferenceType", "34": "ThrowableWithExtraContext", "35": "ForStatement", "36": "ForControl", "37": "VariableDeclaration", "38": "BasicType", "39": "int", "40": "VariableDeclarator", "41": "tries", "42": "Literal", "43": "0", "44": "BinaryOperation", "45": "<", "46": "MemberReference", "47": "tries", "48": "MemberReference", "49": "numRetries", "50": "MemberReference", "51": "++", "52": "tries", "53": "BlockStatement", "54": "TryStatement", "55": "StatementExpression", "56": "MethodInvocation", "57": "callable", "58": "beforeCall", "59": "StatementExpression", "60": "MethodInvocation", "61": "callable", "62": "BinaryOperation", "63": "!=", "64": "MemberReference", "65": "tries", "66": "Literal", "67": "0", "68": "connect", "69": "LocalVariableDeclaration", "70": "ReferenceType", "71": "T", "72": "VariableDeclarator", "73": "result", "74": "MethodInvocation", "75": "callable", "76": "call", "77": "StatementExpression", "78": "MethodInvocation", "79": "callable", "80": "afterCall", "81": "ReturnStatement", "82": "MemberReference", "83": "result", "84": "CatchClause", "85": "CatchClauseParameter", "86": "Throwable", "87": "t", "88": "StatementExpression", "89": "MethodInvocation", "90": "callable", "91": "afterCall", "92": "StatementExpression", "93": "MethodInvocation", "94": "callable", "95": "MemberReference", "96": "t", "97": "shouldRetry", "98": "StatementExpression", "99": "Assignment", "100": "MemberReference", "101": "t", "102": "MethodInvocation", "103": "MemberReference", "104": "t", "105": "translateException", "106": "=", "107": "IfStatement", "108": "BinaryOperation", "109": "||", "110": "BinaryOperation", "111": "||", "112": "BinaryOperation", "113": "instanceof", "114": "MemberReference", "115": "t", "116": "ReferenceType", "117": "SocketTimeoutException", "118": "BinaryOperation", "119": "instanceof", "120": "MemberReference", "121": "t", "122": "ReferenceType", "123": "ConnectException", "124": "BinaryOperation", "125": "instanceof", "126": "MemberReference", "127": "t", "128": "ReferenceType", "129": "RetriesExhaustedException", "130": "BlockStatement", "131": "LocalVariableDeclaration", "132": "ReferenceType", "133": "HRegionLocation", "134": "VariableDeclarator", "135": "hrl", "136": "MemberReference", "137": "callable", "138": "location", "139": "IfStatement", "140": "BinaryOperation", "141": "!=", "142": "MemberReference", "143": "hrl", "144": "Literal", "145": "null", "146": "BlockStatement", "147": "StatementExpression", "148": "MethodInvocation", "149": "MethodInvocation", "150": "hrl", "151": "MethodInvocation", "152": "toString", "153": "getServerAddress", "154": "clearCachedLocationForServer", "155": "LocalVariableDeclaration", "156": "ReferenceType", "157": "RetriesExhaustedException", "158": "ReferenceType", "159": "ThrowableWithExtraContext", "160": "VariableDeclarator", "161": "qt", "162": "ClassCreator", "163": "ReferenceType", "164": "RetriesExhaustedException", "165": "ReferenceType", "166": "ThrowableWithExtraContext", "167": "MemberReference", "168": "t", "169": "MethodInvocation", "170": "System", "171": "currentTimeMillis", "172": "MethodInvocation", "173": "callable", "174": "toString", "175": "StatementExpression", "176": "MethodInvocation", "177": "exceptions", "178": "MemberReference", "179": "qt", "180": "add", "181": "IfStatement", "182": "BinaryOperation", "183": "==", "184": "MemberReference", "185": "tries", "186": "BinaryOperation", "187": "-", "188": "MemberReference", "189": "numRetries", "190": "Literal", "191": "1", "192": "BlockStatement", "193": "ThrowStatement", "194": "ClassCreator", "195": "ReferenceType", "196": "RetriesExhaustedException", "197": "MemberReference", "198": "tries", "199": "MemberReference", "200": "exceptions", "201": "TryStatement", "202": "StatementExpression", "203": "MethodInvocation", "204": "Thread", "205": "MethodInvocation", "206": "MemberReference", "207": "tries", "208": "getPauseTime", "209": "sleep", "210": "CatchClause", "211": "CatchClauseParameter", "212": "InterruptedException", "213": "e", "214": "StatementExpression", "215": "MethodInvocation", "216": "Thread", "217": "MethodInvocation", "218": "interrupt", "219": "currentThread", "220": "ThrowStatement", "221": "ClassCreator", "222": "ReferenceType", "223": "IOException", "224": "BinaryOperation", "225": "+", "226": "Literal", "227": "\"Giving up after tries=\"", "228": "MemberReference", "229": "tries", "230": "MemberReference", "231": "e", "232": "ReturnStatement", "233": "Literal", "234": "null"}, "edges": {"0->1": 0, "1->0": 0, "1->2": 0, "2->1": 0, "0->3": 0, "3->0": 0, "3->4": 0, "4->3": 0, "0->5": 0, "5->0": 0, "5->6": 0, "6->5": 0, "0->7": 0, "7->0": 0, "0->8": 0, "8->0": 0, "8->9": 0, "9->8": 0, "9->10": 0, "10->9": 0, "9->11": 0, "11->9": 0, "11->12": 0, "12->11": 0, "12->13": 0, "13->12": 0, "8->14": 0, "14->8": 0, "0->15": 0, "15->0": 0, "0->16": 0, "16->0": 0, "0->17": 0, "17->0": 0, "17->18": 0, "18->17": 0, "18->19": 0, "19->18": 0, "18->20": 0, "20->18": 0, "20->21": 0, "21->20": 0, "21->22": 0, "22->21": 0, "21->23": 0, "23->21": 0, "23->24": 0, "24->23": 0, "17->25": 0, "25->17": 0, "25->26": 0, "26->25": 0, "25->27": 0, "27->25": 0, "27->28": 0, "28->27": 0, "28->29": 0, "29->28": 0, "28->30": 0, "30->28": 0, "30->31": 0, "31->30": 0, "31->32": 0, "32->31": 0, "31->33": 0, "33->31": 0, "33->34": 0, "34->33": 0, "0->35": 0, "35->0": 0, "35->36": 0, "36->35": 0, "36->37": 0, "37->36": 0, "37->38": 0, "38->37": 0, "38->39": 0, "39->38": 0, "37->40": 0, "40->37": 0, "40->41": 0, "41->40": 0, "40->42": 0, "42->40": 0, "42->43": 0, "43->42": 0, "36->44": 0, "44->36": 0, "44->45": 0, "45->44": 0, "44->46": 0, "46->44": 0, "46->47": 0, "47->46": 0, "44->48": 0, "48->44": 0, "48->49": 0, "49->48": 0, "36->50": 0, "50->36": 0, "50->51": 0, "51->50": 0, "50->52": 0, "52->50": 0, "35->53": 0, "53->35": 0, "53->54": 0, "54->53": 0, "54->55": 0, "55->54": 0, "55->56": 0, "56->55": 0, "56->57": 0, "57->56": 0, "56->58": 0, "58->56": 0, "54->59": 0, "59->54": 0, "59->60": 0, "60->59": 0, "60->61": 0, "61->60": 0, "60->62": 0, "62->60": 0, "62->63": 0, "63->62": 0, "62->64": 0, "64->62": 0, "64->65": 0, "65->64": 0, "62->66": 0, "66->62": 0, "66->67": 0, "67->66": 0, "60->68": 0, "68->60": 0, "54->69": 0, "69->54": 0, "69->70": 0, "70->69": 0, "70->71": 0, "71->70": 0, "69->72": 0, "72->69": 0, "72->73": 0, "73->72": 0, "72->74": 0, "74->72": 0, "74->75": 0, "75->74": 0, "74->76": 0, "76->74": 0, "54->77": 0, "77->54": 0, "77->78": 0, "78->77": 0, "78->79": 0, "79->78": 0, "78->80": 0, "80->78": 0, "54->81": 0, "81->54": 0, "81->82": 0, "82->81": 0, "82->83": 0, "83->82": 0, "54->84": 0, "84->54": 0, "84->85": 0, "85->84": 0, "85->86": 0, "86->85": 0, "85->87": 0, "87->85": 0, "84->88": 0, "88->84": 0, "88->89": 0, "89->88": 0, "89->90": 0, "90->89": 0, "89->91": 0, "91->89": 0, "84->92": 0, "92->84": 0, "92->93": 0, "93->92": 0, "93->94": 0, "94->93": 0, "93->95": 0, "95->93": 0, "95->96": 0, "96->95": 0, "93->97": 0, "97->93": 0, "84->98": 0, "98->84": 0, "98->99": 0, "99->98": 0, "99->100": 0, "100->99": 0, "100->101": 0, "101->100": 0, "99->102": 0, "102->99": 0, "102->103": 0, "103->102": 0, "103->104": 0, "104->103": 0, "102->105": 0, "105->102": 0, "99->106": 0, "106->99": 0, "84->107": 0, "107->84": 0, "107->108": 0, "108->107": 0, "108->109": 0, "109->108": 0, "108->110": 0, "110->108": 0, "110->111": 0, "111->110": 0, "110->112": 0, "112->110": 0, "112->113": 0, "113->112": 0, "112->114": 0, "114->112": 0, "114->115": 0, "115->114": 0, "112->116": 0, "116->112": 0, "116->117": 0, "117->116": 0, "110->118": 0, "118->110": 0, "118->119": 0, "119->118": 0, "118->120": 0, "120->118": 0, "120->121": 0, "121->120": 0, "118->122": 0, "122->118": 0, "122->123": 0, "123->122": 0, "108->124": 0, "124->108": 0, "124->125": 0, "125->124": 0, "124->126": 0, "126->124": 0, "126->127": 0, "127->126": 0, "124->128": 0, "128->124": 0, "128->129": 0, "129->128": 0, "107->130": 0, "130->107": 0, "130->131": 0, "131->130": 0, "131->132": 0, "132->131": 0, "132->133": 0, "133->132": 0, "131->134": 0, "134->131": 0, "134->135": 0, "135->134": 0, "134->136": 0, "136->134": 0, "136->137": 0, "137->136": 0, "136->138": 0, "138->136": 0, "130->139": 0, "139->130": 0, "139->140": 0, "140->139": 0, "140->141": 0, "141->140": 0, "140->142": 0, "142->140": 0, "142->143": 0, "143->142": 0, "140->144": 0, "144->140": 0, "144->145": 0, "145->144": 0, "139->146": 0, "146->139": 0, "146->147": 0, "147->146": 0, "147->148": 0, "148->147": 0, "148->149": 0, "149->148": 0, "149->150": 0, "150->149": 0, "149->151": 0, "151->149": 0, "151->152": 0, "152->151": 0, "149->153": 0, "153->149": 0, "148->154": 0, "154->148": 0, "84->155": 0, "155->84": 0, "155->156": 0, "156->155": 0, "156->157": 0, "157->156": 0, "156->158": 0, "158->156": 0, "158->159": 0, "159->158": 0, "155->160": 0, "160->155": 0, "160->161": 0, "161->160": 0, "160->162": 0, "162->160": 0, "162->163": 0, "163->162": 0, "163->164": 0, "164->163": 0, "163->165": 0, "165->163": 0, "165->166": 0, "166->165": 0, "162->167": 0, "167->162": 0, "167->168": 0, "168->167": 0, "162->169": 0, "169->162": 0, "169->170": 0, "170->169": 0, "169->171": 0, "171->169": 0, "162->172": 0, "172->162": 0, "172->173": 0, "173->172": 0, "172->174": 0, "174->172": 0, "84->175": 0, "175->84": 0, "175->176": 0, "176->175": 0, "176->177": 0, "177->176": 0, "176->178": 0, "178->176": 0, "178->179": 0, "179->178": 0, "176->180": 0, "180->176": 0, "84->181": 0, "181->84": 0, "181->182": 0, "182->181": 0, "182->183": 0, "183->182": 0, "182->184": 0, "184->182": 0, "184->185": 0, "185->184": 0, "182->186": 0, "186->182": 0, "186->187": 0, "187->186": 0, "186->188": 0, "188->186": 0, "188->189": 0, "189->188": 0, "186->190": 0, "190->186": 0, "190->191": 0, "191->190": 0, "181->192": 0, "192->181": 0, "192->193": 0, "193->192": 0, "193->194": 0, "194->193": 0, "194->195": 0, "195->194": 0, "195->196": 0, "196->195": 0, "194->197": 0, "197->194": 0, "197->198": 0, "198->197": 0, "194->199": 0, "199->194": 0, "199->200": 0, "200->199": 0, "53->201": 0, "201->53": 0, "201->202": 0, "202->201": 0, "202->203": 0, "203->202": 0, "203->204": 0, "204->203": 0, "203->205": 0, "205->203": 0, "205->206": 0, "206->205": 0, "206->207": 0, "207->206": 0, "205->208": 0, "208->205": 0, "203->209": 0, "209->203": 0, "201->210": 0, "210->201": 0, "210->211": 0, "211->210": 0, "211->212": 0, "212->211": 0, "211->213": 0, "213->211": 0, "210->214": 0, "214->210": 0, "214->215": 0, "215->214": 0, "215->216": 0, "216->215": 0, "215->217": 0, "217->215": 0, "217->218": 0, "218->217": 0, "215->219": 0, "219->215": 0, "210->220": 0, "220->210": 0, "220->221": 0, "221->220": 0, "221->222": 0, "222->221": 0, "222->223": 0, "223->222": 0, "221->224": 0, "224->221": 0, "224->225": 0, "225->224": 0, "224->226": 0, "226->224": 0, "226->227": 0, "227->226": 0, "224->228": 0, "228->224": 0, "228->229": 0, "229->228": 0, "221->230": 0, "230->221": 0, "230->231": 0, "231->230": 0, "0->232": 0, "232->0": 0, "232->233": 0, "233->232": 0, "233->234": 0, "234->233": 0, "1->3": 1, "3->1": 12, "3->5": 1, "5->3": 12, "5->7": 1, "7->5": 12, "7->8": 1, "8->7": 12, "8->15": 1, "15->8": 12, "15->16": 2, "16->15": 3, "16->17": 1, "17->16": 12, "17->35": 1, "35->17": 12, "35->232": 1, "232->35": 12, "9->14": 1, "14->9": 12, "10->11": 1, "11->10": 12, "18->25": 1, "25->18": 12, "19->20": 1, "20->19": 12, "22->23": 1, "23->22": 12, "26->27": 1, "27->26": 12, "29->30": 1, "30->29": 12, "32->33": 1, "33->32": 12, "36->53": 9, "53->36": 9, "37->44": 1, "44->37": 12, "44->50": 1, "50->44": 12, "38->40": 1, "40->38": 12, "41->42": 1, "42->41": 12, "45->46": 1, "46->45": 12, "46->48": 1, "48->46": 12, "51->52": 2, "52->51": 3, "54->201": 10, "201->54": 11, "55->59": 1, "59->55": 12, "59->69": 1, "69->59": 12, "69->77": 1, "77->69": 12, "77->81": 1, "81->77": 12, "81->84": 1, "84->81": 12, "57->58": 2, "58->57": 3, "61->62": 1, "62->61": 12, "62->68": 1, "68->62": 12, "63->64": 1, "64->63": 12, "64->66": 1, "66->64": 12, "70->72": 1, "72->70": 12, "73->74": 1, "74->73": 12, "75->76": 2, "76->75": 3, "79->80": 2, "80->79": 3, "85->88": 1, "88->85": 12, "88->92": 1, "92->88": 12, "92->98": 1, "98->92": 12, "98->107": 1, "107->98": 12, "107->155": 1, "155->107": 12, "155->175": 1, "175->155": 12, "175->181": 1, "181->175": 12, "86->87": 2, "87->86": 3, "90->91": 2, "91->90": 3, "94->95": 1, "95->94": 12, "95->97": 1, "97->95": 12, "100->102": 1, "102->100": 12, "102->106": 1, "106->102": 12, "103->105": 1, "105->103": 12, "108->130": 6, "130->108": 6, "109->110": 1, "110->109": 12, "110->124": 1, "124->110": 12, "111->112": 1, "112->111": 12, "112->118": 1, "118->112": 12, "113->114": 1, "114->113": 12, "114->116": 1, "116->114": 12, "119->120": 1, "120->119": 12, "120->122": 1, "122->120": 12, "125->126": 1, "126->125": 12, "126->128": 1, "128->126": 12, "131->139": 10, "139->131": 11, "132->134": 1, "134->132": 12, "135->136": 1, "136->135": 12, "137->138": 2, "138->137": 3, "140->146": 6, "146->140": 6, "141->142": 1, "142->141": 12, "142->144": 1, "144->142": 12, "149->154": 1, "154->149": 12, "150->151": 1, "151->150": 12, "151->153": 1, "153->151": 12, "156->160": 1, "160->156": 12, "157->158": 1, "158->157": 12, "161->162": 1, "162->161": 12, "163->167": 1, "167->163": 12, "167->169": 1, "169->167": 12, "169->172": 1, "172->169": 12, "164->165": 1, "165->164": 12, "170->171": 2, "171->170": 3, "173->174": 2, "174->173": 3, "177->178": 1, "178->177": 12, "178->180": 1, "180->178": 12, "182->192": 6, "192->182": 6, "183->184": 1, "184->183": 12, "184->186": 1, "186->184": 12, "187->188": 1, "188->187": 12, "188->190": 1, "190->188": 12, "195->197": 1, "197->195": 12, "197->199": 1, "199->197": 12, "202->210": 1, "210->202": 12, "204->205": 1, "205->204": 12, "205->209": 1, "209->205": 12, "206->208": 1, "208->206": 12, "211->214": 1, "214->211": 12, "214->220": 1, "220->214": 12, "212->213": 2, "213->212": 3, "216->217": 1, "217->216": 12, "217->219": 1, "219->217": 12, "222->224": 1, "224->222": 12, "224->230": 1, "230->224": 12, "225->226": 1, "226->225": 12, "226->228": 1, "228->226": 12, "2->4": 2, "4->2": 3, "4->6": 2, "6->4": 3, "6->7": 2, "7->6": 3, "7->10": 2, "10->7": 3, "10->13": 2, "13->10": 3, "13->14": 2, "14->13": 3, "14->15": 2, "15->14": 3, "16->19": 2, "19->16": 3, "19->22": 2, "22->19": 3, "22->24": 2, "24->22": 3, "24->26": 2, "26->24": 3, "26->29": 2, "29->26": 3, "29->32": 2, "32->29": 3, "32->34": 2, "34->32": 3, "34->39": 2, "39->34": 3, "39->41": 2, "41->39": 3, "41->43": 2, "43->41": 3, "43->45": 2, "45->43": 3, "45->47": 2, "47->45": 3, "47->49": 2, "49->47": 3, "49->51": 2, "51->49": 3, "52->57": 2, "57->52": 3, "58->61": 2, "61->58": 3, "61->63": 2, "63->61": 3, "63->65": 2, "65->63": 3, "65->67": 2, "67->65": 3, "67->68": 2, "68->67": 3, "68->71": 2, "71->68": 3, "71->73": 2, "73->71": 3, "73->75": 2, "75->73": 3, "76->79": 2, "79->76": 3, "80->83": 2, "83->80": 3, "83->86": 2, "86->83": 3, "87->90": 2, "90->87": 3, "91->94": 2, "94->91": 3, "94->96": 2, "96->94": 3, "96->97": 2, "97->96": 3, "97->101": 2, "101->97": 3, "101->104": 4, "104->101": 5, "104->105": 2, "105->104": 3, "105->106": 2, "106->105": 3, "106->109": 2, "109->106": 3, "109->111": 2, "111->109": 3, "111->113": 2, "113->111": 3, "113->115": 2, "115->113": 3, "115->117": 2, "117->115": 3, "117->119": 2, "119->117": 3, "119->121": 2, "121->119": 3, "121->123": 2, "123->121": 3, "123->125": 2, "125->123": 3, "125->127": 2, "127->125": 3, "127->129": 2, "129->127": 3, "129->133": 2, "133->129": 3, "133->135": 2, "135->133": 3, "135->137": 2, "137->135": 3, "138->141": 2, "141->138": 3, "141->143": 2, "143->141": 3, "143->145": 2, "145->143": 3, "145->150": 2, "150->145": 3, "150->152": 2, "152->150": 3, "152->153": 2, "153->152": 3, "153->154": 2, "154->153": 3, "154->157": 2, "157->154": 3, "157->159": 2, "159->157": 3, "159->161": 2, "161->159": 3, "161->164": 2, "164->161": 3, "164->166": 2, "166->164": 3, "166->168": 2, "168->166": 3, "168->170": 2, "170->168": 3, "171->173": 2, "173->171": 3, "174->177": 2, "177->174": 3, "177->179": 2, "179->177": 3, "179->180": 2, "180->179": 3, "180->183": 2, "183->180": 3, "183->185": 2, "185->183": 3, "185->187": 2, "187->185": 3, "187->189": 2, "189->187": 3, "189->191": 2, "191->189": 3, "191->196": 2, "196->191": 3, "196->198": 2, "198->196": 3, "198->200": 2, "200->198": 3, "200->204": 2, "204->200": 3, "204->207": 2, "207->204": 3, "207->208": 2, "208->207": 3, "208->209": 2, "209->208": 3, "209->212": 2, "212->209": 3, "213->216": 2, "216->213": 3, "216->218": 2, "218->216": 3, "218->219": 2, "219->218": 3, "219->223": 2, "223->219": 3, "223->225": 2, "225->223": 3, "225->227": 2, "227->225": 3, "227->229": 2, "229->227": 3, "229->231": 2, "231->229": 3, "231->234": 2, "234->231": 3, "47->52": 4, "52->47": 5, "52->65": 4, "65->52": 5, "65->185": 4, "185->65": 5, "185->198": 4, "198->185": 5, "198->207": 4, "207->198": 5, "207->229": 4, "229->207": 5, "49->189": 4, "189->49": 5, "96->101": 4, "101->96": 5, "104->115": 4, "115->104": 5, "115->121": 4, "121->115": 5, "121->127": 4, "127->121": 5, "127->168": 4, "168->127": 5}, "metrics": [36.0, 5.0, 1.0]}