{"nodelist": ["MethodDeclaration", "{'private'}", "private", "runNIsOne", "FormalParameter", "{'final'}", "final", "ReferenceType", "Class", "TypeArgument", "ReferenceType", "Test", "extends", "cmd", "IOException", "LocalVariableDeclaration", "ReferenceType", "Status", "VariableDeclarator", "status", "ClassCreator", "ReferenceType", "Status", "MethodDeclaration", "{'public'}", "public", "setStatus", "FormalParameter", "ReferenceType", "String", "msg", "IOException", "StatementExpression", "MethodInvocation", "LOG", "MemberReference", "msg", "info", "LocalVariableDeclaration", "ReferenceType", "HBaseAdmin", "VariableDeclarator", "admin", "Literal", "null", "TryStatement", "StatementExpression", "Assignment", "MemberReference", "admin", "ClassCreator", "ReferenceType", "HBaseAdmin", "MethodInvocation", "getConf", "=", "StatementExpression", "MethodInvocation", "MemberReference", "admin", "checkTable", "StatementExpression", "MethodInvocation", "MemberReference", "cmd", "Literal", "0", "This", "MemberReference", "R", "This", "MemberReference", "R", "This", "MemberReference", "sampleRate", "This", "MemberReference", "flushCommits", "This", "MemberReference", "writeToWAL", "This", "MemberReference", "reportLatency", "This", "MemberReference", "filterAll", "MemberReference", "status", "runOneClient", "CatchClause", "CatchClauseParameter", "Exception", "e", "StatementExpression", "MethodInvocation", "LOG", "Literal", "\"Failed\"", "MemberReference", "e", "error", "IfStatement", "BinaryOperation", "!=", "MemberReference", "admin", "Literal", "null", "StatementExpression", "MethodInvocation", "admin", "close"], "nodes": {"0": "MethodDeclaration", "1": "Modifier", "2": "private", "3": "runNIsOne", "4": "FormalParameter", "5": "Modifier", "6": "final", "7": "ReferenceType", "8": "Class", "9": "TypeArgument", "10": "ReferenceType", "11": "Test", "12": "extends", "13": "cmd", "14": "IOException", "15": "LocalVariableDeclaration", "16": "ReferenceType", "17": "Status", "18": "VariableDeclarator", "19": "status", "20": "ClassCreator", "21": "ReferenceType", "22": "Status", "23": "MethodDeclaration", "24": "Modifier", "25": "public", "26": "setStatus", "27": "FormalParameter", "28": "ReferenceType", "29": "String", "30": "msg", "31": "IOException", "32": "StatementExpression", "33": "MethodInvocation", "34": "LOG", "35": "MemberReference", "36": "msg", "37": "info", "38": "LocalVariableDeclaration", "39": "ReferenceType", "40": "HBaseAdmin", "41": "VariableDeclarator", "42": "admin", "43": "Literal", "44": "null", "45": "TryStatement", "46": "StatementExpression", "47": "Assignment", "48": "MemberReference", "49": "admin", "50": "ClassCreator", "51": "ReferenceType", "52": "HBaseAdmin", "53": "MethodInvocation", "54": "getConf", "55": "=", "56": "StatementExpression", "57": "MethodInvocation", "58": "MemberReference", "59": "admin", "60": "checkTable", "61": "StatementExpression", "62": "MethodInvocation", "63": "MemberReference", "64": "cmd", "65": "Literal", "66": "0", "67": "This", "68": "MemberReference", "69": "R", "70": "This", "71": "MemberReference", "72": "R", "73": "This", "74": "MemberReference", "75": "sampleRate", "76": "This", "77": "MemberReference", "78": "flushCommits", "79": "This", "80": "MemberReference", "81": "writeToWAL", "82": "This", "83": "MemberReference", "84": "reportLatency", "85": "This", "86": "MemberReference", "87": "filterAll", "88": "MemberReference", "89": "status", "90": "runOneClient", "91": "CatchClause", "92": "CatchClauseParameter", "93": "Exception", "94": "e", "95": "StatementExpression", "96": "MethodInvocation", "97": "LOG", "98": "Literal", "99": "\"Failed\"", "100": "MemberReference", "101": "e", "102": "error", "103": "IfStatement", "104": "BinaryOperation", "105": "!=", "106": "MemberReference", "107": "admin", "108": "Literal", "109": "null", "110": "StatementExpression", "111": "MethodInvocation", "112": "admin", "113": "close"}, "edges": {"0->1": 0, "1->0": 0, "1->2": 0, "2->1": 0, "0->3": 0, "3->0": 0, "0->4": 0, "4->0": 0, "4->5": 0, "5->4": 0, "5->6": 0, "6->5": 0, "4->7": 0, "7->4": 0, "7->8": 0, "8->7": 0, "7->9": 0, "9->7": 0, "9->10": 0, "10->9": 0, "10->11": 0, "11->10": 0, "9->12": 0, "12->9": 0, "4->13": 0, "13->4": 0, "0->14": 0, "14->0": 0, "0->15": 0, "15->0": 0, "15->16": 0, "16->15": 0, "16->17": 0, "17->16": 0, "15->18": 0, "18->15": 0, "18->19": 0, "19->18": 0, "18->20": 0, "20->18": 0, "20->21": 0, "21->20": 0, "21->22": 0, "22->21": 0, "20->23": 0, "23->20": 0, "23->24": 0, "24->23": 0, "24->25": 0, "25->24": 0, "23->26": 0, "26->23": 0, "23->27": 0, "27->23": 0, "27->28": 0, "28->27": 0, "28->29": 0, "29->28": 0, "27->30": 0, "30->27": 0, "23->31": 0, "31->23": 0, "23->32": 0, "32->23": 0, "32->33": 0, "33->32": 0, "33->34": 0, "34->33": 0, "33->35": 0, "35->33": 0, "35->36": 0, "36->35": 0, "33->37": 0, "37->33": 0, "0->38": 0, "38->0": 0, "38->39": 0, "39->38": 0, "39->40": 0, "40->39": 0, "38->41": 0, "41->38": 0, "41->42": 0, "42->41": 0, "41->43": 0, "43->41": 0, "43->44": 0, "44->43": 0, "0->45": 0, "45->0": 0, "45->46": 0, "46->45": 0, "46->47": 0, "47->46": 0, "47->48": 0, "48->47": 0, "48->49": 0, "49->48": 0, "47->50": 0, "50->47": 0, "50->51": 0, "51->50": 0, "51->52": 0, "52->51": 0, "50->53": 0, "53->50": 0, "53->54": 0, "54->53": 0, "47->55": 0, "55->47": 0, "45->56": 0, "56->45": 0, "56->57": 0, "57->56": 0, "57->58": 0, "58->57": 0, "58->59": 0, "59->58": 0, "57->60": 0, "60->57": 0, "45->61": 0, "61->45": 0, "61->62": 0, "62->61": 0, "62->63": 0, "63->62": 0, "63->64": 0, "64->63": 0, "62->65": 0, "65->62": 0, "65->66": 0, "66->65": 0, "62->67": 0, "67->62": 0, "67->68": 0, "68->67": 0, "68->69": 0, "69->68": 0, "62->70": 0, "70->62": 0, "70->71": 0, "71->70": 0, "71->72": 0, "72->71": 0, "62->73": 0, "73->62": 0, "73->74": 0, "74->73": 0, "74->75": 0, "75->74": 0, "62->76": 0, "76->62": 0, "76->77": 0, "77->76": 0, "77->78": 0, "78->77": 0, "62->79": 0, "79->62": 0, "79->80": 0, "80->79": 0, "80->81": 0, "81->80": 0, "62->82": 0, "82->62": 0, "82->83": 0, "83->82": 0, "83->84": 0, "84->83": 0, "62->85": 0, "85->62": 0, "85->86": 0, "86->85": 0, "86->87": 0, "87->86": 0, "62->88": 0, "88->62": 0, "88->89": 0, "89->88": 0, "62->90": 0, "90->62": 0, "45->91": 0, "91->45": 0, "91->92": 0, "92->91": 0, "92->93": 0, "93->92": 0, "92->94": 0, "94->92": 0, "91->95": 0, "95->91": 0, "95->96": 0, "96->95": 0, "96->97": 0, "97->96": 0, "96->98": 0, "98->96": 0, "98->99": 0, "99->98": 0, "96->100": 0, "100->96": 0, "100->101": 0, "101->100": 0, "96->102": 0, "102->96": 0, "45->103": 0, "103->45": 0, "103->104": 0, "104->103": 0, "104->105": 0, "105->104": 0, "104->106": 0, "106->104": 0, "106->107": 0, "107->106": 0, "104->108": 0, "108->104": 0, "108->109": 0, "109->108": 0, "103->110": 0, "110->103": 0, "110->111": 0, "111->110": 0, "111->112": 0, "112->111": 0, "111->113": 0, "113->111": 0, "1->3": 1, "3->1": 12, "3->4": 1, "4->3": 12, "4->14": 1, "14->4": 12, "14->15": 1, "15->14": 12, "15->38": 1, "38->15": 12, "38->45": 1, "45->38": 12, "5->7": 1, "7->5": 12, "7->13": 1, "13->7": 12, "8->9": 1, "9->8": 12, "10->12": 1, "12->10": 12, "16->18": 1, "18->16": 12, "19->20": 1, "20->19": 12, "21->23": 1, "23->21": 12, "24->26": 1, "26->24": 12, "26->27": 1, "27->26": 12, "27->31": 1, "31->27": 12, "31->32": 1, "32->31": 12, "28->30": 1, "30->28": 12, "34->35": 1, "35->34": 12, "35->37": 1, "37->35": 12, "39->41": 1, "41->39": 12, "42->43": 1, "43->42": 12, "46->56": 1, "56->46": 12, "56->61": 1, "61->56": 12, "61->91": 1, "91->61": 12, "91->103": 1, "103->91": 12, "48->50": 1, "50->48": 12, "50->55": 1, "55->50": 12, "51->53": 1, "53->51": 12, "58->60": 1, "60->58": 12, "63->65": 1, "65->63": 12, "65->67": 1, "67->65": 12, "67->70": 1, "70->67": 12, "70->73": 1, "73->70": 12, "73->76": 1, "76->73": 12, "76->79": 1, "79->76": 12, "79->82": 1, "82->79": 12, "82->85": 1, "85->82": 12, "85->88": 1, "88->85": 12, "88->90": 1, "90->88": 12, "92->95": 1, "95->92": 12, "93->94": 2, "94->93": 3, "97->98": 1, "98->97": 12, "98->100": 1, "100->98": 12, "100->102": 1, "102->100": 12, "104->110": 6, "110->104": 6, "105->106": 1, "106->105": 12, "106->108": 1, "108->106": 12, "112->113": 2, "113->112": 3, "2->3": 2, "3->2": 3, "3->6": 2, "6->3": 3, "6->8": 2, "8->6": 3, "8->11": 2, "11->8": 3, "11->12": 2, "12->11": 3, "12->13": 2, "13->12": 3, "13->14": 2, "14->13": 3, "14->17": 2, "17->14": 3, "17->19": 2, "19->17": 3, "19->22": 2, "22->19": 3, "22->25": 2, "25->22": 3, "25->26": 2, "26->25": 3, "26->29": 2, "29->26": 3, "29->30": 2, "30->29": 3, "30->31": 2, "31->30": 3, "31->34": 2, "34->31": 3, "34->36": 2, "36->34": 3, "36->37": 2, "37->36": 3, "37->40": 2, "40->37": 3, "40->42": 2, "42->40": 3, "42->44": 2, "44->42": 3, "44->49": 2, "49->44": 3, "49->52": 2, "52->49": 3, "52->54": 2, "54->52": 3, "54->55": 2, "55->54": 3, "55->59": 2, "59->55": 3, "59->60": 2, "60->59": 3, "60->64": 2, "64->60": 3, "64->66": 2, "66->64": 3, "66->69": 2, "69->66": 3, "69->72": 4, "72->69": 5, "72->75": 2, "75->72": 3, "75->78": 2, "78->75": 3, "78->81": 2, "81->78": 3, "81->84": 2, "84->81": 3, "84->87": 2, "87->84": 3, "87->89": 2, "89->87": 3, "89->90": 2, "90->89": 3, "90->93": 2, "93->90": 3, "94->97": 2, "97->94": 3, "97->99": 2, "99->97": 3, "99->101": 2, "101->99": 3, "101->102": 2, "102->101": 3, "102->105": 2, "105->102": 3, "105->107": 2, "107->105": 3, "107->109": 2, "109->107": 3, "109->112": 2, "112->109": 3, "49->59": 4, "59->49": 5, "59->107": 4, "107->59": 5}, "metrics": [20.0, 2.0, 1.0]}