{"nodelist": ["MethodDeclaration", "{'public'}", "public", "Annotation", "Override", "nodeDeleted", "FormalParameter", "{'final'}", "final", "ReferenceType", "String", "path", "IfStatement", "MethodInvocation", "path", "This", "MemberReference", "watcher", "MemberReference", "assignmentZNode", "startsWith", "BlockStatement", "LocalVariableDeclaration", "ReferenceType", "String", "VariableDeclarator", "regionName", "MethodInvocation", "ZKAssign", "This", "MemberReference", "master", "MethodInvocation", "getZooKeeper", "MemberReference", "path", "getRegionName", "LocalVariableDeclaration", "ReferenceType", "RegionState", "VariableDeclarator", "rs", "This", "MemberReference", "regionsInTransition", "MethodInvocation", "MemberReference", "regionName", "get", "IfStatement", "BinaryOperation", "!=", "MemberReference", "rs", "Literal", "null", "BlockStatement", "LocalVariableDeclaration", "ReferenceType", "HRegionInfo", "VariableDeclarator", "regionInfo", "MethodInvocation", "rs", "getRegion", "IfStatement", "MethodInvocation", "rs", "isSplit", "BlockStatement", "StatementExpression", "MethodInvocation", "LOG", "BinaryOperation", "+", "BinaryOperation", "+", "Literal", "\"Ephemeral node deleted, regionserver crashed?, offlining the region\"", "MethodInvocation", "rs", "getRegion", "Literal", "\" clearing from RIT;\"", "debug", "StatementExpression", "MethodInvocation", "MethodInvocation", "rs", "getRegion", "regionOffline", "IfStatement", "MethodInvocation", "rs", "isSplitting", "BlockStatement", "StatementExpression", "MethodInvocation", "LOG", "BinaryOperation", "+", "BinaryOperation", "+", "Literal", "\"Ephemeral node deleted.  Found in SPLITTING state. \"", "Literal", "\"Removing from RIT \"", "MethodInvocation", "rs", "getRegion", "debug", "SynchronizedStatement", "This", "MemberReference", "regionsInTransition", "StatementExpression", "This", "MemberReference", "regionsInTransition", "MethodInvocation", "MemberReference", "regionName", "remove", "BlockStatement", "StatementExpression", "MethodInvocation", "LOG", "BinaryOperation", "+", "BinaryOperation", "+", "Literal", "\"The znode of region \"", "MethodInvocation", "regionInfo", "getRegionNameAsString", "Literal", "\" has been deleted.\"", "debug", "IfStatement", "MethodInvocation", "rs", "isOpened", "BlockStatement", "StatementExpression", "MethodInvocation", "MemberReference", "rs", "MemberReference", "regionInfo", "makeRegionOnline"], "nodes": {"0": "MethodDeclaration", "1": "Modifier", "2": "public", "3": "Annotation", "4": "Override", "5": "nodeDeleted", "6": "FormalParameter", "7": "Modifier", "8": "final", "9": "ReferenceType", "10": "String", "11": "path", "12": "IfStatement", "13": "MethodInvocation", "14": "path", "15": "This", "16": "MemberReference", "17": "watcher", "18": "MemberReference", "19": "assignmentZNode", "20": "startsWith", "21": "BlockStatement", "22": "LocalVariableDeclaration", "23": "ReferenceType", "24": "String", "25": "VariableDeclarator", "26": "regionName", "27": "MethodInvocation", "28": "ZKAssign", "29": "This", "30": "MemberReference", "31": "master", "32": "MethodInvocation", "33": "getZooKeeper", "34": "MemberReference", "35": "path", "36": "getRegionName", "37": "LocalVariableDeclaration", "38": "ReferenceType", "39": "RegionState", "40": "VariableDeclarator", "41": "rs", "42": "This", "43": "MemberReference", "44": "regionsInTransition", "45": "MethodInvocation", "46": "MemberReference", "47": "regionName", "48": "get", "49": "IfStatement", "50": "BinaryOperation", "51": "!=", "52": "MemberReference", "53": "rs", "54": "Literal", "55": "null", "56": "BlockStatement", "57": "LocalVariableDeclaration", "58": "ReferenceType", "59": "HRegionInfo", "60": "VariableDeclarator", "61": "regionInfo", "62": "MethodInvocation", "63": "rs", "64": "getRegion", "65": "IfStatement", "66": "MethodInvocation", "67": "rs", "68": "isSplit", "69": "BlockStatement", "70": "StatementExpression", "71": "MethodInvocation", "72": "LOG", "73": "BinaryOperation", "74": "+", "75": "BinaryOperation", "76": "+", "77": "Literal", "78": "\"Ephemeral node deleted, regionserver crashed?, offlining the region\"", "79": "MethodInvocation", "80": "rs", "81": "getRegion", "82": "Literal", "83": "\" clearing from RIT;\"", "84": "debug", "85": "StatementExpression", "86": "MethodInvocation", "87": "MethodInvocation", "88": "rs", "89": "getRegion", "90": "regionOffline", "91": "IfStatement", "92": "MethodInvocation", "93": "rs", "94": "isSplitting", "95": "BlockStatement", "96": "StatementExpression", "97": "MethodInvocation", "98": "LOG", "99": "BinaryOperation", "100": "+", "101": "BinaryOperation", "102": "+", "103": "Literal", "104": "\"Ephemeral node deleted.  Found in SPLITTING state. \"", "105": "Literal", "106": "\"Removing from RIT \"", "107": "MethodInvocation", "108": "rs", "109": "getRegion", "110": "debug", "111": "SynchronizedStatement", "112": "This", "113": "MemberReference", "114": "regionsInTransition", "115": "StatementExpression", "116": "This", "117": "MemberReference", "118": "regionsInTransition", "119": "MethodInvocation", "120": "MemberReference", "121": "regionName", "122": "remove", "123": "BlockStatement", "124": "StatementExpression", "125": "MethodInvocation", "126": "LOG", "127": "BinaryOperation", "128": "+", "129": "BinaryOperation", "130": "+", "131": "Literal", "132": "\"The znode of region \"", "133": "MethodInvocation", "134": "regionInfo", "135": "getRegionNameAsString", "136": "Literal", "137": "\" has been deleted.\"", "138": "debug", "139": "IfStatement", "140": "MethodInvocation", "141": "rs", "142": "isOpened", "143": "BlockStatement", "144": "StatementExpression", "145": "MethodInvocation", "146": "MemberReference", "147": "rs", "148": "MemberReference", "149": "regionInfo", "150": "makeRegionOnline"}, "edges": {"0->1": 0, "1->0": 0, "1->2": 0, "2->1": 0, "0->3": 0, "3->0": 0, "3->4": 0, "4->3": 0, "0->5": 0, "5->0": 0, "0->6": 0, "6->0": 0, "6->7": 0, "7->6": 0, "7->8": 0, "8->7": 0, "6->9": 0, "9->6": 0, "9->10": 0, "10->9": 0, "6->11": 0, "11->6": 0, "0->12": 0, "12->0": 0, "12->13": 0, "13->12": 0, "13->14": 0, "14->13": 0, "13->15": 0, "15->13": 0, "15->16": 0, "16->15": 0, "16->17": 0, "17->16": 0, "15->18": 0, "18->15": 0, "18->19": 0, "19->18": 0, "13->20": 0, "20->13": 0, "12->21": 0, "21->12": 0, "21->22": 0, "22->21": 0, "22->23": 0, "23->22": 0, "23->24": 0, "24->23": 0, "22->25": 0, "25->22": 0, "25->26": 0, "26->25": 0, "25->27": 0, "27->25": 0, "27->28": 0, "28->27": 0, "27->29": 0, "29->27": 0, "29->30": 0, "30->29": 0, "30->31": 0, "31->30": 0, "29->32": 0, "32->29": 0, "32->33": 0, "33->32": 0, "27->34": 0, "34->27": 0, "34->35": 0, "35->34": 0, "27->36": 0, "36->27": 0, "21->37": 0, "37->21": 0, "37->38": 0, "38->37": 0, "38->39": 0, "39->38": 0, "37->40": 0, "40->37": 0, "40->41": 0, "41->40": 0, "40->42": 0, "42->40": 0, "42->43": 0, "43->42": 0, "43->44": 0, "44->43": 0, "42->45": 0, "45->42": 0, "45->46": 0, "46->45": 0, "46->47": 0, "47->46": 0, "45->48": 0, "48->45": 0, "21->49": 0, "49->21": 0, "49->50": 0, "50->49": 0, "50->51": 0, "51->50": 0, "50->52": 0, "52->50": 0, "52->53": 0, "53->52": 0, "50->54": 0, "54->50": 0, "54->55": 0, "55->54": 0, "49->56": 0, "56->49": 0, "56->57": 0, "57->56": 0, "57->58": 0, "58->57": 0, "58->59": 0, "59->58": 0, "57->60": 0, "60->57": 0, "60->61": 0, "61->60": 0, "60->62": 0, "62->60": 0, "62->63": 0, "63->62": 0, "62->64": 0, "64->62": 0, "56->65": 0, "65->56": 0, "65->66": 0, "66->65": 0, "66->67": 0, "67->66": 0, "66->68": 0, "68->66": 0, "65->69": 0, "69->65": 0, "69->70": 0, "70->69": 0, "70->71": 0, "71->70": 0, "71->72": 0, "72->71": 0, "71->73": 0, "73->71": 0, "73->74": 0, "74->73": 0, "73->75": 0, "75->73": 0, "75->76": 0, "76->75": 0, "75->77": 0, "77->75": 0, "77->78": 0, "78->77": 0, "75->79": 0, "79->75": 0, "79->80": 0, "80->79": 0, "79->81": 0, "81->79": 0, "73->82": 0, "82->73": 0, "82->83": 0, "83->82": 0, "71->84": 0, "84->71": 0, "69->85": 0, "85->69": 0, "85->86": 0, "86->85": 0, "86->87": 0, "87->86": 0, "87->88": 0, "88->87": 0, "87->89": 0, "89->87": 0, "86->90": 0, "90->86": 0, "65->91": 0, "91->65": 0, "91->92": 0, "92->91": 0, "92->93": 0, "93->92": 0, "92->94": 0, "94->92": 0, "91->95": 0, "95->91": 0, "95->96": 0, "96->95": 0, "96->97": 0, "97->96": 0, "97->98": 0, "98->97": 0, "97->99": 0, "99->97": 0, "99->100": 0, "100->99": 0, "99->101": 0, "101->99": 0, "101->102": 0, "102->101": 0, "101->103": 0, "103->101": 0, "103->104": 0, "104->103": 0, "101->105": 0, "105->101": 0, "105->106": 0, "106->105": 0, "99->107": 0, "107->99": 0, "107->108": 0, "108->107": 0, "107->109": 0, "109->107": 0, "97->110": 0, "110->97": 0, "95->111": 0, "111->95": 0, "111->112": 0, "112->111": 0, "112->113": 0, "113->112": 0, "113->114": 0, "114->113": 0, "111->115": 0, "115->111": 0, "115->116": 0, "116->115": 0, "116->117": 0, "117->116": 0, "117->118": 0, "118->117": 0, "116->119": 0, "119->116": 0, "119->120": 0, "120->119": 0, "120->121": 0, "121->120": 0, "119->122": 0, "122->119": 0, "91->123": 0, "123->91": 0, "123->124": 0, "124->123": 0, "124->125": 0, "125->124": 0, "125->126": 0, "126->125": 0, "125->127": 0, "127->125": 0, "127->128": 0, "128->127": 0, "127->129": 0, "129->127": 0, "129->130": 0, "130->129": 0, "129->131": 0, "131->129": 0, "131->132": 0, "132->131": 0, "129->133": 0, "133->129": 0, "133->134": 0, "134->133": 0, "133->135": 0, "135->133": 0, "127->136": 0, "136->127": 0, "136->137": 0, "137->136": 0, "125->138": 0, "138->125": 0, "123->139": 0, "139->123": 0, "139->140": 0, "140->139": 0, "140->141": 0, "141->140": 0, "140->142": 0, "142->140": 0, "139->143": 0, "143->139": 0, "143->144": 0, "144->143": 0, "144->145": 0, "145->144": 0, "145->146": 0, "146->145": 0, "146->147": 0, "147->146": 0, "145->148": 0, "148->145": 0, "148->149": 0, "149->148": 0, "145->150": 0, "150->145": 0, "1->3": 1, "3->1": 12, "3->5": 1, "5->3": 12, "5->6": 1, "6->5": 12, "6->12": 1, "12->6": 12, "7->9": 1, "9->7": 12, "9->11": 1, "11->9": 12, "13->21": 6, "21->13": 6, "14->15": 1, "15->14": 12, "15->20": 1, "20->15": 12, "16->18": 1, "18->16": 12, "22->37": 10, "37->22": 11, "37->49": 10, "49->37": 11, "23->25": 1, "25->23": 12, "26->27": 1, "27->26": 12, "28->29": 1, "29->28": 12, "29->34": 1, "34->29": 12, "34->36": 1, "36->34": 12, "30->32": 1, "32->30": 12, "38->40": 1, "40->38": 12, "41->42": 1, "42->41": 12, "43->45": 1, "45->43": 12, "46->48": 1, "48->46": 12, "50->56": 6, "56->50": 6, "51->52": 1, "52->51": 12, "52->54": 1, "54->52": 12, "57->65": 10, "65->57": 11, "58->60": 1, "60->58": 12, "61->62": 1, "62->61": 12, "63->64": 2, "64->63": 3, "66->69": 6, "69->66": 6, "69->91": 1, "91->69": 12, "67->68": 2, "68->67": 3, "70->85": 10, "85->70": 11, "72->73": 1, "73->72": 12, "73->84": 1, "84->73": 12, "74->75": 1, "75->74": 12, "75->82": 1, "82->75": 12, "76->77": 1, "77->76": 12, "77->79": 1, "79->77": 12, "80->81": 2, "81->80": 3, "87->90": 1, "90->87": 12, "88->89": 2, "89->88": 3, "92->95": 6, "95->92": 6, "95->123": 1, "123->95": 12, "93->94": 2, "94->93": 3, "96->111": 10, "111->96": 11, "98->99": 1, "99->98": 12, "99->110": 1, "110->99": 12, "100->101": 1, "101->100": 12, "101->107": 1, "107->101": 12, "102->103": 1, "103->102": 12, "103->105": 1, "105->103": 12, "108->109": 2, "109->108": 3, "112->115": 1, "115->112": 12, "117->119": 1, "119->117": 12, "120->122": 1, "122->120": 12, "124->139": 10, "139->124": 11, "126->127": 1, "127->126": 12, "127->138": 1, "138->127": 12, "128->129": 1, "129->128": 12, "129->136": 1, "136->129": 12, "130->131": 1, "131->130": 12, "131->133": 1, "133->131": 12, "134->135": 2, "135->134": 3, "140->143": 6, "143->140": 6, "141->142": 2, "142->141": 3, "146->148": 1, "148->146": 12, "148->150": 1, "150->148": 12, "66->91": 7, "91->66": 7, "92->123": 7, "123->92": 7, "2->4": 2, "4->2": 3, "4->5": 2, "5->4": 3, "5->8": 2, "8->5": 3, "8->10": 2, "10->8": 3, "10->11": 2, "11->10": 3, "11->14": 2, "14->11": 3, "14->17": 2, "17->14": 3, "17->19": 2, "19->17": 3, "19->20": 2, "20->19": 3, "20->24": 2, "24->20": 3, "24->26": 2, "26->24": 3, "26->28": 2, "28->26": 3, "28->31": 2, "31->28": 3, "31->33": 2, "33->31": 3, "33->35": 2, "35->33": 3, "35->36": 2, "36->35": 3, "36->39": 2, "39->36": 3, "39->41": 2, "41->39": 3, "41->44": 2, "44->41": 3, "44->47": 2, "47->44": 3, "47->48": 2, "48->47": 3, "48->51": 2, "51->48": 3, "51->53": 2, "53->51": 3, "53->55": 2, "55->53": 3, "55->59": 2, "59->55": 3, "59->61": 2, "61->59": 3, "61->63": 2, "63->61": 3, "64->67": 2, "67->64": 3, "68->72": 2, "72->68": 3, "72->74": 2, "74->72": 3, "74->76": 2, "76->74": 3, "76->78": 2, "78->76": 3, "78->80": 2, "80->78": 3, "81->83": 2, "83->81": 3, "83->84": 2, "84->83": 3, "84->88": 2, "88->84": 3, "89->90": 2, "90->89": 3, "90->93": 2, "93->90": 3, "94->98": 2, "98->94": 3, "98->100": 2, "100->98": 3, "100->102": 2, "102->100": 3, "102->104": 2, "104->102": 3, "104->106": 2, "106->104": 3, "106->108": 2, "108->106": 3, "109->110": 2, "110->109": 3, "110->114": 2, "114->110": 3, "114->118": 4, "118->114": 5, "118->121": 2, "121->118": 3, "121->122": 2, "122->121": 3, "122->126": 2, "126->122": 3, "126->128": 2, "128->126": 3, "128->130": 2, "130->128": 3, "130->132": 2, "132->130": 3, "132->134": 2, "134->132": 3, "135->137": 2, "137->135": 3, "137->138": 2, "138->137": 3, "138->141": 2, "141->138": 3, "142->147": 2, "147->142": 3, "147->149": 2, "149->147": 3, "149->150": 2, "150->149": 3, "44->114": 4, "114->44": 5, "47->121": 4, "121->47": 5, "53->147": 4, "147->53": 5}, "metrics": [25.0, 6.0, 1.0]}