{"nodelist": ["MethodDeclaration", "{'public'}", "public", "Annotation", "Override", "run", "WhileStatement", "MemberReference", "running", "BlockStatement", "LocalVariableDeclaration", "BasicType", "long", "VariableDeclarator", "now", "MethodInvocation", "System", "currentTimeMillis", "StatementExpression", "MethodInvocation", "MemberReference", "now", "checkLowReplication", "LocalVariableDeclaration", "BasicType", "boolean", "VariableDeclarator", "periodic", "Literal", "false", "IfStatement", "MethodInvocation", "!", "rollLog", "get", "BlockStatement", "StatementExpression", "Assignment", "MemberReference", "periodic", "BinaryOperation", ">", "BinaryOperation", "-", "MemberReference", "now", "This", "MemberReference", "lastrolltime", "This", "MemberReference", "rollperiod", "=", "IfStatement", "MemberReference", "!", "periodic", "BlockStatement", "SynchronizedStatement", "MemberReference", "rollLog", "TryStatement", "IfStatement", "MethodInvocation", "!", "rollLog", "get", "BlockStatement", "StatementExpression", "MethodInvocation", "rollLog", "This", "MemberReference", "threadWakeFrequency", "wait", "CatchClause", "CatchClauseParameter", "InterruptedException", "e", "ContinueStatement", "StatementExpression", "MethodInvocation", "LOG", "Literal", "\"Wal roll period {} ms elapsed\"", "This", "MemberReference", "rollperiod", "debug", "BlockStatement", "StatementExpression", "MethodInvocation", "LOG", "Literal", "\"WAL roll requested\"", "debug", "StatementExpression", "MethodInvocation", "rollLock", "lock", "TryStatement", "StatementExpression", "Assignment", "This", "MemberReference", "lastrolltime", "MemberReference", "now", "=", "ForStatement", "EnhancedForControl", "VariableDeclaration", "ReferenceType", "Entry", "TypeArgument", "ReferenceType", "WAL", "TypeArgument", "ReferenceType", "Boolean", "VariableDeclarator", "entry", "MethodInvocation", "walNeedsRoll", "entrySet", "BlockStatement", "LocalVariableDeclaration", "{'final'}", "final", "ReferenceType", "WAL", "VariableDeclarator", "wal", "MethodInvocation", "entry", "getKey", "LocalVariableDeclaration", "{'final'}", "final", "BasicType", "byte", "VariableDeclarator", "regionsToFlush", "MethodInvocation", "wal", "BinaryOperation", "||", "MemberReference", "periodic", "MethodInvocation", "entry", "MethodInvocation", "booleanValue", "getValue", "rollWriter", "StatementExpression", "MethodInvocation", "walNeedsRoll", "MemberReference", "wal", "MemberReference", "Boolean", "FALSE", "put", "IfStatement", "BinaryOperation", "!=", "MemberReference", "regionsToFlush", "Literal", "null", "BlockStatement", "ForStatement", "EnhancedForControl", "VariableDeclaration", "BasicType", "byte", "VariableDeclarator", "r", "MemberReference", "regionsToFlush", "BlockStatement", "StatementExpression", "MethodInvocation", "MemberReference", "r", "scheduleFlush", "CatchClause", "CatchClauseParameter", "FailedLogCloseException", "e", "StatementExpression", "MethodInvocation", "Literal", "\"Failed log close in log roller\"", "MemberReference", "e", "abort", "CatchClause", "CatchClauseParameter", "java.net.ConnectException", "e", "StatementExpression", "MethodInvocation", "Literal", "\"Failed log close in log roller\"", "MemberReference", "e", "abort", "CatchClause", "CatchClauseParameter", "IOException", "ex", "StatementExpression", "MethodInvocation", "Literal", "\"IOE in log roller\"", "TernaryExpression", "BinaryOperation", "instanceof", "MemberReference", "ex", "ReferenceType", "RemoteException", "Cast", "ReferenceType", "RemoteException", "MemberReference", "ex", "MemberReference", "ex", "abort", "CatchClause", "CatchClauseParameter", "Exception", "ex", "StatementExpression", "MethodInvocation", "LOG", "Literal", "\"Log rolling failed\"", "MemberReference", "ex", "error", "StatementExpression", "MethodInvocation", "Literal", "\"Log rolling failed\"", "MemberReference", "ex", "abort", "TryStatement", "StatementExpression", "MethodInvocation", "rollLog", "Literal", "false", "set", "StatementExpression", "MethodInvocation", "rollLock", "unlock", "StatementExpression", "MethodInvocation", "LOG", "Literal", "\"LogRoller exiting.\"", "info"], "nodes": {"0": "MethodDeclaration", "1": "Modifier", "2": "public", "3": "Annotation", "4": "Override", "5": "run", "6": "WhileStatement", "7": "MemberReference", "8": "running", "9": "BlockStatement", "10": "LocalVariableDeclaration", "11": "BasicType", "12": "long", "13": "VariableDeclarator", "14": "now", "15": "MethodInvocation", "16": "System", "17": "currentTimeMillis", "18": "StatementExpression", "19": "MethodInvocation", "20": "MemberReference", "21": "now", "22": "checkLowReplication", "23": "LocalVariableDeclaration", "24": "BasicType", "25": "boolean", "26": "VariableDeclarator", "27": "periodic", "28": "Literal", "29": "false", "30": "IfStatement", "31": "MethodInvocation", "32": "!", "33": "rollLog", "34": "get", "35": "BlockStatement", "36": "StatementExpression", "37": "Assignment", "38": "MemberReference", "39": "periodic", "40": "BinaryOperation", "41": ">", "42": "BinaryOperation", "43": "-", "44": "MemberReference", "45": "now", "46": "This", "47": "MemberReference", "48": "lastrolltime", "49": "This", "50": "MemberReference", "51": "rollperiod", "52": "=", "53": "IfStatement", "54": "MemberReference", "55": "!", "56": "periodic", "57": "BlockStatement", "58": "SynchronizedStatement", "59": "MemberReference", "60": "rollLog", "61": "TryStatement", "62": "IfStatement", "63": "MethodInvocation", "64": "!", "65": "rollLog", "66": "get", "67": "BlockStatement", "68": "StatementExpression", "69": "MethodInvocation", "70": "rollLog", "71": "This", "72": "MemberReference", "73": "threadWakeFrequency", "74": "wait", "75": "CatchClause", "76": "CatchClauseParameter", "77": "InterruptedException", "78": "e", "79": "ContinueStatement", "80": "StatementExpression", "81": "MethodInvocation", "82": "LOG", "83": "Literal", "84": "\"Wal roll period {} ms elapsed\"", "85": "This", "86": "MemberReference", "87": "rollperiod", "88": "debug", "89": "BlockStatement", "90": "StatementExpression", "91": "MethodInvocation", "92": "LOG", "93": "Literal", "94": "\"WAL roll requested\"", "95": "debug", "96": "StatementExpression", "97": "MethodInvocation", "98": "rollLock", "99": "lock", "100": "TryStatement", "101": "StatementExpression", "102": "Assignment", "103": "This", "104": "MemberReference", "105": "lastrolltime", "106": "MemberReference", "107": "now", "108": "=", "109": "ForStatement", "110": "EnhancedForControl", "111": "VariableDeclaration", "112": "ReferenceType", "113": "Entry", "114": "TypeArgument", "115": "ReferenceType", "116": "WAL", "117": "TypeArgument", "118": "ReferenceType", "119": "Boolean", "120": "VariableDeclarator", "121": "entry", "122": "MethodInvocation", "123": "walNeedsRoll", "124": "entrySet", "125": "BlockStatement", "126": "LocalVariableDeclaration", "127": "Modifier", "128": "final", "129": "ReferenceType", "130": "WAL", "131": "VariableDeclarator", "132": "wal", "133": "MethodInvocation", "134": "entry", "135": "getKey", "136": "LocalVariableDeclaration", "137": "Modifier", "138": "final", "139": "BasicType", "140": "byte", "141": "VariableDeclarator", "142": "regionsToFlush", "143": "MethodInvocation", "144": "wal", "145": "BinaryOperation", "146": "||", "147": "MemberReference", "148": "periodic", "149": "MethodInvocation", "150": "entry", "151": "MethodInvocation", "152": "booleanValue", "153": "getValue", "154": "rollWriter", "155": "StatementExpression", "156": "MethodInvocation", "157": "walNeedsRoll", "158": "MemberReference", "159": "wal", "160": "MemberReference", "161": "Boolean", "162": "FALSE", "163": "put", "164": "IfStatement", "165": "BinaryOperation", "166": "!=", "167": "MemberReference", "168": "regionsToFlush", "169": "Literal", "170": "null", "171": "BlockStatement", "172": "ForStatement", "173": "EnhancedForControl", "174": "VariableDeclaration", "175": "BasicType", "176": "byte", "177": "VariableDeclarator", "178": "r", "179": "MemberReference", "180": "regionsToFlush", "181": "BlockStatement", "182": "StatementExpression", "183": "MethodInvocation", "184": "MemberReference", "185": "r", "186": "scheduleFlush", "187": "CatchClause", "188": "CatchClauseParameter", "189": "FailedLogCloseException", "190": "e", "191": "StatementExpression", "192": "MethodInvocation", "193": "Literal", "194": "\"Failed log close in log roller\"", "195": "MemberReference", "196": "e", "197": "abort", "198": "CatchClause", "199": "CatchClauseParameter", "200": "java.net.ConnectException", "201": "e", "202": "StatementExpression", "203": "MethodInvocation", "204": "Literal", "205": "\"Failed log close in log roller\"", "206": "MemberReference", "207": "e", "208": "abort", "209": "CatchClause", "210": "CatchClauseParameter", "211": "IOException", "212": "ex", "213": "StatementExpression", "214": "MethodInvocation", "215": "Literal", "216": "\"IOE in log roller\"", "217": "TernaryExpression", "218": "BinaryOperation", "219": "instanceof", "220": "MemberReference", "221": "ex", "222": "ReferenceType", "223": "RemoteException", "224": "Cast", "225": "ReferenceType", "226": "RemoteException", "227": "MemberReference", "228": "ex", "229": "MemberReference", "230": "ex", "231": "abort", "232": "CatchClause", "233": "CatchClauseParameter", "234": "Exception", "235": "ex", "236": "StatementExpression", "237": "MethodInvocation", "238": "LOG", "239": "Literal", "240": "\"Log rolling failed\"", "241": "MemberReference", "242": "ex", "243": "error", "244": "StatementExpression", "245": "MethodInvocation", "246": "Literal", "247": "\"Log rolling failed\"", "248": "MemberReference", "249": "ex", "250": "abort", "251": "TryStatement", "252": "StatementExpression", "253": "MethodInvocation", "254": "rollLog", "255": "Literal", "256": "false", "257": "set", "258": "StatementExpression", "259": "MethodInvocation", "260": "rollLock", "261": "unlock", "262": "StatementExpression", "263": "MethodInvocation", "264": "LOG", "265": "Literal", "266": "\"LogRoller exiting.\"", "267": "info"}, "edges": {"0->1": 0, "1->0": 0, "1->2": 0, "2->1": 0, "0->3": 0, "3->0": 0, "3->4": 0, "4->3": 0, "0->5": 0, "5->0": 0, "0->6": 0, "6->0": 0, "6->7": 0, "7->6": 0, "7->8": 0, "8->7": 0, "6->9": 0, "9->6": 0, "9->10": 0, "10->9": 0, "10->11": 0, "11->10": 0, "11->12": 0, "12->11": 0, "10->13": 0, "13->10": 0, "13->14": 0, "14->13": 0, "13->15": 0, "15->13": 0, "15->16": 0, "16->15": 0, "15->17": 0, "17->15": 0, "9->18": 0, "18->9": 0, "18->19": 0, "19->18": 0, "19->20": 0, "20->19": 0, "20->21": 0, "21->20": 0, "19->22": 0, "22->19": 0, "9->23": 0, "23->9": 0, "23->24": 0, "24->23": 0, "24->25": 0, "25->24": 0, "23->26": 0, "26->23": 0, "26->27": 0, "27->26": 0, "26->28": 0, "28->26": 0, "28->29": 0, "29->28": 0, "9->30": 0, "30->9": 0, "30->31": 0, "31->30": 0, "31->32": 0, "32->31": 0, "31->33": 0, "33->31": 0, "31->34": 0, "34->31": 0, "30->35": 0, "35->30": 0, "35->36": 0, "36->35": 0, "36->37": 0, "37->36": 0, "37->38": 0, "38->37": 0, "38->39": 0, "39->38": 0, "37->40": 0, "40->37": 0, "40->41": 0, "41->40": 0, "40->42": 0, "42->40": 0, "42->43": 0, "43->42": 0, "42->44": 0, "44->42": 0, "44->45": 0, "45->44": 0, "42->46": 0, "46->42": 0, "46->47": 0, "47->46": 0, "47->48": 0, "48->47": 0, "40->49": 0, "49->40": 0, "49->50": 0, "50->49": 0, "50->51": 0, "51->50": 0, "37->52": 0, "52->37": 0, "35->53": 0, "53->35": 0, "53->54": 0, "54->53": 0, "54->55": 0, "55->54": 0, "54->56": 0, "56->54": 0, "53->57": 0, "57->53": 0, "57->58": 0, "58->57": 0, "58->59": 0, "59->58": 0, "59->60": 0, "60->59": 0, "58->61": 0, "61->58": 0, "61->62": 0, "62->61": 0, "62->63": 0, "63->62": 0, "63->64": 0, "64->63": 0, "63->65": 0, "65->63": 0, "63->66": 0, "66->63": 0, "62->67": 0, "67->62": 0, "67->68": 0, "68->67": 0, "68->69": 0, "69->68": 0, "69->70": 0, "70->69": 0, "69->71": 0, "71->69": 0, "71->72": 0, "72->71": 0, "72->73": 0, "73->72": 0, "69->74": 0, "74->69": 0, "61->75": 0, "75->61": 0, "75->76": 0, "76->75": 0, "76->77": 0, "77->76": 0, "76->78": 0, "78->76": 0, "57->79": 0, "79->57": 0, "35->80": 0, "80->35": 0, "80->81": 0, "81->80": 0, "81->82": 0, "82->81": 0, "81->83": 0, "83->81": 0, "83->84": 0, "84->83": 0, "81->85": 0, "85->81": 0, "85->86": 0, "86->85": 0, "86->87": 0, "87->86": 0, "81->88": 0, "88->81": 0, "30->89": 0, "89->30": 0, "89->90": 0, "90->89": 0, "90->91": 0, "91->90": 0, "91->92": 0, "92->91": 0, "91->93": 0, "93->91": 0, "93->94": 0, "94->93": 0, "91->95": 0, "95->91": 0, "9->96": 0, "96->9": 0, "96->97": 0, "97->96": 0, "97->98": 0, "98->97": 0, "97->99": 0, "99->97": 0, "9->100": 0, "100->9": 0, "100->101": 0, "101->100": 0, "101->102": 0, "102->101": 0, "102->103": 0, "103->102": 0, "103->104": 0, "104->103": 0, "104->105": 0, "105->104": 0, "102->106": 0, "106->102": 0, "106->107": 0, "107->106": 0, "102->108": 0, "108->102": 0, "100->109": 0, "109->100": 0, "109->110": 0, "110->109": 0, "110->111": 0, "111->110": 0, "111->112": 0, "112->111": 0, "112->113": 0, "113->112": 0, "112->114": 0, "114->112": 0, "114->115": 0, "115->114": 0, "115->116": 0, "116->115": 0, "112->117": 0, "117->112": 0, "117->118": 0, "118->117": 0, "118->119": 0, "119->118": 0, "111->120": 0, "120->111": 0, "120->121": 0, "121->120": 0, "110->122": 0, "122->110": 0, "122->123": 0, "123->122": 0, "122->124": 0, "124->122": 0, "109->125": 0, "125->109": 0, "125->126": 0, "126->125": 0, "126->127": 0, "127->126": 0, "127->128": 0, "128->127": 0, "126->129": 0, "129->126": 0, "129->130": 0, "130->129": 0, "126->131": 0, "131->126": 0, "131->132": 0, "132->131": 0, "131->133": 0, "133->131": 0, "133->134": 0, "134->133": 0, "133->135": 0, "135->133": 0, "125->136": 0, "136->125": 0, "136->137": 0, "137->136": 0, "137->138": 0, "138->137": 0, "136->139": 0, "139->136": 0, "139->140": 0, "140->139": 0, "136->141": 0, "141->136": 0, "141->142": 0, "142->141": 0, "141->143": 0, "143->141": 0, "143->144": 0, "144->143": 0, "143->145": 0, "145->143": 0, "145->146": 0, "146->145": 0, "145->147": 0, "147->145": 0, "147->148": 0, "148->147": 0, "145->149": 0, "149->145": 0, "149->150": 0, "150->149": 0, "149->151": 0, "151->149": 0, "151->152": 0, "152->151": 0, "149->153": 0, "153->149": 0, "143->154": 0, "154->143": 0, "125->155": 0, "155->125": 0, "155->156": 0, "156->155": 0, "156->157": 0, "157->156": 0, "156->158": 0, "158->156": 0, "158->159": 0, "159->158": 0, "156->160": 0, "160->156": 0, "160->161": 0, "161->160": 0, "160->162": 0, "162->160": 0, "156->163": 0, "163->156": 0, "125->164": 0, "164->125": 0, "164->165": 0, "165->164": 0, "165->166": 0, "166->165": 0, "165->167": 0, "167->165": 0, "167->168": 0, "168->167": 0, "165->169": 0, "169->165": 0, "169->170": 0, "170->169": 0, "164->171": 0, "171->164": 0, "171->172": 0, "172->171": 0, "172->173": 0, "173->172": 0, "173->174": 0, "174->173": 0, "174->175": 0, "175->174": 0, "175->176": 0, "176->175": 0, "174->177": 0, "177->174": 0, "177->178": 0, "178->177": 0, "173->179": 0, "179->173": 0, "179->180": 0, "180->179": 0, "172->181": 0, "181->172": 0, "181->182": 0, "182->181": 0, "182->183": 0, "183->182": 0, "183->184": 0, "184->183": 0, "184->185": 0, "185->184": 0, "183->186": 0, "186->183": 0, "100->187": 0, "187->100": 0, "187->188": 0, "188->187": 0, "188->189": 0, "189->188": 0, "188->190": 0, "190->188": 0, "187->191": 0, "191->187": 0, "191->192": 0, "192->191": 0, "192->193": 0, "193->192": 0, "193->194": 0, "194->193": 0, "192->195": 0, "195->192": 0, "195->196": 0, "196->195": 0, "192->197": 0, "197->192": 0, "100->198": 0, "198->100": 0, "198->199": 0, "199->198": 0, "199->200": 0, "200->199": 0, "199->201": 0, "201->199": 0, "198->202": 0, "202->198": 0, "202->203": 0, "203->202": 0, "203->204": 0, "204->203": 0, "204->205": 0, "205->204": 0, "203->206": 0, "206->203": 0, "206->207": 0, "207->206": 0, "203->208": 0, "208->203": 0, "100->209": 0, "209->100": 0, "209->210": 0, "210->209": 0, "210->211": 0, "211->210": 0, "210->212": 0, "212->210": 0, "209->213": 0, "213->209": 0, "213->214": 0, "214->213": 0, "214->215": 0, "215->214": 0, "215->216": 0, "216->215": 0, "214->217": 0, "217->214": 0, "217->218": 0, "218->217": 0, "218->219": 0, "219->218": 0, "218->220": 0, "220->218": 0, "220->221": 0, "221->220": 0, "218->222": 0, "222->218": 0, "222->223": 0, "223->222": 0, "217->224": 0, "224->217": 0, "224->225": 0, "225->224": 0, "225->226": 0, "226->225": 0, "224->227": 0, "227->224": 0, "227->228": 0, "228->227": 0, "217->229": 0, "229->217": 0, "229->230": 0, "230->229": 0, "214->231": 0, "231->214": 0, "100->232": 0, "232->100": 0, "232->233": 0, "233->232": 0, "233->234": 0, "234->233": 0, "233->235": 0, "235->233": 0, "232->236": 0, "236->232": 0, "236->237": 0, "237->236": 0, "237->238": 0, "238->237": 0, "237->239": 0, "239->237": 0, "239->240": 0, "240->239": 0, "237->241": 0, "241->237": 0, "241->242": 0, "242->241": 0, "237->243": 0, "243->237": 0, "232->244": 0, "244->232": 0, "244->245": 0, "245->244": 0, "245->246": 0, "246->245": 0, "246->247": 0, "247->246": 0, "245->248": 0, "248->245": 0, "248->249": 0, "249->248": 0, "245->250": 0, "250->245": 0, "100->251": 0, "251->100": 0, "251->252": 0, "252->251": 0, "252->253": 0, "253->252": 0, "253->254": 0, "254->253": 0, "253->255": 0, "255->253": 0, "255->256": 0, "256->255": 0, "253->257": 0, "257->253": 0, "251->258": 0, "258->251": 0, "258->259": 0, "259->258": 0, "259->260": 0, "260->259": 0, "259->261": 0, "261->259": 0, "0->262": 0, "262->0": 0, "262->263": 0, "263->262": 0, "263->264": 0, "264->263": 0, "263->265": 0, "265->263": 0, "265->266": 0, "266->265": 0, "263->267": 0, "267->263": 0, "1->3": 1, "3->1": 12, "3->5": 1, "5->3": 12, "5->6": 1, "6->5": 12, "6->262": 1, "262->6": 12, "7->9": 8, "9->7": 8, "10->18": 10, "18->10": 11, "18->23": 10, "23->18": 11, "23->30": 10, "30->23": 11, "30->96": 10, "96->30": 11, "96->100": 10, "100->96": 11, "11->13": 1, "13->11": 12, "14->15": 1, "15->14": 12, "16->17": 2, "17->16": 3, "20->22": 1, "22->20": 12, "24->26": 1, "26->24": 12, "27->28": 1, "28->27": 12, "31->35": 6, "35->31": 6, "35->89": 1, "89->35": 12, "32->33": 2, "33->32": 3, "33->34": 2, "34->33": 3, "36->53": 10, "53->36": 11, "53->80": 10, "80->53": 11, "38->40": 1, "40->38": 12, "40->52": 1, "52->40": 12, "41->42": 1, "42->41": 12, "42->49": 1, "49->42": 12, "43->44": 1, "44->43": 12, "44->46": 1, "46->44": 12, "54->57": 6, "57->54": 6, "55->56": 2, "56->55": 3, "58->79": 10, "79->58": 11, "59->61": 1, "61->59": 12, "62->75": 1, "75->62": 12, "63->67": 6, "67->63": 6, "64->65": 2, "65->64": 3, "65->66": 2, "66->65": 3, "70->71": 1, "71->70": 12, "71->74": 1, "74->71": 12, "77->78": 2, "78->77": 3, "82->83": 1, "83->82": 12, "83->85": 1, "85->83": 12, "85->88": 1, "88->85": 12, "92->93": 1, "93->92": 12, "93->95": 1, "95->93": 12, "98->99": 2, "99->98": 3, "101->109": 1, "109->101": 12, "109->187": 1, "187->109": 12, "187->198": 1, "198->187": 12, "198->209": 1, "209->198": 12, "209->232": 1, "232->209": 12, "232->251": 1, "251->232": 12, "103->106": 1, "106->103": 12, "106->108": 1, "108->106": 12, "110->125": 9, "125->110": 9, "111->122": 1, "122->111": 12, "112->120": 1, "120->112": 12, "113->114": 1, "114->113": 12, "114->117": 1, "117->114": 12, "123->124": 2, "124->123": 3, "126->136": 10, "136->126": 11, "136->155": 10, "155->136": 11, "155->164": 10, "164->155": 11, "127->129": 1, "129->127": 12, "129->131": 1, "131->129": 12, "132->133": 1, "133->132": 12, "134->135": 2, "135->134": 3, "137->139": 1, "139->137": 12, "139->141": 1, "141->139": 12, "142->143": 1, "143->142": 12, "144->145": 1, "145->144": 12, "145->154": 1, "154->145": 12, "146->147": 1, "147->146": 12, "147->149": 1, "149->147": 12, "150->151": 1, "151->150": 12, "151->153": 1, "153->151": 12, "157->158": 1, "158->157": 12, "158->160": 1, "160->158": 12, "160->163": 1, "163->160": 12, "161->162": 2, "162->161": 3, "165->171": 6, "171->165": 6, "166->167": 1, "167->166": 12, "167->169": 1, "169->167": 12, "173->181": 9, "181->173": 9, "174->179": 1, "179->174": 12, "175->177": 1, "177->175": 12, "184->186": 1, "186->184": 12, "188->191": 1, "191->188": 12, "189->190": 2, "190->189": 3, "193->195": 1, "195->193": 12, "195->197": 1, "197->195": 12, "199->202": 1, "202->199": 12, "200->201": 2, "201->200": 3, "204->206": 1, "206->204": 12, "206->208": 1, "208->206": 12, "210->213": 1, "213->210": 12, "211->212": 2, "212->211": 3, "215->217": 1, "217->215": 12, "217->231": 1, "231->217": 12, "218->224": 1, "224->218": 12, "224->229": 1, "229->224": 12, "219->220": 1, "220->219": 12, "220->222": 1, "222->220": 12, "225->227": 1, "227->225": 12, "233->236": 1, "236->233": 12, "236->244": 1, "244->236": 12, "234->235": 2, "235->234": 3, "238->239": 1, "239->238": 12, "239->241": 1, "241->239": 12, "241->243": 1, "243->241": 12, "246->248": 1, "248->246": 12, "248->250": 1, "250->248": 12, "252->258": 1, "258->252": 12, "254->255": 1, "255->254": 12, "255->257": 1, "257->255": 12, "260->261": 2, "261->260": 3, "264->265": 1, "265->264": 12, "265->267": 1, "267->265": 12, "31->89": 7, "89->31": 7, "2->4": 2, "4->2": 3, "4->5": 2, "5->4": 3, "5->8": 2, "8->5": 3, "8->12": 2, "12->8": 3, "12->14": 2, "14->12": 3, "14->16": 2, "16->14": 3, "17->21": 2, "21->17": 3, "21->22": 2, "22->21": 3, "22->25": 2, "25->22": 3, "25->27": 2, "27->25": 3, "27->29": 2, "29->27": 3, "29->32": 2, "32->29": 3, "34->39": 2, "39->34": 3, "39->41": 2, "41->39": 3, "41->43": 2, "43->41": 3, "43->45": 2, "45->43": 3, "45->48": 2, "48->45": 3, "48->51": 2, "51->48": 3, "51->52": 2, "52->51": 3, "52->55": 2, "55->52": 3, "56->60": 2, "60->56": 3, "60->64": 2, "64->60": 3, "66->70": 2, "70->66": 3, "70->73": 2, "73->70": 3, "73->74": 2, "74->73": 3, "74->77": 2, "77->74": 3, "78->79": 2, "79->78": 3, "79->82": 2, "82->79": 3, "82->84": 2, "84->82": 3, "84->87": 2, "87->84": 3, "87->88": 2, "88->87": 3, "88->92": 2, "92->88": 3, "92->94": 2, "94->92": 3, "94->95": 2, "95->94": 3, "95->98": 2, "98->95": 3, "99->105": 2, "105->99": 3, "105->107": 2, "107->105": 3, "107->108": 2, "108->107": 3, "108->113": 2, "113->108": 3, "113->116": 2, "116->113": 3, "116->119": 2, "119->116": 3, "119->121": 2, "121->119": 3, "121->123": 2, "123->121": 3, "124->128": 2, "128->124": 3, "128->130": 2, "130->128": 3, "130->132": 2, "132->130": 3, "132->134": 2, "134->132": 3, "135->138": 2, "138->135": 3, "138->140": 2, "140->138": 3, "140->142": 2, "142->140": 3, "142->144": 2, "144->142": 3, "144->146": 2, "146->144": 3, "146->148": 2, "148->146": 3, "148->150": 2, "150->148": 3, "150->152": 2, "152->150": 3, "152->153": 2, "153->152": 3, "153->154": 2, "154->153": 3, "154->157": 2, "157->154": 3, "157->159": 2, "159->157": 3, "159->161": 2, "161->159": 3, "162->163": 2, "163->162": 3, "163->166": 2, "166->163": 3, "166->168": 2, "168->166": 3, "168->170": 2, "170->168": 3, "170->176": 2, "176->170": 3, "176->178": 2, "178->176": 3, "178->180": 2, "180->178": 3, "180->185": 2, "185->180": 3, "185->186": 2, "186->185": 3, "186->189": 2, "189->186": 3, "190->194": 2, "194->190": 3, "194->196": 2, "196->194": 3, "196->197": 2, "197->196": 3, "197->200": 2, "200->197": 3, "201->205": 2, "205->201": 3, "205->207": 2, "207->205": 3, "207->208": 2, "208->207": 3, "208->211": 2, "211->208": 3, "212->216": 2, "216->212": 3, "216->219": 2, "219->216": 3, "219->221": 2, "221->219": 3, "221->223": 2, "223->221": 3, "223->226": 2, "226->223": 3, "226->228": 2, "228->226": 3, "228->230": 4, "230->228": 5, "230->231": 2, "231->230": 3, "231->234": 2, "234->231": 3, "235->238": 2, "238->235": 3, "238->240": 2, "240->238": 3, "240->242": 2, "242->240": 3, "242->243": 2, "243->242": 3, "243->247": 2, "247->243": 3, "247->249": 2, "249->247": 3, "249->250": 2, "250->249": 3, "250->254": 2, "254->250": 3, "254->256": 2, "256->254": 3, "256->257": 2, "257->256": 3, "257->260": 2, "260->257": 3, "261->264": 2, "264->261": 3, "264->266": 2, "266->264": 3, "266->267": 2, "267->266": 3, "21->45": 4, "45->21": 5, "45->107": 4, "107->45": 5, "39->56": 4, "56->39": 5, "56->148": 4, "148->56": 5, "48->105": 4, "105->48": 5, "51->87": 4, "87->51": 5, "168->180": 4, "180->168": 5, "196->207": 4, "207->196": 5, "221->228": 4, "228->221": 5, "230->242": 4, "242->230": 5, "242->249": 4, "249->242": 5}, "metrics": [62.0, 8.0, 0.0]}