{"nodelist": ["MethodDeclaration", "{'public'}", "public", "Annotation", "Override", "BasicType", "int", "hashCode", "LocalVariableDeclaration", "ReferenceType", "HashCodeBuilder", "VariableDeclarator", "builder", "ClassCreator", "ReferenceType", "HashCodeBuilder", "LocalVariableDeclaration", "BasicType", "boolean", "VariableDeclarator", "present_row", "BinaryOperation", "&&", "Literal", "true", "MethodInvocation", "isSetRow", "StatementExpression", "MethodInvocation", "builder", "MemberReference", "present_row", "append", "IfStatement", "MemberReference", "present_row", "StatementExpression", "MethodInvocation", "builder", "MemberReference", "row", "append", "LocalVariableDeclaration", "BasicType", "boolean", "VariableDeclarator", "present_columns", "BinaryOperation", "&&", "Literal", "true", "MethodInvocation", "isSetColumns", "StatementExpression", "MethodInvocation", "builder", "MemberReference", "present_columns", "append", "IfStatement", "MemberReference", "present_columns", "StatementExpression", "MethodInvocation", "builder", "MemberReference", "columns", "append", "LocalVariableDeclaration", "BasicType", "boolean", "VariableDeclarator", "present_timestamp", "BinaryOperation", "&&", "Literal", "true", "MethodInvocation", "isSetTimestamp", "StatementExpression", "MethodInvocation", "builder", "MemberReference", "present_timestamp", "append", "IfStatement", "MemberReference", "present_timestamp", "StatementExpression", "MethodInvocation", "builder", "MemberReference", "timestamp", "append", "LocalVariableDeclaration", "BasicType", "boolean", "VariableDeclarator", "present_timeRange", "BinaryOperation", "&&", "Literal", "true", "MethodInvocation", "isSetTimeRange", "StatementExpression", "MethodInvocation", "builder", "MemberReference", "present_timeRange", "append", "IfStatement", "MemberReference", "present_timeRange", "StatementExpression", "MethodInvocation", "builder", "MemberReference", "timeRange", "append", "LocalVariableDeclaration", "BasicType", "boolean", "VariableDeclarator", "present_maxVersions", "BinaryOperation", "&&", "Literal", "true", "MethodInvocation", "isSetMaxVersions", "StatementExpression", "MethodInvocation", "builder", "MemberReference", "present_maxVersions", "append", "IfStatement", "MemberReference", "present_maxVersions", "StatementExpression", "MethodInvocation", "builder", "MemberReference", "maxVersions", "append", "LocalVariableDeclaration", "BasicType", "boolean", "VariableDeclarator", "present_filterString", "BinaryOperation", "&&", "Literal", "true", "MethodInvocation", "isSetFilterString", "StatementExpression", "MethodInvocation", "builder", "MemberReference", "present_filterString", "append", "IfStatement", "MemberReference", "present_filterString", "StatementExpression", "MethodInvocation", "builder", "MemberReference", "filterString", "append", "LocalVariableDeclaration", "BasicType", "boolean", "VariableDeclarator", "present_attributes", "BinaryOperation", "&&", "Literal", "true", "MethodInvocation", "isSetAttributes", "StatementExpression", "MethodInvocation", "builder", "MemberReference", "present_attributes", "append", "IfStatement", "MemberReference", "present_attributes", "StatementExpression", "MethodInvocation", "builder", "MemberReference", "attributes", "append", "LocalVariableDeclaration", "BasicType", "boolean", "VariableDeclarator", "present_authorizations", "BinaryOperation", "&&", "Literal", "true", "MethodInvocation", "isSetAuthorizations", "StatementExpression", "MethodInvocation", "builder", "MemberReference", "present_authorizations", "append", "IfStatement", "MemberReference", "present_authorizations", "StatementExpression", "MethodInvocation", "builder", "MemberReference", "authorizations", "append", "ReturnStatement", "MethodInvocation", "builder", "toHashCode"], "nodes": {"0": "MethodDeclaration", "1": "Modifier", "2": "public", "3": "Annotation", "4": "Override", "5": "BasicType", "6": "int", "7": "hashCode", "8": "LocalVariableDeclaration", "9": "ReferenceType", "10": "HashCodeBuilder", "11": "VariableDeclarator", "12": "builder", "13": "ClassCreator", "14": "ReferenceType", "15": "HashCodeBuilder", "16": "LocalVariableDeclaration", "17": "BasicType", "18": "boolean", "19": "VariableDeclarator", "20": "present_row", "21": "BinaryOperation", "22": "&&", "23": "Literal", "24": "true", "25": "MethodInvocation", "26": "isSetRow", "27": "StatementExpression", "28": "MethodInvocation", "29": "builder", "30": "MemberReference", "31": "present_row", "32": "append", "33": "IfStatement", "34": "MemberReference", "35": "present_row", "36": "StatementExpression", "37": "MethodInvocation", "38": "builder", "39": "MemberReference", "40": "row", "41": "append", "42": "LocalVariableDeclaration", "43": "BasicType", "44": "boolean", "45": "VariableDeclarator", "46": "present_columns", "47": "BinaryOperation", "48": "&&", "49": "Literal", "50": "true", "51": "MethodInvocation", "52": "isSetColumns", "53": "StatementExpression", "54": "MethodInvocation", "55": "builder", "56": "MemberReference", "57": "present_columns", "58": "append", "59": "IfStatement", "60": "MemberReference", "61": "present_columns", "62": "StatementExpression", "63": "MethodInvocation", "64": "builder", "65": "MemberReference", "66": "columns", "67": "append", "68": "LocalVariableDeclaration", "69": "BasicType", "70": "boolean", "71": "VariableDeclarator", "72": "present_timestamp", "73": "BinaryOperation", "74": "&&", "75": "Literal", "76": "true", "77": "MethodInvocation", "78": "isSetTimestamp", "79": "StatementExpression", "80": "MethodInvocation", "81": "builder", "82": "MemberReference", "83": "present_timestamp", "84": "append", "85": "IfStatement", "86": "MemberReference", "87": "present_timestamp", "88": "StatementExpression", "89": "MethodInvocation", "90": "builder", "91": "MemberReference", "92": "timestamp", "93": "append", "94": "LocalVariableDeclaration", "95": "BasicType", "96": "boolean", "97": "VariableDeclarator", "98": "present_timeRange", "99": "BinaryOperation", "100": "&&", "101": "Literal", "102": "true", "103": "MethodInvocation", "104": "isSetTimeRange", "105": "StatementExpression", "106": "MethodInvocation", "107": "builder", "108": "MemberReference", "109": "present_timeRange", "110": "append", "111": "IfStatement", "112": "MemberReference", "113": "present_timeRange", "114": "StatementExpression", "115": "MethodInvocation", "116": "builder", "117": "MemberReference", "118": "timeRange", "119": "append", "120": "LocalVariableDeclaration", "121": "BasicType", "122": "boolean", "123": "VariableDeclarator", "124": "present_maxVersions", "125": "BinaryOperation", "126": "&&", "127": "Literal", "128": "true", "129": "MethodInvocation", "130": "isSetMaxVersions", "131": "StatementExpression", "132": "MethodInvocation", "133": "builder", "134": "MemberReference", "135": "present_maxVersions", "136": "append", "137": "IfStatement", "138": "MemberReference", "139": "present_maxVersions", "140": "StatementExpression", "141": "MethodInvocation", "142": "builder", "143": "MemberReference", "144": "maxVersions", "145": "append", "146": "LocalVariableDeclaration", "147": "BasicType", "148": "boolean", "149": "VariableDeclarator", "150": "present_filterString", "151": "BinaryOperation", "152": "&&", "153": "Literal", "154": "true", "155": "MethodInvocation", "156": "isSetFilterString", "157": "StatementExpression", "158": "MethodInvocation", "159": "builder", "160": "MemberReference", "161": "present_filterString", "162": "append", "163": "IfStatement", "164": "MemberReference", "165": "present_filterString", "166": "StatementExpression", "167": "MethodInvocation", "168": "builder", "169": "MemberReference", "170": "filterString", "171": "append", "172": "LocalVariableDeclaration", "173": "BasicType", "174": "boolean", "175": "VariableDeclarator", "176": "present_attributes", "177": "BinaryOperation", "178": "&&", "179": "Literal", "180": "true", "181": "MethodInvocation", "182": "isSetAttributes", "183": "StatementExpression", "184": "MethodInvocation", "185": "builder", "186": "MemberReference", "187": "present_attributes", "188": "append", "189": "IfStatement", "190": "MemberReference", "191": "present_attributes", "192": "StatementExpression", "193": "MethodInvocation", "194": "builder", "195": "MemberReference", "196": "attributes", "197": "append", "198": "LocalVariableDeclaration", "199": "BasicType", "200": "boolean", "201": "VariableDeclarator", "202": "present_authorizations", "203": "BinaryOperation", "204": "&&", "205": "Literal", "206": "true", "207": "MethodInvocation", "208": "isSetAuthorizations", "209": "StatementExpression", "210": "MethodInvocation", "211": "builder", "212": "MemberReference", "213": "present_authorizations", "214": "append", "215": "IfStatement", "216": "MemberReference", "217": "present_authorizations", "218": "StatementExpression", "219": "MethodInvocation", "220": "builder", "221": "MemberReference", "222": "authorizations", "223": "append", "224": "ReturnStatement", "225": "MethodInvocation", "226": "builder", "227": "toHashCode"}, "edges": {"0->1": 0, "1->0": 0, "1->2": 0, "2->1": 0, "0->3": 0, "3->0": 0, "3->4": 0, "4->3": 0, "0->5": 0, "5->0": 0, "5->6": 0, "6->5": 0, "0->7": 0, "7->0": 0, "0->8": 0, "8->0": 0, "8->9": 0, "9->8": 0, "9->10": 0, "10->9": 0, "8->11": 0, "11->8": 0, "11->12": 0, "12->11": 0, "11->13": 0, "13->11": 0, "13->14": 0, "14->13": 0, "14->15": 0, "15->14": 0, "0->16": 0, "16->0": 0, "16->17": 0, "17->16": 0, "17->18": 0, "18->17": 0, "16->19": 0, "19->16": 0, "19->20": 0, "20->19": 0, "19->21": 0, "21->19": 0, "21->22": 0, "22->21": 0, "21->23": 0, "23->21": 0, "23->24": 0, "24->23": 0, "21->25": 0, "25->21": 0, "25->26": 0, "26->25": 0, "0->27": 0, "27->0": 0, "27->28": 0, "28->27": 0, "28->29": 0, "29->28": 0, "28->30": 0, "30->28": 0, "30->31": 0, "31->30": 0, "28->32": 0, "32->28": 0, "0->33": 0, "33->0": 0, "33->34": 0, "34->33": 0, "34->35": 0, "35->34": 0, "33->36": 0, "36->33": 0, "36->37": 0, "37->36": 0, "37->38": 0, "38->37": 0, "37->39": 0, "39->37": 0, "39->40": 0, "40->39": 0, "37->41": 0, "41->37": 0, "0->42": 0, "42->0": 0, "42->43": 0, "43->42": 0, "43->44": 0, "44->43": 0, "42->45": 0, "45->42": 0, "45->46": 0, "46->45": 0, "45->47": 0, "47->45": 0, "47->48": 0, "48->47": 0, "47->49": 0, "49->47": 0, "49->50": 0, "50->49": 0, "47->51": 0, "51->47": 0, "51->52": 0, "52->51": 0, "0->53": 0, "53->0": 0, "53->54": 0, "54->53": 0, "54->55": 0, "55->54": 0, "54->56": 0, "56->54": 0, "56->57": 0, "57->56": 0, "54->58": 0, "58->54": 0, "0->59": 0, "59->0": 0, "59->60": 0, "60->59": 0, "60->61": 0, "61->60": 0, "59->62": 0, "62->59": 0, "62->63": 0, "63->62": 0, "63->64": 0, "64->63": 0, "63->65": 0, "65->63": 0, "65->66": 0, "66->65": 0, "63->67": 0, "67->63": 0, "0->68": 0, "68->0": 0, "68->69": 0, "69->68": 0, "69->70": 0, "70->69": 0, "68->71": 0, "71->68": 0, "71->72": 0, "72->71": 0, "71->73": 0, "73->71": 0, "73->74": 0, "74->73": 0, "73->75": 0, "75->73": 0, "75->76": 0, "76->75": 0, "73->77": 0, "77->73": 0, "77->78": 0, "78->77": 0, "0->79": 0, "79->0": 0, "79->80": 0, "80->79": 0, "80->81": 0, "81->80": 0, "80->82": 0, "82->80": 0, "82->83": 0, "83->82": 0, "80->84": 0, "84->80": 0, "0->85": 0, "85->0": 0, "85->86": 0, "86->85": 0, "86->87": 0, "87->86": 0, "85->88": 0, "88->85": 0, "88->89": 0, "89->88": 0, "89->90": 0, "90->89": 0, "89->91": 0, "91->89": 0, "91->92": 0, "92->91": 0, "89->93": 0, "93->89": 0, "0->94": 0, "94->0": 0, "94->95": 0, "95->94": 0, "95->96": 0, "96->95": 0, "94->97": 0, "97->94": 0, "97->98": 0, "98->97": 0, "97->99": 0, "99->97": 0, "99->100": 0, "100->99": 0, "99->101": 0, "101->99": 0, "101->102": 0, "102->101": 0, "99->103": 0, "103->99": 0, "103->104": 0, "104->103": 0, "0->105": 0, "105->0": 0, "105->106": 0, "106->105": 0, "106->107": 0, "107->106": 0, "106->108": 0, "108->106": 0, "108->109": 0, "109->108": 0, "106->110": 0, "110->106": 0, "0->111": 0, "111->0": 0, "111->112": 0, "112->111": 0, "112->113": 0, "113->112": 0, "111->114": 0, "114->111": 0, "114->115": 0, "115->114": 0, "115->116": 0, "116->115": 0, "115->117": 0, "117->115": 0, "117->118": 0, "118->117": 0, "115->119": 0, "119->115": 0, "0->120": 0, "120->0": 0, "120->121": 0, "121->120": 0, "121->122": 0, "122->121": 0, "120->123": 0, "123->120": 0, "123->124": 0, "124->123": 0, "123->125": 0, "125->123": 0, "125->126": 0, "126->125": 0, "125->127": 0, "127->125": 0, "127->128": 0, "128->127": 0, "125->129": 0, "129->125": 0, "129->130": 0, "130->129": 0, "0->131": 0, "131->0": 0, "131->132": 0, "132->131": 0, "132->133": 0, "133->132": 0, "132->134": 0, "134->132": 0, "134->135": 0, "135->134": 0, "132->136": 0, "136->132": 0, "0->137": 0, "137->0": 0, "137->138": 0, "138->137": 0, "138->139": 0, "139->138": 0, "137->140": 0, "140->137": 0, "140->141": 0, "141->140": 0, "141->142": 0, "142->141": 0, "141->143": 0, "143->141": 0, "143->144": 0, "144->143": 0, "141->145": 0, "145->141": 0, "0->146": 0, "146->0": 0, "146->147": 0, "147->146": 0, "147->148": 0, "148->147": 0, "146->149": 0, "149->146": 0, "149->150": 0, "150->149": 0, "149->151": 0, "151->149": 0, "151->152": 0, "152->151": 0, "151->153": 0, "153->151": 0, "153->154": 0, "154->153": 0, "151->155": 0, "155->151": 0, "155->156": 0, "156->155": 0, "0->157": 0, "157->0": 0, "157->158": 0, "158->157": 0, "158->159": 0, "159->158": 0, "158->160": 0, "160->158": 0, "160->161": 0, "161->160": 0, "158->162": 0, "162->158": 0, "0->163": 0, "163->0": 0, "163->164": 0, "164->163": 0, "164->165": 0, "165->164": 0, "163->166": 0, "166->163": 0, "166->167": 0, "167->166": 0, "167->168": 0, "168->167": 0, "167->169": 0, "169->167": 0, "169->170": 0, "170->169": 0, "167->171": 0, "171->167": 0, "0->172": 0, "172->0": 0, "172->173": 0, "173->172": 0, "173->174": 0, "174->173": 0, "172->175": 0, "175->172": 0, "175->176": 0, "176->175": 0, "175->177": 0, "177->175": 0, "177->178": 0, "178->177": 0, "177->179": 0, "179->177": 0, "179->180": 0, "180->179": 0, "177->181": 0, "181->177": 0, "181->182": 0, "182->181": 0, "0->183": 0, "183->0": 0, "183->184": 0, "184->183": 0, "184->185": 0, "185->184": 0, "184->186": 0, "186->184": 0, "186->187": 0, "187->186": 0, "184->188": 0, "188->184": 0, "0->189": 0, "189->0": 0, "189->190": 0, "190->189": 0, "190->191": 0, "191->190": 0, "189->192": 0, "192->189": 0, "192->193": 0, "193->192": 0, "193->194": 0, "194->193": 0, "193->195": 0, "195->193": 0, "195->196": 0, "196->195": 0, "193->197": 0, "197->193": 0, "0->198": 0, "198->0": 0, "198->199": 0, "199->198": 0, "199->200": 0, "200->199": 0, "198->201": 0, "201->198": 0, "201->202": 0, "202->201": 0, "201->203": 0, "203->201": 0, "203->204": 0, "204->203": 0, "203->205": 0, "205->203": 0, "205->206": 0, "206->205": 0, "203->207": 0, "207->203": 0, "207->208": 0, "208->207": 0, "0->209": 0, "209->0": 0, "209->210": 0, "210->209": 0, "210->211": 0, "211->210": 0, "210->212": 0, "212->210": 0, "212->213": 0, "213->212": 0, "210->214": 0, "214->210": 0, "0->215": 0, "215->0": 0, "215->216": 0, "216->215": 0, "216->217": 0, "217->216": 0, "215->218": 0, "218->215": 0, "218->219": 0, "219->218": 0, "219->220": 0, "220->219": 0, "219->221": 0, "221->219": 0, "221->222": 0, "222->221": 0, "219->223": 0, "223->219": 0, "0->224": 0, "224->0": 0, "224->225": 0, "225->224": 0, "225->226": 0, "226->225": 0, "225->227": 0, "227->225": 0, "1->3": 1, "3->1": 12, "3->5": 1, "5->3": 12, "5->7": 1, "7->5": 12, "7->8": 1, "8->7": 12, "8->16": 1, "16->8": 12, "16->27": 1, "27->16": 12, "27->33": 1, "33->27": 12, "33->42": 1, "42->33": 12, "42->53": 1, "53->42": 12, "53->59": 1, "59->53": 12, "59->68": 1, "68->59": 12, "68->79": 1, "79->68": 12, "79->85": 1, "85->79": 12, "85->94": 1, "94->85": 12, "94->105": 1, "105->94": 12, "105->111": 1, "111->105": 12, "111->120": 1, "120->111": 12, "120->131": 1, "131->120": 12, "131->137": 1, "137->131": 12, "137->146": 1, "146->137": 12, "146->157": 1, "157->146": 12, "157->163": 1, "163->157": 12, "163->172": 1, "172->163": 12, "172->183": 1, "183->172": 12, "183->189": 1, "189->183": 12, "189->198": 1, "198->189": 12, "198->209": 1, "209->198": 12, "209->215": 1, "215->209": 12, "215->224": 1, "224->215": 12, "9->11": 1, "11->9": 12, "12->13": 1, "13->12": 12, "17->19": 1, "19->17": 12, "20->21": 1, "21->20": 12, "22->23": 1, "23->22": 12, "23->25": 1, "25->23": 12, "29->30": 1, "30->29": 12, "30->32": 1, "32->30": 12, "34->36": 6, "36->34": 6, "38->39": 1, "39->38": 12, "39->41": 1, "41->39": 12, "43->45": 1, "45->43": 12, "46->47": 1, "47->46": 12, "48->49": 1, "49->48": 12, "49->51": 1, "51->49": 12, "55->56": 1, "56->55": 12, "56->58": 1, "58->56": 12, "60->62": 6, "62->60": 6, "64->65": 1, "65->64": 12, "65->67": 1, "67->65": 12, "69->71": 1, "71->69": 12, "72->73": 1, "73->72": 12, "74->75": 1, "75->74": 12, "75->77": 1, "77->75": 12, "81->82": 1, "82->81": 12, "82->84": 1, "84->82": 12, "86->88": 6, "88->86": 6, "90->91": 1, "91->90": 12, "91->93": 1, "93->91": 12, "95->97": 1, "97->95": 12, "98->99": 1, "99->98": 12, "100->101": 1, "101->100": 12, "101->103": 1, "103->101": 12, "107->108": 1, "108->107": 12, "108->110": 1, "110->108": 12, "112->114": 6, "114->112": 6, "116->117": 1, "117->116": 12, "117->119": 1, "119->117": 12, "121->123": 1, "123->121": 12, "124->125": 1, "125->124": 12, "126->127": 1, "127->126": 12, "127->129": 1, "129->127": 12, "133->134": 1, "134->133": 12, "134->136": 1, "136->134": 12, "138->140": 6, "140->138": 6, "142->143": 1, "143->142": 12, "143->145": 1, "145->143": 12, "147->149": 1, "149->147": 12, "150->151": 1, "151->150": 12, "152->153": 1, "153->152": 12, "153->155": 1, "155->153": 12, "159->160": 1, "160->159": 12, "160->162": 1, "162->160": 12, "164->166": 6, "166->164": 6, "168->169": 1, "169->168": 12, "169->171": 1, "171->169": 12, "173->175": 1, "175->173": 12, "176->177": 1, "177->176": 12, "178->179": 1, "179->178": 12, "179->181": 1, "181->179": 12, "185->186": 1, "186->185": 12, "186->188": 1, "188->186": 12, "190->192": 6, "192->190": 6, "194->195": 1, "195->194": 12, "195->197": 1, "197->195": 12, "199->201": 1, "201->199": 12, "202->203": 1, "203->202": 12, "204->205": 1, "205->204": 12, "205->207": 1, "207->205": 12, "211->212": 1, "212->211": 12, "212->214": 1, "214->212": 12, "216->218": 6, "218->216": 6, "220->221": 1, "221->220": 12, "221->223": 1, "223->221": 12, "226->227": 2, "227->226": 3, "2->4": 2, "4->2": 3, "4->6": 2, "6->4": 3, "6->7": 2, "7->6": 3, "7->10": 2, "10->7": 3, "10->12": 2, "12->10": 3, "12->15": 2, "15->12": 3, "15->18": 2, "18->15": 3, "18->20": 2, "20->18": 3, "20->22": 2, "22->20": 3, "22->24": 2, "24->22": 3, "24->26": 2, "26->24": 3, "26->29": 2, "29->26": 3, "29->31": 2, "31->29": 3, "31->32": 2, "32->31": 3, "32->35": 2, "35->32": 3, "35->38": 2, "38->35": 3, "38->40": 2, "40->38": 3, "40->41": 2, "41->40": 3, "41->44": 2, "44->41": 3, "44->46": 2, "46->44": 3, "46->48": 2, "48->46": 3, "48->50": 2, "50->48": 3, "50->52": 2, "52->50": 3, "52->55": 2, "55->52": 3, "55->57": 2, "57->55": 3, "57->58": 2, "58->57": 3, "58->61": 2, "61->58": 3, "61->64": 2, "64->61": 3, "64->66": 2, "66->64": 3, "66->67": 2, "67->66": 3, "67->70": 2, "70->67": 3, "70->72": 2, "72->70": 3, "72->74": 2, "74->72": 3, "74->76": 2, "76->74": 3, "76->78": 2, "78->76": 3, "78->81": 2, "81->78": 3, "81->83": 2, "83->81": 3, "83->84": 2, "84->83": 3, "84->87": 2, "87->84": 3, "87->90": 2, "90->87": 3, "90->92": 2, "92->90": 3, "92->93": 2, "93->92": 3, "93->96": 2, "96->93": 3, "96->98": 2, "98->96": 3, "98->100": 2, "100->98": 3, "100->102": 2, "102->100": 3, "102->104": 2, "104->102": 3, "104->107": 2, "107->104": 3, "107->109": 2, "109->107": 3, "109->110": 2, "110->109": 3, "110->113": 2, "113->110": 3, "113->116": 2, "116->113": 3, "116->118": 2, "118->116": 3, "118->119": 2, "119->118": 3, "119->122": 2, "122->119": 3, "122->124": 2, "124->122": 3, "124->126": 2, "126->124": 3, "126->128": 2, "128->126": 3, "128->130": 2, "130->128": 3, "130->133": 2, "133->130": 3, "133->135": 2, "135->133": 3, "135->136": 2, "136->135": 3, "136->139": 2, "139->136": 3, "139->142": 2, "142->139": 3, "142->144": 2, "144->142": 3, "144->145": 2, "145->144": 3, "145->148": 2, "148->145": 3, "148->150": 2, "150->148": 3, "150->152": 2, "152->150": 3, "152->154": 2, "154->152": 3, "154->156": 2, "156->154": 3, "156->159": 2, "159->156": 3, "159->161": 2, "161->159": 3, "161->162": 2, "162->161": 3, "162->165": 2, "165->162": 3, "165->168": 2, "168->165": 3, "168->170": 2, "170->168": 3, "170->171": 2, "171->170": 3, "171->174": 2, "174->171": 3, "174->176": 2, "176->174": 3, "176->178": 2, "178->176": 3, "178->180": 2, "180->178": 3, "180->182": 2, "182->180": 3, "182->185": 2, "185->182": 3, "185->187": 2, "187->185": 3, "187->188": 2, "188->187": 3, "188->191": 2, "191->188": 3, "191->194": 2, "194->191": 3, "194->196": 2, "196->194": 3, "196->197": 2, "197->196": 3, "197->200": 2, "200->197": 3, "200->202": 2, "202->200": 3, "202->204": 2, "204->202": 3, "204->206": 2, "206->204": 3, "206->208": 2, "208->206": 3, "208->211": 2, "211->208": 3, "211->213": 2, "213->211": 3, "213->214": 2, "214->213": 3, "214->217": 2, "217->214": 3, "217->220": 2, "220->217": 3, "220->222": 2, "222->220": 3, "222->223": 2, "223->222": 3, "223->226": 2, "226->223": 3, "31->35": 4, "35->31": 5, "57->61": 4, "61->57": 5, "83->87": 4, "87->83": 5, "109->113": 4, "113->109": 5, "135->139": 4, "139->135": 5, "161->165": 4, "165->161": 5, "187->191": 4, "191->187": 5, "213->217": 4, "217->213": 5}, "metrics": [28.0, 9.0, 0.0]}