{"nodelist": ["MethodDeclaration", "{'public'}", "public", "Annotation", "Test", "checkStreamCapabilitiesOnHdfsDataOutputStream", "Exception", "LocalVariableDeclaration", "ReferenceType", "MiniDFSCluster", "VariableDeclarator", "cluster", "MethodInvocation", "htu", "Literal", "1", "startMiniDFSCluster", "TryStatement", "TryResource", "ReferenceType", "FileSystem", "filesystem", "MethodInvocation", "cluster", "getFileSystem", "LocalVariableDeclaration", "ReferenceType", "FSDataOutputStream", "VariableDeclarator", "stream", "MethodInvocation", "filesystem", "ClassCreator", "ReferenceType", "Path", "Literal", "\"/tmp/foobar\"", "create", "StatementExpression", "MethodInvocation", "MethodInvocation", "stream", "MemberReference", "StreamCapabilities", "HSYNC", "hasCapability", "assertTrue", "StatementExpression", "MethodInvocation", "MethodInvocation", "stream", "MemberReference", "StreamCapabilities", "HFLUSH", "hasCapability", "assertTrue", "StatementExpression", "MethodInvocation", "MethodInvocation", "stream", "Literal", "\"a capability that hopefully HDFS doesn't add.\"", "hasCapability", "assertFalse", "StatementExpression", "MethodInvocation", "cluster", "shutdown"], "nodes": {"0": "MethodDeclaration", "1": "Modifier", "2": "public", "3": "Annotation", "4": "Test", "5": "checkStreamCapabilitiesOnHdfsDataOutputStream", "6": "Exception", "7": "LocalVariableDeclaration", "8": "ReferenceType", "9": "MiniDFSCluster", "10": "VariableDeclarator", "11": "cluster", "12": "MethodInvocation", "13": "htu", "14": "Literal", "15": "1", "16": "startMiniDFSCluster", "17": "TryStatement", "18": "TryResource", "19": "ReferenceType", "20": "FileSystem", "21": "filesystem", "22": "MethodInvocation", "23": "cluster", "24": "getFileSystem", "25": "LocalVariableDeclaration", "26": "ReferenceType", "27": "FSDataOutputStream", "28": "VariableDeclarator", "29": "stream", "30": "MethodInvocation", "31": "filesystem", "32": "ClassCreator", "33": "ReferenceType", "34": "Path", "35": "Literal", "36": "\"/tmp/foobar\"", "37": "create", "38": "StatementExpression", "39": "MethodInvocation", "40": "MethodInvocation", "41": "stream", "42": "MemberReference", "43": "StreamCapabilities", "44": "HSYNC", "45": "hasCapability", "46": "assertTrue", "47": "StatementExpression", "48": "MethodInvocation", "49": "MethodInvocation", "50": "stream", "51": "MemberReference", "52": "StreamCapabilities", "53": "HFLUSH", "54": "hasCapability", "55": "assertTrue", "56": "StatementExpression", "57": "MethodInvocation", "58": "MethodInvocation", "59": "stream", "60": "Literal", "61": "\"a capability that hopefully HDFS doesn't add.\"", "62": "hasCapability", "63": "assertFalse", "64": "StatementExpression", "65": "MethodInvocation", "66": "cluster", "67": "shutdown"}, "edges": {"0->1": 0, "1->0": 0, "1->2": 0, "2->1": 0, "0->3": 0, "3->0": 0, "3->4": 0, "4->3": 0, "0->5": 0, "5->0": 0, "0->6": 0, "6->0": 0, "0->7": 0, "7->0": 0, "7->8": 0, "8->7": 0, "8->9": 0, "9->8": 0, "7->10": 0, "10->7": 0, "10->11": 0, "11->10": 0, "10->12": 0, "12->10": 0, "12->13": 0, "13->12": 0, "12->14": 0, "14->12": 0, "14->15": 0, "15->14": 0, "12->16": 0, "16->12": 0, "0->17": 0, "17->0": 0, "17->18": 0, "18->17": 0, "18->19": 0, "19->18": 0, "19->20": 0, "20->19": 0, "18->21": 0, "21->18": 0, "18->22": 0, "22->18": 0, "22->23": 0, "23->22": 0, "22->24": 0, "24->22": 0, "17->25": 0, "25->17": 0, "25->26": 0, "26->25": 0, "26->27": 0, "27->26": 0, "25->28": 0, "28->25": 0, "28->29": 0, "29->28": 0, "28->30": 0, "30->28": 0, "30->31": 0, "31->30": 0, "30->32": 0, "32->30": 0, "32->33": 0, "33->32": 0, "33->34": 0, "34->33": 0, "32->35": 0, "35->32": 0, "35->36": 0, "36->35": 0, "30->37": 0, "37->30": 0, "17->38": 0, "38->17": 0, "38->39": 0, "39->38": 0, "39->40": 0, "40->39": 0, "40->41": 0, "41->40": 0, "40->42": 0, "42->40": 0, "42->43": 0, "43->42": 0, "42->44": 0, "44->42": 0, "40->45": 0, "45->40": 0, "39->46": 0, "46->39": 0, "17->47": 0, "47->17": 0, "47->48": 0, "48->47": 0, "48->49": 0, "49->48": 0, "49->50": 0, "50->49": 0, "49->51": 0, "51->49": 0, "51->52": 0, "52->51": 0, "51->53": 0, "53->51": 0, "49->54": 0, "54->49": 0, "48->55": 0, "55->48": 0, "17->56": 0, "56->17": 0, "56->57": 0, "57->56": 0, "57->58": 0, "58->57": 0, "58->59": 0, "59->58": 0, "58->60": 0, "60->58": 0, "60->61": 0, "61->60": 0, "58->62": 0, "62->58": 0, "57->63": 0, "63->57": 0, "17->64": 0, "64->17": 0, "64->65": 0, "65->64": 0, "65->66": 0, "66->65": 0, "65->67": 0, "67->65": 0, "1->3": 1, "3->1": 12, "3->5": 1, "5->3": 12, "5->6": 2, "6->5": 3, "6->7": 1, "7->6": 12, "7->17": 1, "17->7": 12, "8->10": 1, "10->8": 12, "11->12": 1, "12->11": 12, "13->14": 1, "14->13": 12, "14->16": 1, "16->14": 12, "18->25": 1, "25->18": 12, "25->38": 1, "38->25": 12, "38->47": 1, "47->38": 12, "47->56": 1, "56->47": 12, "56->64": 1, "64->56": 12, "19->21": 1, "21->19": 12, "21->22": 1, "22->21": 12, "23->24": 2, "24->23": 3, "26->28": 1, "28->26": 12, "29->30": 1, "30->29": 12, "31->32": 1, "32->31": 12, "32->37": 1, "37->32": 12, "33->35": 1, "35->33": 12, "40->46": 1, "46->40": 12, "41->42": 1, "42->41": 12, "42->45": 1, "45->42": 12, "43->44": 2, "44->43": 3, "49->55": 1, "55->49": 12, "50->51": 1, "51->50": 12, "51->54": 1, "54->51": 12, "52->53": 2, "53->52": 3, "58->63": 1, "63->58": 12, "59->60": 1, "60->59": 12, "60->62": 1, "62->60": 12, "66->67": 2, "67->66": 3, "2->4": 2, "4->2": 3, "4->5": 2, "5->4": 3, "6->9": 2, "9->6": 3, "9->11": 2, "11->9": 3, "11->13": 2, "13->11": 3, "13->15": 2, "15->13": 3, "15->16": 2, "16->15": 3, "16->20": 2, "20->16": 3, "20->21": 2, "21->20": 3, "21->23": 2, "23->21": 3, "24->27": 2, "27->24": 3, "27->29": 2, "29->27": 3, "29->31": 2, "31->29": 3, "31->34": 2, "34->31": 3, "34->36": 2, "36->34": 3, "36->37": 2, "37->36": 3, "37->41": 2, "41->37": 3, "41->43": 2, "43->41": 3, "44->45": 2, "45->44": 3, "45->46": 2, "46->45": 3, "46->50": 2, "50->46": 3, "50->52": 2, "52->50": 3, "53->54": 2, "54->53": 3, "54->55": 2, "55->54": 3, "55->59": 2, "59->55": 3, "59->61": 2, "61->59": 3, "61->62": 2, "62->61": 3, "62->63": 2, "63->62": 3, "63->66": 2, "66->63": 3}, "metrics": [12.0, 1.0, 0.0]}