{"nodelist": ["MethodDeclaration", "{'public'}", "public", "preListSnapshot", "FormalParameter", "{'final'}", "final", "ReferenceType", "SnapshotDescription", "snapshot", "IOException", "StatementExpression", "MethodInvocation", "TernaryExpression", "MethodInvocation", "coprocEnvironments", "isEmpty", "Literal", "null", "ClassCreator", "ReferenceType", "MasterObserverOperation", "MethodDeclaration", "{'public'}", "public", "Annotation", "Override", "call", "FormalParameter", "ReferenceType", "MasterObserver", "observer", "IOException", "StatementExpression", "MethodInvocation", "observer", "This", "MemberReference", "snapshot", "preListSnapshot", "execOperation"], "nodes": {"0": "MethodDeclaration", "1": "Modifier", "2": "public", "3": "preListSnapshot", "4": "FormalParameter", "5": "Modifier", "6": "final", "7": "ReferenceType", "8": "SnapshotDescription", "9": "snapshot", "10": "IOException", "11": "StatementExpression", "12": "MethodInvocation", "13": "TernaryExpression", "14": "MethodInvocation", "15": "coprocEnvironments", "16": "isEmpty", "17": "Literal", "18": "null", "19": "ClassCreator", "20": "ReferenceType", "21": "MasterObserverOperation", "22": "MethodDeclaration", "23": "Modifier", "24": "public", "25": "Annotation", "26": "Override", "27": "call", "28": "FormalParameter", "29": "ReferenceType", "30": "MasterObserver", "31": "observer", "32": "IOException", "33": "StatementExpression", "34": "MethodInvocation", "35": "observer", "36": "This", "37": "MemberReference", "38": "snapshot", "39": "preListSnapshot", "40": "execOperation"}, "edges": {"0->1": 0, "1->0": 0, "1->2": 0, "2->1": 0, "0->3": 0, "3->0": 0, "0->4": 0, "4->0": 0, "4->5": 0, "5->4": 0, "5->6": 0, "6->5": 0, "4->7": 0, "7->4": 0, "7->8": 0, "8->7": 0, "4->9": 0, "9->4": 0, "0->10": 0, "10->0": 0, "0->11": 0, "11->0": 0, "11->12": 0, "12->11": 0, "12->13": 0, "13->12": 0, "13->14": 0, "14->13": 0, "14->15": 0, "15->14": 0, "14->16": 0, "16->14": 0, "13->17": 0, "17->13": 0, "17->18": 0, "18->17": 0, "13->19": 0, "19->13": 0, "19->20": 0, "20->19": 0, "20->21": 0, "21->20": 0, "19->22": 0, "22->19": 0, "22->23": 0, "23->22": 0, "23->24": 0, "24->23": 0, "22->25": 0, "25->22": 0, "25->26": 0, "26->25": 0, "22->27": 0, "27->22": 0, "22->28": 0, "28->22": 0, "28->29": 0, "29->28": 0, "29->30": 0, "30->29": 0, "28->31": 0, "31->28": 0, "22->32": 0, "32->22": 0, "22->33": 0, "33->22": 0, "33->34": 0, "34->33": 0, "34->35": 0, "35->34": 0, "34->36": 0, "36->34": 0, "34->37": 0, "37->34": 0, "37->38": 0, "38->37": 0, "34->39": 0, "39->34": 0, "12->40": 0, "40->12": 0, "1->3": 1, "3->1": 12, "3->4": 1, "4->3": 12, "4->10": 1, "10->4": 12, "10->11": 1, "11->10": 12, "5->7": 1, "7->5": 12, "7->9": 1, "9->7": 12, "13->40": 1, "40->13": 12, "14->17": 1, "17->14": 12, "17->19": 1, "19->17": 12, "15->16": 2, "16->15": 3, "20->22": 1, "22->20": 12, "23->25": 1, "25->23": 12, "25->27": 1, "27->25": 12, "27->28": 1, "28->27": 12, "28->32": 1, "32->28": 12, "32->33": 1, "33->32": 12, "29->31": 1, "31->29": 12, "35->36": 2, "36->35": 3, "36->37": 1, "37->36": 12, "37->39": 1, "39->37": 12, "2->3": 2, "3->2": 3, "3->6": 2, "6->3": 3, "6->8": 2, "8->6": 3, "8->9": 2, "9->8": 3, "9->10": 2, "10->9": 3, "10->15": 2, "15->10": 3, "16->18": 2, "18->16": 3, "18->21": 2, "21->18": 3, "21->24": 2, "24->21": 3, "24->26": 2, "26->24": 3, "26->27": 2, "27->26": 3, "27->30": 2, "30->27": 3, "30->31": 2, "31->30": 3, "31->32": 2, "32->31": 3, "32->35": 2, "35->32": 3, "36->38": 2, "38->36": 3, "38->39": 2, "39->38": 3, "39->40": 2, "40->39": 3}, "metrics": [8.0, 1.0, 1.0]}