{"nodelist": ["MethodDeclaration", "{'public'}", "public", "ReferenceType", "AsyncMethodCallback", "TypeArgument", "ReferenceType", "Void", "getResultHandler", "FormalParameter", "{'final'}", "final", "ReferenceType", "AsyncFrameBuffer", "fb", "FormalParameter", "{'final'}", "final", "BasicType", "int", "seqid", "LocalVariableDeclaration", "{'final'}", "final", "ReferenceType", "org", "ReferenceType", "apache", "ReferenceType", "thrift", "ReferenceType", "AsyncProcessFunction", "VariableDeclarator", "fcall", "This", "ReturnStatement", "ClassCreator", "ReferenceType", "AsyncMethodCallback", "TypeArgument", "ReferenceType", "Void", "MethodDeclaration", "{'public'}", "public", "onComplete", "FormalParameter", "ReferenceType", "Void", "o", "LocalVariableDeclaration", "ReferenceType", "deleteAllRow_result", "VariableDeclarator", "result", "ClassCreator", "ReferenceType", "deleteAllRow_result", "TryStatement", "StatementExpression", "MethodInvocation", "fcall", "MemberReference", "fb", "MemberReference", "result", "MemberReference", "org.apache.thrift.protocol.TMessageType", "REPLY", "MemberReference", "seqid", "sendResponse", "ReturnStatement", "CatchClause", "CatchClauseParameter", "Exception", "e", "StatementExpression", "MethodInvocation", "LOGGER", "Literal", "\"Exception writing to internal frame buffer\"", "MemberReference", "e", "error", "StatementExpression", "MethodInvocation", "fb", "close", "MethodDeclaration", "{'public'}", "public", "onError", "FormalParameter", "ReferenceType", "Exception", "e", "LocalVariableDeclaration", "BasicType", "byte", "VariableDeclarator", "msgType", "MemberReference", "org.apache.thrift.protocol.TMessageType", "REPLY", "LocalVariableDeclaration", "ReferenceType", "org", "ReferenceType", "apache", "ReferenceType", "thrift", "ReferenceType", "TBase", "VariableDeclarator", "msg", "LocalVariableDeclaration", "ReferenceType", "deleteAllRow_result", "VariableDeclarator", "result", "ClassCreator", "ReferenceType", "deleteAllRow_result", "IfStatement", "BinaryOperation", "instanceof", "MemberReference", "e", "ReferenceType", "IOError", "BlockStatement", "StatementExpression", "Assignment", "MemberReference", "result", "io", "Cast", "ReferenceType", "IOError", "MemberReference", "e", "=", "StatementExpression", "MethodInvocation", "result", "Literal", "true", "setIoIsSet", "StatementExpression", "Assignment", "MemberReference", "msg", "MemberReference", "result", "=", "BlockStatement", "StatementExpression", "Assignment", "MemberReference", "msgType", "MemberReference", "org.apache.thrift.protocol.TMessageType", "EXCEPTION", "=", "StatementExpression", "Assignment", "MemberReference", "msg", "Cast", "ReferenceType", "org", "ReferenceType", "apache", "ReferenceType", "thrift", "ReferenceType", "TBase", "ClassCreator", "ReferenceType", "org", "ReferenceType", "apache", "ReferenceType", "thrift", "ReferenceType", "TApplicationException", "MemberReference", "org.apache.thrift.TApplicationException", "INTERNAL_ERROR", "MethodInvocation", "e", "getMessage", "=", "TryStatement", "StatementExpression", "MethodInvocation", "fcall", "MemberReference", "fb", "MemberReference", "msg", "MemberReference", "msgType", "MemberReference", "seqid", "sendResponse", "ReturnStatement", "CatchClause", "CatchClauseParameter", "Exception", "ex", "StatementExpression", "MethodInvocation", "LOGGER", "Literal", "\"Exception writing to internal frame buffer\"", "MemberReference", "ex", "error", "StatementExpression", "MethodInvocation", "fb", "close"], "nodes": {"0": "MethodDeclaration", "1": "Modifier", "2": "public", "3": "ReferenceType", "4": "AsyncMethodCallback", "5": "TypeArgument", "6": "ReferenceType", "7": "Void", "8": "getResultHandler", "9": "FormalParameter", "10": "Modifier", "11": "final", "12": "ReferenceType", "13": "AsyncFrameBuffer", "14": "fb", "15": "FormalParameter", "16": "Modifier", "17": "final", "18": "BasicType", "19": "int", "20": "seqid", "21": "LocalVariableDeclaration", "22": "Modifier", "23": "final", "24": "ReferenceType", "25": "org", "26": "ReferenceType", "27": "apache", "28": "ReferenceType", "29": "thrift", "30": "ReferenceType", "31": "AsyncProcessFunction", "32": "VariableDeclarator", "33": "fcall", "34": "This", "35": "ReturnStatement", "36": "ClassCreator", "37": "ReferenceType", "38": "AsyncMethodCallback", "39": "TypeArgument", "40": "ReferenceType", "41": "Void", "42": "MethodDeclaration", "43": "Modifier", "44": "public", "45": "onComplete", "46": "FormalParameter", "47": "ReferenceType", "48": "Void", "49": "o", "50": "LocalVariableDeclaration", "51": "ReferenceType", "52": "deleteAllRow_result", "53": "VariableDeclarator", "54": "result", "55": "ClassCreator", "56": "ReferenceType", "57": "deleteAllRow_result", "58": "TryStatement", "59": "StatementExpression", "60": "MethodInvocation", "61": "fcall", "62": "MemberReference", "63": "fb", "64": "MemberReference", "65": "result", "66": "MemberReference", "67": "org.apache.thrift.protocol.TMessageType", "68": "REPLY", "69": "MemberReference", "70": "seqid", "71": "sendResponse", "72": "ReturnStatement", "73": "CatchClause", "74": "CatchClauseParameter", "75": "Exception", "76": "e", "77": "StatementExpression", "78": "MethodInvocation", "79": "LOGGER", "80": "Literal", "81": "\"Exception writing to internal frame buffer\"", "82": "MemberReference", "83": "e", "84": "error", "85": "StatementExpression", "86": "MethodInvocation", "87": "fb", "88": "close", "89": "MethodDeclaration", "90": "Modifier", "91": "public", "92": "onError", "93": "FormalParameter", "94": "ReferenceType", "95": "Exception", "96": "e", "97": "LocalVariableDeclaration", "98": "BasicType", "99": "byte", "100": "VariableDeclarator", "101": "msgType", "102": "MemberReference", "103": "org.apache.thrift.protocol.TMessageType", "104": "REPLY", "105": "LocalVariableDeclaration", "106": "ReferenceType", "107": "org", "108": "ReferenceType", "109": "apache", "110": "ReferenceType", "111": "thrift", "112": "ReferenceType", "113": "TBase", "114": "VariableDeclarator", "115": "msg", "116": "LocalVariableDeclaration", "117": "ReferenceType", "118": "deleteAllRow_result", "119": "VariableDeclarator", "120": "result", "121": "ClassCreator", "122": "ReferenceType", "123": "deleteAllRow_result", "124": "IfStatement", "125": "BinaryOperation", "126": "instanceof", "127": "MemberReference", "128": "e", "129": "ReferenceType", "130": "IOError", "131": "BlockStatement", "132": "StatementExpression", "133": "Assignment", "134": "MemberReference", "135": "result", "136": "io", "137": "Cast", "138": "ReferenceType", "139": "IOError", "140": "MemberReference", "141": "e", "142": "=", "143": "StatementExpression", "144": "MethodInvocation", "145": "result", "146": "Literal", "147": "true", "148": "setIoIsSet", "149": "StatementExpression", "150": "Assignment", "151": "MemberReference", "152": "msg", "153": "MemberReference", "154": "result", "155": "=", "156": "BlockStatement", "157": "StatementExpression", "158": "Assignment", "159": "MemberReference", "160": "msgType", "161": "MemberReference", "162": "org.apache.thrift.protocol.TMessageType", "163": "EXCEPTION", "164": "=", "165": "StatementExpression", "166": "Assignment", "167": "MemberReference", "168": "msg", "169": "Cast", "170": "ReferenceType", "171": "org", "172": "ReferenceType", "173": "apache", "174": "ReferenceType", "175": "thrift", "176": "ReferenceType", "177": "TBase", "178": "ClassCreator", "179": "ReferenceType", "180": "org", "181": "ReferenceType", "182": "apache", "183": "ReferenceType", "184": "thrift", "185": "ReferenceType", "186": "TApplicationException", "187": "MemberReference", "188": "org.apache.thrift.TApplicationException", "189": "INTERNAL_ERROR", "190": "MethodInvocation", "191": "e", "192": "getMessage", "193": "=", "194": "TryStatement", "195": "StatementExpression", "196": "MethodInvocation", "197": "fcall", "198": "MemberReference", "199": "fb", "200": "MemberReference", "201": "msg", "202": "MemberReference", "203": "msgType", "204": "MemberReference", "205": "seqid", "206": "sendResponse", "207": "ReturnStatement", "208": "CatchClause", "209": "CatchClauseParameter", "210": "Exception", "211": "ex", "212": "StatementExpression", "213": "MethodInvocation", "214": "LOGGER", "215": "Literal", "216": "\"Exception writing to internal frame buffer\"", "217": "MemberReference", "218": "ex", "219": "error", "220": "StatementExpression", "221": "MethodInvocation", "222": "fb", "223": "close"}, "edges": {"0->1": 0, "1->0": 0, "1->2": 0, "2->1": 0, "0->3": 0, "3->0": 0, "3->4": 0, "4->3": 0, "3->5": 0, "5->3": 0, "5->6": 0, "6->5": 0, "6->7": 0, "7->6": 0, "0->8": 0, "8->0": 0, "0->9": 0, "9->0": 0, "9->10": 0, "10->9": 0, "10->11": 0, "11->10": 0, "9->12": 0, "12->9": 0, "12->13": 0, "13->12": 0, "9->14": 0, "14->9": 0, "0->15": 0, "15->0": 0, "15->16": 0, "16->15": 0, "16->17": 0, "17->16": 0, "15->18": 0, "18->15": 0, "18->19": 0, "19->18": 0, "15->20": 0, "20->15": 0, "0->21": 0, "21->0": 0, "21->22": 0, "22->21": 0, "22->23": 0, "23->22": 0, "21->24": 0, "24->21": 0, "24->25": 0, "25->24": 0, "24->26": 0, "26->24": 0, "26->27": 0, "27->26": 0, "26->28": 0, "28->26": 0, "28->29": 0, "29->28": 0, "28->30": 0, "30->28": 0, "30->31": 0, "31->30": 0, "21->32": 0, "32->21": 0, "32->33": 0, "33->32": 0, "32->34": 0, "34->32": 0, "0->35": 0, "35->0": 0, "35->36": 0, "36->35": 0, "36->37": 0, "37->36": 0, "37->38": 0, "38->37": 0, "37->39": 0, "39->37": 0, "39->40": 0, "40->39": 0, "40->41": 0, "41->40": 0, "36->42": 0, "42->36": 0, "42->43": 0, "43->42": 0, "43->44": 0, "44->43": 0, "42->45": 0, "45->42": 0, "42->46": 0, "46->42": 0, "46->47": 0, "47->46": 0, "47->48": 0, "48->47": 0, "46->49": 0, "49->46": 0, "42->50": 0, "50->42": 0, "50->51": 0, "51->50": 0, "51->52": 0, "52->51": 0, "50->53": 0, "53->50": 0, "53->54": 0, "54->53": 0, "53->55": 0, "55->53": 0, "55->56": 0, "56->55": 0, "56->57": 0, "57->56": 0, "42->58": 0, "58->42": 0, "58->59": 0, "59->58": 0, "59->60": 0, "60->59": 0, "60->61": 0, "61->60": 0, "60->62": 0, "62->60": 0, "62->63": 0, "63->62": 0, "60->64": 0, "64->60": 0, "64->65": 0, "65->64": 0, "60->66": 0, "66->60": 0, "66->67": 0, "67->66": 0, "66->68": 0, "68->66": 0, "60->69": 0, "69->60": 0, "69->70": 0, "70->69": 0, "60->71": 0, "71->60": 0, "58->72": 0, "72->58": 0, "58->73": 0, "73->58": 0, "73->74": 0, "74->73": 0, "74->75": 0, "75->74": 0, "74->76": 0, "76->74": 0, "73->77": 0, "77->73": 0, "77->78": 0, "78->77": 0, "78->79": 0, "79->78": 0, "78->80": 0, "80->78": 0, "80->81": 0, "81->80": 0, "78->82": 0, "82->78": 0, "82->83": 0, "83->82": 0, "78->84": 0, "84->78": 0, "42->85": 0, "85->42": 0, "85->86": 0, "86->85": 0, "86->87": 0, "87->86": 0, "86->88": 0, "88->86": 0, "36->89": 0, "89->36": 0, "89->90": 0, "90->89": 0, "90->91": 0, "91->90": 0, "89->92": 0, "92->89": 0, "89->93": 0, "93->89": 0, "93->94": 0, "94->93": 0, "94->95": 0, "95->94": 0, "93->96": 0, "96->93": 0, "89->97": 0, "97->89": 0, "97->98": 0, "98->97": 0, "98->99": 0, "99->98": 0, "97->100": 0, "100->97": 0, "100->101": 0, "101->100": 0, "100->102": 0, "102->100": 0, "102->103": 0, "103->102": 0, "102->104": 0, "104->102": 0, "89->105": 0, "105->89": 0, "105->106": 0, "106->105": 0, "106->107": 0, "107->106": 0, "106->108": 0, "108->106": 0, "108->109": 0, "109->108": 0, "108->110": 0, "110->108": 0, "110->111": 0, "111->110": 0, "110->112": 0, "112->110": 0, "112->113": 0, "113->112": 0, "105->114": 0, "114->105": 0, "114->115": 0, "115->114": 0, "89->116": 0, "116->89": 0, "116->117": 0, "117->116": 0, "117->118": 0, "118->117": 0, "116->119": 0, "119->116": 0, "119->120": 0, "120->119": 0, "119->121": 0, "121->119": 0, "121->122": 0, "122->121": 0, "122->123": 0, "123->122": 0, "89->124": 0, "124->89": 0, "124->125": 0, "125->124": 0, "125->126": 0, "126->125": 0, "125->127": 0, "127->125": 0, "127->128": 0, "128->127": 0, "125->129": 0, "129->125": 0, "129->130": 0, "130->129": 0, "124->131": 0, "131->124": 0, "131->132": 0, "132->131": 0, "132->133": 0, "133->132": 0, "133->134": 0, "134->133": 0, "134->135": 0, "135->134": 0, "134->136": 0, "136->134": 0, "133->137": 0, "137->133": 0, "137->138": 0, "138->137": 0, "138->139": 0, "139->138": 0, "137->140": 0, "140->137": 0, "140->141": 0, "141->140": 0, "133->142": 0, "142->133": 0, "131->143": 0, "143->131": 0, "143->144": 0, "144->143": 0, "144->145": 0, "145->144": 0, "144->146": 0, "146->144": 0, "146->147": 0, "147->146": 0, "144->148": 0, "148->144": 0, "131->149": 0, "149->131": 0, "149->150": 0, "150->149": 0, "150->151": 0, "151->150": 0, "151->152": 0, "152->151": 0, "150->153": 0, "153->150": 0, "153->154": 0, "154->153": 0, "150->155": 0, "155->150": 0, "124->156": 0, "156->124": 0, "156->157": 0, "157->156": 0, "157->158": 0, "158->157": 0, "158->159": 0, "159->158": 0, "159->160": 0, "160->159": 0, "158->161": 0, "161->158": 0, "161->162": 0, "162->161": 0, "161->163": 0, "163->161": 0, "158->164": 0, "164->158": 0, "156->165": 0, "165->156": 0, "165->166": 0, "166->165": 0, "166->167": 0, "167->166": 0, "167->168": 0, "168->167": 0, "166->169": 0, "169->166": 0, "169->170": 0, "170->169": 0, "170->171": 0, "171->170": 0, "170->172": 0, "172->170": 0, "172->173": 0, "173->172": 0, "172->174": 0, "174->172": 0, "174->175": 0, "175->174": 0, "174->176": 0, "176->174": 0, "176->177": 0, "177->176": 0, "169->178": 0, "178->169": 0, "178->179": 0, "179->178": 0, "179->180": 0, "180->179": 0, "179->181": 0, "181->179": 0, "181->182": 0, "182->181": 0, "181->183": 0, "183->181": 0, "183->184": 0, "184->183": 0, "183->185": 0, "185->183": 0, "185->186": 0, "186->185": 0, "178->187": 0, "187->178": 0, "187->188": 0, "188->187": 0, "187->189": 0, "189->187": 0, "178->190": 0, "190->178": 0, "190->191": 0, "191->190": 0, "190->192": 0, "192->190": 0, "166->193": 0, "193->166": 0, "89->194": 0, "194->89": 0, "194->195": 0, "195->194": 0, "195->196": 0, "196->195": 0, "196->197": 0, "197->196": 0, "196->198": 0, "198->196": 0, "198->199": 0, "199->198": 0, "196->200": 0, "200->196": 0, "200->201": 0, "201->200": 0, "196->202": 0, "202->196": 0, "202->203": 0, "203->202": 0, "196->204": 0, "204->196": 0, "204->205": 0, "205->204": 0, "196->206": 0, "206->196": 0, "194->207": 0, "207->194": 0, "194->208": 0, "208->194": 0, "208->209": 0, "209->208": 0, "209->210": 0, "210->209": 0, "209->211": 0, "211->209": 0, "208->212": 0, "212->208": 0, "212->213": 0, "213->212": 0, "213->214": 0, "214->213": 0, "213->215": 0, "215->213": 0, "215->216": 0, "216->215": 0, "213->217": 0, "217->213": 0, "217->218": 0, "218->217": 0, "213->219": 0, "219->213": 0, "89->220": 0, "220->89": 0, "220->221": 0, "221->220": 0, "221->222": 0, "222->221": 0, "221->223": 0, "223->221": 0, "1->3": 1, "3->1": 12, "3->8": 1, "8->3": 12, "8->9": 1, "9->8": 12, "9->15": 1, "15->9": 12, "15->21": 1, "21->15": 12, "21->35": 1, "35->21": 12, "4->5": 1, "5->4": 12, "10->12": 1, "12->10": 12, "12->14": 1, "14->12": 12, "16->18": 1, "18->16": 12, "18->20": 1, "20->18": 12, "22->24": 1, "24->22": 12, "24->32": 1, "32->24": 12, "25->26": 1, "26->25": 12, "27->28": 1, "28->27": 12, "29->30": 1, "30->29": 12, "33->34": 2, "34->33": 3, "37->42": 1, "42->37": 12, "42->89": 1, "89->42": 12, "38->39": 1, "39->38": 12, "43->45": 1, "45->43": 12, "45->46": 1, "46->45": 12, "46->50": 1, "50->46": 12, "50->58": 1, "58->50": 12, "58->85": 1, "85->58": 12, "47->49": 1, "49->47": 12, "51->53": 1, "53->51": 12, "54->55": 1, "55->54": 12, "59->72": 1, "72->59": 12, "72->73": 1, "73->72": 12, "61->62": 1, "62->61": 12, "62->64": 1, "64->62": 12, "64->66": 1, "66->64": 12, "66->69": 1, "69->66": 12, "69->71": 1, "71->69": 12, "67->68": 2, "68->67": 3, "74->77": 1, "77->74": 12, "75->76": 2, "76->75": 3, "79->80": 1, "80->79": 12, "80->82": 1, "82->80": 12, "82->84": 1, "84->82": 12, "87->88": 2, "88->87": 3, "90->92": 1, "92->90": 12, "92->93": 1, "93->92": 12, "93->97": 1, "97->93": 12, "97->105": 1, "105->97": 12, "105->116": 1, "116->105": 12, "116->124": 1, "124->116": 12, "124->194": 1, "194->124": 12, "194->220": 1, "220->194": 12, "94->96": 1, "96->94": 12, "98->100": 1, "100->98": 12, "101->102": 1, "102->101": 12, "103->104": 2, "104->103": 3, "106->114": 1, "114->106": 12, "107->108": 1, "108->107": 12, "109->110": 1, "110->109": 12, "111->112": 1, "112->111": 12, "117->119": 1, "119->117": 12, "120->121": 1, "121->120": 12, "125->131": 6, "131->125": 6, "131->156": 1, "156->131": 12, "126->127": 1, "127->126": 12, "127->129": 1, "129->127": 12, "132->143": 10, "143->132": 11, "143->149": 10, "149->143": 11, "134->137": 1, "137->134": 12, "137->142": 1, "142->137": 12, "135->136": 2, "136->135": 3, "138->140": 1, "140->138": 12, "145->146": 1, "146->145": 12, "146->148": 1, "148->146": 12, "151->153": 1, "153->151": 12, "153->155": 1, "155->153": 12, "157->165": 10, "165->157": 11, "159->161": 1, "161->159": 12, "161->164": 1, "164->161": 12, "162->163": 2, "163->162": 3, "167->169": 1, "169->167": 12, "169->193": 1, "193->169": 12, "170->178": 1, "178->170": 12, "171->172": 1, "172->171": 12, "173->174": 1, "174->173": 12, "175->176": 1, "176->175": 12, "179->187": 1, "187->179": 12, "187->190": 1, "190->187": 12, "180->181": 1, "181->180": 12, "182->183": 1, "183->182": 12, "184->185": 1, "185->184": 12, "188->189": 2, "189->188": 3, "191->192": 2, "192->191": 3, "195->207": 1, "207->195": 12, "207->208": 1, "208->207": 12, "197->198": 1, "198->197": 12, "198->200": 1, "200->198": 12, "200->202": 1, "202->200": 12, "202->204": 1, "204->202": 12, "204->206": 1, "206->204": 12, "209->212": 1, "212->209": 12, "210->211": 2, "211->210": 3, "214->215": 1, "215->214": 12, "215->217": 1, "217->215": 12, "217->219": 1, "219->217": 12, "222->223": 2, "223->222": 3, "125->156": 7, "156->125": 7, "2->4": 2, "4->2": 3, "4->7": 2, "7->4": 3, "7->8": 2, "8->7": 3, "8->11": 2, "11->8": 3, "11->13": 2, "13->11": 3, "13->14": 2, "14->13": 3, "14->17": 2, "17->14": 3, "17->19": 2, "19->17": 3, "19->20": 2, "20->19": 3, "20->23": 2, "23->20": 3, "23->25": 2, "25->23": 3, "25->27": 2, "27->25": 3, "27->29": 2, "29->27": 3, "29->31": 2, "31->29": 3, "31->33": 2, "33->31": 3, "34->38": 2, "38->34": 3, "38->41": 2, "41->38": 3, "41->44": 2, "44->41": 3, "44->45": 2, "45->44": 3, "45->48": 2, "48->45": 3, "48->49": 2, "49->48": 3, "49->52": 2, "52->49": 3, "52->54": 2, "54->52": 3, "54->57": 2, "57->54": 3, "57->61": 2, "61->57": 3, "61->63": 2, "63->61": 3, "63->65": 2, "65->63": 3, "65->67": 2, "67->65": 3, "68->70": 2, "70->68": 3, "70->71": 2, "71->70": 3, "71->72": 2, "72->71": 3, "72->75": 2, "75->72": 3, "76->79": 2, "79->76": 3, "79->81": 2, "81->79": 3, "81->83": 2, "83->81": 3, "83->84": 2, "84->83": 3, "84->87": 2, "87->84": 3, "88->91": 2, "91->88": 3, "91->92": 2, "92->91": 3, "92->95": 2, "95->92": 3, "95->96": 2, "96->95": 3, "96->99": 2, "99->96": 3, "99->101": 2, "101->99": 3, "101->103": 2, "103->101": 3, "104->107": 2, "107->104": 3, "107->109": 2, "109->107": 3, "109->111": 2, "111->109": 3, "111->113": 2, "113->111": 3, "113->115": 2, "115->113": 3, "115->118": 2, "118->115": 3, "118->120": 2, "120->118": 3, "120->123": 2, "123->120": 3, "123->126": 2, "126->123": 3, "126->128": 2, "128->126": 3, "128->130": 2, "130->128": 3, "130->135": 2, "135->130": 3, "136->139": 2, "139->136": 3, "139->141": 2, "141->139": 3, "141->142": 2, "142->141": 3, "142->145": 2, "145->142": 3, "145->147": 2, "147->145": 3, "147->148": 2, "148->147": 3, "148->152": 2, "152->148": 3, "152->154": 2, "154->152": 3, "154->155": 2, "155->154": 3, "155->160": 2, "160->155": 3, "160->162": 2, "162->160": 3, "163->164": 2, "164->163": 3, "164->168": 2, "168->164": 3, "168->171": 2, "171->168": 3, "171->173": 2, "173->171": 3, "173->175": 2, "175->173": 3, "175->177": 2, "177->175": 3, "177->180": 2, "180->177": 3, "180->182": 2, "182->180": 3, "182->184": 2, "184->182": 3, "184->186": 2, "186->184": 3, "186->188": 2, "188->186": 3, "189->191": 2, "191->189": 3, "192->193": 2, "193->192": 3, "193->197": 2, "197->193": 3, "197->199": 2, "199->197": 3, "199->201": 2, "201->199": 3, "201->203": 2, "203->201": 3, "203->205": 2, "205->203": 3, "205->206": 2, "206->205": 3, "206->207": 2, "207->206": 3, "207->210": 2, "210->207": 3, "211->214": 2, "214->211": 3, "214->216": 2, "216->214": 3, "216->218": 2, "218->216": 3, "218->219": 2, "219->218": 3, "219->222": 2, "222->219": 3, "63->199": 4, "199->63": 5, "65->154": 4, "154->65": 5, "68->104": 4, "104->68": 5, "70->205": 4, "205->70": 5, "83->128": 4, "128->83": 5, "128->141": 4, "141->128": 5, "152->168": 4, "168->152": 5, "168->201": 4, "201->168": 5, "160->203": 4, "203->160": 5}, "metrics": [39.0, 2.0, 2.0]}