{"nodelist": ["MethodDeclaration", "{'protected'}", "protected", "ReferenceType", "InternalScanner", "preCreateCoprocScanner", "FormalParameter", "{'final'}", "final", "ReferenceType", "CompactionRequest", "request", "FormalParameter", "ReferenceType", "ScanType", "scanType", "FormalParameter", "BasicType", "long", "earliestPutTs", "FormalParameter", "ReferenceType", "List", "TypeArgument", "ReferenceType", "StoreFileScanner", "scanners", "IOException", "IfStatement", "BinaryOperation", "==", "MethodInvocation", "store", "getCoprocessorHost", "Literal", "null", "ReturnStatement", "Literal", "null", "ReturnStatement", "MethodInvocation", "store", "MethodInvocation", "MemberReference", "store", "MemberReference", "scanners", "MemberReference", "scanType", "MemberReference", "earliestPutTs", "MemberReference", "request", "preCompactScannerOpen", "getCoprocessorHost"], "nodes": {"0": "MethodDeclaration", "1": "Modifier", "2": "protected", "3": "ReferenceType", "4": "InternalScanner", "5": "preCreateCoprocScanner", "6": "FormalParameter", "7": "Modifier", "8": "final", "9": "ReferenceType", "10": "CompactionRequest", "11": "request", "12": "FormalParameter", "13": "ReferenceType", "14": "ScanType", "15": "scanType", "16": "FormalParameter", "17": "BasicType", "18": "long", "19": "earliestPutTs", "20": "FormalParameter", "21": "ReferenceType", "22": "List", "23": "TypeArgument", "24": "ReferenceType", "25": "StoreFileScanner", "26": "scanners", "27": "IOException", "28": "IfStatement", "29": "BinaryOperation", "30": "==", "31": "MethodInvocation", "32": "store", "33": "getCoprocessorHost", "34": "Literal", "35": "null", "36": "ReturnStatement", "37": "Literal", "38": "null", "39": "ReturnStatement", "40": "MethodInvocation", "41": "store", "42": "MethodInvocation", "43": "MemberReference", "44": "store", "45": "MemberReference", "46": "scanners", "47": "MemberReference", "48": "scanType", "49": "MemberReference", "50": "earliestPutTs", "51": "MemberReference", "52": "request", "53": "preCompactScannerOpen", "54": "getCoprocessorHost"}, "edges": {"0->1": 0, "1->0": 0, "1->2": 0, "2->1": 0, "0->3": 0, "3->0": 0, "3->4": 0, "4->3": 0, "0->5": 0, "5->0": 0, "0->6": 0, "6->0": 0, "6->7": 0, "7->6": 0, "7->8": 0, "8->7": 0, "6->9": 0, "9->6": 0, "9->10": 0, "10->9": 0, "6->11": 0, "11->6": 0, "0->12": 0, "12->0": 0, "12->13": 0, "13->12": 0, "13->14": 0, "14->13": 0, "12->15": 0, "15->12": 0, "0->16": 0, "16->0": 0, "16->17": 0, "17->16": 0, "17->18": 0, "18->17": 0, "16->19": 0, "19->16": 0, "0->20": 0, "20->0": 0, "20->21": 0, "21->20": 0, "21->22": 0, "22->21": 0, "21->23": 0, "23->21": 0, "23->24": 0, "24->23": 0, "24->25": 0, "25->24": 0, "20->26": 0, "26->20": 0, "0->27": 0, "27->0": 0, "0->28": 0, "28->0": 0, "28->29": 0, "29->28": 0, "29->30": 0, "30->29": 0, "29->31": 0, "31->29": 0, "31->32": 0, "32->31": 0, "31->33": 0, "33->31": 0, "29->34": 0, "34->29": 0, "34->35": 0, "35->34": 0, "28->36": 0, "36->28": 0, "36->37": 0, "37->36": 0, "37->38": 0, "38->37": 0, "0->39": 0, "39->0": 0, "39->40": 0, "40->39": 0, "40->41": 0, "41->40": 0, "40->42": 0, "42->40": 0, "42->43": 0, "43->42": 0, "43->44": 0, "44->43": 0, "42->45": 0, "45->42": 0, "45->46": 0, "46->45": 0, "42->47": 0, "47->42": 0, "47->48": 0, "48->47": 0, "42->49": 0, "49->42": 0, "49->50": 0, "50->49": 0, "42->51": 0, "51->42": 0, "51->52": 0, "52->51": 0, "42->53": 0, "53->42": 0, "40->54": 0, "54->40": 0, "1->3": 1, "3->1": 12, "3->5": 1, "5->3": 12, "5->6": 1, "6->5": 12, "6->12": 1, "12->6": 12, "12->16": 1, "16->12": 12, "16->20": 1, "20->16": 12, "20->27": 1, "27->20": 12, "27->28": 1, "28->27": 12, "28->39": 1, "39->28": 12, "7->9": 1, "9->7": 12, "9->11": 1, "11->9": 12, "13->15": 1, "15->13": 12, "17->19": 1, "19->17": 12, "21->26": 1, "26->21": 12, "22->23": 1, "23->22": 12, "29->36": 6, "36->29": 6, "30->31": 1, "31->30": 12, "31->34": 1, "34->31": 12, "32->33": 2, "33->32": 3, "41->42": 1, "42->41": 12, "42->54": 1, "54->42": 12, "43->45": 1, "45->43": 12, "45->47": 1, "47->45": 12, "47->49": 1, "49->47": 12, "49->51": 1, "51->49": 12, "51->53": 1, "53->51": 12, "2->4": 2, "4->2": 3, "4->5": 2, "5->4": 3, "5->8": 2, "8->5": 3, "8->10": 2, "10->8": 3, "10->11": 2, "11->10": 3, "11->14": 2, "14->11": 3, "14->15": 2, "15->14": 3, "15->18": 2, "18->15": 3, "18->19": 2, "19->18": 3, "19->22": 2, "22->19": 3, "22->25": 2, "25->22": 3, "25->26": 2, "26->25": 3, "26->27": 2, "27->26": 3, "27->30": 2, "30->27": 3, "30->32": 2, "32->30": 3, "33->35": 2, "35->33": 3, "35->38": 2, "38->35": 3, "38->41": 2, "41->38": 3, "41->44": 2, "44->41": 3, "44->46": 2, "46->44": 3, "46->48": 2, "48->46": 3, "48->50": 2, "50->48": 3, "50->52": 2, "52->50": 3, "52->53": 2, "53->52": 3, "53->54": 2, "54->53": 3}, "metrics": [4.0, 2.0, 4.0]}