{"nodelist": ["MethodDeclaration", "{'public'}", "public", "ReferenceType", "Result", "get", "FormalParameter", "BasicType", "byte", "regionName", "FormalParameter", "ReferenceType", "Get", "get", "IOException"], "nodes": {"0": "MethodDeclaration", "1": "Modifier", "2": "public", "3": "ReferenceType", "4": "Result", "5": "get", "6": "FormalParameter", "7": "BasicType", "8": "byte", "9": "regionName", "10": "FormalParameter", "11": "ReferenceType", "12": "Get", "13": "get", "14": "IOException"}, "edges": {"0->1": 0, "1->0": 0, "1->2": 0, "2->1": 0, "0->3": 0, "3->0": 0, "3->4": 0, "4->3": 0, "0->5": 0, "5->0": 0, "0->6": 0, "6->0": 0, "6->7": 0, "7->6": 0, "7->8": 0, "8->7": 0, "6->9": 0, "9->6": 0, "0->10": 0, "10->0": 0, "10->11": 0, "11->10": 0, "11->12": 0, "12->11": 0, "10->13": 0, "13->10": 0, "0->14": 0, "14->0": 0, "1->3": 1, "3->1": 12, "3->5": 1, "5->3": 12, "5->6": 1, "6->5": 12, "6->10": 1, "10->6": 12, "10->14": 1, "14->10": 12, "7->9": 1, "9->7": 12, "11->13": 1, "13->11": 12, "2->4": 2, "4->2": 3, "4->5": 2, "5->4": 3, "5->8": 2, "8->5": 3, "8->9": 2, "9->8": 3, "9->12": 2, "12->9": 3, "12->13": 2, "13->12": 3, "13->14": 2, "14->13": 3}, "metrics": [0.0, 1.0, 2.0]}