{"nodelist": ["MethodDeclaration", "{'public'}", "public", "onError", "FormalParameter", "ReferenceType", "java", "ReferenceType", "lang", "ReferenceType", "Exception", "e", "LocalVariableDeclaration", "BasicType", "byte", "VariableDeclarator", "msgType", "MemberReference", "org.apache.thrift.protocol.TMessageType", "REPLY", "LocalVariableDeclaration", "ReferenceType", "org", "ReferenceType", "apache", "ReferenceType", "thrift", "ReferenceType", "TSerializable", "VariableDeclarator", "msg", "LocalVariableDeclaration", "ReferenceType", "enableTable_result", "VariableDeclarator", "result", "ClassCreator", "ReferenceType", "enableTable_result", "IfStatement", "BinaryOperation", "instanceof", "MemberReference", "e", "ReferenceType", "IOError", "BlockStatement", "StatementExpression", "Assignment", "MemberReference", "result", "io", "Cast", "ReferenceType", "IOError", "MemberReference", "e", "=", "StatementExpression", "MethodInvocation", "result", "Literal", "true", "setIoIsSet", "StatementExpression", "Assignment", "MemberReference", "msg", "MemberReference", "result", "=", "IfStatement", "BinaryOperation", "instanceof", "MemberReference", "e", "ReferenceType", "org", "ReferenceType", "apache", "ReferenceType", "thrift", "ReferenceType", "transport", "ReferenceType", "TTransportException", "BlockStatement", "StatementExpression", "MethodInvocation", "_LOGGER", "Literal", "\"TTransportException inside handler\"", "MemberReference", "e", "error", "StatementExpression", "MethodInvocation", "fb", "close", "ReturnStatement", "IfStatement", "BinaryOperation", "instanceof", "MemberReference", "e", "ReferenceType", "org", "ReferenceType", "apache", "ReferenceType", "thrift", "ReferenceType", "TApplicationException", "BlockStatement", "StatementExpression", "MethodInvocation", "_LOGGER", "Literal", "\"TApplicationException inside handler\"", "MemberReference", "e", "error", "StatementExpression", "Assignment", "MemberReference", "msgType", "MemberReference", "org.apache.thrift.protocol.TMessageType", "EXCEPTION", "=", "StatementExpression", "Assignment", "MemberReference", "msg", "Cast", "ReferenceType", "org", "ReferenceType", "apache", "ReferenceType", "thrift", "ReferenceType", "TApplicationException", "MemberReference", "e", "=", "BlockStatement", "StatementExpression", "MethodInvocation", "_LOGGER", "Literal", "\"Exception inside handler\"", "MemberReference", "e", "error", "StatementExpression", "Assignment", "MemberReference", "msgType", "MemberReference", "org.apache.thrift.protocol.TMessageType", "EXCEPTION", "=", "StatementExpression", "Assignment", "MemberReference", "msg", "ClassCreator", "ReferenceType", "org", "ReferenceType", "apache", "ReferenceType", "thrift", "ReferenceType", "TApplicationException", "MemberReference", "org.apache.thrift.TApplicationException", "INTERNAL_ERROR", "MethodInvocation", "e", "getMessage", "=", "TryStatement", "StatementExpression", "MethodInvocation", "fcall", "MemberReference", "fb", "MemberReference", "msg", "MemberReference", "msgType", "MemberReference", "seqid", "sendResponse", "CatchClause", "CatchClauseParameter", "java.lang.Exception", "ex", "StatementExpression", "MethodInvocation", "_LOGGER", "Literal", "\"Exception writing to internal frame buffer\"", "MemberReference", "ex", "error", "StatementExpression", "MethodInvocation", "fb", "close"], "nodes": {"0": "MethodDeclaration", "1": "Modifier", "2": "public", "3": "onError", "4": "FormalParameter", "5": "ReferenceType", "6": "java", "7": "ReferenceType", "8": "lang", "9": "ReferenceType", "10": "Exception", "11": "e", "12": "LocalVariableDeclaration", "13": "BasicType", "14": "byte", "15": "VariableDeclarator", "16": "msgType", "17": "MemberReference", "18": "org.apache.thrift.protocol.TMessageType", "19": "REPLY", "20": "LocalVariableDeclaration", "21": "ReferenceType", "22": "org", "23": "ReferenceType", "24": "apache", "25": "ReferenceType", "26": "thrift", "27": "ReferenceType", "28": "TSerializable", "29": "VariableDeclarator", "30": "msg", "31": "LocalVariableDeclaration", "32": "ReferenceType", "33": "enableTable_result", "34": "VariableDeclarator", "35": "result", "36": "ClassCreator", "37": "ReferenceType", "38": "enableTable_result", "39": "IfStatement", "40": "BinaryOperation", "41": "instanceof", "42": "MemberReference", "43": "e", "44": "ReferenceType", "45": "IOError", "46": "BlockStatement", "47": "StatementExpression", "48": "Assignment", "49": "MemberReference", "50": "result", "51": "io", "52": "Cast", "53": "ReferenceType", "54": "IOError", "55": "MemberReference", "56": "e", "57": "=", "58": "StatementExpression", "59": "MethodInvocation", "60": "result", "61": "Literal", "62": "true", "63": "setIoIsSet", "64": "StatementExpression", "65": "Assignment", "66": "MemberReference", "67": "msg", "68": "MemberReference", "69": "result", "70": "=", "71": "IfStatement", "72": "BinaryOperation", "73": "instanceof", "74": "MemberReference", "75": "e", "76": "ReferenceType", "77": "org", "78": "ReferenceType", "79": "apache", "80": "ReferenceType", "81": "thrift", "82": "ReferenceType", "83": "transport", "84": "ReferenceType", "85": "TTransportException", "86": "BlockStatement", "87": "StatementExpression", "88": "MethodInvocation", "89": "_LOGGER", "90": "Literal", "91": "\"TTransportException inside handler\"", "92": "MemberReference", "93": "e", "94": "error", "95": "StatementExpression", "96": "MethodInvocation", "97": "fb", "98": "close", "99": "ReturnStatement", "100": "IfStatement", "101": "BinaryOperation", "102": "instanceof", "103": "MemberReference", "104": "e", "105": "ReferenceType", "106": "org", "107": "ReferenceType", "108": "apache", "109": "ReferenceType", "110": "thrift", "111": "ReferenceType", "112": "TApplicationException", "113": "BlockStatement", "114": "StatementExpression", "115": "MethodInvocation", "116": "_LOGGER", "117": "Literal", "118": "\"TApplicationException inside handler\"", "119": "MemberReference", "120": "e", "121": "error", "122": "StatementExpression", "123": "Assignment", "124": "MemberReference", "125": "msgType", "126": "MemberReference", "127": "org.apache.thrift.protocol.TMessageType", "128": "EXCEPTION", "129": "=", "130": "StatementExpression", "131": "Assignment", "132": "MemberReference", "133": "msg", "134": "Cast", "135": "ReferenceType", "136": "org", "137": "ReferenceType", "138": "apache", "139": "ReferenceType", "140": "thrift", "141": "ReferenceType", "142": "TApplicationException", "143": "MemberReference", "144": "e", "145": "=", "146": "BlockStatement", "147": "StatementExpression", "148": "MethodInvocation", "149": "_LOGGER", "150": "Literal", "151": "\"Exception inside handler\"", "152": "MemberReference", "153": "e", "154": "error", "155": "StatementExpression", "156": "Assignment", "157": "MemberReference", "158": "msgType", "159": "MemberReference", "160": "org.apache.thrift.protocol.TMessageType", "161": "EXCEPTION", "162": "=", "163": "StatementExpression", "164": "Assignment", "165": "MemberReference", "166": "msg", "167": "ClassCreator", "168": "ReferenceType", "169": "org", "170": "ReferenceType", "171": "apache", "172": "ReferenceType", "173": "thrift", "174": "ReferenceType", "175": "TApplicationException", "176": "MemberReference", "177": "org.apache.thrift.TApplicationException", "178": "INTERNAL_ERROR", "179": "MethodInvocation", "180": "e", "181": "getMessage", "182": "=", "183": "TryStatement", "184": "StatementExpression", "185": "MethodInvocation", "186": "fcall", "187": "MemberReference", "188": "fb", "189": "MemberReference", "190": "msg", "191": "MemberReference", "192": "msgType", "193": "MemberReference", "194": "seqid", "195": "sendResponse", "196": "CatchClause", "197": "CatchClauseParameter", "198": "java.lang.Exception", "199": "ex", "200": "StatementExpression", "201": "MethodInvocation", "202": "_LOGGER", "203": "Literal", "204": "\"Exception writing to internal frame buffer\"", "205": "MemberReference", "206": "ex", "207": "error", "208": "StatementExpression", "209": "MethodInvocation", "210": "fb", "211": "close"}, "edges": {"0->1": 0, "1->0": 0, "1->2": 0, "2->1": 0, "0->3": 0, "3->0": 0, "0->4": 0, "4->0": 0, "4->5": 0, "5->4": 0, "5->6": 0, "6->5": 0, "5->7": 0, "7->5": 0, "7->8": 0, "8->7": 0, "7->9": 0, "9->7": 0, "9->10": 0, "10->9": 0, "4->11": 0, "11->4": 0, "0->12": 0, "12->0": 0, "12->13": 0, "13->12": 0, "13->14": 0, "14->13": 0, "12->15": 0, "15->12": 0, "15->16": 0, "16->15": 0, "15->17": 0, "17->15": 0, "17->18": 0, "18->17": 0, "17->19": 0, "19->17": 0, "0->20": 0, "20->0": 0, "20->21": 0, "21->20": 0, "21->22": 0, "22->21": 0, "21->23": 0, "23->21": 0, "23->24": 0, "24->23": 0, "23->25": 0, "25->23": 0, "25->26": 0, "26->25": 0, "25->27": 0, "27->25": 0, "27->28": 0, "28->27": 0, "20->29": 0, "29->20": 0, "29->30": 0, "30->29": 0, "0->31": 0, "31->0": 0, "31->32": 0, "32->31": 0, "32->33": 0, "33->32": 0, "31->34": 0, "34->31": 0, "34->35": 0, "35->34": 0, "34->36": 0, "36->34": 0, "36->37": 0, "37->36": 0, "37->38": 0, "38->37": 0, "0->39": 0, "39->0": 0, "39->40": 0, "40->39": 0, "40->41": 0, "41->40": 0, "40->42": 0, "42->40": 0, "42->43": 0, "43->42": 0, "40->44": 0, "44->40": 0, "44->45": 0, "45->44": 0, "39->46": 0, "46->39": 0, "46->47": 0, "47->46": 0, "47->48": 0, "48->47": 0, "48->49": 0, "49->48": 0, "49->50": 0, "50->49": 0, "49->51": 0, "51->49": 0, "48->52": 0, "52->48": 0, "52->53": 0, "53->52": 0, "53->54": 0, "54->53": 0, "52->55": 0, "55->52": 0, "55->56": 0, "56->55": 0, "48->57": 0, "57->48": 0, "46->58": 0, "58->46": 0, "58->59": 0, "59->58": 0, "59->60": 0, "60->59": 0, "59->61": 0, "61->59": 0, "61->62": 0, "62->61": 0, "59->63": 0, "63->59": 0, "46->64": 0, "64->46": 0, "64->65": 0, "65->64": 0, "65->66": 0, "66->65": 0, "66->67": 0, "67->66": 0, "65->68": 0, "68->65": 0, "68->69": 0, "69->68": 0, "65->70": 0, "70->65": 0, "39->71": 0, "71->39": 0, "71->72": 0, "72->71": 0, "72->73": 0, "73->72": 0, "72->74": 0, "74->72": 0, "74->75": 0, "75->74": 0, "72->76": 0, "76->72": 0, "76->77": 0, "77->76": 0, "76->78": 0, "78->76": 0, "78->79": 0, "79->78": 0, "78->80": 0, "80->78": 0, "80->81": 0, "81->80": 0, "80->82": 0, "82->80": 0, "82->83": 0, "83->82": 0, "82->84": 0, "84->82": 0, "84->85": 0, "85->84": 0, "71->86": 0, "86->71": 0, "86->87": 0, "87->86": 0, "87->88": 0, "88->87": 0, "88->89": 0, "89->88": 0, "88->90": 0, "90->88": 0, "90->91": 0, "91->90": 0, "88->92": 0, "92->88": 0, "92->93": 0, "93->92": 0, "88->94": 0, "94->88": 0, "86->95": 0, "95->86": 0, "95->96": 0, "96->95": 0, "96->97": 0, "97->96": 0, "96->98": 0, "98->96": 0, "86->99": 0, "99->86": 0, "71->100": 0, "100->71": 0, "100->101": 0, "101->100": 0, "101->102": 0, "102->101": 0, "101->103": 0, "103->101": 0, "103->104": 0, "104->103": 0, "101->105": 0, "105->101": 0, "105->106": 0, "106->105": 0, "105->107": 0, "107->105": 0, "107->108": 0, "108->107": 0, "107->109": 0, "109->107": 0, "109->110": 0, "110->109": 0, "109->111": 0, "111->109": 0, "111->112": 0, "112->111": 0, "100->113": 0, "113->100": 0, "113->114": 0, "114->113": 0, "114->115": 0, "115->114": 0, "115->116": 0, "116->115": 0, "115->117": 0, "117->115": 0, "117->118": 0, "118->117": 0, "115->119": 0, "119->115": 0, "119->120": 0, "120->119": 0, "115->121": 0, "121->115": 0, "113->122": 0, "122->113": 0, "122->123": 0, "123->122": 0, "123->124": 0, "124->123": 0, "124->125": 0, "125->124": 0, "123->126": 0, "126->123": 0, "126->127": 0, "127->126": 0, "126->128": 0, "128->126": 0, "123->129": 0, "129->123": 0, "113->130": 0, "130->113": 0, "130->131": 0, "131->130": 0, "131->132": 0, "132->131": 0, "132->133": 0, "133->132": 0, "131->134": 0, "134->131": 0, "134->135": 0, "135->134": 0, "135->136": 0, "136->135": 0, "135->137": 0, "137->135": 0, "137->138": 0, "138->137": 0, "137->139": 0, "139->137": 0, "139->140": 0, "140->139": 0, "139->141": 0, "141->139": 0, "141->142": 0, "142->141": 0, "134->143": 0, "143->134": 0, "143->144": 0, "144->143": 0, "131->145": 0, "145->131": 0, "100->146": 0, "146->100": 0, "146->147": 0, "147->146": 0, "147->148": 0, "148->147": 0, "148->149": 0, "149->148": 0, "148->150": 0, "150->148": 0, "150->151": 0, "151->150": 0, "148->152": 0, "152->148": 0, "152->153": 0, "153->152": 0, "148->154": 0, "154->148": 0, "146->155": 0, "155->146": 0, "155->156": 0, "156->155": 0, "156->157": 0, "157->156": 0, "157->158": 0, "158->157": 0, "156->159": 0, "159->156": 0, "159->160": 0, "160->159": 0, "159->161": 0, "161->159": 0, "156->162": 0, "162->156": 0, "146->163": 0, "163->146": 0, "163->164": 0, "164->163": 0, "164->165": 0, "165->164": 0, "165->166": 0, "166->165": 0, "164->167": 0, "167->164": 0, "167->168": 0, "168->167": 0, "168->169": 0, "169->168": 0, "168->170": 0, "170->168": 0, "170->171": 0, "171->170": 0, "170->172": 0, "172->170": 0, "172->173": 0, "173->172": 0, "172->174": 0, "174->172": 0, "174->175": 0, "175->174": 0, "167->176": 0, "176->167": 0, "176->177": 0, "177->176": 0, "176->178": 0, "178->176": 0, "167->179": 0, "179->167": 0, "179->180": 0, "180->179": 0, "179->181": 0, "181->179": 0, "164->182": 0, "182->164": 0, "0->183": 0, "183->0": 0, "183->184": 0, "184->183": 0, "184->185": 0, "185->184": 0, "185->186": 0, "186->185": 0, "185->187": 0, "187->185": 0, "187->188": 0, "188->187": 0, "185->189": 0, "189->185": 0, "189->190": 0, "190->189": 0, "185->191": 0, "191->185": 0, "191->192": 0, "192->191": 0, "185->193": 0, "193->185": 0, "193->194": 0, "194->193": 0, "185->195": 0, "195->185": 0, "183->196": 0, "196->183": 0, "196->197": 0, "197->196": 0, "197->198": 0, "198->197": 0, "197->199": 0, "199->197": 0, "196->200": 0, "200->196": 0, "200->201": 0, "201->200": 0, "201->202": 0, "202->201": 0, "201->203": 0, "203->201": 0, "203->204": 0, "204->203": 0, "201->205": 0, "205->201": 0, "205->206": 0, "206->205": 0, "201->207": 0, "207->201": 0, "196->208": 0, "208->196": 0, "208->209": 0, "209->208": 0, "209->210": 0, "210->209": 0, "209->211": 0, "211->209": 0, "1->3": 1, "3->1": 12, "3->4": 1, "4->3": 12, "4->12": 1, "12->4": 12, "12->20": 1, "20->12": 12, "20->31": 1, "31->20": 12, "31->39": 1, "39->31": 12, "39->183": 1, "183->39": 12, "5->11": 1, "11->5": 12, "6->7": 1, "7->6": 12, "8->9": 1, "9->8": 12, "13->15": 1, "15->13": 12, "16->17": 1, "17->16": 12, "18->19": 2, "19->18": 3, "21->29": 1, "29->21": 12, "22->23": 1, "23->22": 12, "24->25": 1, "25->24": 12, "26->27": 1, "27->26": 12, "32->34": 1, "34->32": 12, "35->36": 1, "36->35": 12, "40->46": 6, "46->40": 6, "46->71": 1, "71->46": 12, "41->42": 1, "42->41": 12, "42->44": 1, "44->42": 12, "47->58": 10, "58->47": 11, "58->64": 10, "64->58": 11, "49->52": 1, "52->49": 12, "52->57": 1, "57->52": 12, "50->51": 2, "51->50": 3, "53->55": 1, "55->53": 12, "60->61": 1, "61->60": 12, "61->63": 1, "63->61": 12, "66->68": 1, "68->66": 12, "68->70": 1, "70->68": 12, "72->86": 6, "86->72": 6, "86->100": 1, "100->86": 12, "73->74": 1, "74->73": 12, "74->76": 1, "76->74": 12, "77->78": 1, "78->77": 12, "79->80": 1, "80->79": 12, "81->82": 1, "82->81": 12, "83->84": 1, "84->83": 12, "87->95": 10, "95->87": 11, "95->99": 10, "99->95": 11, "89->90": 1, "90->89": 12, "90->92": 1, "92->90": 12, "92->94": 1, "94->92": 12, "97->98": 2, "98->97": 3, "101->113": 6, "113->101": 6, "113->146": 1, "146->113": 12, "102->103": 1, "103->102": 12, "103->105": 1, "105->103": 12, "106->107": 1, "107->106": 12, "108->109": 1, "109->108": 12, "110->111": 1, "111->110": 12, "114->122": 10, "122->114": 11, "122->130": 10, "130->122": 11, "116->117": 1, "117->116": 12, "117->119": 1, "119->117": 12, "119->121": 1, "121->119": 12, "124->126": 1, "126->124": 12, "126->129": 1, "129->126": 12, "127->128": 2, "128->127": 3, "132->134": 1, "134->132": 12, "134->145": 1, "145->134": 12, "135->143": 1, "143->135": 12, "136->137": 1, "137->136": 12, "138->139": 1, "139->138": 12, "140->141": 1, "141->140": 12, "147->155": 10, "155->147": 11, "155->163": 10, "163->155": 11, "149->150": 1, "150->149": 12, "150->152": 1, "152->150": 12, "152->154": 1, "154->152": 12, "157->159": 1, "159->157": 12, "159->162": 1, "162->159": 12, "160->161": 2, "161->160": 3, "165->167": 1, "167->165": 12, "167->182": 1, "182->167": 12, "168->176": 1, "176->168": 12, "176->179": 1, "179->176": 12, "169->170": 1, "170->169": 12, "171->172": 1, "172->171": 12, "173->174": 1, "174->173": 12, "177->178": 2, "178->177": 3, "180->181": 2, "181->180": 3, "184->196": 1, "196->184": 12, "186->187": 1, "187->186": 12, "187->189": 1, "189->187": 12, "189->191": 1, "191->189": 12, "191->193": 1, "193->191": 12, "193->195": 1, "195->193": 12, "197->200": 1, "200->197": 12, "200->208": 1, "208->200": 12, "198->199": 2, "199->198": 3, "202->203": 1, "203->202": 12, "203->205": 1, "205->203": 12, "205->207": 1, "207->205": 12, "210->211": 2, "211->210": 3, "40->71": 7, "71->40": 7, "72->100": 7, "100->72": 7, "101->146": 7, "146->101": 7, "2->3": 2, "3->2": 3, "3->6": 2, "6->3": 3, "6->8": 2, "8->6": 3, "8->10": 2, "10->8": 3, "10->11": 2, "11->10": 3, "11->14": 2, "14->11": 3, "14->16": 2, "16->14": 3, "16->18": 2, "18->16": 3, "19->22": 2, "22->19": 3, "22->24": 2, "24->22": 3, "24->26": 2, "26->24": 3, "26->28": 2, "28->26": 3, "28->30": 2, "30->28": 3, "30->33": 2, "33->30": 3, "33->35": 2, "35->33": 3, "35->38": 2, "38->35": 3, "38->41": 2, "41->38": 3, "41->43": 2, "43->41": 3, "43->45": 2, "45->43": 3, "45->50": 2, "50->45": 3, "51->54": 2, "54->51": 3, "54->56": 2, "56->54": 3, "56->57": 2, "57->56": 3, "57->60": 2, "60->57": 3, "60->62": 2, "62->60": 3, "62->63": 2, "63->62": 3, "63->67": 2, "67->63": 3, "67->69": 2, "69->67": 3, "69->70": 2, "70->69": 3, "70->73": 2, "73->70": 3, "73->75": 2, "75->73": 3, "75->77": 2, "77->75": 3, "77->79": 2, "79->77": 3, "79->81": 2, "81->79": 3, "81->83": 2, "83->81": 3, "83->85": 2, "85->83": 3, "85->89": 2, "89->85": 3, "89->91": 2, "91->89": 3, "91->93": 2, "93->91": 3, "93->94": 2, "94->93": 3, "94->97": 2, "97->94": 3, "98->99": 2, "99->98": 3, "99->102": 2, "102->99": 3, "102->104": 2, "104->102": 3, "104->106": 2, "106->104": 3, "106->108": 2, "108->106": 3, "108->110": 2, "110->108": 3, "110->112": 2, "112->110": 3, "112->116": 2, "116->112": 3, "116->118": 2, "118->116": 3, "118->120": 2, "120->118": 3, "120->121": 2, "121->120": 3, "121->125": 2, "125->121": 3, "125->127": 2, "127->125": 3, "128->129": 2, "129->128": 3, "129->133": 2, "133->129": 3, "133->136": 2, "136->133": 3, "136->138": 2, "138->136": 3, "138->140": 2, "140->138": 3, "140->142": 2, "142->140": 3, "142->144": 2, "144->142": 3, "144->145": 2, "145->144": 3, "145->149": 2, "149->145": 3, "149->151": 2, "151->149": 3, "151->153": 2, "153->151": 3, "153->154": 2, "154->153": 3, "154->158": 2, "158->154": 3, "158->160": 2, "160->158": 3, "161->162": 2, "162->161": 3, "162->166": 2, "166->162": 3, "166->169": 2, "169->166": 3, "169->171": 2, "171->169": 3, "171->173": 2, "173->171": 3, "173->175": 2, "175->173": 3, "175->177": 2, "177->175": 3, "178->180": 2, "180->178": 3, "181->182": 2, "182->181": 3, "182->186": 2, "186->182": 3, "186->188": 2, "188->186": 3, "188->190": 2, "190->188": 3, "190->192": 2, "192->190": 3, "192->194": 2, "194->192": 3, "194->195": 2, "195->194": 3, "195->198": 2, "198->195": 3, "199->202": 2, "202->199": 3, "202->204": 2, "204->202": 3, "204->206": 2, "206->204": 3, "206->207": 2, "207->206": 3, "207->210": 2, "210->207": 3, "43->56": 4, "56->43": 5, "56->75": 4, "75->56": 5, "75->93": 4, "93->75": 5, "93->104": 4, "104->93": 5, "104->120": 4, "120->104": 5, "120->144": 4, "144->120": 5, "144->153": 4, "153->144": 5, "67->133": 4, "133->67": 5, "133->166": 4, "166->133": 5, "166->190": 4, "190->166": 5, "125->158": 4, "158->125": 5, "158->192": 4, "192->158": 5, "128->161": 4, "161->128": 5}, "metrics": [32.0, 4.0, 1.0]}