{"nodelist": ["MethodDeclaration", "{'public'}", "public", "Annotation", "Test", "testCheckAndDelete", "Exception", "LocalVariableDeclaration", "ReferenceType", "ThriftHBaseServiceHandler", "VariableDeclarator", "handler", "MethodInvocation", "createHandler", "LocalVariableDeclaration", "BasicType", "byte", "VariableDeclarator", "rowName", "Literal", "MethodInvocation", "getBytes", "\"testCheckAndDelete\"", "LocalVariableDeclaration", "ReferenceType", "ByteBuffer", "VariableDeclarator", "table", "MethodInvocation", "ByteBuffer", "MemberReference", "tableAname", "wrap", "LocalVariableDeclaration", "ReferenceType", "List", "TypeArgument", "ReferenceType", "TColumnValue", "VariableDeclarator", "columnValuesA", "ClassCreator", "ReferenceType", "ArrayList", "TypeArgument", "ReferenceType", "TColumnValue", "LocalVariableDeclaration", "ReferenceType", "TColumnValue", "VariableDeclarator", "columnValueA", "ClassCreator", "ReferenceType", "TColumnValue", "MethodInvocation", "ByteBuffer", "MemberReference", "familyAname", "wrap", "MethodInvocation", "ByteBuffer", "MemberReference", "qualifierAname", "wrap", "MethodInvocation", "ByteBuffer", "MemberReference", "valueAname", "wrap", "StatementExpression", "MethodInvocation", "columnValuesA", "MemberReference", "columnValueA", "add", "LocalVariableDeclaration", "ReferenceType", "TPut", "VariableDeclarator", "putA", "ClassCreator", "ReferenceType", "TPut", "MethodInvocation", "ByteBuffer", "MemberReference", "rowName", "wrap", "MemberReference", "columnValuesA", "StatementExpression", "MethodInvocation", "putA", "MemberReference", "columnValuesA", "setColumnValues", "LocalVariableDeclaration", "ReferenceType", "List", "TypeArgument", "ReferenceType", "TColumnValue", "VariableDeclarator", "columnValuesB", "ClassCreator", "ReferenceType", "ArrayList", "TypeArgument", "ReferenceType", "TColumnValue", "LocalVariableDeclaration", "ReferenceType", "TColumnValue", "VariableDeclarator", "columnValueB", "ClassCreator", "ReferenceType", "TColumnValue", "MethodInvocation", "ByteBuffer", "MemberReference", "familyBname", "wrap", "MethodInvocation", "ByteBuffer", "MemberReference", "qualifierBname", "wrap", "MethodInvocation", "ByteBuffer", "MemberReference", "valueBname", "wrap", "StatementExpression", "MethodInvocation", "columnValuesB", "MemberReference", "columnValueB", "add", "LocalVariableDeclaration", "ReferenceType", "TPut", "VariableDeclarator", "putB", "ClassCreator", "ReferenceType", "TPut", "MethodInvocation", "ByteBuffer", "MemberReference", "rowName", "wrap", "MemberReference", "columnValuesB", "StatementExpression", "MethodInvocation", "putB", "MemberReference", "columnValuesB", "setColumnValues", "StatementExpression", "MethodInvocation", "handler", "MemberReference", "table", "MemberReference", "putB", "put", "LocalVariableDeclaration", "ReferenceType", "TDelete", "VariableDeclarator", "delete", "ClassCreator", "ReferenceType", "TDelete", "MethodInvocation", "ByteBuffer", "MemberReference", "rowName", "wrap", "StatementExpression", "MethodInvocation", "MethodInvocation", "handler", "MemberReference", "table", "MethodInvocation", "ByteBuffer", "MemberReference", "rowName", "wrap", "MethodInvocation", "ByteBuffer", "MemberReference", "familyAname", "wrap", "MethodInvocation", "ByteBuffer", "MemberReference", "qualifierAname", "wrap", "MethodInvocation", "ByteBuffer", "MemberReference", "valueAname", "wrap", "MemberReference", "delete", "checkAndDelete", "assertFalse", "LocalVariableDeclaration", "ReferenceType", "TGet", "VariableDeclarator", "get", "ClassCreator", "ReferenceType", "TGet", "MethodInvocation", "ByteBuffer", "MemberReference", "rowName", "wrap", "LocalVariableDeclaration", "ReferenceType", "TResult", "VariableDeclarator", "result", "MethodInvocation", "handler", "MemberReference", "table", "MemberReference", "get", "get", "StatementExpression", "MethodInvocation", "MemberReference", "rowName", "MethodInvocation", "result", "getRow", "assertArrayEquals", "StatementExpression", "MethodInvocation", "MemberReference", "columnValuesB", "MethodInvocation", "result", "getColumnValues", "assertTColumnValuesEqual", "StatementExpression", "MethodInvocation", "handler", "MemberReference", "table", "MemberReference", "putA", "put", "StatementExpression", "MethodInvocation", "MethodInvocation", "handler", "MemberReference", "table", "MethodInvocation", "ByteBuffer", "MemberReference", "rowName", "wrap", "MethodInvocation", "ByteBuffer", "MemberReference", "familyAname", "wrap", "MethodInvocation", "ByteBuffer", "MemberReference", "qualifierAname", "wrap", "MethodInvocation", "ByteBuffer", "MemberReference", "valueAname", "wrap", "MemberReference", "delete", "checkAndDelete", "assertTrue", "StatementExpression", "Assignment", "MemberReference", "result", "MethodInvocation", "handler", "MemberReference", "table", "MemberReference", "get", "get", "=", "StatementExpression", "MethodInvocation", "MethodInvocation", "result", "isSetRow", "assertFalse", "StatementExpression", "MethodInvocation", "Literal", "0", "MethodInvocation", "result", "getColumnValuesSize", "assertEquals"], "nodes": {"0": "MethodDeclaration", "1": "Modifier", "2": "public", "3": "Annotation", "4": "Test", "5": "testCheckAndDelete", "6": "Exception", "7": "LocalVariableDeclaration", "8": "ReferenceType", "9": "ThriftHBaseServiceHandler", "10": "VariableDeclarator", "11": "handler", "12": "MethodInvocation", "13": "createHandler", "14": "LocalVariableDeclaration", "15": "BasicType", "16": "byte", "17": "VariableDeclarator", "18": "rowName", "19": "Literal", "20": "MethodInvocation", "21": "getBytes", "22": "\"testCheckAndDelete\"", "23": "LocalVariableDeclaration", "24": "ReferenceType", "25": "ByteBuffer", "26": "VariableDeclarator", "27": "table", "28": "MethodInvocation", "29": "ByteBuffer", "30": "MemberReference", "31": "tableAname", "32": "wrap", "33": "LocalVariableDeclaration", "34": "ReferenceType", "35": "List", "36": "TypeArgument", "37": "ReferenceType", "38": "TColumnValue", "39": "VariableDeclarator", "40": "columnValuesA", "41": "ClassCreator", "42": "ReferenceType", "43": "ArrayList", "44": "TypeArgument", "45": "ReferenceType", "46": "TColumnValue", "47": "LocalVariableDeclaration", "48": "ReferenceType", "49": "TColumnValue", "50": "VariableDeclarator", "51": "columnValueA", "52": "ClassCreator", "53": "ReferenceType", "54": "TColumnValue", "55": "MethodInvocation", "56": "ByteBuffer", "57": "MemberReference", "58": "familyAname", "59": "wrap", "60": "MethodInvocation", "61": "ByteBuffer", "62": "MemberReference", "63": "qualifierAname", "64": "wrap", "65": "MethodInvocation", "66": "ByteBuffer", "67": "MemberReference", "68": "valueAname", "69": "wrap", "70": "StatementExpression", "71": "MethodInvocation", "72": "columnValuesA", "73": "MemberReference", "74": "columnValueA", "75": "add", "76": "LocalVariableDeclaration", "77": "ReferenceType", "78": "TPut", "79": "VariableDeclarator", "80": "putA", "81": "ClassCreator", "82": "ReferenceType", "83": "TPut", "84": "MethodInvocation", "85": "ByteBuffer", "86": "MemberReference", "87": "rowName", "88": "wrap", "89": "MemberReference", "90": "columnValuesA", "91": "StatementExpression", "92": "MethodInvocation", "93": "putA", "94": "MemberReference", "95": "columnValuesA", "96": "setColumnValues", "97": "LocalVariableDeclaration", "98": "ReferenceType", "99": "List", "100": "TypeArgument", "101": "ReferenceType", "102": "TColumnValue", "103": "VariableDeclarator", "104": "columnValuesB", "105": "ClassCreator", "106": "ReferenceType", "107": "ArrayList", "108": "TypeArgument", "109": "ReferenceType", "110": "TColumnValue", "111": "LocalVariableDeclaration", "112": "ReferenceType", "113": "TColumnValue", "114": "VariableDeclarator", "115": "columnValueB", "116": "ClassCreator", "117": "ReferenceType", "118": "TColumnValue", "119": "MethodInvocation", "120": "ByteBuffer", "121": "MemberReference", "122": "familyBname", "123": "wrap", "124": "MethodInvocation", "125": "ByteBuffer", "126": "MemberReference", "127": "qualifierBname", "128": "wrap", "129": "MethodInvocation", "130": "ByteBuffer", "131": "MemberReference", "132": "valueBname", "133": "wrap", "134": "StatementExpression", "135": "MethodInvocation", "136": "columnValuesB", "137": "MemberReference", "138": "columnValueB", "139": "add", "140": "LocalVariableDeclaration", "141": "ReferenceType", "142": "TPut", "143": "VariableDeclarator", "144": "putB", "145": "ClassCreator", "146": "ReferenceType", "147": "TPut", "148": "MethodInvocation", "149": "ByteBuffer", "150": "MemberReference", "151": "rowName", "152": "wrap", "153": "MemberReference", "154": "columnValuesB", "155": "StatementExpression", "156": "MethodInvocation", "157": "putB", "158": "MemberReference", "159": "columnValuesB", "160": "setColumnValues", "161": "StatementExpression", "162": "MethodInvocation", "163": "handler", "164": "MemberReference", "165": "table", "166": "MemberReference", "167": "putB", "168": "put", "169": "LocalVariableDeclaration", "170": "ReferenceType", "171": "TDelete", "172": "VariableDeclarator", "173": "delete", "174": "ClassCreator", "175": "ReferenceType", "176": "TDelete", "177": "MethodInvocation", "178": "ByteBuffer", "179": "MemberReference", "180": "rowName", "181": "wrap", "182": "StatementExpression", "183": "MethodInvocation", "184": "MethodInvocation", "185": "handler", "186": "MemberReference", "187": "table", "188": "MethodInvocation", "189": "ByteBuffer", "190": "MemberReference", "191": "rowName", "192": "wrap", "193": "MethodInvocation", "194": "ByteBuffer", "195": "MemberReference", "196": "familyAname", "197": "wrap", "198": "MethodInvocation", "199": "ByteBuffer", "200": "MemberReference", "201": "qualifierAname", "202": "wrap", "203": "MethodInvocation", "204": "ByteBuffer", "205": "MemberReference", "206": "valueAname", "207": "wrap", "208": "MemberReference", "209": "delete", "210": "checkAndDelete", "211": "assertFalse", "212": "LocalVariableDeclaration", "213": "ReferenceType", "214": "TGet", "215": "VariableDeclarator", "216": "get", "217": "ClassCreator", "218": "ReferenceType", "219": "TGet", "220": "MethodInvocation", "221": "ByteBuffer", "222": "MemberReference", "223": "rowName", "224": "wrap", "225": "LocalVariableDeclaration", "226": "ReferenceType", "227": "TResult", "228": "VariableDeclarator", "229": "result", "230": "MethodInvocation", "231": "handler", "232": "MemberReference", "233": "table", "234": "MemberReference", "235": "get", "236": "get", "237": "StatementExpression", "238": "MethodInvocation", "239": "MemberReference", "240": "rowName", "241": "MethodInvocation", "242": "result", "243": "getRow", "244": "assertArrayEquals", "245": "StatementExpression", "246": "MethodInvocation", "247": "MemberReference", "248": "columnValuesB", "249": "MethodInvocation", "250": "result", "251": "getColumnValues", "252": "assertTColumnValuesEqual", "253": "StatementExpression", "254": "MethodInvocation", "255": "handler", "256": "MemberReference", "257": "table", "258": "MemberReference", "259": "putA", "260": "put", "261": "StatementExpression", "262": "MethodInvocation", "263": "MethodInvocation", "264": "handler", "265": "MemberReference", "266": "table", "267": "MethodInvocation", "268": "ByteBuffer", "269": "MemberReference", "270": "rowName", "271": "wrap", "272": "MethodInvocation", "273": "ByteBuffer", "274": "MemberReference", "275": "familyAname", "276": "wrap", "277": "MethodInvocation", "278": "ByteBuffer", "279": "MemberReference", "280": "qualifierAname", "281": "wrap", "282": "MethodInvocation", "283": "ByteBuffer", "284": "MemberReference", "285": "valueAname", "286": "wrap", "287": "MemberReference", "288": "delete", "289": "checkAndDelete", "290": "assertTrue", "291": "StatementExpression", "292": "Assignment", "293": "MemberReference", "294": "result", "295": "MethodInvocation", "296": "handler", "297": "MemberReference", "298": "table", "299": "MemberReference", "300": "get", "301": "get", "302": "=", "303": "StatementExpression", "304": "MethodInvocation", "305": "MethodInvocation", "306": "result", "307": "isSetRow", "308": "assertFalse", "309": "StatementExpression", "310": "MethodInvocation", "311": "Literal", "312": "0", "313": "MethodInvocation", "314": "result", "315": "getColumnValuesSize", "316": "assertEquals"}, "edges": {"0->1": 0, "1->0": 0, "1->2": 0, "2->1": 0, "0->3": 0, "3->0": 0, "3->4": 0, "4->3": 0, "0->5": 0, "5->0": 0, "0->6": 0, "6->0": 0, "0->7": 0, "7->0": 0, "7->8": 0, "8->7": 0, "8->9": 0, "9->8": 0, "7->10": 0, "10->7": 0, "10->11": 0, "11->10": 0, "10->12": 0, "12->10": 0, "12->13": 0, "13->12": 0, "0->14": 0, "14->0": 0, "14->15": 0, "15->14": 0, "15->16": 0, "16->15": 0, "14->17": 0, "17->14": 0, "17->18": 0, "18->17": 0, "17->19": 0, "19->17": 0, "19->20": 0, "20->19": 0, "20->21": 0, "21->20": 0, "19->22": 0, "22->19": 0, "0->23": 0, "23->0": 0, "23->24": 0, "24->23": 0, "24->25": 0, "25->24": 0, "23->26": 0, "26->23": 0, "26->27": 0, "27->26": 0, "26->28": 0, "28->26": 0, "28->29": 0, "29->28": 0, "28->30": 0, "30->28": 0, "30->31": 0, "31->30": 0, "28->32": 0, "32->28": 0, "0->33": 0, "33->0": 0, "33->34": 0, "34->33": 0, "34->35": 0, "35->34": 0, "34->36": 0, "36->34": 0, "36->37": 0, "37->36": 0, "37->38": 0, "38->37": 0, "33->39": 0, "39->33": 0, "39->40": 0, "40->39": 0, "39->41": 0, "41->39": 0, "41->42": 0, "42->41": 0, "42->43": 0, "43->42": 0, "42->44": 0, "44->42": 0, "44->45": 0, "45->44": 0, "45->46": 0, "46->45": 0, "0->47": 0, "47->0": 0, "47->48": 0, "48->47": 0, "48->49": 0, "49->48": 0, "47->50": 0, "50->47": 0, "50->51": 0, "51->50": 0, "50->52": 0, "52->50": 0, "52->53": 0, "53->52": 0, "53->54": 0, "54->53": 0, "52->55": 0, "55->52": 0, "55->56": 0, "56->55": 0, "55->57": 0, "57->55": 0, "57->58": 0, "58->57": 0, "55->59": 0, "59->55": 0, "52->60": 0, "60->52": 0, "60->61": 0, "61->60": 0, "60->62": 0, "62->60": 0, "62->63": 0, "63->62": 0, "60->64": 0, "64->60": 0, "52->65": 0, "65->52": 0, "65->66": 0, "66->65": 0, "65->67": 0, "67->65": 0, "67->68": 0, "68->67": 0, "65->69": 0, "69->65": 0, "0->70": 0, "70->0": 0, "70->71": 0, "71->70": 0, "71->72": 0, "72->71": 0, "71->73": 0, "73->71": 0, "73->74": 0, "74->73": 0, "71->75": 0, "75->71": 0, "0->76": 0, "76->0": 0, "76->77": 0, "77->76": 0, "77->78": 0, "78->77": 0, "76->79": 0, "79->76": 0, "79->80": 0, "80->79": 0, "79->81": 0, "81->79": 0, "81->82": 0, "82->81": 0, "82->83": 0, "83->82": 0, "81->84": 0, "84->81": 0, "84->85": 0, "85->84": 0, "84->86": 0, "86->84": 0, "86->87": 0, "87->86": 0, "84->88": 0, "88->84": 0, "81->89": 0, "89->81": 0, "89->90": 0, "90->89": 0, "0->91": 0, "91->0": 0, "91->92": 0, "92->91": 0, "92->93": 0, "93->92": 0, "92->94": 0, "94->92": 0, "94->95": 0, "95->94": 0, "92->96": 0, "96->92": 0, "0->97": 0, "97->0": 0, "97->98": 0, "98->97": 0, "98->99": 0, "99->98": 0, "98->100": 0, "100->98": 0, "100->101": 0, "101->100": 0, "101->102": 0, "102->101": 0, "97->103": 0, "103->97": 0, "103->104": 0, "104->103": 0, "103->105": 0, "105->103": 0, "105->106": 0, "106->105": 0, "106->107": 0, "107->106": 0, "106->108": 0, "108->106": 0, "108->109": 0, "109->108": 0, "109->110": 0, "110->109": 0, "0->111": 0, "111->0": 0, "111->112": 0, "112->111": 0, "112->113": 0, "113->112": 0, "111->114": 0, "114->111": 0, "114->115": 0, "115->114": 0, "114->116": 0, "116->114": 0, "116->117": 0, "117->116": 0, "117->118": 0, "118->117": 0, "116->119": 0, "119->116": 0, "119->120": 0, "120->119": 0, "119->121": 0, "121->119": 0, "121->122": 0, "122->121": 0, "119->123": 0, "123->119": 0, "116->124": 0, "124->116": 0, "124->125": 0, "125->124": 0, "124->126": 0, "126->124": 0, "126->127": 0, "127->126": 0, "124->128": 0, "128->124": 0, "116->129": 0, "129->116": 0, "129->130": 0, "130->129": 0, "129->131": 0, "131->129": 0, "131->132": 0, "132->131": 0, "129->133": 0, "133->129": 0, "0->134": 0, "134->0": 0, "134->135": 0, "135->134": 0, "135->136": 0, "136->135": 0, "135->137": 0, "137->135": 0, "137->138": 0, "138->137": 0, "135->139": 0, "139->135": 0, "0->140": 0, "140->0": 0, "140->141": 0, "141->140": 0, "141->142": 0, "142->141": 0, "140->143": 0, "143->140": 0, "143->144": 0, "144->143": 0, "143->145": 0, "145->143": 0, "145->146": 0, "146->145": 0, "146->147": 0, "147->146": 0, "145->148": 0, "148->145": 0, "148->149": 0, "149->148": 0, "148->150": 0, "150->148": 0, "150->151": 0, "151->150": 0, "148->152": 0, "152->148": 0, "145->153": 0, "153->145": 0, "153->154": 0, "154->153": 0, "0->155": 0, "155->0": 0, "155->156": 0, "156->155": 0, "156->157": 0, "157->156": 0, "156->158": 0, "158->156": 0, "158->159": 0, "159->158": 0, "156->160": 0, "160->156": 0, "0->161": 0, "161->0": 0, "161->162": 0, "162->161": 0, "162->163": 0, "163->162": 0, "162->164": 0, "164->162": 0, "164->165": 0, "165->164": 0, "162->166": 0, "166->162": 0, "166->167": 0, "167->166": 0, "162->168": 0, "168->162": 0, "0->169": 0, "169->0": 0, "169->170": 0, "170->169": 0, "170->171": 0, "171->170": 0, "169->172": 0, "172->169": 0, "172->173": 0, "173->172": 0, "172->174": 0, "174->172": 0, "174->175": 0, "175->174": 0, "175->176": 0, "176->175": 0, "174->177": 0, "177->174": 0, "177->178": 0, "178->177": 0, "177->179": 0, "179->177": 0, "179->180": 0, "180->179": 0, "177->181": 0, "181->177": 0, "0->182": 0, "182->0": 0, "182->183": 0, "183->182": 0, "183->184": 0, "184->183": 0, "184->185": 0, "185->184": 0, "184->186": 0, "186->184": 0, "186->187": 0, "187->186": 0, "184->188": 0, "188->184": 0, "188->189": 0, "189->188": 0, "188->190": 0, "190->188": 0, "190->191": 0, "191->190": 0, "188->192": 0, "192->188": 0, "184->193": 0, "193->184": 0, "193->194": 0, "194->193": 0, "193->195": 0, "195->193": 0, "195->196": 0, "196->195": 0, "193->197": 0, "197->193": 0, "184->198": 0, "198->184": 0, "198->199": 0, "199->198": 0, "198->200": 0, "200->198": 0, "200->201": 0, "201->200": 0, "198->202": 0, "202->198": 0, "184->203": 0, "203->184": 0, "203->204": 0, "204->203": 0, "203->205": 0, "205->203": 0, "205->206": 0, "206->205": 0, "203->207": 0, "207->203": 0, "184->208": 0, "208->184": 0, "208->209": 0, "209->208": 0, "184->210": 0, "210->184": 0, "183->211": 0, "211->183": 0, "0->212": 0, "212->0": 0, "212->213": 0, "213->212": 0, "213->214": 0, "214->213": 0, "212->215": 0, "215->212": 0, "215->216": 0, "216->215": 0, "215->217": 0, "217->215": 0, "217->218": 0, "218->217": 0, "218->219": 0, "219->218": 0, "217->220": 0, "220->217": 0, "220->221": 0, "221->220": 0, "220->222": 0, "222->220": 0, "222->223": 0, "223->222": 0, "220->224": 0, "224->220": 0, "0->225": 0, "225->0": 0, "225->226": 0, "226->225": 0, "226->227": 0, "227->226": 0, "225->228": 0, "228->225": 0, "228->229": 0, "229->228": 0, "228->230": 0, "230->228": 0, "230->231": 0, "231->230": 0, "230->232": 0, "232->230": 0, "232->233": 0, "233->232": 0, "230->234": 0, "234->230": 0, "234->235": 0, "235->234": 0, "230->236": 0, "236->230": 0, "0->237": 0, "237->0": 0, "237->238": 0, "238->237": 0, "238->239": 0, "239->238": 0, "239->240": 0, "240->239": 0, "238->241": 0, "241->238": 0, "241->242": 0, "242->241": 0, "241->243": 0, "243->241": 0, "238->244": 0, "244->238": 0, "0->245": 0, "245->0": 0, "245->246": 0, "246->245": 0, "246->247": 0, "247->246": 0, "247->248": 0, "248->247": 0, "246->249": 0, "249->246": 0, "249->250": 0, "250->249": 0, "249->251": 0, "251->249": 0, "246->252": 0, "252->246": 0, "0->253": 0, "253->0": 0, "253->254": 0, "254->253": 0, "254->255": 0, "255->254": 0, "254->256": 0, "256->254": 0, "256->257": 0, "257->256": 0, "254->258": 0, "258->254": 0, "258->259": 0, "259->258": 0, "254->260": 0, "260->254": 0, "0->261": 0, "261->0": 0, "261->262": 0, "262->261": 0, "262->263": 0, "263->262": 0, "263->264": 0, "264->263": 0, "263->265": 0, "265->263": 0, "265->266": 0, "266->265": 0, "263->267": 0, "267->263": 0, "267->268": 0, "268->267": 0, "267->269": 0, "269->267": 0, "269->270": 0, "270->269": 0, "267->271": 0, "271->267": 0, "263->272": 0, "272->263": 0, "272->273": 0, "273->272": 0, "272->274": 0, "274->272": 0, "274->275": 0, "275->274": 0, "272->276": 0, "276->272": 0, "263->277": 0, "277->263": 0, "277->278": 0, "278->277": 0, "277->279": 0, "279->277": 0, "279->280": 0, "280->279": 0, "277->281": 0, "281->277": 0, "263->282": 0, "282->263": 0, "282->283": 0, "283->282": 0, "282->284": 0, "284->282": 0, "284->285": 0, "285->284": 0, "282->286": 0, "286->282": 0, "263->287": 0, "287->263": 0, "287->288": 0, "288->287": 0, "263->289": 0, "289->263": 0, "262->290": 0, "290->262": 0, "0->291": 0, "291->0": 0, "291->292": 0, "292->291": 0, "292->293": 0, "293->292": 0, "293->294": 0, "294->293": 0, "292->295": 0, "295->292": 0, "295->296": 0, "296->295": 0, "295->297": 0, "297->295": 0, "297->298": 0, "298->297": 0, "295->299": 0, "299->295": 0, "299->300": 0, "300->299": 0, "295->301": 0, "301->295": 0, "292->302": 0, "302->292": 0, "0->303": 0, "303->0": 0, "303->304": 0, "304->303": 0, "304->305": 0, "305->304": 0, "305->306": 0, "306->305": 0, "305->307": 0, "307->305": 0, "304->308": 0, "308->304": 0, "0->309": 0, "309->0": 0, "309->310": 0, "310->309": 0, "310->311": 0, "311->310": 0, "311->312": 0, "312->311": 0, "310->313": 0, "313->310": 0, "313->314": 0, "314->313": 0, "313->315": 0, "315->313": 0, "310->316": 0, "316->310": 0, "1->3": 1, "3->1": 12, "3->5": 1, "5->3": 12, "5->6": 2, "6->5": 3, "6->7": 1, "7->6": 12, "7->14": 1, "14->7": 12, "14->23": 1, "23->14": 12, "23->33": 1, "33->23": 12, "33->47": 1, "47->33": 12, "47->70": 1, "70->47": 12, "70->76": 1, "76->70": 12, "76->91": 1, "91->76": 12, "91->97": 1, "97->91": 12, "97->111": 1, "111->97": 12, "111->134": 1, "134->111": 12, "134->140": 1, "140->134": 12, "140->155": 1, "155->140": 12, "155->161": 1, "161->155": 12, "161->169": 1, "169->161": 12, "169->182": 1, "182->169": 12, "182->212": 1, "212->182": 12, "212->225": 1, "225->212": 12, "225->237": 1, "237->225": 12, "237->245": 1, "245->237": 12, "245->253": 1, "253->245": 12, "253->261": 1, "261->253": 12, "261->291": 1, "291->261": 12, "291->303": 1, "303->291": 12, "303->309": 1, "309->303": 12, "8->10": 1, "10->8": 12, "11->12": 1, "12->11": 12, "15->17": 1, "17->15": 12, "18->19": 1, "19->18": 12, "20->22": 1, "22->20": 12, "24->26": 1, "26->24": 12, "27->28": 1, "28->27": 12, "29->30": 1, "30->29": 12, "30->32": 1, "32->30": 12, "34->39": 1, "39->34": 12, "35->36": 1, "36->35": 12, "40->41": 1, "41->40": 12, "43->44": 1, "44->43": 12, "48->50": 1, "50->48": 12, "51->52": 1, "52->51": 12, "53->55": 1, "55->53": 12, "55->60": 1, "60->55": 12, "60->65": 1, "65->60": 12, "56->57": 1, "57->56": 12, "57->59": 1, "59->57": 12, "61->62": 1, "62->61": 12, "62->64": 1, "64->62": 12, "66->67": 1, "67->66": 12, "67->69": 1, "69->67": 12, "72->73": 1, "73->72": 12, "73->75": 1, "75->73": 12, "77->79": 1, "79->77": 12, "80->81": 1, "81->80": 12, "82->84": 1, "84->82": 12, "84->89": 1, "89->84": 12, "85->86": 1, "86->85": 12, "86->88": 1, "88->86": 12, "93->94": 1, "94->93": 12, "94->96": 1, "96->94": 12, "98->103": 1, "103->98": 12, "99->100": 1, "100->99": 12, "104->105": 1, "105->104": 12, "107->108": 1, "108->107": 12, "112->114": 1, "114->112": 12, "115->116": 1, "116->115": 12, "117->119": 1, "119->117": 12, "119->124": 1, "124->119": 12, "124->129": 1, "129->124": 12, "120->121": 1, "121->120": 12, "121->123": 1, "123->121": 12, "125->126": 1, "126->125": 12, "126->128": 1, "128->126": 12, "130->131": 1, "131->130": 12, "131->133": 1, "133->131": 12, "136->137": 1, "137->136": 12, "137->139": 1, "139->137": 12, "141->143": 1, "143->141": 12, "144->145": 1, "145->144": 12, "146->148": 1, "148->146": 12, "148->153": 1, "153->148": 12, "149->150": 1, "150->149": 12, "150->152": 1, "152->150": 12, "157->158": 1, "158->157": 12, "158->160": 1, "160->158": 12, "163->164": 1, "164->163": 12, "164->166": 1, "166->164": 12, "166->168": 1, "168->166": 12, "170->172": 1, "172->170": 12, "173->174": 1, "174->173": 12, "175->177": 1, "177->175": 12, "178->179": 1, "179->178": 12, "179->181": 1, "181->179": 12, "184->211": 1, "211->184": 12, "185->186": 1, "186->185": 12, "186->188": 1, "188->186": 12, "188->193": 1, "193->188": 12, "193->198": 1, "198->193": 12, "198->203": 1, "203->198": 12, "203->208": 1, "208->203": 12, "208->210": 1, "210->208": 12, "189->190": 1, "190->189": 12, "190->192": 1, "192->190": 12, "194->195": 1, "195->194": 12, "195->197": 1, "197->195": 12, "199->200": 1, "200->199": 12, "200->202": 1, "202->200": 12, "204->205": 1, "205->204": 12, "205->207": 1, "207->205": 12, "213->215": 1, "215->213": 12, "216->217": 1, "217->216": 12, "218->220": 1, "220->218": 12, "221->222": 1, "222->221": 12, "222->224": 1, "224->222": 12, "226->228": 1, "228->226": 12, "229->230": 1, "230->229": 12, "231->232": 1, "232->231": 12, "232->234": 1, "234->232": 12, "234->236": 1, "236->234": 12, "239->241": 1, "241->239": 12, "241->244": 1, "244->241": 12, "242->243": 2, "243->242": 3, "247->249": 1, "249->247": 12, "249->252": 1, "252->249": 12, "250->251": 2, "251->250": 3, "255->256": 1, "256->255": 12, "256->258": 1, "258->256": 12, "258->260": 1, "260->258": 12, "263->290": 1, "290->263": 12, "264->265": 1, "265->264": 12, "265->267": 1, "267->265": 12, "267->272": 1, "272->267": 12, "272->277": 1, "277->272": 12, "277->282": 1, "282->277": 12, "282->287": 1, "287->282": 12, "287->289": 1, "289->287": 12, "268->269": 1, "269->268": 12, "269->271": 1, "271->269": 12, "273->274": 1, "274->273": 12, "274->276": 1, "276->274": 12, "278->279": 1, "279->278": 12, "279->281": 1, "281->279": 12, "283->284": 1, "284->283": 12, "284->286": 1, "286->284": 12, "293->295": 1, "295->293": 12, "295->302": 1, "302->295": 12, "296->297": 1, "297->296": 12, "297->299": 1, "299->297": 12, "299->301": 1, "301->299": 12, "305->308": 1, "308->305": 12, "306->307": 2, "307->306": 3, "311->313": 1, "313->311": 12, "313->316": 1, "316->313": 12, "314->315": 2, "315->314": 3, "2->4": 2, "4->2": 3, "4->5": 2, "5->4": 3, "6->9": 2, "9->6": 3, "9->11": 2, "11->9": 3, "11->13": 2, "13->11": 3, "13->16": 2, "16->13": 3, "16->18": 2, "18->16": 3, "18->21": 2, "21->18": 3, "21->22": 2, "22->21": 3, "22->25": 2, "25->22": 3, "25->27": 2, "27->25": 3, "27->29": 2, "29->27": 3, "29->31": 2, "31->29": 3, "31->32": 2, "32->31": 3, "32->35": 2, "35->32": 3, "35->38": 2, "38->35": 3, "38->40": 2, "40->38": 3, "40->43": 2, "43->40": 3, "43->46": 2, "46->43": 3, "46->49": 2, "49->46": 3, "49->51": 2, "51->49": 3, "51->54": 2, "54->51": 3, "54->56": 2, "56->54": 3, "56->58": 2, "58->56": 3, "58->59": 2, "59->58": 3, "59->61": 2, "61->59": 3, "61->63": 2, "63->61": 3, "63->64": 2, "64->63": 3, "64->66": 2, "66->64": 3, "66->68": 2, "68->66": 3, "68->69": 2, "69->68": 3, "69->72": 2, "72->69": 3, "72->74": 2, "74->72": 3, "74->75": 2, "75->74": 3, "75->78": 2, "78->75": 3, "78->80": 2, "80->78": 3, "80->83": 2, "83->80": 3, "83->85": 2, "85->83": 3, "85->87": 2, "87->85": 3, "87->88": 2, "88->87": 3, "88->90": 2, "90->88": 3, "90->93": 2, "93->90": 3, "93->95": 2, "95->93": 3, "95->96": 2, "96->95": 3, "96->99": 2, "99->96": 3, "99->102": 2, "102->99": 3, "102->104": 2, "104->102": 3, "104->107": 2, "107->104": 3, "107->110": 2, "110->107": 3, "110->113": 2, "113->110": 3, "113->115": 2, "115->113": 3, "115->118": 2, "118->115": 3, "118->120": 2, "120->118": 3, "120->122": 2, "122->120": 3, "122->123": 2, "123->122": 3, "123->125": 2, "125->123": 3, "125->127": 2, "127->125": 3, "127->128": 2, "128->127": 3, "128->130": 2, "130->128": 3, "130->132": 2, "132->130": 3, "132->133": 2, "133->132": 3, "133->136": 2, "136->133": 3, "136->138": 2, "138->136": 3, "138->139": 2, "139->138": 3, "139->142": 2, "142->139": 3, "142->144": 2, "144->142": 3, "144->147": 2, "147->144": 3, "147->149": 2, "149->147": 3, "149->151": 2, "151->149": 3, "151->152": 2, "152->151": 3, "152->154": 2, "154->152": 3, "154->157": 2, "157->154": 3, "157->159": 2, "159->157": 3, "159->160": 2, "160->159": 3, "160->163": 2, "163->160": 3, "163->165": 2, "165->163": 3, "165->167": 2, "167->165": 3, "167->168": 2, "168->167": 3, "168->171": 2, "171->168": 3, "171->173": 2, "173->171": 3, "173->176": 2, "176->173": 3, "176->178": 2, "178->176": 3, "178->180": 2, "180->178": 3, "180->181": 2, "181->180": 3, "181->185": 2, "185->181": 3, "185->187": 2, "187->185": 3, "187->189": 2, "189->187": 3, "189->191": 2, "191->189": 3, "191->192": 2, "192->191": 3, "192->194": 2, "194->192": 3, "194->196": 2, "196->194": 3, "196->197": 2, "197->196": 3, "197->199": 2, "199->197": 3, "199->201": 2, "201->199": 3, "201->202": 2, "202->201": 3, "202->204": 2, "204->202": 3, "204->206": 2, "206->204": 3, "206->207": 2, "207->206": 3, "207->209": 2, "209->207": 3, "209->210": 2, "210->209": 3, "210->211": 2, "211->210": 3, "211->214": 2, "214->211": 3, "214->216": 2, "216->214": 3, "216->219": 2, "219->216": 3, "219->221": 2, "221->219": 3, "221->223": 2, "223->221": 3, "223->224": 2, "224->223": 3, "224->227": 2, "227->224": 3, "227->229": 2, "229->227": 3, "229->231": 2, "231->229": 3, "231->233": 2, "233->231": 3, "233->235": 2, "235->233": 3, "235->236": 2, "236->235": 3, "236->240": 2, "240->236": 3, "240->242": 2, "242->240": 3, "243->244": 2, "244->243": 3, "244->248": 2, "248->244": 3, "248->250": 2, "250->248": 3, "251->252": 2, "252->251": 3, "252->255": 2, "255->252": 3, "255->257": 2, "257->255": 3, "257->259": 2, "259->257": 3, "259->260": 2, "260->259": 3, "260->264": 2, "264->260": 3, "264->266": 2, "266->264": 3, "266->268": 2, "268->266": 3, "268->270": 2, "270->268": 3, "270->271": 2, "271->270": 3, "271->273": 2, "273->271": 3, "273->275": 2, "275->273": 3, "275->276": 2, "276->275": 3, "276->278": 2, "278->276": 3, "278->280": 2, "280->278": 3, "280->281": 2, "281->280": 3, "281->283": 2, "283->281": 3, "283->285": 2, "285->283": 3, "285->286": 2, "286->285": 3, "286->288": 2, "288->286": 3, "288->289": 2, "289->288": 3, "289->290": 2, "290->289": 3, "290->294": 2, "294->290": 3, "294->296": 2, "296->294": 3, "296->298": 2, "298->296": 3, "298->300": 2, "300->298": 3, "300->301": 2, "301->300": 3, "301->302": 2, "302->301": 3, "302->306": 2, "306->302": 3, "307->308": 2, "308->307": 3, "308->312": 2, "312->308": 3, "312->314": 2, "314->312": 3, "315->316": 2, "316->315": 3, "58->196": 4, "196->58": 5, "196->275": 4, "275->196": 5, "63->201": 4, "201->63": 5, "201->280": 4, "280->201": 5, "68->206": 4, "206->68": 5, "206->285": 4, "285->206": 5, "87->151": 4, "151->87": 5, "151->180": 4, "180->151": 5, "180->191": 4, "191->180": 5, "191->223": 4, "223->191": 5, "223->240": 4, "240->223": 5, "240->270": 4, "270->240": 5, "90->95": 4, "95->90": 5, "154->159": 4, "159->154": 5, "159->248": 4, "248->159": 5, "165->187": 4, "187->165": 5, "187->233": 4, "233->187": 5, "233->257": 4, "257->233": 5, "257->266": 4, "266->257": 5, "266->298": 4, "298->266": 5, "209->288": 4, "288->209": 5, "235->300": 4, "300->235": 5}, "metrics": [27.0, 1.0, 0.0]}