{"nodelist": ["MethodDeclaration", "{'private'}", "private", "convertToV2SingleManifest", "IOException", "LocalVariableDeclaration", "ReferenceType", "List", "TypeArgument", "ReferenceType", "SnapshotRegionManifest", "VariableDeclarator", "v1Regions", "VariableDeclarator", "v2Regions", "LocalVariableDeclaration", "ReferenceType", "ThreadPoolExecutor", "VariableDeclarator", "tpool", "MethodInvocation", "Literal", "\"SnapshotManifestLoader\"", "createExecutor", "StatementExpression", "MethodInvocation", "BinaryOperation", "+", "Literal", "\"Loading Region manifests for \"", "This", "MemberReference", "desc", "MethodInvocation", "getName", "setStatusMsg", "TryStatement", "StatementExpression", "Assignment", "MemberReference", "v1Regions", "MethodInvocation", "SnapshotManifestV1", "MemberReference", "conf", "MemberReference", "tpool", "MemberReference", "workingDirFs", "MemberReference", "workingDir", "MemberReference", "desc", "loadRegionManifests", "=", "StatementExpression", "Assignment", "MemberReference", "v2Regions", "MethodInvocation", "SnapshotManifestV2", "MemberReference", "conf", "MemberReference", "tpool", "MemberReference", "workingDirFs", "MemberReference", "workingDir", "MemberReference", "desc", "MemberReference", "manifestSizeLimit", "loadRegionManifests", "=", "LocalVariableDeclaration", "ReferenceType", "SnapshotDataManifest", "ReferenceType", "Builder", "VariableDeclarator", "dataManifestBuilder", "MethodInvocation", "SnapshotDataManifest", "newBuilder", "StatementExpression", "MethodInvocation", "dataManifestBuilder", "MethodInvocation", "htd", "convert", "setTableSchema", "IfStatement", "BinaryOperation", "&&", "BinaryOperation", "!=", "MemberReference", "v1Regions", "Literal", "null", "BinaryOperation", ">", "MethodInvocation", "v1Regions", "size", "Literal", "0", "BlockStatement", "StatementExpression", "MethodInvocation", "dataManifestBuilder", "MemberReference", "v1Regions", "addAllRegionManifests", "IfStatement", "BinaryOperation", "&&", "BinaryOperation", "!=", "MemberReference", "v2Regions", "Literal", "null", "BinaryOperation", ">", "MethodInvocation", "v2Regions", "size", "Literal", "0", "BlockStatement", "StatementExpression", "MethodInvocation", "dataManifestBuilder", "MemberReference", "v2Regions", "addAllRegionManifests", "StatementExpression", "MethodInvocation", "BinaryOperation", "+", "Literal", "\"Writing data manifest for \"", "This", "MemberReference", "desc", "MethodInvocation", "getName", "setStatusMsg", "LocalVariableDeclaration", "ReferenceType", "SnapshotDataManifest", "VariableDeclarator", "dataManifest", "MethodInvocation", "dataManifestBuilder", "build", "StatementExpression", "MethodInvocation", "MemberReference", "dataManifest", "writeDataManifest", "StatementExpression", "Assignment", "This", "MemberReference", "regionManifests", "MethodInvocation", "dataManifest", "getRegionManifestsList", "=", "LocalVariableDeclaration", "BasicType", "int", "VariableDeclarator", "totalDeletes", "Literal", "0", "LocalVariableDeclaration", "ReferenceType", "ExecutorCompletionService", "TypeArgument", "ReferenceType", "Void", "VariableDeclarator", "completionService", "ClassCreator", "ReferenceType", "ExecutorCompletionService", "MemberReference", "tpool", "IfStatement", "BinaryOperation", "!=", "MemberReference", "v1Regions", "Literal", "null", "BlockStatement", "ForStatement", "EnhancedForControl", "VariableDeclaration", "{'final'}", "final", "ReferenceType", "SnapshotRegionManifest", "VariableDeclarator", "regionManifest", "MemberReference", "v1Regions", "BlockStatement", "StatementExpression", "MemberReference", "++", "totalDeletes", "StatementExpression", "MethodInvocation", "completionService", "ClassCreator", "ReferenceType", "Callable", "TypeArgument", "ReferenceType", "Void", "MethodDeclaration", "{'public'}", "public", "Annotation", "Override", "ReferenceType", "Void", "call", "Exception", "StatementExpression", "MethodInvocation", "SnapshotManifestV1", "MemberReference", "workingDirFs", "MemberReference", "workingDir", "MemberReference", "regionManifest", "deleteRegionManifest", "ReturnStatement", "Literal", "null", "submit", "IfStatement", "BinaryOperation", "!=", "MemberReference", "v2Regions", "Literal", "null", "BlockStatement", "ForStatement", "EnhancedForControl", "VariableDeclaration", "{'final'}", "final", "ReferenceType", "SnapshotRegionManifest", "VariableDeclarator", "regionManifest", "MemberReference", "v2Regions", "BlockStatement", "StatementExpression", "MemberReference", "++", "totalDeletes", "StatementExpression", "MethodInvocation", "completionService", "ClassCreator", "ReferenceType", "Callable", "TypeArgument", "ReferenceType", "Void", "MethodDeclaration", "{'public'}", "public", "Annotation", "Override", "ReferenceType", "Void", "call", "Exception", "StatementExpression", "MethodInvocation", "SnapshotManifestV2", "MemberReference", "workingDirFs", "MemberReference", "workingDir", "MemberReference", "regionManifest", "deleteRegionManifest", "ReturnStatement", "Literal", "null", "submit", "ForStatement", "ForControl", "VariableDeclaration", "BasicType", "int", "VariableDeclarator", "i", "Literal", "0", "BinaryOperation", "<", "MemberReference", "i", "MemberReference", "totalDeletes", "MemberReference", "++", "i", "BlockStatement", "TryStatement", "StatementExpression", "MethodInvocation", "completionService", "MethodInvocation", "get", "take", "CatchClause", "CatchClauseParameter", "InterruptedException", "ie", "ThrowStatement", "ClassCreator", "ReferenceType", "InterruptedIOException", "MethodInvocation", "ie", "getMessage", "CatchClause", "CatchClauseParameter", "ExecutionException", "e", "ThrowStatement", "ClassCreator", "ReferenceType", "IOException", "Literal", "\"Error deleting region manifests\"", "MethodInvocation", "e", "getCause", "StatementExpression", "MethodInvocation", "tpool", "shutdown"], "nodes": {"0": "MethodDeclaration", "1": "Modifier", "2": "private", "3": "convertToV2SingleManifest", "4": "IOException", "5": "LocalVariableDeclaration", "6": "ReferenceType", "7": "List", "8": "TypeArgument", "9": "ReferenceType", "10": "SnapshotRegionManifest", "11": "VariableDeclarator", "12": "v1Regions", "13": "VariableDeclarator", "14": "v2Regions", "15": "LocalVariableDeclaration", "16": "ReferenceType", "17": "ThreadPoolExecutor", "18": "VariableDeclarator", "19": "tpool", "20": "MethodInvocation", "21": "Literal", "22": "\"SnapshotManifestLoader\"", "23": "createExecutor", "24": "StatementExpression", "25": "MethodInvocation", "26": "BinaryOperation", "27": "+", "28": "Literal", "29": "\"Loading Region manifests for \"", "30": "This", "31": "MemberReference", "32": "desc", "33": "MethodInvocation", "34": "getName", "35": "setStatusMsg", "36": "TryStatement", "37": "StatementExpression", "38": "Assignment", "39": "MemberReference", "40": "v1Regions", "41": "MethodInvocation", "42": "SnapshotManifestV1", "43": "MemberReference", "44": "conf", "45": "MemberReference", "46": "tpool", "47": "MemberReference", "48": "workingDirFs", "49": "MemberReference", "50": "workingDir", "51": "MemberReference", "52": "desc", "53": "loadRegionManifests", "54": "=", "55": "StatementExpression", "56": "Assignment", "57": "MemberReference", "58": "v2Regions", "59": "MethodInvocation", "60": "SnapshotManifestV2", "61": "MemberReference", "62": "conf", "63": "MemberReference", "64": "tpool", "65": "MemberReference", "66": "workingDirFs", "67": "MemberReference", "68": "workingDir", "69": "MemberReference", "70": "desc", "71": "MemberReference", "72": "manifestSizeLimit", "73": "loadRegionManifests", "74": "=", "75": "LocalVariableDeclaration", "76": "ReferenceType", "77": "SnapshotDataManifest", "78": "ReferenceType", "79": "Builder", "80": "VariableDeclarator", "81": "dataManifestBuilder", "82": "MethodInvocation", "83": "SnapshotDataManifest", "84": "newBuilder", "85": "StatementExpression", "86": "MethodInvocation", "87": "dataManifestBuilder", "88": "MethodInvocation", "89": "htd", "90": "convert", "91": "setTableSchema", "92": "IfStatement", "93": "BinaryOperation", "94": "&&", "95": "BinaryOperation", "96": "!=", "97": "MemberReference", "98": "v1Regions", "99": "Literal", "100": "null", "101": "BinaryOperation", "102": ">", "103": "MethodInvocation", "104": "v1Regions", "105": "size", "106": "Literal", "107": "0", "108": "BlockStatement", "109": "StatementExpression", "110": "MethodInvocation", "111": "dataManifestBuilder", "112": "MemberReference", "113": "v1Regions", "114": "addAllRegionManifests", "115": "IfStatement", "116": "BinaryOperation", "117": "&&", "118": "BinaryOperation", "119": "!=", "120": "MemberReference", "121": "v2Regions", "122": "Literal", "123": "null", "124": "BinaryOperation", "125": ">", "126": "MethodInvocation", "127": "v2Regions", "128": "size", "129": "Literal", "130": "0", "131": "BlockStatement", "132": "StatementExpression", "133": "MethodInvocation", "134": "dataManifestBuilder", "135": "MemberReference", "136": "v2Regions", "137": "addAllRegionManifests", "138": "StatementExpression", "139": "MethodInvocation", "140": "BinaryOperation", "141": "+", "142": "Literal", "143": "\"Writing data manifest for \"", "144": "This", "145": "MemberReference", "146": "desc", "147": "MethodInvocation", "148": "getName", "149": "setStatusMsg", "150": "LocalVariableDeclaration", "151": "ReferenceType", "152": "SnapshotDataManifest", "153": "VariableDeclarator", "154": "dataManifest", "155": "MethodInvocation", "156": "dataManifestBuilder", "157": "build", "158": "StatementExpression", "159": "MethodInvocation", "160": "MemberReference", "161": "dataManifest", "162": "writeDataManifest", "163": "StatementExpression", "164": "Assignment", "165": "This", "166": "MemberReference", "167": "regionManifests", "168": "MethodInvocation", "169": "dataManifest", "170": "getRegionManifestsList", "171": "=", "172": "LocalVariableDeclaration", "173": "BasicType", "174": "int", "175": "VariableDeclarator", "176": "totalDeletes", "177": "Literal", "178": "0", "179": "LocalVariableDeclaration", "180": "ReferenceType", "181": "ExecutorCompletionService", "182": "TypeArgument", "183": "ReferenceType", "184": "Void", "185": "VariableDeclarator", "186": "completionService", "187": "ClassCreator", "188": "ReferenceType", "189": "ExecutorCompletionService", "190": "MemberReference", "191": "tpool", "192": "IfStatement", "193": "BinaryOperation", "194": "!=", "195": "MemberReference", "196": "v1Regions", "197": "Literal", "198": "null", "199": "BlockStatement", "200": "ForStatement", "201": "EnhancedForControl", "202": "VariableDeclaration", "203": "Modifier", "204": "final", "205": "ReferenceType", "206": "SnapshotRegionManifest", "207": "VariableDeclarator", "208": "regionManifest", "209": "MemberReference", "210": "v1Regions", "211": "BlockStatement", "212": "StatementExpression", "213": "MemberReference", "214": "++", "215": "totalDeletes", "216": "StatementExpression", "217": "MethodInvocation", "218": "completionService", "219": "ClassCreator", "220": "ReferenceType", "221": "Callable", "222": "TypeArgument", "223": "ReferenceType", "224": "Void", "225": "MethodDeclaration", "226": "Modifier", "227": "public", "228": "Annotation", "229": "Override", "230": "ReferenceType", "231": "Void", "232": "call", "233": "Exception", "234": "StatementExpression", "235": "MethodInvocation", "236": "SnapshotManifestV1", "237": "MemberReference", "238": "workingDirFs", "239": "MemberReference", "240": "workingDir", "241": "MemberReference", "242": "regionManifest", "243": "deleteRegionManifest", "244": "ReturnStatement", "245": "Literal", "246": "null", "247": "submit", "248": "IfStatement", "249": "BinaryOperation", "250": "!=", "251": "MemberReference", "252": "v2Regions", "253": "Literal", "254": "null", "255": "BlockStatement", "256": "ForStatement", "257": "EnhancedForControl", "258": "VariableDeclaration", "259": "Modifier", "260": "final", "261": "ReferenceType", "262": "SnapshotRegionManifest", "263": "VariableDeclarator", "264": "regionManifest", "265": "MemberReference", "266": "v2Regions", "267": "BlockStatement", "268": "StatementExpression", "269": "MemberReference", "270": "++", "271": "totalDeletes", "272": "StatementExpression", "273": "MethodInvocation", "274": "completionService", "275": "ClassCreator", "276": "ReferenceType", "277": "Callable", "278": "TypeArgument", "279": "ReferenceType", "280": "Void", "281": "MethodDeclaration", "282": "Modifier", "283": "public", "284": "Annotation", "285": "Override", "286": "ReferenceType", "287": "Void", "288": "call", "289": "Exception", "290": "StatementExpression", "291": "MethodInvocation", "292": "SnapshotManifestV2", "293": "MemberReference", "294": "workingDirFs", "295": "MemberReference", "296": "workingDir", "297": "MemberReference", "298": "regionManifest", "299": "deleteRegionManifest", "300": "ReturnStatement", "301": "Literal", "302": "null", "303": "submit", "304": "ForStatement", "305": "ForControl", "306": "VariableDeclaration", "307": "BasicType", "308": "int", "309": "VariableDeclarator", "310": "i", "311": "Literal", "312": "0", "313": "BinaryOperation", "314": "<", "315": "MemberReference", "316": "i", "317": "MemberReference", "318": "totalDeletes", "319": "MemberReference", "320": "++", "321": "i", "322": "BlockStatement", "323": "TryStatement", "324": "StatementExpression", "325": "MethodInvocation", "326": "completionService", "327": "MethodInvocation", "328": "get", "329": "take", "330": "CatchClause", "331": "CatchClauseParameter", "332": "InterruptedException", "333": "ie", "334": "ThrowStatement", "335": "ClassCreator", "336": "ReferenceType", "337": "InterruptedIOException", "338": "MethodInvocation", "339": "ie", "340": "getMessage", "341": "CatchClause", "342": "CatchClauseParameter", "343": "ExecutionException", "344": "e", "345": "ThrowStatement", "346": "ClassCreator", "347": "ReferenceType", "348": "IOException", "349": "Literal", "350": "\"Error deleting region manifests\"", "351": "MethodInvocation", "352": "e", "353": "getCause", "354": "StatementExpression", "355": "MethodInvocation", "356": "tpool", "357": "shutdown"}, "edges": {"0->1": 0, "1->0": 0, "1->2": 0, "2->1": 0, "0->3": 0, "3->0": 0, "0->4": 0, "4->0": 0, "0->5": 0, "5->0": 0, "5->6": 0, "6->5": 0, "6->7": 0, "7->6": 0, "6->8": 0, "8->6": 0, "8->9": 0, "9->8": 0, "9->10": 0, "10->9": 0, "5->11": 0, "11->5": 0, "11->12": 0, "12->11": 0, "5->13": 0, "13->5": 0, "13->14": 0, "14->13": 0, "0->15": 0, "15->0": 0, "15->16": 0, "16->15": 0, "16->17": 0, "17->16": 0, "15->18": 0, "18->15": 0, "18->19": 0, "19->18": 0, "18->20": 0, "20->18": 0, "20->21": 0, "21->20": 0, "21->22": 0, "22->21": 0, "20->23": 0, "23->20": 0, "0->24": 0, "24->0": 0, "24->25": 0, "25->24": 0, "25->26": 0, "26->25": 0, "26->27": 0, "27->26": 0, "26->28": 0, "28->26": 0, "28->29": 0, "29->28": 0, "26->30": 0, "30->26": 0, "30->31": 0, "31->30": 0, "31->32": 0, "32->31": 0, "30->33": 0, "33->30": 0, "33->34": 0, "34->33": 0, "25->35": 0, "35->25": 0, "0->36": 0, "36->0": 0, "36->37": 0, "37->36": 0, "37->38": 0, "38->37": 0, "38->39": 0, "39->38": 0, "39->40": 0, "40->39": 0, "38->41": 0, "41->38": 0, "41->42": 0, "42->41": 0, "41->43": 0, "43->41": 0, "43->44": 0, "44->43": 0, "41->45": 0, "45->41": 0, "45->46": 0, "46->45": 0, "41->47": 0, "47->41": 0, "47->48": 0, "48->47": 0, "41->49": 0, "49->41": 0, "49->50": 0, "50->49": 0, "41->51": 0, "51->41": 0, "51->52": 0, "52->51": 0, "41->53": 0, "53->41": 0, "38->54": 0, "54->38": 0, "36->55": 0, "55->36": 0, "55->56": 0, "56->55": 0, "56->57": 0, "57->56": 0, "57->58": 0, "58->57": 0, "56->59": 0, "59->56": 0, "59->60": 0, "60->59": 0, "59->61": 0, "61->59": 0, "61->62": 0, "62->61": 0, "59->63": 0, "63->59": 0, "63->64": 0, "64->63": 0, "59->65": 0, "65->59": 0, "65->66": 0, "66->65": 0, "59->67": 0, "67->59": 0, "67->68": 0, "68->67": 0, "59->69": 0, "69->59": 0, "69->70": 0, "70->69": 0, "59->71": 0, "71->59": 0, "71->72": 0, "72->71": 0, "59->73": 0, "73->59": 0, "56->74": 0, "74->56": 0, "36->75": 0, "75->36": 0, "75->76": 0, "76->75": 0, "76->77": 0, "77->76": 0, "76->78": 0, "78->76": 0, "78->79": 0, "79->78": 0, "75->80": 0, "80->75": 0, "80->81": 0, "81->80": 0, "80->82": 0, "82->80": 0, "82->83": 0, "83->82": 0, "82->84": 0, "84->82": 0, "36->85": 0, "85->36": 0, "85->86": 0, "86->85": 0, "86->87": 0, "87->86": 0, "86->88": 0, "88->86": 0, "88->89": 0, "89->88": 0, "88->90": 0, "90->88": 0, "86->91": 0, "91->86": 0, "36->92": 0, "92->36": 0, "92->93": 0, "93->92": 0, "93->94": 0, "94->93": 0, "93->95": 0, "95->93": 0, "95->96": 0, "96->95": 0, "95->97": 0, "97->95": 0, "97->98": 0, "98->97": 0, "95->99": 0, "99->95": 0, "99->100": 0, "100->99": 0, "93->101": 0, "101->93": 0, "101->102": 0, "102->101": 0, "101->103": 0, "103->101": 0, "103->104": 0, "104->103": 0, "103->105": 0, "105->103": 0, "101->106": 0, "106->101": 0, "106->107": 0, "107->106": 0, "92->108": 0, "108->92": 0, "108->109": 0, "109->108": 0, "109->110": 0, "110->109": 0, "110->111": 0, "111->110": 0, "110->112": 0, "112->110": 0, "112->113": 0, "113->112": 0, "110->114": 0, "114->110": 0, "36->115": 0, "115->36": 0, "115->116": 0, "116->115": 0, "116->117": 0, "117->116": 0, "116->118": 0, "118->116": 0, "118->119": 0, "119->118": 0, "118->120": 0, "120->118": 0, "120->121": 0, "121->120": 0, "118->122": 0, "122->118": 0, "122->123": 0, "123->122": 0, "116->124": 0, "124->116": 0, "124->125": 0, "125->124": 0, "124->126": 0, "126->124": 0, "126->127": 0, "127->126": 0, "126->128": 0, "128->126": 0, "124->129": 0, "129->124": 0, "129->130": 0, "130->129": 0, "115->131": 0, "131->115": 0, "131->132": 0, "132->131": 0, "132->133": 0, "133->132": 0, "133->134": 0, "134->133": 0, "133->135": 0, "135->133": 0, "135->136": 0, "136->135": 0, "133->137": 0, "137->133": 0, "36->138": 0, "138->36": 0, "138->139": 0, "139->138": 0, "139->140": 0, "140->139": 0, "140->141": 0, "141->140": 0, "140->142": 0, "142->140": 0, "142->143": 0, "143->142": 0, "140->144": 0, "144->140": 0, "144->145": 0, "145->144": 0, "145->146": 0, "146->145": 0, "144->147": 0, "147->144": 0, "147->148": 0, "148->147": 0, "139->149": 0, "149->139": 0, "36->150": 0, "150->36": 0, "150->151": 0, "151->150": 0, "151->152": 0, "152->151": 0, "150->153": 0, "153->150": 0, "153->154": 0, "154->153": 0, "153->155": 0, "155->153": 0, "155->156": 0, "156->155": 0, "155->157": 0, "157->155": 0, "36->158": 0, "158->36": 0, "158->159": 0, "159->158": 0, "159->160": 0, "160->159": 0, "160->161": 0, "161->160": 0, "159->162": 0, "162->159": 0, "36->163": 0, "163->36": 0, "163->164": 0, "164->163": 0, "164->165": 0, "165->164": 0, "165->166": 0, "166->165": 0, "166->167": 0, "167->166": 0, "164->168": 0, "168->164": 0, "168->169": 0, "169->168": 0, "168->170": 0, "170->168": 0, "164->171": 0, "171->164": 0, "36->172": 0, "172->36": 0, "172->173": 0, "173->172": 0, "173->174": 0, "174->173": 0, "172->175": 0, "175->172": 0, "175->176": 0, "176->175": 0, "175->177": 0, "177->175": 0, "177->178": 0, "178->177": 0, "36->179": 0, "179->36": 0, "179->180": 0, "180->179": 0, "180->181": 0, "181->180": 0, "180->182": 0, "182->180": 0, "182->183": 0, "183->182": 0, "183->184": 0, "184->183": 0, "179->185": 0, "185->179": 0, "185->186": 0, "186->185": 0, "185->187": 0, "187->185": 0, "187->188": 0, "188->187": 0, "188->189": 0, "189->188": 0, "187->190": 0, "190->187": 0, "190->191": 0, "191->190": 0, "36->192": 0, "192->36": 0, "192->193": 0, "193->192": 0, "193->194": 0, "194->193": 0, "193->195": 0, "195->193": 0, "195->196": 0, "196->195": 0, "193->197": 0, "197->193": 0, "197->198": 0, "198->197": 0, "192->199": 0, "199->192": 0, "199->200": 0, "200->199": 0, "200->201": 0, "201->200": 0, "201->202": 0, "202->201": 0, "202->203": 0, "203->202": 0, "203->204": 0, "204->203": 0, "202->205": 0, "205->202": 0, "205->206": 0, "206->205": 0, "202->207": 0, "207->202": 0, "207->208": 0, "208->207": 0, "201->209": 0, "209->201": 0, "209->210": 0, "210->209": 0, "200->211": 0, "211->200": 0, "211->212": 0, "212->211": 0, "212->213": 0, "213->212": 0, "213->214": 0, "214->213": 0, "213->215": 0, "215->213": 0, "211->216": 0, "216->211": 0, "216->217": 0, "217->216": 0, "217->218": 0, "218->217": 0, "217->219": 0, "219->217": 0, "219->220": 0, "220->219": 0, "220->221": 0, "221->220": 0, "220->222": 0, "222->220": 0, "222->223": 0, "223->222": 0, "223->224": 0, "224->223": 0, "219->225": 0, "225->219": 0, "225->226": 0, "226->225": 0, "226->227": 0, "227->226": 0, "225->228": 0, "228->225": 0, "228->229": 0, "229->228": 0, "225->230": 0, "230->225": 0, "230->231": 0, "231->230": 0, "225->232": 0, "232->225": 0, "225->233": 0, "233->225": 0, "225->234": 0, "234->225": 0, "234->235": 0, "235->234": 0, "235->236": 0, "236->235": 0, "235->237": 0, "237->235": 0, "237->238": 0, "238->237": 0, "235->239": 0, "239->235": 0, "239->240": 0, "240->239": 0, "235->241": 0, "241->235": 0, "241->242": 0, "242->241": 0, "235->243": 0, "243->235": 0, "225->244": 0, "244->225": 0, "244->245": 0, "245->244": 0, "245->246": 0, "246->245": 0, "217->247": 0, "247->217": 0, "36->248": 0, "248->36": 0, "248->249": 0, "249->248": 0, "249->250": 0, "250->249": 0, "249->251": 0, "251->249": 0, "251->252": 0, "252->251": 0, "249->253": 0, "253->249": 0, "253->254": 0, "254->253": 0, "248->255": 0, "255->248": 0, "255->256": 0, "256->255": 0, "256->257": 0, "257->256": 0, "257->258": 0, "258->257": 0, "258->259": 0, "259->258": 0, "259->260": 0, "260->259": 0, "258->261": 0, "261->258": 0, "261->262": 0, "262->261": 0, "258->263": 0, "263->258": 0, "263->264": 0, "264->263": 0, "257->265": 0, "265->257": 0, "265->266": 0, "266->265": 0, "256->267": 0, "267->256": 0, "267->268": 0, "268->267": 0, "268->269": 0, "269->268": 0, "269->270": 0, "270->269": 0, "269->271": 0, "271->269": 0, "267->272": 0, "272->267": 0, "272->273": 0, "273->272": 0, "273->274": 0, "274->273": 0, "273->275": 0, "275->273": 0, "275->276": 0, "276->275": 0, "276->277": 0, "277->276": 0, "276->278": 0, "278->276": 0, "278->279": 0, "279->278": 0, "279->280": 0, "280->279": 0, "275->281": 0, "281->275": 0, "281->282": 0, "282->281": 0, "282->283": 0, "283->282": 0, "281->284": 0, "284->281": 0, "284->285": 0, "285->284": 0, "281->286": 0, "286->281": 0, "286->287": 0, "287->286": 0, "281->288": 0, "288->281": 0, "281->289": 0, "289->281": 0, "281->290": 0, "290->281": 0, "290->291": 0, "291->290": 0, "291->292": 0, "292->291": 0, "291->293": 0, "293->291": 0, "293->294": 0, "294->293": 0, "291->295": 0, "295->291": 0, "295->296": 0, "296->295": 0, "291->297": 0, "297->291": 0, "297->298": 0, "298->297": 0, "291->299": 0, "299->291": 0, "281->300": 0, "300->281": 0, "300->301": 0, "301->300": 0, "301->302": 0, "302->301": 0, "273->303": 0, "303->273": 0, "36->304": 0, "304->36": 0, "304->305": 0, "305->304": 0, "305->306": 0, "306->305": 0, "306->307": 0, "307->306": 0, "307->308": 0, "308->307": 0, "306->309": 0, "309->306": 0, "309->310": 0, "310->309": 0, "309->311": 0, "311->309": 0, "311->312": 0, "312->311": 0, "305->313": 0, "313->305": 0, "313->314": 0, "314->313": 0, "313->315": 0, "315->313": 0, "315->316": 0, "316->315": 0, "313->317": 0, "317->313": 0, "317->318": 0, "318->317": 0, "305->319": 0, "319->305": 0, "319->320": 0, "320->319": 0, "319->321": 0, "321->319": 0, "304->322": 0, "322->304": 0, "322->323": 0, "323->322": 0, "323->324": 0, "324->323": 0, "324->325": 0, "325->324": 0, "325->326": 0, "326->325": 0, "325->327": 0, "327->325": 0, "327->328": 0, "328->327": 0, "325->329": 0, "329->325": 0, "323->330": 0, "330->323": 0, "330->331": 0, "331->330": 0, "331->332": 0, "332->331": 0, "331->333": 0, "333->331": 0, "330->334": 0, "334->330": 0, "334->335": 0, "335->334": 0, "335->336": 0, "336->335": 0, "336->337": 0, "337->336": 0, "335->338": 0, "338->335": 0, "338->339": 0, "339->338": 0, "338->340": 0, "340->338": 0, "323->341": 0, "341->323": 0, "341->342": 0, "342->341": 0, "342->343": 0, "343->342": 0, "342->344": 0, "344->342": 0, "341->345": 0, "345->341": 0, "345->346": 0, "346->345": 0, "346->347": 0, "347->346": 0, "347->348": 0, "348->347": 0, "346->349": 0, "349->346": 0, "349->350": 0, "350->349": 0, "346->351": 0, "351->346": 0, "351->352": 0, "352->351": 0, "351->353": 0, "353->351": 0, "36->354": 0, "354->36": 0, "354->355": 0, "355->354": 0, "355->356": 0, "356->355": 0, "355->357": 0, "357->355": 0, "1->3": 1, "3->1": 12, "3->4": 2, "4->3": 3, "4->5": 1, "5->4": 12, "5->15": 1, "15->5": 12, "15->24": 1, "24->15": 12, "24->36": 1, "36->24": 12, "6->11": 1, "11->6": 12, "11->13": 1, "13->11": 12, "7->8": 1, "8->7": 12, "16->18": 1, "18->16": 12, "19->20": 1, "20->19": 12, "21->23": 1, "23->21": 12, "26->35": 1, "35->26": 12, "27->28": 1, "28->27": 12, "28->30": 1, "30->28": 12, "31->33": 1, "33->31": 12, "37->55": 1, "55->37": 12, "55->75": 1, "75->55": 12, "75->85": 1, "85->75": 12, "85->92": 1, "92->85": 12, "92->115": 1, "115->92": 12, "115->138": 1, "138->115": 12, "138->150": 1, "150->138": 12, "150->158": 1, "158->150": 12, "158->163": 1, "163->158": 12, "163->172": 1, "172->163": 12, "172->179": 1, "179->172": 12, "179->192": 1, "192->179": 12, "192->248": 1, "248->192": 12, "248->304": 1, "304->248": 12, "304->354": 1, "354->304": 12, "39->41": 1, "41->39": 12, "41->54": 1, "54->41": 12, "42->43": 1, "43->42": 12, "43->45": 1, "45->43": 12, "45->47": 1, "47->45": 12, "47->49": 1, "49->47": 12, "49->51": 1, "51->49": 12, "51->53": 1, "53->51": 12, "57->59": 1, "59->57": 12, "59->74": 1, "74->59": 12, "60->61": 1, "61->60": 12, "61->63": 1, "63->61": 12, "63->65": 1, "65->63": 12, "65->67": 1, "67->65": 12, "67->69": 1, "69->67": 12, "69->71": 1, "71->69": 12, "71->73": 1, "73->71": 12, "76->80": 1, "80->76": 12, "77->78": 1, "78->77": 12, "81->82": 1, "82->81": 12, "83->84": 2, "84->83": 3, "87->88": 1, "88->87": 12, "88->91": 1, "91->88": 12, "89->90": 2, "90->89": 3, "93->108": 6, "108->93": 6, "94->95": 1, "95->94": 12, "95->101": 1, "101->95": 12, "96->97": 1, "97->96": 12, "97->99": 1, "99->97": 12, "102->103": 1, "103->102": 12, "103->106": 1, "106->103": 12, "104->105": 2, "105->104": 3, "111->112": 1, "112->111": 12, "112->114": 1, "114->112": 12, "116->131": 6, "131->116": 6, "117->118": 1, "118->117": 12, "118->124": 1, "124->118": 12, "119->120": 1, "120->119": 12, "120->122": 1, "122->120": 12, "125->126": 1, "126->125": 12, "126->129": 1, "129->126": 12, "127->128": 2, "128->127": 3, "134->135": 1, "135->134": 12, "135->137": 1, "137->135": 12, "140->149": 1, "149->140": 12, "141->142": 1, "142->141": 12, "142->144": 1, "144->142": 12, "145->147": 1, "147->145": 12, "151->153": 1, "153->151": 12, "154->155": 1, "155->154": 12, "156->157": 2, "157->156": 3, "160->162": 1, "162->160": 12, "165->168": 1, "168->165": 12, "168->171": 1, "171->168": 12, "169->170": 2, "170->169": 3, "173->175": 1, "175->173": 12, "176->177": 1, "177->176": 12, "180->185": 1, "185->180": 12, "181->182": 1, "182->181": 12, "186->187": 1, "187->186": 12, "188->190": 1, "190->188": 12, "193->199": 6, "199->193": 6, "194->195": 1, "195->194": 12, "195->197": 1, "197->195": 12, "201->211": 9, "211->201": 9, "202->209": 1, "209->202": 12, "203->205": 1, "205->203": 12, "205->207": 1, "207->205": 12, "212->216": 10, "216->212": 11, "214->215": 2, "215->214": 3, "218->219": 1, "219->218": 12, "219->247": 1, "247->219": 12, "220->225": 1, "225->220": 12, "221->222": 1, "222->221": 12, "226->228": 1, "228->226": 12, "228->230": 1, "230->228": 12, "230->232": 1, "232->230": 12, "232->233": 2, "233->232": 3, "233->234": 1, "234->233": 12, "234->244": 1, "244->234": 12, "236->237": 1, "237->236": 12, "237->239": 1, "239->237": 12, "239->241": 1, "241->239": 12, "241->243": 1, "243->241": 12, "249->255": 6, "255->249": 6, "250->251": 1, "251->250": 12, "251->253": 1, "253->251": 12, "257->267": 9, "267->257": 9, "258->265": 1, "265->258": 12, "259->261": 1, "261->259": 12, "261->263": 1, "263->261": 12, "268->272": 10, "272->268": 11, "270->271": 2, "271->270": 3, "274->275": 1, "275->274": 12, "275->303": 1, "303->275": 12, "276->281": 1, "281->276": 12, "277->278": 1, "278->277": 12, "282->284": 1, "284->282": 12, "284->286": 1, "286->284": 12, "286->288": 1, "288->286": 12, "288->289": 2, "289->288": 3, "289->290": 1, "290->289": 12, "290->300": 1, "300->290": 12, "292->293": 1, "293->292": 12, "293->295": 1, "295->293": 12, "295->297": 1, "297->295": 12, "297->299": 1, "299->297": 12, "305->322": 9, "322->305": 9, "306->313": 1, "313->306": 12, "313->319": 1, "319->313": 12, "307->309": 1, "309->307": 12, "310->311": 1, "311->310": 12, "314->315": 1, "315->314": 12, "315->317": 1, "317->315": 12, "320->321": 2, "321->320": 3, "324->330": 1, "330->324": 12, "330->341": 1, "341->330": 12, "326->327": 1, "327->326": 12, "327->329": 1, "329->327": 12, "331->334": 1, "334->331": 12, "332->333": 2, "333->332": 3, "336->338": 1, "338->336": 12, "339->340": 2, "340->339": 3, "342->345": 1, "345->342": 12, "343->344": 2, "344->343": 3, "347->349": 1, "349->347": 12, "349->351": 1, "351->349": 12, "352->353": 2, "353->352": 3, "356->357": 2, "357->356": 3, "2->3": 2, "3->2": 3, "4->7": 2, "7->4": 3, "7->10": 2, "10->7": 3, "10->12": 2, "12->10": 3, "12->14": 2, "14->12": 3, "14->17": 2, "17->14": 3, "17->19": 2, "19->17": 3, "19->22": 2, "22->19": 3, "22->23": 2, "23->22": 3, "23->27": 2, "27->23": 3, "27->29": 2, "29->27": 3, "29->32": 2, "32->29": 3, "32->34": 2, "34->32": 3, "34->35": 2, "35->34": 3, "35->40": 2, "40->35": 3, "40->42": 2, "42->40": 3, "42->44": 2, "44->42": 3, "44->46": 2, "46->44": 3, "46->48": 2, "48->46": 3, "48->50": 2, "50->48": 3, "50->52": 2, "52->50": 3, "52->53": 2, "53->52": 3, "53->54": 2, "54->53": 3, "54->58": 2, "58->54": 3, "58->60": 2, "60->58": 3, "60->62": 2, "62->60": 3, "62->64": 2, "64->62": 3, "64->66": 2, "66->64": 3, "66->68": 2, "68->66": 3, "68->70": 2, "70->68": 3, "70->72": 2, "72->70": 3, "72->73": 2, "73->72": 3, "73->74": 2, "74->73": 3, "74->77": 2, "77->74": 3, "77->79": 2, "79->77": 3, "79->81": 2, "81->79": 3, "81->83": 2, "83->81": 3, "84->87": 2, "87->84": 3, "87->89": 2, "89->87": 3, "90->91": 2, "91->90": 3, "91->94": 2, "94->91": 3, "94->96": 2, "96->94": 3, "96->98": 2, "98->96": 3, "98->100": 2, "100->98": 3, "100->102": 2, "102->100": 3, "102->104": 2, "104->102": 3, "105->107": 2, "107->105": 3, "107->111": 2, "111->107": 3, "111->113": 2, "113->111": 3, "113->114": 2, "114->113": 3, "114->117": 2, "117->114": 3, "117->119": 2, "119->117": 3, "119->121": 2, "121->119": 3, "121->123": 2, "123->121": 3, "123->125": 2, "125->123": 3, "125->127": 2, "127->125": 3, "128->130": 2, "130->128": 3, "130->134": 2, "134->130": 3, "134->136": 2, "136->134": 3, "136->137": 2, "137->136": 3, "137->141": 2, "141->137": 3, "141->143": 2, "143->141": 3, "143->146": 2, "146->143": 3, "146->148": 2, "148->146": 3, "148->149": 2, "149->148": 3, "149->152": 2, "152->149": 3, "152->154": 2, "154->152": 3, "154->156": 2, "156->154": 3, "157->161": 2, "161->157": 3, "161->162": 2, "162->161": 3, "162->167": 2, "167->162": 3, "167->169": 2, "169->167": 3, "170->171": 2, "171->170": 3, "171->174": 2, "174->171": 3, "174->176": 2, "176->174": 3, "176->178": 2, "178->176": 3, "178->181": 2, "181->178": 3, "181->184": 2, "184->181": 3, "184->186": 2, "186->184": 3, "186->189": 2, "189->186": 3, "189->191": 2, "191->189": 3, "191->194": 2, "194->191": 3, "194->196": 2, "196->194": 3, "196->198": 2, "198->196": 3, "198->204": 2, "204->198": 3, "204->206": 2, "206->204": 3, "206->208": 2, "208->206": 3, "208->210": 2, "210->208": 3, "210->214": 2, "214->210": 3, "215->218": 2, "218->215": 3, "218->221": 2, "221->218": 3, "221->224": 2, "224->221": 3, "224->227": 2, "227->224": 3, "227->229": 2, "229->227": 3, "229->231": 2, "231->229": 3, "231->232": 2, "232->231": 3, "233->236": 2, "236->233": 3, "236->238": 2, "238->236": 3, "238->240": 2, "240->238": 3, "240->242": 2, "242->240": 3, "242->243": 2, "243->242": 3, "243->246": 2, "246->243": 3, "246->247": 2, "247->246": 3, "247->250": 2, "250->247": 3, "250->252": 2, "252->250": 3, "252->254": 2, "254->252": 3, "254->260": 2, "260->254": 3, "260->262": 2, "262->260": 3, "262->264": 2, "264->262": 3, "264->266": 2, "266->264": 3, "266->270": 2, "270->266": 3, "271->274": 2, "274->271": 3, "274->277": 2, "277->274": 3, "277->280": 2, "280->277": 3, "280->283": 2, "283->280": 3, "283->285": 2, "285->283": 3, "285->287": 2, "287->285": 3, "287->288": 2, "288->287": 3, "289->292": 2, "292->289": 3, "292->294": 2, "294->292": 3, "294->296": 2, "296->294": 3, "296->298": 2, "298->296": 3, "298->299": 2, "299->298": 3, "299->302": 2, "302->299": 3, "302->303": 2, "303->302": 3, "303->308": 2, "308->303": 3, "308->310": 2, "310->308": 3, "310->312": 2, "312->310": 3, "312->314": 2, "314->312": 3, "314->316": 2, "316->314": 3, "316->318": 2, "318->316": 3, "318->320": 2, "320->318": 3, "321->326": 2, "326->321": 3, "326->328": 2, "328->326": 3, "328->329": 2, "329->328": 3, "329->332": 2, "332->329": 3, "333->337": 2, "337->333": 3, "337->339": 2, "339->337": 3, "340->343": 2, "343->340": 3, "344->348": 2, "348->344": 3, "348->350": 2, "350->348": 3, "350->352": 2, "352->350": 3, "353->356": 2, "356->353": 3, "32->52": 4, "52->32": 5, "52->70": 4, "70->52": 5, "70->146": 4, "146->70": 5, "40->98": 4, "98->40": 5, "98->113": 4, "113->98": 5, "113->196": 4, "196->113": 5, "196->210": 4, "210->196": 5, "44->62": 4, "62->44": 5, "46->64": 4, "64->46": 5, "64->191": 4, "191->64": 5, "48->66": 4, "66->48": 5, "66->238": 4, "238->66": 5, "238->294": 4, "294->238": 5, "50->68": 4, "68->50": 5, "68->240": 4, "240->68": 5, "240->296": 4, "296->240": 5, "58->121": 4, "121->58": 5, "121->136": 4, "136->121": 5, "136->252": 4, "252->136": 5, "252->266": 4, "266->252": 5, "215->271": 4, "271->215": 5, "271->318": 4, "318->271": 5, "242->298": 4, "298->242": 5, "316->321": 4, "321->316": 5}, "metrics": [61.0, 8.0, 0.0]}