{"nodelist": ["MethodDeclaration", "{'protected'}", "protected", "Annotation", "NonNull", "ReferenceType", "Map", "TypeArgument", "ReferenceType", "ServerName", "TypeArgument", "ReferenceType", "List", "TypeArgument", "ReferenceType", "RegionInfo", "assignMasterSystemRegions", "FormalParameter", "ReferenceType", "Collection", "TypeArgument", "ReferenceType", "RegionInfo", "regions", "FormalParameter", "ReferenceType", "List", "TypeArgument", "ReferenceType", "ServerName", "servers", "LocalVariableDeclaration", "ReferenceType", "Map", "TypeArgument", "ReferenceType", "ServerName", "TypeArgument", "ReferenceType", "List", "TypeArgument", "ReferenceType", "RegionInfo", "VariableDeclarator", "assignments", "ClassCreator", "ReferenceType", "TreeMap", "IfStatement", "This", "MemberReference", "onlySystemTablesOnMaster", "BlockStatement", "IfStatement", "BinaryOperation", "&&", "BinaryOperation", "!=", "MemberReference", "masterServerName", "Literal", "null", "MethodInvocation", "servers", "MemberReference", "masterServerName", "contains", "BlockStatement", "StatementExpression", "MethodInvocation", "assignments", "MemberReference", "masterServerName", "ClassCreator", "ReferenceType", "ArrayList", "put", "ForStatement", "EnhancedForControl", "VariableDeclaration", "ReferenceType", "RegionInfo", "VariableDeclarator", "region", "MemberReference", "regions", "BlockStatement", "IfStatement", "MethodInvocation", "MemberReference", "region", "shouldBeOnMaster", "BlockStatement", "StatementExpression", "MethodInvocation", "assignments", "MethodInvocation", "MemberReference", "region", "add", "MemberReference", "masterServerName", "get", "ReturnStatement", "MemberReference", "assignments"], "nodes": {"0": "MethodDeclaration", "1": "Modifier", "2": "protected", "3": "Annotation", "4": "NonNull", "5": "ReferenceType", "6": "Map", "7": "TypeArgument", "8": "ReferenceType", "9": "ServerName", "10": "TypeArgument", "11": "ReferenceType", "12": "List", "13": "TypeArgument", "14": "ReferenceType", "15": "RegionInfo", "16": "assignMasterSystemRegions", "17": "FormalParameter", "18": "ReferenceType", "19": "Collection", "20": "TypeArgument", "21": "ReferenceType", "22": "RegionInfo", "23": "regions", "24": "FormalParameter", "25": "ReferenceType", "26": "List", "27": "TypeArgument", "28": "ReferenceType", "29": "ServerName", "30": "servers", "31": "LocalVariableDeclaration", "32": "ReferenceType", "33": "Map", "34": "TypeArgument", "35": "ReferenceType", "36": "ServerName", "37": "TypeArgument", "38": "ReferenceType", "39": "List", "40": "TypeArgument", "41": "ReferenceType", "42": "RegionInfo", "43": "VariableDeclarator", "44": "assignments", "45": "ClassCreator", "46": "ReferenceType", "47": "TreeMap", "48": "IfStatement", "49": "This", "50": "MemberReference", "51": "onlySystemTablesOnMaster", "52": "BlockStatement", "53": "IfStatement", "54": "BinaryOperation", "55": "&&", "56": "BinaryOperation", "57": "!=", "58": "MemberReference", "59": "masterServerName", "60": "Literal", "61": "null", "62": "MethodInvocation", "63": "servers", "64": "MemberReference", "65": "masterServerName", "66": "contains", "67": "BlockStatement", "68": "StatementExpression", "69": "MethodInvocation", "70": "assignments", "71": "MemberReference", "72": "masterServerName", "73": "ClassCreator", "74": "ReferenceType", "75": "ArrayList", "76": "put", "77": "ForStatement", "78": "EnhancedForControl", "79": "VariableDeclaration", "80": "ReferenceType", "81": "RegionInfo", "82": "VariableDeclarator", "83": "region", "84": "MemberReference", "85": "regions", "86": "BlockStatement", "87": "IfStatement", "88": "MethodInvocation", "89": "MemberReference", "90": "region", "91": "shouldBeOnMaster", "92": "BlockStatement", "93": "StatementExpression", "94": "MethodInvocation", "95": "assignments", "96": "MethodInvocation", "97": "MemberReference", "98": "region", "99": "add", "100": "MemberReference", "101": "masterServerName", "102": "get", "103": "ReturnStatement", "104": "MemberReference", "105": "assignments"}, "edges": {"0->1": 0, "1->0": 0, "1->2": 0, "2->1": 0, "0->3": 0, "3->0": 0, "3->4": 0, "4->3": 0, "0->5": 0, "5->0": 0, "5->6": 0, "6->5": 0, "5->7": 0, "7->5": 0, "7->8": 0, "8->7": 0, "8->9": 0, "9->8": 0, "5->10": 0, "10->5": 0, "10->11": 0, "11->10": 0, "11->12": 0, "12->11": 0, "11->13": 0, "13->11": 0, "13->14": 0, "14->13": 0, "14->15": 0, "15->14": 0, "0->16": 0, "16->0": 0, "0->17": 0, "17->0": 0, "17->18": 0, "18->17": 0, "18->19": 0, "19->18": 0, "18->20": 0, "20->18": 0, "20->21": 0, "21->20": 0, "21->22": 0, "22->21": 0, "17->23": 0, "23->17": 0, "0->24": 0, "24->0": 0, "24->25": 0, "25->24": 0, "25->26": 0, "26->25": 0, "25->27": 0, "27->25": 0, "27->28": 0, "28->27": 0, "28->29": 0, "29->28": 0, "24->30": 0, "30->24": 0, "0->31": 0, "31->0": 0, "31->32": 0, "32->31": 0, "32->33": 0, "33->32": 0, "32->34": 0, "34->32": 0, "34->35": 0, "35->34": 0, "35->36": 0, "36->35": 0, "32->37": 0, "37->32": 0, "37->38": 0, "38->37": 0, "38->39": 0, "39->38": 0, "38->40": 0, "40->38": 0, "40->41": 0, "41->40": 0, "41->42": 0, "42->41": 0, "31->43": 0, "43->31": 0, "43->44": 0, "44->43": 0, "43->45": 0, "45->43": 0, "45->46": 0, "46->45": 0, "46->47": 0, "47->46": 0, "0->48": 0, "48->0": 0, "48->49": 0, "49->48": 0, "49->50": 0, "50->49": 0, "50->51": 0, "51->50": 0, "48->52": 0, "52->48": 0, "52->53": 0, "53->52": 0, "53->54": 0, "54->53": 0, "54->55": 0, "55->54": 0, "54->56": 0, "56->54": 0, "56->57": 0, "57->56": 0, "56->58": 0, "58->56": 0, "58->59": 0, "59->58": 0, "56->60": 0, "60->56": 0, "60->61": 0, "61->60": 0, "54->62": 0, "62->54": 0, "62->63": 0, "63->62": 0, "62->64": 0, "64->62": 0, "64->65": 0, "65->64": 0, "62->66": 0, "66->62": 0, "53->67": 0, "67->53": 0, "67->68": 0, "68->67": 0, "68->69": 0, "69->68": 0, "69->70": 0, "70->69": 0, "69->71": 0, "71->69": 0, "71->72": 0, "72->71": 0, "69->73": 0, "73->69": 0, "73->74": 0, "74->73": 0, "74->75": 0, "75->74": 0, "69->76": 0, "76->69": 0, "67->77": 0, "77->67": 0, "77->78": 0, "78->77": 0, "78->79": 0, "79->78": 0, "79->80": 0, "80->79": 0, "80->81": 0, "81->80": 0, "79->82": 0, "82->79": 0, "82->83": 0, "83->82": 0, "78->84": 0, "84->78": 0, "84->85": 0, "85->84": 0, "77->86": 0, "86->77": 0, "86->87": 0, "87->86": 0, "87->88": 0, "88->87": 0, "88->89": 0, "89->88": 0, "89->90": 0, "90->89": 0, "88->91": 0, "91->88": 0, "87->92": 0, "92->87": 0, "92->93": 0, "93->92": 0, "93->94": 0, "94->93": 0, "94->95": 0, "95->94": 0, "94->96": 0, "96->94": 0, "96->97": 0, "97->96": 0, "97->98": 0, "98->97": 0, "96->99": 0, "99->96": 0, "94->100": 0, "100->94": 0, "100->101": 0, "101->100": 0, "94->102": 0, "102->94": 0, "0->103": 0, "103->0": 0, "103->104": 0, "104->103": 0, "104->105": 0, "105->104": 0, "1->3": 1, "3->1": 12, "3->5": 1, "5->3": 12, "5->16": 1, "16->5": 12, "16->17": 1, "17->16": 12, "17->24": 1, "24->17": 12, "24->31": 1, "31->24": 12, "31->48": 1, "48->31": 12, "48->103": 1, "103->48": 12, "6->7": 1, "7->6": 12, "7->10": 1, "10->7": 12, "12->13": 1, "13->12": 12, "18->23": 1, "23->18": 12, "19->20": 1, "20->19": 12, "25->30": 1, "30->25": 12, "26->27": 1, "27->26": 12, "32->43": 1, "43->32": 12, "33->34": 1, "34->33": 12, "34->37": 1, "37->34": 12, "39->40": 1, "40->39": 12, "44->45": 1, "45->44": 12, "49->52": 6, "52->49": 6, "54->67": 6, "67->54": 6, "55->56": 1, "56->55": 12, "56->62": 1, "62->56": 12, "57->58": 1, "58->57": 12, "58->60": 1, "60->58": 12, "63->64": 1, "64->63": 12, "64->66": 1, "66->64": 12, "68->77": 10, "77->68": 11, "70->71": 1, "71->70": 12, "71->73": 1, "73->71": 12, "73->76": 1, "76->73": 12, "78->86": 9, "86->78": 9, "79->84": 1, "84->79": 12, "80->82": 1, "82->80": 12, "88->92": 6, "92->88": 6, "89->91": 1, "91->89": 12, "95->96": 1, "96->95": 12, "96->100": 1, "100->96": 12, "100->102": 1, "102->100": 12, "97->99": 1, "99->97": 12, "2->4": 2, "4->2": 3, "4->6": 2, "6->4": 3, "6->9": 2, "9->6": 3, "9->12": 2, "12->9": 3, "12->15": 2, "15->12": 3, "15->16": 2, "16->15": 3, "16->19": 2, "19->16": 3, "19->22": 2, "22->19": 3, "22->23": 2, "23->22": 3, "23->26": 2, "26->23": 3, "26->29": 2, "29->26": 3, "29->30": 2, "30->29": 3, "30->33": 2, "33->30": 3, "33->36": 2, "36->33": 3, "36->39": 2, "39->36": 3, "39->42": 2, "42->39": 3, "42->44": 2, "44->42": 3, "44->47": 2, "47->44": 3, "47->51": 2, "51->47": 3, "51->55": 2, "55->51": 3, "55->57": 2, "57->55": 3, "57->59": 2, "59->57": 3, "59->61": 2, "61->59": 3, "61->63": 2, "63->61": 3, "63->65": 2, "65->63": 3, "65->66": 2, "66->65": 3, "66->70": 2, "70->66": 3, "70->72": 2, "72->70": 3, "72->75": 2, "75->72": 3, "75->76": 2, "76->75": 3, "76->81": 2, "81->76": 3, "81->83": 2, "83->81": 3, "83->85": 2, "85->83": 3, "85->90": 2, "90->85": 3, "90->91": 2, "91->90": 3, "91->95": 2, "95->91": 3, "95->98": 2, "98->95": 3, "98->99": 2, "99->98": 3, "99->101": 2, "101->99": 3, "101->102": 2, "102->101": 3, "102->105": 2, "105->102": 3, "59->65": 4, "65->59": 5, "65->72": 4, "72->65": 5, "72->101": 4, "101->72": 5, "90->98": 4, "98->90": 5}, "metrics": [14.0, 5.0, 2.0]}