{"nodelist": ["MethodDeclaration", "{'public'}", "public", "Annotation", "Override", "Annotation", "Deprecated", "ReferenceType", "Pair", "TypeArgument", "BasicType", "byte", "TypeArgument", "BasicType", "byte", "getStartEndKeys", "IOException", "ReturnStatement", "MethodInvocation", "locator", "getStartEndKeys"], "nodes": {"0": "MethodDeclaration", "1": "Modifier", "2": "public", "3": "Annotation", "4": "Override", "5": "Annotation", "6": "Deprecated", "7": "ReferenceType", "8": "Pair", "9": "TypeArgument", "10": "BasicType", "11": "byte", "12": "TypeArgument", "13": "BasicType", "14": "byte", "15": "getStartEndKeys", "16": "IOException", "17": "ReturnStatement", "18": "MethodInvocation", "19": "locator", "20": "getStartEndKeys"}, "edges": {"0->1": 0, "1->0": 0, "1->2": 0, "2->1": 0, "0->3": 0, "3->0": 0, "3->4": 0, "4->3": 0, "0->5": 0, "5->0": 0, "5->6": 0, "6->5": 0, "0->7": 0, "7->0": 0, "7->8": 0, "8->7": 0, "7->9": 0, "9->7": 0, "9->10": 0, "10->9": 0, "10->11": 0, "11->10": 0, "7->12": 0, "12->7": 0, "12->13": 0, "13->12": 0, "13->14": 0, "14->13": 0, "0->15": 0, "15->0": 0, "0->16": 0, "16->0": 0, "0->17": 0, "17->0": 0, "17->18": 0, "18->17": 0, "18->19": 0, "19->18": 0, "18->20": 0, "20->18": 0, "1->3": 1, "3->1": 12, "3->5": 1, "5->3": 12, "5->7": 1, "7->5": 12, "7->15": 1, "15->7": 12, "15->16": 2, "16->15": 3, "16->17": 1, "17->16": 12, "8->9": 1, "9->8": 12, "9->12": 1, "12->9": 12, "19->20": 2, "20->19": 3, "2->4": 2, "4->2": 3, "4->6": 2, "6->4": 3, "6->8": 2, "8->6": 3, "8->11": 2, "11->8": 3, "11->14": 2, "14->11": 3, "14->15": 2, "15->14": 3, "16->19": 2, "19->16": 3}, "metrics": [3.0, 1.0, 0.0]}