{"nodelist": ["ConstructorDeclaration", "{'public'}", "public", "RegionServerTableMetrics", "StatementExpression", "Assignment", "MemberReference", "latencies", "MethodInvocation", "CompatibilitySingletonFactory", "ClassReference", "ReferenceType", "MetricsTableLatencies", "getInstance", "=", "StatementExpression", "Assignment", "MemberReference", "queryMeter", "ClassCreator", "ReferenceType", "MetricsTableQueryMeterImpl", "MethodInvocation", "MetricRegistries", "MethodInvocation", "Cast", "ReferenceType", "MetricsTableLatenciesImpl", "MemberReference", "latencies", "get", "MethodInvocation", "get", "global", "="], "nodes": {"0": "ConstructorDeclaration", "1": "Modifier", "2": "public", "3": "RegionServerTableMetrics", "4": "StatementExpression", "5": "Assignment", "6": "MemberReference", "7": "latencies", "8": "MethodInvocation", "9": "CompatibilitySingletonFactory", "10": "ClassReference", "11": "ReferenceType", "12": "MetricsTableLatencies", "13": "getInstance", "14": "=", "15": "StatementExpression", "16": "Assignment", "17": "MemberReference", "18": "queryMeter", "19": "ClassCreator", "20": "ReferenceType", "21": "MetricsTableQueryMeterImpl", "22": "MethodInvocation", "23": "MetricRegistries", "24": "MethodInvocation", "25": "Cast", "26": "ReferenceType", "27": "MetricsTableLatenciesImpl", "28": "MemberReference", "29": "latencies", "30": "get", "31": "MethodInvocation", "32": "get", "33": "global", "34": "="}, "edges": {"0->1": 0, "1->0": 0, "1->2": 0, "2->1": 0, "0->3": 0, "3->0": 0, "0->4": 0, "4->0": 0, "4->5": 0, "5->4": 0, "5->6": 0, "6->5": 0, "6->7": 0, "7->6": 0, "5->8": 0, "8->5": 0, "8->9": 0, "9->8": 0, "8->10": 0, "10->8": 0, "10->11": 0, "11->10": 0, "11->12": 0, "12->11": 0, "8->13": 0, "13->8": 0, "5->14": 0, "14->5": 0, "0->15": 0, "15->0": 0, "15->16": 0, "16->15": 0, "16->17": 0, "17->16": 0, "17->18": 0, "18->17": 0, "16->19": 0, "19->16": 0, "19->20": 0, "20->19": 0, "20->21": 0, "21->20": 0, "19->22": 0, "22->19": 0, "22->23": 0, "23->22": 0, "22->24": 0, "24->22": 0, "24->25": 0, "25->24": 0, "25->26": 0, "26->25": 0, "26->27": 0, "27->26": 0, "25->28": 0, "28->25": 0, "28->29": 0, "29->28": 0, "24->30": 0, "30->24": 0, "22->31": 0, "31->22": 0, "31->32": 0, "32->31": 0, "22->33": 0, "33->22": 0, "16->34": 0, "34->16": 0, "1->3": 1, "3->1": 12, "3->4": 1, "4->3": 12, "4->15": 1, "15->4": 12, "6->8": 1, "8->6": 12, "8->14": 1, "14->8": 12, "9->10": 1, "10->9": 12, "10->13": 1, "13->10": 12, "17->19": 1, "19->17": 12, "19->34": 1, "34->19": 12, "20->22": 1, "22->20": 12, "23->24": 1, "24->23": 12, "24->31": 1, "31->24": 12, "31->33": 1, "33->31": 12, "25->30": 1, "30->25": 12, "26->28": 1, "28->26": 12, "2->3": 2, "3->2": 3, "3->7": 2, "7->3": 3, "7->9": 2, "9->7": 3, "9->12": 2, "12->9": 3, "12->13": 2, "13->12": 3, "13->14": 2, "14->13": 3, "14->18": 2, "18->14": 3, "18->21": 2, "21->18": 3, "21->23": 2, "23->21": 3, "23->27": 2, "27->23": 3, "27->29": 2, "29->27": 3, "29->30": 2, "30->29": 3, "30->32": 2, "32->30": 3, "32->33": 2, "33->32": 3, "33->34": 2, "34->33": 3, "7->29": 4, "29->7": 5}, "metrics": [4.0, 1.0, 0.0]}