{"nodelist": ["MethodDeclaration", "{'public'}", "public", "ReferenceType", "Result", "get", "FormalParameter", "BasicType", "byte", "regionName", "FormalParameter", "ReferenceType", "Get", "get", "IOException", "StatementExpression", "MethodInvocation", "checkOpen", "StatementExpression", "MethodInvocation", "requestCount", "incrementAndGet", "TryStatement", "LocalVariableDeclaration", "ReferenceType", "HRegion", "VariableDeclarator", "region", "MethodInvocation", "MemberReference", "regionName", "getRegion", "ReturnStatement", "MethodInvocation", "region", "MemberReference", "get", "MethodInvocation", "MethodInvocation", "get", "getLockId", "getLockFromId", "get", "CatchClause", "CatchClauseParameter", "Throwable", "t", "ThrowStatement", "MethodInvocation", "MethodInvocation", "MemberReference", "t", "cleanup", "convertThrowableToIOE"], "nodes": {"0": "MethodDeclaration", "1": "Modifier", "2": "public", "3": "ReferenceType", "4": "Result", "5": "get", "6": "FormalParameter", "7": "BasicType", "8": "byte", "9": "regionName", "10": "FormalParameter", "11": "ReferenceType", "12": "Get", "13": "get", "14": "IOException", "15": "StatementExpression", "16": "MethodInvocation", "17": "checkOpen", "18": "StatementExpression", "19": "MethodInvocation", "20": "requestCount", "21": "incrementAndGet", "22": "TryStatement", "23": "LocalVariableDeclaration", "24": "ReferenceType", "25": "HRegion", "26": "VariableDeclarator", "27": "region", "28": "MethodInvocation", "29": "MemberReference", "30": "regionName", "31": "getRegion", "32": "ReturnStatement", "33": "MethodInvocation", "34": "region", "35": "MemberReference", "36": "get", "37": "MethodInvocation", "38": "MethodInvocation", "39": "get", "40": "getLockId", "41": "getLockFromId", "42": "get", "43": "CatchClause", "44": "CatchClauseParameter", "45": "Throwable", "46": "t", "47": "ThrowStatement", "48": "MethodInvocation", "49": "MethodInvocation", "50": "MemberReference", "51": "t", "52": "cleanup", "53": "convertThrowableToIOE"}, "edges": {"0->1": 0, "1->0": 0, "1->2": 0, "2->1": 0, "0->3": 0, "3->0": 0, "3->4": 0, "4->3": 0, "0->5": 0, "5->0": 0, "0->6": 0, "6->0": 0, "6->7": 0, "7->6": 0, "7->8": 0, "8->7": 0, "6->9": 0, "9->6": 0, "0->10": 0, "10->0": 0, "10->11": 0, "11->10": 0, "11->12": 0, "12->11": 0, "10->13": 0, "13->10": 0, "0->14": 0, "14->0": 0, "0->15": 0, "15->0": 0, "15->16": 0, "16->15": 0, "16->17": 0, "17->16": 0, "0->18": 0, "18->0": 0, "18->19": 0, "19->18": 0, "19->20": 0, "20->19": 0, "19->21": 0, "21->19": 0, "0->22": 0, "22->0": 0, "22->23": 0, "23->22": 0, "23->24": 0, "24->23": 0, "24->25": 0, "25->24": 0, "23->26": 0, "26->23": 0, "26->27": 0, "27->26": 0, "26->28": 0, "28->26": 0, "28->29": 0, "29->28": 0, "29->30": 0, "30->29": 0, "28->31": 0, "31->28": 0, "22->32": 0, "32->22": 0, "32->33": 0, "33->32": 0, "33->34": 0, "34->33": 0, "33->35": 0, "35->33": 0, "35->36": 0, "36->35": 0, "33->37": 0, "37->33": 0, "37->38": 0, "38->37": 0, "38->39": 0, "39->38": 0, "38->40": 0, "40->38": 0, "37->41": 0, "41->37": 0, "33->42": 0, "42->33": 0, "22->43": 0, "43->22": 0, "43->44": 0, "44->43": 0, "44->45": 0, "45->44": 0, "44->46": 0, "46->44": 0, "43->47": 0, "47->43": 0, "47->48": 0, "48->47": 0, "48->49": 0, "49->48": 0, "49->50": 0, "50->49": 0, "50->51": 0, "51->50": 0, "49->52": 0, "52->49": 0, "48->53": 0, "53->48": 0, "1->3": 1, "3->1": 12, "3->5": 1, "5->3": 12, "5->6": 1, "6->5": 12, "6->10": 1, "10->6": 12, "10->14": 1, "14->10": 12, "14->15": 1, "15->14": 12, "15->18": 1, "18->15": 12, "18->22": 1, "22->18": 12, "7->9": 1, "9->7": 12, "11->13": 1, "13->11": 12, "20->21": 2, "21->20": 3, "23->32": 1, "32->23": 12, "32->43": 1, "43->32": 12, "24->26": 1, "26->24": 12, "27->28": 1, "28->27": 12, "29->31": 1, "31->29": 12, "34->35": 1, "35->34": 12, "35->37": 1, "37->35": 12, "37->42": 1, "42->37": 12, "38->41": 1, "41->38": 12, "39->40": 2, "40->39": 3, "44->47": 1, "47->44": 12, "45->46": 2, "46->45": 3, "49->53": 1, "53->49": 12, "50->52": 1, "52->50": 12, "2->4": 2, "4->2": 3, "4->5": 2, "5->4": 3, "5->8": 2, "8->5": 3, "8->9": 2, "9->8": 3, "9->12": 2, "12->9": 3, "12->13": 2, "13->12": 3, "13->14": 2, "14->13": 3, "14->17": 2, "17->14": 3, "17->20": 2, "20->17": 3, "21->25": 2, "25->21": 3, "25->27": 2, "27->25": 3, "27->30": 2, "30->27": 3, "30->31": 2, "31->30": 3, "31->34": 2, "34->31": 3, "34->36": 2, "36->34": 3, "36->39": 2, "39->36": 3, "40->41": 2, "41->40": 3, "41->42": 2, "42->41": 3, "42->45": 2, "45->42": 3, "46->51": 2, "51->46": 3, "51->52": 2, "52->51": 3, "52->53": 2, "53->52": 3}, "metrics": [11.0, 1.0, 2.0]}