{"nodelist": ["MethodDeclaration", "{'public'}", "public", "Annotation", "Override", "prepareBulkLoad", "FormalParameter", "ReferenceType", "RpcController", "controller", "FormalParameter", "ReferenceType", "PrepareBulkLoadRequest", "request", "FormalParameter", "ReferenceType", "RpcCallback", "TypeArgument", "ReferenceType", "PrepareBulkLoadResponse", "done", "TryStatement", "LocalVariableDeclaration", "ReferenceType", "SecureBulkLoadManager", "VariableDeclarator", "secureBulkLoadManager", "This", "MemberReference", "rsServices", "MethodInvocation", "getSecureBulkLoadManager", "LocalVariableDeclaration", "ReferenceType", "String", "VariableDeclarator", "bulkToken", "MethodInvocation", "secureBulkLoadManager", "Cast", "ReferenceType", "HRegion", "This", "MemberReference", "env", "MethodInvocation", "getRegion", "MethodInvocation", "MemberReference", "request", "convert", "prepareBulkLoad", "StatementExpression", "MethodInvocation", "done", "MethodInvocation", "PrepareBulkLoadResponse", "MethodInvocation", "MemberReference", "bulkToken", "setBulkToken", "MethodInvocation", "build", "newBuilder", "run", "CatchClause", "CatchClauseParameter", "IOException", "e", "StatementExpression", "MethodInvocation", "CoprocessorRpcUtils", "MemberReference", "controller", "MemberReference", "e", "setControllerException", "StatementExpression", "MethodInvocation", "done", "Literal", "null", "run"], "nodes": {"0": "MethodDeclaration", "1": "Modifier", "2": "public", "3": "Annotation", "4": "Override", "5": "prepareBulkLoad", "6": "FormalParameter", "7": "ReferenceType", "8": "RpcController", "9": "controller", "10": "FormalParameter", "11": "ReferenceType", "12": "PrepareBulkLoadRequest", "13": "request", "14": "FormalParameter", "15": "ReferenceType", "16": "RpcCallback", "17": "TypeArgument", "18": "ReferenceType", "19": "PrepareBulkLoadResponse", "20": "done", "21": "TryStatement", "22": "LocalVariableDeclaration", "23": "ReferenceType", "24": "SecureBulkLoadManager", "25": "VariableDeclarator", "26": "secureBulkLoadManager", "27": "This", "28": "MemberReference", "29": "rsServices", "30": "MethodInvocation", "31": "getSecureBulkLoadManager", "32": "LocalVariableDeclaration", "33": "ReferenceType", "34": "String", "35": "VariableDeclarator", "36": "bulkToken", "37": "MethodInvocation", "38": "secureBulkLoadManager", "39": "Cast", "40": "ReferenceType", "41": "HRegion", "42": "This", "43": "MemberReference", "44": "env", "45": "MethodInvocation", "46": "getRegion", "47": "MethodInvocation", "48": "MemberReference", "49": "request", "50": "convert", "51": "prepareBulkLoad", "52": "StatementExpression", "53": "MethodInvocation", "54": "done", "55": "MethodInvocation", "56": "PrepareBulkLoadResponse", "57": "MethodInvocation", "58": "MemberReference", "59": "bulkToken", "60": "setBulkToken", "61": "MethodInvocation", "62": "build", "63": "newBuilder", "64": "run", "65": "CatchClause", "66": "CatchClauseParameter", "67": "IOException", "68": "e", "69": "StatementExpression", "70": "MethodInvocation", "71": "CoprocessorRpcUtils", "72": "MemberReference", "73": "controller", "74": "MemberReference", "75": "e", "76": "setControllerException", "77": "StatementExpression", "78": "MethodInvocation", "79": "done", "80": "Literal", "81": "null", "82": "run"}, "edges": {"0->1": 0, "1->0": 0, "1->2": 0, "2->1": 0, "0->3": 0, "3->0": 0, "3->4": 0, "4->3": 0, "0->5": 0, "5->0": 0, "0->6": 0, "6->0": 0, "6->7": 0, "7->6": 0, "7->8": 0, "8->7": 0, "6->9": 0, "9->6": 0, "0->10": 0, "10->0": 0, "10->11": 0, "11->10": 0, "11->12": 0, "12->11": 0, "10->13": 0, "13->10": 0, "0->14": 0, "14->0": 0, "14->15": 0, "15->14": 0, "15->16": 0, "16->15": 0, "15->17": 0, "17->15": 0, "17->18": 0, "18->17": 0, "18->19": 0, "19->18": 0, "14->20": 0, "20->14": 0, "0->21": 0, "21->0": 0, "21->22": 0, "22->21": 0, "22->23": 0, "23->22": 0, "23->24": 0, "24->23": 0, "22->25": 0, "25->22": 0, "25->26": 0, "26->25": 0, "25->27": 0, "27->25": 0, "27->28": 0, "28->27": 0, "28->29": 0, "29->28": 0, "27->30": 0, "30->27": 0, "30->31": 0, "31->30": 0, "21->32": 0, "32->21": 0, "32->33": 0, "33->32": 0, "33->34": 0, "34->33": 0, "32->35": 0, "35->32": 0, "35->36": 0, "36->35": 0, "35->37": 0, "37->35": 0, "37->38": 0, "38->37": 0, "37->39": 0, "39->37": 0, "39->40": 0, "40->39": 0, "40->41": 0, "41->40": 0, "39->42": 0, "42->39": 0, "42->43": 0, "43->42": 0, "43->44": 0, "44->43": 0, "42->45": 0, "45->42": 0, "45->46": 0, "46->45": 0, "37->47": 0, "47->37": 0, "47->48": 0, "48->47": 0, "48->49": 0, "49->48": 0, "47->50": 0, "50->47": 0, "37->51": 0, "51->37": 0, "21->52": 0, "52->21": 0, "52->53": 0, "53->52": 0, "53->54": 0, "54->53": 0, "53->55": 0, "55->53": 0, "55->56": 0, "56->55": 0, "55->57": 0, "57->55": 0, "57->58": 0, "58->57": 0, "58->59": 0, "59->58": 0, "57->60": 0, "60->57": 0, "55->61": 0, "61->55": 0, "61->62": 0, "62->61": 0, "55->63": 0, "63->55": 0, "53->64": 0, "64->53": 0, "21->65": 0, "65->21": 0, "65->66": 0, "66->65": 0, "66->67": 0, "67->66": 0, "66->68": 0, "68->66": 0, "65->69": 0, "69->65": 0, "69->70": 0, "70->69": 0, "70->71": 0, "71->70": 0, "70->72": 0, "72->70": 0, "72->73": 0, "73->72": 0, "70->74": 0, "74->70": 0, "74->75": 0, "75->74": 0, "70->76": 0, "76->70": 0, "0->77": 0, "77->0": 0, "77->78": 0, "78->77": 0, "78->79": 0, "79->78": 0, "78->80": 0, "80->78": 0, "80->81": 0, "81->80": 0, "78->82": 0, "82->78": 0, "1->3": 1, "3->1": 12, "3->5": 1, "5->3": 12, "5->6": 1, "6->5": 12, "6->10": 1, "10->6": 12, "10->14": 1, "14->10": 12, "14->21": 1, "21->14": 12, "21->77": 1, "77->21": 12, "7->9": 1, "9->7": 12, "11->13": 1, "13->11": 12, "15->20": 1, "20->15": 12, "16->17": 1, "17->16": 12, "22->32": 1, "32->22": 12, "32->52": 1, "52->32": 12, "52->65": 1, "65->52": 12, "23->25": 1, "25->23": 12, "26->27": 1, "27->26": 12, "28->30": 1, "30->28": 12, "33->35": 1, "35->33": 12, "36->37": 1, "37->36": 12, "38->39": 1, "39->38": 12, "39->47": 1, "47->39": 12, "47->51": 1, "51->47": 12, "40->42": 1, "42->40": 12, "43->45": 1, "45->43": 12, "48->50": 1, "50->48": 12, "54->55": 1, "55->54": 12, "55->64": 1, "64->55": 12, "56->57": 1, "57->56": 12, "57->61": 1, "61->57": 12, "61->63": 1, "63->61": 12, "58->60": 1, "60->58": 12, "66->69": 1, "69->66": 12, "67->68": 2, "68->67": 3, "71->72": 1, "72->71": 12, "72->74": 1, "74->72": 12, "74->76": 1, "76->74": 12, "79->80": 1, "80->79": 12, "80->82": 1, "82->80": 12, "2->4": 2, "4->2": 3, "4->5": 2, "5->4": 3, "5->8": 2, "8->5": 3, "8->9": 2, "9->8": 3, "9->12": 2, "12->9": 3, "12->13": 2, "13->12": 3, "13->16": 2, "16->13": 3, "16->19": 2, "19->16": 3, "19->20": 2, "20->19": 3, "20->24": 2, "24->20": 3, "24->26": 2, "26->24": 3, "26->29": 2, "29->26": 3, "29->31": 2, "31->29": 3, "31->34": 2, "34->31": 3, "34->36": 2, "36->34": 3, "36->38": 2, "38->36": 3, "38->41": 2, "41->38": 3, "41->44": 2, "44->41": 3, "44->46": 2, "46->44": 3, "46->49": 2, "49->46": 3, "49->50": 2, "50->49": 3, "50->51": 2, "51->50": 3, "51->54": 2, "54->51": 3, "54->56": 2, "56->54": 3, "56->59": 2, "59->56": 3, "59->60": 2, "60->59": 3, "60->62": 2, "62->60": 3, "62->63": 2, "63->62": 3, "63->64": 2, "64->63": 3, "64->67": 2, "67->64": 3, "68->71": 2, "71->68": 3, "71->73": 2, "73->71": 3, "73->75": 2, "75->73": 3, "75->76": 2, "76->75": 3, "76->79": 2, "79->76": 3, "79->81": 2, "81->79": 3, "81->82": 2, "82->81": 3}, "metrics": [11.0, 1.0, 3.0]}