{"nodelist": ["ConstructorDeclaration", "{'public'}", "public", "Annotation", "Deprecated", "HColumnDescriptor", "FormalParameter", "{'final'}", "final", "BasicType", "byte", "familyName", "FormalParameter", "{'final'}", "final", "BasicType", "int", "minVersions", "FormalParameter", "{'final'}", "final", "BasicType", "int", "maxVersions", "FormalParameter", "{'final'}", "final", "ReferenceType", "KeepDeletedCells", "keepDeletedCells", "FormalParameter", "{'final'}", "final", "ReferenceType", "String", "compression", "FormalParameter", "{'final'}", "final", "BasicType", "boolean", "encodeOnDisk", "FormalParameter", "{'final'}", "final", "ReferenceType", "String", "dataBlockEncoding", "FormalParameter", "{'final'}", "final", "BasicType", "boolean", "inMemory", "FormalParameter", "{'final'}", "final", "BasicType", "boolean", "blockCacheEnabled", "FormalParameter", "{'final'}", "final", "BasicType", "int", "blocksize", "FormalParameter", "{'final'}", "final", "BasicType", "int", "timeToLive", "FormalParameter", "{'final'}", "final", "ReferenceType", "String", "bloomFilter", "FormalParameter", "{'final'}", "final", "BasicType", "int", "scope", "StatementExpression", "MethodInvocation", "MemberReference", "familyName", "isLegalFamilyName", "StatementExpression", "Assignment", "This", "MemberReference", "name", "MemberReference", "familyName", "=", "IfStatement", "BinaryOperation", "<=", "MemberReference", "maxVersions", "Literal", "0", "BlockStatement", "ThrowStatement", "ClassCreator", "ReferenceType", "IllegalArgumentException", "Literal", "\"Maximum versions must be positive\"", "IfStatement", "BinaryOperation", ">", "MemberReference", "minVersions", "Literal", "0", "BlockStatement", "IfStatement", "BinaryOperation", "==", "MemberReference", "timeToLive", "MemberReference", "HConstants", "FOREVER", "BlockStatement", "ThrowStatement", "ClassCreator", "ReferenceType", "IllegalArgumentException", "Literal", "\"Minimum versions requires TTL.\"", "IfStatement", "BinaryOperation", ">=", "MemberReference", "minVersions", "MemberReference", "maxVersions", "BlockStatement", "ThrowStatement", "ClassCreator", "ReferenceType", "IllegalArgumentException", "BinaryOperation", "+", "Literal", "\"Minimum versions must be < \"", "Literal", "\"maximum versions.\"", "StatementExpression", "MethodInvocation", "MemberReference", "maxVersions", "setMaxVersions", "StatementExpression", "MethodInvocation", "MemberReference", "minVersions", "setMinVersions", "StatementExpression", "MethodInvocation", "MemberReference", "keepDeletedCells", "setKeepDeletedCells", "StatementExpression", "MethodInvocation", "MemberReference", "inMemory", "setInMemory", "StatementExpression", "MethodInvocation", "MemberReference", "blockCacheEnabled", "setBlockCacheEnabled", "StatementExpression", "MethodInvocation", "MemberReference", "timeToLive", "setTimeToLive", "StatementExpression", "MethodInvocation", "MethodInvocation", "Compression.Algorithm", "MethodInvocation", "compression", "MemberReference", "Locale", "ROOT", "toUpperCase", "valueOf", "setCompressionType", "StatementExpression", "MethodInvocation", "MethodInvocation", "DataBlockEncoding", "MethodInvocation", "dataBlockEncoding", "MemberReference", "Locale", "ROOT", "toUpperCase", "valueOf", "setDataBlockEncoding", "StatementExpression", "MethodInvocation", "MethodInvocation", "BloomType", "MethodInvocation", "bloomFilter", "MemberReference", "Locale", "ROOT", "toUpperCase", "valueOf", "setBloomFilterType", "StatementExpression", "MethodInvocation", "MemberReference", "blocksize", "setBlocksize", "StatementExpression", "MethodInvocation", "MemberReference", "scope", "setScope"], "nodes": {"0": "ConstructorDeclaration", "1": "Modifier", "2": "public", "3": "Annotation", "4": "Deprecated", "5": "HColumnDescriptor", "6": "FormalParameter", "7": "Modifier", "8": "final", "9": "BasicType", "10": "byte", "11": "familyName", "12": "FormalParameter", "13": "Modifier", "14": "final", "15": "BasicType", "16": "int", "17": "minVersions", "18": "FormalParameter", "19": "Modifier", "20": "final", "21": "BasicType", "22": "int", "23": "maxVersions", "24": "FormalParameter", "25": "Modifier", "26": "final", "27": "ReferenceType", "28": "KeepDeletedCells", "29": "keepDeletedCells", "30": "FormalParameter", "31": "Modifier", "32": "final", "33": "ReferenceType", "34": "String", "35": "compression", "36": "FormalParameter", "37": "Modifier", "38": "final", "39": "BasicType", "40": "boolean", "41": "encodeOnDisk", "42": "FormalParameter", "43": "Modifier", "44": "final", "45": "ReferenceType", "46": "String", "47": "dataBlockEncoding", "48": "FormalParameter", "49": "Modifier", "50": "final", "51": "BasicType", "52": "boolean", "53": "inMemory", "54": "FormalParameter", "55": "Modifier", "56": "final", "57": "BasicType", "58": "boolean", "59": "blockCacheEnabled", "60": "FormalParameter", "61": "Modifier", "62": "final", "63": "BasicType", "64": "int", "65": "blocksize", "66": "FormalParameter", "67": "Modifier", "68": "final", "69": "BasicType", "70": "int", "71": "timeToLive", "72": "FormalParameter", "73": "Modifier", "74": "final", "75": "ReferenceType", "76": "String", "77": "bloomFilter", "78": "FormalParameter", "79": "Modifier", "80": "final", "81": "BasicType", "82": "int", "83": "scope", "84": "StatementExpression", "85": "MethodInvocation", "86": "MemberReference", "87": "familyName", "88": "isLegalFamilyName", "89": "StatementExpression", "90": "Assignment", "91": "This", "92": "MemberReference", "93": "name", "94": "MemberReference", "95": "familyName", "96": "=", "97": "IfStatement", "98": "BinaryOperation", "99": "<=", "100": "MemberReference", "101": "maxVersions", "102": "Literal", "103": "0", "104": "BlockStatement", "105": "ThrowStatement", "106": "ClassCreator", "107": "ReferenceType", "108": "IllegalArgumentException", "109": "Literal", "110": "\"Maximum versions must be positive\"", "111": "IfStatement", "112": "BinaryOperation", "113": ">", "114": "MemberReference", "115": "minVersions", "116": "Literal", "117": "0", "118": "BlockStatement", "119": "IfStatement", "120": "BinaryOperation", "121": "==", "122": "MemberReference", "123": "timeToLive", "124": "MemberReference", "125": "HConstants", "126": "FOREVER", "127": "BlockStatement", "128": "ThrowStatement", "129": "ClassCreator", "130": "ReferenceType", "131": "IllegalArgumentException", "132": "Literal", "133": "\"Minimum versions requires TTL.\"", "134": "IfStatement", "135": "BinaryOperation", "136": ">=", "137": "MemberReference", "138": "minVersions", "139": "MemberReference", "140": "maxVersions", "141": "BlockStatement", "142": "ThrowStatement", "143": "ClassCreator", "144": "ReferenceType", "145": "IllegalArgumentException", "146": "BinaryOperation", "147": "+", "148": "Literal", "149": "\"Minimum versions must be < \"", "150": "Literal", "151": "\"maximum versions.\"", "152": "StatementExpression", "153": "MethodInvocation", "154": "MemberReference", "155": "maxVersions", "156": "setMaxVersions", "157": "StatementExpression", "158": "MethodInvocation", "159": "MemberReference", "160": "minVersions", "161": "setMinVersions", "162": "StatementExpression", "163": "MethodInvocation", "164": "MemberReference", "165": "keepDeletedCells", "166": "setKeepDeletedCells", "167": "StatementExpression", "168": "MethodInvocation", "169": "MemberReference", "170": "inMemory", "171": "setInMemory", "172": "StatementExpression", "173": "MethodInvocation", "174": "MemberReference", "175": "blockCacheEnabled", "176": "setBlockCacheEnabled", "177": "StatementExpression", "178": "MethodInvocation", "179": "MemberReference", "180": "timeToLive", "181": "setTimeToLive", "182": "StatementExpression", "183": "MethodInvocation", "184": "MethodInvocation", "185": "Compression.Algorithm", "186": "MethodInvocation", "187": "compression", "188": "MemberReference", "189": "Locale", "190": "ROOT", "191": "toUpperCase", "192": "valueOf", "193": "setCompressionType", "194": "StatementExpression", "195": "MethodInvocation", "196": "MethodInvocation", "197": "DataBlockEncoding", "198": "MethodInvocation", "199": "dataBlockEncoding", "200": "MemberReference", "201": "Locale", "202": "ROOT", "203": "toUpperCase", "204": "valueOf", "205": "setDataBlockEncoding", "206": "StatementExpression", "207": "MethodInvocation", "208": "MethodInvocation", "209": "BloomType", "210": "MethodInvocation", "211": "bloomFilter", "212": "MemberReference", "213": "Locale", "214": "ROOT", "215": "toUpperCase", "216": "valueOf", "217": "setBloomFilterType", "218": "StatementExpression", "219": "MethodInvocation", "220": "MemberReference", "221": "blocksize", "222": "setBlocksize", "223": "StatementExpression", "224": "MethodInvocation", "225": "MemberReference", "226": "scope", "227": "setScope"}, "edges": {"0->1": 0, "1->0": 0, "1->2": 0, "2->1": 0, "0->3": 0, "3->0": 0, "3->4": 0, "4->3": 0, "0->5": 0, "5->0": 0, "0->6": 0, "6->0": 0, "6->7": 0, "7->6": 0, "7->8": 0, "8->7": 0, "6->9": 0, "9->6": 0, "9->10": 0, "10->9": 0, "6->11": 0, "11->6": 0, "0->12": 0, "12->0": 0, "12->13": 0, "13->12": 0, "13->14": 0, "14->13": 0, "12->15": 0, "15->12": 0, "15->16": 0, "16->15": 0, "12->17": 0, "17->12": 0, "0->18": 0, "18->0": 0, "18->19": 0, "19->18": 0, "19->20": 0, "20->19": 0, "18->21": 0, "21->18": 0, "21->22": 0, "22->21": 0, "18->23": 0, "23->18": 0, "0->24": 0, "24->0": 0, "24->25": 0, "25->24": 0, "25->26": 0, "26->25": 0, "24->27": 0, "27->24": 0, "27->28": 0, "28->27": 0, "24->29": 0, "29->24": 0, "0->30": 0, "30->0": 0, "30->31": 0, "31->30": 0, "31->32": 0, "32->31": 0, "30->33": 0, "33->30": 0, "33->34": 0, "34->33": 0, "30->35": 0, "35->30": 0, "0->36": 0, "36->0": 0, "36->37": 0, "37->36": 0, "37->38": 0, "38->37": 0, "36->39": 0, "39->36": 0, "39->40": 0, "40->39": 0, "36->41": 0, "41->36": 0, "0->42": 0, "42->0": 0, "42->43": 0, "43->42": 0, "43->44": 0, "44->43": 0, "42->45": 0, "45->42": 0, "45->46": 0, "46->45": 0, "42->47": 0, "47->42": 0, "0->48": 0, "48->0": 0, "48->49": 0, "49->48": 0, "49->50": 0, "50->49": 0, "48->51": 0, "51->48": 0, "51->52": 0, "52->51": 0, "48->53": 0, "53->48": 0, "0->54": 0, "54->0": 0, "54->55": 0, "55->54": 0, "55->56": 0, "56->55": 0, "54->57": 0, "57->54": 0, "57->58": 0, "58->57": 0, "54->59": 0, "59->54": 0, "0->60": 0, "60->0": 0, "60->61": 0, "61->60": 0, "61->62": 0, "62->61": 0, "60->63": 0, "63->60": 0, "63->64": 0, "64->63": 0, "60->65": 0, "65->60": 0, "0->66": 0, "66->0": 0, "66->67": 0, "67->66": 0, "67->68": 0, "68->67": 0, "66->69": 0, "69->66": 0, "69->70": 0, "70->69": 0, "66->71": 0, "71->66": 0, "0->72": 0, "72->0": 0, "72->73": 0, "73->72": 0, "73->74": 0, "74->73": 0, "72->75": 0, "75->72": 0, "75->76": 0, "76->75": 0, "72->77": 0, "77->72": 0, "0->78": 0, "78->0": 0, "78->79": 0, "79->78": 0, "79->80": 0, "80->79": 0, "78->81": 0, "81->78": 0, "81->82": 0, "82->81": 0, "78->83": 0, "83->78": 0, "0->84": 0, "84->0": 0, "84->85": 0, "85->84": 0, "85->86": 0, "86->85": 0, "86->87": 0, "87->86": 0, "85->88": 0, "88->85": 0, "0->89": 0, "89->0": 0, "89->90": 0, "90->89": 0, "90->91": 0, "91->90": 0, "91->92": 0, "92->91": 0, "92->93": 0, "93->92": 0, "90->94": 0, "94->90": 0, "94->95": 0, "95->94": 0, "90->96": 0, "96->90": 0, "0->97": 0, "97->0": 0, "97->98": 0, "98->97": 0, "98->99": 0, "99->98": 0, "98->100": 0, "100->98": 0, "100->101": 0, "101->100": 0, "98->102": 0, "102->98": 0, "102->103": 0, "103->102": 0, "97->104": 0, "104->97": 0, "104->105": 0, "105->104": 0, "105->106": 0, "106->105": 0, "106->107": 0, "107->106": 0, "107->108": 0, "108->107": 0, "106->109": 0, "109->106": 0, "109->110": 0, "110->109": 0, "0->111": 0, "111->0": 0, "111->112": 0, "112->111": 0, "112->113": 0, "113->112": 0, "112->114": 0, "114->112": 0, "114->115": 0, "115->114": 0, "112->116": 0, "116->112": 0, "116->117": 0, "117->116": 0, "111->118": 0, "118->111": 0, "118->119": 0, "119->118": 0, "119->120": 0, "120->119": 0, "120->121": 0, "121->120": 0, "120->122": 0, "122->120": 0, "122->123": 0, "123->122": 0, "120->124": 0, "124->120": 0, "124->125": 0, "125->124": 0, "124->126": 0, "126->124": 0, "119->127": 0, "127->119": 0, "127->128": 0, "128->127": 0, "128->129": 0, "129->128": 0, "129->130": 0, "130->129": 0, "130->131": 0, "131->130": 0, "129->132": 0, "132->129": 0, "132->133": 0, "133->132": 0, "118->134": 0, "134->118": 0, "134->135": 0, "135->134": 0, "135->136": 0, "136->135": 0, "135->137": 0, "137->135": 0, "137->138": 0, "138->137": 0, "135->139": 0, "139->135": 0, "139->140": 0, "140->139": 0, "134->141": 0, "141->134": 0, "141->142": 0, "142->141": 0, "142->143": 0, "143->142": 0, "143->144": 0, "144->143": 0, "144->145": 0, "145->144": 0, "143->146": 0, "146->143": 0, "146->147": 0, "147->146": 0, "146->148": 0, "148->146": 0, "148->149": 0, "149->148": 0, "146->150": 0, "150->146": 0, "150->151": 0, "151->150": 0, "0->152": 0, "152->0": 0, "152->153": 0, "153->152": 0, "153->154": 0, "154->153": 0, "154->155": 0, "155->154": 0, "153->156": 0, "156->153": 0, "0->157": 0, "157->0": 0, "157->158": 0, "158->157": 0, "158->159": 0, "159->158": 0, "159->160": 0, "160->159": 0, "158->161": 0, "161->158": 0, "0->162": 0, "162->0": 0, "162->163": 0, "163->162": 0, "163->164": 0, "164->163": 0, "164->165": 0, "165->164": 0, "163->166": 0, "166->163": 0, "0->167": 0, "167->0": 0, "167->168": 0, "168->167": 0, "168->169": 0, "169->168": 0, "169->170": 0, "170->169": 0, "168->171": 0, "171->168": 0, "0->172": 0, "172->0": 0, "172->173": 0, "173->172": 0, "173->174": 0, "174->173": 0, "174->175": 0, "175->174": 0, "173->176": 0, "176->173": 0, "0->177": 0, "177->0": 0, "177->178": 0, "178->177": 0, "178->179": 0, "179->178": 0, "179->180": 0, "180->179": 0, "178->181": 0, "181->178": 0, "0->182": 0, "182->0": 0, "182->183": 0, "183->182": 0, "183->184": 0, "184->183": 0, "184->185": 0, "185->184": 0, "184->186": 0, "186->184": 0, "186->187": 0, "187->186": 0, "186->188": 0, "188->186": 0, "188->189": 0, "189->188": 0, "188->190": 0, "190->188": 0, "186->191": 0, "191->186": 0, "184->192": 0, "192->184": 0, "183->193": 0, "193->183": 0, "0->194": 0, "194->0": 0, "194->195": 0, "195->194": 0, "195->196": 0, "196->195": 0, "196->197": 0, "197->196": 0, "196->198": 0, "198->196": 0, "198->199": 0, "199->198": 0, "198->200": 0, "200->198": 0, "200->201": 0, "201->200": 0, "200->202": 0, "202->200": 0, "198->203": 0, "203->198": 0, "196->204": 0, "204->196": 0, "195->205": 0, "205->195": 0, "0->206": 0, "206->0": 0, "206->207": 0, "207->206": 0, "207->208": 0, "208->207": 0, "208->209": 0, "209->208": 0, "208->210": 0, "210->208": 0, "210->211": 0, "211->210": 0, "210->212": 0, "212->210": 0, "212->213": 0, "213->212": 0, "212->214": 0, "214->212": 0, "210->215": 0, "215->210": 0, "208->216": 0, "216->208": 0, "207->217": 0, "217->207": 0, "0->218": 0, "218->0": 0, "218->219": 0, "219->218": 0, "219->220": 0, "220->219": 0, "220->221": 0, "221->220": 0, "219->222": 0, "222->219": 0, "0->223": 0, "223->0": 0, "223->224": 0, "224->223": 0, "224->225": 0, "225->224": 0, "225->226": 0, "226->225": 0, "224->227": 0, "227->224": 0, "1->3": 1, "3->1": 12, "3->5": 1, "5->3": 12, "5->6": 1, "6->5": 12, "6->12": 1, "12->6": 12, "12->18": 1, "18->12": 12, "18->24": 1, "24->18": 12, "24->30": 1, "30->24": 12, "30->36": 1, "36->30": 12, "36->42": 1, "42->36": 12, "42->48": 1, "48->42": 12, "48->54": 1, "54->48": 12, "54->60": 1, "60->54": 12, "60->66": 1, "66->60": 12, "66->72": 1, "72->66": 12, "72->78": 1, "78->72": 12, "78->84": 1, "84->78": 12, "84->89": 1, "89->84": 12, "89->97": 1, "97->89": 12, "97->111": 1, "111->97": 12, "111->152": 1, "152->111": 12, "152->157": 1, "157->152": 12, "157->162": 1, "162->157": 12, "162->167": 1, "167->162": 12, "167->172": 1, "172->167": 12, "172->177": 1, "177->172": 12, "177->182": 1, "182->177": 12, "182->194": 1, "194->182": 12, "194->206": 1, "206->194": 12, "206->218": 1, "218->206": 12, "218->223": 1, "223->218": 12, "7->9": 1, "9->7": 12, "9->11": 1, "11->9": 12, "13->15": 1, "15->13": 12, "15->17": 1, "17->15": 12, "19->21": 1, "21->19": 12, "21->23": 1, "23->21": 12, "25->27": 1, "27->25": 12, "27->29": 1, "29->27": 12, "31->33": 1, "33->31": 12, "33->35": 1, "35->33": 12, "37->39": 1, "39->37": 12, "39->41": 1, "41->39": 12, "43->45": 1, "45->43": 12, "45->47": 1, "47->45": 12, "49->51": 1, "51->49": 12, "51->53": 1, "53->51": 12, "55->57": 1, "57->55": 12, "57->59": 1, "59->57": 12, "61->63": 1, "63->61": 12, "63->65": 1, "65->63": 12, "67->69": 1, "69->67": 12, "69->71": 1, "71->69": 12, "73->75": 1, "75->73": 12, "75->77": 1, "77->75": 12, "79->81": 1, "81->79": 12, "81->83": 1, "83->81": 12, "86->88": 1, "88->86": 12, "91->94": 1, "94->91": 12, "94->96": 1, "96->94": 12, "98->104": 6, "104->98": 6, "99->100": 1, "100->99": 12, "100->102": 1, "102->100": 12, "107->109": 1, "109->107": 12, "112->118": 6, "118->112": 6, "113->114": 1, "114->113": 12, "114->116": 1, "116->114": 12, "119->134": 10, "134->119": 11, "120->127": 6, "127->120": 6, "121->122": 1, "122->121": 12, "122->124": 1, "124->122": 12, "125->126": 2, "126->125": 3, "130->132": 1, "132->130": 12, "135->141": 6, "141->135": 6, "136->137": 1, "137->136": 12, "137->139": 1, "139->137": 12, "144->146": 1, "146->144": 12, "147->148": 1, "148->147": 12, "148->150": 1, "150->148": 12, "154->156": 1, "156->154": 12, "159->161": 1, "161->159": 12, "164->166": 1, "166->164": 12, "169->171": 1, "171->169": 12, "174->176": 1, "176->174": 12, "179->181": 1, "181->179": 12, "184->193": 1, "193->184": 12, "185->186": 1, "186->185": 12, "186->192": 1, "192->186": 12, "187->188": 1, "188->187": 12, "188->191": 1, "191->188": 12, "189->190": 2, "190->189": 3, "196->205": 1, "205->196": 12, "197->198": 1, "198->197": 12, "198->204": 1, "204->198": 12, "199->200": 1, "200->199": 12, "200->203": 1, "203->200": 12, "201->202": 2, "202->201": 3, "208->217": 1, "217->208": 12, "209->210": 1, "210->209": 12, "210->216": 1, "216->210": 12, "211->212": 1, "212->211": 12, "212->215": 1, "215->212": 12, "213->214": 2, "214->213": 3, "220->222": 1, "222->220": 12, "225->227": 1, "227->225": 12, "2->4": 2, "4->2": 3, "4->5": 2, "5->4": 3, "5->8": 2, "8->5": 3, "8->10": 2, "10->8": 3, "10->11": 2, "11->10": 3, "11->14": 2, "14->11": 3, "14->16": 2, "16->14": 3, "16->17": 2, "17->16": 3, "17->20": 2, "20->17": 3, "20->22": 2, "22->20": 3, "22->23": 2, "23->22": 3, "23->26": 2, "26->23": 3, "26->28": 2, "28->26": 3, "28->29": 2, "29->28": 3, "29->32": 2, "32->29": 3, "32->34": 2, "34->32": 3, "34->35": 2, "35->34": 3, "35->38": 2, "38->35": 3, "38->40": 2, "40->38": 3, "40->41": 2, "41->40": 3, "41->44": 2, "44->41": 3, "44->46": 2, "46->44": 3, "46->47": 2, "47->46": 3, "47->50": 2, "50->47": 3, "50->52": 2, "52->50": 3, "52->53": 2, "53->52": 3, "53->56": 2, "56->53": 3, "56->58": 2, "58->56": 3, "58->59": 2, "59->58": 3, "59->62": 2, "62->59": 3, "62->64": 2, "64->62": 3, "64->65": 2, "65->64": 3, "65->68": 2, "68->65": 3, "68->70": 2, "70->68": 3, "70->71": 2, "71->70": 3, "71->74": 2, "74->71": 3, "74->76": 2, "76->74": 3, "76->77": 2, "77->76": 3, "77->80": 2, "80->77": 3, "80->82": 2, "82->80": 3, "82->83": 2, "83->82": 3, "83->87": 2, "87->83": 3, "87->88": 2, "88->87": 3, "88->93": 2, "93->88": 3, "93->95": 2, "95->93": 3, "95->96": 2, "96->95": 3, "96->99": 2, "99->96": 3, "99->101": 2, "101->99": 3, "101->103": 2, "103->101": 3, "103->108": 2, "108->103": 3, "108->110": 2, "110->108": 3, "110->113": 2, "113->110": 3, "113->115": 2, "115->113": 3, "115->117": 2, "117->115": 3, "117->121": 2, "121->117": 3, "121->123": 2, "123->121": 3, "123->125": 2, "125->123": 3, "126->131": 2, "131->126": 3, "131->133": 2, "133->131": 3, "133->136": 2, "136->133": 3, "136->138": 2, "138->136": 3, "138->140": 2, "140->138": 3, "140->145": 2, "145->140": 3, "145->147": 2, "147->145": 3, "147->149": 2, "149->147": 3, "149->151": 2, "151->149": 3, "151->155": 2, "155->151": 3, "155->156": 2, "156->155": 3, "156->160": 2, "160->156": 3, "160->161": 2, "161->160": 3, "161->165": 2, "165->161": 3, "165->166": 2, "166->165": 3, "166->170": 2, "170->166": 3, "170->171": 2, "171->170": 3, "171->175": 2, "175->171": 3, "175->176": 2, "176->175": 3, "176->180": 2, "180->176": 3, "180->181": 2, "181->180": 3, "181->185": 2, "185->181": 3, "185->187": 2, "187->185": 3, "187->189": 2, "189->187": 3, "190->191": 2, "191->190": 3, "191->192": 2, "192->191": 3, "192->193": 2, "193->192": 3, "193->197": 2, "197->193": 3, "197->199": 2, "199->197": 3, "199->201": 2, "201->199": 3, "202->203": 2, "203->202": 3, "203->204": 2, "204->203": 3, "204->205": 2, "205->204": 3, "205->209": 2, "209->205": 3, "209->211": 2, "211->209": 3, "211->213": 2, "213->211": 3, "214->215": 2, "215->214": 3, "215->216": 2, "216->215": 3, "216->217": 2, "217->216": 3, "217->221": 2, "221->217": 3, "221->222": 2, "222->221": 3, "222->226": 2, "226->222": 3, "226->227": 2, "227->226": 3, "87->95": 4, "95->87": 5, "101->140": 4, "140->101": 5, "140->155": 4, "155->140": 5, "115->138": 4, "138->115": 5, "138->160": 4, "160->138": 5, "123->180": 4, "180->123": 5, "190->202": 4, "202->190": 5, "202->214": 4, "214->202": 5}, "metrics": [26.0, 5.0, 13.0]}