{"nodelist": ["MethodDeclaration", "{'private'}", "private", "archiveLogFile", "FormalParameter", "{'final'}", "final", "ReferenceType", "Path", "p", "IOException", "LocalVariableDeclaration", "ReferenceType", "Path", "VariableDeclarator", "newPath", "MethodInvocation", "This", "MemberReference", "oldLogDir", "MemberReference", "p", "getHLogArchivePath", "IfStatement", "This", "!", "MemberReference", "listeners", "MethodInvocation", "isEmpty", "BlockStatement", "ForStatement", "EnhancedForControl", "VariableDeclaration", "ReferenceType", "WALActionsListener", "VariableDeclarator", "i", "This", "MemberReference", "listeners", "BlockStatement", "StatementExpression", "MethodInvocation", "i", "MemberReference", "p", "MemberReference", "newPath", "preLogArchive", "IfStatement", "MethodInvocation", "!", "FSUtils", "This", "MemberReference", "fs", "MemberReference", "p", "MemberReference", "newPath", "renameAndSetModifyTime", "BlockStatement", "ThrowStatement", "ClassCreator", "ReferenceType", "IOException", "BinaryOperation", "+", "BinaryOperation", "+", "BinaryOperation", "+", "Literal", "\"Unable to rename \"", "MemberReference", "p", "Literal", "\" to \"", "MemberReference", "newPath", "IfStatement", "This", "!", "MemberReference", "listeners", "MethodInvocation", "isEmpty", "BlockStatement", "ForStatement", "EnhancedForControl", "VariableDeclaration", "ReferenceType", "WALActionsListener", "VariableDeclarator", "i", "This", "MemberReference", "listeners", "BlockStatement", "StatementExpression", "MethodInvocation", "i", "MemberReference", "p", "MemberReference", "newPath", "postLogArchive"], "nodes": {"0": "MethodDeclaration", "1": "Modifier", "2": "private", "3": "archiveLogFile", "4": "FormalParameter", "5": "Modifier", "6": "final", "7": "ReferenceType", "8": "Path", "9": "p", "10": "IOException", "11": "LocalVariableDeclaration", "12": "ReferenceType", "13": "Path", "14": "VariableDeclarator", "15": "newPath", "16": "MethodInvocation", "17": "This", "18": "MemberReference", "19": "oldLogDir", "20": "MemberReference", "21": "p", "22": "getHLogArchivePath", "23": "IfStatement", "24": "This", "25": "!", "26": "MemberReference", "27": "listeners", "28": "MethodInvocation", "29": "isEmpty", "30": "BlockStatement", "31": "ForStatement", "32": "EnhancedForControl", "33": "VariableDeclaration", "34": "ReferenceType", "35": "WALActionsListener", "36": "VariableDeclarator", "37": "i", "38": "This", "39": "MemberReference", "40": "listeners", "41": "BlockStatement", "42": "StatementExpression", "43": "MethodInvocation", "44": "i", "45": "MemberReference", "46": "p", "47": "MemberReference", "48": "newPath", "49": "preLogArchive", "50": "IfStatement", "51": "MethodInvocation", "52": "!", "53": "FSUtils", "54": "This", "55": "MemberReference", "56": "fs", "57": "MemberReference", "58": "p", "59": "MemberReference", "60": "newPath", "61": "renameAndSetModifyTime", "62": "BlockStatement", "63": "ThrowStatement", "64": "ClassCreator", "65": "ReferenceType", "66": "IOException", "67": "BinaryOperation", "68": "+", "69": "BinaryOperation", "70": "+", "71": "BinaryOperation", "72": "+", "73": "Literal", "74": "\"Unable to rename \"", "75": "MemberReference", "76": "p", "77": "Literal", "78": "\" to \"", "79": "MemberReference", "80": "newPath", "81": "IfStatement", "82": "This", "83": "!", "84": "MemberReference", "85": "listeners", "86": "MethodInvocation", "87": "isEmpty", "88": "BlockStatement", "89": "ForStatement", "90": "EnhancedForControl", "91": "VariableDeclaration", "92": "ReferenceType", "93": "WALActionsListener", "94": "VariableDeclarator", "95": "i", "96": "This", "97": "MemberReference", "98": "listeners", "99": "BlockStatement", "100": "StatementExpression", "101": "MethodInvocation", "102": "i", "103": "MemberReference", "104": "p", "105": "MemberReference", "106": "newPath", "107": "postLogArchive"}, "edges": {"0->1": 0, "1->0": 0, "1->2": 0, "2->1": 0, "0->3": 0, "3->0": 0, "0->4": 0, "4->0": 0, "4->5": 0, "5->4": 0, "5->6": 0, "6->5": 0, "4->7": 0, "7->4": 0, "7->8": 0, "8->7": 0, "4->9": 0, "9->4": 0, "0->10": 0, "10->0": 0, "0->11": 0, "11->0": 0, "11->12": 0, "12->11": 0, "12->13": 0, "13->12": 0, "11->14": 0, "14->11": 0, "14->15": 0, "15->14": 0, "14->16": 0, "16->14": 0, "16->17": 0, "17->16": 0, "17->18": 0, "18->17": 0, "18->19": 0, "19->18": 0, "16->20": 0, "20->16": 0, "20->21": 0, "21->20": 0, "16->22": 0, "22->16": 0, "0->23": 0, "23->0": 0, "23->24": 0, "24->23": 0, "24->25": 0, "25->24": 0, "24->26": 0, "26->24": 0, "26->27": 0, "27->26": 0, "24->28": 0, "28->24": 0, "28->29": 0, "29->28": 0, "23->30": 0, "30->23": 0, "30->31": 0, "31->30": 0, "31->32": 0, "32->31": 0, "32->33": 0, "33->32": 0, "33->34": 0, "34->33": 0, "34->35": 0, "35->34": 0, "33->36": 0, "36->33": 0, "36->37": 0, "37->36": 0, "32->38": 0, "38->32": 0, "38->39": 0, "39->38": 0, "39->40": 0, "40->39": 0, "31->41": 0, "41->31": 0, "41->42": 0, "42->41": 0, "42->43": 0, "43->42": 0, "43->44": 0, "44->43": 0, "43->45": 0, "45->43": 0, "45->46": 0, "46->45": 0, "43->47": 0, "47->43": 0, "47->48": 0, "48->47": 0, "43->49": 0, "49->43": 0, "0->50": 0, "50->0": 0, "50->51": 0, "51->50": 0, "51->52": 0, "52->51": 0, "51->53": 0, "53->51": 0, "51->54": 0, "54->51": 0, "54->55": 0, "55->54": 0, "55->56": 0, "56->55": 0, "51->57": 0, "57->51": 0, "57->58": 0, "58->57": 0, "51->59": 0, "59->51": 0, "59->60": 0, "60->59": 0, "51->61": 0, "61->51": 0, "50->62": 0, "62->50": 0, "62->63": 0, "63->62": 0, "63->64": 0, "64->63": 0, "64->65": 0, "65->64": 0, "65->66": 0, "66->65": 0, "64->67": 0, "67->64": 0, "67->68": 0, "68->67": 0, "67->69": 0, "69->67": 0, "69->70": 0, "70->69": 0, "69->71": 0, "71->69": 0, "71->72": 0, "72->71": 0, "71->73": 0, "73->71": 0, "73->74": 0, "74->73": 0, "71->75": 0, "75->71": 0, "75->76": 0, "76->75": 0, "69->77": 0, "77->69": 0, "77->78": 0, "78->77": 0, "67->79": 0, "79->67": 0, "79->80": 0, "80->79": 0, "0->81": 0, "81->0": 0, "81->82": 0, "82->81": 0, "82->83": 0, "83->82": 0, "82->84": 0, "84->82": 0, "84->85": 0, "85->84": 0, "82->86": 0, "86->82": 0, "86->87": 0, "87->86": 0, "81->88": 0, "88->81": 0, "88->89": 0, "89->88": 0, "89->90": 0, "90->89": 0, "90->91": 0, "91->90": 0, "91->92": 0, "92->91": 0, "92->93": 0, "93->92": 0, "91->94": 0, "94->91": 0, "94->95": 0, "95->94": 0, "90->96": 0, "96->90": 0, "96->97": 0, "97->96": 0, "97->98": 0, "98->97": 0, "89->99": 0, "99->89": 0, "99->100": 0, "100->99": 0, "100->101": 0, "101->100": 0, "101->102": 0, "102->101": 0, "101->103": 0, "103->101": 0, "103->104": 0, "104->103": 0, "101->105": 0, "105->101": 0, "105->106": 0, "106->105": 0, "101->107": 0, "107->101": 0, "1->3": 1, "3->1": 12, "3->4": 1, "4->3": 12, "4->10": 1, "10->4": 12, "10->11": 1, "11->10": 12, "11->23": 1, "23->11": 12, "23->50": 1, "50->23": 12, "50->81": 1, "81->50": 12, "5->7": 1, "7->5": 12, "7->9": 1, "9->7": 12, "12->14": 1, "14->12": 12, "15->16": 1, "16->15": 12, "17->20": 1, "20->17": 12, "20->22": 1, "22->20": 12, "24->30": 6, "30->24": 6, "25->26": 1, "26->25": 12, "26->28": 1, "28->26": 12, "32->41": 9, "41->32": 9, "33->38": 1, "38->33": 12, "34->36": 1, "36->34": 12, "44->45": 1, "45->44": 12, "45->47": 1, "47->45": 12, "47->49": 1, "49->47": 12, "51->62": 6, "62->51": 6, "52->53": 2, "53->52": 3, "53->54": 1, "54->53": 12, "54->57": 1, "57->54": 12, "57->59": 1, "59->57": 12, "59->61": 1, "61->59": 12, "65->67": 1, "67->65": 12, "68->69": 1, "69->68": 12, "69->79": 1, "79->69": 12, "70->71": 1, "71->70": 12, "71->77": 1, "77->71": 12, "72->73": 1, "73->72": 12, "73->75": 1, "75->73": 12, "82->88": 6, "88->82": 6, "83->84": 1, "84->83": 12, "84->86": 1, "86->84": 12, "90->99": 9, "99->90": 9, "91->96": 1, "96->91": 12, "92->94": 1, "94->92": 12, "102->103": 1, "103->102": 12, "103->105": 1, "105->103": 12, "105->107": 1, "107->105": 12, "2->3": 2, "3->2": 3, "3->6": 2, "6->3": 3, "6->8": 2, "8->6": 3, "8->9": 2, "9->8": 3, "9->10": 2, "10->9": 3, "10->13": 2, "13->10": 3, "13->15": 2, "15->13": 3, "15->19": 2, "19->15": 3, "19->21": 2, "21->19": 3, "21->22": 2, "22->21": 3, "22->25": 2, "25->22": 3, "25->27": 2, "27->25": 3, "27->29": 2, "29->27": 3, "29->35": 2, "35->29": 3, "35->37": 2, "37->35": 3, "37->40": 2, "40->37": 3, "40->44": 2, "44->40": 3, "44->46": 2, "46->44": 3, "46->48": 2, "48->46": 3, "48->49": 2, "49->48": 3, "49->52": 2, "52->49": 3, "53->56": 2, "56->53": 3, "56->58": 2, "58->56": 3, "58->60": 2, "60->58": 3, "60->61": 2, "61->60": 3, "61->66": 2, "66->61": 3, "66->68": 2, "68->66": 3, "68->70": 2, "70->68": 3, "70->72": 2, "72->70": 3, "72->74": 2, "74->72": 3, "74->76": 2, "76->74": 3, "76->78": 2, "78->76": 3, "78->80": 2, "80->78": 3, "80->83": 2, "83->80": 3, "83->85": 2, "85->83": 3, "85->87": 2, "87->85": 3, "87->93": 2, "93->87": 3, "93->95": 2, "95->93": 3, "95->98": 2, "98->95": 3, "98->102": 2, "102->98": 3, "102->104": 2, "104->102": 3, "104->106": 2, "106->104": 3, "106->107": 2, "107->106": 3, "21->46": 4, "46->21": 5, "46->58": 4, "58->46": 5, "58->76": 4, "76->58": 5, "76->104": 4, "104->76": 5, "27->40": 4, "40->27": 5, "40->85": 4, "85->40": 5, "85->98": 4, "98->85": 5, "48->60": 4, "60->48": 5, "60->80": 4, "80->60": 5, "80->106": 4, "106->80": 5}, "metrics": [16.0, 6.0, 1.0]}