{"nodelist": ["MethodDeclaration", "{'public'}", "public", "ReferenceType", "AsyncMethodCallback", "TypeArgument", "ReferenceType", "Void", "getResultHandler", "FormalParameter", "{'final'}", "final", "ReferenceType", "AsyncFrameBuffer", "fb", "FormalParameter", "{'final'}", "final", "BasicType", "int", "seqid", "LocalVariableDeclaration", "{'final'}", "final", "ReferenceType", "org", "ReferenceType", "apache", "ReferenceType", "thrift", "ReferenceType", "AsyncProcessFunction", "VariableDeclarator", "fcall", "This", "ReturnStatement", "ClassCreator", "ReferenceType", "AsyncMethodCallback", "TypeArgument", "ReferenceType", "Void", "MethodDeclaration", "{'public'}", "public", "onComplete", "FormalParameter", "ReferenceType", "Void", "o", "LocalVariableDeclaration", "ReferenceType", "mutateRow_result", "VariableDeclarator", "result", "ClassCreator", "ReferenceType", "mutateRow_result", "TryStatement", "StatementExpression", "MethodInvocation", "fcall", "MemberReference", "fb", "MemberReference", "result", "MemberReference", "org.apache.thrift.protocol.TMessageType", "REPLY", "MemberReference", "seqid", "sendResponse", "ReturnStatement", "CatchClause", "CatchClauseParameter", "Exception", "e", "StatementExpression", "MethodInvocation", "LOGGER", "Literal", "\"Exception writing to internal frame buffer\"", "MemberReference", "e", "error", "StatementExpression", "MethodInvocation", "fb", "close", "MethodDeclaration", "{'public'}", "public", "onError", "FormalParameter", "ReferenceType", "Exception", "e", "LocalVariableDeclaration", "BasicType", "byte", "VariableDeclarator", "msgType", "MemberReference", "org.apache.thrift.protocol.TMessageType", "REPLY", "LocalVariableDeclaration", "ReferenceType", "org", "ReferenceType", "apache", "ReferenceType", "thrift", "ReferenceType", "TBase", "VariableDeclarator", "msg", "LocalVariableDeclaration", "ReferenceType", "mutateRow_result", "VariableDeclarator", "result", "ClassCreator", "ReferenceType", "mutateRow_result", "IfStatement", "BinaryOperation", "instanceof", "MemberReference", "e", "ReferenceType", "IOError", "BlockStatement", "StatementExpression", "Assignment", "MemberReference", "result", "io", "Cast", "ReferenceType", "IOError", "MemberReference", "e", "=", "StatementExpression", "MethodInvocation", "result", "Literal", "true", "setIoIsSet", "StatementExpression", "Assignment", "MemberReference", "msg", "MemberReference", "result", "=", "IfStatement", "BinaryOperation", "instanceof", "MemberReference", "e", "ReferenceType", "IllegalArgument", "BlockStatement", "StatementExpression", "Assignment", "MemberReference", "result", "ia", "Cast", "ReferenceType", "IllegalArgument", "MemberReference", "e", "=", "StatementExpression", "MethodInvocation", "result", "Literal", "true", "setIaIsSet", "StatementExpression", "Assignment", "MemberReference", "msg", "MemberReference", "result", "=", "BlockStatement", "StatementExpression", "Assignment", "MemberReference", "msgType", "MemberReference", "org.apache.thrift.protocol.TMessageType", "EXCEPTION", "=", "StatementExpression", "Assignment", "MemberReference", "msg", "Cast", "ReferenceType", "org", "ReferenceType", "apache", "ReferenceType", "thrift", "ReferenceType", "TBase", "ClassCreator", "ReferenceType", "org", "ReferenceType", "apache", "ReferenceType", "thrift", "ReferenceType", "TApplicationException", "MemberReference", "org.apache.thrift.TApplicationException", "INTERNAL_ERROR", "MethodInvocation", "e", "getMessage", "=", "TryStatement", "StatementExpression", "MethodInvocation", "fcall", "MemberReference", "fb", "MemberReference", "msg", "MemberReference", "msgType", "MemberReference", "seqid", "sendResponse", "ReturnStatement", "CatchClause", "CatchClauseParameter", "Exception", "ex", "StatementExpression", "MethodInvocation", "LOGGER", "Literal", "\"Exception writing to internal frame buffer\"", "MemberReference", "ex", "error", "StatementExpression", "MethodInvocation", "fb", "close"], "nodes": {"0": "MethodDeclaration", "1": "Modifier", "2": "public", "3": "ReferenceType", "4": "AsyncMethodCallback", "5": "TypeArgument", "6": "ReferenceType", "7": "Void", "8": "getResultHandler", "9": "FormalParameter", "10": "Modifier", "11": "final", "12": "ReferenceType", "13": "AsyncFrameBuffer", "14": "fb", "15": "FormalParameter", "16": "Modifier", "17": "final", "18": "BasicType", "19": "int", "20": "seqid", "21": "LocalVariableDeclaration", "22": "Modifier", "23": "final", "24": "ReferenceType", "25": "org", "26": "ReferenceType", "27": "apache", "28": "ReferenceType", "29": "thrift", "30": "ReferenceType", "31": "AsyncProcessFunction", "32": "VariableDeclarator", "33": "fcall", "34": "This", "35": "ReturnStatement", "36": "ClassCreator", "37": "ReferenceType", "38": "AsyncMethodCallback", "39": "TypeArgument", "40": "ReferenceType", "41": "Void", "42": "MethodDeclaration", "43": "Modifier", "44": "public", "45": "onComplete", "46": "FormalParameter", "47": "ReferenceType", "48": "Void", "49": "o", "50": "LocalVariableDeclaration", "51": "ReferenceType", "52": "mutateRow_result", "53": "VariableDeclarator", "54": "result", "55": "ClassCreator", "56": "ReferenceType", "57": "mutateRow_result", "58": "TryStatement", "59": "StatementExpression", "60": "MethodInvocation", "61": "fcall", "62": "MemberReference", "63": "fb", "64": "MemberReference", "65": "result", "66": "MemberReference", "67": "org.apache.thrift.protocol.TMessageType", "68": "REPLY", "69": "MemberReference", "70": "seqid", "71": "sendResponse", "72": "ReturnStatement", "73": "CatchClause", "74": "CatchClauseParameter", "75": "Exception", "76": "e", "77": "StatementExpression", "78": "MethodInvocation", "79": "LOGGER", "80": "Literal", "81": "\"Exception writing to internal frame buffer\"", "82": "MemberReference", "83": "e", "84": "error", "85": "StatementExpression", "86": "MethodInvocation", "87": "fb", "88": "close", "89": "MethodDeclaration", "90": "Modifier", "91": "public", "92": "onError", "93": "FormalParameter", "94": "ReferenceType", "95": "Exception", "96": "e", "97": "LocalVariableDeclaration", "98": "BasicType", "99": "byte", "100": "VariableDeclarator", "101": "msgType", "102": "MemberReference", "103": "org.apache.thrift.protocol.TMessageType", "104": "REPLY", "105": "LocalVariableDeclaration", "106": "ReferenceType", "107": "org", "108": "ReferenceType", "109": "apache", "110": "ReferenceType", "111": "thrift", "112": "ReferenceType", "113": "TBase", "114": "VariableDeclarator", "115": "msg", "116": "LocalVariableDeclaration", "117": "ReferenceType", "118": "mutateRow_result", "119": "VariableDeclarator", "120": "result", "121": "ClassCreator", "122": "ReferenceType", "123": "mutateRow_result", "124": "IfStatement", "125": "BinaryOperation", "126": "instanceof", "127": "MemberReference", "128": "e", "129": "ReferenceType", "130": "IOError", "131": "BlockStatement", "132": "StatementExpression", "133": "Assignment", "134": "MemberReference", "135": "result", "136": "io", "137": "Cast", "138": "ReferenceType", "139": "IOError", "140": "MemberReference", "141": "e", "142": "=", "143": "StatementExpression", "144": "MethodInvocation", "145": "result", "146": "Literal", "147": "true", "148": "setIoIsSet", "149": "StatementExpression", "150": "Assignment", "151": "MemberReference", "152": "msg", "153": "MemberReference", "154": "result", "155": "=", "156": "IfStatement", "157": "BinaryOperation", "158": "instanceof", "159": "MemberReference", "160": "e", "161": "ReferenceType", "162": "IllegalArgument", "163": "BlockStatement", "164": "StatementExpression", "165": "Assignment", "166": "MemberReference", "167": "result", "168": "ia", "169": "Cast", "170": "ReferenceType", "171": "IllegalArgument", "172": "MemberReference", "173": "e", "174": "=", "175": "StatementExpression", "176": "MethodInvocation", "177": "result", "178": "Literal", "179": "true", "180": "setIaIsSet", "181": "StatementExpression", "182": "Assignment", "183": "MemberReference", "184": "msg", "185": "MemberReference", "186": "result", "187": "=", "188": "BlockStatement", "189": "StatementExpression", "190": "Assignment", "191": "MemberReference", "192": "msgType", "193": "MemberReference", "194": "org.apache.thrift.protocol.TMessageType", "195": "EXCEPTION", "196": "=", "197": "StatementExpression", "198": "Assignment", "199": "MemberReference", "200": "msg", "201": "Cast", "202": "ReferenceType", "203": "org", "204": "ReferenceType", "205": "apache", "206": "ReferenceType", "207": "thrift", "208": "ReferenceType", "209": "TBase", "210": "ClassCreator", "211": "ReferenceType", "212": "org", "213": "ReferenceType", "214": "apache", "215": "ReferenceType", "216": "thrift", "217": "ReferenceType", "218": "TApplicationException", "219": "MemberReference", "220": "org.apache.thrift.TApplicationException", "221": "INTERNAL_ERROR", "222": "MethodInvocation", "223": "e", "224": "getMessage", "225": "=", "226": "TryStatement", "227": "StatementExpression", "228": "MethodInvocation", "229": "fcall", "230": "MemberReference", "231": "fb", "232": "MemberReference", "233": "msg", "234": "MemberReference", "235": "msgType", "236": "MemberReference", "237": "seqid", "238": "sendResponse", "239": "ReturnStatement", "240": "CatchClause", "241": "CatchClauseParameter", "242": "Exception", "243": "ex", "244": "StatementExpression", "245": "MethodInvocation", "246": "LOGGER", "247": "Literal", "248": "\"Exception writing to internal frame buffer\"", "249": "MemberReference", "250": "ex", "251": "error", "252": "StatementExpression", "253": "MethodInvocation", "254": "fb", "255": "close"}, "edges": {"0->1": 0, "1->0": 0, "1->2": 0, "2->1": 0, "0->3": 0, "3->0": 0, "3->4": 0, "4->3": 0, "3->5": 0, "5->3": 0, "5->6": 0, "6->5": 0, "6->7": 0, "7->6": 0, "0->8": 0, "8->0": 0, "0->9": 0, "9->0": 0, "9->10": 0, "10->9": 0, "10->11": 0, "11->10": 0, "9->12": 0, "12->9": 0, "12->13": 0, "13->12": 0, "9->14": 0, "14->9": 0, "0->15": 0, "15->0": 0, "15->16": 0, "16->15": 0, "16->17": 0, "17->16": 0, "15->18": 0, "18->15": 0, "18->19": 0, "19->18": 0, "15->20": 0, "20->15": 0, "0->21": 0, "21->0": 0, "21->22": 0, "22->21": 0, "22->23": 0, "23->22": 0, "21->24": 0, "24->21": 0, "24->25": 0, "25->24": 0, "24->26": 0, "26->24": 0, "26->27": 0, "27->26": 0, "26->28": 0, "28->26": 0, "28->29": 0, "29->28": 0, "28->30": 0, "30->28": 0, "30->31": 0, "31->30": 0, "21->32": 0, "32->21": 0, "32->33": 0, "33->32": 0, "32->34": 0, "34->32": 0, "0->35": 0, "35->0": 0, "35->36": 0, "36->35": 0, "36->37": 0, "37->36": 0, "37->38": 0, "38->37": 0, "37->39": 0, "39->37": 0, "39->40": 0, "40->39": 0, "40->41": 0, "41->40": 0, "36->42": 0, "42->36": 0, "42->43": 0, "43->42": 0, "43->44": 0, "44->43": 0, "42->45": 0, "45->42": 0, "42->46": 0, "46->42": 0, "46->47": 0, "47->46": 0, "47->48": 0, "48->47": 0, "46->49": 0, "49->46": 0, "42->50": 0, "50->42": 0, "50->51": 0, "51->50": 0, "51->52": 0, "52->51": 0, "50->53": 0, "53->50": 0, "53->54": 0, "54->53": 0, "53->55": 0, "55->53": 0, "55->56": 0, "56->55": 0, "56->57": 0, "57->56": 0, "42->58": 0, "58->42": 0, "58->59": 0, "59->58": 0, "59->60": 0, "60->59": 0, "60->61": 0, "61->60": 0, "60->62": 0, "62->60": 0, "62->63": 0, "63->62": 0, "60->64": 0, "64->60": 0, "64->65": 0, "65->64": 0, "60->66": 0, "66->60": 0, "66->67": 0, "67->66": 0, "66->68": 0, "68->66": 0, "60->69": 0, "69->60": 0, "69->70": 0, "70->69": 0, "60->71": 0, "71->60": 0, "58->72": 0, "72->58": 0, "58->73": 0, "73->58": 0, "73->74": 0, "74->73": 0, "74->75": 0, "75->74": 0, "74->76": 0, "76->74": 0, "73->77": 0, "77->73": 0, "77->78": 0, "78->77": 0, "78->79": 0, "79->78": 0, "78->80": 0, "80->78": 0, "80->81": 0, "81->80": 0, "78->82": 0, "82->78": 0, "82->83": 0, "83->82": 0, "78->84": 0, "84->78": 0, "42->85": 0, "85->42": 0, "85->86": 0, "86->85": 0, "86->87": 0, "87->86": 0, "86->88": 0, "88->86": 0, "36->89": 0, "89->36": 0, "89->90": 0, "90->89": 0, "90->91": 0, "91->90": 0, "89->92": 0, "92->89": 0, "89->93": 0, "93->89": 0, "93->94": 0, "94->93": 0, "94->95": 0, "95->94": 0, "93->96": 0, "96->93": 0, "89->97": 0, "97->89": 0, "97->98": 0, "98->97": 0, "98->99": 0, "99->98": 0, "97->100": 0, "100->97": 0, "100->101": 0, "101->100": 0, "100->102": 0, "102->100": 0, "102->103": 0, "103->102": 0, "102->104": 0, "104->102": 0, "89->105": 0, "105->89": 0, "105->106": 0, "106->105": 0, "106->107": 0, "107->106": 0, "106->108": 0, "108->106": 0, "108->109": 0, "109->108": 0, "108->110": 0, "110->108": 0, "110->111": 0, "111->110": 0, "110->112": 0, "112->110": 0, "112->113": 0, "113->112": 0, "105->114": 0, "114->105": 0, "114->115": 0, "115->114": 0, "89->116": 0, "116->89": 0, "116->117": 0, "117->116": 0, "117->118": 0, "118->117": 0, "116->119": 0, "119->116": 0, "119->120": 0, "120->119": 0, "119->121": 0, "121->119": 0, "121->122": 0, "122->121": 0, "122->123": 0, "123->122": 0, "89->124": 0, "124->89": 0, "124->125": 0, "125->124": 0, "125->126": 0, "126->125": 0, "125->127": 0, "127->125": 0, "127->128": 0, "128->127": 0, "125->129": 0, "129->125": 0, "129->130": 0, "130->129": 0, "124->131": 0, "131->124": 0, "131->132": 0, "132->131": 0, "132->133": 0, "133->132": 0, "133->134": 0, "134->133": 0, "134->135": 0, "135->134": 0, "134->136": 0, "136->134": 0, "133->137": 0, "137->133": 0, "137->138": 0, "138->137": 0, "138->139": 0, "139->138": 0, "137->140": 0, "140->137": 0, "140->141": 0, "141->140": 0, "133->142": 0, "142->133": 0, "131->143": 0, "143->131": 0, "143->144": 0, "144->143": 0, "144->145": 0, "145->144": 0, "144->146": 0, "146->144": 0, "146->147": 0, "147->146": 0, "144->148": 0, "148->144": 0, "131->149": 0, "149->131": 0, "149->150": 0, "150->149": 0, "150->151": 0, "151->150": 0, "151->152": 0, "152->151": 0, "150->153": 0, "153->150": 0, "153->154": 0, "154->153": 0, "150->155": 0, "155->150": 0, "124->156": 0, "156->124": 0, "156->157": 0, "157->156": 0, "157->158": 0, "158->157": 0, "157->159": 0, "159->157": 0, "159->160": 0, "160->159": 0, "157->161": 0, "161->157": 0, "161->162": 0, "162->161": 0, "156->163": 0, "163->156": 0, "163->164": 0, "164->163": 0, "164->165": 0, "165->164": 0, "165->166": 0, "166->165": 0, "166->167": 0, "167->166": 0, "166->168": 0, "168->166": 0, "165->169": 0, "169->165": 0, "169->170": 0, "170->169": 0, "170->171": 0, "171->170": 0, "169->172": 0, "172->169": 0, "172->173": 0, "173->172": 0, "165->174": 0, "174->165": 0, "163->175": 0, "175->163": 0, "175->176": 0, "176->175": 0, "176->177": 0, "177->176": 0, "176->178": 0, "178->176": 0, "178->179": 0, "179->178": 0, "176->180": 0, "180->176": 0, "163->181": 0, "181->163": 0, "181->182": 0, "182->181": 0, "182->183": 0, "183->182": 0, "183->184": 0, "184->183": 0, "182->185": 0, "185->182": 0, "185->186": 0, "186->185": 0, "182->187": 0, "187->182": 0, "156->188": 0, "188->156": 0, "188->189": 0, "189->188": 0, "189->190": 0, "190->189": 0, "190->191": 0, "191->190": 0, "191->192": 0, "192->191": 0, "190->193": 0, "193->190": 0, "193->194": 0, "194->193": 0, "193->195": 0, "195->193": 0, "190->196": 0, "196->190": 0, "188->197": 0, "197->188": 0, "197->198": 0, "198->197": 0, "198->199": 0, "199->198": 0, "199->200": 0, "200->199": 0, "198->201": 0, "201->198": 0, "201->202": 0, "202->201": 0, "202->203": 0, "203->202": 0, "202->204": 0, "204->202": 0, "204->205": 0, "205->204": 0, "204->206": 0, "206->204": 0, "206->207": 0, "207->206": 0, "206->208": 0, "208->206": 0, "208->209": 0, "209->208": 0, "201->210": 0, "210->201": 0, "210->211": 0, "211->210": 0, "211->212": 0, "212->211": 0, "211->213": 0, "213->211": 0, "213->214": 0, "214->213": 0, "213->215": 0, "215->213": 0, "215->216": 0, "216->215": 0, "215->217": 0, "217->215": 0, "217->218": 0, "218->217": 0, "210->219": 0, "219->210": 0, "219->220": 0, "220->219": 0, "219->221": 0, "221->219": 0, "210->222": 0, "222->210": 0, "222->223": 0, "223->222": 0, "222->224": 0, "224->222": 0, "198->225": 0, "225->198": 0, "89->226": 0, "226->89": 0, "226->227": 0, "227->226": 0, "227->228": 0, "228->227": 0, "228->229": 0, "229->228": 0, "228->230": 0, "230->228": 0, "230->231": 0, "231->230": 0, "228->232": 0, "232->228": 0, "232->233": 0, "233->232": 0, "228->234": 0, "234->228": 0, "234->235": 0, "235->234": 0, "228->236": 0, "236->228": 0, "236->237": 0, "237->236": 0, "228->238": 0, "238->228": 0, "226->239": 0, "239->226": 0, "226->240": 0, "240->226": 0, "240->241": 0, "241->240": 0, "241->242": 0, "242->241": 0, "241->243": 0, "243->241": 0, "240->244": 0, "244->240": 0, "244->245": 0, "245->244": 0, "245->246": 0, "246->245": 0, "245->247": 0, "247->245": 0, "247->248": 0, "248->247": 0, "245->249": 0, "249->245": 0, "249->250": 0, "250->249": 0, "245->251": 0, "251->245": 0, "89->252": 0, "252->89": 0, "252->253": 0, "253->252": 0, "253->254": 0, "254->253": 0, "253->255": 0, "255->253": 0, "1->3": 1, "3->1": 12, "3->8": 1, "8->3": 12, "8->9": 1, "9->8": 12, "9->15": 1, "15->9": 12, "15->21": 1, "21->15": 12, "21->35": 1, "35->21": 12, "4->5": 1, "5->4": 12, "10->12": 1, "12->10": 12, "12->14": 1, "14->12": 12, "16->18": 1, "18->16": 12, "18->20": 1, "20->18": 12, "22->24": 1, "24->22": 12, "24->32": 1, "32->24": 12, "25->26": 1, "26->25": 12, "27->28": 1, "28->27": 12, "29->30": 1, "30->29": 12, "33->34": 2, "34->33": 3, "37->42": 1, "42->37": 12, "42->89": 1, "89->42": 12, "38->39": 1, "39->38": 12, "43->45": 1, "45->43": 12, "45->46": 1, "46->45": 12, "46->50": 1, "50->46": 12, "50->58": 1, "58->50": 12, "58->85": 1, "85->58": 12, "47->49": 1, "49->47": 12, "51->53": 1, "53->51": 12, "54->55": 1, "55->54": 12, "59->72": 1, "72->59": 12, "72->73": 1, "73->72": 12, "61->62": 1, "62->61": 12, "62->64": 1, "64->62": 12, "64->66": 1, "66->64": 12, "66->69": 1, "69->66": 12, "69->71": 1, "71->69": 12, "67->68": 2, "68->67": 3, "74->77": 1, "77->74": 12, "75->76": 2, "76->75": 3, "79->80": 1, "80->79": 12, "80->82": 1, "82->80": 12, "82->84": 1, "84->82": 12, "87->88": 2, "88->87": 3, "90->92": 1, "92->90": 12, "92->93": 1, "93->92": 12, "93->97": 1, "97->93": 12, "97->105": 1, "105->97": 12, "105->116": 1, "116->105": 12, "116->124": 1, "124->116": 12, "124->226": 1, "226->124": 12, "226->252": 1, "252->226": 12, "94->96": 1, "96->94": 12, "98->100": 1, "100->98": 12, "101->102": 1, "102->101": 12, "103->104": 2, "104->103": 3, "106->114": 1, "114->106": 12, "107->108": 1, "108->107": 12, "109->110": 1, "110->109": 12, "111->112": 1, "112->111": 12, "117->119": 1, "119->117": 12, "120->121": 1, "121->120": 12, "125->131": 6, "131->125": 6, "131->156": 1, "156->131": 12, "126->127": 1, "127->126": 12, "127->129": 1, "129->127": 12, "132->143": 10, "143->132": 11, "143->149": 10, "149->143": 11, "134->137": 1, "137->134": 12, "137->142": 1, "142->137": 12, "135->136": 2, "136->135": 3, "138->140": 1, "140->138": 12, "145->146": 1, "146->145": 12, "146->148": 1, "148->146": 12, "151->153": 1, "153->151": 12, "153->155": 1, "155->153": 12, "157->163": 6, "163->157": 6, "163->188": 1, "188->163": 12, "158->159": 1, "159->158": 12, "159->161": 1, "161->159": 12, "164->175": 10, "175->164": 11, "175->181": 10, "181->175": 11, "166->169": 1, "169->166": 12, "169->174": 1, "174->169": 12, "167->168": 2, "168->167": 3, "170->172": 1, "172->170": 12, "177->178": 1, "178->177": 12, "178->180": 1, "180->178": 12, "183->185": 1, "185->183": 12, "185->187": 1, "187->185": 12, "189->197": 10, "197->189": 11, "191->193": 1, "193->191": 12, "193->196": 1, "196->193": 12, "194->195": 2, "195->194": 3, "199->201": 1, "201->199": 12, "201->225": 1, "225->201": 12, "202->210": 1, "210->202": 12, "203->204": 1, "204->203": 12, "205->206": 1, "206->205": 12, "207->208": 1, "208->207": 12, "211->219": 1, "219->211": 12, "219->222": 1, "222->219": 12, "212->213": 1, "213->212": 12, "214->215": 1, "215->214": 12, "216->217": 1, "217->216": 12, "220->221": 2, "221->220": 3, "223->224": 2, "224->223": 3, "227->239": 1, "239->227": 12, "239->240": 1, "240->239": 12, "229->230": 1, "230->229": 12, "230->232": 1, "232->230": 12, "232->234": 1, "234->232": 12, "234->236": 1, "236->234": 12, "236->238": 1, "238->236": 12, "241->244": 1, "244->241": 12, "242->243": 2, "243->242": 3, "246->247": 1, "247->246": 12, "247->249": 1, "249->247": 12, "249->251": 1, "251->249": 12, "254->255": 2, "255->254": 3, "125->156": 7, "156->125": 7, "157->188": 7, "188->157": 7, "2->4": 2, "4->2": 3, "4->7": 2, "7->4": 3, "7->8": 2, "8->7": 3, "8->11": 2, "11->8": 3, "11->13": 2, "13->11": 3, "13->14": 2, "14->13": 3, "14->17": 2, "17->14": 3, "17->19": 2, "19->17": 3, "19->20": 2, "20->19": 3, "20->23": 2, "23->20": 3, "23->25": 2, "25->23": 3, "25->27": 2, "27->25": 3, "27->29": 2, "29->27": 3, "29->31": 2, "31->29": 3, "31->33": 2, "33->31": 3, "34->38": 2, "38->34": 3, "38->41": 2, "41->38": 3, "41->44": 2, "44->41": 3, "44->45": 2, "45->44": 3, "45->48": 2, "48->45": 3, "48->49": 2, "49->48": 3, "49->52": 2, "52->49": 3, "52->54": 2, "54->52": 3, "54->57": 2, "57->54": 3, "57->61": 2, "61->57": 3, "61->63": 2, "63->61": 3, "63->65": 2, "65->63": 3, "65->67": 2, "67->65": 3, "68->70": 2, "70->68": 3, "70->71": 2, "71->70": 3, "71->72": 2, "72->71": 3, "72->75": 2, "75->72": 3, "76->79": 2, "79->76": 3, "79->81": 2, "81->79": 3, "81->83": 2, "83->81": 3, "83->84": 2, "84->83": 3, "84->87": 2, "87->84": 3, "88->91": 2, "91->88": 3, "91->92": 2, "92->91": 3, "92->95": 2, "95->92": 3, "95->96": 2, "96->95": 3, "96->99": 2, "99->96": 3, "99->101": 2, "101->99": 3, "101->103": 2, "103->101": 3, "104->107": 2, "107->104": 3, "107->109": 2, "109->107": 3, "109->111": 2, "111->109": 3, "111->113": 2, "113->111": 3, "113->115": 2, "115->113": 3, "115->118": 2, "118->115": 3, "118->120": 2, "120->118": 3, "120->123": 2, "123->120": 3, "123->126": 2, "126->123": 3, "126->128": 2, "128->126": 3, "128->130": 2, "130->128": 3, "130->135": 2, "135->130": 3, "136->139": 2, "139->136": 3, "139->141": 2, "141->139": 3, "141->142": 2, "142->141": 3, "142->145": 2, "145->142": 3, "145->147": 2, "147->145": 3, "147->148": 2, "148->147": 3, "148->152": 2, "152->148": 3, "152->154": 2, "154->152": 3, "154->155": 2, "155->154": 3, "155->158": 2, "158->155": 3, "158->160": 2, "160->158": 3, "160->162": 2, "162->160": 3, "162->167": 2, "167->162": 3, "168->171": 2, "171->168": 3, "171->173": 2, "173->171": 3, "173->174": 2, "174->173": 3, "174->177": 2, "177->174": 3, "177->179": 2, "179->177": 3, "179->180": 2, "180->179": 3, "180->184": 2, "184->180": 3, "184->186": 2, "186->184": 3, "186->187": 2, "187->186": 3, "187->192": 2, "192->187": 3, "192->194": 2, "194->192": 3, "195->196": 2, "196->195": 3, "196->200": 2, "200->196": 3, "200->203": 2, "203->200": 3, "203->205": 2, "205->203": 3, "205->207": 2, "207->205": 3, "207->209": 2, "209->207": 3, "209->212": 2, "212->209": 3, "212->214": 2, "214->212": 3, "214->216": 2, "216->214": 3, "216->218": 2, "218->216": 3, "218->220": 2, "220->218": 3, "221->223": 2, "223->221": 3, "224->225": 2, "225->224": 3, "225->229": 2, "229->225": 3, "229->231": 2, "231->229": 3, "231->233": 2, "233->231": 3, "233->235": 2, "235->233": 3, "235->237": 2, "237->235": 3, "237->238": 2, "238->237": 3, "238->239": 2, "239->238": 3, "239->242": 2, "242->239": 3, "243->246": 2, "246->243": 3, "246->248": 2, "248->246": 3, "248->250": 2, "250->248": 3, "250->251": 2, "251->250": 3, "251->254": 2, "254->251": 3, "63->231": 4, "231->63": 5, "65->154": 4, "154->65": 5, "154->186": 4, "186->154": 5, "68->104": 4, "104->68": 5, "70->237": 4, "237->70": 5, "83->128": 4, "128->83": 5, "128->141": 4, "141->128": 5, "141->160": 4, "160->141": 5, "160->173": 4, "173->160": 5, "152->184": 4, "184->152": 5, "184->200": 4, "200->184": 5, "200->233": 4, "233->200": 5, "192->235": 4, "235->192": 5}, "metrics": [44.0, 3.0, 2.0]}