{"nodelist": ["MethodDeclaration", "{'public'}", "public", "BasicType", "boolean", "tableFieldsEqual", "FormalParameter", "ReferenceType", "TablePermission", "tp", "IfStatement", "BinaryOperation", "==", "MemberReference", "tp", "Literal", "null", "BlockStatement", "ReturnStatement", "Literal", "false", "LocalVariableDeclaration", "BasicType", "boolean", "VariableDeclarator", "tEq", "BinaryOperation", "||", "BinaryOperation", "&&", "BinaryOperation", "==", "MemberReference", "table", "Literal", "null", "BinaryOperation", "==", "MemberReference", "tp", "table", "Literal", "null", "BinaryOperation", "&&", "BinaryOperation", "!=", "MemberReference", "table", "Literal", "null", "MethodInvocation", "table", "MemberReference", "tp", "table", "equals", "LocalVariableDeclaration", "BasicType", "boolean", "VariableDeclarator", "fEq", "BinaryOperation", "||", "BinaryOperation", "&&", "BinaryOperation", "==", "MemberReference", "family", "Literal", "null", "BinaryOperation", "==", "MemberReference", "tp", "family", "Literal", "null", "MethodInvocation", "Bytes", "MemberReference", "family", "MemberReference", "tp", "family", "equals", "LocalVariableDeclaration", "BasicType", "boolean", "VariableDeclarator", "qEq", "BinaryOperation", "||", "BinaryOperation", "&&", "BinaryOperation", "==", "MemberReference", "qualifier", "Literal", "null", "BinaryOperation", "==", "MemberReference", "tp", "qualifier", "Literal", "null", "MethodInvocation", "Bytes", "MemberReference", "qualifier", "MemberReference", "tp", "qualifier", "equals", "ReturnStatement", "BinaryOperation", "&&", "BinaryOperation", "&&", "MemberReference", "tEq", "MemberReference", "fEq", "MemberReference", "qEq"], "nodes": {"0": "MethodDeclaration", "1": "Modifier", "2": "public", "3": "BasicType", "4": "boolean", "5": "tableFieldsEqual", "6": "FormalParameter", "7": "ReferenceType", "8": "TablePermission", "9": "tp", "10": "IfStatement", "11": "BinaryOperation", "12": "==", "13": "MemberReference", "14": "tp", "15": "Literal", "16": "null", "17": "BlockStatement", "18": "ReturnStatement", "19": "Literal", "20": "false", "21": "LocalVariableDeclaration", "22": "BasicType", "23": "boolean", "24": "VariableDeclarator", "25": "tEq", "26": "BinaryOperation", "27": "||", "28": "BinaryOperation", "29": "&&", "30": "BinaryOperation", "31": "==", "32": "MemberReference", "33": "table", "34": "Literal", "35": "null", "36": "BinaryOperation", "37": "==", "38": "MemberReference", "39": "tp", "40": "table", "41": "Literal", "42": "null", "43": "BinaryOperation", "44": "&&", "45": "BinaryOperation", "46": "!=", "47": "MemberReference", "48": "table", "49": "Literal", "50": "null", "51": "MethodInvocation", "52": "table", "53": "MemberReference", "54": "tp", "55": "table", "56": "equals", "57": "LocalVariableDeclaration", "58": "BasicType", "59": "boolean", "60": "VariableDeclarator", "61": "fEq", "62": "BinaryOperation", "63": "||", "64": "BinaryOperation", "65": "&&", "66": "BinaryOperation", "67": "==", "68": "MemberReference", "69": "family", "70": "Literal", "71": "null", "72": "BinaryOperation", "73": "==", "74": "MemberReference", "75": "tp", "76": "family", "77": "Literal", "78": "null", "79": "MethodInvocation", "80": "Bytes", "81": "MemberReference", "82": "family", "83": "MemberReference", "84": "tp", "85": "family", "86": "equals", "87": "LocalVariableDeclaration", "88": "BasicType", "89": "boolean", "90": "VariableDeclarator", "91": "qEq", "92": "BinaryOperation", "93": "||", "94": "BinaryOperation", "95": "&&", "96": "BinaryOperation", "97": "==", "98": "MemberReference", "99": "qualifier", "100": "Literal", "101": "null", "102": "BinaryOperation", "103": "==", "104": "MemberReference", "105": "tp", "106": "qualifier", "107": "Literal", "108": "null", "109": "MethodInvocation", "110": "Bytes", "111": "MemberReference", "112": "qualifier", "113": "MemberReference", "114": "tp", "115": "qualifier", "116": "equals", "117": "ReturnStatement", "118": "BinaryOperation", "119": "&&", "120": "BinaryOperation", "121": "&&", "122": "MemberReference", "123": "tEq", "124": "MemberReference", "125": "fEq", "126": "MemberReference", "127": "qEq"}, "edges": {"0->1": 0, "1->0": 0, "1->2": 0, "2->1": 0, "0->3": 0, "3->0": 0, "3->4": 0, "4->3": 0, "0->5": 0, "5->0": 0, "0->6": 0, "6->0": 0, "6->7": 0, "7->6": 0, "7->8": 0, "8->7": 0, "6->9": 0, "9->6": 0, "0->10": 0, "10->0": 0, "10->11": 0, "11->10": 0, "11->12": 0, "12->11": 0, "11->13": 0, "13->11": 0, "13->14": 0, "14->13": 0, "11->15": 0, "15->11": 0, "15->16": 0, "16->15": 0, "10->17": 0, "17->10": 0, "17->18": 0, "18->17": 0, "18->19": 0, "19->18": 0, "19->20": 0, "20->19": 0, "0->21": 0, "21->0": 0, "21->22": 0, "22->21": 0, "22->23": 0, "23->22": 0, "21->24": 0, "24->21": 0, "24->25": 0, "25->24": 0, "24->26": 0, "26->24": 0, "26->27": 0, "27->26": 0, "26->28": 0, "28->26": 0, "28->29": 0, "29->28": 0, "28->30": 0, "30->28": 0, "30->31": 0, "31->30": 0, "30->32": 0, "32->30": 0, "32->33": 0, "33->32": 0, "30->34": 0, "34->30": 0, "34->35": 0, "35->34": 0, "28->36": 0, "36->28": 0, "36->37": 0, "37->36": 0, "36->38": 0, "38->36": 0, "38->39": 0, "39->38": 0, "38->40": 0, "40->38": 0, "36->41": 0, "41->36": 0, "41->42": 0, "42->41": 0, "26->43": 0, "43->26": 0, "43->44": 0, "44->43": 0, "43->45": 0, "45->43": 0, "45->46": 0, "46->45": 0, "45->47": 0, "47->45": 0, "47->48": 0, "48->47": 0, "45->49": 0, "49->45": 0, "49->50": 0, "50->49": 0, "43->51": 0, "51->43": 0, "51->52": 0, "52->51": 0, "51->53": 0, "53->51": 0, "53->54": 0, "54->53": 0, "53->55": 0, "55->53": 0, "51->56": 0, "56->51": 0, "0->57": 0, "57->0": 0, "57->58": 0, "58->57": 0, "58->59": 0, "59->58": 0, "57->60": 0, "60->57": 0, "60->61": 0, "61->60": 0, "60->62": 0, "62->60": 0, "62->63": 0, "63->62": 0, "62->64": 0, "64->62": 0, "64->65": 0, "65->64": 0, "64->66": 0, "66->64": 0, "66->67": 0, "67->66": 0, "66->68": 0, "68->66": 0, "68->69": 0, "69->68": 0, "66->70": 0, "70->66": 0, "70->71": 0, "71->70": 0, "64->72": 0, "72->64": 0, "72->73": 0, "73->72": 0, "72->74": 0, "74->72": 0, "74->75": 0, "75->74": 0, "74->76": 0, "76->74": 0, "72->77": 0, "77->72": 0, "77->78": 0, "78->77": 0, "62->79": 0, "79->62": 0, "79->80": 0, "80->79": 0, "79->81": 0, "81->79": 0, "81->82": 0, "82->81": 0, "79->83": 0, "83->79": 0, "83->84": 0, "84->83": 0, "83->85": 0, "85->83": 0, "79->86": 0, "86->79": 0, "0->87": 0, "87->0": 0, "87->88": 0, "88->87": 0, "88->89": 0, "89->88": 0, "87->90": 0, "90->87": 0, "90->91": 0, "91->90": 0, "90->92": 0, "92->90": 0, "92->93": 0, "93->92": 0, "92->94": 0, "94->92": 0, "94->95": 0, "95->94": 0, "94->96": 0, "96->94": 0, "96->97": 0, "97->96": 0, "96->98": 0, "98->96": 0, "98->99": 0, "99->98": 0, "96->100": 0, "100->96": 0, "100->101": 0, "101->100": 0, "94->102": 0, "102->94": 0, "102->103": 0, "103->102": 0, "102->104": 0, "104->102": 0, "104->105": 0, "105->104": 0, "104->106": 0, "106->104": 0, "102->107": 0, "107->102": 0, "107->108": 0, "108->107": 0, "92->109": 0, "109->92": 0, "109->110": 0, "110->109": 0, "109->111": 0, "111->109": 0, "111->112": 0, "112->111": 0, "109->113": 0, "113->109": 0, "113->114": 0, "114->113": 0, "113->115": 0, "115->113": 0, "109->116": 0, "116->109": 0, "0->117": 0, "117->0": 0, "117->118": 0, "118->117": 0, "118->119": 0, "119->118": 0, "118->120": 0, "120->118": 0, "120->121": 0, "121->120": 0, "120->122": 0, "122->120": 0, "122->123": 0, "123->122": 0, "120->124": 0, "124->120": 0, "124->125": 0, "125->124": 0, "118->126": 0, "126->118": 0, "126->127": 0, "127->126": 0, "1->3": 1, "3->1": 12, "3->5": 1, "5->3": 12, "5->6": 1, "6->5": 12, "6->10": 1, "10->6": 12, "10->21": 1, "21->10": 12, "21->57": 1, "57->21": 12, "57->87": 1, "87->57": 12, "87->117": 1, "117->87": 12, "7->9": 1, "9->7": 12, "11->17": 6, "17->11": 6, "12->13": 1, "13->12": 12, "13->15": 1, "15->13": 12, "22->24": 1, "24->22": 12, "25->26": 1, "26->25": 12, "27->28": 1, "28->27": 12, "28->43": 1, "43->28": 12, "29->30": 1, "30->29": 12, "30->36": 1, "36->30": 12, "31->32": 1, "32->31": 12, "32->34": 1, "34->32": 12, "37->38": 1, "38->37": 12, "38->41": 1, "41->38": 12, "39->40": 2, "40->39": 3, "44->45": 1, "45->44": 12, "45->51": 1, "51->45": 12, "46->47": 1, "47->46": 12, "47->49": 1, "49->47": 12, "52->53": 1, "53->52": 12, "53->56": 1, "56->53": 12, "54->55": 2, "55->54": 3, "58->60": 1, "60->58": 12, "61->62": 1, "62->61": 12, "63->64": 1, "64->63": 12, "64->79": 1, "79->64": 12, "65->66": 1, "66->65": 12, "66->72": 1, "72->66": 12, "67->68": 1, "68->67": 12, "68->70": 1, "70->68": 12, "73->74": 1, "74->73": 12, "74->77": 1, "77->74": 12, "75->76": 2, "76->75": 3, "80->81": 1, "81->80": 12, "81->83": 1, "83->81": 12, "83->86": 1, "86->83": 12, "84->85": 2, "85->84": 3, "88->90": 1, "90->88": 12, "91->92": 1, "92->91": 12, "93->94": 1, "94->93": 12, "94->109": 1, "109->94": 12, "95->96": 1, "96->95": 12, "96->102": 1, "102->96": 12, "97->98": 1, "98->97": 12, "98->100": 1, "100->98": 12, "103->104": 1, "104->103": 12, "104->107": 1, "107->104": 12, "105->106": 2, "106->105": 3, "110->111": 1, "111->110": 12, "111->113": 1, "113->111": 12, "113->116": 1, "116->113": 12, "114->115": 2, "115->114": 3, "119->120": 1, "120->119": 12, "120->126": 1, "126->120": 12, "121->122": 1, "122->121": 12, "122->124": 1, "124->122": 12, "2->4": 2, "4->2": 3, "4->5": 2, "5->4": 3, "5->8": 2, "8->5": 3, "8->9": 2, "9->8": 3, "9->12": 2, "12->9": 3, "12->14": 2, "14->12": 3, "14->16": 2, "16->14": 3, "16->20": 2, "20->16": 3, "20->23": 2, "23->20": 3, "23->25": 2, "25->23": 3, "25->27": 2, "27->25": 3, "27->29": 2, "29->27": 3, "29->31": 2, "31->29": 3, "31->33": 2, "33->31": 3, "33->35": 2, "35->33": 3, "35->37": 2, "37->35": 3, "37->39": 2, "39->37": 3, "40->42": 2, "42->40": 3, "42->44": 2, "44->42": 3, "44->46": 2, "46->44": 3, "46->48": 2, "48->46": 3, "48->50": 2, "50->48": 3, "50->52": 2, "52->50": 3, "52->54": 2, "54->52": 3, "55->56": 2, "56->55": 3, "56->59": 2, "59->56": 3, "59->61": 2, "61->59": 3, "61->63": 2, "63->61": 3, "63->65": 2, "65->63": 3, "65->67": 2, "67->65": 3, "67->69": 2, "69->67": 3, "69->71": 2, "71->69": 3, "71->73": 2, "73->71": 3, "73->75": 2, "75->73": 3, "76->78": 2, "78->76": 3, "78->80": 2, "80->78": 3, "80->82": 2, "82->80": 3, "82->84": 2, "84->82": 3, "85->86": 2, "86->85": 3, "86->89": 2, "89->86": 3, "89->91": 2, "91->89": 3, "91->93": 2, "93->91": 3, "93->95": 2, "95->93": 3, "95->97": 2, "97->95": 3, "97->99": 2, "99->97": 3, "99->101": 2, "101->99": 3, "101->103": 2, "103->101": 3, "103->105": 2, "105->103": 3, "106->108": 2, "108->106": 3, "108->110": 2, "110->108": 3, "110->112": 2, "112->110": 3, "112->114": 2, "114->112": 3, "115->116": 2, "116->115": 3, "116->119": 2, "119->116": 3, "119->121": 2, "121->119": 3, "121->123": 2, "123->121": 3, "123->125": 2, "125->123": 3, "125->127": 2, "127->125": 3, "33->40": 4, "40->33": 5, "40->48": 4, "48->40": 5, "48->55": 4, "55->48": 5, "69->76": 4, "76->69": 5, "76->82": 4, "82->76": 5, "82->85": 4, "85->82": 5, "99->106": 4, "106->99": 5, "106->112": 4, "112->106": 5, "112->115": 4, "115->112": 5}, "metrics": [9.0, 2.0, 1.0]}