{"nodelist": ["MethodDeclaration", "{'static', 'public'}", "static", "public", "ReferenceType", "HFileDataBlockEncoder", "createFromFileInfo", "FormalParameter", "ReferenceType", "FileInfo", "fileInfo", "FormalParameter", "ReferenceType", "DataBlockEncoding", "preferredEncodingInCache", "IOException", "LocalVariableDeclaration", "BasicType", "boolean", "VariableDeclarator", "hasPreferredCacheEncoding", "BinaryOperation", "&&", "BinaryOperation", "!=", "MemberReference", "preferredEncodingInCache", "Literal", "null", "BinaryOperation", "!=", "MemberReference", "preferredEncodingInCache", "MemberReference", "DataBlockEncoding", "NONE", "LocalVariableDeclaration", "BasicType", "byte", "VariableDeclarator", "dataBlockEncodingType", "MethodInvocation", "fileInfo", "MemberReference", "DATA_BLOCK_ENCODING", "get", "IfStatement", "BinaryOperation", "&&", "BinaryOperation", "==", "MemberReference", "dataBlockEncodingType", "Literal", "null", "MemberReference", "!", "hasPreferredCacheEncoding", "BlockStatement", "ReturnStatement", "MemberReference", "NoOpDataBlockEncoder", "INSTANCE", "LocalVariableDeclaration", "ReferenceType", "DataBlockEncoding", "VariableDeclarator", "onDisk", "IfStatement", "BinaryOperation", "==", "MemberReference", "dataBlockEncodingType", "Literal", "null", "BlockStatement", "StatementExpression", "Assignment", "MemberReference", "onDisk", "MemberReference", "DataBlockEncoding", "NONE", "=", "BlockStatement", "LocalVariableDeclaration", "ReferenceType", "String", "VariableDeclarator", "dataBlockEncodingStr", "MethodInvocation", "Bytes", "MemberReference", "dataBlockEncodingType", "toString", "TryStatement", "StatementExpression", "Assignment", "MemberReference", "onDisk", "MethodInvocation", "DataBlockEncoding", "MemberReference", "dataBlockEncodingStr", "valueOf", "=", "CatchClause", "CatchClauseParameter", "IllegalArgumentException", "ex", "ThrowStatement", "ClassCreator", "ReferenceType", "IOException", "BinaryOperation", "+", "Literal", "\"Invalid data block encoding type in file info: \"", "MemberReference", "dataBlockEncodingStr", "MemberReference", "ex", "LocalVariableDeclaration", "ReferenceType", "DataBlockEncoding", "VariableDeclarator", "inCache", "IfStatement", "BinaryOperation", "==", "MemberReference", "onDisk", "MemberReference", "DataBlockEncoding", "NONE", "BlockStatement", "StatementExpression", "Assignment", "MemberReference", "inCache", "MemberReference", "preferredEncodingInCache", "=", "BlockStatement", "StatementExpression", "Assignment", "MemberReference", "inCache", "MemberReference", "onDisk", "=", "ReturnStatement", "ClassCreator", "ReferenceType", "HFileDataBlockEncoderImpl", "MemberReference", "onDisk", "MemberReference", "inCache"], "nodes": {"0": "MethodDeclaration", "1": "Modifier", "2": "static", "3": "public", "4": "ReferenceType", "5": "HFileDataBlockEncoder", "6": "createFromFileInfo", "7": "FormalParameter", "8": "ReferenceType", "9": "FileInfo", "10": "fileInfo", "11": "FormalParameter", "12": "ReferenceType", "13": "DataBlockEncoding", "14": "preferredEncodingInCache", "15": "IOException", "16": "LocalVariableDeclaration", "17": "BasicType", "18": "boolean", "19": "VariableDeclarator", "20": "hasPreferredCacheEncoding", "21": "BinaryOperation", "22": "&&", "23": "BinaryOperation", "24": "!=", "25": "MemberReference", "26": "preferredEncodingInCache", "27": "Literal", "28": "null", "29": "BinaryOperation", "30": "!=", "31": "MemberReference", "32": "preferredEncodingInCache", "33": "MemberReference", "34": "DataBlockEncoding", "35": "NONE", "36": "LocalVariableDeclaration", "37": "BasicType", "38": "byte", "39": "VariableDeclarator", "40": "dataBlockEncodingType", "41": "MethodInvocation", "42": "fileInfo", "43": "MemberReference", "44": "DATA_BLOCK_ENCODING", "45": "get", "46": "IfStatement", "47": "BinaryOperation", "48": "&&", "49": "BinaryOperation", "50": "==", "51": "MemberReference", "52": "dataBlockEncodingType", "53": "Literal", "54": "null", "55": "MemberReference", "56": "!", "57": "hasPreferredCacheEncoding", "58": "BlockStatement", "59": "ReturnStatement", "60": "MemberReference", "61": "NoOpDataBlockEncoder", "62": "INSTANCE", "63": "LocalVariableDeclaration", "64": "ReferenceType", "65": "DataBlockEncoding", "66": "VariableDeclarator", "67": "onDisk", "68": "IfStatement", "69": "BinaryOperation", "70": "==", "71": "MemberReference", "72": "dataBlockEncodingType", "73": "Literal", "74": "null", "75": "BlockStatement", "76": "StatementExpression", "77": "Assignment", "78": "MemberReference", "79": "onDisk", "80": "MemberReference", "81": "DataBlockEncoding", "82": "NONE", "83": "=", "84": "BlockStatement", "85": "LocalVariableDeclaration", "86": "ReferenceType", "87": "String", "88": "VariableDeclarator", "89": "dataBlockEncodingStr", "90": "MethodInvocation", "91": "Bytes", "92": "MemberReference", "93": "dataBlockEncodingType", "94": "toString", "95": "TryStatement", "96": "StatementExpression", "97": "Assignment", "98": "MemberReference", "99": "onDisk", "100": "MethodInvocation", "101": "DataBlockEncoding", "102": "MemberReference", "103": "dataBlockEncodingStr", "104": "valueOf", "105": "=", "106": "CatchClause", "107": "CatchClauseParameter", "108": "IllegalArgumentException", "109": "ex", "110": "ThrowStatement", "111": "ClassCreator", "112": "ReferenceType", "113": "IOException", "114": "BinaryOperation", "115": "+", "116": "Literal", "117": "\"Invalid data block encoding type in file info: \"", "118": "MemberReference", "119": "dataBlockEncodingStr", "120": "MemberReference", "121": "ex", "122": "LocalVariableDeclaration", "123": "ReferenceType", "124": "DataBlockEncoding", "125": "VariableDeclarator", "126": "inCache", "127": "IfStatement", "128": "BinaryOperation", "129": "==", "130": "MemberReference", "131": "onDisk", "132": "MemberReference", "133": "DataBlockEncoding", "134": "NONE", "135": "BlockStatement", "136": "StatementExpression", "137": "Assignment", "138": "MemberReference", "139": "inCache", "140": "MemberReference", "141": "preferredEncodingInCache", "142": "=", "143": "BlockStatement", "144": "StatementExpression", "145": "Assignment", "146": "MemberReference", "147": "inCache", "148": "MemberReference", "149": "onDisk", "150": "=", "151": "ReturnStatement", "152": "ClassCreator", "153": "ReferenceType", "154": "HFileDataBlockEncoderImpl", "155": "MemberReference", "156": "onDisk", "157": "MemberReference", "158": "inCache"}, "edges": {"0->1": 0, "1->0": 0, "1->2": 0, "2->1": 0, "1->3": 0, "3->1": 0, "0->4": 0, "4->0": 0, "4->5": 0, "5->4": 0, "0->6": 0, "6->0": 0, "0->7": 0, "7->0": 0, "7->8": 0, "8->7": 0, "8->9": 0, "9->8": 0, "7->10": 0, "10->7": 0, "0->11": 0, "11->0": 0, "11->12": 0, "12->11": 0, "12->13": 0, "13->12": 0, "11->14": 0, "14->11": 0, "0->15": 0, "15->0": 0, "0->16": 0, "16->0": 0, "16->17": 0, "17->16": 0, "17->18": 0, "18->17": 0, "16->19": 0, "19->16": 0, "19->20": 0, "20->19": 0, "19->21": 0, "21->19": 0, "21->22": 0, "22->21": 0, "21->23": 0, "23->21": 0, "23->24": 0, "24->23": 0, "23->25": 0, "25->23": 0, "25->26": 0, "26->25": 0, "23->27": 0, "27->23": 0, "27->28": 0, "28->27": 0, "21->29": 0, "29->21": 0, "29->30": 0, "30->29": 0, "29->31": 0, "31->29": 0, "31->32": 0, "32->31": 0, "29->33": 0, "33->29": 0, "33->34": 0, "34->33": 0, "33->35": 0, "35->33": 0, "0->36": 0, "36->0": 0, "36->37": 0, "37->36": 0, "37->38": 0, "38->37": 0, "36->39": 0, "39->36": 0, "39->40": 0, "40->39": 0, "39->41": 0, "41->39": 0, "41->42": 0, "42->41": 0, "41->43": 0, "43->41": 0, "43->44": 0, "44->43": 0, "41->45": 0, "45->41": 0, "0->46": 0, "46->0": 0, "46->47": 0, "47->46": 0, "47->48": 0, "48->47": 0, "47->49": 0, "49->47": 0, "49->50": 0, "50->49": 0, "49->51": 0, "51->49": 0, "51->52": 0, "52->51": 0, "49->53": 0, "53->49": 0, "53->54": 0, "54->53": 0, "47->55": 0, "55->47": 0, "55->56": 0, "56->55": 0, "55->57": 0, "57->55": 0, "46->58": 0, "58->46": 0, "58->59": 0, "59->58": 0, "59->60": 0, "60->59": 0, "60->61": 0, "61->60": 0, "60->62": 0, "62->60": 0, "0->63": 0, "63->0": 0, "63->64": 0, "64->63": 0, "64->65": 0, "65->64": 0, "63->66": 0, "66->63": 0, "66->67": 0, "67->66": 0, "0->68": 0, "68->0": 0, "68->69": 0, "69->68": 0, "69->70": 0, "70->69": 0, "69->71": 0, "71->69": 0, "71->72": 0, "72->71": 0, "69->73": 0, "73->69": 0, "73->74": 0, "74->73": 0, "68->75": 0, "75->68": 0, "75->76": 0, "76->75": 0, "76->77": 0, "77->76": 0, "77->78": 0, "78->77": 0, "78->79": 0, "79->78": 0, "77->80": 0, "80->77": 0, "80->81": 0, "81->80": 0, "80->82": 0, "82->80": 0, "77->83": 0, "83->77": 0, "68->84": 0, "84->68": 0, "84->85": 0, "85->84": 0, "85->86": 0, "86->85": 0, "86->87": 0, "87->86": 0, "85->88": 0, "88->85": 0, "88->89": 0, "89->88": 0, "88->90": 0, "90->88": 0, "90->91": 0, "91->90": 0, "90->92": 0, "92->90": 0, "92->93": 0, "93->92": 0, "90->94": 0, "94->90": 0, "84->95": 0, "95->84": 0, "95->96": 0, "96->95": 0, "96->97": 0, "97->96": 0, "97->98": 0, "98->97": 0, "98->99": 0, "99->98": 0, "97->100": 0, "100->97": 0, "100->101": 0, "101->100": 0, "100->102": 0, "102->100": 0, "102->103": 0, "103->102": 0, "100->104": 0, "104->100": 0, "97->105": 0, "105->97": 0, "95->106": 0, "106->95": 0, "106->107": 0, "107->106": 0, "107->108": 0, "108->107": 0, "107->109": 0, "109->107": 0, "106->110": 0, "110->106": 0, "110->111": 0, "111->110": 0, "111->112": 0, "112->111": 0, "112->113": 0, "113->112": 0, "111->114": 0, "114->111": 0, "114->115": 0, "115->114": 0, "114->116": 0, "116->114": 0, "116->117": 0, "117->116": 0, "114->118": 0, "118->114": 0, "118->119": 0, "119->118": 0, "111->120": 0, "120->111": 0, "120->121": 0, "121->120": 0, "0->122": 0, "122->0": 0, "122->123": 0, "123->122": 0, "123->124": 0, "124->123": 0, "122->125": 0, "125->122": 0, "125->126": 0, "126->125": 0, "0->127": 0, "127->0": 0, "127->128": 0, "128->127": 0, "128->129": 0, "129->128": 0, "128->130": 0, "130->128": 0, "130->131": 0, "131->130": 0, "128->132": 0, "132->128": 0, "132->133": 0, "133->132": 0, "132->134": 0, "134->132": 0, "127->135": 0, "135->127": 0, "135->136": 0, "136->135": 0, "136->137": 0, "137->136": 0, "137->138": 0, "138->137": 0, "138->139": 0, "139->138": 0, "137->140": 0, "140->137": 0, "140->141": 0, "141->140": 0, "137->142": 0, "142->137": 0, "127->143": 0, "143->127": 0, "143->144": 0, "144->143": 0, "144->145": 0, "145->144": 0, "145->146": 0, "146->145": 0, "146->147": 0, "147->146": 0, "145->148": 0, "148->145": 0, "148->149": 0, "149->148": 0, "145->150": 0, "150->145": 0, "0->151": 0, "151->0": 0, "151->152": 0, "152->151": 0, "152->153": 0, "153->152": 0, "153->154": 0, "154->153": 0, "152->155": 0, "155->152": 0, "155->156": 0, "156->155": 0, "152->157": 0, "157->152": 0, "157->158": 0, "158->157": 0, "1->4": 1, "4->1": 12, "4->6": 1, "6->4": 12, "6->7": 1, "7->6": 12, "7->11": 1, "11->7": 12, "11->15": 1, "15->11": 12, "15->16": 1, "16->15": 12, "16->36": 1, "36->16": 12, "36->46": 1, "46->36": 12, "46->63": 1, "63->46": 12, "63->68": 1, "68->63": 12, "68->122": 1, "122->68": 12, "122->127": 1, "127->122": 12, "127->151": 1, "151->127": 12, "2->3": 2, "3->2": 3, "8->10": 1, "10->8": 12, "12->14": 1, "14->12": 12, "17->19": 1, "19->17": 12, "20->21": 1, "21->20": 12, "22->23": 1, "23->22": 12, "23->29": 1, "29->23": 12, "24->25": 1, "25->24": 12, "25->27": 1, "27->25": 12, "30->31": 1, "31->30": 12, "31->33": 1, "33->31": 12, "34->35": 2, "35->34": 3, "37->39": 1, "39->37": 12, "40->41": 1, "41->40": 12, "42->43": 1, "43->42": 12, "43->45": 1, "45->43": 12, "47->58": 6, "58->47": 6, "48->49": 1, "49->48": 12, "49->55": 1, "55->49": 12, "50->51": 1, "51->50": 12, "51->53": 1, "53->51": 12, "56->57": 2, "57->56": 3, "61->62": 2, "62->61": 3, "64->66": 1, "66->64": 12, "69->75": 6, "75->69": 6, "75->84": 1, "84->75": 12, "70->71": 1, "71->70": 12, "71->73": 1, "73->71": 12, "78->80": 1, "80->78": 12, "80->83": 1, "83->80": 12, "81->82": 2, "82->81": 3, "85->95": 10, "95->85": 11, "86->88": 1, "88->86": 12, "89->90": 1, "90->89": 12, "91->92": 1, "92->91": 12, "92->94": 1, "94->92": 12, "96->106": 1, "106->96": 12, "98->100": 1, "100->98": 12, "100->105": 1, "105->100": 12, "101->102": 1, "102->101": 12, "102->104": 1, "104->102": 12, "107->110": 1, "110->107": 12, "108->109": 2, "109->108": 3, "112->114": 1, "114->112": 12, "114->120": 1, "120->114": 12, "115->116": 1, "116->115": 12, "116->118": 1, "118->116": 12, "123->125": 1, "125->123": 12, "128->135": 6, "135->128": 6, "135->143": 1, "143->135": 12, "129->130": 1, "130->129": 12, "130->132": 1, "132->130": 12, "133->134": 2, "134->133": 3, "138->140": 1, "140->138": 12, "140->142": 1, "142->140": 12, "146->148": 1, "148->146": 12, "148->150": 1, "150->148": 12, "153->155": 1, "155->153": 12, "155->157": 1, "157->155": 12, "69->84": 7, "84->69": 7, "128->143": 7, "143->128": 7, "3->5": 2, "5->3": 3, "5->6": 2, "6->5": 3, "6->9": 2, "9->6": 3, "9->10": 2, "10->9": 3, "10->13": 2, "13->10": 3, "13->14": 2, "14->13": 3, "14->15": 2, "15->14": 3, "15->18": 2, "18->15": 3, "18->20": 2, "20->18": 3, "20->22": 2, "22->20": 3, "22->24": 2, "24->22": 3, "24->26": 2, "26->24": 3, "26->28": 2, "28->26": 3, "28->30": 2, "30->28": 3, "30->32": 2, "32->30": 3, "32->34": 2, "34->32": 3, "35->38": 2, "38->35": 3, "38->40": 2, "40->38": 3, "40->42": 2, "42->40": 3, "42->44": 2, "44->42": 3, "44->45": 2, "45->44": 3, "45->48": 2, "48->45": 3, "48->50": 2, "50->48": 3, "50->52": 2, "52->50": 3, "52->54": 2, "54->52": 3, "54->56": 2, "56->54": 3, "57->61": 2, "61->57": 3, "62->65": 2, "65->62": 3, "65->67": 2, "67->65": 3, "67->70": 2, "70->67": 3, "70->72": 2, "72->70": 3, "72->74": 2, "74->72": 3, "74->79": 2, "79->74": 3, "79->81": 2, "81->79": 3, "82->83": 2, "83->82": 3, "83->87": 2, "87->83": 3, "87->89": 2, "89->87": 3, "89->91": 2, "91->89": 3, "91->93": 2, "93->91": 3, "93->94": 2, "94->93": 3, "94->99": 2, "99->94": 3, "99->101": 2, "101->99": 3, "101->103": 2, "103->101": 3, "103->104": 2, "104->103": 3, "104->105": 2, "105->104": 3, "105->108": 2, "108->105": 3, "109->113": 2, "113->109": 3, "113->115": 2, "115->113": 3, "115->117": 2, "117->115": 3, "117->119": 2, "119->117": 3, "119->121": 2, "121->119": 3, "121->124": 2, "124->121": 3, "124->126": 2, "126->124": 3, "126->129": 2, "129->126": 3, "129->131": 2, "131->129": 3, "131->133": 2, "133->131": 3, "134->139": 2, "139->134": 3, "139->141": 2, "141->139": 3, "141->142": 2, "142->141": 3, "142->147": 2, "147->142": 3, "147->149": 2, "149->147": 3, "149->150": 2, "150->149": 3, "150->154": 2, "154->150": 3, "154->156": 2, "156->154": 3, "156->158": 2, "158->156": 3, "26->32": 4, "32->26": 5, "32->141": 4, "141->32": 5, "35->82": 4, "82->35": 5, "82->134": 4, "134->82": 5, "52->72": 4, "72->52": 5, "72->93": 4, "93->72": 5, "79->99": 4, "99->79": 5, "99->131": 4, "131->99": 5, "131->149": 4, "149->131": 5, "149->156": 4, "156->149": 5, "103->119": 4, "119->103": 5, "139->147": 4, "147->139": 5, "147->158": 4, "158->147": 5}, "metrics": [28.0, 4.0, 2.0]}