{"nodelist": ["MethodDeclaration", "{'protected'}", "protected", "addEdits", "FormalParameter", "ReferenceType", "WAL", "log", "FormalParameter", "ReferenceType", "HRegionInfo", "hri", "FormalParameter", "ReferenceType", "HTableDescriptor", "htd", "FormalParameter", "BasicType", "int", "times", "FormalParameter", "ReferenceType", "AtomicLong", "sequenceId", "IOException", "LocalVariableDeclaration", "{'final'}", "final", "BasicType", "byte", "VariableDeclarator", "row", "MethodInvocation", "Bytes", "Literal", "\"row\"", "toBytes", "ForStatement", "ForControl", "VariableDeclaration", "BasicType", "int", "VariableDeclarator", "i", "Literal", "0", "BinaryOperation", "<", "MemberReference", "i", "MemberReference", "times", "MemberReference", "++", "i", "BlockStatement", "LocalVariableDeclaration", "BasicType", "long", "VariableDeclarator", "timestamp", "MethodInvocation", "System", "currentTimeMillis", "LocalVariableDeclaration", "ReferenceType", "WALEdit", "VariableDeclarator", "cols", "ClassCreator", "ReferenceType", "WALEdit", "StatementExpression", "MethodInvocation", "cols", "ClassCreator", "ReferenceType", "KeyValue", "MemberReference", "row", "MemberReference", "row", "MemberReference", "row", "MemberReference", "timestamp", "MemberReference", "row", "add", "StatementExpression", "MethodInvocation", "log", "MemberReference", "htd", "MemberReference", "hri", "MethodInvocation", "MethodInvocation", "hri", "getEncodedNameAsBytes", "MethodInvocation", "htd", "getTableName", "MemberReference", "timestamp", "getWalKey", "MemberReference", "cols", "MemberReference", "sequenceId", "Literal", "true", "Literal", "null", "append", "StatementExpression", "MethodInvocation", "log", "sync"], "nodes": {"0": "MethodDeclaration", "1": "Modifier", "2": "protected", "3": "addEdits", "4": "FormalParameter", "5": "ReferenceType", "6": "WAL", "7": "log", "8": "FormalParameter", "9": "ReferenceType", "10": "HRegionInfo", "11": "hri", "12": "FormalParameter", "13": "ReferenceType", "14": "HTableDescriptor", "15": "htd", "16": "FormalParameter", "17": "BasicType", "18": "int", "19": "times", "20": "FormalParameter", "21": "ReferenceType", "22": "AtomicLong", "23": "sequenceId", "24": "IOException", "25": "LocalVariableDeclaration", "26": "Modifier", "27": "final", "28": "BasicType", "29": "byte", "30": "VariableDeclarator", "31": "row", "32": "MethodInvocation", "33": "Bytes", "34": "Literal", "35": "\"row\"", "36": "toBytes", "37": "ForStatement", "38": "ForControl", "39": "VariableDeclaration", "40": "BasicType", "41": "int", "42": "VariableDeclarator", "43": "i", "44": "Literal", "45": "0", "46": "BinaryOperation", "47": "<", "48": "MemberReference", "49": "i", "50": "MemberReference", "51": "times", "52": "MemberReference", "53": "++", "54": "i", "55": "BlockStatement", "56": "LocalVariableDeclaration", "57": "BasicType", "58": "long", "59": "VariableDeclarator", "60": "timestamp", "61": "MethodInvocation", "62": "System", "63": "currentTimeMillis", "64": "LocalVariableDeclaration", "65": "ReferenceType", "66": "WALEdit", "67": "VariableDeclarator", "68": "cols", "69": "ClassCreator", "70": "ReferenceType", "71": "WALEdit", "72": "StatementExpression", "73": "MethodInvocation", "74": "cols", "75": "ClassCreator", "76": "ReferenceType", "77": "KeyValue", "78": "MemberReference", "79": "row", "80": "MemberReference", "81": "row", "82": "MemberReference", "83": "row", "84": "MemberReference", "85": "timestamp", "86": "MemberReference", "87": "row", "88": "add", "89": "StatementExpression", "90": "MethodInvocation", "91": "log", "92": "MemberReference", "93": "htd", "94": "MemberReference", "95": "hri", "96": "MethodInvocation", "97": "MethodInvocation", "98": "hri", "99": "getEncodedNameAsBytes", "100": "MethodInvocation", "101": "htd", "102": "getTableName", "103": "MemberReference", "104": "timestamp", "105": "getWalKey", "106": "MemberReference", "107": "cols", "108": "MemberReference", "109": "sequenceId", "110": "Literal", "111": "true", "112": "Literal", "113": "null", "114": "append", "115": "StatementExpression", "116": "MethodInvocation", "117": "log", "118": "sync"}, "edges": {"0->1": 0, "1->0": 0, "1->2": 0, "2->1": 0, "0->3": 0, "3->0": 0, "0->4": 0, "4->0": 0, "4->5": 0, "5->4": 0, "5->6": 0, "6->5": 0, "4->7": 0, "7->4": 0, "0->8": 0, "8->0": 0, "8->9": 0, "9->8": 0, "9->10": 0, "10->9": 0, "8->11": 0, "11->8": 0, "0->12": 0, "12->0": 0, "12->13": 0, "13->12": 0, "13->14": 0, "14->13": 0, "12->15": 0, "15->12": 0, "0->16": 0, "16->0": 0, "16->17": 0, "17->16": 0, "17->18": 0, "18->17": 0, "16->19": 0, "19->16": 0, "0->20": 0, "20->0": 0, "20->21": 0, "21->20": 0, "21->22": 0, "22->21": 0, "20->23": 0, "23->20": 0, "0->24": 0, "24->0": 0, "0->25": 0, "25->0": 0, "25->26": 0, "26->25": 0, "26->27": 0, "27->26": 0, "25->28": 0, "28->25": 0, "28->29": 0, "29->28": 0, "25->30": 0, "30->25": 0, "30->31": 0, "31->30": 0, "30->32": 0, "32->30": 0, "32->33": 0, "33->32": 0, "32->34": 0, "34->32": 0, "34->35": 0, "35->34": 0, "32->36": 0, "36->32": 0, "0->37": 0, "37->0": 0, "37->38": 0, "38->37": 0, "38->39": 0, "39->38": 0, "39->40": 0, "40->39": 0, "40->41": 0, "41->40": 0, "39->42": 0, "42->39": 0, "42->43": 0, "43->42": 0, "42->44": 0, "44->42": 0, "44->45": 0, "45->44": 0, "38->46": 0, "46->38": 0, "46->47": 0, "47->46": 0, "46->48": 0, "48->46": 0, "48->49": 0, "49->48": 0, "46->50": 0, "50->46": 0, "50->51": 0, "51->50": 0, "38->52": 0, "52->38": 0, "52->53": 0, "53->52": 0, "52->54": 0, "54->52": 0, "37->55": 0, "55->37": 0, "55->56": 0, "56->55": 0, "56->57": 0, "57->56": 0, "57->58": 0, "58->57": 0, "56->59": 0, "59->56": 0, "59->60": 0, "60->59": 0, "59->61": 0, "61->59": 0, "61->62": 0, "62->61": 0, "61->63": 0, "63->61": 0, "55->64": 0, "64->55": 0, "64->65": 0, "65->64": 0, "65->66": 0, "66->65": 0, "64->67": 0, "67->64": 0, "67->68": 0, "68->67": 0, "67->69": 0, "69->67": 0, "69->70": 0, "70->69": 0, "70->71": 0, "71->70": 0, "55->72": 0, "72->55": 0, "72->73": 0, "73->72": 0, "73->74": 0, "74->73": 0, "73->75": 0, "75->73": 0, "75->76": 0, "76->75": 0, "76->77": 0, "77->76": 0, "75->78": 0, "78->75": 0, "78->79": 0, "79->78": 0, "75->80": 0, "80->75": 0, "80->81": 0, "81->80": 0, "75->82": 0, "82->75": 0, "82->83": 0, "83->82": 0, "75->84": 0, "84->75": 0, "84->85": 0, "85->84": 0, "75->86": 0, "86->75": 0, "86->87": 0, "87->86": 0, "73->88": 0, "88->73": 0, "55->89": 0, "89->55": 0, "89->90": 0, "90->89": 0, "90->91": 0, "91->90": 0, "90->92": 0, "92->90": 0, "92->93": 0, "93->92": 0, "90->94": 0, "94->90": 0, "94->95": 0, "95->94": 0, "90->96": 0, "96->90": 0, "96->97": 0, "97->96": 0, "97->98": 0, "98->97": 0, "97->99": 0, "99->97": 0, "96->100": 0, "100->96": 0, "100->101": 0, "101->100": 0, "100->102": 0, "102->100": 0, "96->103": 0, "103->96": 0, "103->104": 0, "104->103": 0, "96->105": 0, "105->96": 0, "90->106": 0, "106->90": 0, "106->107": 0, "107->106": 0, "90->108": 0, "108->90": 0, "108->109": 0, "109->108": 0, "90->110": 0, "110->90": 0, "110->111": 0, "111->110": 0, "90->112": 0, "112->90": 0, "112->113": 0, "113->112": 0, "90->114": 0, "114->90": 0, "0->115": 0, "115->0": 0, "115->116": 0, "116->115": 0, "116->117": 0, "117->116": 0, "116->118": 0, "118->116": 0, "1->3": 1, "3->1": 12, "3->4": 1, "4->3": 12, "4->8": 1, "8->4": 12, "8->12": 1, "12->8": 12, "12->16": 1, "16->12": 12, "16->20": 1, "20->16": 12, "20->24": 1, "24->20": 12, "24->25": 1, "25->24": 12, "25->37": 1, "37->25": 12, "37->115": 1, "115->37": 12, "5->7": 1, "7->5": 12, "9->11": 1, "11->9": 12, "13->15": 1, "15->13": 12, "17->19": 1, "19->17": 12, "21->23": 1, "23->21": 12, "26->28": 1, "28->26": 12, "28->30": 1, "30->28": 12, "31->32": 1, "32->31": 12, "33->34": 1, "34->33": 12, "34->36": 1, "36->34": 12, "38->55": 9, "55->38": 9, "39->46": 1, "46->39": 12, "46->52": 1, "52->46": 12, "40->42": 1, "42->40": 12, "43->44": 1, "44->43": 12, "47->48": 1, "48->47": 12, "48->50": 1, "50->48": 12, "53->54": 2, "54->53": 3, "56->64": 10, "64->56": 11, "64->72": 10, "72->64": 11, "72->89": 10, "89->72": 11, "57->59": 1, "59->57": 12, "60->61": 1, "61->60": 12, "62->63": 2, "63->62": 3, "65->67": 1, "67->65": 12, "68->69": 1, "69->68": 12, "74->75": 1, "75->74": 12, "75->88": 1, "88->75": 12, "76->78": 1, "78->76": 12, "78->80": 1, "80->78": 12, "80->82": 1, "82->80": 12, "82->84": 1, "84->82": 12, "84->86": 1, "86->84": 12, "91->92": 1, "92->91": 12, "92->94": 1, "94->92": 12, "94->96": 1, "96->94": 12, "96->106": 1, "106->96": 12, "106->108": 1, "108->106": 12, "108->110": 1, "110->108": 12, "110->112": 1, "112->110": 12, "112->114": 1, "114->112": 12, "97->100": 1, "100->97": 12, "100->103": 1, "103->100": 12, "103->105": 1, "105->103": 12, "98->99": 2, "99->98": 3, "101->102": 2, "102->101": 3, "117->118": 2, "118->117": 3, "2->3": 2, "3->2": 3, "3->6": 2, "6->3": 3, "6->7": 2, "7->6": 3, "7->10": 2, "10->7": 3, "10->11": 2, "11->10": 3, "11->14": 2, "14->11": 3, "14->15": 2, "15->14": 3, "15->18": 2, "18->15": 3, "18->19": 2, "19->18": 3, "19->22": 2, "22->19": 3, "22->23": 2, "23->22": 3, "23->24": 2, "24->23": 3, "24->27": 2, "27->24": 3, "27->29": 2, "29->27": 3, "29->31": 2, "31->29": 3, "31->33": 2, "33->31": 3, "33->35": 2, "35->33": 3, "35->36": 2, "36->35": 3, "36->41": 2, "41->36": 3, "41->43": 2, "43->41": 3, "43->45": 2, "45->43": 3, "45->47": 2, "47->45": 3, "47->49": 2, "49->47": 3, "49->51": 2, "51->49": 3, "51->53": 2, "53->51": 3, "54->58": 2, "58->54": 3, "58->60": 2, "60->58": 3, "60->62": 2, "62->60": 3, "63->66": 2, "66->63": 3, "66->68": 2, "68->66": 3, "68->71": 2, "71->68": 3, "71->74": 2, "74->71": 3, "74->77": 2, "77->74": 3, "77->79": 2, "79->77": 3, "79->81": 4, "81->79": 5, "81->83": 4, "83->81": 5, "83->85": 2, "85->83": 3, "85->87": 2, "87->85": 3, "87->88": 2, "88->87": 3, "88->91": 2, "91->88": 3, "91->93": 2, "93->91": 3, "93->95": 2, "95->93": 3, "95->98": 2, "98->95": 3, "99->101": 2, "101->99": 3, "102->104": 2, "104->102": 3, "104->105": 2, "105->104": 3, "105->107": 2, "107->105": 3, "107->109": 2, "109->107": 3, "109->111": 2, "111->109": 3, "111->113": 2, "113->111": 3, "113->114": 2, "114->113": 3, "114->117": 2, "117->114": 3, "49->54": 4, "54->49": 5, "83->87": 4, "87->83": 5, "85->104": 4, "104->85": 5}, "metrics": [10.0, 2.0, 5.0]}