{"nodelist": ["ConstructorDeclaration", "{'public'}", "public", "MemStoreSnapshot", "FormalParameter", "BasicType", "long", "id", "FormalParameter", "BasicType", "int", "cellsCount", "FormalParameter", "BasicType", "long", "size", "FormalParameter", "ReferenceType", "TimeRangeTracker", "timeRangeTracker", "FormalParameter", "ReferenceType", "KeyValueScanner", "scanner", "FormalParameter", "BasicType", "boolean", "tagsPresent", "StatementExpression", "Assignment", "This", "MemberReference", "id", "MemberReference", "id", "=", "StatementExpression", "Assignment", "This", "MemberReference", "cellsCount", "MemberReference", "cellsCount", "=", "StatementExpression", "Assignment", "This", "MemberReference", "size", "MemberReference", "size", "=", "StatementExpression", "Assignment", "This", "MemberReference", "timeRangeTracker", "MemberReference", "timeRangeTracker", "=", "StatementExpression", "Assignment", "This", "MemberReference", "scanner", "MemberReference", "scanner", "=", "StatementExpression", "Assignment", "This", "MemberReference", "tagsPresent", "MemberReference", "tagsPresent", "="], "nodes": {"0": "ConstructorDeclaration", "1": "Modifier", "2": "public", "3": "MemStoreSnapshot", "4": "FormalParameter", "5": "BasicType", "6": "long", "7": "id", "8": "FormalParameter", "9": "BasicType", "10": "int", "11": "cellsCount", "12": "FormalParameter", "13": "BasicType", "14": "long", "15": "size", "16": "FormalParameter", "17": "ReferenceType", "18": "TimeRangeTracker", "19": "timeRangeTracker", "20": "FormalParameter", "21": "ReferenceType", "22": "KeyValueScanner", "23": "scanner", "24": "FormalParameter", "25": "BasicType", "26": "boolean", "27": "tagsPresent", "28": "StatementExpression", "29": "Assignment", "30": "This", "31": "MemberReference", "32": "id", "33": "MemberReference", "34": "id", "35": "=", "36": "StatementExpression", "37": "Assignment", "38": "This", "39": "MemberReference", "40": "cellsCount", "41": "MemberReference", "42": "cellsCount", "43": "=", "44": "StatementExpression", "45": "Assignment", "46": "This", "47": "MemberReference", "48": "size", "49": "MemberReference", "50": "size", "51": "=", "52": "StatementExpression", "53": "Assignment", "54": "This", "55": "MemberReference", "56": "timeRangeTracker", "57": "MemberReference", "58": "timeRangeTracker", "59": "=", "60": "StatementExpression", "61": "Assignment", "62": "This", "63": "MemberReference", "64": "scanner", "65": "MemberReference", "66": "scanner", "67": "=", "68": "StatementExpression", "69": "Assignment", "70": "This", "71": "MemberReference", "72": "tagsPresent", "73": "MemberReference", "74": "tagsPresent", "75": "="}, "edges": {"0->1": 0, "1->0": 0, "1->2": 0, "2->1": 0, "0->3": 0, "3->0": 0, "0->4": 0, "4->0": 0, "4->5": 0, "5->4": 0, "5->6": 0, "6->5": 0, "4->7": 0, "7->4": 0, "0->8": 0, "8->0": 0, "8->9": 0, "9->8": 0, "9->10": 0, "10->9": 0, "8->11": 0, "11->8": 0, "0->12": 0, "12->0": 0, "12->13": 0, "13->12": 0, "13->14": 0, "14->13": 0, "12->15": 0, "15->12": 0, "0->16": 0, "16->0": 0, "16->17": 0, "17->16": 0, "17->18": 0, "18->17": 0, "16->19": 0, "19->16": 0, "0->20": 0, "20->0": 0, "20->21": 0, "21->20": 0, "21->22": 0, "22->21": 0, "20->23": 0, "23->20": 0, "0->24": 0, "24->0": 0, "24->25": 0, "25->24": 0, "25->26": 0, "26->25": 0, "24->27": 0, "27->24": 0, "0->28": 0, "28->0": 0, "28->29": 0, "29->28": 0, "29->30": 0, "30->29": 0, "30->31": 0, "31->30": 0, "31->32": 0, "32->31": 0, "29->33": 0, "33->29": 0, "33->34": 0, "34->33": 0, "29->35": 0, "35->29": 0, "0->36": 0, "36->0": 0, "36->37": 0, "37->36": 0, "37->38": 0, "38->37": 0, "38->39": 0, "39->38": 0, "39->40": 0, "40->39": 0, "37->41": 0, "41->37": 0, "41->42": 0, "42->41": 0, "37->43": 0, "43->37": 0, "0->44": 0, "44->0": 0, "44->45": 0, "45->44": 0, "45->46": 0, "46->45": 0, "46->47": 0, "47->46": 0, "47->48": 0, "48->47": 0, "45->49": 0, "49->45": 0, "49->50": 0, "50->49": 0, "45->51": 0, "51->45": 0, "0->52": 0, "52->0": 0, "52->53": 0, "53->52": 0, "53->54": 0, "54->53": 0, "54->55": 0, "55->54": 0, "55->56": 0, "56->55": 0, "53->57": 0, "57->53": 0, "57->58": 0, "58->57": 0, "53->59": 0, "59->53": 0, "0->60": 0, "60->0": 0, "60->61": 0, "61->60": 0, "61->62": 0, "62->61": 0, "62->63": 0, "63->62": 0, "63->64": 0, "64->63": 0, "61->65": 0, "65->61": 0, "65->66": 0, "66->65": 0, "61->67": 0, "67->61": 0, "0->68": 0, "68->0": 0, "68->69": 0, "69->68": 0, "69->70": 0, "70->69": 0, "70->71": 0, "71->70": 0, "71->72": 0, "72->71": 0, "69->73": 0, "73->69": 0, "73->74": 0, "74->73": 0, "69->75": 0, "75->69": 0, "1->3": 1, "3->1": 12, "3->4": 1, "4->3": 12, "4->8": 1, "8->4": 12, "8->12": 1, "12->8": 12, "12->16": 1, "16->12": 12, "16->20": 1, "20->16": 12, "20->24": 1, "24->20": 12, "24->28": 1, "28->24": 12, "28->36": 1, "36->28": 12, "36->44": 1, "44->36": 12, "44->52": 1, "52->44": 12, "52->60": 1, "60->52": 12, "60->68": 1, "68->60": 12, "5->7": 1, "7->5": 12, "9->11": 1, "11->9": 12, "13->15": 1, "15->13": 12, "17->19": 1, "19->17": 12, "21->23": 1, "23->21": 12, "25->27": 1, "27->25": 12, "30->33": 1, "33->30": 12, "33->35": 1, "35->33": 12, "38->41": 1, "41->38": 12, "41->43": 1, "43->41": 12, "46->49": 1, "49->46": 12, "49->51": 1, "51->49": 12, "54->57": 1, "57->54": 12, "57->59": 1, "59->57": 12, "62->65": 1, "65->62": 12, "65->67": 1, "67->65": 12, "70->73": 1, "73->70": 12, "73->75": 1, "75->73": 12, "2->3": 2, "3->2": 3, "3->6": 2, "6->3": 3, "6->7": 2, "7->6": 3, "7->10": 2, "10->7": 3, "10->11": 2, "11->10": 3, "11->14": 2, "14->11": 3, "14->15": 2, "15->14": 3, "15->18": 2, "18->15": 3, "18->19": 2, "19->18": 3, "19->22": 2, "22->19": 3, "22->23": 2, "23->22": 3, "23->26": 2, "26->23": 3, "26->27": 2, "27->26": 3, "27->32": 2, "32->27": 3, "32->34": 4, "34->32": 5, "34->35": 2, "35->34": 3, "35->40": 2, "40->35": 3, "40->42": 4, "42->40": 5, "42->43": 2, "43->42": 3, "43->48": 2, "48->43": 3, "48->50": 4, "50->48": 5, "50->51": 2, "51->50": 3, "51->56": 2, "56->51": 3, "56->58": 4, "58->56": 5, "58->59": 2, "59->58": 3, "59->64": 2, "64->59": 3, "64->66": 4, "66->64": 5, "66->67": 2, "67->66": 3, "67->72": 2, "72->67": 3, "72->74": 4, "74->72": 5, "74->75": 2, "75->74": 3}, "metrics": [8.0, 1.0, 6.0]}