{"nodelist": ["MethodDeclaration", "{'public'}", "public", "ReferenceType", "Object", "getFieldValue", "FormalParameter", "ReferenceType", "_Fields", "field", "SwitchStatement", "MemberReference", "field", "SwitchStatementCase", "START_ROW", "ReturnStatement", "MethodInvocation", "getStartRow", "SwitchStatementCase", "STOP_ROW", "ReturnStatement", "MethodInvocation", "getStopRow", "SwitchStatementCase", "COLUMNS", "ReturnStatement", "MethodInvocation", "getColumns", "SwitchStatementCase", "CACHING", "ReturnStatement", "MethodInvocation", "Integer", "MethodInvocation", "getCaching", "valueOf", "SwitchStatementCase", "MAX_VERSIONS", "ReturnStatement", "MethodInvocation", "Integer", "MethodInvocation", "getMaxVersions", "valueOf", "SwitchStatementCase", "TIME_RANGE", "ReturnStatement", "MethodInvocation", "getTimeRange", "SwitchStatementCase", "FILTER_STRING", "ReturnStatement", "MethodInvocation", "getFilterString", "SwitchStatementCase", "BATCH_SIZE", "ReturnStatement", "MethodInvocation", "Integer", "MethodInvocation", "getBatchSize", "valueOf", "SwitchStatementCase", "ATTRIBUTES", "ReturnStatement", "MethodInvocation", "getAttributes", "ThrowStatement", "ClassCreator", "ReferenceType", "IllegalStateException"], "nodes": {"0": "MethodDeclaration", "1": "Modifier", "2": "public", "3": "ReferenceType", "4": "Object", "5": "getFieldValue", "6": "FormalParameter", "7": "ReferenceType", "8": "_Fields", "9": "field", "10": "SwitchStatement", "11": "MemberReference", "12": "field", "13": "SwitchStatementCase", "14": "START_ROW", "15": "ReturnStatement", "16": "MethodInvocation", "17": "getStartRow", "18": "SwitchStatementCase", "19": "STOP_ROW", "20": "ReturnStatement", "21": "MethodInvocation", "22": "getStopRow", "23": "SwitchStatementCase", "24": "COLUMNS", "25": "ReturnStatement", "26": "MethodInvocation", "27": "getColumns", "28": "SwitchStatementCase", "29": "CACHING", "30": "ReturnStatement", "31": "MethodInvocation", "32": "Integer", "33": "MethodInvocation", "34": "getCaching", "35": "valueOf", "36": "SwitchStatementCase", "37": "MAX_VERSIONS", "38": "ReturnStatement", "39": "MethodInvocation", "40": "Integer", "41": "MethodInvocation", "42": "getMaxVersions", "43": "valueOf", "44": "SwitchStatementCase", "45": "TIME_RANGE", "46": "ReturnStatement", "47": "MethodInvocation", "48": "getTimeRange", "49": "SwitchStatementCase", "50": "FILTER_STRING", "51": "ReturnStatement", "52": "MethodInvocation", "53": "getFilterString", "54": "SwitchStatementCase", "55": "BATCH_SIZE", "56": "ReturnStatement", "57": "MethodInvocation", "58": "Integer", "59": "MethodInvocation", "60": "getBatchSize", "61": "valueOf", "62": "SwitchStatementCase", "63": "ATTRIBUTES", "64": "ReturnStatement", "65": "MethodInvocation", "66": "getAttributes", "67": "ThrowStatement", "68": "ClassCreator", "69": "ReferenceType", "70": "IllegalStateException"}, "edges": {"0->1": 0, "1->0": 0, "1->2": 0, "2->1": 0, "0->3": 0, "3->0": 0, "3->4": 0, "4->3": 0, "0->5": 0, "5->0": 0, "0->6": 0, "6->0": 0, "6->7": 0, "7->6": 0, "7->8": 0, "8->7": 0, "6->9": 0, "9->6": 0, "0->10": 0, "10->0": 0, "10->11": 0, "11->10": 0, "11->12": 0, "12->11": 0, "10->13": 0, "13->10": 0, "13->14": 0, "14->13": 0, "13->15": 0, "15->13": 0, "15->16": 0, "16->15": 0, "16->17": 0, "17->16": 0, "10->18": 0, "18->10": 0, "18->19": 0, "19->18": 0, "18->20": 0, "20->18": 0, "20->21": 0, "21->20": 0, "21->22": 0, "22->21": 0, "10->23": 0, "23->10": 0, "23->24": 0, "24->23": 0, "23->25": 0, "25->23": 0, "25->26": 0, "26->25": 0, "26->27": 0, "27->26": 0, "10->28": 0, "28->10": 0, "28->29": 0, "29->28": 0, "28->30": 0, "30->28": 0, "30->31": 0, "31->30": 0, "31->32": 0, "32->31": 0, "31->33": 0, "33->31": 0, "33->34": 0, "34->33": 0, "31->35": 0, "35->31": 0, "10->36": 0, "36->10": 0, "36->37": 0, "37->36": 0, "36->38": 0, "38->36": 0, "38->39": 0, "39->38": 0, "39->40": 0, "40->39": 0, "39->41": 0, "41->39": 0, "41->42": 0, "42->41": 0, "39->43": 0, "43->39": 0, "10->44": 0, "44->10": 0, "44->45": 0, "45->44": 0, "44->46": 0, "46->44": 0, "46->47": 0, "47->46": 0, "47->48": 0, "48->47": 0, "10->49": 0, "49->10": 0, "49->50": 0, "50->49": 0, "49->51": 0, "51->49": 0, "51->52": 0, "52->51": 0, "52->53": 0, "53->52": 0, "10->54": 0, "54->10": 0, "54->55": 0, "55->54": 0, "54->56": 0, "56->54": 0, "56->57": 0, "57->56": 0, "57->58": 0, "58->57": 0, "57->59": 0, "59->57": 0, "59->60": 0, "60->59": 0, "57->61": 0, "61->57": 0, "10->62": 0, "62->10": 0, "62->63": 0, "63->62": 0, "62->64": 0, "64->62": 0, "64->65": 0, "65->64": 0, "65->66": 0, "66->65": 0, "0->67": 0, "67->0": 0, "67->68": 0, "68->67": 0, "68->69": 0, "69->68": 0, "69->70": 0, "70->69": 0, "1->3": 1, "3->1": 12, "3->5": 1, "5->3": 12, "5->6": 1, "6->5": 12, "6->10": 1, "10->6": 12, "10->67": 1, "67->10": 12, "7->9": 1, "9->7": 12, "11->13": 1, "13->11": 12, "13->18": 1, "18->13": 12, "18->23": 1, "23->18": 12, "23->28": 1, "28->23": 12, "28->36": 1, "36->28": 12, "36->44": 1, "44->36": 12, "44->49": 1, "49->44": 12, "49->54": 1, "54->49": 12, "54->62": 1, "62->54": 12, "14->15": 1, "15->14": 12, "19->20": 1, "20->19": 12, "24->25": 1, "25->24": 12, "29->30": 1, "30->29": 12, "32->33": 1, "33->32": 12, "33->35": 1, "35->33": 12, "37->38": 1, "38->37": 12, "40->41": 1, "41->40": 12, "41->43": 1, "43->41": 12, "45->46": 1, "46->45": 12, "50->51": 1, "51->50": 12, "55->56": 1, "56->55": 12, "58->59": 1, "59->58": 12, "59->61": 1, "61->59": 12, "63->64": 1, "64->63": 12, "2->4": 2, "4->2": 3, "4->5": 2, "5->4": 3, "5->8": 2, "8->5": 3, "8->9": 2, "9->8": 3, "9->12": 2, "12->9": 3, "12->14": 2, "14->12": 3, "14->17": 2, "17->14": 3, "17->19": 2, "19->17": 3, "19->22": 2, "22->19": 3, "22->24": 2, "24->22": 3, "24->27": 2, "27->24": 3, "27->29": 2, "29->27": 3, "29->32": 2, "32->29": 3, "32->34": 2, "34->32": 3, "34->35": 2, "35->34": 3, "35->37": 2, "37->35": 3, "37->40": 2, "40->37": 3, "40->42": 2, "42->40": 3, "42->43": 2, "43->42": 3, "43->45": 2, "45->43": 3, "45->48": 2, "48->45": 3, "48->50": 2, "50->48": 3, "50->53": 2, "53->50": 3, "53->55": 2, "55->53": 3, "55->58": 2, "58->55": 3, "58->60": 2, "60->58": 3, "60->61": 2, "61->60": 3, "61->63": 2, "63->61": 3, "63->66": 2, "66->63": 3, "66->70": 2, "70->66": 3}, "metrics": [23.0, 10.0, 1.0]}