{"nodelist": ["ConstructorDeclaration", "TestOptions", "FormalParameter", "BasicType", "int", "startRow", "FormalParameter", "BasicType", "int", "perClientRunRows", "FormalParameter", "BasicType", "int", "totalRows", "FormalParameter", "BasicType", "int", "numClientThreads", "FormalParameter", "ReferenceType", "TableName", "tableName", "FormalParameter", "BasicType", "boolean", "flushCommits", "FormalParameter", "BasicType", "boolean", "writeToWAL", "FormalParameter", "ReferenceType", "HConnection", "connection", "StatementExpression", "Assignment", "This", "MemberReference", "startRow", "MemberReference", "startRow", "=", "StatementExpression", "Assignment", "This", "MemberReference", "perClientRunRows", "MemberReference", "perClientRunRows", "=", "StatementExpression", "Assignment", "This", "MemberReference", "totalRows", "MemberReference", "totalRows", "=", "StatementExpression", "Assignment", "This", "MemberReference", "numClientThreads", "MemberReference", "numClientThreads", "=", "StatementExpression", "Assignment", "This", "MemberReference", "tableName", "MemberReference", "tableName", "=", "StatementExpression", "Assignment", "This", "MemberReference", "flushCommits", "MemberReference", "flushCommits", "=", "StatementExpression", "Assignment", "This", "MemberReference", "writeToWAL", "MemberReference", "writeToWAL", "=", "StatementExpression", "Assignment", "This", "MemberReference", "connection", "MemberReference", "connection", "="], "nodes": {"0": "ConstructorDeclaration", "1": "TestOptions", "2": "FormalParameter", "3": "BasicType", "4": "int", "5": "startRow", "6": "FormalParameter", "7": "BasicType", "8": "int", "9": "perClientRunRows", "10": "FormalParameter", "11": "BasicType", "12": "int", "13": "totalRows", "14": "FormalParameter", "15": "BasicType", "16": "int", "17": "numClientThreads", "18": "FormalParameter", "19": "ReferenceType", "20": "TableName", "21": "tableName", "22": "FormalParameter", "23": "BasicType", "24": "boolean", "25": "flushCommits", "26": "FormalParameter", "27": "BasicType", "28": "boolean", "29": "writeToWAL", "30": "FormalParameter", "31": "ReferenceType", "32": "HConnection", "33": "connection", "34": "StatementExpression", "35": "Assignment", "36": "This", "37": "MemberReference", "38": "startRow", "39": "MemberReference", "40": "startRow", "41": "=", "42": "StatementExpression", "43": "Assignment", "44": "This", "45": "MemberReference", "46": "perClientRunRows", "47": "MemberReference", "48": "perClientRunRows", "49": "=", "50": "StatementExpression", "51": "Assignment", "52": "This", "53": "MemberReference", "54": "totalRows", "55": "MemberReference", "56": "totalRows", "57": "=", "58": "StatementExpression", "59": "Assignment", "60": "This", "61": "MemberReference", "62": "numClientThreads", "63": "MemberReference", "64": "numClientThreads", "65": "=", "66": "StatementExpression", "67": "Assignment", "68": "This", "69": "MemberReference", "70": "tableName", "71": "MemberReference", "72": "tableName", "73": "=", "74": "StatementExpression", "75": "Assignment", "76": "This", "77": "MemberReference", "78": "flushCommits", "79": "MemberReference", "80": "flushCommits", "81": "=", "82": "StatementExpression", "83": "Assignment", "84": "This", "85": "MemberReference", "86": "writeToWAL", "87": "MemberReference", "88": "writeToWAL", "89": "=", "90": "StatementExpression", "91": "Assignment", "92": "This", "93": "MemberReference", "94": "connection", "95": "MemberReference", "96": "connection", "97": "="}, "edges": {"0->1": 0, "1->0": 0, "0->2": 0, "2->0": 0, "2->3": 0, "3->2": 0, "3->4": 0, "4->3": 0, "2->5": 0, "5->2": 0, "0->6": 0, "6->0": 0, "6->7": 0, "7->6": 0, "7->8": 0, "8->7": 0, "6->9": 0, "9->6": 0, "0->10": 0, "10->0": 0, "10->11": 0, "11->10": 0, "11->12": 0, "12->11": 0, "10->13": 0, "13->10": 0, "0->14": 0, "14->0": 0, "14->15": 0, "15->14": 0, "15->16": 0, "16->15": 0, "14->17": 0, "17->14": 0, "0->18": 0, "18->0": 0, "18->19": 0, "19->18": 0, "19->20": 0, "20->19": 0, "18->21": 0, "21->18": 0, "0->22": 0, "22->0": 0, "22->23": 0, "23->22": 0, "23->24": 0, "24->23": 0, "22->25": 0, "25->22": 0, "0->26": 0, "26->0": 0, "26->27": 0, "27->26": 0, "27->28": 0, "28->27": 0, "26->29": 0, "29->26": 0, "0->30": 0, "30->0": 0, "30->31": 0, "31->30": 0, "31->32": 0, "32->31": 0, "30->33": 0, "33->30": 0, "0->34": 0, "34->0": 0, "34->35": 0, "35->34": 0, "35->36": 0, "36->35": 0, "36->37": 0, "37->36": 0, "37->38": 0, "38->37": 0, "35->39": 0, "39->35": 0, "39->40": 0, "40->39": 0, "35->41": 0, "41->35": 0, "0->42": 0, "42->0": 0, "42->43": 0, "43->42": 0, "43->44": 0, "44->43": 0, "44->45": 0, "45->44": 0, "45->46": 0, "46->45": 0, "43->47": 0, "47->43": 0, "47->48": 0, "48->47": 0, "43->49": 0, "49->43": 0, "0->50": 0, "50->0": 0, "50->51": 0, "51->50": 0, "51->52": 0, "52->51": 0, "52->53": 0, "53->52": 0, "53->54": 0, "54->53": 0, "51->55": 0, "55->51": 0, "55->56": 0, "56->55": 0, "51->57": 0, "57->51": 0, "0->58": 0, "58->0": 0, "58->59": 0, "59->58": 0, "59->60": 0, "60->59": 0, "60->61": 0, "61->60": 0, "61->62": 0, "62->61": 0, "59->63": 0, "63->59": 0, "63->64": 0, "64->63": 0, "59->65": 0, "65->59": 0, "0->66": 0, "66->0": 0, "66->67": 0, "67->66": 0, "67->68": 0, "68->67": 0, "68->69": 0, "69->68": 0, "69->70": 0, "70->69": 0, "67->71": 0, "71->67": 0, "71->72": 0, "72->71": 0, "67->73": 0, "73->67": 0, "0->74": 0, "74->0": 0, "74->75": 0, "75->74": 0, "75->76": 0, "76->75": 0, "76->77": 0, "77->76": 0, "77->78": 0, "78->77": 0, "75->79": 0, "79->75": 0, "79->80": 0, "80->79": 0, "75->81": 0, "81->75": 0, "0->82": 0, "82->0": 0, "82->83": 0, "83->82": 0, "83->84": 0, "84->83": 0, "84->85": 0, "85->84": 0, "85->86": 0, "86->85": 0, "83->87": 0, "87->83": 0, "87->88": 0, "88->87": 0, "83->89": 0, "89->83": 0, "0->90": 0, "90->0": 0, "90->91": 0, "91->90": 0, "91->92": 0, "92->91": 0, "92->93": 0, "93->92": 0, "93->94": 0, "94->93": 0, "91->95": 0, "95->91": 0, "95->96": 0, "96->95": 0, "91->97": 0, "97->91": 0, "1->2": 1, "2->1": 12, "2->6": 1, "6->2": 12, "6->10": 1, "10->6": 12, "10->14": 1, "14->10": 12, "14->18": 1, "18->14": 12, "18->22": 1, "22->18": 12, "22->26": 1, "26->22": 12, "26->30": 1, "30->26": 12, "30->34": 1, "34->30": 12, "34->42": 1, "42->34": 12, "42->50": 1, "50->42": 12, "50->58": 1, "58->50": 12, "58->66": 1, "66->58": 12, "66->74": 1, "74->66": 12, "74->82": 1, "82->74": 12, "82->90": 1, "90->82": 12, "3->5": 1, "5->3": 12, "7->9": 1, "9->7": 12, "11->13": 1, "13->11": 12, "15->17": 1, "17->15": 12, "19->21": 1, "21->19": 12, "23->25": 1, "25->23": 12, "27->29": 1, "29->27": 12, "31->33": 1, "33->31": 12, "36->39": 1, "39->36": 12, "39->41": 1, "41->39": 12, "44->47": 1, "47->44": 12, "47->49": 1, "49->47": 12, "52->55": 1, "55->52": 12, "55->57": 1, "57->55": 12, "60->63": 1, "63->60": 12, "63->65": 1, "65->63": 12, "68->71": 1, "71->68": 12, "71->73": 1, "73->71": 12, "76->79": 1, "79->76": 12, "79->81": 1, "81->79": 12, "84->87": 1, "87->84": 12, "87->89": 1, "89->87": 12, "92->95": 1, "95->92": 12, "95->97": 1, "97->95": 12, "1->4": 2, "4->1": 3, "4->5": 2, "5->4": 3, "5->8": 2, "8->5": 3, "8->9": 2, "9->8": 3, "9->12": 2, "12->9": 3, "12->13": 2, "13->12": 3, "13->16": 2, "16->13": 3, "16->17": 2, "17->16": 3, "17->20": 2, "20->17": 3, "20->21": 2, "21->20": 3, "21->24": 2, "24->21": 3, "24->25": 2, "25->24": 3, "25->28": 2, "28->25": 3, "28->29": 2, "29->28": 3, "29->32": 2, "32->29": 3, "32->33": 2, "33->32": 3, "33->38": 2, "38->33": 3, "38->40": 4, "40->38": 5, "40->41": 2, "41->40": 3, "41->46": 2, "46->41": 3, "46->48": 4, "48->46": 5, "48->49": 2, "49->48": 3, "49->54": 2, "54->49": 3, "54->56": 4, "56->54": 5, "56->57": 2, "57->56": 3, "57->62": 2, "62->57": 3, "62->64": 4, "64->62": 5, "64->65": 2, "65->64": 3, "65->70": 2, "70->65": 3, "70->72": 4, "72->70": 5, "72->73": 2, "73->72": 3, "73->78": 2, "78->73": 3, "78->80": 4, "80->78": 5, "80->81": 2, "81->80": 3, "81->86": 2, "86->81": 3, "86->88": 4, "88->86": 5, "88->89": 2, "89->88": 3, "89->94": 2, "94->89": 3, "94->96": 4, "96->94": 5, "96->97": 2, "97->96": 3}, "metrics": [10.0, 1.0, 8.0]}