{"nodelist": ["MethodDeclaration", "{'public'}", "public", "Annotation", "Override", "throwInterruptedException", "InterruptedIOException", "ThrowStatement", "ClassCreator", "ReferenceType", "InterruptedIOException", "BinaryOperation", "+", "Literal", "\"Interrupted while waiting for \"", "MethodInvocation", "getDescription"], "nodes": {"0": "MethodDeclaration", "1": "Modifier", "2": "public", "3": "Annotation", "4": "Override", "5": "throwInterruptedException", "6": "InterruptedIOException", "7": "ThrowStatement", "8": "ClassCreator", "9": "ReferenceType", "10": "InterruptedIOException", "11": "BinaryOperation", "12": "+", "13": "Literal", "14": "\"Interrupted while waiting for \"", "15": "MethodInvocation", "16": "getDescription"}, "edges": {"0->1": 0, "1->0": 0, "1->2": 0, "2->1": 0, "0->3": 0, "3->0": 0, "3->4": 0, "4->3": 0, "0->5": 0, "5->0": 0, "0->6": 0, "6->0": 0, "0->7": 0, "7->0": 0, "7->8": 0, "8->7": 0, "8->9": 0, "9->8": 0, "9->10": 0, "10->9": 0, "8->11": 0, "11->8": 0, "11->12": 0, "12->11": 0, "11->13": 0, "13->11": 0, "13->14": 0, "14->13": 0, "11->15": 0, "15->11": 0, "15->16": 0, "16->15": 0, "1->3": 1, "3->1": 12, "3->5": 1, "5->3": 12, "5->6": 2, "6->5": 3, "6->7": 1, "7->6": 12, "9->11": 1, "11->9": 12, "12->13": 1, "13->12": 12, "13->15": 1, "15->13": 12, "2->4": 2, "4->2": 3, "4->5": 2, "5->4": 3, "6->10": 2, "10->6": 3, "10->12": 2, "12->10": 3, "12->14": 2, "14->12": 3, "14->16": 2, "16->14": 3}, "metrics": [3.0, 1.0, 0.0]}