{"nodelist": ["ConstructorDeclaration", "{'protected'}", "protected", "HTable", "StatementExpression", "Assignment", "MemberReference", "tableName", "Literal", "null", "=", "StatementExpression", "Assignment", "MemberReference", "cleanupPoolOnClose", "Literal", "false", "=", "StatementExpression", "Assignment", "MemberReference", "cleanupConnectionOnClose", "Literal", "false", "="], "nodes": {"0": "ConstructorDeclaration", "1": "Modifier", "2": "protected", "3": "HTable", "4": "StatementExpression", "5": "Assignment", "6": "MemberReference", "7": "tableName", "8": "Literal", "9": "null", "10": "=", "11": "StatementExpression", "12": "Assignment", "13": "MemberReference", "14": "cleanupPoolOnClose", "15": "Literal", "16": "false", "17": "=", "18": "StatementExpression", "19": "Assignment", "20": "MemberReference", "21": "cleanupConnectionOnClose", "22": "Literal", "23": "false", "24": "="}, "edges": {"0->1": 0, "1->0": 0, "1->2": 0, "2->1": 0, "0->3": 0, "3->0": 0, "0->4": 0, "4->0": 0, "4->5": 0, "5->4": 0, "5->6": 0, "6->5": 0, "6->7": 0, "7->6": 0, "5->8": 0, "8->5": 0, "8->9": 0, "9->8": 0, "5->10": 0, "10->5": 0, "0->11": 0, "11->0": 0, "11->12": 0, "12->11": 0, "12->13": 0, "13->12": 0, "13->14": 0, "14->13": 0, "12->15": 0, "15->12": 0, "15->16": 0, "16->15": 0, "12->17": 0, "17->12": 0, "0->18": 0, "18->0": 0, "18->19": 0, "19->18": 0, "19->20": 0, "20->19": 0, "20->21": 0, "21->20": 0, "19->22": 0, "22->19": 0, "22->23": 0, "23->22": 0, "19->24": 0, "24->19": 0, "1->3": 1, "3->1": 12, "3->4": 1, "4->3": 12, "4->11": 1, "11->4": 12, "11->18": 1, "18->11": 12, "6->8": 1, "8->6": 12, "8->10": 1, "10->8": 12, "13->15": 1, "15->13": 12, "15->17": 1, "17->15": 12, "20->22": 1, "22->20": 12, "22->24": 1, "24->22": 12, "2->3": 2, "3->2": 3, "3->7": 2, "7->3": 3, "7->9": 2, "9->7": 3, "9->10": 2, "10->9": 3, "10->14": 2, "14->10": 3, "14->16": 2, "16->14": 3, "16->17": 2, "17->16": 3, "17->21": 2, "21->17": 3, "21->23": 2, "23->21": 3, "23->24": 2, "24->23": 3}, "metrics": [5.0, 1.0, 0.0]}