{"nodelist": ["ConstructorDeclaration", "{'public'}", "public", "RegionServerMonitor", "FormalParameter", "ReferenceType", "Configuration", "config", "FormalParameter", "ReferenceType", "String", "monitorTargets", "FormalParameter", "BasicType", "boolean", "useRegExp", "FormalParameter", "ReferenceType", "ExtendedSink", "sink", "StatementExpression", "SuperConstructorInvocation", "MemberReference", "config", "MemberReference", "monitorTargets", "MemberReference", "useRegExp", "MemberReference", "sink"], "nodes": {"0": "ConstructorDeclaration", "1": "Modifier", "2": "public", "3": "RegionServerMonitor", "4": "FormalParameter", "5": "ReferenceType", "6": "Configuration", "7": "config", "8": "FormalParameter", "9": "ReferenceType", "10": "String", "11": "monitorTargets", "12": "FormalParameter", "13": "BasicType", "14": "boolean", "15": "useRegExp", "16": "FormalParameter", "17": "ReferenceType", "18": "ExtendedSink", "19": "sink", "20": "StatementExpression", "21": "SuperConstructorInvocation", "22": "MemberReference", "23": "config", "24": "MemberReference", "25": "monitorTargets", "26": "MemberReference", "27": "useRegExp", "28": "MemberReference", "29": "sink"}, "edges": {"0->1": 0, "1->0": 0, "1->2": 0, "2->1": 0, "0->3": 0, "3->0": 0, "0->4": 0, "4->0": 0, "4->5": 0, "5->4": 0, "5->6": 0, "6->5": 0, "4->7": 0, "7->4": 0, "0->8": 0, "8->0": 0, "8->9": 0, "9->8": 0, "9->10": 0, "10->9": 0, "8->11": 0, "11->8": 0, "0->12": 0, "12->0": 0, "12->13": 0, "13->12": 0, "13->14": 0, "14->13": 0, "12->15": 0, "15->12": 0, "0->16": 0, "16->0": 0, "16->17": 0, "17->16": 0, "17->18": 0, "18->17": 0, "16->19": 0, "19->16": 0, "0->20": 0, "20->0": 0, "20->21": 0, "21->20": 0, "21->22": 0, "22->21": 0, "22->23": 0, "23->22": 0, "21->24": 0, "24->21": 0, "24->25": 0, "25->24": 0, "21->26": 0, "26->21": 0, "26->27": 0, "27->26": 0, "21->28": 0, "28->21": 0, "28->29": 0, "29->28": 0, "1->3": 1, "3->1": 12, "3->4": 1, "4->3": 12, "4->8": 1, "8->4": 12, "8->12": 1, "12->8": 12, "12->16": 1, "16->12": 12, "16->20": 1, "20->16": 12, "5->7": 1, "7->5": 12, "9->11": 1, "11->9": 12, "13->15": 1, "15->13": 12, "17->19": 1, "19->17": 12, "22->24": 1, "24->22": 12, "24->26": 1, "26->24": 12, "26->28": 1, "28->26": 12, "2->3": 2, "3->2": 3, "3->6": 2, "6->3": 3, "6->7": 2, "7->6": 3, "7->10": 2, "10->7": 3, "10->11": 2, "11->10": 3, "11->14": 2, "14->11": 3, "14->15": 2, "15->14": 3, "15->18": 2, "18->15": 3, "18->19": 2, "19->18": 3, "19->23": 2, "23->19": 3, "23->25": 2, "25->23": 3, "25->27": 2, "27->25": 3, "27->29": 2, "29->27": 3}, "metrics": [3.0, 1.0, 4.0]}