{"nodelist": ["MethodDeclaration", "{'public'}", "public", "Annotation", "Override", "BasicType", "boolean", "equals", "FormalParameter", "ReferenceType", "Object", "obj", "IfStatement", "BinaryOperation", "==", "This", "MemberReference", "obj", "ReturnStatement", "Literal", "true", "IfStatement", "BinaryOperation", "==", "MemberReference", "obj", "Literal", "null", "ReturnStatement", "Literal", "false", "IfStatement", "BinaryOperation", "!=", "MethodInvocation", "getClass", "MethodInvocation", "obj", "getClass", "ReturnStatement", "Literal", "false", "LocalVariableDeclaration", "ReferenceType", "FullyQualifiedRow", "VariableDeclarator", "other", "Cast", "ReferenceType", "FullyQualifiedRow", "MemberReference", "obj", "IfStatement", "MethodInvocation", "!", "Arrays", "MemberReference", "family", "MemberReference", "other", "family", "equals", "ReturnStatement", "Literal", "false", "IfStatement", "MethodInvocation", "!", "Arrays", "MemberReference", "qualifier", "MemberReference", "other", "qualifier", "equals", "ReturnStatement", "Literal", "false", "IfStatement", "MethodInvocation", "!", "Arrays", "MemberReference", "rowKey", "MemberReference", "other", "rowKey", "equals", "ReturnStatement", "Literal", "false", "IfStatement", "MethodInvocation", "!", "Arrays", "MemberReference", "table", "MemberReference", "other", "table", "equals", "ReturnStatement", "Literal", "false", "ReturnStatement", "Literal", "true"], "nodes": {"0": "MethodDeclaration", "1": "Modifier", "2": "public", "3": "Annotation", "4": "Override", "5": "BasicType", "6": "boolean", "7": "equals", "8": "FormalParameter", "9": "ReferenceType", "10": "Object", "11": "obj", "12": "IfStatement", "13": "BinaryOperation", "14": "==", "15": "This", "16": "MemberReference", "17": "obj", "18": "ReturnStatement", "19": "Literal", "20": "true", "21": "IfStatement", "22": "BinaryOperation", "23": "==", "24": "MemberReference", "25": "obj", "26": "Literal", "27": "null", "28": "ReturnStatement", "29": "Literal", "30": "false", "31": "IfStatement", "32": "BinaryOperation", "33": "!=", "34": "MethodInvocation", "35": "getClass", "36": "MethodInvocation", "37": "obj", "38": "getClass", "39": "ReturnStatement", "40": "Literal", "41": "false", "42": "LocalVariableDeclaration", "43": "ReferenceType", "44": "FullyQualifiedRow", "45": "VariableDeclarator", "46": "other", "47": "Cast", "48": "ReferenceType", "49": "FullyQualifiedRow", "50": "MemberReference", "51": "obj", "52": "IfStatement", "53": "MethodInvocation", "54": "!", "55": "Arrays", "56": "MemberReference", "57": "family", "58": "MemberReference", "59": "other", "60": "family", "61": "equals", "62": "ReturnStatement", "63": "Literal", "64": "false", "65": "IfStatement", "66": "MethodInvocation", "67": "!", "68": "Arrays", "69": "MemberReference", "70": "qualifier", "71": "MemberReference", "72": "other", "73": "qualifier", "74": "equals", "75": "ReturnStatement", "76": "Literal", "77": "false", "78": "IfStatement", "79": "MethodInvocation", "80": "!", "81": "Arrays", "82": "MemberReference", "83": "rowKey", "84": "MemberReference", "85": "other", "86": "rowKey", "87": "equals", "88": "ReturnStatement", "89": "Literal", "90": "false", "91": "IfStatement", "92": "MethodInvocation", "93": "!", "94": "Arrays", "95": "MemberReference", "96": "table", "97": "MemberReference", "98": "other", "99": "table", "100": "equals", "101": "ReturnStatement", "102": "Literal", "103": "false", "104": "ReturnStatement", "105": "Literal", "106": "true"}, "edges": {"0->1": 0, "1->0": 0, "1->2": 0, "2->1": 0, "0->3": 0, "3->0": 0, "3->4": 0, "4->3": 0, "0->5": 0, "5->0": 0, "5->6": 0, "6->5": 0, "0->7": 0, "7->0": 0, "0->8": 0, "8->0": 0, "8->9": 0, "9->8": 0, "9->10": 0, "10->9": 0, "8->11": 0, "11->8": 0, "0->12": 0, "12->0": 0, "12->13": 0, "13->12": 0, "13->14": 0, "14->13": 0, "13->15": 0, "15->13": 0, "13->16": 0, "16->13": 0, "16->17": 0, "17->16": 0, "12->18": 0, "18->12": 0, "18->19": 0, "19->18": 0, "19->20": 0, "20->19": 0, "0->21": 0, "21->0": 0, "21->22": 0, "22->21": 0, "22->23": 0, "23->22": 0, "22->24": 0, "24->22": 0, "24->25": 0, "25->24": 0, "22->26": 0, "26->22": 0, "26->27": 0, "27->26": 0, "21->28": 0, "28->21": 0, "28->29": 0, "29->28": 0, "29->30": 0, "30->29": 0, "0->31": 0, "31->0": 0, "31->32": 0, "32->31": 0, "32->33": 0, "33->32": 0, "32->34": 0, "34->32": 0, "34->35": 0, "35->34": 0, "32->36": 0, "36->32": 0, "36->37": 0, "37->36": 0, "36->38": 0, "38->36": 0, "31->39": 0, "39->31": 0, "39->40": 0, "40->39": 0, "40->41": 0, "41->40": 0, "0->42": 0, "42->0": 0, "42->43": 0, "43->42": 0, "43->44": 0, "44->43": 0, "42->45": 0, "45->42": 0, "45->46": 0, "46->45": 0, "45->47": 0, "47->45": 0, "47->48": 0, "48->47": 0, "48->49": 0, "49->48": 0, "47->50": 0, "50->47": 0, "50->51": 0, "51->50": 0, "0->52": 0, "52->0": 0, "52->53": 0, "53->52": 0, "53->54": 0, "54->53": 0, "53->55": 0, "55->53": 0, "53->56": 0, "56->53": 0, "56->57": 0, "57->56": 0, "53->58": 0, "58->53": 0, "58->59": 0, "59->58": 0, "58->60": 0, "60->58": 0, "53->61": 0, "61->53": 0, "52->62": 0, "62->52": 0, "62->63": 0, "63->62": 0, "63->64": 0, "64->63": 0, "0->65": 0, "65->0": 0, "65->66": 0, "66->65": 0, "66->67": 0, "67->66": 0, "66->68": 0, "68->66": 0, "66->69": 0, "69->66": 0, "69->70": 0, "70->69": 0, "66->71": 0, "71->66": 0, "71->72": 0, "72->71": 0, "71->73": 0, "73->71": 0, "66->74": 0, "74->66": 0, "65->75": 0, "75->65": 0, "75->76": 0, "76->75": 0, "76->77": 0, "77->76": 0, "0->78": 0, "78->0": 0, "78->79": 0, "79->78": 0, "79->80": 0, "80->79": 0, "79->81": 0, "81->79": 0, "79->82": 0, "82->79": 0, "82->83": 0, "83->82": 0, "79->84": 0, "84->79": 0, "84->85": 0, "85->84": 0, "84->86": 0, "86->84": 0, "79->87": 0, "87->79": 0, "78->88": 0, "88->78": 0, "88->89": 0, "89->88": 0, "89->90": 0, "90->89": 0, "0->91": 0, "91->0": 0, "91->92": 0, "92->91": 0, "92->93": 0, "93->92": 0, "92->94": 0, "94->92": 0, "92->95": 0, "95->92": 0, "95->96": 0, "96->95": 0, "92->97": 0, "97->92": 0, "97->98": 0, "98->97": 0, "97->99": 0, "99->97": 0, "92->100": 0, "100->92": 0, "91->101": 0, "101->91": 0, "101->102": 0, "102->101": 0, "102->103": 0, "103->102": 0, "0->104": 0, "104->0": 0, "104->105": 0, "105->104": 0, "105->106": 0, "106->105": 0, "1->3": 1, "3->1": 12, "3->5": 1, "5->3": 12, "5->7": 1, "7->5": 12, "7->8": 1, "8->7": 12, "8->12": 1, "12->8": 12, "12->21": 1, "21->12": 12, "21->31": 1, "31->21": 12, "31->42": 1, "42->31": 12, "42->52": 1, "52->42": 12, "52->65": 1, "65->52": 12, "65->78": 1, "78->65": 12, "78->91": 1, "91->78": 12, "91->104": 1, "104->91": 12, "9->11": 1, "11->9": 12, "13->18": 6, "18->13": 6, "14->15": 2, "15->14": 3, "15->16": 1, "16->15": 12, "22->28": 6, "28->22": 6, "23->24": 1, "24->23": 12, "24->26": 1, "26->24": 12, "32->39": 6, "39->32": 6, "33->34": 1, "34->33": 12, "34->36": 1, "36->34": 12, "37->38": 2, "38->37": 3, "43->45": 1, "45->43": 12, "46->47": 1, "47->46": 12, "48->50": 1, "50->48": 12, "53->62": 6, "62->53": 6, "54->55": 2, "55->54": 3, "55->56": 1, "56->55": 12, "56->58": 1, "58->56": 12, "58->61": 1, "61->58": 12, "59->60": 2, "60->59": 3, "66->75": 6, "75->66": 6, "67->68": 2, "68->67": 3, "68->69": 1, "69->68": 12, "69->71": 1, "71->69": 12, "71->74": 1, "74->71": 12, "72->73": 2, "73->72": 3, "79->88": 6, "88->79": 6, "80->81": 2, "81->80": 3, "81->82": 1, "82->81": 12, "82->84": 1, "84->82": 12, "84->87": 1, "87->84": 12, "85->86": 2, "86->85": 3, "92->101": 6, "101->92": 6, "93->94": 2, "94->93": 3, "94->95": 1, "95->94": 12, "95->97": 1, "97->95": 12, "97->100": 1, "100->97": 12, "98->99": 2, "99->98": 3, "2->4": 2, "4->2": 3, "4->6": 2, "6->4": 3, "6->7": 2, "7->6": 3, "7->10": 2, "10->7": 3, "10->11": 2, "11->10": 3, "11->14": 2, "14->11": 3, "15->17": 2, "17->15": 3, "17->20": 2, "20->17": 3, "20->23": 2, "23->20": 3, "23->25": 2, "25->23": 3, "25->27": 2, "27->25": 3, "27->30": 2, "30->27": 3, "30->33": 2, "33->30": 3, "33->35": 2, "35->33": 3, "35->37": 2, "37->35": 3, "38->41": 2, "41->38": 3, "41->44": 2, "44->41": 3, "44->46": 2, "46->44": 3, "46->49": 2, "49->46": 3, "49->51": 2, "51->49": 3, "51->54": 2, "54->51": 3, "55->57": 2, "57->55": 3, "57->59": 2, "59->57": 3, "60->61": 2, "61->60": 3, "61->64": 2, "64->61": 3, "64->67": 2, "67->64": 3, "68->70": 2, "70->68": 3, "70->72": 2, "72->70": 3, "73->74": 2, "74->73": 3, "74->77": 2, "77->74": 3, "77->80": 2, "80->77": 3, "81->83": 2, "83->81": 3, "83->85": 2, "85->83": 3, "86->87": 2, "87->86": 3, "87->90": 2, "90->87": 3, "90->93": 2, "93->90": 3, "94->96": 2, "96->94": 3, "96->98": 2, "98->96": 3, "99->100": 2, "100->99": 3, "100->103": 2, "103->100": 3, "103->106": 2, "106->103": 3, "17->25": 4, "25->17": 5, "25->51": 4, "51->25": 5, "57->60": 4, "60->57": 5, "70->73": 4, "73->70": 5, "83->86": 4, "86->83": 5, "96->99": 4, "99->96": 5}, "metrics": [11.0, 8.0, 1.0]}