{"nodelist": ["MethodDeclaration", "{'public'}", "public", "closeAfterLeasesExpire", "StatementExpression", "Assignment", "This", "MemberReference", "stopRequested", "Literal", "true", "="], "nodes": {"0": "MethodDeclaration", "1": "Modifier", "2": "public", "3": "closeAfterLeasesExpire", "4": "StatementExpression", "5": "Assignment", "6": "This", "7": "MemberReference", "8": "stopRequested", "9": "Literal", "10": "true", "11": "="}, "edges": {"0->1": 0, "1->0": 0, "1->2": 0, "2->1": 0, "0->3": 0, "3->0": 0, "0->4": 0, "4->0": 0, "4->5": 0, "5->4": 0, "5->6": 0, "6->5": 0, "6->7": 0, "7->6": 0, "7->8": 0, "8->7": 0, "5->9": 0, "9->5": 0, "9->10": 0, "10->9": 0, "5->11": 0, "11->5": 0, "1->3": 1, "3->1": 12, "3->4": 1, "4->3": 12, "6->9": 1, "9->6": 12, "9->11": 1, "11->9": 12, "2->3": 2, "3->2": 3, "3->8": 2, "8->3": 3, "8->10": 2, "10->8": 3, "10->11": 2, "11->10": 3}, "metrics": [3.0, 1.0, 0.0]}