{"nodelist": ["MethodDeclaration", "{'public'}", "public", "ReferenceType", "org", "ReferenceType", "apache", "ReferenceType", "thrift", "ReferenceType", "async", "ReferenceType", "AsyncMethodCallback", "TypeArgument", "ReferenceType", "Void", "getResultHandler", "FormalParameter", "{'final'}", "final", "ReferenceType", "org", "ReferenceType", "apache", "ReferenceType", "thrift", "ReferenceType", "server", "ReferenceType", "AbstractNonblockingServer", "ReferenceType", "AsyncFrameBuffer", "fb", "FormalParameter", "{'final'}", "final", "BasicType", "int", "seqid", "LocalVariableDeclaration", "{'final'}", "final", "ReferenceType", "org", "ReferenceType", "apache", "ReferenceType", "thrift", "ReferenceType", "AsyncProcessFunction", "VariableDeclarator", "fcall", "This", "ReturnStatement", "ClassCreator", "ReferenceType", "org", "ReferenceType", "apache", "ReferenceType", "thrift", "ReferenceType", "async", "ReferenceType", "AsyncMethodCallback", "TypeArgument", "ReferenceType", "Void", "MethodDeclaration", "{'public'}", "public", "onComplete", "FormalParameter", "ReferenceType", "Void", "o", "LocalVariableDeclaration", "ReferenceType", "mutateRowTs_result", "VariableDeclarator", "result", "ClassCreator", "ReferenceType", "mutateRowTs_result", "TryStatement", "StatementExpression", "MethodInvocation", "fcall", "MemberReference", "fb", "MemberReference", "result", "MemberReference", "org.apache.thrift.protocol.TMessageType", "REPLY", "MemberReference", "seqid", "sendResponse", "CatchClause", "CatchClauseParameter", "org.apache.thrift.transport.TTransportException", "e", "StatementExpression", "MethodInvocation", "_LOGGER", "Literal", "\"TTransportException writing to internal frame buffer\"", "MemberReference", "e", "error", "StatementExpression", "MethodInvocation", "fb", "close", "CatchClause", "CatchClauseParameter", "java.lang.Exception", "e", "StatementExpression", "MethodInvocation", "_LOGGER", "Literal", "\"Exception writing to internal frame buffer\"", "MemberReference", "e", "error", "StatementExpression", "MethodInvocation", "MemberReference", "e", "onError", "MethodDeclaration", "{'public'}", "public", "onError", "FormalParameter", "ReferenceType", "java", "ReferenceType", "lang", "ReferenceType", "Exception", "e", "LocalVariableDeclaration", "BasicType", "byte", "VariableDeclarator", "msgType", "MemberReference", "org.apache.thrift.protocol.TMessageType", "REPLY", "LocalVariableDeclaration", "ReferenceType", "org", "ReferenceType", "apache", "ReferenceType", "thrift", "ReferenceType", "TSerializable", "VariableDeclarator", "msg", "LocalVariableDeclaration", "ReferenceType", "mutateRowTs_result", "VariableDeclarator", "result", "ClassCreator", "ReferenceType", "mutateRowTs_result", "IfStatement", "BinaryOperation", "instanceof", "MemberReference", "e", "ReferenceType", "IOError", "BlockStatement", "StatementExpression", "Assignment", "MemberReference", "result", "io", "Cast", "ReferenceType", "IOError", "MemberReference", "e", "=", "StatementExpression", "MethodInvocation", "result", "Literal", "true", "setIoIsSet", "StatementExpression", "Assignment", "MemberReference", "msg", "MemberReference", "result", "=", "IfStatement", "BinaryOperation", "instanceof", "MemberReference", "e", "ReferenceType", "IllegalArgument", "BlockStatement", "StatementExpression", "Assignment", "MemberReference", "result", "ia", "Cast", "ReferenceType", "IllegalArgument", "MemberReference", "e", "=", "StatementExpression", "MethodInvocation", "result", "Literal", "true", "setIaIsSet", "StatementExpression", "Assignment", "MemberReference", "msg", "MemberReference", "result", "=", "IfStatement", "BinaryOperation", "instanceof", "MemberReference", "e", "ReferenceType", "org", "ReferenceType", "apache", "ReferenceType", "thrift", "ReferenceType", "transport", "ReferenceType", "TTransportException", "BlockStatement", "StatementExpression", "MethodInvocation", "_LOGGER", "Literal", "\"TTransportException inside handler\"", "MemberReference", "e", "error", "StatementExpression", "MethodInvocation", "fb", "close", "ReturnStatement", "IfStatement", "BinaryOperation", "instanceof", "MemberReference", "e", "ReferenceType", "org", "ReferenceType", "apache", "ReferenceType", "thrift", "ReferenceType", "TApplicationException", "BlockStatement", "StatementExpression", "MethodInvocation", "_LOGGER", "Literal", "\"TApplicationException inside handler\"", "MemberReference", "e", "error", "StatementExpression", "Assignment", "MemberReference", "msgType", "MemberReference", "org.apache.thrift.protocol.TMessageType", "EXCEPTION", "=", "StatementExpression", "Assignment", "MemberReference", "msg", "Cast", "ReferenceType", "org", "ReferenceType", "apache", "ReferenceType", "thrift", "ReferenceType", "TApplicationException", "MemberReference", "e", "=", "BlockStatement", "StatementExpression", "MethodInvocation", "_LOGGER", "Literal", "\"Exception inside handler\"", "MemberReference", "e", "error", "StatementExpression", "Assignment", "MemberReference", "msgType", "MemberReference", "org.apache.thrift.protocol.TMessageType", "EXCEPTION", "=", "StatementExpression", "Assignment", "MemberReference", "msg", "ClassCreator", "ReferenceType", "org", "ReferenceType", "apache", "ReferenceType", "thrift", "ReferenceType", "TApplicationException", "MemberReference", "org.apache.thrift.TApplicationException", "INTERNAL_ERROR", "MethodInvocation", "e", "getMessage", "=", "TryStatement", "StatementExpression", "MethodInvocation", "fcall", "MemberReference", "fb", "MemberReference", "msg", "MemberReference", "msgType", "MemberReference", "seqid", "sendResponse", "CatchClause", "CatchClauseParameter", "java.lang.Exception", "ex", "StatementExpression", "MethodInvocation", "_LOGGER", "Literal", "\"Exception writing to internal frame buffer\"", "MemberReference", "ex", "error", "StatementExpression", "MethodInvocation", "fb", "close"], "nodes": {"0": "MethodDeclaration", "1": "Modifier", "2": "public", "3": "ReferenceType", "4": "org", "5": "ReferenceType", "6": "apache", "7": "ReferenceType", "8": "thrift", "9": "ReferenceType", "10": "async", "11": "ReferenceType", "12": "AsyncMethodCallback", "13": "TypeArgument", "14": "ReferenceType", "15": "Void", "16": "getResultHandler", "17": "FormalParameter", "18": "Modifier", "19": "final", "20": "ReferenceType", "21": "org", "22": "ReferenceType", "23": "apache", "24": "ReferenceType", "25": "thrift", "26": "ReferenceType", "27": "server", "28": "ReferenceType", "29": "AbstractNonblockingServer", "30": "ReferenceType", "31": "AsyncFrameBuffer", "32": "fb", "33": "FormalParameter", "34": "Modifier", "35": "final", "36": "BasicType", "37": "int", "38": "seqid", "39": "LocalVariableDeclaration", "40": "Modifier", "41": "final", "42": "ReferenceType", "43": "org", "44": "ReferenceType", "45": "apache", "46": "ReferenceType", "47": "thrift", "48": "ReferenceType", "49": "AsyncProcessFunction", "50": "VariableDeclarator", "51": "fcall", "52": "This", "53": "ReturnStatement", "54": "ClassCreator", "55": "ReferenceType", "56": "org", "57": "ReferenceType", "58": "apache", "59": "ReferenceType", "60": "thrift", "61": "ReferenceType", "62": "async", "63": "ReferenceType", "64": "AsyncMethodCallback", "65": "TypeArgument", "66": "ReferenceType", "67": "Void", "68": "MethodDeclaration", "69": "Modifier", "70": "public", "71": "onComplete", "72": "FormalParameter", "73": "ReferenceType", "74": "Void", "75": "o", "76": "LocalVariableDeclaration", "77": "ReferenceType", "78": "mutateRowTs_result", "79": "VariableDeclarator", "80": "result", "81": "ClassCreator", "82": "ReferenceType", "83": "mutateRowTs_result", "84": "TryStatement", "85": "StatementExpression", "86": "MethodInvocation", "87": "fcall", "88": "MemberReference", "89": "fb", "90": "MemberReference", "91": "result", "92": "MemberReference", "93": "org.apache.thrift.protocol.TMessageType", "94": "REPLY", "95": "MemberReference", "96": "seqid", "97": "sendResponse", "98": "CatchClause", "99": "CatchClauseParameter", "100": "org.apache.thrift.transport.TTransportException", "101": "e", "102": "StatementExpression", "103": "MethodInvocation", "104": "_LOGGER", "105": "Literal", "106": "\"TTransportException writing to internal frame buffer\"", "107": "MemberReference", "108": "e", "109": "error", "110": "StatementExpression", "111": "MethodInvocation", "112": "fb", "113": "close", "114": "CatchClause", "115": "CatchClauseParameter", "116": "java.lang.Exception", "117": "e", "118": "StatementExpression", "119": "MethodInvocation", "120": "_LOGGER", "121": "Literal", "122": "\"Exception writing to internal frame buffer\"", "123": "MemberReference", "124": "e", "125": "error", "126": "StatementExpression", "127": "MethodInvocation", "128": "MemberReference", "129": "e", "130": "onError", "131": "MethodDeclaration", "132": "Modifier", "133": "public", "134": "onError", "135": "FormalParameter", "136": "ReferenceType", "137": "java", "138": "ReferenceType", "139": "lang", "140": "ReferenceType", "141": "Exception", "142": "e", "143": "LocalVariableDeclaration", "144": "BasicType", "145": "byte", "146": "VariableDeclarator", "147": "msgType", "148": "MemberReference", "149": "org.apache.thrift.protocol.TMessageType", "150": "REPLY", "151": "LocalVariableDeclaration", "152": "ReferenceType", "153": "org", "154": "ReferenceType", "155": "apache", "156": "ReferenceType", "157": "thrift", "158": "ReferenceType", "159": "TSerializable", "160": "VariableDeclarator", "161": "msg", "162": "LocalVariableDeclaration", "163": "ReferenceType", "164": "mutateRowTs_result", "165": "VariableDeclarator", "166": "result", "167": "ClassCreator", "168": "ReferenceType", "169": "mutateRowTs_result", "170": "IfStatement", "171": "BinaryOperation", "172": "instanceof", "173": "MemberReference", "174": "e", "175": "ReferenceType", "176": "IOError", "177": "BlockStatement", "178": "StatementExpression", "179": "Assignment", "180": "MemberReference", "181": "result", "182": "io", "183": "Cast", "184": "ReferenceType", "185": "IOError", "186": "MemberReference", "187": "e", "188": "=", "189": "StatementExpression", "190": "MethodInvocation", "191": "result", "192": "Literal", "193": "true", "194": "setIoIsSet", "195": "StatementExpression", "196": "Assignment", "197": "MemberReference", "198": "msg", "199": "MemberReference", "200": "result", "201": "=", "202": "IfStatement", "203": "BinaryOperation", "204": "instanceof", "205": "MemberReference", "206": "e", "207": "ReferenceType", "208": "IllegalArgument", "209": "BlockStatement", "210": "StatementExpression", "211": "Assignment", "212": "MemberReference", "213": "result", "214": "ia", "215": "Cast", "216": "ReferenceType", "217": "IllegalArgument", "218": "MemberReference", "219": "e", "220": "=", "221": "StatementExpression", "222": "MethodInvocation", "223": "result", "224": "Literal", "225": "true", "226": "setIaIsSet", "227": "StatementExpression", "228": "Assignment", "229": "MemberReference", "230": "msg", "231": "MemberReference", "232": "result", "233": "=", "234": "IfStatement", "235": "BinaryOperation", "236": "instanceof", "237": "MemberReference", "238": "e", "239": "ReferenceType", "240": "org", "241": "ReferenceType", "242": "apache", "243": "ReferenceType", "244": "thrift", "245": "ReferenceType", "246": "transport", "247": "ReferenceType", "248": "TTransportException", "249": "BlockStatement", "250": "StatementExpression", "251": "MethodInvocation", "252": "_LOGGER", "253": "Literal", "254": "\"TTransportException inside handler\"", "255": "MemberReference", "256": "e", "257": "error", "258": "StatementExpression", "259": "MethodInvocation", "260": "fb", "261": "close", "262": "ReturnStatement", "263": "IfStatement", "264": "BinaryOperation", "265": "instanceof", "266": "MemberReference", "267": "e", "268": "ReferenceType", "269": "org", "270": "ReferenceType", "271": "apache", "272": "ReferenceType", "273": "thrift", "274": "ReferenceType", "275": "TApplicationException", "276": "BlockStatement", "277": "StatementExpression", "278": "MethodInvocation", "279": "_LOGGER", "280": "Literal", "281": "\"TApplicationException inside handler\"", "282": "MemberReference", "283": "e", "284": "error", "285": "StatementExpression", "286": "Assignment", "287": "MemberReference", "288": "msgType", "289": "MemberReference", "290": "org.apache.thrift.protocol.TMessageType", "291": "EXCEPTION", "292": "=", "293": "StatementExpression", "294": "Assignment", "295": "MemberReference", "296": "msg", "297": "Cast", "298": "ReferenceType", "299": "org", "300": "ReferenceType", "301": "apache", "302": "ReferenceType", "303": "thrift", "304": "ReferenceType", "305": "TApplicationException", "306": "MemberReference", "307": "e", "308": "=", "309": "BlockStatement", "310": "StatementExpression", "311": "MethodInvocation", "312": "_LOGGER", "313": "Literal", "314": "\"Exception inside handler\"", "315": "MemberReference", "316": "e", "317": "error", "318": "StatementExpression", "319": "Assignment", "320": "MemberReference", "321": "msgType", "322": "MemberReference", "323": "org.apache.thrift.protocol.TMessageType", "324": "EXCEPTION", "325": "=", "326": "StatementExpression", "327": "Assignment", "328": "MemberReference", "329": "msg", "330": "ClassCreator", "331": "ReferenceType", "332": "org", "333": "ReferenceType", "334": "apache", "335": "ReferenceType", "336": "thrift", "337": "ReferenceType", "338": "TApplicationException", "339": "MemberReference", "340": "org.apache.thrift.TApplicationException", "341": "INTERNAL_ERROR", "342": "MethodInvocation", "343": "e", "344": "getMessage", "345": "=", "346": "TryStatement", "347": "StatementExpression", "348": "MethodInvocation", "349": "fcall", "350": "MemberReference", "351": "fb", "352": "MemberReference", "353": "msg", "354": "MemberReference", "355": "msgType", "356": "MemberReference", "357": "seqid", "358": "sendResponse", "359": "CatchClause", "360": "CatchClauseParameter", "361": "java.lang.Exception", "362": "ex", "363": "StatementExpression", "364": "MethodInvocation", "365": "_LOGGER", "366": "Literal", "367": "\"Exception writing to internal frame buffer\"", "368": "MemberReference", "369": "ex", "370": "error", "371": "StatementExpression", "372": "MethodInvocation", "373": "fb", "374": "close"}, "edges": {"0->1": 0, "1->0": 0, "1->2": 0, "2->1": 0, "0->3": 0, "3->0": 0, "3->4": 0, "4->3": 0, "3->5": 0, "5->3": 0, "5->6": 0, "6->5": 0, "5->7": 0, "7->5": 0, "7->8": 0, "8->7": 0, "7->9": 0, "9->7": 0, "9->10": 0, "10->9": 0, "9->11": 0, "11->9": 0, "11->12": 0, "12->11": 0, "11->13": 0, "13->11": 0, "13->14": 0, "14->13": 0, "14->15": 0, "15->14": 0, "0->16": 0, "16->0": 0, "0->17": 0, "17->0": 0, "17->18": 0, "18->17": 0, "18->19": 0, "19->18": 0, "17->20": 0, "20->17": 0, "20->21": 0, "21->20": 0, "20->22": 0, "22->20": 0, "22->23": 0, "23->22": 0, "22->24": 0, "24->22": 0, "24->25": 0, "25->24": 0, "24->26": 0, "26->24": 0, "26->27": 0, "27->26": 0, "26->28": 0, "28->26": 0, "28->29": 0, "29->28": 0, "28->30": 0, "30->28": 0, "30->31": 0, "31->30": 0, "17->32": 0, "32->17": 0, "0->33": 0, "33->0": 0, "33->34": 0, "34->33": 0, "34->35": 0, "35->34": 0, "33->36": 0, "36->33": 0, "36->37": 0, "37->36": 0, "33->38": 0, "38->33": 0, "0->39": 0, "39->0": 0, "39->40": 0, "40->39": 0, "40->41": 0, "41->40": 0, "39->42": 0, "42->39": 0, "42->43": 0, "43->42": 0, "42->44": 0, "44->42": 0, "44->45": 0, "45->44": 0, "44->46": 0, "46->44": 0, "46->47": 0, "47->46": 0, "46->48": 0, "48->46": 0, "48->49": 0, "49->48": 0, "39->50": 0, "50->39": 0, "50->51": 0, "51->50": 0, "50->52": 0, "52->50": 0, "0->53": 0, "53->0": 0, "53->54": 0, "54->53": 0, "54->55": 0, "55->54": 0, "55->56": 0, "56->55": 0, "55->57": 0, "57->55": 0, "57->58": 0, "58->57": 0, "57->59": 0, "59->57": 0, "59->60": 0, "60->59": 0, "59->61": 0, "61->59": 0, "61->62": 0, "62->61": 0, "61->63": 0, "63->61": 0, "63->64": 0, "64->63": 0, "63->65": 0, "65->63": 0, "65->66": 0, "66->65": 0, "66->67": 0, "67->66": 0, "54->68": 0, "68->54": 0, "68->69": 0, "69->68": 0, "69->70": 0, "70->69": 0, "68->71": 0, "71->68": 0, "68->72": 0, "72->68": 0, "72->73": 0, "73->72": 0, "73->74": 0, "74->73": 0, "72->75": 0, "75->72": 0, "68->76": 0, "76->68": 0, "76->77": 0, "77->76": 0, "77->78": 0, "78->77": 0, "76->79": 0, "79->76": 0, "79->80": 0, "80->79": 0, "79->81": 0, "81->79": 0, "81->82": 0, "82->81": 0, "82->83": 0, "83->82": 0, "68->84": 0, "84->68": 0, "84->85": 0, "85->84": 0, "85->86": 0, "86->85": 0, "86->87": 0, "87->86": 0, "86->88": 0, "88->86": 0, "88->89": 0, "89->88": 0, "86->90": 0, "90->86": 0, "90->91": 0, "91->90": 0, "86->92": 0, "92->86": 0, "92->93": 0, "93->92": 0, "92->94": 0, "94->92": 0, "86->95": 0, "95->86": 0, "95->96": 0, "96->95": 0, "86->97": 0, "97->86": 0, "84->98": 0, "98->84": 0, "98->99": 0, "99->98": 0, "99->100": 0, "100->99": 0, "99->101": 0, "101->99": 0, "98->102": 0, "102->98": 0, "102->103": 0, "103->102": 0, "103->104": 0, "104->103": 0, "103->105": 0, "105->103": 0, "105->106": 0, "106->105": 0, "103->107": 0, "107->103": 0, "107->108": 0, "108->107": 0, "103->109": 0, "109->103": 0, "98->110": 0, "110->98": 0, "110->111": 0, "111->110": 0, "111->112": 0, "112->111": 0, "111->113": 0, "113->111": 0, "84->114": 0, "114->84": 0, "114->115": 0, "115->114": 0, "115->116": 0, "116->115": 0, "115->117": 0, "117->115": 0, "114->118": 0, "118->114": 0, "118->119": 0, "119->118": 0, "119->120": 0, "120->119": 0, "119->121": 0, "121->119": 0, "121->122": 0, "122->121": 0, "119->123": 0, "123->119": 0, "123->124": 0, "124->123": 0, "119->125": 0, "125->119": 0, "114->126": 0, "126->114": 0, "126->127": 0, "127->126": 0, "127->128": 0, "128->127": 0, "128->129": 0, "129->128": 0, "127->130": 0, "130->127": 0, "54->131": 0, "131->54": 0, "131->132": 0, "132->131": 0, "132->133": 0, "133->132": 0, "131->134": 0, "134->131": 0, "131->135": 0, "135->131": 0, "135->136": 0, "136->135": 0, "136->137": 0, "137->136": 0, "136->138": 0, "138->136": 0, "138->139": 0, "139->138": 0, "138->140": 0, "140->138": 0, "140->141": 0, "141->140": 0, "135->142": 0, "142->135": 0, "131->143": 0, "143->131": 0, "143->144": 0, "144->143": 0, "144->145": 0, "145->144": 0, "143->146": 0, "146->143": 0, "146->147": 0, "147->146": 0, "146->148": 0, "148->146": 0, "148->149": 0, "149->148": 0, "148->150": 0, "150->148": 0, "131->151": 0, "151->131": 0, "151->152": 0, "152->151": 0, "152->153": 0, "153->152": 0, "152->154": 0, "154->152": 0, "154->155": 0, "155->154": 0, "154->156": 0, "156->154": 0, "156->157": 0, "157->156": 0, "156->158": 0, "158->156": 0, "158->159": 0, "159->158": 0, "151->160": 0, "160->151": 0, "160->161": 0, "161->160": 0, "131->162": 0, "162->131": 0, "162->163": 0, "163->162": 0, "163->164": 0, "164->163": 0, "162->165": 0, "165->162": 0, "165->166": 0, "166->165": 0, "165->167": 0, "167->165": 0, "167->168": 0, "168->167": 0, "168->169": 0, "169->168": 0, "131->170": 0, "170->131": 0, "170->171": 0, "171->170": 0, "171->172": 0, "172->171": 0, "171->173": 0, "173->171": 0, "173->174": 0, "174->173": 0, "171->175": 0, "175->171": 0, "175->176": 0, "176->175": 0, "170->177": 0, "177->170": 0, "177->178": 0, "178->177": 0, "178->179": 0, "179->178": 0, "179->180": 0, "180->179": 0, "180->181": 0, "181->180": 0, "180->182": 0, "182->180": 0, "179->183": 0, "183->179": 0, "183->184": 0, "184->183": 0, "184->185": 0, "185->184": 0, "183->186": 0, "186->183": 0, "186->187": 0, "187->186": 0, "179->188": 0, "188->179": 0, "177->189": 0, "189->177": 0, "189->190": 0, "190->189": 0, "190->191": 0, "191->190": 0, "190->192": 0, "192->190": 0, "192->193": 0, "193->192": 0, "190->194": 0, "194->190": 0, "177->195": 0, "195->177": 0, "195->196": 0, "196->195": 0, "196->197": 0, "197->196": 0, "197->198": 0, "198->197": 0, "196->199": 0, "199->196": 0, "199->200": 0, "200->199": 0, "196->201": 0, "201->196": 0, "170->202": 0, "202->170": 0, "202->203": 0, "203->202": 0, "203->204": 0, "204->203": 0, "203->205": 0, "205->203": 0, "205->206": 0, "206->205": 0, "203->207": 0, "207->203": 0, "207->208": 0, "208->207": 0, "202->209": 0, "209->202": 0, "209->210": 0, "210->209": 0, "210->211": 0, "211->210": 0, "211->212": 0, "212->211": 0, "212->213": 0, "213->212": 0, "212->214": 0, "214->212": 0, "211->215": 0, "215->211": 0, "215->216": 0, "216->215": 0, "216->217": 0, "217->216": 0, "215->218": 0, "218->215": 0, "218->219": 0, "219->218": 0, "211->220": 0, "220->211": 0, "209->221": 0, "221->209": 0, "221->222": 0, "222->221": 0, "222->223": 0, "223->222": 0, "222->224": 0, "224->222": 0, "224->225": 0, "225->224": 0, "222->226": 0, "226->222": 0, "209->227": 0, "227->209": 0, "227->228": 0, "228->227": 0, "228->229": 0, "229->228": 0, "229->230": 0, "230->229": 0, "228->231": 0, "231->228": 0, "231->232": 0, "232->231": 0, "228->233": 0, "233->228": 0, "202->234": 0, "234->202": 0, "234->235": 0, "235->234": 0, "235->236": 0, "236->235": 0, "235->237": 0, "237->235": 0, "237->238": 0, "238->237": 0, "235->239": 0, "239->235": 0, "239->240": 0, "240->239": 0, "239->241": 0, "241->239": 0, "241->242": 0, "242->241": 0, "241->243": 0, "243->241": 0, "243->244": 0, "244->243": 0, "243->245": 0, "245->243": 0, "245->246": 0, "246->245": 0, "245->247": 0, "247->245": 0, "247->248": 0, "248->247": 0, "234->249": 0, "249->234": 0, "249->250": 0, "250->249": 0, "250->251": 0, "251->250": 0, "251->252": 0, "252->251": 0, "251->253": 0, "253->251": 0, "253->254": 0, "254->253": 0, "251->255": 0, "255->251": 0, "255->256": 0, "256->255": 0, "251->257": 0, "257->251": 0, "249->258": 0, "258->249": 0, "258->259": 0, "259->258": 0, "259->260": 0, "260->259": 0, "259->261": 0, "261->259": 0, "249->262": 0, "262->249": 0, "234->263": 0, "263->234": 0, "263->264": 0, "264->263": 0, "264->265": 0, "265->264": 0, "264->266": 0, "266->264": 0, "266->267": 0, "267->266": 0, "264->268": 0, "268->264": 0, "268->269": 0, "269->268": 0, "268->270": 0, "270->268": 0, "270->271": 0, "271->270": 0, "270->272": 0, "272->270": 0, "272->273": 0, "273->272": 0, "272->274": 0, "274->272": 0, "274->275": 0, "275->274": 0, "263->276": 0, "276->263": 0, "276->277": 0, "277->276": 0, "277->278": 0, "278->277": 0, "278->279": 0, "279->278": 0, "278->280": 0, "280->278": 0, "280->281": 0, "281->280": 0, "278->282": 0, "282->278": 0, "282->283": 0, "283->282": 0, "278->284": 0, "284->278": 0, "276->285": 0, "285->276": 0, "285->286": 0, "286->285": 0, "286->287": 0, "287->286": 0, "287->288": 0, "288->287": 0, "286->289": 0, "289->286": 0, "289->290": 0, "290->289": 0, "289->291": 0, "291->289": 0, "286->292": 0, "292->286": 0, "276->293": 0, "293->276": 0, "293->294": 0, "294->293": 0, "294->295": 0, "295->294": 0, "295->296": 0, "296->295": 0, "294->297": 0, "297->294": 0, "297->298": 0, "298->297": 0, "298->299": 0, "299->298": 0, "298->300": 0, "300->298": 0, "300->301": 0, "301->300": 0, "300->302": 0, "302->300": 0, "302->303": 0, "303->302": 0, "302->304": 0, "304->302": 0, "304->305": 0, "305->304": 0, "297->306": 0, "306->297": 0, "306->307": 0, "307->306": 0, "294->308": 0, "308->294": 0, "263->309": 0, "309->263": 0, "309->310": 0, "310->309": 0, "310->311": 0, "311->310": 0, "311->312": 0, "312->311": 0, "311->313": 0, "313->311": 0, "313->314": 0, "314->313": 0, "311->315": 0, "315->311": 0, "315->316": 0, "316->315": 0, "311->317": 0, "317->311": 0, "309->318": 0, "318->309": 0, "318->319": 0, "319->318": 0, "319->320": 0, "320->319": 0, "320->321": 0, "321->320": 0, "319->322": 0, "322->319": 0, "322->323": 0, "323->322": 0, "322->324": 0, "324->322": 0, "319->325": 0, "325->319": 0, "309->326": 0, "326->309": 0, "326->327": 0, "327->326": 0, "327->328": 0, "328->327": 0, "328->329": 0, "329->328": 0, "327->330": 0, "330->327": 0, "330->331": 0, "331->330": 0, "331->332": 0, "332->331": 0, "331->333": 0, "333->331": 0, "333->334": 0, "334->333": 0, "333->335": 0, "335->333": 0, "335->336": 0, "336->335": 0, "335->337": 0, "337->335": 0, "337->338": 0, "338->337": 0, "330->339": 0, "339->330": 0, "339->340": 0, "340->339": 0, "339->341": 0, "341->339": 0, "330->342": 0, "342->330": 0, "342->343": 0, "343->342": 0, "342->344": 0, "344->342": 0, "327->345": 0, "345->327": 0, "131->346": 0, "346->131": 0, "346->347": 0, "347->346": 0, "347->348": 0, "348->347": 0, "348->349": 0, "349->348": 0, "348->350": 0, "350->348": 0, "350->351": 0, "351->350": 0, "348->352": 0, "352->348": 0, "352->353": 0, "353->352": 0, "348->354": 0, "354->348": 0, "354->355": 0, "355->354": 0, "348->356": 0, "356->348": 0, "356->357": 0, "357->356": 0, "348->358": 0, "358->348": 0, "346->359": 0, "359->346": 0, "359->360": 0, "360->359": 0, "360->361": 0, "361->360": 0, "360->362": 0, "362->360": 0, "359->363": 0, "363->359": 0, "363->364": 0, "364->363": 0, "364->365": 0, "365->364": 0, "364->366": 0, "366->364": 0, "366->367": 0, "367->366": 0, "364->368": 0, "368->364": 0, "368->369": 0, "369->368": 0, "364->370": 0, "370->364": 0, "359->371": 0, "371->359": 0, "371->372": 0, "372->371": 0, "372->373": 0, "373->372": 0, "372->374": 0, "374->372": 0, "1->3": 1, "3->1": 12, "3->16": 1, "16->3": 12, "16->17": 1, "17->16": 12, "17->33": 1, "33->17": 12, "33->39": 1, "39->33": 12, "39->53": 1, "53->39": 12, "4->5": 1, "5->4": 12, "6->7": 1, "7->6": 12, "8->9": 1, "9->8": 12, "10->11": 1, "11->10": 12, "12->13": 1, "13->12": 12, "18->20": 1, "20->18": 12, "20->32": 1, "32->20": 12, "21->22": 1, "22->21": 12, "23->24": 1, "24->23": 12, "25->26": 1, "26->25": 12, "27->28": 1, "28->27": 12, "29->30": 1, "30->29": 12, "34->36": 1, "36->34": 12, "36->38": 1, "38->36": 12, "40->42": 1, "42->40": 12, "42->50": 1, "50->42": 12, "43->44": 1, "44->43": 12, "45->46": 1, "46->45": 12, "47->48": 1, "48->47": 12, "51->52": 2, "52->51": 3, "55->68": 1, "68->55": 12, "68->131": 1, "131->68": 12, "56->57": 1, "57->56": 12, "58->59": 1, "59->58": 12, "60->61": 1, "61->60": 12, "62->63": 1, "63->62": 12, "64->65": 1, "65->64": 12, "69->71": 1, "71->69": 12, "71->72": 1, "72->71": 12, "72->76": 1, "76->72": 12, "76->84": 1, "84->76": 12, "73->75": 1, "75->73": 12, "77->79": 1, "79->77": 12, "80->81": 1, "81->80": 12, "85->98": 1, "98->85": 12, "98->114": 1, "114->98": 12, "87->88": 1, "88->87": 12, "88->90": 1, "90->88": 12, "90->92": 1, "92->90": 12, "92->95": 1, "95->92": 12, "95->97": 1, "97->95": 12, "93->94": 2, "94->93": 3, "99->102": 1, "102->99": 12, "102->110": 1, "110->102": 12, "100->101": 2, "101->100": 3, "104->105": 1, "105->104": 12, "105->107": 1, "107->105": 12, "107->109": 1, "109->107": 12, "112->113": 2, "113->112": 3, "115->118": 1, "118->115": 12, "118->126": 1, "126->118": 12, "116->117": 2, "117->116": 3, "120->121": 1, "121->120": 12, "121->123": 1, "123->121": 12, "123->125": 1, "125->123": 12, "128->130": 1, "130->128": 12, "132->134": 1, "134->132": 12, "134->135": 1, "135->134": 12, "135->143": 1, "143->135": 12, "143->151": 1, "151->143": 12, "151->162": 1, "162->151": 12, "162->170": 1, "170->162": 12, "170->346": 1, "346->170": 12, "136->142": 1, "142->136": 12, "137->138": 1, "138->137": 12, "139->140": 1, "140->139": 12, "144->146": 1, "146->144": 12, "147->148": 1, "148->147": 12, "149->150": 2, "150->149": 3, "152->160": 1, "160->152": 12, "153->154": 1, "154->153": 12, "155->156": 1, "156->155": 12, "157->158": 1, "158->157": 12, "163->165": 1, "165->163": 12, "166->167": 1, "167->166": 12, "171->177": 6, "177->171": 6, "177->202": 1, "202->177": 12, "172->173": 1, "173->172": 12, "173->175": 1, "175->173": 12, "178->189": 10, "189->178": 11, "189->195": 10, "195->189": 11, "180->183": 1, "183->180": 12, "183->188": 1, "188->183": 12, "181->182": 2, "182->181": 3, "184->186": 1, "186->184": 12, "191->192": 1, "192->191": 12, "192->194": 1, "194->192": 12, "197->199": 1, "199->197": 12, "199->201": 1, "201->199": 12, "203->209": 6, "209->203": 6, "209->234": 1, "234->209": 12, "204->205": 1, "205->204": 12, "205->207": 1, "207->205": 12, "210->221": 10, "221->210": 11, "221->227": 10, "227->221": 11, "212->215": 1, "215->212": 12, "215->220": 1, "220->215": 12, "213->214": 2, "214->213": 3, "216->218": 1, "218->216": 12, "223->224": 1, "224->223": 12, "224->226": 1, "226->224": 12, "229->231": 1, "231->229": 12, "231->233": 1, "233->231": 12, "235->249": 6, "249->235": 6, "249->263": 1, "263->249": 12, "236->237": 1, "237->236": 12, "237->239": 1, "239->237": 12, "240->241": 1, "241->240": 12, "242->243": 1, "243->242": 12, "244->245": 1, "245->244": 12, "246->247": 1, "247->246": 12, "250->258": 10, "258->250": 11, "258->262": 10, "262->258": 11, "252->253": 1, "253->252": 12, "253->255": 1, "255->253": 12, "255->257": 1, "257->255": 12, "260->261": 2, "261->260": 3, "264->276": 6, "276->264": 6, "276->309": 1, "309->276": 12, "265->266": 1, "266->265": 12, "266->268": 1, "268->266": 12, "269->270": 1, "270->269": 12, "271->272": 1, "272->271": 12, "273->274": 1, "274->273": 12, "277->285": 10, "285->277": 11, "285->293": 10, "293->285": 11, "279->280": 1, "280->279": 12, "280->282": 1, "282->280": 12, "282->284": 1, "284->282": 12, "287->289": 1, "289->287": 12, "289->292": 1, "292->289": 12, "290->291": 2, "291->290": 3, "295->297": 1, "297->295": 12, "297->308": 1, "308->297": 12, "298->306": 1, "306->298": 12, "299->300": 1, "300->299": 12, "301->302": 1, "302->301": 12, "303->304": 1, "304->303": 12, "310->318": 10, "318->310": 11, "318->326": 10, "326->318": 11, "312->313": 1, "313->312": 12, "313->315": 1, "315->313": 12, "315->317": 1, "317->315": 12, "320->322": 1, "322->320": 12, "322->325": 1, "325->322": 12, "323->324": 2, "324->323": 3, "328->330": 1, "330->328": 12, "330->345": 1, "345->330": 12, "331->339": 1, "339->331": 12, "339->342": 1, "342->339": 12, "332->333": 1, "333->332": 12, "334->335": 1, "335->334": 12, "336->337": 1, "337->336": 12, "340->341": 2, "341->340": 3, "343->344": 2, "344->343": 3, "347->359": 1, "359->347": 12, "349->350": 1, "350->349": 12, "350->352": 1, "352->350": 12, "352->354": 1, "354->352": 12, "354->356": 1, "356->354": 12, "356->358": 1, "358->356": 12, "360->363": 1, "363->360": 12, "363->371": 1, "371->363": 12, "361->362": 2, "362->361": 3, "365->366": 1, "366->365": 12, "366->368": 1, "368->366": 12, "368->370": 1, "370->368": 12, "373->374": 2, "374->373": 3, "171->202": 7, "202->171": 7, "203->234": 7, "234->203": 7, "235->263": 7, "263->235": 7, "264->309": 7, "309->264": 7, "2->4": 2, "4->2": 3, "4->6": 2, "6->4": 3, "6->8": 2, "8->6": 3, "8->10": 2, "10->8": 3, "10->12": 2, "12->10": 3, "12->15": 2, "15->12": 3, "15->16": 2, "16->15": 3, "16->19": 2, "19->16": 3, "19->21": 2, "21->19": 3, "21->23": 2, "23->21": 3, "23->25": 2, "25->23": 3, "25->27": 2, "27->25": 3, "27->29": 2, "29->27": 3, "29->31": 2, "31->29": 3, "31->32": 2, "32->31": 3, "32->35": 2, "35->32": 3, "35->37": 2, "37->35": 3, "37->38": 2, "38->37": 3, "38->41": 2, "41->38": 3, "41->43": 2, "43->41": 3, "43->45": 2, "45->43": 3, "45->47": 2, "47->45": 3, "47->49": 2, "49->47": 3, "49->51": 2, "51->49": 3, "52->56": 2, "56->52": 3, "56->58": 2, "58->56": 3, "58->60": 2, "60->58": 3, "60->62": 2, "62->60": 3, "62->64": 2, "64->62": 3, "64->67": 2, "67->64": 3, "67->70": 2, "70->67": 3, "70->71": 2, "71->70": 3, "71->74": 2, "74->71": 3, "74->75": 2, "75->74": 3, "75->78": 2, "78->75": 3, "78->80": 2, "80->78": 3, "80->83": 2, "83->80": 3, "83->87": 2, "87->83": 3, "87->89": 2, "89->87": 3, "89->91": 2, "91->89": 3, "91->93": 2, "93->91": 3, "94->96": 2, "96->94": 3, "96->97": 2, "97->96": 3, "97->100": 2, "100->97": 3, "101->104": 2, "104->101": 3, "104->106": 2, "106->104": 3, "106->108": 2, "108->106": 3, "108->109": 2, "109->108": 3, "109->112": 2, "112->109": 3, "113->116": 2, "116->113": 3, "117->120": 2, "120->117": 3, "120->122": 2, "122->120": 3, "122->124": 2, "124->122": 3, "124->125": 2, "125->124": 3, "125->129": 2, "129->125": 3, "129->130": 2, "130->129": 3, "130->133": 2, "133->130": 3, "133->134": 2, "134->133": 3, "134->137": 2, "137->134": 3, "137->139": 2, "139->137": 3, "139->141": 2, "141->139": 3, "141->142": 2, "142->141": 3, "142->145": 2, "145->142": 3, "145->147": 2, "147->145": 3, "147->149": 2, "149->147": 3, "150->153": 2, "153->150": 3, "153->155": 2, "155->153": 3, "155->157": 2, "157->155": 3, "157->159": 2, "159->157": 3, "159->161": 2, "161->159": 3, "161->164": 2, "164->161": 3, "164->166": 2, "166->164": 3, "166->169": 2, "169->166": 3, "169->172": 2, "172->169": 3, "172->174": 2, "174->172": 3, "174->176": 2, "176->174": 3, "176->181": 2, "181->176": 3, "182->185": 2, "185->182": 3, "185->187": 2, "187->185": 3, "187->188": 2, "188->187": 3, "188->191": 2, "191->188": 3, "191->193": 2, "193->191": 3, "193->194": 2, "194->193": 3, "194->198": 2, "198->194": 3, "198->200": 2, "200->198": 3, "200->201": 2, "201->200": 3, "201->204": 2, "204->201": 3, "204->206": 2, "206->204": 3, "206->208": 2, "208->206": 3, "208->213": 2, "213->208": 3, "214->217": 2, "217->214": 3, "217->219": 2, "219->217": 3, "219->220": 2, "220->219": 3, "220->223": 2, "223->220": 3, "223->225": 2, "225->223": 3, "225->226": 2, "226->225": 3, "226->230": 2, "230->226": 3, "230->232": 2, "232->230": 3, "232->233": 2, "233->232": 3, "233->236": 2, "236->233": 3, "236->238": 2, "238->236": 3, "238->240": 2, "240->238": 3, "240->242": 2, "242->240": 3, "242->244": 2, "244->242": 3, "244->246": 2, "246->244": 3, "246->248": 2, "248->246": 3, "248->252": 2, "252->248": 3, "252->254": 2, "254->252": 3, "254->256": 2, "256->254": 3, "256->257": 2, "257->256": 3, "257->260": 2, "260->257": 3, "261->262": 2, "262->261": 3, "262->265": 2, "265->262": 3, "265->267": 2, "267->265": 3, "267->269": 2, "269->267": 3, "269->271": 2, "271->269": 3, "271->273": 2, "273->271": 3, "273->275": 2, "275->273": 3, "275->279": 2, "279->275": 3, "279->281": 2, "281->279": 3, "281->283": 2, "283->281": 3, "283->284": 2, "284->283": 3, "284->288": 2, "288->284": 3, "288->290": 2, "290->288": 3, "291->292": 2, "292->291": 3, "292->296": 2, "296->292": 3, "296->299": 2, "299->296": 3, "299->301": 2, "301->299": 3, "301->303": 2, "303->301": 3, "303->305": 2, "305->303": 3, "305->307": 2, "307->305": 3, "307->308": 2, "308->307": 3, "308->312": 2, "312->308": 3, "312->314": 2, "314->312": 3, "314->316": 2, "316->314": 3, "316->317": 2, "317->316": 3, "317->321": 2, "321->317": 3, "321->323": 2, "323->321": 3, "324->325": 2, "325->324": 3, "325->329": 2, "329->325": 3, "329->332": 2, "332->329": 3, "332->334": 2, "334->332": 3, "334->336": 2, "336->334": 3, "336->338": 2, "338->336": 3, "338->340": 2, "340->338": 3, "341->343": 2, "343->341": 3, "344->345": 2, "345->344": 3, "345->349": 2, "349->345": 3, "349->351": 2, "351->349": 3, "351->353": 2, "353->351": 3, "353->355": 2, "355->353": 3, "355->357": 2, "357->355": 3, "357->358": 2, "358->357": 3, "358->361": 2, "361->358": 3, "362->365": 2, "365->362": 3, "365->367": 2, "367->365": 3, "367->369": 2, "369->367": 3, "369->370": 2, "370->369": 3, "370->373": 2, "373->370": 3, "89->351": 4, "351->89": 5, "91->200": 4, "200->91": 5, "200->232": 4, "232->200": 5, "94->150": 4, "150->94": 5, "96->357": 4, "357->96": 5, "108->124": 4, "124->108": 5, "124->129": 4, "129->124": 5, "129->174": 4, "174->129": 5, "174->187": 4, "187->174": 5, "187->206": 4, "206->187": 5, "206->219": 4, "219->206": 5, "219->238": 4, "238->219": 5, "238->256": 4, "256->238": 5, "256->267": 4, "267->256": 5, "267->283": 4, "283->267": 5, "283->307": 4, "307->283": 5, "307->316": 4, "316->307": 5, "198->230": 4, "230->198": 5, "230->296": 4, "296->230": 5, "296->329": 4, "329->296": 5, "329->353": 4, "353->329": 5, "288->321": 4, "321->288": 5, "321->355": 4, "355->321": 5, "291->324": 4, "324->291": 5}, "metrics": [57.0, 5.0, 2.0]}