{"nodelist": ["MethodDeclaration", "{'private'}", "private", "BasicType", "boolean", "generalizedSeek", "FormalParameter", "BasicType", "boolean", "isLazy", "FormalParameter", "ReferenceType", "Cell", "seekKey", "FormalParameter", "BasicType", "boolean", "forward", "FormalParameter", "BasicType", "boolean", "useBloom", "IOException", "IfStatement", "BinaryOperation", "&&", "MemberReference", "!", "isLazy", "MemberReference", "useBloom", "BlockStatement", "ThrowStatement", "ClassCreator", "ReferenceType", "IllegalArgumentException", "BinaryOperation", "+", "Literal", "\"Multi-column Bloom filter \"", "Literal", "\"optimization requires a lazy seek\"", "IfStatement", "BinaryOperation", "==", "MemberReference", "current", "Literal", "null", "BlockStatement", "ReturnStatement", "Literal", "false", "StatementExpression", "MethodInvocation", "heap", "MemberReference", "current", "add", "StatementExpression", "Assignment", "MemberReference", "current", "Literal", "null", "=", "LocalVariableDeclaration", "ReferenceType", "KeyValueScanner", "VariableDeclarator", "scanner", "WhileStatement", "BinaryOperation", "!=", "Assignment", "MemberReference", "scanner", "MethodInvocation", "heap", "poll", "=", "Literal", "null", "BlockStatement", "LocalVariableDeclaration", "ReferenceType", "Cell", "VariableDeclarator", "topKey", "MethodInvocation", "scanner", "peek", "IfStatement", "BinaryOperation", "<=", "MethodInvocation", "comparator", "MethodInvocation", "MemberReference", "seekKey", "MemberReference", "topKey", "compare", "getComparator", "Literal", "0", "BlockStatement", "StatementExpression", "MethodInvocation", "heap", "MemberReference", "scanner", "add", "StatementExpression", "Assignment", "MemberReference", "current", "MethodInvocation", "pollRealKV", "=", "ReturnStatement", "BinaryOperation", "!=", "MemberReference", "current", "Literal", "null", "LocalVariableDeclaration", "BasicType", "boolean", "VariableDeclarator", "seekResult", "IfStatement", "BinaryOperation", "&&", "MemberReference", "isLazy", "BinaryOperation", ">", "MethodInvocation", "heap", "size", "Literal", "0", "BlockStatement", "StatementExpression", "Assignment", "MemberReference", "seekResult", "MethodInvocation", "scanner", "MemberReference", "seekKey", "MemberReference", "forward", "MemberReference", "useBloom", "requestSeek", "=", "BlockStatement", "StatementExpression", "Assignment", "MemberReference", "seekResult", "MethodInvocation", "NonLazyKeyValueScanner", "MemberReference", "scanner", "MemberReference", "seekKey", "MemberReference", "forward", "doRealSeek", "=", "IfStatement", "MemberReference", "!", "seekResult", "BlockStatement", "StatementExpression", "MethodInvocation", "scanner", "close", "BlockStatement", "StatementExpression", "MethodInvocation", "heap", "MemberReference", "scanner", "add", "ReturnStatement", "Literal", "false"], "nodes": {"0": "MethodDeclaration", "1": "Modifier", "2": "private", "3": "BasicType", "4": "boolean", "5": "generalizedSeek", "6": "FormalParameter", "7": "BasicType", "8": "boolean", "9": "isLazy", "10": "FormalParameter", "11": "ReferenceType", "12": "Cell", "13": "seekKey", "14": "FormalParameter", "15": "BasicType", "16": "boolean", "17": "forward", "18": "FormalParameter", "19": "BasicType", "20": "boolean", "21": "useBloom", "22": "IOException", "23": "IfStatement", "24": "BinaryOperation", "25": "&&", "26": "MemberReference", "27": "!", "28": "isLazy", "29": "MemberReference", "30": "useBloom", "31": "BlockStatement", "32": "ThrowStatement", "33": "ClassCreator", "34": "ReferenceType", "35": "IllegalArgumentException", "36": "BinaryOperation", "37": "+", "38": "Literal", "39": "\"Multi-column Bloom filter \"", "40": "Literal", "41": "\"optimization requires a lazy seek\"", "42": "IfStatement", "43": "BinaryOperation", "44": "==", "45": "MemberReference", "46": "current", "47": "Literal", "48": "null", "49": "BlockStatement", "50": "ReturnStatement", "51": "Literal", "52": "false", "53": "StatementExpression", "54": "MethodInvocation", "55": "heap", "56": "MemberReference", "57": "current", "58": "add", "59": "StatementExpression", "60": "Assignment", "61": "MemberReference", "62": "current", "63": "Literal", "64": "null", "65": "=", "66": "LocalVariableDeclaration", "67": "ReferenceType", "68": "KeyValueScanner", "69": "VariableDeclarator", "70": "scanner", "71": "WhileStatement", "72": "BinaryOperation", "73": "!=", "74": "Assignment", "75": "MemberReference", "76": "scanner", "77": "MethodInvocation", "78": "heap", "79": "poll", "80": "=", "81": "Literal", "82": "null", "83": "BlockStatement", "84": "LocalVariableDeclaration", "85": "ReferenceType", "86": "Cell", "87": "VariableDeclarator", "88": "topKey", "89": "MethodInvocation", "90": "scanner", "91": "peek", "92": "IfStatement", "93": "BinaryOperation", "94": "<=", "95": "MethodInvocation", "96": "comparator", "97": "MethodInvocation", "98": "MemberReference", "99": "seekKey", "100": "MemberReference", "101": "topKey", "102": "compare", "103": "getComparator", "104": "Literal", "105": "0", "106": "BlockStatement", "107": "StatementExpression", "108": "MethodInvocation", "109": "heap", "110": "MemberReference", "111": "scanner", "112": "add", "113": "StatementExpression", "114": "Assignment", "115": "MemberReference", "116": "current", "117": "MethodInvocation", "118": "pollRealKV", "119": "=", "120": "ReturnStatement", "121": "BinaryOperation", "122": "!=", "123": "MemberReference", "124": "current", "125": "Literal", "126": "null", "127": "LocalVariableDeclaration", "128": "BasicType", "129": "boolean", "130": "VariableDeclarator", "131": "seekResult", "132": "IfStatement", "133": "BinaryOperation", "134": "&&", "135": "MemberReference", "136": "isLazy", "137": "BinaryOperation", "138": ">", "139": "MethodInvocation", "140": "heap", "141": "size", "142": "Literal", "143": "0", "144": "BlockStatement", "145": "StatementExpression", "146": "Assignment", "147": "MemberReference", "148": "seekResult", "149": "MethodInvocation", "150": "scanner", "151": "MemberReference", "152": "seekKey", "153": "MemberReference", "154": "forward", "155": "MemberReference", "156": "useBloom", "157": "requestSeek", "158": "=", "159": "BlockStatement", "160": "StatementExpression", "161": "Assignment", "162": "MemberReference", "163": "seekResult", "164": "MethodInvocation", "165": "NonLazyKeyValueScanner", "166": "MemberReference", "167": "scanner", "168": "MemberReference", "169": "seekKey", "170": "MemberReference", "171": "forward", "172": "doRealSeek", "173": "=", "174": "IfStatement", "175": "MemberReference", "176": "!", "177": "seekResult", "178": "BlockStatement", "179": "StatementExpression", "180": "MethodInvocation", "181": "scanner", "182": "close", "183": "BlockStatement", "184": "StatementExpression", "185": "MethodInvocation", "186": "heap", "187": "MemberReference", "188": "scanner", "189": "add", "190": "ReturnStatement", "191": "Literal", "192": "false"}, "edges": {"0->1": 0, "1->0": 0, "1->2": 0, "2->1": 0, "0->3": 0, "3->0": 0, "3->4": 0, "4->3": 0, "0->5": 0, "5->0": 0, "0->6": 0, "6->0": 0, "6->7": 0, "7->6": 0, "7->8": 0, "8->7": 0, "6->9": 0, "9->6": 0, "0->10": 0, "10->0": 0, "10->11": 0, "11->10": 0, "11->12": 0, "12->11": 0, "10->13": 0, "13->10": 0, "0->14": 0, "14->0": 0, "14->15": 0, "15->14": 0, "15->16": 0, "16->15": 0, "14->17": 0, "17->14": 0, "0->18": 0, "18->0": 0, "18->19": 0, "19->18": 0, "19->20": 0, "20->19": 0, "18->21": 0, "21->18": 0, "0->22": 0, "22->0": 0, "0->23": 0, "23->0": 0, "23->24": 0, "24->23": 0, "24->25": 0, "25->24": 0, "24->26": 0, "26->24": 0, "26->27": 0, "27->26": 0, "26->28": 0, "28->26": 0, "24->29": 0, "29->24": 0, "29->30": 0, "30->29": 0, "23->31": 0, "31->23": 0, "31->32": 0, "32->31": 0, "32->33": 0, "33->32": 0, "33->34": 0, "34->33": 0, "34->35": 0, "35->34": 0, "33->36": 0, "36->33": 0, "36->37": 0, "37->36": 0, "36->38": 0, "38->36": 0, "38->39": 0, "39->38": 0, "36->40": 0, "40->36": 0, "40->41": 0, "41->40": 0, "0->42": 0, "42->0": 0, "42->43": 0, "43->42": 0, "43->44": 0, "44->43": 0, "43->45": 0, "45->43": 0, "45->46": 0, "46->45": 0, "43->47": 0, "47->43": 0, "47->48": 0, "48->47": 0, "42->49": 0, "49->42": 0, "49->50": 0, "50->49": 0, "50->51": 0, "51->50": 0, "51->52": 0, "52->51": 0, "0->53": 0, "53->0": 0, "53->54": 0, "54->53": 0, "54->55": 0, "55->54": 0, "54->56": 0, "56->54": 0, "56->57": 0, "57->56": 0, "54->58": 0, "58->54": 0, "0->59": 0, "59->0": 0, "59->60": 0, "60->59": 0, "60->61": 0, "61->60": 0, "61->62": 0, "62->61": 0, "60->63": 0, "63->60": 0, "63->64": 0, "64->63": 0, "60->65": 0, "65->60": 0, "0->66": 0, "66->0": 0, "66->67": 0, "67->66": 0, "67->68": 0, "68->67": 0, "66->69": 0, "69->66": 0, "69->70": 0, "70->69": 0, "0->71": 0, "71->0": 0, "71->72": 0, "72->71": 0, "72->73": 0, "73->72": 0, "72->74": 0, "74->72": 0, "74->75": 0, "75->74": 0, "75->76": 0, "76->75": 0, "74->77": 0, "77->74": 0, "77->78": 0, "78->77": 0, "77->79": 0, "79->77": 0, "74->80": 0, "80->74": 0, "72->81": 0, "81->72": 0, "81->82": 0, "82->81": 0, "71->83": 0, "83->71": 0, "83->84": 0, "84->83": 0, "84->85": 0, "85->84": 0, "85->86": 0, "86->85": 0, "84->87": 0, "87->84": 0, "87->88": 0, "88->87": 0, "87->89": 0, "89->87": 0, "89->90": 0, "90->89": 0, "89->91": 0, "91->89": 0, "83->92": 0, "92->83": 0, "92->93": 0, "93->92": 0, "93->94": 0, "94->93": 0, "93->95": 0, "95->93": 0, "95->96": 0, "96->95": 0, "95->97": 0, "97->95": 0, "97->98": 0, "98->97": 0, "98->99": 0, "99->98": 0, "97->100": 0, "100->97": 0, "100->101": 0, "101->100": 0, "97->102": 0, "102->97": 0, "95->103": 0, "103->95": 0, "93->104": 0, "104->93": 0, "104->105": 0, "105->104": 0, "92->106": 0, "106->92": 0, "106->107": 0, "107->106": 0, "107->108": 0, "108->107": 0, "108->109": 0, "109->108": 0, "108->110": 0, "110->108": 0, "110->111": 0, "111->110": 0, "108->112": 0, "112->108": 0, "106->113": 0, "113->106": 0, "113->114": 0, "114->113": 0, "114->115": 0, "115->114": 0, "115->116": 0, "116->115": 0, "114->117": 0, "117->114": 0, "117->118": 0, "118->117": 0, "114->119": 0, "119->114": 0, "106->120": 0, "120->106": 0, "120->121": 0, "121->120": 0, "121->122": 0, "122->121": 0, "121->123": 0, "123->121": 0, "123->124": 0, "124->123": 0, "121->125": 0, "125->121": 0, "125->126": 0, "126->125": 0, "83->127": 0, "127->83": 0, "127->128": 0, "128->127": 0, "128->129": 0, "129->128": 0, "127->130": 0, "130->127": 0, "130->131": 0, "131->130": 0, "83->132": 0, "132->83": 0, "132->133": 0, "133->132": 0, "133->134": 0, "134->133": 0, "133->135": 0, "135->133": 0, "135->136": 0, "136->135": 0, "133->137": 0, "137->133": 0, "137->138": 0, "138->137": 0, "137->139": 0, "139->137": 0, "139->140": 0, "140->139": 0, "139->141": 0, "141->139": 0, "137->142": 0, "142->137": 0, "142->143": 0, "143->142": 0, "132->144": 0, "144->132": 0, "144->145": 0, "145->144": 0, "145->146": 0, "146->145": 0, "146->147": 0, "147->146": 0, "147->148": 0, "148->147": 0, "146->149": 0, "149->146": 0, "149->150": 0, "150->149": 0, "149->151": 0, "151->149": 0, "151->152": 0, "152->151": 0, "149->153": 0, "153->149": 0, "153->154": 0, "154->153": 0, "149->155": 0, "155->149": 0, "155->156": 0, "156->155": 0, "149->157": 0, "157->149": 0, "146->158": 0, "158->146": 0, "132->159": 0, "159->132": 0, "159->160": 0, "160->159": 0, "160->161": 0, "161->160": 0, "161->162": 0, "162->161": 0, "162->163": 0, "163->162": 0, "161->164": 0, "164->161": 0, "164->165": 0, "165->164": 0, "164->166": 0, "166->164": 0, "166->167": 0, "167->166": 0, "164->168": 0, "168->164": 0, "168->169": 0, "169->168": 0, "164->170": 0, "170->164": 0, "170->171": 0, "171->170": 0, "164->172": 0, "172->164": 0, "161->173": 0, "173->161": 0, "83->174": 0, "174->83": 0, "174->175": 0, "175->174": 0, "175->176": 0, "176->175": 0, "175->177": 0, "177->175": 0, "174->178": 0, "178->174": 0, "178->179": 0, "179->178": 0, "179->180": 0, "180->179": 0, "180->181": 0, "181->180": 0, "180->182": 0, "182->180": 0, "174->183": 0, "183->174": 0, "183->184": 0, "184->183": 0, "184->185": 0, "185->184": 0, "185->186": 0, "186->185": 0, "185->187": 0, "187->185": 0, "187->188": 0, "188->187": 0, "185->189": 0, "189->185": 0, "0->190": 0, "190->0": 0, "190->191": 0, "191->190": 0, "191->192": 0, "192->191": 0, "1->3": 1, "3->1": 12, "3->5": 1, "5->3": 12, "5->6": 1, "6->5": 12, "6->10": 1, "10->6": 12, "10->14": 1, "14->10": 12, "14->18": 1, "18->14": 12, "18->22": 1, "22->18": 12, "22->23": 1, "23->22": 12, "23->42": 1, "42->23": 12, "42->53": 1, "53->42": 12, "53->59": 1, "59->53": 12, "59->66": 1, "66->59": 12, "66->71": 1, "71->66": 12, "71->190": 1, "190->71": 12, "7->9": 1, "9->7": 12, "11->13": 1, "13->11": 12, "15->17": 1, "17->15": 12, "19->21": 1, "21->19": 12, "24->31": 6, "31->24": 6, "25->26": 1, "26->25": 12, "26->29": 1, "29->26": 12, "27->28": 2, "28->27": 3, "34->36": 1, "36->34": 12, "37->38": 1, "38->37": 12, "38->40": 1, "40->38": 12, "43->49": 6, "49->43": 6, "44->45": 1, "45->44": 12, "45->47": 1, "47->45": 12, "55->56": 1, "56->55": 12, "56->58": 1, "58->56": 12, "61->63": 1, "63->61": 12, "63->65": 1, "65->63": 12, "67->69": 1, "69->67": 12, "72->83": 8, "83->72": 8, "73->74": 1, "74->73": 12, "74->81": 1, "81->74": 12, "75->77": 1, "77->75": 12, "77->80": 1, "80->77": 12, "78->79": 2, "79->78": 3, "84->92": 10, "92->84": 11, "92->127": 10, "127->92": 11, "127->132": 10, "132->127": 11, "132->174": 10, "174->132": 11, "85->87": 1, "87->85": 12, "88->89": 1, "89->88": 12, "90->91": 2, "91->90": 3, "93->106": 6, "106->93": 6, "94->95": 1, "95->94": 12, "95->104": 1, "104->95": 12, "96->97": 1, "97->96": 12, "97->103": 1, "103->97": 12, "98->100": 1, "100->98": 12, "100->102": 1, "102->100": 12, "107->113": 10, "113->107": 11, "113->120": 10, "120->113": 11, "109->110": 1, "110->109": 12, "110->112": 1, "112->110": 12, "115->117": 1, "117->115": 12, "117->119": 1, "119->117": 12, "122->123": 1, "123->122": 12, "123->125": 1, "125->123": 12, "128->130": 1, "130->128": 12, "133->144": 6, "144->133": 6, "144->159": 1, "159->144": 12, "134->135": 1, "135->134": 12, "135->137": 1, "137->135": 12, "138->139": 1, "139->138": 12, "139->142": 1, "142->139": 12, "140->141": 2, "141->140": 3, "147->149": 1, "149->147": 12, "149->158": 1, "158->149": 12, "150->151": 1, "151->150": 12, "151->153": 1, "153->151": 12, "153->155": 1, "155->153": 12, "155->157": 1, "157->155": 12, "162->164": 1, "164->162": 12, "164->173": 1, "173->164": 12, "165->166": 1, "166->165": 12, "166->168": 1, "168->166": 12, "168->170": 1, "170->168": 12, "170->172": 1, "172->170": 12, "175->178": 6, "178->175": 6, "178->183": 1, "183->178": 12, "176->177": 2, "177->176": 3, "181->182": 2, "182->181": 3, "186->187": 1, "187->186": 12, "187->189": 1, "189->187": 12, "133->159": 7, "159->133": 7, "175->183": 7, "183->175": 7, "2->4": 2, "4->2": 3, "4->5": 2, "5->4": 3, "5->8": 2, "8->5": 3, "8->9": 2, "9->8": 3, "9->12": 2, "12->9": 3, "12->13": 2, "13->12": 3, "13->16": 2, "16->13": 3, "16->17": 2, "17->16": 3, "17->20": 2, "20->17": 3, "20->21": 2, "21->20": 3, "21->22": 2, "22->21": 3, "22->25": 2, "25->22": 3, "25->27": 2, "27->25": 3, "28->30": 2, "30->28": 3, "30->35": 2, "35->30": 3, "35->37": 2, "37->35": 3, "37->39": 2, "39->37": 3, "39->41": 2, "41->39": 3, "41->44": 2, "44->41": 3, "44->46": 2, "46->44": 3, "46->48": 2, "48->46": 3, "48->52": 2, "52->48": 3, "52->55": 2, "55->52": 3, "55->57": 2, "57->55": 3, "57->58": 2, "58->57": 3, "58->62": 2, "62->58": 3, "62->64": 2, "64->62": 3, "64->65": 2, "65->64": 3, "65->68": 2, "68->65": 3, "68->70": 2, "70->68": 3, "70->73": 2, "73->70": 3, "73->76": 2, "76->73": 3, "76->78": 2, "78->76": 3, "79->80": 2, "80->79": 3, "80->82": 2, "82->80": 3, "82->86": 2, "86->82": 3, "86->88": 2, "88->86": 3, "88->90": 2, "90->88": 3, "91->94": 2, "94->91": 3, "94->96": 2, "96->94": 3, "96->99": 2, "99->96": 3, "99->101": 2, "101->99": 3, "101->102": 2, "102->101": 3, "102->103": 2, "103->102": 3, "103->105": 2, "105->103": 3, "105->109": 2, "109->105": 3, "109->111": 2, "111->109": 3, "111->112": 2, "112->111": 3, "112->116": 2, "116->112": 3, "116->118": 2, "118->116": 3, "118->119": 2, "119->118": 3, "119->122": 2, "122->119": 3, "122->124": 2, "124->122": 3, "124->126": 2, "126->124": 3, "126->129": 2, "129->126": 3, "129->131": 2, "131->129": 3, "131->134": 2, "134->131": 3, "134->136": 2, "136->134": 3, "136->138": 2, "138->136": 3, "138->140": 2, "140->138": 3, "141->143": 2, "143->141": 3, "143->148": 2, "148->143": 3, "148->150": 2, "150->148": 3, "150->152": 2, "152->150": 3, "152->154": 2, "154->152": 3, "154->156": 2, "156->154": 3, "156->157": 2, "157->156": 3, "157->158": 2, "158->157": 3, "158->163": 2, "163->158": 3, "163->165": 2, "165->163": 3, "165->167": 2, "167->165": 3, "167->169": 2, "169->167": 3, "169->171": 2, "171->169": 3, "171->172": 2, "172->171": 3, "172->173": 2, "173->172": 3, "173->176": 2, "176->173": 3, "177->181": 2, "181->177": 3, "182->186": 2, "186->182": 3, "186->188": 2, "188->186": 3, "188->189": 2, "189->188": 3, "189->192": 2, "192->189": 3, "28->136": 4, "136->28": 5, "30->156": 4, "156->30": 5, "46->57": 4, "57->46": 5, "57->62": 4, "62->57": 5, "62->116": 4, "116->62": 5, "116->124": 4, "124->116": 5, "76->111": 4, "111->76": 5, "111->167": 4, "167->111": 5, "167->188": 4, "188->167": 5, "99->152": 4, "152->99": 5, "152->169": 4, "169->152": 5, "148->163": 4, "163->148": 5, "163->177": 4, "177->163": 5, "154->171": 4, "171->154": 5}, "metrics": [33.0, 7.0, 4.0]}