{"nodelist": ["MethodDeclaration", "{'final', 'public'}", "final", "public", "BasicType", "boolean", "isInitialized", "ForStatement", "ForControl", "VariableDeclaration", "BasicType", "int", "VariableDeclarator", "i", "Literal", "0", "BinaryOperation", "<", "MemberReference", "i", "MethodInvocation", "getAttrsCount", "MemberReference", "++", "i", "BlockStatement", "IfStatement", "MethodInvocation", "!", "MethodInvocation", "isInitialized", "MemberReference", "i", "getAttrs", "BlockStatement", "ReturnStatement", "Literal", "false", "ReturnStatement", "Literal", "true"], "nodes": {"0": "MethodDeclaration", "1": "Modifier", "2": "final", "3": "public", "4": "BasicType", "5": "boolean", "6": "isInitialized", "7": "ForStatement", "8": "ForControl", "9": "VariableDeclaration", "10": "BasicType", "11": "int", "12": "VariableDeclarator", "13": "i", "14": "Literal", "15": "0", "16": "BinaryOperation", "17": "<", "18": "MemberReference", "19": "i", "20": "MethodInvocation", "21": "getAttrsCount", "22": "MemberReference", "23": "++", "24": "i", "25": "BlockStatement", "26": "IfStatement", "27": "MethodInvocation", "28": "!", "29": "MethodInvocation", "30": "isInitialized", "31": "MemberReference", "32": "i", "33": "getAttrs", "34": "BlockStatement", "35": "ReturnStatement", "36": "Literal", "37": "false", "38": "ReturnStatement", "39": "Literal", "40": "true"}, "edges": {"0->1": 0, "1->0": 0, "1->2": 0, "2->1": 0, "1->3": 0, "3->1": 0, "0->4": 0, "4->0": 0, "4->5": 0, "5->4": 0, "0->6": 0, "6->0": 0, "0->7": 0, "7->0": 0, "7->8": 0, "8->7": 0, "8->9": 0, "9->8": 0, "9->10": 0, "10->9": 0, "10->11": 0, "11->10": 0, "9->12": 0, "12->9": 0, "12->13": 0, "13->12": 0, "12->14": 0, "14->12": 0, "14->15": 0, "15->14": 0, "8->16": 0, "16->8": 0, "16->17": 0, "17->16": 0, "16->18": 0, "18->16": 0, "18->19": 0, "19->18": 0, "16->20": 0, "20->16": 0, "20->21": 0, "21->20": 0, "8->22": 0, "22->8": 0, "22->23": 0, "23->22": 0, "22->24": 0, "24->22": 0, "7->25": 0, "25->7": 0, "25->26": 0, "26->25": 0, "26->27": 0, "27->26": 0, "27->28": 0, "28->27": 0, "27->29": 0, "29->27": 0, "29->30": 0, "30->29": 0, "27->31": 0, "31->27": 0, "31->32": 0, "32->31": 0, "27->33": 0, "33->27": 0, "26->34": 0, "34->26": 0, "34->35": 0, "35->34": 0, "35->36": 0, "36->35": 0, "36->37": 0, "37->36": 0, "0->38": 0, "38->0": 0, "38->39": 0, "39->38": 0, "39->40": 0, "40->39": 0, "1->4": 1, "4->1": 12, "4->6": 1, "6->4": 12, "6->7": 1, "7->6": 12, "7->38": 1, "38->7": 12, "2->3": 2, "3->2": 3, "8->25": 9, "25->8": 9, "9->16": 1, "16->9": 12, "16->22": 1, "22->16": 12, "10->12": 1, "12->10": 12, "13->14": 1, "14->13": 12, "17->18": 1, "18->17": 12, "18->20": 1, "20->18": 12, "23->24": 2, "24->23": 3, "27->34": 6, "34->27": 6, "28->29": 1, "29->28": 12, "29->31": 1, "31->29": 12, "31->33": 1, "33->31": 12, "3->5": 2, "5->3": 3, "5->6": 2, "6->5": 3, "6->11": 2, "11->6": 3, "11->13": 2, "13->11": 3, "13->15": 2, "15->13": 3, "15->17": 2, "17->15": 3, "17->19": 2, "19->17": 3, "19->21": 2, "21->19": 3, "21->23": 2, "23->21": 3, "24->28": 2, "28->24": 3, "28->30": 2, "30->28": 3, "30->32": 2, "32->30": 3, "32->33": 2, "33->32": 3, "33->37": 2, "37->33": 3, "37->40": 2, "40->37": 3, "19->24": 4, "24->19": 5, "24->32": 4, "32->24": 5}, "metrics": [8.0, 3.0, 0.0]}