{"nodelist": ["MethodDeclaration", "{'public'}", "public", "Annotation", "Override", "ReferenceType", "Cell", "getNextCellHint", "FormalParameter", "ReferenceType", "Cell", "kv", "ReturnStatement", "MethodInvocation", "KeyValueUtil", "MethodInvocation", "kv", "getRowArray", "MethodInvocation", "kv", "getRowOffset", "MethodInvocation", "kv", "getRowLength", "MethodInvocation", "kv", "getFamilyArray", "MethodInvocation", "kv", "getFamilyOffset", "MethodInvocation", "kv", "getFamilyLength", "MemberReference", "hint", "Literal", "0", "MemberReference", "hint", "length", "createFirstOnRow"], "nodes": {"0": "MethodDeclaration", "1": "Modifier", "2": "public", "3": "Annotation", "4": "Override", "5": "ReferenceType", "6": "Cell", "7": "getNextCellHint", "8": "FormalParameter", "9": "ReferenceType", "10": "Cell", "11": "kv", "12": "ReturnStatement", "13": "MethodInvocation", "14": "KeyValueUtil", "15": "MethodInvocation", "16": "kv", "17": "getRowArray", "18": "MethodInvocation", "19": "kv", "20": "getRowOffset", "21": "MethodInvocation", "22": "kv", "23": "getRowLength", "24": "MethodInvocation", "25": "kv", "26": "getFamilyArray", "27": "MethodInvocation", "28": "kv", "29": "getFamilyOffset", "30": "MethodInvocation", "31": "kv", "32": "getFamilyLength", "33": "MemberReference", "34": "hint", "35": "Literal", "36": "0", "37": "MemberReference", "38": "hint", "39": "length", "40": "createFirstOnRow"}, "edges": {"0->1": 0, "1->0": 0, "1->2": 0, "2->1": 0, "0->3": 0, "3->0": 0, "3->4": 0, "4->3": 0, "0->5": 0, "5->0": 0, "5->6": 0, "6->5": 0, "0->7": 0, "7->0": 0, "0->8": 0, "8->0": 0, "8->9": 0, "9->8": 0, "9->10": 0, "10->9": 0, "8->11": 0, "11->8": 0, "0->12": 0, "12->0": 0, "12->13": 0, "13->12": 0, "13->14": 0, "14->13": 0, "13->15": 0, "15->13": 0, "15->16": 0, "16->15": 0, "15->17": 0, "17->15": 0, "13->18": 0, "18->13": 0, "18->19": 0, "19->18": 0, "18->20": 0, "20->18": 0, "13->21": 0, "21->13": 0, "21->22": 0, "22->21": 0, "21->23": 0, "23->21": 0, "13->24": 0, "24->13": 0, "24->25": 0, "25->24": 0, "24->26": 0, "26->24": 0, "13->27": 0, "27->13": 0, "27->28": 0, "28->27": 0, "27->29": 0, "29->27": 0, "13->30": 0, "30->13": 0, "30->31": 0, "31->30": 0, "30->32": 0, "32->30": 0, "13->33": 0, "33->13": 0, "33->34": 0, "34->33": 0, "13->35": 0, "35->13": 0, "35->36": 0, "36->35": 0, "13->37": 0, "37->13": 0, "37->38": 0, "38->37": 0, "37->39": 0, "39->37": 0, "13->40": 0, "40->13": 0, "1->3": 1, "3->1": 12, "3->5": 1, "5->3": 12, "5->7": 1, "7->5": 12, "7->8": 1, "8->7": 12, "8->12": 1, "12->8": 12, "9->11": 1, "11->9": 12, "14->15": 1, "15->14": 12, "15->18": 1, "18->15": 12, "18->21": 1, "21->18": 12, "21->24": 1, "24->21": 12, "24->27": 1, "27->24": 12, "27->30": 1, "30->27": 12, "30->33": 1, "33->30": 12, "33->35": 1, "35->33": 12, "35->37": 1, "37->35": 12, "37->40": 1, "40->37": 12, "16->17": 2, "17->16": 3, "19->20": 2, "20->19": 3, "22->23": 2, "23->22": 3, "25->26": 2, "26->25": 3, "28->29": 2, "29->28": 3, "31->32": 2, "32->31": 3, "38->39": 2, "39->38": 3, "2->4": 2, "4->2": 3, "4->6": 2, "6->4": 3, "6->7": 2, "7->6": 3, "7->10": 2, "10->7": 3, "10->11": 2, "11->10": 3, "11->14": 2, "14->11": 3, "14->16": 2, "16->14": 3, "17->19": 2, "19->17": 3, "20->22": 2, "22->20": 3, "23->25": 2, "25->23": 3, "26->28": 2, "28->26": 3, "29->31": 2, "31->29": 3, "32->34": 2, "34->32": 3, "34->36": 2, "36->34": 3, "36->38": 2, "38->36": 3, "39->40": 2, "40->39": 3}, "metrics": [3.0, 1.0, 1.0]}