{"nodelist": ["ConstructorDeclaration", "{'public'}", "public", "mutateRow_args", "FormalParameter", "ReferenceType", "mutateRow_args", "other", "IfStatement", "MethodInvocation", "other", "isSetTableName", "BlockStatement", "StatementExpression", "Assignment", "This", "MemberReference", "tableName", "MemberReference", "other", "tableName", "=", "IfStatement", "MethodInvocation", "other", "isSetRow", "BlockStatement", "StatementExpression", "Assignment", "This", "MemberReference", "row", "MemberReference", "other", "row", "=", "IfStatement", "MethodInvocation", "other", "isSetMutations", "BlockStatement", "LocalVariableDeclaration", "ReferenceType", "List", "TypeArgument", "ReferenceType", "Mutation", "VariableDeclarator", "__this__mutations", "ClassCreator", "ReferenceType", "ArrayList", "TypeArgument", "ReferenceType", "Mutation", "MethodInvocation", "other.mutations", "size", "ForStatement", "EnhancedForControl", "VariableDeclaration", "ReferenceType", "Mutation", "VariableDeclarator", "other_element", "MemberReference", "other", "mutations", "BlockStatement", "StatementExpression", "MethodInvocation", "__this__mutations", "ClassCreator", "ReferenceType", "Mutation", "MemberReference", "other_element", "add", "StatementExpression", "Assignment", "This", "MemberReference", "mutations", "MemberReference", "__this__mutations", "=", "IfStatement", "MethodInvocation", "other", "isSetAttributes", "BlockStatement", "LocalVariableDeclaration", "ReferenceType", "Map", "TypeArgument", "ReferenceType", "ByteBuffer", "TypeArgument", "ReferenceType", "ByteBuffer", "VariableDeclarator", "__this__attributes", "ClassCreator", "ReferenceType", "HashMap", "TypeArgument", "ReferenceType", "ByteBuffer", "TypeArgument", "ReferenceType", "ByteBuffer", "MethodInvocation", "other.attributes", "size", "ForStatement", "EnhancedForControl", "VariableDeclaration", "ReferenceType", "Map", "ReferenceType", "Entry", "TypeArgument", "ReferenceType", "ByteBuffer", "TypeArgument", "ReferenceType", "ByteBuffer", "VariableDeclarator", "other_element", "MethodInvocation", "other.attributes", "entrySet", "BlockStatement", "LocalVariableDeclaration", "ReferenceType", "ByteBuffer", "VariableDeclarator", "other_element_key", "MethodInvocation", "other_element", "getKey", "LocalVariableDeclaration", "ReferenceType", "ByteBuffer", "VariableDeclarator", "other_element_value", "MethodInvocation", "other_element", "getValue", "LocalVariableDeclaration", "ReferenceType", "ByteBuffer", "VariableDeclarator", "__this__attributes_copy_key", "MemberReference", "other_element_key", "LocalVariableDeclaration", "ReferenceType", "ByteBuffer", "VariableDeclarator", "__this__attributes_copy_value", "MemberReference", "other_element_value", "StatementExpression", "MethodInvocation", "__this__attributes", "MemberReference", "__this__attributes_copy_key", "MemberReference", "__this__attributes_copy_value", "put", "StatementExpression", "Assignment", "This", "MemberReference", "attributes", "MemberReference", "__this__attributes", "="], "nodes": {"0": "ConstructorDeclaration", "1": "Modifier", "2": "public", "3": "mutateRow_args", "4": "FormalParameter", "5": "ReferenceType", "6": "mutateRow_args", "7": "other", "8": "IfStatement", "9": "MethodInvocation", "10": "other", "11": "isSetTableName", "12": "BlockStatement", "13": "StatementExpression", "14": "Assignment", "15": "This", "16": "MemberReference", "17": "tableName", "18": "MemberReference", "19": "other", "20": "tableName", "21": "=", "22": "IfStatement", "23": "MethodInvocation", "24": "other", "25": "isSetRow", "26": "BlockStatement", "27": "StatementExpression", "28": "Assignment", "29": "This", "30": "MemberReference", "31": "row", "32": "MemberReference", "33": "other", "34": "row", "35": "=", "36": "IfStatement", "37": "MethodInvocation", "38": "other", "39": "isSetMutations", "40": "BlockStatement", "41": "LocalVariableDeclaration", "42": "ReferenceType", "43": "List", "44": "TypeArgument", "45": "ReferenceType", "46": "Mutation", "47": "VariableDeclarator", "48": "__this__mutations", "49": "ClassCreator", "50": "ReferenceType", "51": "ArrayList", "52": "TypeArgument", "53": "ReferenceType", "54": "Mutation", "55": "MethodInvocation", "56": "other.mutations", "57": "size", "58": "ForStatement", "59": "EnhancedForControl", "60": "VariableDeclaration", "61": "ReferenceType", "62": "Mutation", "63": "VariableDeclarator", "64": "other_element", "65": "MemberReference", "66": "other", "67": "mutations", "68": "BlockStatement", "69": "StatementExpression", "70": "MethodInvocation", "71": "__this__mutations", "72": "ClassCreator", "73": "ReferenceType", "74": "Mutation", "75": "MemberReference", "76": "other_element", "77": "add", "78": "StatementExpression", "79": "Assignment", "80": "This", "81": "MemberReference", "82": "mutations", "83": "MemberReference", "84": "__this__mutations", "85": "=", "86": "IfStatement", "87": "MethodInvocation", "88": "other", "89": "isSetAttributes", "90": "BlockStatement", "91": "LocalVariableDeclaration", "92": "ReferenceType", "93": "Map", "94": "TypeArgument", "95": "ReferenceType", "96": "ByteBuffer", "97": "TypeArgument", "98": "ReferenceType", "99": "ByteBuffer", "100": "VariableDeclarator", "101": "__this__attributes", "102": "ClassCreator", "103": "ReferenceType", "104": "HashMap", "105": "TypeArgument", "106": "ReferenceType", "107": "ByteBuffer", "108": "TypeArgument", "109": "ReferenceType", "110": "ByteBuffer", "111": "MethodInvocation", "112": "other.attributes", "113": "size", "114": "ForStatement", "115": "EnhancedForControl", "116": "VariableDeclaration", "117": "ReferenceType", "118": "Map", "119": "ReferenceType", "120": "Entry", "121": "TypeArgument", "122": "ReferenceType", "123": "ByteBuffer", "124": "TypeArgument", "125": "ReferenceType", "126": "ByteBuffer", "127": "VariableDeclarator", "128": "other_element", "129": "MethodInvocation", "130": "other.attributes", "131": "entrySet", "132": "BlockStatement", "133": "LocalVariableDeclaration", "134": "ReferenceType", "135": "ByteBuffer", "136": "VariableDeclarator", "137": "other_element_key", "138": "MethodInvocation", "139": "other_element", "140": "getKey", "141": "LocalVariableDeclaration", "142": "ReferenceType", "143": "ByteBuffer", "144": "VariableDeclarator", "145": "other_element_value", "146": "MethodInvocation", "147": "other_element", "148": "getValue", "149": "LocalVariableDeclaration", "150": "ReferenceType", "151": "ByteBuffer", "152": "VariableDeclarator", "153": "__this__attributes_copy_key", "154": "MemberReference", "155": "other_element_key", "156": "LocalVariableDeclaration", "157": "ReferenceType", "158": "ByteBuffer", "159": "VariableDeclarator", "160": "__this__attributes_copy_value", "161": "MemberReference", "162": "other_element_value", "163": "StatementExpression", "164": "MethodInvocation", "165": "__this__attributes", "166": "MemberReference", "167": "__this__attributes_copy_key", "168": "MemberReference", "169": "__this__attributes_copy_value", "170": "put", "171": "StatementExpression", "172": "Assignment", "173": "This", "174": "MemberReference", "175": "attributes", "176": "MemberReference", "177": "__this__attributes", "178": "="}, "edges": {"0->1": 0, "1->0": 0, "1->2": 0, "2->1": 0, "0->3": 0, "3->0": 0, "0->4": 0, "4->0": 0, "4->5": 0, "5->4": 0, "5->6": 0, "6->5": 0, "4->7": 0, "7->4": 0, "0->8": 0, "8->0": 0, "8->9": 0, "9->8": 0, "9->10": 0, "10->9": 0, "9->11": 0, "11->9": 0, "8->12": 0, "12->8": 0, "12->13": 0, "13->12": 0, "13->14": 0, "14->13": 0, "14->15": 0, "15->14": 0, "15->16": 0, "16->15": 0, "16->17": 0, "17->16": 0, "14->18": 0, "18->14": 0, "18->19": 0, "19->18": 0, "18->20": 0, "20->18": 0, "14->21": 0, "21->14": 0, "0->22": 0, "22->0": 0, "22->23": 0, "23->22": 0, "23->24": 0, "24->23": 0, "23->25": 0, "25->23": 0, "22->26": 0, "26->22": 0, "26->27": 0, "27->26": 0, "27->28": 0, "28->27": 0, "28->29": 0, "29->28": 0, "29->30": 0, "30->29": 0, "30->31": 0, "31->30": 0, "28->32": 0, "32->28": 0, "32->33": 0, "33->32": 0, "32->34": 0, "34->32": 0, "28->35": 0, "35->28": 0, "0->36": 0, "36->0": 0, "36->37": 0, "37->36": 0, "37->38": 0, "38->37": 0, "37->39": 0, "39->37": 0, "36->40": 0, "40->36": 0, "40->41": 0, "41->40": 0, "41->42": 0, "42->41": 0, "42->43": 0, "43->42": 0, "42->44": 0, "44->42": 0, "44->45": 0, "45->44": 0, "45->46": 0, "46->45": 0, "41->47": 0, "47->41": 0, "47->48": 0, "48->47": 0, "47->49": 0, "49->47": 0, "49->50": 0, "50->49": 0, "50->51": 0, "51->50": 0, "50->52": 0, "52->50": 0, "52->53": 0, "53->52": 0, "53->54": 0, "54->53": 0, "49->55": 0, "55->49": 0, "55->56": 0, "56->55": 0, "55->57": 0, "57->55": 0, "40->58": 0, "58->40": 0, "58->59": 0, "59->58": 0, "59->60": 0, "60->59": 0, "60->61": 0, "61->60": 0, "61->62": 0, "62->61": 0, "60->63": 0, "63->60": 0, "63->64": 0, "64->63": 0, "59->65": 0, "65->59": 0, "65->66": 0, "66->65": 0, "65->67": 0, "67->65": 0, "58->68": 0, "68->58": 0, "68->69": 0, "69->68": 0, "69->70": 0, "70->69": 0, "70->71": 0, "71->70": 0, "70->72": 0, "72->70": 0, "72->73": 0, "73->72": 0, "73->74": 0, "74->73": 0, "72->75": 0, "75->72": 0, "75->76": 0, "76->75": 0, "70->77": 0, "77->70": 0, "40->78": 0, "78->40": 0, "78->79": 0, "79->78": 0, "79->80": 0, "80->79": 0, "80->81": 0, "81->80": 0, "81->82": 0, "82->81": 0, "79->83": 0, "83->79": 0, "83->84": 0, "84->83": 0, "79->85": 0, "85->79": 0, "0->86": 0, "86->0": 0, "86->87": 0, "87->86": 0, "87->88": 0, "88->87": 0, "87->89": 0, "89->87": 0, "86->90": 0, "90->86": 0, "90->91": 0, "91->90": 0, "91->92": 0, "92->91": 0, "92->93": 0, "93->92": 0, "92->94": 0, "94->92": 0, "94->95": 0, "95->94": 0, "95->96": 0, "96->95": 0, "92->97": 0, "97->92": 0, "97->98": 0, "98->97": 0, "98->99": 0, "99->98": 0, "91->100": 0, "100->91": 0, "100->101": 0, "101->100": 0, "100->102": 0, "102->100": 0, "102->103": 0, "103->102": 0, "103->104": 0, "104->103": 0, "103->105": 0, "105->103": 0, "105->106": 0, "106->105": 0, "106->107": 0, "107->106": 0, "103->108": 0, "108->103": 0, "108->109": 0, "109->108": 0, "109->110": 0, "110->109": 0, "102->111": 0, "111->102": 0, "111->112": 0, "112->111": 0, "111->113": 0, "113->111": 0, "90->114": 0, "114->90": 0, "114->115": 0, "115->114": 0, "115->116": 0, "116->115": 0, "116->117": 0, "117->116": 0, "117->118": 0, "118->117": 0, "117->119": 0, "119->117": 0, "119->120": 0, "120->119": 0, "119->121": 0, "121->119": 0, "121->122": 0, "122->121": 0, "122->123": 0, "123->122": 0, "119->124": 0, "124->119": 0, "124->125": 0, "125->124": 0, "125->126": 0, "126->125": 0, "116->127": 0, "127->116": 0, "127->128": 0, "128->127": 0, "115->129": 0, "129->115": 0, "129->130": 0, "130->129": 0, "129->131": 0, "131->129": 0, "114->132": 0, "132->114": 0, "132->133": 0, "133->132": 0, "133->134": 0, "134->133": 0, "134->135": 0, "135->134": 0, "133->136": 0, "136->133": 0, "136->137": 0, "137->136": 0, "136->138": 0, "138->136": 0, "138->139": 0, "139->138": 0, "138->140": 0, "140->138": 0, "132->141": 0, "141->132": 0, "141->142": 0, "142->141": 0, "142->143": 0, "143->142": 0, "141->144": 0, "144->141": 0, "144->145": 0, "145->144": 0, "144->146": 0, "146->144": 0, "146->147": 0, "147->146": 0, "146->148": 0, "148->146": 0, "132->149": 0, "149->132": 0, "149->150": 0, "150->149": 0, "150->151": 0, "151->150": 0, "149->152": 0, "152->149": 0, "152->153": 0, "153->152": 0, "152->154": 0, "154->152": 0, "154->155": 0, "155->154": 0, "132->156": 0, "156->132": 0, "156->157": 0, "157->156": 0, "157->158": 0, "158->157": 0, "156->159": 0, "159->156": 0, "159->160": 0, "160->159": 0, "159->161": 0, "161->159": 0, "161->162": 0, "162->161": 0, "132->163": 0, "163->132": 0, "163->164": 0, "164->163": 0, "164->165": 0, "165->164": 0, "164->166": 0, "166->164": 0, "166->167": 0, "167->166": 0, "164->168": 0, "168->164": 0, "168->169": 0, "169->168": 0, "164->170": 0, "170->164": 0, "90->171": 0, "171->90": 0, "171->172": 0, "172->171": 0, "172->173": 0, "173->172": 0, "173->174": 0, "174->173": 0, "174->175": 0, "175->174": 0, "172->176": 0, "176->172": 0, "176->177": 0, "177->176": 0, "172->178": 0, "178->172": 0, "1->3": 1, "3->1": 12, "3->4": 1, "4->3": 12, "4->8": 1, "8->4": 12, "8->22": 1, "22->8": 12, "22->36": 1, "36->22": 12, "36->86": 1, "86->36": 12, "5->7": 1, "7->5": 12, "9->12": 6, "12->9": 6, "10->11": 2, "11->10": 3, "15->18": 1, "18->15": 12, "18->21": 1, "21->18": 12, "19->20": 2, "20->19": 3, "23->26": 6, "26->23": 6, "24->25": 2, "25->24": 3, "29->32": 1, "32->29": 12, "32->35": 1, "35->32": 12, "33->34": 2, "34->33": 3, "37->40": 6, "40->37": 6, "38->39": 2, "39->38": 3, "41->58": 10, "58->41": 11, "58->78": 10, "78->58": 11, "42->47": 1, "47->42": 12, "43->44": 1, "44->43": 12, "48->49": 1, "49->48": 12, "50->55": 1, "55->50": 12, "51->52": 1, "52->51": 12, "56->57": 2, "57->56": 3, "59->68": 9, "68->59": 9, "60->65": 1, "65->60": 12, "61->63": 1, "63->61": 12, "66->67": 2, "67->66": 3, "71->72": 1, "72->71": 12, "72->77": 1, "77->72": 12, "73->75": 1, "75->73": 12, "80->83": 1, "83->80": 12, "83->85": 1, "85->83": 12, "87->90": 6, "90->87": 6, "88->89": 2, "89->88": 3, "91->114": 10, "114->91": 11, "114->171": 10, "171->114": 11, "92->100": 1, "100->92": 12, "93->94": 1, "94->93": 12, "94->97": 1, "97->94": 12, "101->102": 1, "102->101": 12, "103->111": 1, "111->103": 12, "104->105": 1, "105->104": 12, "105->108": 1, "108->105": 12, "112->113": 2, "113->112": 3, "115->132": 9, "132->115": 9, "116->129": 1, "129->116": 12, "117->127": 1, "127->117": 12, "118->119": 1, "119->118": 12, "120->121": 1, "121->120": 12, "121->124": 1, "124->121": 12, "130->131": 2, "131->130": 3, "133->141": 10, "141->133": 11, "141->149": 10, "149->141": 11, "149->156": 10, "156->149": 11, "156->163": 10, "163->156": 11, "134->136": 1, "136->134": 12, "137->138": 1, "138->137": 12, "139->140": 2, "140->139": 3, "142->144": 1, "144->142": 12, "145->146": 1, "146->145": 12, "147->148": 2, "148->147": 3, "150->152": 1, "152->150": 12, "153->154": 1, "154->153": 12, "157->159": 1, "159->157": 12, "160->161": 1, "161->160": 12, "165->166": 1, "166->165": 12, "166->168": 1, "168->166": 12, "168->170": 1, "170->168": 12, "173->176": 1, "176->173": 12, "176->178": 1, "178->176": 12, "2->3": 2, "3->2": 3, "3->6": 2, "6->3": 3, "6->7": 2, "7->6": 3, "7->10": 2, "10->7": 3, "11->17": 2, "17->11": 3, "17->19": 2, "19->17": 3, "20->21": 2, "21->20": 3, "21->24": 2, "24->21": 3, "25->31": 2, "31->25": 3, "31->33": 2, "33->31": 3, "34->35": 2, "35->34": 3, "35->38": 2, "38->35": 3, "39->43": 2, "43->39": 3, "43->46": 2, "46->43": 3, "46->48": 2, "48->46": 3, "48->51": 2, "51->48": 3, "51->54": 2, "54->51": 3, "54->56": 2, "56->54": 3, "57->62": 2, "62->57": 3, "62->64": 2, "64->62": 3, "64->66": 2, "66->64": 3, "67->71": 2, "71->67": 3, "71->74": 2, "74->71": 3, "74->76": 2, "76->74": 3, "76->77": 2, "77->76": 3, "77->82": 2, "82->77": 3, "82->84": 2, "84->82": 3, "84->85": 2, "85->84": 3, "85->88": 2, "88->85": 3, "89->93": 2, "93->89": 3, "93->96": 2, "96->93": 3, "96->99": 2, "99->96": 3, "99->101": 2, "101->99": 3, "101->104": 2, "104->101": 3, "104->107": 2, "107->104": 3, "107->110": 2, "110->107": 3, "110->112": 2, "112->110": 3, "113->118": 2, "118->113": 3, "118->120": 2, "120->118": 3, "120->123": 2, "123->120": 3, "123->126": 2, "126->123": 3, "126->128": 2, "128->126": 3, "128->130": 2, "130->128": 3, "131->135": 2, "135->131": 3, "135->137": 2, "137->135": 3, "137->139": 2, "139->137": 3, "140->143": 2, "143->140": 3, "143->145": 2, "145->143": 3, "145->147": 2, "147->145": 3, "148->151": 2, "151->148": 3, "151->153": 2, "153->151": 3, "153->155": 2, "155->153": 3, "155->158": 2, "158->155": 3, "158->160": 2, "160->158": 3, "160->162": 2, "162->160": 3, "162->165": 2, "165->162": 3, "165->167": 2, "167->165": 3, "167->169": 2, "169->167": 3, "169->170": 2, "170->169": 3, "170->175": 2, "175->170": 3, "175->177": 2, "177->175": 3, "177->178": 2, "178->177": 3, "17->20": 4, "20->17": 5, "31->34": 4, "34->31": 5, "67->82": 4, "82->67": 5}, "metrics": [26.0, 7.0, 1.0]}