{"nodelist": ["MethodDeclaration", "{'protected'}", "protected", "updateCurrent", "LocalVariableDeclaration", "ReferenceType", "Cell", "VariableDeclarator", "next", "Literal", "null", "TryStatement", "WhileStatement", "MethodInvocation", "iter", "hasNext", "BlockStatement", "StatementExpression", "Assignment", "MemberReference", "next", "MethodInvocation", "iter", "next", "=", "IfStatement", "BinaryOperation", "<=", "MethodInvocation", "next", "getSequenceId", "This", "MemberReference", "readPoint", "BlockStatement", "StatementExpression", "Assignment", "MemberReference", "current", "MemberReference", "next", "=", "ReturnStatement", "IfStatement", "BinaryOperation", "&&", "MemberReference", "stopSkippingKVsIfNextRow", "BinaryOperation", ">", "MethodInvocation", "segment", "MemberReference", "next", "MemberReference", "stopSkippingKVsRow", "compareRows", "Literal", "0", "BlockStatement", "StatementExpression", "Assignment", "MemberReference", "current", "Literal", "null", "=", "ReturnStatement", "StatementExpression", "Assignment", "MemberReference", "current", "Literal", "null", "=", "IfStatement", "BinaryOperation", "!=", "MemberReference", "next", "Literal", "null", "BlockStatement", "StatementExpression", "Assignment", "MemberReference", "last", "MemberReference", "next", "="], "nodes": {"0": "MethodDeclaration", "1": "Modifier", "2": "protected", "3": "updateCurrent", "4": "LocalVariableDeclaration", "5": "ReferenceType", "6": "Cell", "7": "VariableDeclarator", "8": "next", "9": "Literal", "10": "null", "11": "TryStatement", "12": "WhileStatement", "13": "MethodInvocation", "14": "iter", "15": "hasNext", "16": "BlockStatement", "17": "StatementExpression", "18": "Assignment", "19": "MemberReference", "20": "next", "21": "MethodInvocation", "22": "iter", "23": "next", "24": "=", "25": "IfStatement", "26": "BinaryOperation", "27": "<=", "28": "MethodInvocation", "29": "next", "30": "getSequenceId", "31": "This", "32": "MemberReference", "33": "readPoint", "34": "BlockStatement", "35": "StatementExpression", "36": "Assignment", "37": "MemberReference", "38": "current", "39": "MemberReference", "40": "next", "41": "=", "42": "ReturnStatement", "43": "IfStatement", "44": "BinaryOperation", "45": "&&", "46": "MemberReference", "47": "stopSkippingKVsIfNextRow", "48": "BinaryOperation", "49": ">", "50": "MethodInvocation", "51": "segment", "52": "MemberReference", "53": "next", "54": "MemberReference", "55": "stopSkippingKVsRow", "56": "compareRows", "57": "Literal", "58": "0", "59": "BlockStatement", "60": "StatementExpression", "61": "Assignment", "62": "MemberReference", "63": "current", "64": "Literal", "65": "null", "66": "=", "67": "ReturnStatement", "68": "StatementExpression", "69": "Assignment", "70": "MemberReference", "71": "current", "72": "Literal", "73": "null", "74": "=", "75": "IfStatement", "76": "BinaryOperation", "77": "!=", "78": "MemberReference", "79": "next", "80": "Literal", "81": "null", "82": "BlockStatement", "83": "StatementExpression", "84": "Assignment", "85": "MemberReference", "86": "last", "87": "MemberReference", "88": "next", "89": "="}, "edges": {"0->1": 0, "1->0": 0, "1->2": 0, "2->1": 0, "0->3": 0, "3->0": 0, "0->4": 0, "4->0": 0, "4->5": 0, "5->4": 0, "5->6": 0, "6->5": 0, "4->7": 0, "7->4": 0, "7->8": 0, "8->7": 0, "7->9": 0, "9->7": 0, "9->10": 0, "10->9": 0, "0->11": 0, "11->0": 0, "11->12": 0, "12->11": 0, "12->13": 0, "13->12": 0, "13->14": 0, "14->13": 0, "13->15": 0, "15->13": 0, "12->16": 0, "16->12": 0, "16->17": 0, "17->16": 0, "17->18": 0, "18->17": 0, "18->19": 0, "19->18": 0, "19->20": 0, "20->19": 0, "18->21": 0, "21->18": 0, "21->22": 0, "22->21": 0, "21->23": 0, "23->21": 0, "18->24": 0, "24->18": 0, "16->25": 0, "25->16": 0, "25->26": 0, "26->25": 0, "26->27": 0, "27->26": 0, "26->28": 0, "28->26": 0, "28->29": 0, "29->28": 0, "28->30": 0, "30->28": 0, "26->31": 0, "31->26": 0, "31->32": 0, "32->31": 0, "32->33": 0, "33->32": 0, "25->34": 0, "34->25": 0, "34->35": 0, "35->34": 0, "35->36": 0, "36->35": 0, "36->37": 0, "37->36": 0, "37->38": 0, "38->37": 0, "36->39": 0, "39->36": 0, "39->40": 0, "40->39": 0, "36->41": 0, "41->36": 0, "34->42": 0, "42->34": 0, "16->43": 0, "43->16": 0, "43->44": 0, "44->43": 0, "44->45": 0, "45->44": 0, "44->46": 0, "46->44": 0, "46->47": 0, "47->46": 0, "44->48": 0, "48->44": 0, "48->49": 0, "49->48": 0, "48->50": 0, "50->48": 0, "50->51": 0, "51->50": 0, "50->52": 0, "52->50": 0, "52->53": 0, "53->52": 0, "50->54": 0, "54->50": 0, "54->55": 0, "55->54": 0, "50->56": 0, "56->50": 0, "48->57": 0, "57->48": 0, "57->58": 0, "58->57": 0, "43->59": 0, "59->43": 0, "59->60": 0, "60->59": 0, "60->61": 0, "61->60": 0, "61->62": 0, "62->61": 0, "62->63": 0, "63->62": 0, "61->64": 0, "64->61": 0, "64->65": 0, "65->64": 0, "61->66": 0, "66->61": 0, "59->67": 0, "67->59": 0, "11->68": 0, "68->11": 0, "68->69": 0, "69->68": 0, "69->70": 0, "70->69": 0, "70->71": 0, "71->70": 0, "69->72": 0, "72->69": 0, "72->73": 0, "73->72": 0, "69->74": 0, "74->69": 0, "11->75": 0, "75->11": 0, "75->76": 0, "76->75": 0, "76->77": 0, "77->76": 0, "76->78": 0, "78->76": 0, "78->79": 0, "79->78": 0, "76->80": 0, "80->76": 0, "80->81": 0, "81->80": 0, "75->82": 0, "82->75": 0, "82->83": 0, "83->82": 0, "83->84": 0, "84->83": 0, "84->85": 0, "85->84": 0, "85->86": 0, "86->85": 0, "84->87": 0, "87->84": 0, "87->88": 0, "88->87": 0, "84->89": 0, "89->84": 0, "1->3": 1, "3->1": 12, "3->4": 1, "4->3": 12, "4->11": 1, "11->4": 12, "5->7": 1, "7->5": 12, "8->9": 1, "9->8": 12, "12->68": 1, "68->12": 12, "68->75": 1, "75->68": 12, "13->16": 8, "16->13": 8, "14->15": 2, "15->14": 3, "17->25": 10, "25->17": 11, "25->43": 10, "43->25": 11, "19->21": 1, "21->19": 12, "21->24": 1, "24->21": 12, "22->23": 2, "23->22": 3, "26->34": 6, "34->26": 6, "27->28": 1, "28->27": 12, "28->31": 1, "31->28": 12, "29->30": 2, "30->29": 3, "35->42": 10, "42->35": 11, "37->39": 1, "39->37": 12, "39->41": 1, "41->39": 12, "44->59": 6, "59->44": 6, "45->46": 1, "46->45": 12, "46->48": 1, "48->46": 12, "49->50": 1, "50->49": 12, "50->57": 1, "57->50": 12, "51->52": 1, "52->51": 12, "52->54": 1, "54->52": 12, "54->56": 1, "56->54": 12, "60->67": 10, "67->60": 11, "62->64": 1, "64->62": 12, "64->66": 1, "66->64": 12, "70->72": 1, "72->70": 12, "72->74": 1, "74->72": 12, "76->82": 6, "82->76": 6, "77->78": 1, "78->77": 12, "78->80": 1, "80->78": 12, "85->87": 1, "87->85": 12, "87->89": 1, "89->87": 12, "2->3": 2, "3->2": 3, "3->6": 2, "6->3": 3, "6->8": 2, "8->6": 3, "8->10": 2, "10->8": 3, "10->14": 2, "14->10": 3, "15->20": 2, "20->15": 3, "20->22": 2, "22->20": 3, "23->24": 2, "24->23": 3, "24->27": 2, "27->24": 3, "27->29": 2, "29->27": 3, "30->33": 2, "33->30": 3, "33->38": 2, "38->33": 3, "38->40": 2, "40->38": 3, "40->41": 2, "41->40": 3, "41->42": 2, "42->41": 3, "42->45": 2, "45->42": 3, "45->47": 2, "47->45": 3, "47->49": 2, "49->47": 3, "49->51": 2, "51->49": 3, "51->53": 2, "53->51": 3, "53->55": 2, "55->53": 3, "55->56": 2, "56->55": 3, "56->58": 2, "58->56": 3, "58->63": 2, "63->58": 3, "63->65": 2, "65->63": 3, "65->66": 2, "66->65": 3, "66->67": 2, "67->66": 3, "67->71": 2, "71->67": 3, "71->73": 2, "73->71": 3, "73->74": 2, "74->73": 3, "74->77": 2, "77->74": 3, "77->79": 2, "79->77": 3, "79->81": 2, "81->79": 3, "81->86": 2, "86->81": 3, "86->88": 2, "88->86": 3, "88->89": 2, "89->88": 3, "20->40": 4, "40->20": 5, "40->53": 4, "53->40": 5, "53->79": 4, "79->53": 5, "79->88": 4, "88->79": 5, "38->63": 4, "63->38": 5, "63->71": 4, "71->63": 5}, "metrics": [22.0, 5.0, 0.0]}