{"nodelist": ["MethodDeclaration", "{'public'}", "public", "ReferenceType", "Map", "TypeArgument", "ReferenceType", "HRegionInfo", "TypeArgument", "ReferenceType", "HServerAddress", "getRegionsInfo", "IOException", "LocalVariableDeclaration", "{'final'}", "final", "ReferenceType", "Map", "TypeArgument", "ReferenceType", "HRegionInfo", "TypeArgument", "ReferenceType", "HServerAddress", "VariableDeclarator", "regionMap", "ClassCreator", "ReferenceType", "TreeMap", "TypeArgument", "ReferenceType", "HRegionInfo", "TypeArgument", "ReferenceType", "HServerAddress", "LocalVariableDeclaration", "ReferenceType", "MetaScannerVisitor", "VariableDeclarator", "visitor", "ClassCreator", "ReferenceType", "MetaScannerVisitor", "MethodDeclaration", "{'public'}", "public", "BasicType", "boolean", "processRow", "FormalParameter", "ReferenceType", "Result", "rowResult", "IOException", "LocalVariableDeclaration", "ReferenceType", "HRegionInfo", "VariableDeclarator", "info", "MethodInvocation", "Writables", "MethodInvocation", "rowResult", "MemberReference", "HConstants", "CATALOG_FAMILY", "MemberReference", "HConstants", "REGIONINFO_QUALIFIER", "getValue", "getHRegionInfo", "IfStatement", "MethodInvocation", "!", "Bytes", "MethodInvocation", "info", "getTableName", "MethodInvocation", "getTableName", "equals", "BlockStatement", "ReturnStatement", "Literal", "false", "LocalVariableDeclaration", "ReferenceType", "HServerAddress", "VariableDeclarator", "server", "ClassCreator", "ReferenceType", "HServerAddress", "LocalVariableDeclaration", "BasicType", "byte", "VariableDeclarator", "value", "MethodInvocation", "rowResult", "MemberReference", "HConstants", "CATALOG_FAMILY", "MemberReference", "HConstants", "SERVER_QUALIFIER", "getValue", "IfStatement", "BinaryOperation", "&&", "BinaryOperation", "!=", "MemberReference", "value", "Literal", "null", "BinaryOperation", ">", "MemberReference", "value", "length", "Literal", "0", "BlockStatement", "LocalVariableDeclaration", "ReferenceType", "String", "VariableDeclarator", "hostAndPort", "MethodInvocation", "Bytes", "MemberReference", "value", "toString", "StatementExpression", "Assignment", "MemberReference", "server", "ClassCreator", "ReferenceType", "HServerAddress", "MethodInvocation", "Addressing", "MemberReference", "hostAndPort", "createInetSocketAddressFromHostAndPortStr", "=", "IfStatement", "BinaryOperation", "||", "MethodInvocation", "info", "isOffline", "MethodInvocation", "info", "isSplit", "BlockStatement", "StatementExpression", "MethodInvocation", "regionMap", "ClassCreator", "ReferenceType", "UnmodifyableHRegionInfo", "MemberReference", "info", "MemberReference", "server", "put", "ReturnStatement", "Literal", "true", "StatementExpression", "MethodInvocation", "MetaScanner", "MemberReference", "configuration", "MemberReference", "visitor", "MemberReference", "tableName", "metaScan", "ReturnStatement", "MemberReference", "regionMap"], "nodes": {"0": "MethodDeclaration", "1": "Modifier", "2": "public", "3": "ReferenceType", "4": "Map", "5": "TypeArgument", "6": "ReferenceType", "7": "HRegionInfo", "8": "TypeArgument", "9": "ReferenceType", "10": "HServerAddress", "11": "getRegionsInfo", "12": "IOException", "13": "LocalVariableDeclaration", "14": "Modifier", "15": "final", "16": "ReferenceType", "17": "Map", "18": "TypeArgument", "19": "ReferenceType", "20": "HRegionInfo", "21": "TypeArgument", "22": "ReferenceType", "23": "HServerAddress", "24": "VariableDeclarator", "25": "regionMap", "26": "ClassCreator", "27": "ReferenceType", "28": "TreeMap", "29": "TypeArgument", "30": "ReferenceType", "31": "HRegionInfo", "32": "TypeArgument", "33": "ReferenceType", "34": "HServerAddress", "35": "LocalVariableDeclaration", "36": "ReferenceType", "37": "MetaScannerVisitor", "38": "VariableDeclarator", "39": "visitor", "40": "ClassCreator", "41": "ReferenceType", "42": "MetaScannerVisitor", "43": "MethodDeclaration", "44": "Modifier", "45": "public", "46": "BasicType", "47": "boolean", "48": "processRow", "49": "FormalParameter", "50": "ReferenceType", "51": "Result", "52": "rowResult", "53": "IOException", "54": "LocalVariableDeclaration", "55": "ReferenceType", "56": "HRegionInfo", "57": "VariableDeclarator", "58": "info", "59": "MethodInvocation", "60": "Writables", "61": "MethodInvocation", "62": "rowResult", "63": "MemberReference", "64": "HConstants", "65": "CATALOG_FAMILY", "66": "MemberReference", "67": "HConstants", "68": "REGIONINFO_QUALIFIER", "69": "getValue", "70": "getHRegionInfo", "71": "IfStatement", "72": "MethodInvocation", "73": "!", "74": "Bytes", "75": "MethodInvocation", "76": "info", "77": "getTableName", "78": "MethodInvocation", "79": "getTableName", "80": "equals", "81": "BlockStatement", "82": "ReturnStatement", "83": "Literal", "84": "false", "85": "LocalVariableDeclaration", "86": "ReferenceType", "87": "HServerAddress", "88": "VariableDeclarator", "89": "server", "90": "ClassCreator", "91": "ReferenceType", "92": "HServerAddress", "93": "LocalVariableDeclaration", "94": "BasicType", "95": "byte", "96": "VariableDeclarator", "97": "value", "98": "MethodInvocation", "99": "rowResult", "100": "MemberReference", "101": "HConstants", "102": "CATALOG_FAMILY", "103": "MemberReference", "104": "HConstants", "105": "SERVER_QUALIFIER", "106": "getValue", "107": "IfStatement", "108": "BinaryOperation", "109": "&&", "110": "BinaryOperation", "111": "!=", "112": "MemberReference", "113": "value", "114": "Literal", "115": "null", "116": "BinaryOperation", "117": ">", "118": "MemberReference", "119": "value", "120": "length", "121": "Literal", "122": "0", "123": "BlockStatement", "124": "LocalVariableDeclaration", "125": "ReferenceType", "126": "String", "127": "VariableDeclarator", "128": "hostAndPort", "129": "MethodInvocation", "130": "Bytes", "131": "MemberReference", "132": "value", "133": "toString", "134": "StatementExpression", "135": "Assignment", "136": "MemberReference", "137": "server", "138": "ClassCreator", "139": "ReferenceType", "140": "HServerAddress", "141": "MethodInvocation", "142": "Addressing", "143": "MemberReference", "144": "hostAndPort", "145": "createInetSocketAddressFromHostAndPortStr", "146": "=", "147": "IfStatement", "148": "BinaryOperation", "149": "||", "150": "MethodInvocation", "151": "info", "152": "isOffline", "153": "MethodInvocation", "154": "info", "155": "isSplit", "156": "BlockStatement", "157": "StatementExpression", "158": "MethodInvocation", "159": "regionMap", "160": "ClassCreator", "161": "ReferenceType", "162": "UnmodifyableHRegionInfo", "163": "MemberReference", "164": "info", "165": "MemberReference", "166": "server", "167": "put", "168": "ReturnStatement", "169": "Literal", "170": "true", "171": "StatementExpression", "172": "MethodInvocation", "173": "MetaScanner", "174": "MemberReference", "175": "configuration", "176": "MemberReference", "177": "visitor", "178": "MemberReference", "179": "tableName", "180": "metaScan", "181": "ReturnStatement", "182": "MemberReference", "183": "regionMap"}, "edges": {"0->1": 0, "1->0": 0, "1->2": 0, "2->1": 0, "0->3": 0, "3->0": 0, "3->4": 0, "4->3": 0, "3->5": 0, "5->3": 0, "5->6": 0, "6->5": 0, "6->7": 0, "7->6": 0, "3->8": 0, "8->3": 0, "8->9": 0, "9->8": 0, "9->10": 0, "10->9": 0, "0->11": 0, "11->0": 0, "0->12": 0, "12->0": 0, "0->13": 0, "13->0": 0, "13->14": 0, "14->13": 0, "14->15": 0, "15->14": 0, "13->16": 0, "16->13": 0, "16->17": 0, "17->16": 0, "16->18": 0, "18->16": 0, "18->19": 0, "19->18": 0, "19->20": 0, "20->19": 0, "16->21": 0, "21->16": 0, "21->22": 0, "22->21": 0, "22->23": 0, "23->22": 0, "13->24": 0, "24->13": 0, "24->25": 0, "25->24": 0, "24->26": 0, "26->24": 0, "26->27": 0, "27->26": 0, "27->28": 0, "28->27": 0, "27->29": 0, "29->27": 0, "29->30": 0, "30->29": 0, "30->31": 0, "31->30": 0, "27->32": 0, "32->27": 0, "32->33": 0, "33->32": 0, "33->34": 0, "34->33": 0, "0->35": 0, "35->0": 0, "35->36": 0, "36->35": 0, "36->37": 0, "37->36": 0, "35->38": 0, "38->35": 0, "38->39": 0, "39->38": 0, "38->40": 0, "40->38": 0, "40->41": 0, "41->40": 0, "41->42": 0, "42->41": 0, "40->43": 0, "43->40": 0, "43->44": 0, "44->43": 0, "44->45": 0, "45->44": 0, "43->46": 0, "46->43": 0, "46->47": 0, "47->46": 0, "43->48": 0, "48->43": 0, "43->49": 0, "49->43": 0, "49->50": 0, "50->49": 0, "50->51": 0, "51->50": 0, "49->52": 0, "52->49": 0, "43->53": 0, "53->43": 0, "43->54": 0, "54->43": 0, "54->55": 0, "55->54": 0, "55->56": 0, "56->55": 0, "54->57": 0, "57->54": 0, "57->58": 0, "58->57": 0, "57->59": 0, "59->57": 0, "59->60": 0, "60->59": 0, "59->61": 0, "61->59": 0, "61->62": 0, "62->61": 0, "61->63": 0, "63->61": 0, "63->64": 0, "64->63": 0, "63->65": 0, "65->63": 0, "61->66": 0, "66->61": 0, "66->67": 0, "67->66": 0, "66->68": 0, "68->66": 0, "61->69": 0, "69->61": 0, "59->70": 0, "70->59": 0, "43->71": 0, "71->43": 0, "71->72": 0, "72->71": 0, "72->73": 0, "73->72": 0, "72->74": 0, "74->72": 0, "72->75": 0, "75->72": 0, "75->76": 0, "76->75": 0, "75->77": 0, "77->75": 0, "72->78": 0, "78->72": 0, "78->79": 0, "79->78": 0, "72->80": 0, "80->72": 0, "71->81": 0, "81->71": 0, "81->82": 0, "82->81": 0, "82->83": 0, "83->82": 0, "83->84": 0, "84->83": 0, "43->85": 0, "85->43": 0, "85->86": 0, "86->85": 0, "86->87": 0, "87->86": 0, "85->88": 0, "88->85": 0, "88->89": 0, "89->88": 0, "88->90": 0, "90->88": 0, "90->91": 0, "91->90": 0, "91->92": 0, "92->91": 0, "43->93": 0, "93->43": 0, "93->94": 0, "94->93": 0, "94->95": 0, "95->94": 0, "93->96": 0, "96->93": 0, "96->97": 0, "97->96": 0, "96->98": 0, "98->96": 0, "98->99": 0, "99->98": 0, "98->100": 0, "100->98": 0, "100->101": 0, "101->100": 0, "100->102": 0, "102->100": 0, "98->103": 0, "103->98": 0, "103->104": 0, "104->103": 0, "103->105": 0, "105->103": 0, "98->106": 0, "106->98": 0, "43->107": 0, "107->43": 0, "107->108": 0, "108->107": 0, "108->109": 0, "109->108": 0, "108->110": 0, "110->108": 0, "110->111": 0, "111->110": 0, "110->112": 0, "112->110": 0, "112->113": 0, "113->112": 0, "110->114": 0, "114->110": 0, "114->115": 0, "115->114": 0, "108->116": 0, "116->108": 0, "116->117": 0, "117->116": 0, "116->118": 0, "118->116": 0, "118->119": 0, "119->118": 0, "118->120": 0, "120->118": 0, "116->121": 0, "121->116": 0, "121->122": 0, "122->121": 0, "107->123": 0, "123->107": 0, "123->124": 0, "124->123": 0, "124->125": 0, "125->124": 0, "125->126": 0, "126->125": 0, "124->127": 0, "127->124": 0, "127->128": 0, "128->127": 0, "127->129": 0, "129->127": 0, "129->130": 0, "130->129": 0, "129->131": 0, "131->129": 0, "131->132": 0, "132->131": 0, "129->133": 0, "133->129": 0, "123->134": 0, "134->123": 0, "134->135": 0, "135->134": 0, "135->136": 0, "136->135": 0, "136->137": 0, "137->136": 0, "135->138": 0, "138->135": 0, "138->139": 0, "139->138": 0, "139->140": 0, "140->139": 0, "138->141": 0, "141->138": 0, "141->142": 0, "142->141": 0, "141->143": 0, "143->141": 0, "143->144": 0, "144->143": 0, "141->145": 0, "145->141": 0, "135->146": 0, "146->135": 0, "43->147": 0, "147->43": 0, "147->148": 0, "148->147": 0, "148->149": 0, "149->148": 0, "148->150": 0, "150->148": 0, "150->151": 0, "151->150": 0, "150->152": 0, "152->150": 0, "148->153": 0, "153->148": 0, "153->154": 0, "154->153": 0, "153->155": 0, "155->153": 0, "147->156": 0, "156->147": 0, "156->157": 0, "157->156": 0, "157->158": 0, "158->157": 0, "158->159": 0, "159->158": 0, "158->160": 0, "160->158": 0, "160->161": 0, "161->160": 0, "161->162": 0, "162->161": 0, "160->163": 0, "163->160": 0, "163->164": 0, "164->163": 0, "158->165": 0, "165->158": 0, "165->166": 0, "166->165": 0, "158->167": 0, "167->158": 0, "43->168": 0, "168->43": 0, "168->169": 0, "169->168": 0, "169->170": 0, "170->169": 0, "0->171": 0, "171->0": 0, "171->172": 0, "172->171": 0, "172->173": 0, "173->172": 0, "172->174": 0, "174->172": 0, "174->175": 0, "175->174": 0, "172->176": 0, "176->172": 0, "176->177": 0, "177->176": 0, "172->178": 0, "178->172": 0, "178->179": 0, "179->178": 0, "172->180": 0, "180->172": 0, "0->181": 0, "181->0": 0, "181->182": 0, "182->181": 0, "182->183": 0, "183->182": 0, "1->3": 1, "3->1": 12, "3->11": 1, "11->3": 12, "11->12": 2, "12->11": 3, "12->13": 1, "13->12": 12, "13->35": 1, "35->13": 12, "35->171": 1, "171->35": 12, "171->181": 1, "181->171": 12, "4->5": 1, "5->4": 12, "5->8": 1, "8->5": 12, "14->16": 1, "16->14": 12, "16->24": 1, "24->16": 12, "17->18": 1, "18->17": 12, "18->21": 1, "21->18": 12, "25->26": 1, "26->25": 12, "28->29": 1, "29->28": 12, "29->32": 1, "32->29": 12, "36->38": 1, "38->36": 12, "39->40": 1, "40->39": 12, "41->43": 1, "43->41": 12, "44->46": 1, "46->44": 12, "46->48": 1, "48->46": 12, "48->49": 1, "49->48": 12, "49->53": 1, "53->49": 12, "53->54": 1, "54->53": 12, "54->71": 1, "71->54": 12, "71->85": 1, "85->71": 12, "85->93": 1, "93->85": 12, "93->107": 1, "107->93": 12, "107->147": 1, "147->107": 12, "147->168": 1, "168->147": 12, "50->52": 1, "52->50": 12, "55->57": 1, "57->55": 12, "58->59": 1, "59->58": 12, "60->61": 1, "61->60": 12, "61->70": 1, "70->61": 12, "62->63": 1, "63->62": 12, "63->66": 1, "66->63": 12, "66->69": 1, "69->66": 12, "64->65": 2, "65->64": 3, "67->68": 2, "68->67": 3, "72->81": 6, "81->72": 6, "73->74": 2, "74->73": 3, "74->75": 1, "75->74": 12, "75->78": 1, "78->75": 12, "78->80": 1, "80->78": 12, "76->77": 2, "77->76": 3, "86->88": 1, "88->86": 12, "89->90": 1, "90->89": 12, "94->96": 1, "96->94": 12, "97->98": 1, "98->97": 12, "99->100": 1, "100->99": 12, "100->103": 1, "103->100": 12, "103->106": 1, "106->103": 12, "101->102": 2, "102->101": 3, "104->105": 2, "105->104": 3, "108->123": 6, "123->108": 6, "109->110": 1, "110->109": 12, "110->116": 1, "116->110": 12, "111->112": 1, "112->111": 12, "112->114": 1, "114->112": 12, "117->118": 1, "118->117": 12, "118->121": 1, "121->118": 12, "119->120": 2, "120->119": 3, "124->134": 10, "134->124": 11, "125->127": 1, "127->125": 12, "128->129": 1, "129->128": 12, "130->131": 1, "131->130": 12, "131->133": 1, "133->131": 12, "136->138": 1, "138->136": 12, "138->146": 1, "146->138": 12, "139->141": 1, "141->139": 12, "142->143": 1, "143->142": 12, "143->145": 1, "145->143": 12, "148->156": 6, "156->148": 6, "149->150": 1, "150->149": 12, "150->153": 1, "153->150": 12, "151->152": 2, "152->151": 3, "154->155": 2, "155->154": 3, "159->160": 1, "160->159": 12, "160->165": 1, "165->160": 12, "165->167": 1, "167->165": 12, "161->163": 1, "163->161": 12, "173->174": 1, "174->173": 12, "174->176": 1, "176->174": 12, "176->178": 1, "178->176": 12, "178->180": 1, "180->178": 12, "2->4": 2, "4->2": 3, "4->7": 2, "7->4": 3, "7->10": 2, "10->7": 3, "10->11": 2, "11->10": 3, "12->15": 2, "15->12": 3, "15->17": 2, "17->15": 3, "17->20": 2, "20->17": 3, "20->23": 2, "23->20": 3, "23->25": 2, "25->23": 3, "25->28": 2, "28->25": 3, "28->31": 2, "31->28": 3, "31->34": 2, "34->31": 3, "34->37": 2, "37->34": 3, "37->39": 2, "39->37": 3, "39->42": 2, "42->39": 3, "42->45": 2, "45->42": 3, "45->47": 2, "47->45": 3, "47->48": 2, "48->47": 3, "48->51": 2, "51->48": 3, "51->52": 2, "52->51": 3, "52->53": 2, "53->52": 3, "53->56": 2, "56->53": 3, "56->58": 2, "58->56": 3, "58->60": 2, "60->58": 3, "60->62": 2, "62->60": 3, "62->64": 2, "64->62": 3, "65->67": 2, "67->65": 3, "68->69": 2, "69->68": 3, "69->70": 2, "70->69": 3, "70->73": 2, "73->70": 3, "74->76": 2, "76->74": 3, "77->79": 2, "79->77": 3, "79->80": 2, "80->79": 3, "80->84": 2, "84->80": 3, "84->87": 2, "87->84": 3, "87->89": 2, "89->87": 3, "89->92": 2, "92->89": 3, "92->95": 2, "95->92": 3, "95->97": 2, "97->95": 3, "97->99": 2, "99->97": 3, "99->101": 2, "101->99": 3, "102->104": 2, "104->102": 3, "105->106": 2, "106->105": 3, "106->109": 2, "109->106": 3, "109->111": 2, "111->109": 3, "111->113": 2, "113->111": 3, "113->115": 2, "115->113": 3, "115->117": 2, "117->115": 3, "117->119": 2, "119->117": 3, "120->122": 2, "122->120": 3, "122->126": 2, "126->122": 3, "126->128": 2, "128->126": 3, "128->130": 2, "130->128": 3, "130->132": 2, "132->130": 3, "132->133": 2, "133->132": 3, "133->137": 2, "137->133": 3, "137->140": 2, "140->137": 3, "140->142": 2, "142->140": 3, "142->144": 2, "144->142": 3, "144->145": 2, "145->144": 3, "145->146": 2, "146->145": 3, "146->149": 2, "149->146": 3, "149->151": 2, "151->149": 3, "152->154": 2, "154->152": 3, "155->159": 2, "159->155": 3, "159->162": 2, "162->159": 3, "162->164": 2, "164->162": 3, "164->166": 2, "166->164": 3, "166->167": 2, "167->166": 3, "167->170": 2, "170->167": 3, "170->173": 2, "173->170": 3, "173->175": 2, "175->173": 3, "175->177": 2, "177->175": 3, "177->179": 2, "179->177": 3, "179->180": 2, "180->179": 3, "180->183": 2, "183->180": 3, "65->102": 4, "102->65": 5, "113->132": 4, "132->113": 5, "137->166": 4, "166->137": 5}, "metrics": [24.0, 4.0, 0.0]}