{"nodelist": ["MethodDeclaration", "{'public'}", "public", "modifyTable", "FormalParameter", "{'final'}", "final", "ReferenceType", "String", "tableName", "FormalParameter", "{'final'}", "final", "ReferenceType", "HTableDescriptor", "htd", "IOException", "StatementExpression", "MethodInvocation", "MethodInvocation", "TableName", "MemberReference", "tableName", "valueOf", "MemberReference", "htd", "modifyTable"], "nodes": {"0": "MethodDeclaration", "1": "Modifier", "2": "public", "3": "modifyTable", "4": "FormalParameter", "5": "Modifier", "6": "final", "7": "ReferenceType", "8": "String", "9": "tableName", "10": "FormalParameter", "11": "Modifier", "12": "final", "13": "ReferenceType", "14": "HTableDescriptor", "15": "htd", "16": "IOException", "17": "StatementExpression", "18": "MethodInvocation", "19": "MethodInvocation", "20": "TableName", "21": "MemberReference", "22": "tableName", "23": "valueOf", "24": "MemberReference", "25": "htd", "26": "modifyTable"}, "edges": {"0->1": 0, "1->0": 0, "1->2": 0, "2->1": 0, "0->3": 0, "3->0": 0, "0->4": 0, "4->0": 0, "4->5": 0, "5->4": 0, "5->6": 0, "6->5": 0, "4->7": 0, "7->4": 0, "7->8": 0, "8->7": 0, "4->9": 0, "9->4": 0, "0->10": 0, "10->0": 0, "10->11": 0, "11->10": 0, "11->12": 0, "12->11": 0, "10->13": 0, "13->10": 0, "13->14": 0, "14->13": 0, "10->15": 0, "15->10": 0, "0->16": 0, "16->0": 0, "0->17": 0, "17->0": 0, "17->18": 0, "18->17": 0, "18->19": 0, "19->18": 0, "19->20": 0, "20->19": 0, "19->21": 0, "21->19": 0, "21->22": 0, "22->21": 0, "19->23": 0, "23->19": 0, "18->24": 0, "24->18": 0, "24->25": 0, "25->24": 0, "18->26": 0, "26->18": 0, "1->3": 1, "3->1": 12, "3->4": 1, "4->3": 12, "4->10": 1, "10->4": 12, "10->16": 1, "16->10": 12, "16->17": 1, "17->16": 12, "5->7": 1, "7->5": 12, "7->9": 1, "9->7": 12, "11->13": 1, "13->11": 12, "13->15": 1, "15->13": 12, "19->24": 1, "24->19": 12, "24->26": 1, "26->24": 12, "20->21": 1, "21->20": 12, "21->23": 1, "23->21": 12, "2->3": 2, "3->2": 3, "3->6": 2, "6->3": 3, "6->8": 2, "8->6": 3, "8->9": 2, "9->8": 3, "9->12": 2, "12->9": 3, "12->14": 2, "14->12": 3, "14->15": 2, "15->14": 3, "15->16": 2, "16->15": 3, "16->20": 2, "20->16": 3, "20->22": 2, "22->20": 3, "22->23": 2, "23->22": 3, "23->25": 2, "25->23": 3, "25->26": 2, "26->25": 3}, "metrics": [3.0, 1.0, 2.0]}