{"nodelist": ["MethodDeclaration", "{'public'}", "public", "Annotation", "Override", "processOptions", "FormalParameter", "ReferenceType", "CommandLine", "cmd", "StatementExpression", "Assignment", "MemberReference", "numThreads", "MethodInvocation", "MemberReference", "cmd", "MethodInvocation", "NUM_THREADS_OPTION", "getOpt", "MemberReference", "DEFAULT_NUM_THREADS", "getOptionAsInt", "=", "StatementExpression", "Assignment", "MemberReference", "numProcs", "MethodInvocation", "MemberReference", "cmd", "MethodInvocation", "NUM_PROCS_OPTION", "getOpt", "MemberReference", "DEFAULT_NUM_PROCS", "getOptionAsInt", "=", "StatementExpression", "Assignment", "MemberReference", "numWals", "MethodInvocation", "MemberReference", "cmd", "MethodInvocation", "NUM_WALS_OPTION", "getOpt", "MemberReference", "DEFAULT_NUM_WALS", "getOptionAsInt", "=", "StatementExpression", "Assignment", "MemberReference", "syncType", "MethodInvocation", "cmd", "MethodInvocation", "SYNC_OPTION", "getOpt", "MemberReference", "DEFAULT_SYNC_OPTION", "getOptionValue", "=", "AssertStatement", "BinaryOperation", "||", "BinaryOperation", "||", "Literal", "MethodInvocation", "MemberReference", "syncType", "equals", "\"hsync\"", "Literal", "MethodInvocation", "MemberReference", "syncType", "equals", "\"hflush\"", "Literal", "MethodInvocation", "MemberReference", "syncType", "equals", "\"nosync\"", "Literal", "\"sync argument can only accept one of these three values: hsync, hflush, nosync\"", "StatementExpression", "Assignment", "MemberReference", "stateSize", "MethodInvocation", "MemberReference", "cmd", "MethodInvocation", "STATE_SIZE_OPTION", "getOpt", "MemberReference", "DEFAULT_STATE_SIZE", "getOptionAsInt", "=", "StatementExpression", "Assignment", "MemberReference", "serializedState", "ArrayCreator", "BasicType", "byte", "MemberReference", "stateSize", "=", "StatementExpression", "MethodInvocation", "setupConf"], "nodes": {"0": "MethodDeclaration", "1": "Modifier", "2": "public", "3": "Annotation", "4": "Override", "5": "processOptions", "6": "FormalParameter", "7": "ReferenceType", "8": "CommandLine", "9": "cmd", "10": "StatementExpression", "11": "Assignment", "12": "MemberReference", "13": "numThreads", "14": "MethodInvocation", "15": "MemberReference", "16": "cmd", "17": "MethodInvocation", "18": "NUM_THREADS_OPTION", "19": "getOpt", "20": "MemberReference", "21": "DEFAULT_NUM_THREADS", "22": "getOptionAsInt", "23": "=", "24": "StatementExpression", "25": "Assignment", "26": "MemberReference", "27": "numProcs", "28": "MethodInvocation", "29": "MemberReference", "30": "cmd", "31": "MethodInvocation", "32": "NUM_PROCS_OPTION", "33": "getOpt", "34": "MemberReference", "35": "DEFAULT_NUM_PROCS", "36": "getOptionAsInt", "37": "=", "38": "StatementExpression", "39": "Assignment", "40": "MemberReference", "41": "numWals", "42": "MethodInvocation", "43": "MemberReference", "44": "cmd", "45": "MethodInvocation", "46": "NUM_WALS_OPTION", "47": "getOpt", "48": "MemberReference", "49": "DEFAULT_NUM_WALS", "50": "getOptionAsInt", "51": "=", "52": "StatementExpression", "53": "Assignment", "54": "MemberReference", "55": "syncType", "56": "MethodInvocation", "57": "cmd", "58": "MethodInvocation", "59": "SYNC_OPTION", "60": "getOpt", "61": "MemberReference", "62": "DEFAULT_SYNC_OPTION", "63": "getOptionValue", "64": "=", "65": "AssertStatement", "66": "BinaryOperation", "67": "||", "68": "BinaryOperation", "69": "||", "70": "Literal", "71": "MethodInvocation", "72": "MemberReference", "73": "syncType", "74": "equals", "75": "\"hsync\"", "76": "Literal", "77": "MethodInvocation", "78": "MemberReference", "79": "syncType", "80": "equals", "81": "\"hflush\"", "82": "Literal", "83": "MethodInvocation", "84": "MemberReference", "85": "syncType", "86": "equals", "87": "\"nosync\"", "88": "Literal", "89": "\"sync argument can only accept one of these three values: hsync, hflush, nosync\"", "90": "StatementExpression", "91": "Assignment", "92": "MemberReference", "93": "stateSize", "94": "MethodInvocation", "95": "MemberReference", "96": "cmd", "97": "MethodInvocation", "98": "STATE_SIZE_OPTION", "99": "getOpt", "100": "MemberReference", "101": "DEFAULT_STATE_SIZE", "102": "getOptionAsInt", "103": "=", "104": "StatementExpression", "105": "Assignment", "106": "MemberReference", "107": "serializedState", "108": "ArrayCreator", "109": "BasicType", "110": "byte", "111": "MemberReference", "112": "stateSize", "113": "=", "114": "StatementExpression", "115": "MethodInvocation", "116": "setupConf"}, "edges": {"0->1": 0, "1->0": 0, "1->2": 0, "2->1": 0, "0->3": 0, "3->0": 0, "3->4": 0, "4->3": 0, "0->5": 0, "5->0": 0, "0->6": 0, "6->0": 0, "6->7": 0, "7->6": 0, "7->8": 0, "8->7": 0, "6->9": 0, "9->6": 0, "0->10": 0, "10->0": 0, "10->11": 0, "11->10": 0, "11->12": 0, "12->11": 0, "12->13": 0, "13->12": 0, "11->14": 0, "14->11": 0, "14->15": 0, "15->14": 0, "15->16": 0, "16->15": 0, "14->17": 0, "17->14": 0, "17->18": 0, "18->17": 0, "17->19": 0, "19->17": 0, "14->20": 0, "20->14": 0, "20->21": 0, "21->20": 0, "14->22": 0, "22->14": 0, "11->23": 0, "23->11": 0, "0->24": 0, "24->0": 0, "24->25": 0, "25->24": 0, "25->26": 0, "26->25": 0, "26->27": 0, "27->26": 0, "25->28": 0, "28->25": 0, "28->29": 0, "29->28": 0, "29->30": 0, "30->29": 0, "28->31": 0, "31->28": 0, "31->32": 0, "32->31": 0, "31->33": 0, "33->31": 0, "28->34": 0, "34->28": 0, "34->35": 0, "35->34": 0, "28->36": 0, "36->28": 0, "25->37": 0, "37->25": 0, "0->38": 0, "38->0": 0, "38->39": 0, "39->38": 0, "39->40": 0, "40->39": 0, "40->41": 0, "41->40": 0, "39->42": 0, "42->39": 0, "42->43": 0, "43->42": 0, "43->44": 0, "44->43": 0, "42->45": 0, "45->42": 0, "45->46": 0, "46->45": 0, "45->47": 0, "47->45": 0, "42->48": 0, "48->42": 0, "48->49": 0, "49->48": 0, "42->50": 0, "50->42": 0, "39->51": 0, "51->39": 0, "0->52": 0, "52->0": 0, "52->53": 0, "53->52": 0, "53->54": 0, "54->53": 0, "54->55": 0, "55->54": 0, "53->56": 0, "56->53": 0, "56->57": 0, "57->56": 0, "56->58": 0, "58->56": 0, "58->59": 0, "59->58": 0, "58->60": 0, "60->58": 0, "56->61": 0, "61->56": 0, "61->62": 0, "62->61": 0, "56->63": 0, "63->56": 0, "53->64": 0, "64->53": 0, "0->65": 0, "65->0": 0, "65->66": 0, "66->65": 0, "66->67": 0, "67->66": 0, "66->68": 0, "68->66": 0, "68->69": 0, "69->68": 0, "68->70": 0, "70->68": 0, "70->71": 0, "71->70": 0, "71->72": 0, "72->71": 0, "72->73": 0, "73->72": 0, "71->74": 0, "74->71": 0, "70->75": 0, "75->70": 0, "68->76": 0, "76->68": 0, "76->77": 0, "77->76": 0, "77->78": 0, "78->77": 0, "78->79": 0, "79->78": 0, "77->80": 0, "80->77": 0, "76->81": 0, "81->76": 0, "66->82": 0, "82->66": 0, "82->83": 0, "83->82": 0, "83->84": 0, "84->83": 0, "84->85": 0, "85->84": 0, "83->86": 0, "86->83": 0, "82->87": 0, "87->82": 0, "65->88": 0, "88->65": 0, "88->89": 0, "89->88": 0, "0->90": 0, "90->0": 0, "90->91": 0, "91->90": 0, "91->92": 0, "92->91": 0, "92->93": 0, "93->92": 0, "91->94": 0, "94->91": 0, "94->95": 0, "95->94": 0, "95->96": 0, "96->95": 0, "94->97": 0, "97->94": 0, "97->98": 0, "98->97": 0, "97->99": 0, "99->97": 0, "94->100": 0, "100->94": 0, "100->101": 0, "101->100": 0, "94->102": 0, "102->94": 0, "91->103": 0, "103->91": 0, "0->104": 0, "104->0": 0, "104->105": 0, "105->104": 0, "105->106": 0, "106->105": 0, "106->107": 0, "107->106": 0, "105->108": 0, "108->105": 0, "108->109": 0, "109->108": 0, "109->110": 0, "110->109": 0, "108->111": 0, "111->108": 0, "111->112": 0, "112->111": 0, "105->113": 0, "113->105": 0, "0->114": 0, "114->0": 0, "114->115": 0, "115->114": 0, "115->116": 0, "116->115": 0, "1->3": 1, "3->1": 12, "3->5": 1, "5->3": 12, "5->6": 1, "6->5": 12, "6->10": 1, "10->6": 12, "10->24": 1, "24->10": 12, "24->38": 1, "38->24": 12, "38->52": 1, "52->38": 12, "52->65": 1, "65->52": 12, "65->90": 1, "90->65": 12, "90->104": 1, "104->90": 12, "104->114": 1, "114->104": 12, "7->9": 1, "9->7": 12, "12->14": 1, "14->12": 12, "14->23": 1, "23->14": 12, "15->17": 1, "17->15": 12, "17->20": 1, "20->17": 12, "20->22": 1, "22->20": 12, "18->19": 2, "19->18": 3, "26->28": 1, "28->26": 12, "28->37": 1, "37->28": 12, "29->31": 1, "31->29": 12, "31->34": 1, "34->31": 12, "34->36": 1, "36->34": 12, "32->33": 2, "33->32": 3, "40->42": 1, "42->40": 12, "42->51": 1, "51->42": 12, "43->45": 1, "45->43": 12, "45->48": 1, "48->45": 12, "48->50": 1, "50->48": 12, "46->47": 2, "47->46": 3, "54->56": 1, "56->54": 12, "56->64": 1, "64->56": 12, "57->58": 1, "58->57": 12, "58->61": 1, "61->58": 12, "61->63": 1, "63->61": 12, "59->60": 2, "60->59": 3, "66->88": 1, "88->66": 12, "67->68": 1, "68->67": 12, "68->82": 1, "82->68": 12, "69->70": 1, "70->69": 12, "70->76": 1, "76->70": 12, "71->75": 1, "75->71": 12, "72->74": 1, "74->72": 12, "77->81": 1, "81->77": 12, "78->80": 1, "80->78": 12, "83->87": 1, "87->83": 12, "84->86": 1, "86->84": 12, "92->94": 1, "94->92": 12, "94->103": 1, "103->94": 12, "95->97": 1, "97->95": 12, "97->100": 1, "100->97": 12, "100->102": 1, "102->100": 12, "98->99": 2, "99->98": 3, "106->108": 1, "108->106": 12, "108->113": 1, "113->108": 12, "109->111": 1, "111->109": 12, "2->4": 2, "4->2": 3, "4->5": 2, "5->4": 3, "5->8": 2, "8->5": 3, "8->9": 2, "9->8": 3, "9->13": 2, "13->9": 3, "13->16": 2, "16->13": 3, "16->18": 2, "18->16": 3, "19->21": 2, "21->19": 3, "21->22": 2, "22->21": 3, "22->23": 2, "23->22": 3, "23->27": 2, "27->23": 3, "27->30": 2, "30->27": 3, "30->32": 2, "32->30": 3, "33->35": 2, "35->33": 3, "35->36": 2, "36->35": 3, "36->37": 2, "37->36": 3, "37->41": 2, "41->37": 3, "41->44": 2, "44->41": 3, "44->46": 2, "46->44": 3, "47->49": 2, "49->47": 3, "49->50": 2, "50->49": 3, "50->51": 2, "51->50": 3, "51->55": 2, "55->51": 3, "55->57": 2, "57->55": 3, "57->59": 2, "59->57": 3, "60->62": 2, "62->60": 3, "62->63": 2, "63->62": 3, "63->64": 2, "64->63": 3, "64->67": 2, "67->64": 3, "67->69": 2, "69->67": 3, "69->73": 2, "73->69": 3, "73->74": 2, "74->73": 3, "74->75": 2, "75->74": 3, "75->79": 2, "79->75": 3, "79->80": 2, "80->79": 3, "80->81": 2, "81->80": 3, "81->85": 2, "85->81": 3, "85->86": 2, "86->85": 3, "86->87": 2, "87->86": 3, "87->89": 2, "89->87": 3, "89->93": 2, "93->89": 3, "93->96": 2, "96->93": 3, "96->98": 2, "98->96": 3, "99->101": 2, "101->99": 3, "101->102": 2, "102->101": 3, "102->103": 2, "103->102": 3, "103->107": 2, "107->103": 3, "107->110": 2, "110->107": 3, "110->112": 2, "112->110": 3, "112->113": 2, "113->112": 3, "113->116": 2, "116->113": 3, "16->30": 4, "30->16": 5, "30->44": 4, "44->30": 5, "44->96": 4, "96->44": 5, "55->73": 4, "73->55": 5, "73->79": 4, "79->73": 5, "79->85": 4, "85->79": 5, "93->112": 4, "112->93": 5}, "metrics": [10.0, 1.0, 1.0]}