{"nodelist": ["MethodDeclaration", "{'private'}", "private", "ReferenceType", "HRegionInfo", "cloneHdfsRegions", "FormalParameter", "{'final'}", "final", "ReferenceType", "ThreadPoolExecutor", "exec", "FormalParameter", "{'final'}", "final", "ReferenceType", "Map", "TypeArgument", "ReferenceType", "String", "TypeArgument", "ReferenceType", "SnapshotRegionManifest", "regionManifests", "FormalParameter", "{'final'}", "final", "ReferenceType", "List", "TypeArgument", "ReferenceType", "HRegionInfo", "regions", "IOException", "IfStatement", "BinaryOperation", "||", "BinaryOperation", "==", "MemberReference", "regions", "Literal", "null", "BinaryOperation", "==", "MethodInvocation", "regions", "size", "Literal", "0", "ReturnStatement", "Literal", "null", "LocalVariableDeclaration", "{'final'}", "final", "ReferenceType", "Map", "TypeArgument", "ReferenceType", "String", "TypeArgument", "ReferenceType", "HRegionInfo", "VariableDeclarator", "snapshotRegions", "ClassCreator", "ReferenceType", "HashMap", "TypeArgument", "ReferenceType", "String", "TypeArgument", "ReferenceType", "HRegionInfo", "MethodInvocation", "regions", "size", "LocalVariableDeclaration", "ReferenceType", "HRegionInfo", "VariableDeclarator", "clonedRegionsInfo", "ArrayCreator", "ReferenceType", "HRegionInfo", "MethodInvocation", "regions", "size", "ForStatement", "ForControl", "VariableDeclaration", "BasicType", "int", "VariableDeclarator", "i", "Literal", "0", "BinaryOperation", "<", "MemberReference", "i", "MemberReference", "clonedRegionsInfo", "length", "MemberReference", "++", "i", "BlockStatement", "LocalVariableDeclaration", "ReferenceType", "HRegionInfo", "VariableDeclarator", "snapshotRegionInfo", "MethodInvocation", "regions", "MemberReference", "i", "get", "StatementExpression", "Assignment", "MemberReference", "ArraySelector", "MemberReference", "i", "clonedRegionsInfo", "MethodInvocation", "MemberReference", "snapshotRegionInfo", "cloneRegionInfo", "=", "LocalVariableDeclaration", "ReferenceType", "String", "VariableDeclarator", "snapshotRegionName", "MethodInvocation", "snapshotRegionInfo", "getEncodedName", "LocalVariableDeclaration", "ReferenceType", "String", "VariableDeclarator", "clonedRegionName", "MemberReference", "ArraySelector", "MemberReference", "i", "MethodInvocation", "getEncodedName", "clonedRegionsInfo", "StatementExpression", "MethodInvocation", "regionsMap", "MethodInvocation", "Bytes", "MemberReference", "snapshotRegionName", "toBytes", "MethodInvocation", "Bytes", "MemberReference", "clonedRegionName", "toBytes", "put", "StatementExpression", "MethodInvocation", "LOG", "BinaryOperation", "+", "BinaryOperation", "+", "BinaryOperation", "+", "Literal", "\"clone region=\"", "MemberReference", "snapshotRegionName", "Literal", "\" as \"", "MemberReference", "clonedRegionName", "info", "StatementExpression", "MethodInvocation", "snapshotRegions", "MemberReference", "clonedRegionName", "MemberReference", "snapshotRegionInfo", "put", "StatementExpression", "MethodInvocation", "ModifyRegionUtils", "MemberReference", "exec", "MemberReference", "conf", "MemberReference", "rootDir", "MemberReference", "tableDir", "MemberReference", "tableDesc", "MemberReference", "clonedRegionsInfo", "ClassCreator", "ReferenceType", "ModifyRegionUtils", "ReferenceType", "RegionFillTask", "MethodDeclaration", "{'public'}", "public", "Annotation", "Override", "fillRegion", "FormalParameter", "{'final'}", "final", "ReferenceType", "HRegion", "region", "IOException", "LocalVariableDeclaration", "ReferenceType", "HRegionInfo", "VariableDeclarator", "snapshotHri", "MethodInvocation", "snapshotRegions", "MethodInvocation", "region", "MethodInvocation", "getEncodedName", "getRegionInfo", "get", "StatementExpression", "MethodInvocation", "MemberReference", "region", "MemberReference", "snapshotHri", "MethodInvocation", "regionManifests", "MethodInvocation", "snapshotHri", "getEncodedName", "get", "cloneRegion", "createRegions", "ReturnStatement", "MemberReference", "clonedRegionsInfo"], "nodes": {"0": "MethodDeclaration", "1": "Modifier", "2": "private", "3": "ReferenceType", "4": "HRegionInfo", "5": "cloneHdfsRegions", "6": "FormalParameter", "7": "Modifier", "8": "final", "9": "ReferenceType", "10": "ThreadPoolExecutor", "11": "exec", "12": "FormalParameter", "13": "Modifier", "14": "final", "15": "ReferenceType", "16": "Map", "17": "TypeArgument", "18": "ReferenceType", "19": "String", "20": "TypeArgument", "21": "ReferenceType", "22": "SnapshotRegionManifest", "23": "regionManifests", "24": "FormalParameter", "25": "Modifier", "26": "final", "27": "ReferenceType", "28": "List", "29": "TypeArgument", "30": "ReferenceType", "31": "HRegionInfo", "32": "regions", "33": "IOException", "34": "IfStatement", "35": "BinaryOperation", "36": "||", "37": "BinaryOperation", "38": "==", "39": "MemberReference", "40": "regions", "41": "Literal", "42": "null", "43": "BinaryOperation", "44": "==", "45": "MethodInvocation", "46": "regions", "47": "size", "48": "Literal", "49": "0", "50": "ReturnStatement", "51": "Literal", "52": "null", "53": "LocalVariableDeclaration", "54": "Modifier", "55": "final", "56": "ReferenceType", "57": "Map", "58": "TypeArgument", "59": "ReferenceType", "60": "String", "61": "TypeArgument", "62": "ReferenceType", "63": "HRegionInfo", "64": "VariableDeclarator", "65": "snapshotRegions", "66": "ClassCreator", "67": "ReferenceType", "68": "HashMap", "69": "TypeArgument", "70": "ReferenceType", "71": "String", "72": "TypeArgument", "73": "ReferenceType", "74": "HRegionInfo", "75": "MethodInvocation", "76": "regions", "77": "size", "78": "LocalVariableDeclaration", "79": "ReferenceType", "80": "HRegionInfo", "81": "VariableDeclarator", "82": "clonedRegionsInfo", "83": "ArrayCreator", "84": "ReferenceType", "85": "HRegionInfo", "86": "MethodInvocation", "87": "regions", "88": "size", "89": "ForStatement", "90": "ForControl", "91": "VariableDeclaration", "92": "BasicType", "93": "int", "94": "VariableDeclarator", "95": "i", "96": "Literal", "97": "0", "98": "BinaryOperation", "99": "<", "100": "MemberReference", "101": "i", "102": "MemberReference", "103": "clonedRegionsInfo", "104": "length", "105": "MemberReference", "106": "++", "107": "i", "108": "BlockStatement", "109": "LocalVariableDeclaration", "110": "ReferenceType", "111": "HRegionInfo", "112": "VariableDeclarator", "113": "snapshotRegionInfo", "114": "MethodInvocation", "115": "regions", "116": "MemberReference", "117": "i", "118": "get", "119": "StatementExpression", "120": "Assignment", "121": "MemberReference", "122": "ArraySelector", "123": "MemberReference", "124": "i", "125": "clonedRegionsInfo", "126": "MethodInvocation", "127": "MemberReference", "128": "snapshotRegionInfo", "129": "cloneRegionInfo", "130": "=", "131": "LocalVariableDeclaration", "132": "ReferenceType", "133": "String", "134": "VariableDeclarator", "135": "snapshotRegionName", "136": "MethodInvocation", "137": "snapshotRegionInfo", "138": "getEncodedName", "139": "LocalVariableDeclaration", "140": "ReferenceType", "141": "String", "142": "VariableDeclarator", "143": "clonedRegionName", "144": "MemberReference", "145": "ArraySelector", "146": "MemberReference", "147": "i", "148": "MethodInvocation", "149": "getEncodedName", "150": "clonedRegionsInfo", "151": "StatementExpression", "152": "MethodInvocation", "153": "regionsMap", "154": "MethodInvocation", "155": "Bytes", "156": "MemberReference", "157": "snapshotRegionName", "158": "toBytes", "159": "MethodInvocation", "160": "Bytes", "161": "MemberReference", "162": "clonedRegionName", "163": "toBytes", "164": "put", "165": "StatementExpression", "166": "MethodInvocation", "167": "LOG", "168": "BinaryOperation", "169": "+", "170": "BinaryOperation", "171": "+", "172": "BinaryOperation", "173": "+", "174": "Literal", "175": "\"clone region=\"", "176": "MemberReference", "177": "snapshotRegionName", "178": "Literal", "179": "\" as \"", "180": "MemberReference", "181": "clonedRegionName", "182": "info", "183": "StatementExpression", "184": "MethodInvocation", "185": "snapshotRegions", "186": "MemberReference", "187": "clonedRegionName", "188": "MemberReference", "189": "snapshotRegionInfo", "190": "put", "191": "StatementExpression", "192": "MethodInvocation", "193": "ModifyRegionUtils", "194": "MemberReference", "195": "exec", "196": "MemberReference", "197": "conf", "198": "MemberReference", "199": "rootDir", "200": "MemberReference", "201": "tableDir", "202": "MemberReference", "203": "tableDesc", "204": "MemberReference", "205": "clonedRegionsInfo", "206": "ClassCreator", "207": "ReferenceType", "208": "ModifyRegionUtils", "209": "ReferenceType", "210": "RegionFillTask", "211": "MethodDeclaration", "212": "Modifier", "213": "public", "214": "Annotation", "215": "Override", "216": "fillRegion", "217": "FormalParameter", "218": "Modifier", "219": "final", "220": "ReferenceType", "221": "HRegion", "222": "region", "223": "IOException", "224": "LocalVariableDeclaration", "225": "ReferenceType", "226": "HRegionInfo", "227": "VariableDeclarator", "228": "snapshotHri", "229": "MethodInvocation", "230": "snapshotRegions", "231": "MethodInvocation", "232": "region", "233": "MethodInvocation", "234": "getEncodedName", "235": "getRegionInfo", "236": "get", "237": "StatementExpression", "238": "MethodInvocation", "239": "MemberReference", "240": "region", "241": "MemberReference", "242": "snapshotHri", "243": "MethodInvocation", "244": "regionManifests", "245": "MethodInvocation", "246": "snapshotHri", "247": "getEncodedName", "248": "get", "249": "cloneRegion", "250": "createRegions", "251": "ReturnStatement", "252": "MemberReference", "253": "clonedRegionsInfo"}, "edges": {"0->1": 0, "1->0": 0, "1->2": 0, "2->1": 0, "0->3": 0, "3->0": 0, "3->4": 0, "4->3": 0, "0->5": 0, "5->0": 0, "0->6": 0, "6->0": 0, "6->7": 0, "7->6": 0, "7->8": 0, "8->7": 0, "6->9": 0, "9->6": 0, "9->10": 0, "10->9": 0, "6->11": 0, "11->6": 0, "0->12": 0, "12->0": 0, "12->13": 0, "13->12": 0, "13->14": 0, "14->13": 0, "12->15": 0, "15->12": 0, "15->16": 0, "16->15": 0, "15->17": 0, "17->15": 0, "17->18": 0, "18->17": 0, "18->19": 0, "19->18": 0, "15->20": 0, "20->15": 0, "20->21": 0, "21->20": 0, "21->22": 0, "22->21": 0, "12->23": 0, "23->12": 0, "0->24": 0, "24->0": 0, "24->25": 0, "25->24": 0, "25->26": 0, "26->25": 0, "24->27": 0, "27->24": 0, "27->28": 0, "28->27": 0, "27->29": 0, "29->27": 0, "29->30": 0, "30->29": 0, "30->31": 0, "31->30": 0, "24->32": 0, "32->24": 0, "0->33": 0, "33->0": 0, "0->34": 0, "34->0": 0, "34->35": 0, "35->34": 0, "35->36": 0, "36->35": 0, "35->37": 0, "37->35": 0, "37->38": 0, "38->37": 0, "37->39": 0, "39->37": 0, "39->40": 0, "40->39": 0, "37->41": 0, "41->37": 0, "41->42": 0, "42->41": 0, "35->43": 0, "43->35": 0, "43->44": 0, "44->43": 0, "43->45": 0, "45->43": 0, "45->46": 0, "46->45": 0, "45->47": 0, "47->45": 0, "43->48": 0, "48->43": 0, "48->49": 0, "49->48": 0, "34->50": 0, "50->34": 0, "50->51": 0, "51->50": 0, "51->52": 0, "52->51": 0, "0->53": 0, "53->0": 0, "53->54": 0, "54->53": 0, "54->55": 0, "55->54": 0, "53->56": 0, "56->53": 0, "56->57": 0, "57->56": 0, "56->58": 0, "58->56": 0, "58->59": 0, "59->58": 0, "59->60": 0, "60->59": 0, "56->61": 0, "61->56": 0, "61->62": 0, "62->61": 0, "62->63": 0, "63->62": 0, "53->64": 0, "64->53": 0, "64->65": 0, "65->64": 0, "64->66": 0, "66->64": 0, "66->67": 0, "67->66": 0, "67->68": 0, "68->67": 0, "67->69": 0, "69->67": 0, "69->70": 0, "70->69": 0, "70->71": 0, "71->70": 0, "67->72": 0, "72->67": 0, "72->73": 0, "73->72": 0, "73->74": 0, "74->73": 0, "66->75": 0, "75->66": 0, "75->76": 0, "76->75": 0, "75->77": 0, "77->75": 0, "0->78": 0, "78->0": 0, "78->79": 0, "79->78": 0, "79->80": 0, "80->79": 0, "78->81": 0, "81->78": 0, "81->82": 0, "82->81": 0, "81->83": 0, "83->81": 0, "83->84": 0, "84->83": 0, "84->85": 0, "85->84": 0, "83->86": 0, "86->83": 0, "86->87": 0, "87->86": 0, "86->88": 0, "88->86": 0, "0->89": 0, "89->0": 0, "89->90": 0, "90->89": 0, "90->91": 0, "91->90": 0, "91->92": 0, "92->91": 0, "92->93": 0, "93->92": 0, "91->94": 0, "94->91": 0, "94->95": 0, "95->94": 0, "94->96": 0, "96->94": 0, "96->97": 0, "97->96": 0, "90->98": 0, "98->90": 0, "98->99": 0, "99->98": 0, "98->100": 0, "100->98": 0, "100->101": 0, "101->100": 0, "98->102": 0, "102->98": 0, "102->103": 0, "103->102": 0, "102->104": 0, "104->102": 0, "90->105": 0, "105->90": 0, "105->106": 0, "106->105": 0, "105->107": 0, "107->105": 0, "89->108": 0, "108->89": 0, "108->109": 0, "109->108": 0, "109->110": 0, "110->109": 0, "110->111": 0, "111->110": 0, "109->112": 0, "112->109": 0, "112->113": 0, "113->112": 0, "112->114": 0, "114->112": 0, "114->115": 0, "115->114": 0, "114->116": 0, "116->114": 0, "116->117": 0, "117->116": 0, "114->118": 0, "118->114": 0, "108->119": 0, "119->108": 0, "119->120": 0, "120->119": 0, "120->121": 0, "121->120": 0, "121->122": 0, "122->121": 0, "122->123": 0, "123->122": 0, "123->124": 0, "124->123": 0, "121->125": 0, "125->121": 0, "120->126": 0, "126->120": 0, "126->127": 0, "127->126": 0, "127->128": 0, "128->127": 0, "126->129": 0, "129->126": 0, "120->130": 0, "130->120": 0, "108->131": 0, "131->108": 0, "131->132": 0, "132->131": 0, "132->133": 0, "133->132": 0, "131->134": 0, "134->131": 0, "134->135": 0, "135->134": 0, "134->136": 0, "136->134": 0, "136->137": 0, "137->136": 0, "136->138": 0, "138->136": 0, "108->139": 0, "139->108": 0, "139->140": 0, "140->139": 0, "140->141": 0, "141->140": 0, "139->142": 0, "142->139": 0, "142->143": 0, "143->142": 0, "142->144": 0, "144->142": 0, "144->145": 0, "145->144": 0, "145->146": 0, "146->145": 0, "146->147": 0, "147->146": 0, "144->148": 0, "148->144": 0, "148->149": 0, "149->148": 0, "144->150": 0, "150->144": 0, "108->151": 0, "151->108": 0, "151->152": 0, "152->151": 0, "152->153": 0, "153->152": 0, "152->154": 0, "154->152": 0, "154->155": 0, "155->154": 0, "154->156": 0, "156->154": 0, "156->157": 0, "157->156": 0, "154->158": 0, "158->154": 0, "152->159": 0, "159->152": 0, "159->160": 0, "160->159": 0, "159->161": 0, "161->159": 0, "161->162": 0, "162->161": 0, "159->163": 0, "163->159": 0, "152->164": 0, "164->152": 0, "108->165": 0, "165->108": 0, "165->166": 0, "166->165": 0, "166->167": 0, "167->166": 0, "166->168": 0, "168->166": 0, "168->169": 0, "169->168": 0, "168->170": 0, "170->168": 0, "170->171": 0, "171->170": 0, "170->172": 0, "172->170": 0, "172->173": 0, "173->172": 0, "172->174": 0, "174->172": 0, "174->175": 0, "175->174": 0, "172->176": 0, "176->172": 0, "176->177": 0, "177->176": 0, "170->178": 0, "178->170": 0, "178->179": 0, "179->178": 0, "168->180": 0, "180->168": 0, "180->181": 0, "181->180": 0, "166->182": 0, "182->166": 0, "108->183": 0, "183->108": 0, "183->184": 0, "184->183": 0, "184->185": 0, "185->184": 0, "184->186": 0, "186->184": 0, "186->187": 0, "187->186": 0, "184->188": 0, "188->184": 0, "188->189": 0, "189->188": 0, "184->190": 0, "190->184": 0, "0->191": 0, "191->0": 0, "191->192": 0, "192->191": 0, "192->193": 0, "193->192": 0, "192->194": 0, "194->192": 0, "194->195": 0, "195->194": 0, "192->196": 0, "196->192": 0, "196->197": 0, "197->196": 0, "192->198": 0, "198->192": 0, "198->199": 0, "199->198": 0, "192->200": 0, "200->192": 0, "200->201": 0, "201->200": 0, "192->202": 0, "202->192": 0, "202->203": 0, "203->202": 0, "192->204": 0, "204->192": 0, "204->205": 0, "205->204": 0, "192->206": 0, "206->192": 0, "206->207": 0, "207->206": 0, "207->208": 0, "208->207": 0, "207->209": 0, "209->207": 0, "209->210": 0, "210->209": 0, "206->211": 0, "211->206": 0, "211->212": 0, "212->211": 0, "212->213": 0, "213->212": 0, "211->214": 0, "214->211": 0, "214->215": 0, "215->214": 0, "211->216": 0, "216->211": 0, "211->217": 0, "217->211": 0, "217->218": 0, "218->217": 0, "218->219": 0, "219->218": 0, "217->220": 0, "220->217": 0, "220->221": 0, "221->220": 0, "217->222": 0, "222->217": 0, "211->223": 0, "223->211": 0, "211->224": 0, "224->211": 0, "224->225": 0, "225->224": 0, "225->226": 0, "226->225": 0, "224->227": 0, "227->224": 0, "227->228": 0, "228->227": 0, "227->229": 0, "229->227": 0, "229->230": 0, "230->229": 0, "229->231": 0, "231->229": 0, "231->232": 0, "232->231": 0, "231->233": 0, "233->231": 0, "233->234": 0, "234->233": 0, "231->235": 0, "235->231": 0, "229->236": 0, "236->229": 0, "211->237": 0, "237->211": 0, "237->238": 0, "238->237": 0, "238->239": 0, "239->238": 0, "239->240": 0, "240->239": 0, "238->241": 0, "241->238": 0, "241->242": 0, "242->241": 0, "238->243": 0, "243->238": 0, "243->244": 0, "244->243": 0, "243->245": 0, "245->243": 0, "245->246": 0, "246->245": 0, "245->247": 0, "247->245": 0, "243->248": 0, "248->243": 0, "238->249": 0, "249->238": 0, "192->250": 0, "250->192": 0, "0->251": 0, "251->0": 0, "251->252": 0, "252->251": 0, "252->253": 0, "253->252": 0, "1->3": 1, "3->1": 12, "3->5": 1, "5->3": 12, "5->6": 1, "6->5": 12, "6->12": 1, "12->6": 12, "12->24": 1, "24->12": 12, "24->33": 1, "33->24": 12, "33->34": 1, "34->33": 12, "34->53": 1, "53->34": 12, "53->78": 1, "78->53": 12, "78->89": 1, "89->78": 12, "89->191": 1, "191->89": 12, "191->251": 1, "251->191": 12, "7->9": 1, "9->7": 12, "9->11": 1, "11->9": 12, "13->15": 1, "15->13": 12, "15->23": 1, "23->15": 12, "16->17": 1, "17->16": 12, "17->20": 1, "20->17": 12, "25->27": 1, "27->25": 12, "27->32": 1, "32->27": 12, "28->29": 1, "29->28": 12, "35->50": 6, "50->35": 6, "36->37": 1, "37->36": 12, "37->43": 1, "43->37": 12, "38->39": 1, "39->38": 12, "39->41": 1, "41->39": 12, "44->45": 1, "45->44": 12, "45->48": 1, "48->45": 12, "46->47": 2, "47->46": 3, "54->56": 1, "56->54": 12, "56->64": 1, "64->56": 12, "57->58": 1, "58->57": 12, "58->61": 1, "61->58": 12, "65->66": 1, "66->65": 12, "67->75": 1, "75->67": 12, "68->69": 1, "69->68": 12, "69->72": 1, "72->69": 12, "76->77": 2, "77->76": 3, "79->81": 1, "81->79": 12, "82->83": 1, "83->82": 12, "84->86": 1, "86->84": 12, "87->88": 2, "88->87": 3, "90->108": 9, "108->90": 9, "91->98": 1, "98->91": 12, "98->105": 1, "105->98": 12, "92->94": 1, "94->92": 12, "95->96": 1, "96->95": 12, "99->100": 1, "100->99": 12, "100->102": 1, "102->100": 12, "103->104": 2, "104->103": 3, "106->107": 2, "107->106": 3, "109->119": 10, "119->109": 11, "119->131": 10, "131->119": 11, "131->139": 10, "139->131": 11, "139->151": 10, "151->139": 11, "151->165": 10, "165->151": 11, "165->183": 10, "183->165": 11, "110->112": 1, "112->110": 12, "113->114": 1, "114->113": 12, "115->116": 1, "116->115": 12, "116->118": 1, "118->116": 12, "121->126": 1, "126->121": 12, "126->130": 1, "130->126": 12, "122->125": 1, "125->122": 12, "127->129": 1, "129->127": 12, "132->134": 1, "134->132": 12, "135->136": 1, "136->135": 12, "137->138": 2, "138->137": 3, "140->142": 1, "142->140": 12, "143->144": 1, "144->143": 12, "145->148": 1, "148->145": 12, "148->150": 1, "150->148": 12, "153->154": 1, "154->153": 12, "154->159": 1, "159->154": 12, "159->164": 1, "164->159": 12, "155->156": 1, "156->155": 12, "156->158": 1, "158->156": 12, "160->161": 1, "161->160": 12, "161->163": 1, "163->161": 12, "167->168": 1, "168->167": 12, "168->182": 1, "182->168": 12, "169->170": 1, "170->169": 12, "170->180": 1, "180->170": 12, "171->172": 1, "172->171": 12, "172->178": 1, "178->172": 12, "173->174": 1, "174->173": 12, "174->176": 1, "176->174": 12, "185->186": 1, "186->185": 12, "186->188": 1, "188->186": 12, "188->190": 1, "190->188": 12, "193->194": 1, "194->193": 12, "194->196": 1, "196->194": 12, "196->198": 1, "198->196": 12, "198->200": 1, "200->198": 12, "200->202": 1, "202->200": 12, "202->204": 1, "204->202": 12, "204->206": 1, "206->204": 12, "206->250": 1, "250->206": 12, "207->211": 1, "211->207": 12, "208->209": 1, "209->208": 12, "212->214": 1, "214->212": 12, "214->216": 1, "216->214": 12, "216->217": 1, "217->216": 12, "217->223": 1, "223->217": 12, "223->224": 1, "224->223": 12, "224->237": 1, "237->224": 12, "218->220": 1, "220->218": 12, "220->222": 1, "222->220": 12, "225->227": 1, "227->225": 12, "228->229": 1, "229->228": 12, "230->231": 1, "231->230": 12, "231->236": 1, "236->231": 12, "232->233": 1, "233->232": 12, "233->235": 1, "235->233": 12, "239->241": 1, "241->239": 12, "241->243": 1, "243->241": 12, "243->249": 1, "249->243": 12, "244->245": 1, "245->244": 12, "245->248": 1, "248->245": 12, "246->247": 2, "247->246": 3, "2->4": 2, "4->2": 3, "4->5": 2, "5->4": 3, "5->8": 2, "8->5": 3, "8->10": 2, "10->8": 3, "10->11": 2, "11->10": 3, "11->14": 2, "14->11": 3, "14->16": 2, "16->14": 3, "16->19": 2, "19->16": 3, "19->22": 2, "22->19": 3, "22->23": 2, "23->22": 3, "23->26": 2, "26->23": 3, "26->28": 2, "28->26": 3, "28->31": 2, "31->28": 3, "31->32": 2, "32->31": 3, "32->33": 2, "33->32": 3, "33->36": 2, "36->33": 3, "36->38": 2, "38->36": 3, "38->40": 2, "40->38": 3, "40->42": 2, "42->40": 3, "42->44": 2, "44->42": 3, "44->46": 2, "46->44": 3, "47->49": 2, "49->47": 3, "49->52": 2, "52->49": 3, "52->55": 2, "55->52": 3, "55->57": 2, "57->55": 3, "57->60": 2, "60->57": 3, "60->63": 2, "63->60": 3, "63->65": 2, "65->63": 3, "65->68": 2, "68->65": 3, "68->71": 2, "71->68": 3, "71->74": 2, "74->71": 3, "74->76": 2, "76->74": 3, "77->80": 2, "80->77": 3, "80->82": 2, "82->80": 3, "82->85": 2, "85->82": 3, "85->87": 2, "87->85": 3, "88->93": 2, "93->88": 3, "93->95": 2, "95->93": 3, "95->97": 2, "97->95": 3, "97->99": 2, "99->97": 3, "99->101": 2, "101->99": 3, "101->103": 2, "103->101": 3, "104->106": 2, "106->104": 3, "107->111": 2, "111->107": 3, "111->113": 2, "113->111": 3, "113->115": 2, "115->113": 3, "115->117": 2, "117->115": 3, "117->118": 2, "118->117": 3, "118->124": 2, "124->118": 3, "124->125": 2, "125->124": 3, "125->128": 2, "128->125": 3, "128->129": 2, "129->128": 3, "129->130": 2, "130->129": 3, "130->133": 2, "133->130": 3, "133->135": 2, "135->133": 3, "135->137": 2, "137->135": 3, "138->141": 2, "141->138": 3, "141->143": 2, "143->141": 3, "143->147": 2, "147->143": 3, "147->149": 2, "149->147": 3, "149->150": 2, "150->149": 3, "150->153": 2, "153->150": 3, "153->155": 2, "155->153": 3, "155->157": 2, "157->155": 3, "157->158": 2, "158->157": 3, "158->160": 2, "160->158": 3, "160->162": 2, "162->160": 3, "162->163": 2, "163->162": 3, "163->164": 2, "164->163": 3, "164->167": 2, "167->164": 3, "167->169": 2, "169->167": 3, "169->171": 2, "171->169": 3, "171->173": 2, "173->171": 3, "173->175": 2, "175->173": 3, "175->177": 2, "177->175": 3, "177->179": 2, "179->177": 3, "179->181": 2, "181->179": 3, "181->182": 2, "182->181": 3, "182->185": 2, "185->182": 3, "185->187": 2, "187->185": 3, "187->189": 2, "189->187": 3, "189->190": 2, "190->189": 3, "190->193": 2, "193->190": 3, "193->195": 2, "195->193": 3, "195->197": 2, "197->195": 3, "197->199": 2, "199->197": 3, "199->201": 2, "201->199": 3, "201->203": 2, "203->201": 3, "203->205": 2, "205->203": 3, "205->208": 2, "208->205": 3, "208->210": 2, "210->208": 3, "210->213": 2, "213->210": 3, "213->215": 2, "215->213": 3, "215->216": 2, "216->215": 3, "216->219": 2, "219->216": 3, "219->221": 2, "221->219": 3, "221->222": 2, "222->221": 3, "222->223": 2, "223->222": 3, "223->226": 2, "226->223": 3, "226->228": 2, "228->226": 3, "228->230": 2, "230->228": 3, "230->232": 2, "232->230": 3, "232->234": 2, "234->232": 3, "234->235": 2, "235->234": 3, "235->236": 2, "236->235": 3, "236->240": 2, "240->236": 3, "240->242": 2, "242->240": 3, "242->244": 2, "244->242": 3, "244->246": 2, "246->244": 3, "247->248": 2, "248->247": 3, "248->249": 2, "249->248": 3, "249->250": 2, "250->249": 3, "250->253": 2, "253->250": 3, "101->107": 4, "107->101": 5, "107->117": 4, "117->107": 5, "117->124": 4, "124->117": 5, "124->147": 4, "147->124": 5, "125->150": 4, "150->125": 5, "150->205": 4, "205->150": 5, "205->253": 4, "253->205": 5, "128->189": 4, "189->128": 5, "157->177": 4, "177->157": 5, "162->181": 4, "181->162": 5, "181->187": 4, "187->181": 5}, "metrics": [22.0, 3.0, 3.0]}