{"nodelist": ["MethodDeclaration", "{'public'}", "public", "ReferenceType", "Map", "TypeArgument", "BasicType", "byte", "TypeArgument", "BasicType", "byte", "loadFileInfo", "IOException", "StatementExpression", "Assignment", "This", "MemberReference", "trailer", "MethodInvocation", "readTrailer", "=", "StatementExpression", "This", "MemberReference", "istream", "MethodInvocation", "This", "MemberReference", "trailer", "MemberReference", "fileinfoOffset", "seek", "LocalVariableDeclaration", "ReferenceType", "FileInfo", "VariableDeclarator", "fi", "ClassCreator", "ReferenceType", "FileInfo", "StatementExpression", "MethodInvocation", "fi", "This", "MemberReference", "istream", "readFields", "StatementExpression", "Assignment", "This", "MemberReference", "lastkey", "MethodInvocation", "fi", "MemberReference", "FileInfo", "LASTKEY", "get", "=", "StatementExpression", "Assignment", "This", "MemberReference", "avgKeyLen", "MethodInvocation", "Bytes", "MethodInvocation", "fi", "MemberReference", "FileInfo", "AVG_KEY_LEN", "get", "toInt", "=", "StatementExpression", "Assignment", "This", "MemberReference", "avgValueLen", "MethodInvocation", "Bytes", "MethodInvocation", "fi", "MemberReference", "FileInfo", "AVG_VALUE_LEN", "get", "toInt", "=", "LocalVariableDeclaration", "ReferenceType", "String", "VariableDeclarator", "clazzName", "MethodInvocation", "Bytes", "MethodInvocation", "fi", "MemberReference", "FileInfo", "COMPARATOR", "get", "toString", "StatementExpression", "Assignment", "This", "MemberReference", "comparator", "MethodInvocation", "MemberReference", "clazzName", "getComparator", "=", "LocalVariableDeclaration", "BasicType", "int", "VariableDeclarator", "allIndexSize", "Cast", "BasicType", "int", "BinaryOperation", "-", "BinaryOperation", "-", "This", "MemberReference", "fileSize", "This", "MemberReference", "trailer", "MemberReference", "dataIndexOffset", "MethodInvocation", "FixedFileTrailer", "trailerSize", "LocalVariableDeclaration", "BasicType", "byte", "VariableDeclarator", "dataAndMetaIndex", "MethodInvocation", "This", "MemberReference", "istream", "This", "MemberReference", "trailer", "MemberReference", "dataIndexOffset", "MemberReference", "allIndexSize", "readAllIndex", "LocalVariableDeclaration", "ReferenceType", "ByteArrayInputStream", "VariableDeclarator", "bis", "ClassCreator", "ReferenceType", "ByteArrayInputStream", "MemberReference", "dataAndMetaIndex", "LocalVariableDeclaration", "ReferenceType", "DataInputStream", "VariableDeclarator", "dis", "ClassCreator", "ReferenceType", "DataInputStream", "MemberReference", "bis", "StatementExpression", "Assignment", "This", "MemberReference", "blockIndex", "MethodInvocation", "BlockIndex", "This", "MemberReference", "comparator", "MemberReference", "dis", "This", "MemberReference", "trailer", "MemberReference", "dataIndexCount", "readIndex", "=", "IfStatement", "BinaryOperation", ">", "MemberReference", "trailer", "metaIndexCount", "Literal", "0", "BlockStatement", "StatementExpression", "Assignment", "This", "MemberReference", "metaIndex", "MethodInvocation", "BlockIndex", "MemberReference", "Bytes", "BYTES_RAWCOMPARATOR", "MemberReference", "dis", "This", "MemberReference", "trailer", "MemberReference", "metaIndexCount", "readIndex", "=", "StatementExpression", "Assignment", "This", "MemberReference", "fileInfoLoaded", "Literal", "true", "=", "IfStatement", "BinaryOperation", "!=", "Literal", "null", "MemberReference", "dis", "BlockStatement", "StatementExpression", "MethodInvocation", "dis", "close", "ReturnStatement", "MemberReference", "fi"], "nodes": {"0": "MethodDeclaration", "1": "Modifier", "2": "public", "3": "ReferenceType", "4": "Map", "5": "TypeArgument", "6": "BasicType", "7": "byte", "8": "TypeArgument", "9": "BasicType", "10": "byte", "11": "loadFileInfo", "12": "IOException", "13": "StatementExpression", "14": "Assignment", "15": "This", "16": "MemberReference", "17": "trailer", "18": "MethodInvocation", "19": "readTrailer", "20": "=", "21": "StatementExpression", "22": "This", "23": "MemberReference", "24": "istream", "25": "MethodInvocation", "26": "This", "27": "MemberReference", "28": "trailer", "29": "MemberReference", "30": "fileinfoOffset", "31": "seek", "32": "LocalVariableDeclaration", "33": "ReferenceType", "34": "FileInfo", "35": "VariableDeclarator", "36": "fi", "37": "ClassCreator", "38": "ReferenceType", "39": "FileInfo", "40": "StatementExpression", "41": "MethodInvocation", "42": "fi", "43": "This", "44": "MemberReference", "45": "istream", "46": "readFields", "47": "StatementExpression", "48": "Assignment", "49": "This", "50": "MemberReference", "51": "lastkey", "52": "MethodInvocation", "53": "fi", "54": "MemberReference", "55": "FileInfo", "56": "LASTKEY", "57": "get", "58": "=", "59": "StatementExpression", "60": "Assignment", "61": "This", "62": "MemberReference", "63": "avgKeyLen", "64": "MethodInvocation", "65": "Bytes", "66": "MethodInvocation", "67": "fi", "68": "MemberReference", "69": "FileInfo", "70": "AVG_KEY_LEN", "71": "get", "72": "toInt", "73": "=", "74": "StatementExpression", "75": "Assignment", "76": "This", "77": "MemberReference", "78": "avgValueLen", "79": "MethodInvocation", "80": "Bytes", "81": "MethodInvocation", "82": "fi", "83": "MemberReference", "84": "FileInfo", "85": "AVG_VALUE_LEN", "86": "get", "87": "toInt", "88": "=", "89": "LocalVariableDeclaration", "90": "ReferenceType", "91": "String", "92": "VariableDeclarator", "93": "clazzName", "94": "MethodInvocation", "95": "Bytes", "96": "MethodInvocation", "97": "fi", "98": "MemberReference", "99": "FileInfo", "100": "COMPARATOR", "101": "get", "102": "toString", "103": "StatementExpression", "104": "Assignment", "105": "This", "106": "MemberReference", "107": "comparator", "108": "MethodInvocation", "109": "MemberReference", "110": "clazzName", "111": "getComparator", "112": "=", "113": "LocalVariableDeclaration", "114": "BasicType", "115": "int", "116": "VariableDeclarator", "117": "allIndexSize", "118": "Cast", "119": "BasicType", "120": "int", "121": "BinaryOperation", "122": "-", "123": "BinaryOperation", "124": "-", "125": "This", "126": "MemberReference", "127": "fileSize", "128": "This", "129": "MemberReference", "130": "trailer", "131": "MemberReference", "132": "dataIndexOffset", "133": "MethodInvocation", "134": "FixedFileTrailer", "135": "trailerSize", "136": "LocalVariableDeclaration", "137": "BasicType", "138": "byte", "139": "VariableDeclarator", "140": "dataAndMetaIndex", "141": "MethodInvocation", "142": "This", "143": "MemberReference", "144": "istream", "145": "This", "146": "MemberReference", "147": "trailer", "148": "MemberReference", "149": "dataIndexOffset", "150": "MemberReference", "151": "allIndexSize", "152": "readAllIndex", "153": "LocalVariableDeclaration", "154": "ReferenceType", "155": "ByteArrayInputStream", "156": "VariableDeclarator", "157": "bis", "158": "ClassCreator", "159": "ReferenceType", "160": "ByteArrayInputStream", "161": "MemberReference", "162": "dataAndMetaIndex", "163": "LocalVariableDeclaration", "164": "ReferenceType", "165": "DataInputStream", "166": "VariableDeclarator", "167": "dis", "168": "ClassCreator", "169": "ReferenceType", "170": "DataInputStream", "171": "MemberReference", "172": "bis", "173": "StatementExpression", "174": "Assignment", "175": "This", "176": "MemberReference", "177": "blockIndex", "178": "MethodInvocation", "179": "BlockIndex", "180": "This", "181": "MemberReference", "182": "comparator", "183": "MemberReference", "184": "dis", "185": "This", "186": "MemberReference", "187": "trailer", "188": "MemberReference", "189": "dataIndexCount", "190": "readIndex", "191": "=", "192": "IfStatement", "193": "BinaryOperation", "194": ">", "195": "MemberReference", "196": "trailer", "197": "metaIndexCount", "198": "Literal", "199": "0", "200": "BlockStatement", "201": "StatementExpression", "202": "Assignment", "203": "This", "204": "MemberReference", "205": "metaIndex", "206": "MethodInvocation", "207": "BlockIndex", "208": "MemberReference", "209": "Bytes", "210": "BYTES_RAWCOMPARATOR", "211": "MemberReference", "212": "dis", "213": "This", "214": "MemberReference", "215": "trailer", "216": "MemberReference", "217": "metaIndexCount", "218": "readIndex", "219": "=", "220": "StatementExpression", "221": "Assignment", "222": "This", "223": "MemberReference", "224": "fileInfoLoaded", "225": "Literal", "226": "true", "227": "=", "228": "IfStatement", "229": "BinaryOperation", "230": "!=", "231": "Literal", "232": "null", "233": "MemberReference", "234": "dis", "235": "BlockStatement", "236": "StatementExpression", "237": "MethodInvocation", "238": "dis", "239": "close", "240": "ReturnStatement", "241": "MemberReference", "242": "fi"}, "edges": {"0->1": 0, "1->0": 0, "1->2": 0, "2->1": 0, "0->3": 0, "3->0": 0, "3->4": 0, "4->3": 0, "3->5": 0, "5->3": 0, "5->6": 0, "6->5": 0, "6->7": 0, "7->6": 0, "3->8": 0, "8->3": 0, "8->9": 0, "9->8": 0, "9->10": 0, "10->9": 0, "0->11": 0, "11->0": 0, "0->12": 0, "12->0": 0, "0->13": 0, "13->0": 0, "13->14": 0, "14->13": 0, "14->15": 0, "15->14": 0, "15->16": 0, "16->15": 0, "16->17": 0, "17->16": 0, "14->18": 0, "18->14": 0, "18->19": 0, "19->18": 0, "14->20": 0, "20->14": 0, "0->21": 0, "21->0": 0, "21->22": 0, "22->21": 0, "22->23": 0, "23->22": 0, "23->24": 0, "24->23": 0, "22->25": 0, "25->22": 0, "25->26": 0, "26->25": 0, "26->27": 0, "27->26": 0, "27->28": 0, "28->27": 0, "26->29": 0, "29->26": 0, "29->30": 0, "30->29": 0, "25->31": 0, "31->25": 0, "0->32": 0, "32->0": 0, "32->33": 0, "33->32": 0, "33->34": 0, "34->33": 0, "32->35": 0, "35->32": 0, "35->36": 0, "36->35": 0, "35->37": 0, "37->35": 0, "37->38": 0, "38->37": 0, "38->39": 0, "39->38": 0, "0->40": 0, "40->0": 0, "40->41": 0, "41->40": 0, "41->42": 0, "42->41": 0, "41->43": 0, "43->41": 0, "43->44": 0, "44->43": 0, "44->45": 0, "45->44": 0, "41->46": 0, "46->41": 0, "0->47": 0, "47->0": 0, "47->48": 0, "48->47": 0, "48->49": 0, "49->48": 0, "49->50": 0, "50->49": 0, "50->51": 0, "51->50": 0, "48->52": 0, "52->48": 0, "52->53": 0, "53->52": 0, "52->54": 0, "54->52": 0, "54->55": 0, "55->54": 0, "54->56": 0, "56->54": 0, "52->57": 0, "57->52": 0, "48->58": 0, "58->48": 0, "0->59": 0, "59->0": 0, "59->60": 0, "60->59": 0, "60->61": 0, "61->60": 0, "61->62": 0, "62->61": 0, "62->63": 0, "63->62": 0, "60->64": 0, "64->60": 0, "64->65": 0, "65->64": 0, "64->66": 0, "66->64": 0, "66->67": 0, "67->66": 0, "66->68": 0, "68->66": 0, "68->69": 0, "69->68": 0, "68->70": 0, "70->68": 0, "66->71": 0, "71->66": 0, "64->72": 0, "72->64": 0, "60->73": 0, "73->60": 0, "0->74": 0, "74->0": 0, "74->75": 0, "75->74": 0, "75->76": 0, "76->75": 0, "76->77": 0, "77->76": 0, "77->78": 0, "78->77": 0, "75->79": 0, "79->75": 0, "79->80": 0, "80->79": 0, "79->81": 0, "81->79": 0, "81->82": 0, "82->81": 0, "81->83": 0, "83->81": 0, "83->84": 0, "84->83": 0, "83->85": 0, "85->83": 0, "81->86": 0, "86->81": 0, "79->87": 0, "87->79": 0, "75->88": 0, "88->75": 0, "0->89": 0, "89->0": 0, "89->90": 0, "90->89": 0, "90->91": 0, "91->90": 0, "89->92": 0, "92->89": 0, "92->93": 0, "93->92": 0, "92->94": 0, "94->92": 0, "94->95": 0, "95->94": 0, "94->96": 0, "96->94": 0, "96->97": 0, "97->96": 0, "96->98": 0, "98->96": 0, "98->99": 0, "99->98": 0, "98->100": 0, "100->98": 0, "96->101": 0, "101->96": 0, "94->102": 0, "102->94": 0, "0->103": 0, "103->0": 0, "103->104": 0, "104->103": 0, "104->105": 0, "105->104": 0, "105->106": 0, "106->105": 0, "106->107": 0, "107->106": 0, "104->108": 0, "108->104": 0, "108->109": 0, "109->108": 0, "109->110": 0, "110->109": 0, "108->111": 0, "111->108": 0, "104->112": 0, "112->104": 0, "0->113": 0, "113->0": 0, "113->114": 0, "114->113": 0, "114->115": 0, "115->114": 0, "113->116": 0, "116->113": 0, "116->117": 0, "117->116": 0, "116->118": 0, "118->116": 0, "118->119": 0, "119->118": 0, "119->120": 0, "120->119": 0, "118->121": 0, "121->118": 0, "121->122": 0, "122->121": 0, "121->123": 0, "123->121": 0, "123->124": 0, "124->123": 0, "123->125": 0, "125->123": 0, "125->126": 0, "126->125": 0, "126->127": 0, "127->126": 0, "123->128": 0, "128->123": 0, "128->129": 0, "129->128": 0, "129->130": 0, "130->129": 0, "128->131": 0, "131->128": 0, "131->132": 0, "132->131": 0, "121->133": 0, "133->121": 0, "133->134": 0, "134->133": 0, "133->135": 0, "135->133": 0, "0->136": 0, "136->0": 0, "136->137": 0, "137->136": 0, "137->138": 0, "138->137": 0, "136->139": 0, "139->136": 0, "139->140": 0, "140->139": 0, "139->141": 0, "141->139": 0, "141->142": 0, "142->141": 0, "142->143": 0, "143->142": 0, "143->144": 0, "144->143": 0, "141->145": 0, "145->141": 0, "145->146": 0, "146->145": 0, "146->147": 0, "147->146": 0, "145->148": 0, "148->145": 0, "148->149": 0, "149->148": 0, "141->150": 0, "150->141": 0, "150->151": 0, "151->150": 0, "141->152": 0, "152->141": 0, "0->153": 0, "153->0": 0, "153->154": 0, "154->153": 0, "154->155": 0, "155->154": 0, "153->156": 0, "156->153": 0, "156->157": 0, "157->156": 0, "156->158": 0, "158->156": 0, "158->159": 0, "159->158": 0, "159->160": 0, "160->159": 0, "158->161": 0, "161->158": 0, "161->162": 0, "162->161": 0, "0->163": 0, "163->0": 0, "163->164": 0, "164->163": 0, "164->165": 0, "165->164": 0, "163->166": 0, "166->163": 0, "166->167": 0, "167->166": 0, "166->168": 0, "168->166": 0, "168->169": 0, "169->168": 0, "169->170": 0, "170->169": 0, "168->171": 0, "171->168": 0, "171->172": 0, "172->171": 0, "0->173": 0, "173->0": 0, "173->174": 0, "174->173": 0, "174->175": 0, "175->174": 0, "175->176": 0, "176->175": 0, "176->177": 0, "177->176": 0, "174->178": 0, "178->174": 0, "178->179": 0, "179->178": 0, "178->180": 0, "180->178": 0, "180->181": 0, "181->180": 0, "181->182": 0, "182->181": 0, "178->183": 0, "183->178": 0, "183->184": 0, "184->183": 0, "178->185": 0, "185->178": 0, "185->186": 0, "186->185": 0, "186->187": 0, "187->186": 0, "185->188": 0, "188->185": 0, "188->189": 0, "189->188": 0, "178->190": 0, "190->178": 0, "174->191": 0, "191->174": 0, "0->192": 0, "192->0": 0, "192->193": 0, "193->192": 0, "193->194": 0, "194->193": 0, "193->195": 0, "195->193": 0, "195->196": 0, "196->195": 0, "195->197": 0, "197->195": 0, "193->198": 0, "198->193": 0, "198->199": 0, "199->198": 0, "192->200": 0, "200->192": 0, "200->201": 0, "201->200": 0, "201->202": 0, "202->201": 0, "202->203": 0, "203->202": 0, "203->204": 0, "204->203": 0, "204->205": 0, "205->204": 0, "202->206": 0, "206->202": 0, "206->207": 0, "207->206": 0, "206->208": 0, "208->206": 0, "208->209": 0, "209->208": 0, "208->210": 0, "210->208": 0, "206->211": 0, "211->206": 0, "211->212": 0, "212->211": 0, "206->213": 0, "213->206": 0, "213->214": 0, "214->213": 0, "214->215": 0, "215->214": 0, "213->216": 0, "216->213": 0, "216->217": 0, "217->216": 0, "206->218": 0, "218->206": 0, "202->219": 0, "219->202": 0, "0->220": 0, "220->0": 0, "220->221": 0, "221->220": 0, "221->222": 0, "222->221": 0, "222->223": 0, "223->222": 0, "223->224": 0, "224->223": 0, "221->225": 0, "225->221": 0, "225->226": 0, "226->225": 0, "221->227": 0, "227->221": 0, "0->228": 0, "228->0": 0, "228->229": 0, "229->228": 0, "229->230": 0, "230->229": 0, "229->231": 0, "231->229": 0, "231->232": 0, "232->231": 0, "229->233": 0, "233->229": 0, "233->234": 0, "234->233": 0, "228->235": 0, "235->228": 0, "235->236": 0, "236->235": 0, "236->237": 0, "237->236": 0, "237->238": 0, "238->237": 0, "237->239": 0, "239->237": 0, "0->240": 0, "240->0": 0, "240->241": 0, "241->240": 0, "241->242": 0, "242->241": 0, "1->3": 1, "3->1": 12, "3->11": 1, "11->3": 12, "11->12": 2, "12->11": 3, "12->13": 1, "13->12": 12, "13->21": 1, "21->13": 12, "21->32": 1, "32->21": 12, "32->40": 1, "40->32": 12, "40->47": 1, "47->40": 12, "47->59": 1, "59->47": 12, "59->74": 1, "74->59": 12, "74->89": 1, "89->74": 12, "89->103": 1, "103->89": 12, "103->113": 1, "113->103": 12, "113->136": 1, "136->113": 12, "136->153": 1, "153->136": 12, "153->163": 1, "163->153": 12, "163->173": 1, "173->163": 12, "173->192": 1, "192->173": 12, "192->220": 1, "220->192": 12, "220->228": 1, "228->220": 12, "228->240": 1, "240->228": 12, "4->5": 1, "5->4": 12, "5->8": 1, "8->5": 12, "15->18": 1, "18->15": 12, "18->20": 1, "20->18": 12, "23->25": 1, "25->23": 12, "26->31": 1, "31->26": 12, "27->29": 1, "29->27": 12, "33->35": 1, "35->33": 12, "36->37": 1, "37->36": 12, "42->43": 1, "43->42": 12, "43->46": 1, "46->43": 12, "49->52": 1, "52->49": 12, "52->58": 1, "58->52": 12, "53->54": 1, "54->53": 12, "54->57": 1, "57->54": 12, "55->56": 2, "56->55": 3, "61->64": 1, "64->61": 12, "64->73": 1, "73->64": 12, "65->66": 1, "66->65": 12, "66->72": 1, "72->66": 12, "67->68": 1, "68->67": 12, "68->71": 1, "71->68": 12, "69->70": 2, "70->69": 3, "76->79": 1, "79->76": 12, "79->88": 1, "88->79": 12, "80->81": 1, "81->80": 12, "81->87": 1, "87->81": 12, "82->83": 1, "83->82": 12, "83->86": 1, "86->83": 12, "84->85": 2, "85->84": 3, "90->92": 1, "92->90": 12, "93->94": 1, "94->93": 12, "95->96": 1, "96->95": 12, "96->102": 1, "102->96": 12, "97->98": 1, "98->97": 12, "98->101": 1, "101->98": 12, "99->100": 2, "100->99": 3, "105->108": 1, "108->105": 12, "108->112": 1, "112->108": 12, "109->111": 1, "111->109": 12, "114->116": 1, "116->114": 12, "117->118": 1, "118->117": 12, "119->121": 1, "121->119": 12, "122->123": 1, "123->122": 12, "123->133": 1, "133->123": 12, "124->125": 1, "125->124": 12, "125->128": 1, "128->125": 12, "129->131": 1, "131->129": 12, "134->135": 2, "135->134": 3, "137->139": 1, "139->137": 12, "140->141": 1, "141->140": 12, "142->145": 1, "145->142": 12, "145->150": 1, "150->145": 12, "150->152": 1, "152->150": 12, "146->148": 1, "148->146": 12, "154->156": 1, "156->154": 12, "157->158": 1, "158->157": 12, "159->161": 1, "161->159": 12, "164->166": 1, "166->164": 12, "167->168": 1, "168->167": 12, "169->171": 1, "171->169": 12, "175->178": 1, "178->175": 12, "178->191": 1, "191->178": 12, "179->180": 1, "180->179": 12, "180->183": 1, "183->180": 12, "183->185": 1, "185->183": 12, "185->190": 1, "190->185": 12, "186->188": 1, "188->186": 12, "193->200": 6, "200->193": 6, "194->195": 1, "195->194": 12, "195->198": 1, "198->195": 12, "196->197": 2, "197->196": 3, "203->206": 1, "206->203": 12, "206->219": 1, "219->206": 12, "207->208": 1, "208->207": 12, "208->211": 1, "211->208": 12, "211->213": 1, "213->211": 12, "213->218": 1, "218->213": 12, "209->210": 2, "210->209": 3, "214->216": 1, "216->214": 12, "222->225": 1, "225->222": 12, "225->227": 1, "227->225": 12, "229->235": 6, "235->229": 6, "230->231": 1, "231->230": 12, "231->233": 1, "233->231": 12, "238->239": 2, "239->238": 3, "2->4": 2, "4->2": 3, "4->7": 2, "7->4": 3, "7->10": 2, "10->7": 3, "10->11": 2, "11->10": 3, "12->17": 2, "17->12": 3, "17->19": 2, "19->17": 3, "19->20": 2, "20->19": 3, "20->24": 2, "24->20": 3, "24->28": 2, "28->24": 3, "28->30": 2, "30->28": 3, "30->31": 2, "31->30": 3, "31->34": 2, "34->31": 3, "34->36": 2, "36->34": 3, "36->39": 2, "39->36": 3, "39->42": 2, "42->39": 3, "42->45": 2, "45->42": 3, "45->46": 2, "46->45": 3, "46->51": 2, "51->46": 3, "51->53": 2, "53->51": 3, "53->55": 2, "55->53": 3, "56->57": 2, "57->56": 3, "57->58": 2, "58->57": 3, "58->63": 2, "63->58": 3, "63->65": 2, "65->63": 3, "65->67": 2, "67->65": 3, "67->69": 2, "69->67": 3, "70->71": 2, "71->70": 3, "71->72": 2, "72->71": 3, "72->73": 2, "73->72": 3, "73->78": 2, "78->73": 3, "78->80": 2, "80->78": 3, "80->82": 2, "82->80": 3, "82->84": 2, "84->82": 3, "85->86": 2, "86->85": 3, "86->87": 2, "87->86": 3, "87->88": 2, "88->87": 3, "88->91": 2, "91->88": 3, "91->93": 2, "93->91": 3, "93->95": 2, "95->93": 3, "95->97": 2, "97->95": 3, "97->99": 2, "99->97": 3, "100->101": 2, "101->100": 3, "101->102": 2, "102->101": 3, "102->107": 2, "107->102": 3, "107->110": 2, "110->107": 3, "110->111": 2, "111->110": 3, "111->112": 2, "112->111": 3, "112->115": 2, "115->112": 3, "115->117": 2, "117->115": 3, "117->120": 2, "120->117": 3, "120->122": 2, "122->120": 3, "122->124": 2, "124->122": 3, "124->127": 2, "127->124": 3, "127->130": 2, "130->127": 3, "130->132": 2, "132->130": 3, "132->134": 2, "134->132": 3, "135->138": 2, "138->135": 3, "138->140": 2, "140->138": 3, "140->144": 2, "144->140": 3, "144->147": 2, "147->144": 3, "147->149": 2, "149->147": 3, "149->151": 2, "151->149": 3, "151->152": 2, "152->151": 3, "152->155": 2, "155->152": 3, "155->157": 2, "157->155": 3, "157->160": 2, "160->157": 3, "160->162": 2, "162->160": 3, "162->165": 2, "165->162": 3, "165->167": 2, "167->165": 3, "167->170": 2, "170->167": 3, "170->172": 2, "172->170": 3, "172->177": 2, "177->172": 3, "177->179": 2, "179->177": 3, "179->182": 2, "182->179": 3, "182->184": 2, "184->182": 3, "184->187": 2, "187->184": 3, "187->189": 2, "189->187": 3, "189->190": 2, "190->189": 3, "190->191": 2, "191->190": 3, "191->194": 2, "194->191": 3, "194->196": 2, "196->194": 3, "197->199": 2, "199->197": 3, "199->205": 2, "205->199": 3, "205->207": 2, "207->205": 3, "207->209": 2, "209->207": 3, "210->212": 2, "212->210": 3, "212->215": 2, "215->212": 3, "215->217": 2, "217->215": 3, "217->218": 2, "218->217": 3, "218->219": 2, "219->218": 3, "219->224": 2, "224->219": 3, "224->226": 2, "226->224": 3, "226->227": 2, "227->226": 3, "227->230": 2, "230->227": 3, "230->232": 2, "232->230": 3, "232->234": 2, "234->232": 3, "234->238": 2, "238->234": 3, "239->242": 2, "242->239": 3, "17->28": 4, "28->17": 5, "28->130": 4, "130->28": 5, "130->147": 4, "147->130": 5, "147->187": 4, "187->147": 5, "187->215": 4, "215->187": 5, "24->45": 4, "45->24": 5, "45->144": 4, "144->45": 5, "107->182": 4, "182->107": 5, "132->149": 4, "149->132": 5, "184->212": 4, "212->184": 5, "212->234": 4, "234->212": 5, "197->217": 4, "217->197": 5}, "metrics": [24.0, 3.0, 0.0]}