{"nodelist": ["ConstructorDeclaration", "{'public'}", "public", "HFileDataBlockEncoderImpl", "FormalParameter", "ReferenceType", "DataBlockEncoding", "encoding", "StatementExpression", "Assignment", "This", "MemberReference", "encoding", "TernaryExpression", "BinaryOperation", "!=", "MemberReference", "encoding", "Literal", "null", "MemberReference", "encoding", "MemberReference", "DataBlockEncoding", "NONE", "="], "nodes": {"0": "ConstructorDeclaration", "1": "Modifier", "2": "public", "3": "HFileDataBlockEncoderImpl", "4": "FormalParameter", "5": "ReferenceType", "6": "DataBlockEncoding", "7": "encoding", "8": "StatementExpression", "9": "Assignment", "10": "This", "11": "MemberReference", "12": "encoding", "13": "TernaryExpression", "14": "BinaryOperation", "15": "!=", "16": "MemberReference", "17": "encoding", "18": "Literal", "19": "null", "20": "MemberReference", "21": "encoding", "22": "MemberReference", "23": "DataBlockEncoding", "24": "NONE", "25": "="}, "edges": {"0->1": 0, "1->0": 0, "1->2": 0, "2->1": 0, "0->3": 0, "3->0": 0, "0->4": 0, "4->0": 0, "4->5": 0, "5->4": 0, "5->6": 0, "6->5": 0, "4->7": 0, "7->4": 0, "0->8": 0, "8->0": 0, "8->9": 0, "9->8": 0, "9->10": 0, "10->9": 0, "10->11": 0, "11->10": 0, "11->12": 0, "12->11": 0, "9->13": 0, "13->9": 0, "13->14": 0, "14->13": 0, "14->15": 0, "15->14": 0, "14->16": 0, "16->14": 0, "16->17": 0, "17->16": 0, "14->18": 0, "18->14": 0, "18->19": 0, "19->18": 0, "13->20": 0, "20->13": 0, "20->21": 0, "21->20": 0, "13->22": 0, "22->13": 0, "22->23": 0, "23->22": 0, "22->24": 0, "24->22": 0, "9->25": 0, "25->9": 0, "1->3": 1, "3->1": 12, "3->4": 1, "4->3": 12, "4->8": 1, "8->4": 12, "5->7": 1, "7->5": 12, "10->13": 1, "13->10": 12, "13->25": 1, "25->13": 12, "14->20": 1, "20->14": 12, "20->22": 1, "22->20": 12, "15->16": 1, "16->15": 12, "16->18": 1, "18->16": 12, "23->24": 2, "24->23": 3, "2->3": 2, "3->2": 3, "3->6": 2, "6->3": 3, "6->7": 2, "7->6": 3, "7->12": 2, "12->7": 3, "12->15": 2, "15->12": 3, "15->17": 2, "17->15": 3, "17->19": 2, "19->17": 3, "19->21": 2, "21->19": 3, "21->23": 2, "23->21": 3, "24->25": 2, "25->24": 3, "12->17": 4, "17->12": 5, "17->21": 4, "21->17": 5}, "metrics": [3.0, 1.0, 1.0]}