{"nodelist": ["MethodDeclaration", "{'public'}", "public", "Annotation", "Override", "ReferenceType", "FSDataOutputStream", "call", "IOException", "TryStatement", "LocalVariableDeclaration", "ReferenceType", "FileSystem", "VariableDeclarator", "fs", "MethodInvocation", "FSUtils", "MethodInvocation", "getConf", "getCurrentFileSystem", "LocalVariableDeclaration", "ReferenceType", "FsPermission", "VariableDeclarator", "defaultPerms", "MethodInvocation", "FSUtils", "MemberReference", "fs", "MethodInvocation", "getConf", "MemberReference", "HConstants", "DATA_FILE_UMASK_KEY", "getFilePermissions", "LocalVariableDeclaration", "ReferenceType", "Path", "VariableDeclarator", "tmpDir", "ClassCreator", "ReferenceType", "Path", "MethodInvocation", "FSUtils", "MethodInvocation", "getConf", "getRootDir", "MemberReference", "HConstants", "HBASE_TEMP_DIRECTORY", "StatementExpression", "MethodInvocation", "fs", "MemberReference", "tmpDir", "mkdirs", "StatementExpression", "Assignment", "MemberReference", "HBCK_LOCK_PATH", "ClassCreator", "ReferenceType", "Path", "MemberReference", "tmpDir", "MemberReference", "HBCK_LOCK_FILE", "=", "LocalVariableDeclaration", "{'final'}", "final", "ReferenceType", "FSDataOutputStream", "VariableDeclarator", "out", "MethodInvocation", "MemberReference", "fs", "MemberReference", "HBCK_LOCK_PATH", "MemberReference", "defaultPerms", "createFileWithRetries", "StatementExpression", "MethodInvocation", "out", "MethodInvocation", "InetAddress", "MethodInvocation", "toString", "getLocalHost", "writeBytes", "StatementExpression", "MethodInvocation", "out", "flush", "ReturnStatement", "MemberReference", "out", "CatchClause", "CatchClauseParameter", "RemoteException", "e", "IfStatement", "ClassReference", "MethodInvocation", "getName", "MethodInvocation", "MethodInvocation", "e", "getClassName", "equals", "ReferenceType", "AlreadyBeingCreatedException", "BlockStatement", "ReturnStatement", "Literal", "null", "BlockStatement", "ThrowStatement", "MemberReference", "e"], "nodes": {"0": "MethodDeclaration", "1": "Modifier", "2": "public", "3": "Annotation", "4": "Override", "5": "ReferenceType", "6": "FSDataOutputStream", "7": "call", "8": "IOException", "9": "TryStatement", "10": "LocalVariableDeclaration", "11": "ReferenceType", "12": "FileSystem", "13": "VariableDeclarator", "14": "fs", "15": "MethodInvocation", "16": "FSUtils", "17": "MethodInvocation", "18": "getConf", "19": "getCurrentFileSystem", "20": "LocalVariableDeclaration", "21": "ReferenceType", "22": "FsPermission", "23": "VariableDeclarator", "24": "defaultPerms", "25": "MethodInvocation", "26": "FSUtils", "27": "MemberReference", "28": "fs", "29": "MethodInvocation", "30": "getConf", "31": "MemberReference", "32": "HConstants", "33": "DATA_FILE_UMASK_KEY", "34": "getFilePermissions", "35": "LocalVariableDeclaration", "36": "ReferenceType", "37": "Path", "38": "VariableDeclarator", "39": "tmpDir", "40": "ClassCreator", "41": "ReferenceType", "42": "Path", "43": "MethodInvocation", "44": "FSUtils", "45": "MethodInvocation", "46": "getConf", "47": "getRootDir", "48": "MemberReference", "49": "HConstants", "50": "HBASE_TEMP_DIRECTORY", "51": "StatementExpression", "52": "MethodInvocation", "53": "fs", "54": "MemberReference", "55": "tmpDir", "56": "mkdirs", "57": "StatementExpression", "58": "Assignment", "59": "MemberReference", "60": "HBCK_LOCK_PATH", "61": "ClassCreator", "62": "ReferenceType", "63": "Path", "64": "MemberReference", "65": "tmpDir", "66": "MemberReference", "67": "HBCK_LOCK_FILE", "68": "=", "69": "LocalVariableDeclaration", "70": "Modifier", "71": "final", "72": "ReferenceType", "73": "FSDataOutputStream", "74": "VariableDeclarator", "75": "out", "76": "MethodInvocation", "77": "MemberReference", "78": "fs", "79": "MemberReference", "80": "HBCK_LOCK_PATH", "81": "MemberReference", "82": "defaultPerms", "83": "createFileWithRetries", "84": "StatementExpression", "85": "MethodInvocation", "86": "out", "87": "MethodInvocation", "88": "InetAddress", "89": "MethodInvocation", "90": "toString", "91": "getLocalHost", "92": "writeBytes", "93": "StatementExpression", "94": "MethodInvocation", "95": "out", "96": "flush", "97": "ReturnStatement", "98": "MemberReference", "99": "out", "100": "CatchClause", "101": "CatchClauseParameter", "102": "RemoteException", "103": "e", "104": "IfStatement", "105": "ClassReference", "106": "MethodInvocation", "107": "getName", "108": "MethodInvocation", "109": "MethodInvocation", "110": "e", "111": "getClassName", "112": "equals", "113": "ReferenceType", "114": "AlreadyBeingCreatedException", "115": "BlockStatement", "116": "ReturnStatement", "117": "Literal", "118": "null", "119": "BlockStatement", "120": "ThrowStatement", "121": "MemberReference", "122": "e"}, "edges": {"0->1": 0, "1->0": 0, "1->2": 0, "2->1": 0, "0->3": 0, "3->0": 0, "3->4": 0, "4->3": 0, "0->5": 0, "5->0": 0, "5->6": 0, "6->5": 0, "0->7": 0, "7->0": 0, "0->8": 0, "8->0": 0, "0->9": 0, "9->0": 0, "9->10": 0, "10->9": 0, "10->11": 0, "11->10": 0, "11->12": 0, "12->11": 0, "10->13": 0, "13->10": 0, "13->14": 0, "14->13": 0, "13->15": 0, "15->13": 0, "15->16": 0, "16->15": 0, "15->17": 0, "17->15": 0, "17->18": 0, "18->17": 0, "15->19": 0, "19->15": 0, "9->20": 0, "20->9": 0, "20->21": 0, "21->20": 0, "21->22": 0, "22->21": 0, "20->23": 0, "23->20": 0, "23->24": 0, "24->23": 0, "23->25": 0, "25->23": 0, "25->26": 0, "26->25": 0, "25->27": 0, "27->25": 0, "27->28": 0, "28->27": 0, "25->29": 0, "29->25": 0, "29->30": 0, "30->29": 0, "25->31": 0, "31->25": 0, "31->32": 0, "32->31": 0, "31->33": 0, "33->31": 0, "25->34": 0, "34->25": 0, "9->35": 0, "35->9": 0, "35->36": 0, "36->35": 0, "36->37": 0, "37->36": 0, "35->38": 0, "38->35": 0, "38->39": 0, "39->38": 0, "38->40": 0, "40->38": 0, "40->41": 0, "41->40": 0, "41->42": 0, "42->41": 0, "40->43": 0, "43->40": 0, "43->44": 0, "44->43": 0, "43->45": 0, "45->43": 0, "45->46": 0, "46->45": 0, "43->47": 0, "47->43": 0, "40->48": 0, "48->40": 0, "48->49": 0, "49->48": 0, "48->50": 0, "50->48": 0, "9->51": 0, "51->9": 0, "51->52": 0, "52->51": 0, "52->53": 0, "53->52": 0, "52->54": 0, "54->52": 0, "54->55": 0, "55->54": 0, "52->56": 0, "56->52": 0, "9->57": 0, "57->9": 0, "57->58": 0, "58->57": 0, "58->59": 0, "59->58": 0, "59->60": 0, "60->59": 0, "58->61": 0, "61->58": 0, "61->62": 0, "62->61": 0, "62->63": 0, "63->62": 0, "61->64": 0, "64->61": 0, "64->65": 0, "65->64": 0, "61->66": 0, "66->61": 0, "66->67": 0, "67->66": 0, "58->68": 0, "68->58": 0, "9->69": 0, "69->9": 0, "69->70": 0, "70->69": 0, "70->71": 0, "71->70": 0, "69->72": 0, "72->69": 0, "72->73": 0, "73->72": 0, "69->74": 0, "74->69": 0, "74->75": 0, "75->74": 0, "74->76": 0, "76->74": 0, "76->77": 0, "77->76": 0, "77->78": 0, "78->77": 0, "76->79": 0, "79->76": 0, "79->80": 0, "80->79": 0, "76->81": 0, "81->76": 0, "81->82": 0, "82->81": 0, "76->83": 0, "83->76": 0, "9->84": 0, "84->9": 0, "84->85": 0, "85->84": 0, "85->86": 0, "86->85": 0, "85->87": 0, "87->85": 0, "87->88": 0, "88->87": 0, "87->89": 0, "89->87": 0, "89->90": 0, "90->89": 0, "87->91": 0, "91->87": 0, "85->92": 0, "92->85": 0, "9->93": 0, "93->9": 0, "93->94": 0, "94->93": 0, "94->95": 0, "95->94": 0, "94->96": 0, "96->94": 0, "9->97": 0, "97->9": 0, "97->98": 0, "98->97": 0, "98->99": 0, "99->98": 0, "9->100": 0, "100->9": 0, "100->101": 0, "101->100": 0, "101->102": 0, "102->101": 0, "101->103": 0, "103->101": 0, "100->104": 0, "104->100": 0, "104->105": 0, "105->104": 0, "105->106": 0, "106->105": 0, "106->107": 0, "107->106": 0, "105->108": 0, "108->105": 0, "108->109": 0, "109->108": 0, "109->110": 0, "110->109": 0, "109->111": 0, "111->109": 0, "108->112": 0, "112->108": 0, "105->113": 0, "113->105": 0, "113->114": 0, "114->113": 0, "104->115": 0, "115->104": 0, "115->116": 0, "116->115": 0, "116->117": 0, "117->116": 0, "117->118": 0, "118->117": 0, "104->119": 0, "119->104": 0, "119->120": 0, "120->119": 0, "120->121": 0, "121->120": 0, "121->122": 0, "122->121": 0, "1->3": 1, "3->1": 12, "3->5": 1, "5->3": 12, "5->7": 1, "7->5": 12, "7->8": 2, "8->7": 3, "8->9": 1, "9->8": 12, "10->20": 1, "20->10": 12, "20->35": 1, "35->20": 12, "35->51": 1, "51->35": 12, "51->57": 1, "57->51": 12, "57->69": 1, "69->57": 12, "69->84": 1, "84->69": 12, "84->93": 1, "93->84": 12, "93->97": 1, "97->93": 12, "97->100": 1, "100->97": 12, "11->13": 1, "13->11": 12, "14->15": 1, "15->14": 12, "16->17": 1, "17->16": 12, "17->19": 1, "19->17": 12, "21->23": 1, "23->21": 12, "24->25": 1, "25->24": 12, "26->27": 1, "27->26": 12, "27->29": 1, "29->27": 12, "29->31": 1, "31->29": 12, "31->34": 1, "34->31": 12, "32->33": 2, "33->32": 3, "36->38": 1, "38->36": 12, "39->40": 1, "40->39": 12, "41->43": 1, "43->41": 12, "43->48": 1, "48->43": 12, "44->45": 1, "45->44": 12, "45->47": 1, "47->45": 12, "49->50": 2, "50->49": 3, "53->54": 1, "54->53": 12, "54->56": 1, "56->54": 12, "59->61": 1, "61->59": 12, "61->68": 1, "68->61": 12, "62->64": 1, "64->62": 12, "64->66": 1, "66->64": 12, "70->72": 1, "72->70": 12, "72->74": 1, "74->72": 12, "75->76": 1, "76->75": 12, "77->79": 1, "79->77": 12, "79->81": 1, "81->79": 12, "81->83": 1, "83->81": 12, "86->87": 1, "87->86": 12, "87->92": 1, "92->87": 12, "88->89": 1, "89->88": 12, "89->91": 1, "91->89": 12, "95->96": 2, "96->95": 3, "101->104": 1, "104->101": 12, "102->103": 2, "103->102": 3, "105->115": 6, "115->105": 6, "115->119": 1, "119->115": 12, "106->108": 1, "108->106": 12, "108->113": 1, "113->108": 12, "109->112": 1, "112->109": 12, "110->111": 2, "111->110": 3, "105->119": 7, "119->105": 7, "2->4": 2, "4->2": 3, "4->6": 2, "6->4": 3, "6->7": 2, "7->6": 3, "8->12": 2, "12->8": 3, "12->14": 2, "14->12": 3, "14->16": 2, "16->14": 3, "16->18": 2, "18->16": 3, "18->19": 2, "19->18": 3, "19->22": 2, "22->19": 3, "22->24": 2, "24->22": 3, "24->26": 2, "26->24": 3, "26->28": 2, "28->26": 3, "28->30": 2, "30->28": 3, "30->32": 2, "32->30": 3, "33->34": 2, "34->33": 3, "34->37": 2, "37->34": 3, "37->39": 2, "39->37": 3, "39->42": 2, "42->39": 3, "42->44": 2, "44->42": 3, "44->46": 2, "46->44": 3, "46->47": 2, "47->46": 3, "47->49": 2, "49->47": 3, "50->53": 2, "53->50": 3, "53->55": 2, "55->53": 3, "55->56": 2, "56->55": 3, "56->60": 2, "60->56": 3, "60->63": 2, "63->60": 3, "63->65": 2, "65->63": 3, "65->67": 2, "67->65": 3, "67->68": 2, "68->67": 3, "68->71": 2, "71->68": 3, "71->73": 2, "73->71": 3, "73->75": 2, "75->73": 3, "75->78": 2, "78->75": 3, "78->80": 2, "80->78": 3, "80->82": 2, "82->80": 3, "82->83": 2, "83->82": 3, "83->86": 2, "86->83": 3, "86->88": 2, "88->86": 3, "88->90": 2, "90->88": 3, "90->91": 2, "91->90": 3, "91->92": 2, "92->91": 3, "92->95": 2, "95->92": 3, "96->99": 2, "99->96": 3, "99->102": 2, "102->99": 3, "103->107": 2, "107->103": 3, "107->110": 2, "110->107": 3, "111->112": 2, "112->111": 3, "112->114": 2, "114->112": 3, "114->118": 2, "118->114": 3, "118->122": 2, "122->118": 3, "28->78": 4, "78->28": 5, "55->65": 4, "65->55": 5, "60->80": 4, "80->60": 5}, "metrics": [21.0, 2.0, 0.0]}