{"nodelist": ["MethodDeclaration", "{'final', 'static', 'public'}", "final", "static", "public", "ReferenceType", "com", "ReferenceType", "google", "ReferenceType", "protobuf", "ReferenceType", "Descriptors", "ReferenceType", "Descriptor", "getDescriptor", "ReturnStatement", "MemberReference", "org.apache.hadoop.hbase.protobuf.generated.WALProtos", "internal_static_RegionEventDescriptor_descriptor"], "nodes": {"0": "MethodDeclaration", "1": "Modifier", "2": "final", "3": "static", "4": "public", "5": "ReferenceType", "6": "com", "7": "ReferenceType", "8": "google", "9": "ReferenceType", "10": "protobuf", "11": "ReferenceType", "12": "Descriptors", "13": "ReferenceType", "14": "Descriptor", "15": "getDescriptor", "16": "ReturnStatement", "17": "MemberReference", "18": "org.apache.hadoop.hbase.protobuf.generated.WALProtos", "19": "internal_static_RegionEventDescriptor_descriptor"}, "edges": {"0->1": 0, "1->0": 0, "1->2": 0, "2->1": 0, "1->3": 0, "3->1": 0, "1->4": 0, "4->1": 0, "0->5": 0, "5->0": 0, "5->6": 0, "6->5": 0, "5->7": 0, "7->5": 0, "7->8": 0, "8->7": 0, "7->9": 0, "9->7": 0, "9->10": 0, "10->9": 0, "9->11": 0, "11->9": 0, "11->12": 0, "12->11": 0, "11->13": 0, "13->11": 0, "13->14": 0, "14->13": 0, "0->15": 0, "15->0": 0, "0->16": 0, "16->0": 0, "16->17": 0, "17->16": 0, "17->18": 0, "18->17": 0, "17->19": 0, "19->17": 0, "1->5": 1, "5->1": 12, "5->15": 1, "15->5": 12, "15->16": 1, "16->15": 12, "2->3": 2, "3->2": 3, "3->4": 2, "4->3": 3, "6->7": 1, "7->6": 12, "8->9": 1, "9->8": 12, "10->11": 1, "11->10": 12, "12->13": 1, "13->12": 12, "18->19": 2, "19->18": 3, "4->6": 2, "6->4": 3, "6->8": 2, "8->6": 3, "8->10": 2, "10->8": 3, "10->12": 2, "12->10": 3, "12->14": 2, "14->12": 3, "14->15": 2, "15->14": 3, "15->18": 2, "18->15": 3}, "metrics": [3.0, 1.0, 0.0]}