{"nodelist": ["MethodDeclaration", "{'protected'}", "protected", "ReferenceType", "HTableDescriptor", "getTableDescriptor", "FormalParameter", "BasicType", "byte", "tableName", "IOException", "LocalVariableDeclaration", "ReferenceType", "HTableDescriptor", "VariableDeclarator", "tableDescriptor", "Literal", "null", "TryStatement", "IfStatement", "BinaryOperation", "!=", "This", "MemberReference", "services", "Literal", "null", "BlockStatement", "StatementExpression", "Assignment", "MemberReference", "tableDescriptor", "This", "MemberReference", "services", "MethodInvocation", "getTableDescriptors", "MethodInvocation", "MethodInvocation", "Bytes", "MemberReference", "tableName", "toString", "get", "=", "CatchClause", "CatchClauseParameter", "FileNotFoundException", "fnfe", "StatementExpression", "MethodInvocation", "LOG", "BinaryOperation", "+", "BinaryOperation", "+", "Literal", "\"FileNotFoundException during getTableDescriptors.\"", "Literal", "\" Current table name = \"", "MethodInvocation", "Bytes", "MemberReference", "tableName", "toStringBinary", "MemberReference", "fnfe", "debug", "ReturnStatement", "MemberReference", "tableDescriptor"], "nodes": {"0": "MethodDeclaration", "1": "Modifier", "2": "protected", "3": "ReferenceType", "4": "HTableDescriptor", "5": "getTableDescriptor", "6": "FormalParameter", "7": "BasicType", "8": "byte", "9": "tableName", "10": "IOException", "11": "LocalVariableDeclaration", "12": "ReferenceType", "13": "HTableDescriptor", "14": "VariableDeclarator", "15": "tableDescriptor", "16": "Literal", "17": "null", "18": "TryStatement", "19": "IfStatement", "20": "BinaryOperation", "21": "!=", "22": "This", "23": "MemberReference", "24": "services", "25": "Literal", "26": "null", "27": "BlockStatement", "28": "StatementExpression", "29": "Assignment", "30": "MemberReference", "31": "tableDescriptor", "32": "This", "33": "MemberReference", "34": "services", "35": "MethodInvocation", "36": "getTableDescriptors", "37": "MethodInvocation", "38": "MethodInvocation", "39": "Bytes", "40": "MemberReference", "41": "tableName", "42": "toString", "43": "get", "44": "=", "45": "CatchClause", "46": "CatchClauseParameter", "47": "FileNotFoundException", "48": "fnfe", "49": "StatementExpression", "50": "MethodInvocation", "51": "LOG", "52": "BinaryOperation", "53": "+", "54": "BinaryOperation", "55": "+", "56": "Literal", "57": "\"FileNotFoundException during getTableDescriptors.\"", "58": "Literal", "59": "\" Current table name = \"", "60": "MethodInvocation", "61": "Bytes", "62": "MemberReference", "63": "tableName", "64": "toStringBinary", "65": "MemberReference", "66": "fnfe", "67": "debug", "68": "ReturnStatement", "69": "MemberReference", "70": "tableDescriptor"}, "edges": {"0->1": 0, "1->0": 0, "1->2": 0, "2->1": 0, "0->3": 0, "3->0": 0, "3->4": 0, "4->3": 0, "0->5": 0, "5->0": 0, "0->6": 0, "6->0": 0, "6->7": 0, "7->6": 0, "7->8": 0, "8->7": 0, "6->9": 0, "9->6": 0, "0->10": 0, "10->0": 0, "0->11": 0, "11->0": 0, "11->12": 0, "12->11": 0, "12->13": 0, "13->12": 0, "11->14": 0, "14->11": 0, "14->15": 0, "15->14": 0, "14->16": 0, "16->14": 0, "16->17": 0, "17->16": 0, "0->18": 0, "18->0": 0, "18->19": 0, "19->18": 0, "19->20": 0, "20->19": 0, "20->21": 0, "21->20": 0, "20->22": 0, "22->20": 0, "22->23": 0, "23->22": 0, "23->24": 0, "24->23": 0, "20->25": 0, "25->20": 0, "25->26": 0, "26->25": 0, "19->27": 0, "27->19": 0, "27->28": 0, "28->27": 0, "28->29": 0, "29->28": 0, "29->30": 0, "30->29": 0, "30->31": 0, "31->30": 0, "29->32": 0, "32->29": 0, "32->33": 0, "33->32": 0, "33->34": 0, "34->33": 0, "32->35": 0, "35->32": 0, "35->36": 0, "36->35": 0, "32->37": 0, "37->32": 0, "37->38": 0, "38->37": 0, "38->39": 0, "39->38": 0, "38->40": 0, "40->38": 0, "40->41": 0, "41->40": 0, "38->42": 0, "42->38": 0, "37->43": 0, "43->37": 0, "29->44": 0, "44->29": 0, "18->45": 0, "45->18": 0, "45->46": 0, "46->45": 0, "46->47": 0, "47->46": 0, "46->48": 0, "48->46": 0, "45->49": 0, "49->45": 0, "49->50": 0, "50->49": 0, "50->51": 0, "51->50": 0, "50->52": 0, "52->50": 0, "52->53": 0, "53->52": 0, "52->54": 0, "54->52": 0, "54->55": 0, "55->54": 0, "54->56": 0, "56->54": 0, "56->57": 0, "57->56": 0, "54->58": 0, "58->54": 0, "58->59": 0, "59->58": 0, "52->60": 0, "60->52": 0, "60->61": 0, "61->60": 0, "60->62": 0, "62->60": 0, "62->63": 0, "63->62": 0, "60->64": 0, "64->60": 0, "50->65": 0, "65->50": 0, "65->66": 0, "66->65": 0, "50->67": 0, "67->50": 0, "0->68": 0, "68->0": 0, "68->69": 0, "69->68": 0, "69->70": 0, "70->69": 0, "1->3": 1, "3->1": 12, "3->5": 1, "5->3": 12, "5->6": 1, "6->5": 12, "6->10": 1, "10->6": 12, "10->11": 1, "11->10": 12, "11->18": 1, "18->11": 12, "18->68": 1, "68->18": 12, "7->9": 1, "9->7": 12, "12->14": 1, "14->12": 12, "15->16": 1, "16->15": 12, "19->45": 1, "45->19": 12, "20->27": 6, "27->20": 6, "21->22": 1, "22->21": 12, "22->25": 1, "25->22": 12, "30->32": 1, "32->30": 12, "32->44": 1, "44->32": 12, "33->35": 1, "35->33": 12, "35->37": 1, "37->35": 12, "38->43": 1, "43->38": 12, "39->40": 1, "40->39": 12, "40->42": 1, "42->40": 12, "46->49": 1, "49->46": 12, "47->48": 2, "48->47": 3, "51->52": 1, "52->51": 12, "52->65": 1, "65->52": 12, "65->67": 1, "67->65": 12, "53->54": 1, "54->53": 12, "54->60": 1, "60->54": 12, "55->56": 1, "56->55": 12, "56->58": 1, "58->56": 12, "61->62": 1, "62->61": 12, "62->64": 1, "64->62": 12, "2->4": 2, "4->2": 3, "4->5": 2, "5->4": 3, "5->8": 2, "8->5": 3, "8->9": 2, "9->8": 3, "9->10": 2, "10->9": 3, "10->13": 2, "13->10": 3, "13->15": 2, "15->13": 3, "15->17": 2, "17->15": 3, "17->21": 2, "21->17": 3, "21->24": 2, "24->21": 3, "24->26": 2, "26->24": 3, "26->31": 2, "31->26": 3, "31->34": 2, "34->31": 3, "34->36": 2, "36->34": 3, "36->39": 2, "39->36": 3, "39->41": 2, "41->39": 3, "41->42": 2, "42->41": 3, "42->43": 2, "43->42": 3, "43->44": 2, "44->43": 3, "44->47": 2, "47->44": 3, "48->51": 2, "51->48": 3, "51->53": 2, "53->51": 3, "53->55": 2, "55->53": 3, "55->57": 2, "57->55": 3, "57->59": 2, "59->57": 3, "59->61": 2, "61->59": 3, "61->63": 2, "63->61": 3, "63->64": 2, "64->63": 3, "64->66": 2, "66->64": 3, "66->67": 2, "67->66": 3, "67->70": 2, "70->67": 3, "24->34": 4, "34->24": 5, "31->70": 4, "70->31": 5, "41->63": 4, "63->41": 5}, "metrics": [12.0, 2.0, 1.0]}