{"nodelist": ["MethodDeclaration", "{'public'}", "public", "Annotation", "Override", "ReferenceType", "ClusterConnection", "getConnection", "TryStatement", "ReturnStatement", "MethodInvocation", "HConnectionTestingUtility", "MethodInvocation", "TESTUTIL", "getConfiguration", "MemberReference", "rs0", "MemberReference", "rs0", "MethodInvocation", "rs0", "getServerName", "MemberReference", "HRegionInfo", "FIRST_META_REGIONINFO", "getMockedConnectionAndDecorate", "CatchClause", "CatchClauseParameter", "IOException", "e", "ReturnStatement", "Literal", "null"], "nodes": {"0": "MethodDeclaration", "1": "Modifier", "2": "public", "3": "Annotation", "4": "Override", "5": "ReferenceType", "6": "ClusterConnection", "7": "getConnection", "8": "TryStatement", "9": "ReturnStatement", "10": "MethodInvocation", "11": "HConnectionTestingUtility", "12": "MethodInvocation", "13": "TESTUTIL", "14": "getConfiguration", "15": "MemberReference", "16": "rs0", "17": "MemberReference", "18": "rs0", "19": "MethodInvocation", "20": "rs0", "21": "getServerName", "22": "MemberReference", "23": "HRegionInfo", "24": "FIRST_META_REGIONINFO", "25": "getMockedConnectionAndDecorate", "26": "CatchClause", "27": "CatchClauseParameter", "28": "IOException", "29": "e", "30": "ReturnStatement", "31": "Literal", "32": "null"}, "edges": {"0->1": 0, "1->0": 0, "1->2": 0, "2->1": 0, "0->3": 0, "3->0": 0, "3->4": 0, "4->3": 0, "0->5": 0, "5->0": 0, "5->6": 0, "6->5": 0, "0->7": 0, "7->0": 0, "0->8": 0, "8->0": 0, "8->9": 0, "9->8": 0, "9->10": 0, "10->9": 0, "10->11": 0, "11->10": 0, "10->12": 0, "12->10": 0, "12->13": 0, "13->12": 0, "12->14": 0, "14->12": 0, "10->15": 0, "15->10": 0, "15->16": 0, "16->15": 0, "10->17": 0, "17->10": 0, "17->18": 0, "18->17": 0, "10->19": 0, "19->10": 0, "19->20": 0, "20->19": 0, "19->21": 0, "21->19": 0, "10->22": 0, "22->10": 0, "22->23": 0, "23->22": 0, "22->24": 0, "24->22": 0, "10->25": 0, "25->10": 0, "8->26": 0, "26->8": 0, "26->27": 0, "27->26": 0, "27->28": 0, "28->27": 0, "27->29": 0, "29->27": 0, "26->30": 0, "30->26": 0, "30->31": 0, "31->30": 0, "31->32": 0, "32->31": 0, "1->3": 1, "3->1": 12, "3->5": 1, "5->3": 12, "5->7": 1, "7->5": 12, "7->8": 1, "8->7": 12, "9->26": 1, "26->9": 12, "11->12": 1, "12->11": 12, "12->15": 1, "15->12": 12, "15->17": 1, "17->15": 12, "17->19": 1, "19->17": 12, "19->22": 1, "22->19": 12, "22->25": 1, "25->22": 12, "13->14": 2, "14->13": 3, "20->21": 2, "21->20": 3, "23->24": 2, "24->23": 3, "27->30": 1, "30->27": 12, "28->29": 2, "29->28": 3, "2->4": 2, "4->2": 3, "4->6": 2, "6->4": 3, "6->7": 2, "7->6": 3, "7->11": 2, "11->7": 3, "11->13": 2, "13->11": 3, "14->16": 2, "16->14": 3, "16->18": 4, "18->16": 5, "18->20": 2, "20->18": 3, "21->23": 2, "23->21": 3, "24->25": 2, "25->24": 3, "25->28": 2, "28->25": 3, "29->32": 2, "32->29": 3}, "metrics": [8.0, 1.0, 0.0]}