{"nodelist": ["MethodDeclaration", "{'public'}", "public", "Annotation", "Override", "ReferenceType", "ServerName", "getServerHoldingRegion", "FormalParameter", "ReferenceType", "TableName", "tn", "FormalParameter", "BasicType", "byte", "regionName", "IOException", "LocalVariableDeclaration", "BasicType", "byte", "VariableDeclarator", "startKey", "MethodInvocation", "RegionInfo", "MemberReference", "regionName", "getStartKey", "LocalVariableDeclaration", "ReferenceType", "HRegionLocation", "VariableDeclarator", "regionLoc", "Literal", "null", "TryStatement", "TryResource", "ReferenceType", "RegionLocator", "locator", "MethodInvocation", "connection", "MemberReference", "tn", "getRegionLocator", "StatementExpression", "Assignment", "MemberReference", "regionLoc", "MethodInvocation", "locator", "MemberReference", "startKey", "Literal", "true", "getRegionLocation", "=", "IfStatement", "BinaryOperation", "==", "MemberReference", "regionLoc", "Literal", "null", "BlockStatement", "StatementExpression", "MethodInvocation", "LOG", "BinaryOperation", "+", "Literal", "\"Cannot find region server holding region \"", "MethodInvocation", "Bytes", "MemberReference", "regionName", "toStringBinary", "warn", "ReturnStatement", "Literal", "null", "ReturnStatement", "MethodInvocation", "regionLoc", "getServerName"], "nodes": {"0": "MethodDeclaration", "1": "Modifier", "2": "public", "3": "Annotation", "4": "Override", "5": "ReferenceType", "6": "ServerName", "7": "getServerHoldingRegion", "8": "FormalParameter", "9": "ReferenceType", "10": "TableName", "11": "tn", "12": "FormalParameter", "13": "BasicType", "14": "byte", "15": "regionName", "16": "IOException", "17": "LocalVariableDeclaration", "18": "BasicType", "19": "byte", "20": "VariableDeclarator", "21": "startKey", "22": "MethodInvocation", "23": "RegionInfo", "24": "MemberReference", "25": "regionName", "26": "getStartKey", "27": "LocalVariableDeclaration", "28": "ReferenceType", "29": "HRegionLocation", "30": "VariableDeclarator", "31": "regionLoc", "32": "Literal", "33": "null", "34": "TryStatement", "35": "TryResource", "36": "ReferenceType", "37": "RegionLocator", "38": "locator", "39": "MethodInvocation", "40": "connection", "41": "MemberReference", "42": "tn", "43": "getRegionLocator", "44": "StatementExpression", "45": "Assignment", "46": "MemberReference", "47": "regionLoc", "48": "MethodInvocation", "49": "locator", "50": "MemberReference", "51": "startKey", "52": "Literal", "53": "true", "54": "getRegionLocation", "55": "=", "56": "IfStatement", "57": "BinaryOperation", "58": "==", "59": "MemberReference", "60": "regionLoc", "61": "Literal", "62": "null", "63": "BlockStatement", "64": "StatementExpression", "65": "MethodInvocation", "66": "LOG", "67": "BinaryOperation", "68": "+", "69": "Literal", "70": "\"Cannot find region server holding region \"", "71": "MethodInvocation", "72": "Bytes", "73": "MemberReference", "74": "regionName", "75": "toStringBinary", "76": "warn", "77": "ReturnStatement", "78": "Literal", "79": "null", "80": "ReturnStatement", "81": "MethodInvocation", "82": "regionLoc", "83": "getServerName"}, "edges": {"0->1": 0, "1->0": 0, "1->2": 0, "2->1": 0, "0->3": 0, "3->0": 0, "3->4": 0, "4->3": 0, "0->5": 0, "5->0": 0, "5->6": 0, "6->5": 0, "0->7": 0, "7->0": 0, "0->8": 0, "8->0": 0, "8->9": 0, "9->8": 0, "9->10": 0, "10->9": 0, "8->11": 0, "11->8": 0, "0->12": 0, "12->0": 0, "12->13": 0, "13->12": 0, "13->14": 0, "14->13": 0, "12->15": 0, "15->12": 0, "0->16": 0, "16->0": 0, "0->17": 0, "17->0": 0, "17->18": 0, "18->17": 0, "18->19": 0, "19->18": 0, "17->20": 0, "20->17": 0, "20->21": 0, "21->20": 0, "20->22": 0, "22->20": 0, "22->23": 0, "23->22": 0, "22->24": 0, "24->22": 0, "24->25": 0, "25->24": 0, "22->26": 0, "26->22": 0, "0->27": 0, "27->0": 0, "27->28": 0, "28->27": 0, "28->29": 0, "29->28": 0, "27->30": 0, "30->27": 0, "30->31": 0, "31->30": 0, "30->32": 0, "32->30": 0, "32->33": 0, "33->32": 0, "0->34": 0, "34->0": 0, "34->35": 0, "35->34": 0, "35->36": 0, "36->35": 0, "36->37": 0, "37->36": 0, "35->38": 0, "38->35": 0, "35->39": 0, "39->35": 0, "39->40": 0, "40->39": 0, "39->41": 0, "41->39": 0, "41->42": 0, "42->41": 0, "39->43": 0, "43->39": 0, "34->44": 0, "44->34": 0, "44->45": 0, "45->44": 0, "45->46": 0, "46->45": 0, "46->47": 0, "47->46": 0, "45->48": 0, "48->45": 0, "48->49": 0, "49->48": 0, "48->50": 0, "50->48": 0, "50->51": 0, "51->50": 0, "48->52": 0, "52->48": 0, "52->53": 0, "53->52": 0, "48->54": 0, "54->48": 0, "45->55": 0, "55->45": 0, "0->56": 0, "56->0": 0, "56->57": 0, "57->56": 0, "57->58": 0, "58->57": 0, "57->59": 0, "59->57": 0, "59->60": 0, "60->59": 0, "57->61": 0, "61->57": 0, "61->62": 0, "62->61": 0, "56->63": 0, "63->56": 0, "63->64": 0, "64->63": 0, "64->65": 0, "65->64": 0, "65->66": 0, "66->65": 0, "65->67": 0, "67->65": 0, "67->68": 0, "68->67": 0, "67->69": 0, "69->67": 0, "69->70": 0, "70->69": 0, "67->71": 0, "71->67": 0, "71->72": 0, "72->71": 0, "71->73": 0, "73->71": 0, "73->74": 0, "74->73": 0, "71->75": 0, "75->71": 0, "65->76": 0, "76->65": 0, "63->77": 0, "77->63": 0, "77->78": 0, "78->77": 0, "78->79": 0, "79->78": 0, "0->80": 0, "80->0": 0, "80->81": 0, "81->80": 0, "81->82": 0, "82->81": 0, "81->83": 0, "83->81": 0, "1->3": 1, "3->1": 12, "3->5": 1, "5->3": 12, "5->7": 1, "7->5": 12, "7->8": 1, "8->7": 12, "8->12": 1, "12->8": 12, "12->16": 1, "16->12": 12, "16->17": 1, "17->16": 12, "17->27": 1, "27->17": 12, "27->34": 1, "34->27": 12, "34->56": 1, "56->34": 12, "56->80": 1, "80->56": 12, "9->11": 1, "11->9": 12, "13->15": 1, "15->13": 12, "18->20": 1, "20->18": 12, "21->22": 1, "22->21": 12, "23->24": 1, "24->23": 12, "24->26": 1, "26->24": 12, "28->30": 1, "30->28": 12, "31->32": 1, "32->31": 12, "35->44": 1, "44->35": 12, "36->38": 1, "38->36": 12, "38->39": 1, "39->38": 12, "40->41": 1, "41->40": 12, "41->43": 1, "43->41": 12, "46->48": 1, "48->46": 12, "48->55": 1, "55->48": 12, "49->50": 1, "50->49": 12, "50->52": 1, "52->50": 12, "52->54": 1, "54->52": 12, "57->63": 6, "63->57": 6, "58->59": 1, "59->58": 12, "59->61": 1, "61->59": 12, "64->77": 10, "77->64": 11, "66->67": 1, "67->66": 12, "67->76": 1, "76->67": 12, "68->69": 1, "69->68": 12, "69->71": 1, "71->69": 12, "72->73": 1, "73->72": 12, "73->75": 1, "75->73": 12, "82->83": 2, "83->82": 3, "2->4": 2, "4->2": 3, "4->6": 2, "6->4": 3, "6->7": 2, "7->6": 3, "7->10": 2, "10->7": 3, "10->11": 2, "11->10": 3, "11->14": 2, "14->11": 3, "14->15": 2, "15->14": 3, "15->16": 2, "16->15": 3, "16->19": 2, "19->16": 3, "19->21": 2, "21->19": 3, "21->23": 2, "23->21": 3, "23->25": 2, "25->23": 3, "25->26": 2, "26->25": 3, "26->29": 2, "29->26": 3, "29->31": 2, "31->29": 3, "31->33": 2, "33->31": 3, "33->37": 2, "37->33": 3, "37->38": 2, "38->37": 3, "38->40": 2, "40->38": 3, "40->42": 2, "42->40": 3, "42->43": 2, "43->42": 3, "43->47": 2, "47->43": 3, "47->49": 2, "49->47": 3, "49->51": 2, "51->49": 3, "51->53": 2, "53->51": 3, "53->54": 2, "54->53": 3, "54->55": 2, "55->54": 3, "55->58": 2, "58->55": 3, "58->60": 2, "60->58": 3, "60->62": 2, "62->60": 3, "62->66": 2, "66->62": 3, "66->68": 2, "68->66": 3, "68->70": 2, "70->68": 3, "70->72": 2, "72->70": 3, "72->74": 2, "74->72": 3, "74->75": 2, "75->74": 3, "75->76": 2, "76->75": 3, "76->79": 2, "79->76": 3, "79->82": 2, "82->79": 3, "25->74": 4, "74->25": 5, "47->60": 4, "60->47": 5}, "metrics": [12.0, 2.0, 2.0]}