{"nodelist": ["MethodDeclaration", "{'public'}", "public", "Annotation", "Override", "service", "FormalParameter", "{'final'}", "final", "ReferenceType", "HttpServletRequest", "request", "FormalParameter", "{'final'}", "final", "ReferenceType", "HttpServletResponse", "response", "ServletException", "IOException", "StatementExpression", "MethodInvocation", "RESTServlet", "MethodInvocation", "MethodInvocation", "request", "getRemoteUser", "setEffectiveUser", "getInstance", "StatementExpression", "SuperMethodInvocation", "MemberReference", "request", "MemberReference", "response", "service"], "nodes": {"0": "MethodDeclaration", "1": "Modifier", "2": "public", "3": "Annotation", "4": "Override", "5": "service", "6": "FormalParameter", "7": "Modifier", "8": "final", "9": "ReferenceType", "10": "HttpServletRequest", "11": "request", "12": "FormalParameter", "13": "Modifier", "14": "final", "15": "ReferenceType", "16": "HttpServletResponse", "17": "response", "18": "ServletException", "19": "IOException", "20": "StatementExpression", "21": "MethodInvocation", "22": "RESTServlet", "23": "MethodInvocation", "24": "MethodInvocation", "25": "request", "26": "getRemoteUser", "27": "setEffectiveUser", "28": "getInstance", "29": "StatementExpression", "30": "SuperMethodInvocation", "31": "MemberReference", "32": "request", "33": "MemberReference", "34": "response", "35": "service"}, "edges": {"0->1": 0, "1->0": 0, "1->2": 0, "2->1": 0, "0->3": 0, "3->0": 0, "3->4": 0, "4->3": 0, "0->5": 0, "5->0": 0, "0->6": 0, "6->0": 0, "6->7": 0, "7->6": 0, "7->8": 0, "8->7": 0, "6->9": 0, "9->6": 0, "9->10": 0, "10->9": 0, "6->11": 0, "11->6": 0, "0->12": 0, "12->0": 0, "12->13": 0, "13->12": 0, "13->14": 0, "14->13": 0, "12->15": 0, "15->12": 0, "15->16": 0, "16->15": 0, "12->17": 0, "17->12": 0, "0->18": 0, "18->0": 0, "0->19": 0, "19->0": 0, "0->20": 0, "20->0": 0, "20->21": 0, "21->20": 0, "21->22": 0, "22->21": 0, "21->23": 0, "23->21": 0, "23->24": 0, "24->23": 0, "24->25": 0, "25->24": 0, "24->26": 0, "26->24": 0, "23->27": 0, "27->23": 0, "21->28": 0, "28->21": 0, "0->29": 0, "29->0": 0, "29->30": 0, "30->29": 0, "30->31": 0, "31->30": 0, "31->32": 0, "32->31": 0, "30->33": 0, "33->30": 0, "33->34": 0, "34->33": 0, "30->35": 0, "35->30": 0, "1->3": 1, "3->1": 12, "3->5": 1, "5->3": 12, "5->6": 1, "6->5": 12, "6->12": 1, "12->6": 12, "12->18": 1, "18->12": 12, "18->19": 2, "19->18": 3, "19->20": 1, "20->19": 12, "20->29": 1, "29->20": 12, "7->9": 1, "9->7": 12, "9->11": 1, "11->9": 12, "13->15": 1, "15->13": 12, "15->17": 1, "17->15": 12, "22->23": 1, "23->22": 12, "23->28": 1, "28->23": 12, "24->27": 1, "27->24": 12, "25->26": 2, "26->25": 3, "31->33": 1, "33->31": 12, "33->35": 1, "35->33": 12, "2->4": 2, "4->2": 3, "4->5": 2, "5->4": 3, "5->8": 2, "8->5": 3, "8->10": 2, "10->8": 3, "10->11": 2, "11->10": 3, "11->14": 2, "14->11": 3, "14->16": 2, "16->14": 3, "16->17": 2, "17->16": 3, "17->18": 2, "18->17": 3, "19->22": 2, "22->19": 3, "22->25": 2, "25->22": 3, "26->27": 2, "27->26": 3, "27->28": 2, "28->27": 3, "28->32": 2, "32->28": 3, "32->34": 2, "34->32": 3, "34->35": 2, "35->34": 3}, "metrics": [4.0, 1.0, 2.0]}