{"nodelist": ["MethodDeclaration", "{'public'}", "public", "ReferenceType", "Builder", "addAttrs", "FormalParameter", "ReferenceType", "org", "ReferenceType", "apache", "ReferenceType", "hadoop", "ReferenceType", "hbase", "ReferenceType", "rest", "ReferenceType", "protobuf", "ReferenceType", "generated", "ReferenceType", "ColumnSchemaMessage", "ReferenceType", "ColumnSchema", "ReferenceType", "Attribute", "ReferenceType", "Builder", "builderForValue", "IfStatement", "MethodInvocation", "result.attrs_", "isEmpty", "BlockStatement", "StatementExpression", "Assignment", "MemberReference", "result", "attrs_", "ClassCreator", "ReferenceType", "java", "ReferenceType", "util", "ReferenceType", "ArrayList", "TypeArgument", "ReferenceType", "org", "ReferenceType", "apache", "ReferenceType", "hadoop", "ReferenceType", "hbase", "ReferenceType", "rest", "ReferenceType", "protobuf", "ReferenceType", "generated", "ReferenceType", "ColumnSchemaMessage", "ReferenceType", "ColumnSchema", "ReferenceType", "Attribute", "=", "StatementExpression", "MethodInvocation", "result.attrs_", "MethodInvocation", "builderForValue", "build", "add", "ReturnStatement", "This"], "nodes": {"0": "MethodDeclaration", "1": "Modifier", "2": "public", "3": "ReferenceType", "4": "Builder", "5": "addAttrs", "6": "FormalParameter", "7": "ReferenceType", "8": "org", "9": "ReferenceType", "10": "apache", "11": "ReferenceType", "12": "hadoop", "13": "ReferenceType", "14": "hbase", "15": "ReferenceType", "16": "rest", "17": "ReferenceType", "18": "protobuf", "19": "ReferenceType", "20": "generated", "21": "ReferenceType", "22": "ColumnSchemaMessage", "23": "ReferenceType", "24": "ColumnSchema", "25": "ReferenceType", "26": "Attribute", "27": "ReferenceType", "28": "Builder", "29": "builderForValue", "30": "IfStatement", "31": "MethodInvocation", "32": "result.attrs_", "33": "isEmpty", "34": "BlockStatement", "35": "StatementExpression", "36": "Assignment", "37": "MemberReference", "38": "result", "39": "attrs_", "40": "ClassCreator", "41": "ReferenceType", "42": "java", "43": "ReferenceType", "44": "util", "45": "ReferenceType", "46": "ArrayList", "47": "TypeArgument", "48": "ReferenceType", "49": "org", "50": "ReferenceType", "51": "apache", "52": "ReferenceType", "53": "hadoop", "54": "ReferenceType", "55": "hbase", "56": "ReferenceType", "57": "rest", "58": "ReferenceType", "59": "protobuf", "60": "ReferenceType", "61": "generated", "62": "ReferenceType", "63": "ColumnSchemaMessage", "64": "ReferenceType", "65": "ColumnSchema", "66": "ReferenceType", "67": "Attribute", "68": "=", "69": "StatementExpression", "70": "MethodInvocation", "71": "result.attrs_", "72": "MethodInvocation", "73": "builderForValue", "74": "build", "75": "add", "76": "ReturnStatement", "77": "This"}, "edges": {"0->1": 0, "1->0": 0, "1->2": 0, "2->1": 0, "0->3": 0, "3->0": 0, "3->4": 0, "4->3": 0, "0->5": 0, "5->0": 0, "0->6": 0, "6->0": 0, "6->7": 0, "7->6": 0, "7->8": 0, "8->7": 0, "7->9": 0, "9->7": 0, "9->10": 0, "10->9": 0, "9->11": 0, "11->9": 0, "11->12": 0, "12->11": 0, "11->13": 0, "13->11": 0, "13->14": 0, "14->13": 0, "13->15": 0, "15->13": 0, "15->16": 0, "16->15": 0, "15->17": 0, "17->15": 0, "17->18": 0, "18->17": 0, "17->19": 0, "19->17": 0, "19->20": 0, "20->19": 0, "19->21": 0, "21->19": 0, "21->22": 0, "22->21": 0, "21->23": 0, "23->21": 0, "23->24": 0, "24->23": 0, "23->25": 0, "25->23": 0, "25->26": 0, "26->25": 0, "25->27": 0, "27->25": 0, "27->28": 0, "28->27": 0, "6->29": 0, "29->6": 0, "0->30": 0, "30->0": 0, "30->31": 0, "31->30": 0, "31->32": 0, "32->31": 0, "31->33": 0, "33->31": 0, "30->34": 0, "34->30": 0, "34->35": 0, "35->34": 0, "35->36": 0, "36->35": 0, "36->37": 0, "37->36": 0, "37->38": 0, "38->37": 0, "37->39": 0, "39->37": 0, "36->40": 0, "40->36": 0, "40->41": 0, "41->40": 0, "41->42": 0, "42->41": 0, "41->43": 0, "43->41": 0, "43->44": 0, "44->43": 0, "43->45": 0, "45->43": 0, "45->46": 0, "46->45": 0, "45->47": 0, "47->45": 0, "47->48": 0, "48->47": 0, "48->49": 0, "49->48": 0, "48->50": 0, "50->48": 0, "50->51": 0, "51->50": 0, "50->52": 0, "52->50": 0, "52->53": 0, "53->52": 0, "52->54": 0, "54->52": 0, "54->55": 0, "55->54": 0, "54->56": 0, "56->54": 0, "56->57": 0, "57->56": 0, "56->58": 0, "58->56": 0, "58->59": 0, "59->58": 0, "58->60": 0, "60->58": 0, "60->61": 0, "61->60": 0, "60->62": 0, "62->60": 0, "62->63": 0, "63->62": 0, "62->64": 0, "64->62": 0, "64->65": 0, "65->64": 0, "64->66": 0, "66->64": 0, "66->67": 0, "67->66": 0, "36->68": 0, "68->36": 0, "0->69": 0, "69->0": 0, "69->70": 0, "70->69": 0, "70->71": 0, "71->70": 0, "70->72": 0, "72->70": 0, "72->73": 0, "73->72": 0, "72->74": 0, "74->72": 0, "70->75": 0, "75->70": 0, "0->76": 0, "76->0": 0, "76->77": 0, "77->76": 0, "1->3": 1, "3->1": 12, "3->5": 1, "5->3": 12, "5->6": 1, "6->5": 12, "6->30": 1, "30->6": 12, "30->69": 1, "69->30": 12, "69->76": 1, "76->69": 12, "7->29": 1, "29->7": 12, "8->9": 1, "9->8": 12, "10->11": 1, "11->10": 12, "12->13": 1, "13->12": 12, "14->15": 1, "15->14": 12, "16->17": 1, "17->16": 12, "18->19": 1, "19->18": 12, "20->21": 1, "21->20": 12, "22->23": 1, "23->22": 12, "24->25": 1, "25->24": 12, "26->27": 1, "27->26": 12, "31->34": 6, "34->31": 6, "32->33": 2, "33->32": 3, "37->40": 1, "40->37": 12, "40->68": 1, "68->40": 12, "38->39": 2, "39->38": 3, "42->43": 1, "43->42": 12, "44->45": 1, "45->44": 12, "46->47": 1, "47->46": 12, "49->50": 1, "50->49": 12, "51->52": 1, "52->51": 12, "53->54": 1, "54->53": 12, "55->56": 1, "56->55": 12, "57->58": 1, "58->57": 12, "59->60": 1, "60->59": 12, "61->62": 1, "62->61": 12, "63->64": 1, "64->63": 12, "65->66": 1, "66->65": 12, "71->72": 1, "72->71": 12, "72->75": 1, "75->72": 12, "73->74": 2, "74->73": 3, "2->4": 2, "4->2": 3, "4->5": 2, "5->4": 3, "5->8": 2, "8->5": 3, "8->10": 2, "10->8": 3, "10->12": 2, "12->10": 3, "12->14": 2, "14->12": 3, "14->16": 2, "16->14": 3, "16->18": 2, "18->16": 3, "18->20": 2, "20->18": 3, "20->22": 2, "22->20": 3, "22->24": 2, "24->22": 3, "24->26": 2, "26->24": 3, "26->28": 2, "28->26": 3, "28->29": 2, "29->28": 3, "29->32": 2, "32->29": 3, "33->38": 2, "38->33": 3, "39->42": 2, "42->39": 3, "42->44": 2, "44->42": 3, "44->46": 2, "46->44": 3, "46->49": 2, "49->46": 3, "49->51": 2, "51->49": 3, "51->53": 2, "53->51": 3, "53->55": 2, "55->53": 3, "55->57": 2, "57->55": 3, "57->59": 2, "59->57": 3, "59->61": 2, "61->59": 3, "61->63": 2, "63->61": 3, "63->65": 2, "65->63": 3, "65->67": 2, "67->65": 3, "67->68": 2, "68->67": 3, "68->71": 2, "71->68": 3, "71->73": 2, "73->71": 3, "74->75": 2, "75->74": 3, "75->77": 2, "77->75": 3}, "metrics": [7.0, 2.0, 1.0]}