{"nodelist": ["ClassDeclaration", "{'public'}", "public", "DumpClusterStatusAction", "FieldDeclaration", "{'final', 'private', 'static'}", "final", "private", "static", "ReferenceType", "Logger", "VariableDeclarator", "LOG", "MethodInvocation", "LoggerFactory", "ClassReference", "ReferenceType", "DumpClusterStatusAction", "getLogger", "MethodDeclaration", "{'public'}", "public", "Annotation", "Override", "init", "FormalParameter", "ReferenceType", "ActionContext", "context", "IOException", "StatementExpression", "SuperMethodInvocation", "MemberReference", "context", "init", "MethodDeclaration", "{'public'}", "public", "Annotation", "Override", "perform", "Exception", "StatementExpression", "MethodInvocation", "LOG", "Literal", "\"Performing action: Dump cluster status\"", "debug", "StatementExpression", "MethodInvocation", "LOG", "BinaryOperation", "+", "Literal", "\"Cluster status\\n\"", "MethodInvocation", "cluster", "getClusterStatus", "info", "ReferenceType", "Action"], "nodes": {"0": "ClassDeclaration", "1": "Modifier", "2": "public", "3": "DumpClusterStatusAction", "4": "FieldDeclaration", "5": "Modifier", "6": "final", "7": "private", "8": "static", "9": "ReferenceType", "10": "Logger", "11": "VariableDeclarator", "12": "LOG", "13": "MethodInvocation", "14": "LoggerFactory", "15": "ClassReference", "16": "ReferenceType", "17": "DumpClusterStatusAction", "18": "getLogger", "19": "MethodDeclaration", "20": "Modifier", "21": "public", "22": "Annotation", "23": "Override", "24": "init", "25": "FormalParameter", "26": "ReferenceType", "27": "ActionContext", "28": "context", "29": "IOException", "30": "StatementExpression", "31": "SuperMethodInvocation", "32": "MemberReference", "33": "context", "34": "init", "35": "MethodDeclaration", "36": "Modifier", "37": "public", "38": "Annotation", "39": "Override", "40": "perform", "41": "Exception", "42": "StatementExpression", "43": "MethodInvocation", "44": "LOG", "45": "Literal", "46": "\"Performing action: Dump cluster status\"", "47": "debug", "48": "StatementExpression", "49": "MethodInvocation", "50": "LOG", "51": "BinaryOperation", "52": "+", "53": "Literal", "54": "\"Cluster status\\n\"", "55": "MethodInvocation", "56": "cluster", "57": "getClusterStatus", "58": "info", "59": "ReferenceType", "60": "Action"}, "edges": {"0->1": 0, "1->0": 0, "1->2": 0, "2->1": 0, "0->3": 0, "3->0": 0, "0->4": 0, "4->0": 0, "4->5": 0, "5->4": 0, "5->6": 0, "6->5": 0, "5->7": 0, "7->5": 0, "5->8": 0, "8->5": 0, "4->9": 0, "9->4": 0, "9->10": 0, "10->9": 0, "4->11": 0, "11->4": 0, "11->12": 0, "12->11": 0, "11->13": 0, "13->11": 0, "13->14": 0, "14->13": 0, "13->15": 0, "15->13": 0, "15->16": 0, "16->15": 0, "16->17": 0, "17->16": 0, "13->18": 0, "18->13": 0, "0->19": 0, "19->0": 0, "19->20": 0, "20->19": 0, "20->21": 0, "21->20": 0, "19->22": 0, "22->19": 0, "22->23": 0, "23->22": 0, "19->24": 0, "24->19": 0, "19->25": 0, "25->19": 0, "25->26": 0, "26->25": 0, "26->27": 0, "27->26": 0, "25->28": 0, "28->25": 0, "19->29": 0, "29->19": 0, "19->30": 0, "30->19": 0, "30->31": 0, "31->30": 0, "31->32": 0, "32->31": 0, "32->33": 0, "33->32": 0, "31->34": 0, "34->31": 0, "0->35": 0, "35->0": 0, "35->36": 0, "36->35": 0, "36->37": 0, "37->36": 0, "35->38": 0, "38->35": 0, "38->39": 0, "39->38": 0, "35->40": 0, "40->35": 0, "35->41": 0, "41->35": 0, "35->42": 0, "42->35": 0, "42->43": 0, "43->42": 0, "43->44": 0, "44->43": 0, "43->45": 0, "45->43": 0, "45->46": 0, "46->45": 0, "43->47": 0, "47->43": 0, "35->48": 0, "48->35": 0, "48->49": 0, "49->48": 0, "49->50": 0, "50->49": 0, "49->51": 0, "51->49": 0, "51->52": 0, "52->51": 0, "51->53": 0, "53->51": 0, "53->54": 0, "54->53": 0, "51->55": 0, "55->51": 0, "55->56": 0, "56->55": 0, "55->57": 0, "57->55": 0, "49->58": 0, "58->49": 0, "0->59": 0, "59->0": 0, "59->60": 0, "60->59": 0, "1->3": 1, "3->1": 12, "3->4": 1, "4->3": 12, "4->19": 1, "19->4": 12, "19->35": 1, "35->19": 12, "35->59": 1, "59->35": 12, "5->9": 1, "9->5": 12, "9->11": 1, "11->9": 12, "6->7": 2, "7->6": 3, "7->8": 2, "8->7": 3, "12->13": 1, "13->12": 12, "14->15": 1, "15->14": 12, "15->18": 1, "18->15": 12, "20->22": 1, "22->20": 12, "22->24": 1, "24->22": 12, "24->25": 1, "25->24": 12, "25->29": 1, "29->25": 12, "29->30": 1, "30->29": 12, "26->28": 1, "28->26": 12, "32->34": 1, "34->32": 12, "36->38": 1, "38->36": 12, "38->40": 1, "40->38": 12, "40->41": 2, "41->40": 3, "41->42": 1, "42->41": 12, "42->48": 1, "48->42": 12, "44->45": 1, "45->44": 12, "45->47": 1, "47->45": 12, "50->51": 1, "51->50": 12, "51->58": 1, "58->51": 12, "52->53": 1, "53->52": 12, "53->55": 1, "55->53": 12, "56->57": 2, "57->56": 3, "2->3": 2, "3->2": 3, "3->6": 2, "6->3": 3, "8->10": 2, "10->8": 3, "10->12": 2, "12->10": 3, "12->14": 2, "14->12": 3, "14->17": 2, "17->14": 3, "17->18": 2, "18->17": 3, "18->21": 2, "21->18": 3, "21->23": 2, "23->21": 3, "23->24": 2, "24->23": 3, "24->27": 2, "27->24": 3, "27->28": 2, "28->27": 3, "28->29": 2, "29->28": 3, "29->33": 2, "33->29": 3, "33->34": 2, "34->33": 3, "34->37": 2, "37->34": 3, "37->39": 2, "39->37": 3, "39->40": 2, "40->39": 3, "41->44": 2, "44->41": 3, "44->46": 2, "46->44": 3, "46->47": 2, "47->46": 3, "47->50": 2, "50->47": 3, "50->52": 2, "52->50": 3, "52->54": 2, "54->52": 3, "54->56": 2, "56->54": 3, "57->58": 2, "58->57": 3, "58->60": 2, "60->58": 3}, "metrics": [1.0, 0.0, 2.0, 2.0, 13.0, 2.0, 0.0, 1.0, 1.0, 0.0, 1.0]}