{"nodelist": ["ClassDeclaration", "{'public'}", "public", "Annotation", "InterfaceAudience.Public", "Annotation", "InterfaceStability.Evolving", "AccessDeniedException", "FieldDeclaration", "{'final', 'private', 'static'}", "final", "private", "static", "BasicType", "long", "VariableDeclarator", "serialVersionUID", "Literal", "1913879564363001780L", "ConstructorDeclaration", "{'public'}", "public", "AccessDeniedException", "StatementExpression", "SuperConstructorInvocation", "ConstructorDeclaration", "{'public'}", "public", "AccessDeniedException", "FormalParameter", "ReferenceType", "Class", "TypeArgument", "?", "clazz", "FormalParameter", "ReferenceType", "String", "s", "StatementExpression", "SuperConstructorInvocation", "BinaryOperation", "+", "BinaryOperation", "+", "BinaryOperation", "+", "Literal", "\"AccessDenied [\"", "MethodInvocation", "clazz", "getName", "Literal", "\"]: \"", "MemberReference", "s", "ConstructorDeclaration", "{'public'}", "public", "AccessDeniedException", "FormalParameter", "ReferenceType", "String", "s", "StatementExpression", "SuperConstructorInvocation", "MemberReference", "s", "ReferenceType", "DoNotRetryIOException"], "nodes": {"0": "ClassDeclaration", "1": "Modifier", "2": "public", "3": "Annotation", "4": "InterfaceAudience.Public", "5": "Annotation", "6": "InterfaceStability.Evolving", "7": "AccessDeniedException", "8": "FieldDeclaration", "9": "Modifier", "10": "final", "11": "private", "12": "static", "13": "BasicType", "14": "long", "15": "VariableDeclarator", "16": "serialVersionUID", "17": "Literal", "18": "1913879564363001780L", "19": "ConstructorDeclaration", "20": "Modifier", "21": "public", "22": "AccessDeniedException", "23": "StatementExpression", "24": "SuperConstructorInvocation", "25": "ConstructorDeclaration", "26": "Modifier", "27": "public", "28": "AccessDeniedException", "29": "FormalParameter", "30": "ReferenceType", "31": "Class", "32": "TypeArgument", "33": "?", "34": "clazz", "35": "FormalParameter", "36": "ReferenceType", "37": "String", "38": "s", "39": "StatementExpression", "40": "SuperConstructorInvocation", "41": "BinaryOperation", "42": "+", "43": "BinaryOperation", "44": "+", "45": "BinaryOperation", "46": "+", "47": "Literal", "48": "\"AccessDenied [\"", "49": "MethodInvocation", "50": "clazz", "51": "getName", "52": "Literal", "53": "\"]: \"", "54": "MemberReference", "55": "s", "56": "ConstructorDeclaration", "57": "Modifier", "58": "public", "59": "AccessDeniedException", "60": "FormalParameter", "61": "ReferenceType", "62": "String", "63": "s", "64": "StatementExpression", "65": "SuperConstructorInvocation", "66": "MemberReference", "67": "s", "68": "ReferenceType", "69": "DoNotRetryIOException"}, "edges": {"0->1": 0, "1->0": 0, "1->2": 0, "2->1": 0, "0->3": 0, "3->0": 0, "3->4": 0, "4->3": 0, "0->5": 0, "5->0": 0, "5->6": 0, "6->5": 0, "0->7": 0, "7->0": 0, "0->8": 0, "8->0": 0, "8->9": 0, "9->8": 0, "9->10": 0, "10->9": 0, "9->11": 0, "11->9": 0, "9->12": 0, "12->9": 0, "8->13": 0, "13->8": 0, "13->14": 0, "14->13": 0, "8->15": 0, "15->8": 0, "15->16": 0, "16->15": 0, "15->17": 0, "17->15": 0, "17->18": 0, "18->17": 0, "0->19": 0, "19->0": 0, "19->20": 0, "20->19": 0, "20->21": 0, "21->20": 0, "19->22": 0, "22->19": 0, "19->23": 0, "23->19": 0, "23->24": 0, "24->23": 0, "0->25": 0, "25->0": 0, "25->26": 0, "26->25": 0, "26->27": 0, "27->26": 0, "25->28": 0, "28->25": 0, "25->29": 0, "29->25": 0, "29->30": 0, "30->29": 0, "30->31": 0, "31->30": 0, "30->32": 0, "32->30": 0, "32->33": 0, "33->32": 0, "29->34": 0, "34->29": 0, "25->35": 0, "35->25": 0, "35->36": 0, "36->35": 0, "36->37": 0, "37->36": 0, "35->38": 0, "38->35": 0, "25->39": 0, "39->25": 0, "39->40": 0, "40->39": 0, "40->41": 0, "41->40": 0, "41->42": 0, "42->41": 0, "41->43": 0, "43->41": 0, "43->44": 0, "44->43": 0, "43->45": 0, "45->43": 0, "45->46": 0, "46->45": 0, "45->47": 0, "47->45": 0, "47->48": 0, "48->47": 0, "45->49": 0, "49->45": 0, "49->50": 0, "50->49": 0, "49->51": 0, "51->49": 0, "43->52": 0, "52->43": 0, "52->53": 0, "53->52": 0, "41->54": 0, "54->41": 0, "54->55": 0, "55->54": 0, "0->56": 0, "56->0": 0, "56->57": 0, "57->56": 0, "57->58": 0, "58->57": 0, "56->59": 0, "59->56": 0, "56->60": 0, "60->56": 0, "60->61": 0, "61->60": 0, "61->62": 0, "62->61": 0, "60->63": 0, "63->60": 0, "56->64": 0, "64->56": 0, "64->65": 0, "65->64": 0, "65->66": 0, "66->65": 0, "66->67": 0, "67->66": 0, "0->68": 0, "68->0": 0, "68->69": 0, "69->68": 0, "1->3": 1, "3->1": 12, "3->5": 1, "5->3": 12, "5->7": 1, "7->5": 12, "7->8": 1, "8->7": 12, "8->19": 1, "19->8": 12, "19->25": 1, "25->19": 12, "25->56": 1, "56->25": 12, "56->68": 1, "68->56": 12, "9->13": 1, "13->9": 12, "13->15": 1, "15->13": 12, "10->11": 2, "11->10": 3, "11->12": 2, "12->11": 3, "16->17": 1, "17->16": 12, "20->22": 1, "22->20": 12, "22->23": 1, "23->22": 12, "26->28": 1, "28->26": 12, "28->29": 1, "29->28": 12, "29->35": 1, "35->29": 12, "35->39": 1, "39->35": 12, "30->34": 1, "34->30": 12, "31->32": 1, "32->31": 12, "36->38": 1, "38->36": 12, "42->43": 1, "43->42": 12, "43->54": 1, "54->43": 12, "44->45": 1, "45->44": 12, "45->52": 1, "52->45": 12, "46->47": 1, "47->46": 12, "47->49": 1, "49->47": 12, "50->51": 2, "51->50": 3, "57->59": 1, "59->57": 12, "59->60": 1, "60->59": 12, "60->64": 1, "64->60": 12, "61->63": 1, "63->61": 12, "2->4": 2, "4->2": 3, "4->6": 2, "6->4": 3, "6->7": 2, "7->6": 3, "7->10": 2, "10->7": 3, "12->14": 2, "14->12": 3, "14->16": 2, "16->14": 3, "16->18": 2, "18->16": 3, "18->21": 2, "21->18": 3, "21->22": 2, "22->21": 3, "22->24": 2, "24->22": 3, "24->27": 2, "27->24": 3, "27->28": 2, "28->27": 3, "28->31": 2, "31->28": 3, "31->33": 2, "33->31": 3, "33->34": 2, "34->33": 3, "34->37": 2, "37->34": 3, "37->38": 2, "38->37": 3, "38->42": 2, "42->38": 3, "42->44": 2, "44->42": 3, "44->46": 2, "46->44": 3, "46->48": 2, "48->46": 3, "48->50": 2, "50->48": 3, "51->53": 2, "53->51": 3, "53->55": 2, "55->53": 3, "55->58": 2, "58->55": 3, "58->59": 2, "59->58": 3, "59->62": 2, "62->59": 3, "62->63": 2, "63->62": 3, "63->67": 2, "67->63": 3, "67->69": 2, "69->67": 3, "55->67": 4, "67->55": 5}, "metrics": [1.0, 0.0, 3.0, 3.0, 15.0, 3.0, 0.0, 0.0, 1.0, 0.0, 0.0]}