{"nodelist": ["ClassDeclaration", "{'static'}", "static", "WorkItemOverlapMerge", "FieldDeclaration", "{'private'}", "private", "ReferenceType", "TableIntegrityErrorHandler", "VariableDeclarator", "handler", "FieldDeclaration", "ReferenceType", "Collection", "TypeArgument", "ReferenceType", "HbckInfo", "VariableDeclarator", "overlapgroup", "ConstructorDeclaration", "WorkItemOverlapMerge", "FormalParameter", "ReferenceType", "Collection", "TypeArgument", "ReferenceType", "HbckInfo", "overlapgroup", "FormalParameter", "ReferenceType", "TableIntegrityErrorHandler", "handler", "StatementExpression", "Assignment", "This", "MemberReference", "handler", "MemberReference", "handler", "=", "StatementExpression", "Assignment", "This", "MemberReference", "overlapgroup", "MemberReference", "overlapgroup", "=", "MethodDeclaration", "{'public'}", "public", "Annotation", "Override", "ReferenceType", "Void", "call", "Exception", "StatementExpression", "MethodInvocation", "handler", "MemberReference", "overlapgroup", "handleOverlapGroup", "ReturnStatement", "Literal", "null", "ReferenceType", "Callable", "TypeArgument", "ReferenceType", "Void"], "nodes": {"0": "ClassDeclaration", "1": "Modifier", "2": "static", "3": "WorkItemOverlapMerge", "4": "FieldDeclaration", "5": "Modifier", "6": "private", "7": "ReferenceType", "8": "TableIntegrityErrorHandler", "9": "VariableDeclarator", "10": "handler", "11": "FieldDeclaration", "12": "ReferenceType", "13": "Collection", "14": "TypeArgument", "15": "ReferenceType", "16": "HbckInfo", "17": "VariableDeclarator", "18": "overlapgroup", "19": "ConstructorDeclaration", "20": "WorkItemOverlapMerge", "21": "FormalParameter", "22": "ReferenceType", "23": "Collection", "24": "TypeArgument", "25": "ReferenceType", "26": "HbckInfo", "27": "overlapgroup", "28": "FormalParameter", "29": "ReferenceType", "30": "TableIntegrityErrorHandler", "31": "handler", "32": "StatementExpression", "33": "Assignment", "34": "This", "35": "MemberReference", "36": "handler", "37": "MemberReference", "38": "handler", "39": "=", "40": "StatementExpression", "41": "Assignment", "42": "This", "43": "MemberReference", "44": "overlapgroup", "45": "MemberReference", "46": "overlapgroup", "47": "=", "48": "MethodDeclaration", "49": "Modifier", "50": "public", "51": "Annotation", "52": "Override", "53": "ReferenceType", "54": "Void", "55": "call", "56": "Exception", "57": "StatementExpression", "58": "MethodInvocation", "59": "handler", "60": "MemberReference", "61": "overlapgroup", "62": "handleOverlapGroup", "63": "ReturnStatement", "64": "Literal", "65": "null", "66": "ReferenceType", "67": "Callable", "68": "TypeArgument", "69": "ReferenceType", "70": "Void"}, "edges": {"0->1": 0, "1->0": 0, "1->2": 0, "2->1": 0, "0->3": 0, "3->0": 0, "0->4": 0, "4->0": 0, "4->5": 0, "5->4": 0, "5->6": 0, "6->5": 0, "4->7": 0, "7->4": 0, "7->8": 0, "8->7": 0, "4->9": 0, "9->4": 0, "9->10": 0, "10->9": 0, "0->11": 0, "11->0": 0, "11->12": 0, "12->11": 0, "12->13": 0, "13->12": 0, "12->14": 0, "14->12": 0, "14->15": 0, "15->14": 0, "15->16": 0, "16->15": 0, "11->17": 0, "17->11": 0, "17->18": 0, "18->17": 0, "0->19": 0, "19->0": 0, "19->20": 0, "20->19": 0, "19->21": 0, "21->19": 0, "21->22": 0, "22->21": 0, "22->23": 0, "23->22": 0, "22->24": 0, "24->22": 0, "24->25": 0, "25->24": 0, "25->26": 0, "26->25": 0, "21->27": 0, "27->21": 0, "19->28": 0, "28->19": 0, "28->29": 0, "29->28": 0, "29->30": 0, "30->29": 0, "28->31": 0, "31->28": 0, "19->32": 0, "32->19": 0, "32->33": 0, "33->32": 0, "33->34": 0, "34->33": 0, "34->35": 0, "35->34": 0, "35->36": 0, "36->35": 0, "33->37": 0, "37->33": 0, "37->38": 0, "38->37": 0, "33->39": 0, "39->33": 0, "19->40": 0, "40->19": 0, "40->41": 0, "41->40": 0, "41->42": 0, "42->41": 0, "42->43": 0, "43->42": 0, "43->44": 0, "44->43": 0, "41->45": 0, "45->41": 0, "45->46": 0, "46->45": 0, "41->47": 0, "47->41": 0, "0->48": 0, "48->0": 0, "48->49": 0, "49->48": 0, "49->50": 0, "50->49": 0, "48->51": 0, "51->48": 0, "51->52": 0, "52->51": 0, "48->53": 0, "53->48": 0, "53->54": 0, "54->53": 0, "48->55": 0, "55->48": 0, "48->56": 0, "56->48": 0, "48->57": 0, "57->48": 0, "57->58": 0, "58->57": 0, "58->59": 0, "59->58": 0, "58->60": 0, "60->58": 0, "60->61": 0, "61->60": 0, "58->62": 0, "62->58": 0, "48->63": 0, "63->48": 0, "63->64": 0, "64->63": 0, "64->65": 0, "65->64": 0, "0->66": 0, "66->0": 0, "66->67": 0, "67->66": 0, "66->68": 0, "68->66": 0, "68->69": 0, "69->68": 0, "69->70": 0, "70->69": 0, "1->3": 1, "3->1": 12, "3->4": 1, "4->3": 12, "4->11": 1, "11->4": 12, "11->19": 1, "19->11": 12, "19->48": 1, "48->19": 12, "48->66": 1, "66->48": 12, "5->7": 1, "7->5": 12, "7->9": 1, "9->7": 12, "12->17": 1, "17->12": 12, "13->14": 1, "14->13": 12, "20->21": 1, "21->20": 12, "21->28": 1, "28->21": 12, "28->32": 1, "32->28": 12, "32->40": 1, "40->32": 12, "22->27": 1, "27->22": 12, "23->24": 1, "24->23": 12, "29->31": 1, "31->29": 12, "34->37": 1, "37->34": 12, "37->39": 1, "39->37": 12, "42->45": 1, "45->42": 12, "45->47": 1, "47->45": 12, "49->51": 1, "51->49": 12, "51->53": 1, "53->51": 12, "53->55": 1, "55->53": 12, "55->56": 2, "56->55": 3, "56->57": 1, "57->56": 12, "57->63": 1, "63->57": 12, "59->60": 1, "60->59": 12, "60->62": 1, "62->60": 12, "67->68": 1, "68->67": 12, "2->3": 2, "3->2": 3, "3->6": 2, "6->3": 3, "6->8": 2, "8->6": 3, "8->10": 2, "10->8": 3, "10->13": 2, "13->10": 3, "13->16": 2, "16->13": 3, "16->18": 2, "18->16": 3, "18->20": 2, "20->18": 3, "20->23": 2, "23->20": 3, "23->26": 2, "26->23": 3, "26->27": 2, "27->26": 3, "27->30": 2, "30->27": 3, "30->31": 2, "31->30": 3, "31->36": 2, "36->31": 3, "36->38": 4, "38->36": 5, "38->39": 2, "39->38": 3, "39->44": 2, "44->39": 3, "44->46": 4, "46->44": 5, "46->47": 2, "47->46": 3, "47->50": 2, "50->47": 3, "50->52": 2, "52->50": 3, "52->54": 2, "54->52": 3, "54->55": 2, "55->54": 3, "56->59": 2, "59->56": 3, "59->61": 2, "61->59": 3, "61->62": 2, "62->61": 3, "62->65": 2, "65->62": 3, "65->67": 2, "67->65": 3, "67->70": 2, "70->67": 3, "46->61": 4, "61->46": 5}, "metrics": [2.0, 0.0, 2.0, 1.0, 12.0, 2.0, 0.0, 0.0, 0.0, 2.0, 1.0]}