{"nodelist": ["ClassDeclaration", "{'public'}", "public", "Cluster", "FieldDeclaration", "{'protected'}", "protected", "ReferenceType", "List", "TypeArgument", "ReferenceType", "String", "VariableDeclarator", "nodes", "MethodInvocation", "Collections", "ClassCreator", "ReferenceType", "ArrayList", "TypeArgument", "ReferenceType", "String", "synchronizedList", "FieldDeclaration", "{'protected'}", "protected", "ReferenceType", "String", "VariableDeclarator", "lastHost", "ConstructorDeclaration", "{'public'}", "public", "Cluster", "ConstructorDeclaration", "{'public'}", "public", "Cluster", "FormalParameter", "ReferenceType", "List", "TypeArgument", "ReferenceType", "String", "nodes", "StatementExpression", "MethodInvocation", "nodes", "MemberReference", "nodes", "addAll", "MethodDeclaration", "{'public'}", "public", "BasicType", "boolean", "isEmpty", "ReturnStatement", "MethodInvocation", "nodes", "isEmpty", "MethodDeclaration", "{'public'}", "public", "ReferenceType", "Cluster", "add", "FormalParameter", "ReferenceType", "String", "node", "StatementExpression", "MethodInvocation", "nodes", "MemberReference", "node", "add", "ReturnStatement", "This", "MethodDeclaration", "{'public'}", "public", "ReferenceType", "Cluster", "add", "FormalParameter", "ReferenceType", "String", "name", "FormalParameter", "BasicType", "int", "port", "LocalVariableDeclaration", "ReferenceType", "StringBuilder", "VariableDeclarator", "sb", "ClassCreator", "ReferenceType", "StringBuilder", "StatementExpression", "MethodInvocation", "sb", "MemberReference", "name", "append", "StatementExpression", "MethodInvocation", "sb", "Literal", "':'", "append", "StatementExpression", "MethodInvocation", "sb", "MemberReference", "port", "append", "ReturnStatement", "MethodInvocation", "MethodInvocation", "sb", "toString", "add", "MethodDeclaration", "{'public'}", "public", "ReferenceType", "Cluster", "remove", "FormalParameter", "ReferenceType", "String", "node", "StatementExpression", "MethodInvocation", "nodes", "MemberReference", "node", "remove", "ReturnStatement", "This", "MethodDeclaration", "{'public'}", "public", "ReferenceType", "Cluster", "remove", "FormalParameter", "ReferenceType", "String", "name", "FormalParameter", "BasicType", "int", "port", "LocalVariableDeclaration", "ReferenceType", "StringBuilder", "VariableDeclarator", "sb", "ClassCreator", "ReferenceType", "StringBuilder", "StatementExpression", "MethodInvocation", "sb", "MemberReference", "name", "append", "StatementExpression", "MethodInvocation", "sb", "Literal", "':'", "append", "StatementExpression", "MethodInvocation", "sb", "MemberReference", "port", "append", "ReturnStatement", "MethodInvocation", "MethodInvocation", "sb", "toString", "remove"], "nodes": {"0": "ClassDeclaration", "1": "Modifier", "2": "public", "3": "Cluster", "4": "FieldDeclaration", "5": "Modifier", "6": "protected", "7": "ReferenceType", "8": "List", "9": "TypeArgument", "10": "ReferenceType", "11": "String", "12": "VariableDeclarator", "13": "nodes", "14": "MethodInvocation", "15": "Collections", "16": "ClassCreator", "17": "ReferenceType", "18": "ArrayList", "19": "TypeArgument", "20": "ReferenceType", "21": "String", "22": "synchronizedList", "23": "FieldDeclaration", "24": "Modifier", "25": "protected", "26": "ReferenceType", "27": "String", "28": "VariableDeclarator", "29": "lastHost", "30": "ConstructorDeclaration", "31": "Modifier", "32": "public", "33": "Cluster", "34": "ConstructorDeclaration", "35": "Modifier", "36": "public", "37": "Cluster", "38": "FormalParameter", "39": "ReferenceType", "40": "List", "41": "TypeArgument", "42": "ReferenceType", "43": "String", "44": "nodes", "45": "StatementExpression", "46": "MethodInvocation", "47": "nodes", "48": "MemberReference", "49": "nodes", "50": "addAll", "51": "MethodDeclaration", "52": "Modifier", "53": "public", "54": "BasicType", "55": "boolean", "56": "isEmpty", "57": "ReturnStatement", "58": "MethodInvocation", "59": "nodes", "60": "isEmpty", "61": "MethodDeclaration", "62": "Modifier", "63": "public", "64": "ReferenceType", "65": "Cluster", "66": "add", "67": "FormalParameter", "68": "ReferenceType", "69": "String", "70": "node", "71": "StatementExpression", "72": "MethodInvocation", "73": "nodes", "74": "MemberReference", "75": "node", "76": "add", "77": "ReturnStatement", "78": "This", "79": "MethodDeclaration", "80": "Modifier", "81": "public", "82": "ReferenceType", "83": "Cluster", "84": "add", "85": "FormalParameter", "86": "ReferenceType", "87": "String", "88": "name", "89": "FormalParameter", "90": "BasicType", "91": "int", "92": "port", "93": "LocalVariableDeclaration", "94": "ReferenceType", "95": "StringBuilder", "96": "VariableDeclarator", "97": "sb", "98": "ClassCreator", "99": "ReferenceType", "100": "StringBuilder", "101": "StatementExpression", "102": "MethodInvocation", "103": "sb", "104": "MemberReference", "105": "name", "106": "append", "107": "StatementExpression", "108": "MethodInvocation", "109": "sb", "110": "Literal", "111": "':'", "112": "append", "113": "StatementExpression", "114": "MethodInvocation", "115": "sb", "116": "MemberReference", "117": "port", "118": "append", "119": "ReturnStatement", "120": "MethodInvocation", "121": "MethodInvocation", "122": "sb", "123": "toString", "124": "add", "125": "MethodDeclaration", "126": "Modifier", "127": "public", "128": "ReferenceType", "129": "Cluster", "130": "remove", "131": "FormalParameter", "132": "ReferenceType", "133": "String", "134": "node", "135": "StatementExpression", "136": "MethodInvocation", "137": "nodes", "138": "MemberReference", "139": "node", "140": "remove", "141": "ReturnStatement", "142": "This", "143": "MethodDeclaration", "144": "Modifier", "145": "public", "146": "ReferenceType", "147": "Cluster", "148": "remove", "149": "FormalParameter", "150": "ReferenceType", "151": "String", "152": "name", "153": "FormalParameter", "154": "BasicType", "155": "int", "156": "port", "157": "LocalVariableDeclaration", "158": "ReferenceType", "159": "StringBuilder", "160": "VariableDeclarator", "161": "sb", "162": "ClassCreator", "163": "ReferenceType", "164": "StringBuilder", "165": "StatementExpression", "166": "MethodInvocation", "167": "sb", "168": "MemberReference", "169": "name", "170": "append", "171": "StatementExpression", "172": "MethodInvocation", "173": "sb", "174": "Literal", "175": "':'", "176": "append", "177": "StatementExpression", "178": "MethodInvocation", "179": "sb", "180": "MemberReference", "181": "port", "182": "append", "183": "ReturnStatement", "184": "MethodInvocation", "185": "MethodInvocation", "186": "sb", "187": "toString", "188": "remove"}, "edges": {"0->1": 0, "1->0": 0, "1->2": 0, "2->1": 0, "0->3": 0, "3->0": 0, "0->4": 0, "4->0": 0, "4->5": 0, "5->4": 0, "5->6": 0, "6->5": 0, "4->7": 0, "7->4": 0, "7->8": 0, "8->7": 0, "7->9": 0, "9->7": 0, "9->10": 0, "10->9": 0, "10->11": 0, "11->10": 0, "4->12": 0, "12->4": 0, "12->13": 0, "13->12": 0, "12->14": 0, "14->12": 0, "14->15": 0, "15->14": 0, "14->16": 0, "16->14": 0, "16->17": 0, "17->16": 0, "17->18": 0, "18->17": 0, "17->19": 0, "19->17": 0, "19->20": 0, "20->19": 0, "20->21": 0, "21->20": 0, "14->22": 0, "22->14": 0, "0->23": 0, "23->0": 0, "23->24": 0, "24->23": 0, "24->25": 0, "25->24": 0, "23->26": 0, "26->23": 0, "26->27": 0, "27->26": 0, "23->28": 0, "28->23": 0, "28->29": 0, "29->28": 0, "0->30": 0, "30->0": 0, "30->31": 0, "31->30": 0, "31->32": 0, "32->31": 0, "30->33": 0, "33->30": 0, "0->34": 0, "34->0": 0, "34->35": 0, "35->34": 0, "35->36": 0, "36->35": 0, "34->37": 0, "37->34": 0, "34->38": 0, "38->34": 0, "38->39": 0, "39->38": 0, "39->40": 0, "40->39": 0, "39->41": 0, "41->39": 0, "41->42": 0, "42->41": 0, "42->43": 0, "43->42": 0, "38->44": 0, "44->38": 0, "34->45": 0, "45->34": 0, "45->46": 0, "46->45": 0, "46->47": 0, "47->46": 0, "46->48": 0, "48->46": 0, "48->49": 0, "49->48": 0, "46->50": 0, "50->46": 0, "0->51": 0, "51->0": 0, "51->52": 0, "52->51": 0, "52->53": 0, "53->52": 0, "51->54": 0, "54->51": 0, "54->55": 0, "55->54": 0, "51->56": 0, "56->51": 0, "51->57": 0, "57->51": 0, "57->58": 0, "58->57": 0, "58->59": 0, "59->58": 0, "58->60": 0, "60->58": 0, "0->61": 0, "61->0": 0, "61->62": 0, "62->61": 0, "62->63": 0, "63->62": 0, "61->64": 0, "64->61": 0, "64->65": 0, "65->64": 0, "61->66": 0, "66->61": 0, "61->67": 0, "67->61": 0, "67->68": 0, "68->67": 0, "68->69": 0, "69->68": 0, "67->70": 0, "70->67": 0, "61->71": 0, "71->61": 0, "71->72": 0, "72->71": 0, "72->73": 0, "73->72": 0, "72->74": 0, "74->72": 0, "74->75": 0, "75->74": 0, "72->76": 0, "76->72": 0, "61->77": 0, "77->61": 0, "77->78": 0, "78->77": 0, "0->79": 0, "79->0": 0, "79->80": 0, "80->79": 0, "80->81": 0, "81->80": 0, "79->82": 0, "82->79": 0, "82->83": 0, "83->82": 0, "79->84": 0, "84->79": 0, "79->85": 0, "85->79": 0, "85->86": 0, "86->85": 0, "86->87": 0, "87->86": 0, "85->88": 0, "88->85": 0, "79->89": 0, "89->79": 0, "89->90": 0, "90->89": 0, "90->91": 0, "91->90": 0, "89->92": 0, "92->89": 0, "79->93": 0, "93->79": 0, "93->94": 0, "94->93": 0, "94->95": 0, "95->94": 0, "93->96": 0, "96->93": 0, "96->97": 0, "97->96": 0, "96->98": 0, "98->96": 0, "98->99": 0, "99->98": 0, "99->100": 0, "100->99": 0, "79->101": 0, "101->79": 0, "101->102": 0, "102->101": 0, "102->103": 0, "103->102": 0, "102->104": 0, "104->102": 0, "104->105": 0, "105->104": 0, "102->106": 0, "106->102": 0, "79->107": 0, "107->79": 0, "107->108": 0, "108->107": 0, "108->109": 0, "109->108": 0, "108->110": 0, "110->108": 0, "110->111": 0, "111->110": 0, "108->112": 0, "112->108": 0, "79->113": 0, "113->79": 0, "113->114": 0, "114->113": 0, "114->115": 0, "115->114": 0, "114->116": 0, "116->114": 0, "116->117": 0, "117->116": 0, "114->118": 0, "118->114": 0, "79->119": 0, "119->79": 0, "119->120": 0, "120->119": 0, "120->121": 0, "121->120": 0, "121->122": 0, "122->121": 0, "121->123": 0, "123->121": 0, "120->124": 0, "124->120": 0, "0->125": 0, "125->0": 0, "125->126": 0, "126->125": 0, "126->127": 0, "127->126": 0, "125->128": 0, "128->125": 0, "128->129": 0, "129->128": 0, "125->130": 0, "130->125": 0, "125->131": 0, "131->125": 0, "131->132": 0, "132->131": 0, "132->133": 0, "133->132": 0, "131->134": 0, "134->131": 0, "125->135": 0, "135->125": 0, "135->136": 0, "136->135": 0, "136->137": 0, "137->136": 0, "136->138": 0, "138->136": 0, "138->139": 0, "139->138": 0, "136->140": 0, "140->136": 0, "125->141": 0, "141->125": 0, "141->142": 0, "142->141": 0, "0->143": 0, "143->0": 0, "143->144": 0, "144->143": 0, "144->145": 0, "145->144": 0, "143->146": 0, "146->143": 0, "146->147": 0, "147->146": 0, "143->148": 0, "148->143": 0, "143->149": 0, "149->143": 0, "149->150": 0, "150->149": 0, "150->151": 0, "151->150": 0, "149->152": 0, "152->149": 0, "143->153": 0, "153->143": 0, "153->154": 0, "154->153": 0, "154->155": 0, "155->154": 0, "153->156": 0, "156->153": 0, "143->157": 0, "157->143": 0, "157->158": 0, "158->157": 0, "158->159": 0, "159->158": 0, "157->160": 0, "160->157": 0, "160->161": 0, "161->160": 0, "160->162": 0, "162->160": 0, "162->163": 0, "163->162": 0, "163->164": 0, "164->163": 0, "143->165": 0, "165->143": 0, "165->166": 0, "166->165": 0, "166->167": 0, "167->166": 0, "166->168": 0, "168->166": 0, "168->169": 0, "169->168": 0, "166->170": 0, "170->166": 0, "143->171": 0, "171->143": 0, "171->172": 0, "172->171": 0, "172->173": 0, "173->172": 0, "172->174": 0, "174->172": 0, "174->175": 0, "175->174": 0, "172->176": 0, "176->172": 0, "143->177": 0, "177->143": 0, "177->178": 0, "178->177": 0, "178->179": 0, "179->178": 0, "178->180": 0, "180->178": 0, "180->181": 0, "181->180": 0, "178->182": 0, "182->178": 0, "143->183": 0, "183->143": 0, "183->184": 0, "184->183": 0, "184->185": 0, "185->184": 0, "185->186": 0, "186->185": 0, "185->187": 0, "187->185": 0, "184->188": 0, "188->184": 0, "1->3": 1, "3->1": 12, "3->4": 1, "4->3": 12, "4->23": 1, "23->4": 12, "23->30": 1, "30->23": 12, "30->34": 1, "34->30": 12, "34->51": 1, "51->34": 12, "51->61": 1, "61->51": 12, "61->79": 1, "79->61": 12, "79->125": 1, "125->79": 12, "125->143": 1, "143->125": 12, "5->7": 1, "7->5": 12, "7->12": 1, "12->7": 12, "8->9": 1, "9->8": 12, "13->14": 1, "14->13": 12, "15->16": 1, "16->15": 12, "16->22": 1, "22->16": 12, "18->19": 1, "19->18": 12, "24->26": 1, "26->24": 12, "26->28": 1, "28->26": 12, "31->33": 1, "33->31": 12, "35->37": 1, "37->35": 12, "37->38": 1, "38->37": 12, "38->45": 1, "45->38": 12, "39->44": 1, "44->39": 12, "40->41": 1, "41->40": 12, "47->48": 1, "48->47": 12, "48->50": 1, "50->48": 12, "52->54": 1, "54->52": 12, "54->56": 1, "56->54": 12, "56->57": 1, "57->56": 12, "59->60": 2, "60->59": 3, "62->64": 1, "64->62": 12, "64->66": 1, "66->64": 12, "66->67": 1, "67->66": 12, "67->71": 1, "71->67": 12, "71->77": 1, "77->71": 12, "68->70": 1, "70->68": 12, "73->74": 1, "74->73": 12, "74->76": 1, "76->74": 12, "80->82": 1, "82->80": 12, "82->84": 1, "84->82": 12, "84->85": 1, "85->84": 12, "85->89": 1, "89->85": 12, "89->93": 1, "93->89": 12, "93->101": 1, "101->93": 12, "101->107": 1, "107->101": 12, "107->113": 1, "113->107": 12, "113->119": 1, "119->113": 12, "86->88": 1, "88->86": 12, "90->92": 1, "92->90": 12, "94->96": 1, "96->94": 12, "97->98": 1, "98->97": 12, "103->104": 1, "104->103": 12, "104->106": 1, "106->104": 12, "109->110": 1, "110->109": 12, "110->112": 1, "112->110": 12, "115->116": 1, "116->115": 12, "116->118": 1, "118->116": 12, "121->124": 1, "124->121": 12, "122->123": 2, "123->122": 3, "126->128": 1, "128->126": 12, "128->130": 1, "130->128": 12, "130->131": 1, "131->130": 12, "131->135": 1, "135->131": 12, "135->141": 1, "141->135": 12, "132->134": 1, "134->132": 12, "137->138": 1, "138->137": 12, "138->140": 1, "140->138": 12, "144->146": 1, "146->144": 12, "146->148": 1, "148->146": 12, "148->149": 1, "149->148": 12, "149->153": 1, "153->149": 12, "153->157": 1, "157->153": 12, "157->165": 1, "165->157": 12, "165->171": 1, "171->165": 12, "171->177": 1, "177->171": 12, "177->183": 1, "183->177": 12, "150->152": 1, "152->150": 12, "154->156": 1, "156->154": 12, "158->160": 1, "160->158": 12, "161->162": 1, "162->161": 12, "167->168": 1, "168->167": 12, "168->170": 1, "170->168": 12, "173->174": 1, "174->173": 12, "174->176": 1, "176->174": 12, "179->180": 1, "180->179": 12, "180->182": 1, "182->180": 12, "185->188": 1, "188->185": 12, "186->187": 2, "187->186": 3, "2->3": 2, "3->2": 3, "3->6": 2, "6->3": 3, "6->8": 2, "8->6": 3, "8->11": 2, "11->8": 3, "11->13": 2, "13->11": 3, "13->15": 2, "15->13": 3, "15->18": 2, "18->15": 3, "18->21": 2, "21->18": 3, "21->22": 2, "22->21": 3, "22->25": 2, "25->22": 3, "25->27": 2, "27->25": 3, "27->29": 2, "29->27": 3, "29->32": 2, "32->29": 3, "32->33": 2, "33->32": 3, "33->36": 2, "36->33": 3, "36->37": 2, "37->36": 3, "37->40": 2, "40->37": 3, "40->43": 2, "43->40": 3, "43->44": 2, "44->43": 3, "44->47": 2, "47->44": 3, "47->49": 2, "49->47": 3, "49->50": 2, "50->49": 3, "50->53": 2, "53->50": 3, "53->55": 2, "55->53": 3, "55->56": 2, "56->55": 3, "56->59": 2, "59->56": 3, "60->63": 2, "63->60": 3, "63->65": 2, "65->63": 3, "65->66": 2, "66->65": 3, "66->69": 2, "69->66": 3, "69->70": 2, "70->69": 3, "70->73": 2, "73->70": 3, "73->75": 2, "75->73": 3, "75->76": 2, "76->75": 3, "76->78": 2, "78->76": 3, "78->81": 2, "81->78": 3, "81->83": 2, "83->81": 3, "83->84": 2, "84->83": 3, "84->87": 2, "87->84": 3, "87->88": 2, "88->87": 3, "88->91": 2, "91->88": 3, "91->92": 2, "92->91": 3, "92->95": 2, "95->92": 3, "95->97": 2, "97->95": 3, "97->100": 2, "100->97": 3, "100->103": 2, "103->100": 3, "103->105": 2, "105->103": 3, "105->106": 2, "106->105": 3, "106->109": 2, "109->106": 3, "109->111": 2, "111->109": 3, "111->112": 2, "112->111": 3, "112->115": 2, "115->112": 3, "115->117": 2, "117->115": 3, "117->118": 2, "118->117": 3, "118->122": 2, "122->118": 3, "123->124": 2, "124->123": 3, "124->127": 2, "127->124": 3, "127->129": 2, "129->127": 3, "129->130": 2, "130->129": 3, "130->133": 2, "133->130": 3, "133->134": 2, "134->133": 3, "134->137": 2, "137->134": 3, "137->139": 2, "139->137": 3, "139->140": 2, "140->139": 3, "140->142": 2, "142->140": 3, "142->145": 2, "145->142": 3, "145->147": 2, "147->145": 3, "147->148": 2, "148->147": 3, "148->151": 2, "151->148": 3, "151->152": 2, "152->151": 3, "152->155": 2, "155->152": 3, "155->156": 2, "156->155": 3, "156->159": 2, "159->156": 3, "159->161": 2, "161->159": 3, "161->164": 2, "164->161": 3, "164->167": 2, "167->164": 3, "167->169": 2, "169->167": 3, "169->170": 2, "170->169": 3, "170->173": 2, "173->170": 3, "173->175": 2, "175->173": 3, "175->176": 2, "176->175": 3, "176->179": 2, "179->176": 3, "179->181": 2, "181->179": 3, "181->182": 2, "182->181": 3, "182->186": 2, "186->182": 3, "187->188": 2, "188->187": 3, "75->139": 4, "139->75": 5, "105->169": 4, "169->105": 5, "117->181": 4, "181->117": 5}, "metrics": [2.0, 0.0, 7.0, 7.0, 65.0, 7.0, 0.0, 0.0, 0.5714285714285714, 0.0, 0.0]}