{"nodelist": ["InterfaceDeclaration", "StoreFlusher", "MethodDeclaration", "prepare", "MethodDeclaration", "flushCache", "IOException", "MethodDeclaration", "BasicType", "boolean", "commit", "IOException"], "nodes": {"0": "InterfaceDeclaration", "1": "StoreFlusher", "2": "MethodDeclaration", "3": "prepare", "4": "MethodDeclaration", "5": "flushCache", "6": "IOException", "7": "MethodDeclaration", "8": "BasicType", "9": "boolean", "10": "commit", "11": "IOException"}, "edges": {"0->1": 0, "1->0": 0, "0->2": 0, "2->0": 0, "2->3": 0, "3->2": 0, "0->4": 0, "4->0": 0, "4->5": 0, "5->4": 0, "4->6": 0, "6->4": 0, "0->7": 0, "7->0": 0, "7->8": 0, "8->7": 0, "8->9": 0, "9->8": 0, "7->10": 0, "10->7": 0, "7->11": 0, "11->7": 0, "1->2": 1, "2->1": 12, "2->4": 1, "4->2": 12, "4->7": 1, "7->4": 12, "5->6": 2, "6->5": 3, "8->10": 1, "10->8": 12, "10->11": 2, "11->10": 3, "1->3": 2, "3->1": 3, "3->5": 2, "5->3": 3, "6->9": 2, "9->6": 3, "9->10": 2, "10->9": 3}, "metrics": [0.0, 0.0, 3.0, 0.0, 20.0, 3.0, 0.0, 0.0, -1.0, 0.0, 0.0]}