{"nodelist": ["ClassDeclaration", "{'static'}", "static", "LatchedProcedure", "FieldDeclaration", "ReferenceType", "CountDownLatch", "VariableDeclarator", "startedAcquireBarrier", "ClassCreator", "ReferenceType", "CountDownLatch", "Literal", "1", "FieldDeclaration", "ReferenceType", "CountDownLatch", "VariableDeclarator", "startedDuringBarrier", "ClassCreator", "ReferenceType", "CountDownLatch", "Literal", "1", "FieldDeclaration", "ReferenceType", "CountDownLatch", "VariableDeclarator", "completedProcedure", "ClassCreator", "ReferenceType", "CountDownLatch", "Literal", "1", "ConstructorDeclaration", "{'public'}", "public", "LatchedProcedure", "FormalParameter", "ReferenceType", "ProcedureCoordinator", "coord", "FormalParameter", "ReferenceType", "ForeignExceptionDispatcher", "monitor", "FormalParameter", "BasicType", "long", "wakeFreq", "FormalParameter", "BasicType", "long", "timeout", "FormalParameter", "ReferenceType", "String", "opName", "FormalParameter", "BasicType", "byte", "data", "FormalParameter", "ReferenceType", "List", "TypeArgument", "ReferenceType", "String", "expectedMembers", "StatementExpression", "SuperConstructorInvocation", "MemberReference", "coord", "MemberReference", "monitor", "MemberReference", "wakeFreq", "MemberReference", "timeout", "MemberReference", "opName", "MemberReference", "data", "MemberReference", "expectedMembers", "MethodDeclaration", "{'public'}", "public", "Annotation", "Override", "sendGlobalBarrierStart", "StatementExpression", "MethodInvocation", "startedAcquireBarrier", "countDown", "MethodDeclaration", "{'public'}", "public", "Annotation", "Override", "sendGlobalBarrierReached", "StatementExpression", "MethodInvocation", "startedDuringBarrier", "countDown", "MethodDeclaration", "{'public'}", "public", "Annotation", "Override", "sendGlobalBarrierComplete", "StatementExpression", "MethodInvocation", "completedProcedure", "countDown", "ReferenceType", "Procedure"], "nodes": {"0": "ClassDeclaration", "1": "Modifier", "2": "static", "3": "LatchedProcedure", "4": "FieldDeclaration", "5": "ReferenceType", "6": "CountDownLatch", "7": "VariableDeclarator", "8": "startedAcquireBarrier", "9": "ClassCreator", "10": "ReferenceType", "11": "CountDownLatch", "12": "Literal", "13": "1", "14": "FieldDeclaration", "15": "ReferenceType", "16": "CountDownLatch", "17": "VariableDeclarator", "18": "startedDuringBarrier", "19": "ClassCreator", "20": "ReferenceType", "21": "CountDownLatch", "22": "Literal", "23": "1", "24": "FieldDeclaration", "25": "ReferenceType", "26": "CountDownLatch", "27": "VariableDeclarator", "28": "completedProcedure", "29": "ClassCreator", "30": "ReferenceType", "31": "CountDownLatch", "32": "Literal", "33": "1", "34": "ConstructorDeclaration", "35": "Modifier", "36": "public", "37": "LatchedProcedure", "38": "FormalParameter", "39": "ReferenceType", "40": "ProcedureCoordinator", "41": "coord", "42": "FormalParameter", "43": "ReferenceType", "44": "ForeignExceptionDispatcher", "45": "monitor", "46": "FormalParameter", "47": "BasicType", "48": "long", "49": "wakeFreq", "50": "FormalParameter", "51": "BasicType", "52": "long", "53": "timeout", "54": "FormalParameter", "55": "ReferenceType", "56": "String", "57": "opName", "58": "FormalParameter", "59": "BasicType", "60": "byte", "61": "data", "62": "FormalParameter", "63": "ReferenceType", "64": "List", "65": "TypeArgument", "66": "ReferenceType", "67": "String", "68": "expectedMembers", "69": "StatementExpression", "70": "SuperConstructorInvocation", "71": "MemberReference", "72": "coord", "73": "MemberReference", "74": "monitor", "75": "MemberReference", "76": "wakeFreq", "77": "MemberReference", "78": "timeout", "79": "MemberReference", "80": "opName", "81": "MemberReference", "82": "data", "83": "MemberReference", "84": "expectedMembers", "85": "MethodDeclaration", "86": "Modifier", "87": "public", "88": "Annotation", "89": "Override", "90": "sendGlobalBarrierStart", "91": "StatementExpression", "92": "MethodInvocation", "93": "startedAcquireBarrier", "94": "countDown", "95": "MethodDeclaration", "96": "Modifier", "97": "public", "98": "Annotation", "99": "Override", "100": "sendGlobalBarrierReached", "101": "StatementExpression", "102": "MethodInvocation", "103": "startedDuringBarrier", "104": "countDown", "105": "MethodDeclaration", "106": "Modifier", "107": "public", "108": "Annotation", "109": "Override", "110": "sendGlobalBarrierComplete", "111": "StatementExpression", "112": "MethodInvocation", "113": "completedProcedure", "114": "countDown", "115": "ReferenceType", "116": "Procedure"}, "edges": {"0->1": 0, "1->0": 0, "1->2": 0, "2->1": 0, "0->3": 0, "3->0": 0, "0->4": 0, "4->0": 0, "4->5": 0, "5->4": 0, "5->6": 0, "6->5": 0, "4->7": 0, "7->4": 0, "7->8": 0, "8->7": 0, "7->9": 0, "9->7": 0, "9->10": 0, "10->9": 0, "10->11": 0, "11->10": 0, "9->12": 0, "12->9": 0, "12->13": 0, "13->12": 0, "0->14": 0, "14->0": 0, "14->15": 0, "15->14": 0, "15->16": 0, "16->15": 0, "14->17": 0, "17->14": 0, "17->18": 0, "18->17": 0, "17->19": 0, "19->17": 0, "19->20": 0, "20->19": 0, "20->21": 0, "21->20": 0, "19->22": 0, "22->19": 0, "22->23": 0, "23->22": 0, "0->24": 0, "24->0": 0, "24->25": 0, "25->24": 0, "25->26": 0, "26->25": 0, "24->27": 0, "27->24": 0, "27->28": 0, "28->27": 0, "27->29": 0, "29->27": 0, "29->30": 0, "30->29": 0, "30->31": 0, "31->30": 0, "29->32": 0, "32->29": 0, "32->33": 0, "33->32": 0, "0->34": 0, "34->0": 0, "34->35": 0, "35->34": 0, "35->36": 0, "36->35": 0, "34->37": 0, "37->34": 0, "34->38": 0, "38->34": 0, "38->39": 0, "39->38": 0, "39->40": 0, "40->39": 0, "38->41": 0, "41->38": 0, "34->42": 0, "42->34": 0, "42->43": 0, "43->42": 0, "43->44": 0, "44->43": 0, "42->45": 0, "45->42": 0, "34->46": 0, "46->34": 0, "46->47": 0, "47->46": 0, "47->48": 0, "48->47": 0, "46->49": 0, "49->46": 0, "34->50": 0, "50->34": 0, "50->51": 0, "51->50": 0, "51->52": 0, "52->51": 0, "50->53": 0, "53->50": 0, "34->54": 0, "54->34": 0, "54->55": 0, "55->54": 0, "55->56": 0, "56->55": 0, "54->57": 0, "57->54": 0, "34->58": 0, "58->34": 0, "58->59": 0, "59->58": 0, "59->60": 0, "60->59": 0, "58->61": 0, "61->58": 0, "34->62": 0, "62->34": 0, "62->63": 0, "63->62": 0, "63->64": 0, "64->63": 0, "63->65": 0, "65->63": 0, "65->66": 0, "66->65": 0, "66->67": 0, "67->66": 0, "62->68": 0, "68->62": 0, "34->69": 0, "69->34": 0, "69->70": 0, "70->69": 0, "70->71": 0, "71->70": 0, "71->72": 0, "72->71": 0, "70->73": 0, "73->70": 0, "73->74": 0, "74->73": 0, "70->75": 0, "75->70": 0, "75->76": 0, "76->75": 0, "70->77": 0, "77->70": 0, "77->78": 0, "78->77": 0, "70->79": 0, "79->70": 0, "79->80": 0, "80->79": 0, "70->81": 0, "81->70": 0, "81->82": 0, "82->81": 0, "70->83": 0, "83->70": 0, "83->84": 0, "84->83": 0, "0->85": 0, "85->0": 0, "85->86": 0, "86->85": 0, "86->87": 0, "87->86": 0, "85->88": 0, "88->85": 0, "88->89": 0, "89->88": 0, "85->90": 0, "90->85": 0, "85->91": 0, "91->85": 0, "91->92": 0, "92->91": 0, "92->93": 0, "93->92": 0, "92->94": 0, "94->92": 0, "0->95": 0, "95->0": 0, "95->96": 0, "96->95": 0, "96->97": 0, "97->96": 0, "95->98": 0, "98->95": 0, "98->99": 0, "99->98": 0, "95->100": 0, "100->95": 0, "95->101": 0, "101->95": 0, "101->102": 0, "102->101": 0, "102->103": 0, "103->102": 0, "102->104": 0, "104->102": 0, "0->105": 0, "105->0": 0, "105->106": 0, "106->105": 0, "106->107": 0, "107->106": 0, "105->108": 0, "108->105": 0, "108->109": 0, "109->108": 0, "105->110": 0, "110->105": 0, "105->111": 0, "111->105": 0, "111->112": 0, "112->111": 0, "112->113": 0, "113->112": 0, "112->114": 0, "114->112": 0, "0->115": 0, "115->0": 0, "115->116": 0, "116->115": 0, "1->3": 1, "3->1": 12, "3->4": 1, "4->3": 12, "4->14": 1, "14->4": 12, "14->24": 1, "24->14": 12, "24->34": 1, "34->24": 12, "34->85": 1, "85->34": 12, "85->95": 1, "95->85": 12, "95->105": 1, "105->95": 12, "105->115": 1, "115->105": 12, "5->7": 1, "7->5": 12, "8->9": 1, "9->8": 12, "10->12": 1, "12->10": 12, "15->17": 1, "17->15": 12, "18->19": 1, "19->18": 12, "20->22": 1, "22->20": 12, "25->27": 1, "27->25": 12, "28->29": 1, "29->28": 12, "30->32": 1, "32->30": 12, "35->37": 1, "37->35": 12, "37->38": 1, "38->37": 12, "38->42": 1, "42->38": 12, "42->46": 1, "46->42": 12, "46->50": 1, "50->46": 12, "50->54": 1, "54->50": 12, "54->58": 1, "58->54": 12, "58->62": 1, "62->58": 12, "62->69": 1, "69->62": 12, "39->41": 1, "41->39": 12, "43->45": 1, "45->43": 12, "47->49": 1, "49->47": 12, "51->53": 1, "53->51": 12, "55->57": 1, "57->55": 12, "59->61": 1, "61->59": 12, "63->68": 1, "68->63": 12, "64->65": 1, "65->64": 12, "71->73": 1, "73->71": 12, "73->75": 1, "75->73": 12, "75->77": 1, "77->75": 12, "77->79": 1, "79->77": 12, "79->81": 1, "81->79": 12, "81->83": 1, "83->81": 12, "86->88": 1, "88->86": 12, "88->90": 1, "90->88": 12, "90->91": 1, "91->90": 12, "93->94": 2, "94->93": 3, "96->98": 1, "98->96": 12, "98->100": 1, "100->98": 12, "100->101": 1, "101->100": 12, "103->104": 2, "104->103": 3, "106->108": 1, "108->106": 12, "108->110": 1, "110->108": 12, "110->111": 1, "111->110": 12, "113->114": 2, "114->113": 3, "2->3": 2, "3->2": 3, "3->6": 2, "6->3": 3, "6->8": 2, "8->6": 3, "8->11": 2, "11->8": 3, "11->13": 2, "13->11": 3, "13->16": 2, "16->13": 3, "16->18": 2, "18->16": 3, "18->21": 2, "21->18": 3, "21->23": 2, "23->21": 3, "23->26": 2, "26->23": 3, "26->28": 2, "28->26": 3, "28->31": 2, "31->28": 3, "31->33": 2, "33->31": 3, "33->36": 2, "36->33": 3, "36->37": 2, "37->36": 3, "37->40": 2, "40->37": 3, "40->41": 2, "41->40": 3, "41->44": 2, "44->41": 3, "44->45": 2, "45->44": 3, "45->48": 2, "48->45": 3, "48->49": 2, "49->48": 3, "49->52": 2, "52->49": 3, "52->53": 2, "53->52": 3, "53->56": 2, "56->53": 3, "56->57": 2, "57->56": 3, "57->60": 2, "60->57": 3, "60->61": 2, "61->60": 3, "61->64": 2, "64->61": 3, "64->67": 2, "67->64": 3, "67->68": 2, "68->67": 3, "68->72": 2, "72->68": 3, "72->74": 2, "74->72": 3, "74->76": 2, "76->74": 3, "76->78": 2, "78->76": 3, "78->80": 2, "80->78": 3, "80->82": 2, "82->80": 3, "82->84": 2, "84->82": 3, "84->87": 2, "87->84": 3, "87->89": 2, "89->87": 3, "89->90": 2, "90->89": 3, "90->93": 2, "93->90": 3, "94->97": 2, "97->94": 3, "97->99": 2, "99->97": 3, "99->100": 2, "100->99": 3, "100->103": 2, "103->100": 3, "104->107": 2, "107->104": 3, "107->109": 2, "109->107": 3, "109->110": 2, "110->109": 3, "110->113": 2, "113->110": 3, "114->116": 2, "116->114": 3}, "metrics": [3.0, 0.0, 4.0, 4.0, 17.0, 4.0, 0.0, 1.0, 1.0, 1.0, 2.0]}