{"nodelist": ["InterfaceDeclaration", "{'public'}", "public", "ScannerIncommon", "MethodDeclaration", "{'public'}", "public", "BasicType", "boolean", "next", "FormalParameter", "ReferenceType", "List", "TypeArgument", "ReferenceType", "KeyValue", "values", "IOException", "MethodDeclaration", "{'public'}", "public", "close", "IOException", "ReferenceType", "Iterable", "TypeArgument", "ReferenceType", "Result"], "nodes": {"0": "InterfaceDeclaration", "1": "Modifier", "2": "public", "3": "ScannerIncommon", "4": "MethodDeclaration", "5": "Modifier", "6": "public", "7": "BasicType", "8": "boolean", "9": "next", "10": "FormalParameter", "11": "ReferenceType", "12": "List", "13": "TypeArgument", "14": "ReferenceType", "15": "KeyValue", "16": "values", "17": "IOException", "18": "MethodDeclaration", "19": "Modifier", "20": "public", "21": "close", "22": "IOException", "23": "ReferenceType", "24": "Iterable", "25": "TypeArgument", "26": "ReferenceType", "27": "Result"}, "edges": {"0->1": 0, "1->0": 0, "1->2": 0, "2->1": 0, "0->3": 0, "3->0": 0, "0->4": 0, "4->0": 0, "4->5": 0, "5->4": 0, "5->6": 0, "6->5": 0, "4->7": 0, "7->4": 0, "7->8": 0, "8->7": 0, "4->9": 0, "9->4": 0, "4->10": 0, "10->4": 0, "10->11": 0, "11->10": 0, "11->12": 0, "12->11": 0, "11->13": 0, "13->11": 0, "13->14": 0, "14->13": 0, "14->15": 0, "15->14": 0, "10->16": 0, "16->10": 0, "4->17": 0, "17->4": 0, "0->18": 0, "18->0": 0, "18->19": 0, "19->18": 0, "19->20": 0, "20->19": 0, "18->21": 0, "21->18": 0, "18->22": 0, "22->18": 0, "0->23": 0, "23->0": 0, "23->24": 0, "24->23": 0, "23->25": 0, "25->23": 0, "25->26": 0, "26->25": 0, "26->27": 0, "27->26": 0, "1->3": 1, "3->1": 12, "3->4": 1, "4->3": 12, "4->18": 1, "18->4": 12, "18->23": 1, "23->18": 12, "5->7": 1, "7->5": 12, "7->9": 1, "9->7": 12, "9->10": 1, "10->9": 12, "10->17": 1, "17->10": 12, "11->16": 1, "16->11": 12, "12->13": 1, "13->12": 12, "19->21": 1, "21->19": 12, "21->22": 2, "22->21": 3, "24->25": 1, "25->24": 12, "2->3": 2, "3->2": 3, "3->6": 2, "6->3": 3, "6->8": 2, "8->6": 3, "8->9": 2, "9->8": 3, "9->12": 2, "12->9": 3, "12->15": 2, "15->12": 3, "15->16": 2, "16->15": 3, "16->17": 2, "17->16": 3, "17->20": 2, "20->17": 3, "20->21": 2, "21->20": 3, "22->24": 2, "24->22": 3, "24->27": 2, "27->24": 3}, "metrics": [0.0, 0.0, 2.0, 2.0, 4.0, 2.0, 2.0, 0.0, -1.0, 2.0, 0.0]}