{"nodelist": ["ClassDeclaration", "{'public', 'static'}", "public", "static", "MasterThread", "FieldDeclaration", "{'final', 'private'}", "final", "private", "ReferenceType", "HMaster", "VariableDeclarator", "master", "ConstructorDeclaration", "{'public'}", "public", "MasterThread", "FormalParameter", "{'final'}", "final", "ReferenceType", "HMaster", "m", "FormalParameter", "{'final'}", "final", "BasicType", "int", "index", "StatementExpression", "SuperConstructorInvocation", "MemberReference", "m", "BinaryOperation", "+", "BinaryOperation", "+", "BinaryOperation", "+", "Literal", "\"Master:\"", "MemberReference", "index", "Literal", "\";\"", "MethodInvocation", "m", "getServerName", "StatementExpression", "Assignment", "This", "MemberReference", "master", "MemberReference", "m", "=", "MethodDeclaration", "{'public'}", "public", "ReferenceType", "HMaster", "getMaster", "ReturnStatement", "This", "MemberReference", "master", "MethodDeclaration", "{'public'}", "public", "waitForServerOnline", "WhileStatement", "BinaryOperation", "&&", "This", "!", "MemberReference", "master", "MethodInvocation", "isMasterRunning", "This", "!", "MemberReference", "master", "MethodInvocation", "isStopped", "BlockStatement", "TryStatement", "StatementExpression", "MethodInvocation", "Thread", "Literal", "1000", "sleep", "CatchClause", "CatchClauseParameter", "InterruptedException", "e", "ReferenceType", "Thread"], "nodes": {"0": "ClassDeclaration", "1": "Modifier", "2": "public", "3": "static", "4": "MasterThread", "5": "FieldDeclaration", "6": "Modifier", "7": "final", "8": "private", "9": "ReferenceType", "10": "HMaster", "11": "VariableDeclarator", "12": "master", "13": "ConstructorDeclaration", "14": "Modifier", "15": "public", "16": "MasterThread", "17": "FormalParameter", "18": "Modifier", "19": "final", "20": "ReferenceType", "21": "HMaster", "22": "m", "23": "FormalParameter", "24": "Modifier", "25": "final", "26": "BasicType", "27": "int", "28": "index", "29": "StatementExpression", "30": "SuperConstructorInvocation", "31": "MemberReference", "32": "m", "33": "BinaryOperation", "34": "+", "35": "BinaryOperation", "36": "+", "37": "BinaryOperation", "38": "+", "39": "Literal", "40": "\"Master:\"", "41": "MemberReference", "42": "index", "43": "Literal", "44": "\";\"", "45": "MethodInvocation", "46": "m", "47": "getServerName", "48": "StatementExpression", "49": "Assignment", "50": "This", "51": "MemberReference", "52": "master", "53": "MemberReference", "54": "m", "55": "=", "56": "MethodDeclaration", "57": "Modifier", "58": "public", "59": "ReferenceType", "60": "HMaster", "61": "getMaster", "62": "ReturnStatement", "63": "This", "64": "MemberReference", "65": "master", "66": "MethodDeclaration", "67": "Modifier", "68": "public", "69": "waitForServerOnline", "70": "WhileStatement", "71": "BinaryOperation", "72": "&&", "73": "This", "74": "!", "75": "MemberReference", "76": "master", "77": "MethodInvocation", "78": "isMasterRunning", "79": "This", "80": "!", "81": "MemberReference", "82": "master", "83": "MethodInvocation", "84": "isStopped", "85": "BlockStatement", "86": "TryStatement", "87": "StatementExpression", "88": "MethodInvocation", "89": "Thread", "90": "Literal", "91": "1000", "92": "sleep", "93": "CatchClause", "94": "CatchClauseParameter", "95": "InterruptedException", "96": "e", "97": "ReferenceType", "98": "Thread"}, "edges": {"0->1": 0, "1->0": 0, "1->2": 0, "2->1": 0, "1->3": 0, "3->1": 0, "0->4": 0, "4->0": 0, "0->5": 0, "5->0": 0, "5->6": 0, "6->5": 0, "6->7": 0, "7->6": 0, "6->8": 0, "8->6": 0, "5->9": 0, "9->5": 0, "9->10": 0, "10->9": 0, "5->11": 0, "11->5": 0, "11->12": 0, "12->11": 0, "0->13": 0, "13->0": 0, "13->14": 0, "14->13": 0, "14->15": 0, "15->14": 0, "13->16": 0, "16->13": 0, "13->17": 0, "17->13": 0, "17->18": 0, "18->17": 0, "18->19": 0, "19->18": 0, "17->20": 0, "20->17": 0, "20->21": 0, "21->20": 0, "17->22": 0, "22->17": 0, "13->23": 0, "23->13": 0, "23->24": 0, "24->23": 0, "24->25": 0, "25->24": 0, "23->26": 0, "26->23": 0, "26->27": 0, "27->26": 0, "23->28": 0, "28->23": 0, "13->29": 0, "29->13": 0, "29->30": 0, "30->29": 0, "30->31": 0, "31->30": 0, "31->32": 0, "32->31": 0, "30->33": 0, "33->30": 0, "33->34": 0, "34->33": 0, "33->35": 0, "35->33": 0, "35->36": 0, "36->35": 0, "35->37": 0, "37->35": 0, "37->38": 0, "38->37": 0, "37->39": 0, "39->37": 0, "39->40": 0, "40->39": 0, "37->41": 0, "41->37": 0, "41->42": 0, "42->41": 0, "35->43": 0, "43->35": 0, "43->44": 0, "44->43": 0, "33->45": 0, "45->33": 0, "45->46": 0, "46->45": 0, "45->47": 0, "47->45": 0, "13->48": 0, "48->13": 0, "48->49": 0, "49->48": 0, "49->50": 0, "50->49": 0, "50->51": 0, "51->50": 0, "51->52": 0, "52->51": 0, "49->53": 0, "53->49": 0, "53->54": 0, "54->53": 0, "49->55": 0, "55->49": 0, "0->56": 0, "56->0": 0, "56->57": 0, "57->56": 0, "57->58": 0, "58->57": 0, "56->59": 0, "59->56": 0, "59->60": 0, "60->59": 0, "56->61": 0, "61->56": 0, "56->62": 0, "62->56": 0, "62->63": 0, "63->62": 0, "63->64": 0, "64->63": 0, "64->65": 0, "65->64": 0, "0->66": 0, "66->0": 0, "66->67": 0, "67->66": 0, "67->68": 0, "68->67": 0, "66->69": 0, "69->66": 0, "66->70": 0, "70->66": 0, "70->71": 0, "71->70": 0, "71->72": 0, "72->71": 0, "71->73": 0, "73->71": 0, "73->74": 0, "74->73": 0, "73->75": 0, "75->73": 0, "75->76": 0, "76->75": 0, "73->77": 0, "77->73": 0, "77->78": 0, "78->77": 0, "71->79": 0, "79->71": 0, "79->80": 0, "80->79": 0, "79->81": 0, "81->79": 0, "81->82": 0, "82->81": 0, "79->83": 0, "83->79": 0, "83->84": 0, "84->83": 0, "70->85": 0, "85->70": 0, "85->86": 0, "86->85": 0, "86->87": 0, "87->86": 0, "87->88": 0, "88->87": 0, "88->89": 0, "89->88": 0, "88->90": 0, "90->88": 0, "90->91": 0, "91->90": 0, "88->92": 0, "92->88": 0, "86->93": 0, "93->86": 0, "93->94": 0, "94->93": 0, "94->95": 0, "95->94": 0, "94->96": 0, "96->94": 0, "0->97": 0, "97->0": 0, "97->98": 0, "98->97": 0, "1->4": 1, "4->1": 12, "4->5": 1, "5->4": 12, "5->13": 1, "13->5": 12, "13->56": 1, "56->13": 12, "56->66": 1, "66->56": 12, "66->97": 1, "97->66": 12, "2->3": 2, "3->2": 3, "6->9": 1, "9->6": 12, "9->11": 1, "11->9": 12, "7->8": 2, "8->7": 3, "14->16": 1, "16->14": 12, "16->17": 1, "17->16": 12, "17->23": 1, "23->17": 12, "23->29": 1, "29->23": 12, "29->48": 1, "48->29": 12, "18->20": 1, "20->18": 12, "20->22": 1, "22->20": 12, "24->26": 1, "26->24": 12, "26->28": 1, "28->26": 12, "31->33": 1, "33->31": 12, "34->35": 1, "35->34": 12, "35->45": 1, "45->35": 12, "36->37": 1, "37->36": 12, "37->43": 1, "43->37": 12, "38->39": 1, "39->38": 12, "39->41": 1, "41->39": 12, "46->47": 2, "47->46": 3, "50->53": 1, "53->50": 12, "53->55": 1, "55->53": 12, "57->59": 1, "59->57": 12, "59->61": 1, "61->59": 12, "61->62": 1, "62->61": 12, "67->69": 1, "69->67": 12, "69->70": 1, "70->69": 12, "71->85": 8, "85->71": 8, "72->73": 1, "73->72": 12, "73->79": 1, "79->73": 12, "74->75": 1, "75->74": 12, "75->77": 1, "77->75": 12, "80->81": 1, "81->80": 12, "81->83": 1, "83->81": 12, "87->93": 1, "93->87": 12, "89->90": 1, "90->89": 12, "90->92": 1, "92->90": 12, "95->96": 2, "96->95": 3, "3->4": 2, "4->3": 3, "4->7": 2, "7->4": 3, "8->10": 2, "10->8": 3, "10->12": 2, "12->10": 3, "12->15": 2, "15->12": 3, "15->16": 2, "16->15": 3, "16->19": 2, "19->16": 3, "19->21": 2, "21->19": 3, "21->22": 2, "22->21": 3, "22->25": 2, "25->22": 3, "25->27": 2, "27->25": 3, "27->28": 2, "28->27": 3, "28->32": 2, "32->28": 3, "32->34": 2, "34->32": 3, "34->36": 2, "36->34": 3, "36->38": 2, "38->36": 3, "38->40": 2, "40->38": 3, "40->42": 2, "42->40": 3, "42->44": 2, "44->42": 3, "44->46": 2, "46->44": 3, "47->52": 2, "52->47": 3, "52->54": 2, "54->52": 3, "54->55": 2, "55->54": 3, "55->58": 2, "58->55": 3, "58->60": 2, "60->58": 3, "60->61": 2, "61->60": 3, "61->65": 2, "65->61": 3, "65->68": 2, "68->65": 3, "68->69": 2, "69->68": 3, "69->72": 2, "72->69": 3, "72->74": 2, "74->72": 3, "74->76": 2, "76->74": 3, "76->78": 2, "78->76": 3, "78->80": 2, "80->78": 3, "80->82": 2, "82->80": 3, "82->84": 2, "84->82": 3, "84->89": 2, "89->84": 3, "89->91": 2, "91->89": 3, "91->92": 2, "92->91": 3, "92->95": 2, "95->92": 3, "96->98": 2, "98->96": 3, "32->54": 4, "54->32": 5, "52->65": 4, "65->52": 5, "65->76": 4, "76->65": 5, "76->82": 4, "82->76": 5}, "metrics": [1.0, 0.0, 3.0, 3.0, 28.0, 4.0, 0.0, 0.0, 0.0, 2.0, 1.0]}