{"nodelist": ["ClassDeclaration", "{'public'}", "public", "MasterStatistics", "FieldDeclaration", "{'final', 'private'}", "final", "private", "ReferenceType", "ObjectName", "VariableDeclarator", "mbeanName", "ConstructorDeclaration", "{'public'}", "public", "MasterStatistics", "FormalParameter", "ReferenceType", "MetricsRegistry", "registry", "StatementExpression", "SuperConstructorInvocation", "MemberReference", "registry", "Literal", "\"MasterStatistics\"", "StatementExpression", "Assignment", "MemberReference", "mbeanName", "MethodInvocation", "MBeanUtil", "Literal", "\"Master\"", "Literal", "\"MasterStatistics\"", "This", "registerMBean", "=", "MethodDeclaration", "{'public'}", "public", "shutdown", "IfStatement", "BinaryOperation", "!=", "MemberReference", "mbeanName", "Literal", "null", "StatementExpression", "MethodInvocation", "MBeanUtil", "MemberReference", "mbeanName", "unregisterMBean", "ReferenceType", "MetricsMBeanBase"], "nodes": {"0": "ClassDeclaration", "1": "Modifier", "2": "public", "3": "MasterStatistics", "4": "FieldDeclaration", "5": "Modifier", "6": "final", "7": "private", "8": "ReferenceType", "9": "ObjectName", "10": "VariableDeclarator", "11": "mbeanName", "12": "ConstructorDeclaration", "13": "Modifier", "14": "public", "15": "MasterStatistics", "16": "FormalParameter", "17": "ReferenceType", "18": "MetricsRegistry", "19": "registry", "20": "StatementExpression", "21": "SuperConstructorInvocation", "22": "MemberReference", "23": "registry", "24": "Literal", "25": "\"MasterStatistics\"", "26": "StatementExpression", "27": "Assignment", "28": "MemberReference", "29": "mbeanName", "30": "MethodInvocation", "31": "MBeanUtil", "32": "Literal", "33": "\"Master\"", "34": "Literal", "35": "\"MasterStatistics\"", "36": "This", "37": "registerMBean", "38": "=", "39": "MethodDeclaration", "40": "Modifier", "41": "public", "42": "shutdown", "43": "IfStatement", "44": "BinaryOperation", "45": "!=", "46": "MemberReference", "47": "mbeanName", "48": "Literal", "49": "null", "50": "StatementExpression", "51": "MethodInvocation", "52": "MBeanUtil", "53": "MemberReference", "54": "mbeanName", "55": "unregisterMBean", "56": "ReferenceType", "57": "MetricsMBeanBase"}, "edges": {"0->1": 0, "1->0": 0, "1->2": 0, "2->1": 0, "0->3": 0, "3->0": 0, "0->4": 0, "4->0": 0, "4->5": 0, "5->4": 0, "5->6": 0, "6->5": 0, "5->7": 0, "7->5": 0, "4->8": 0, "8->4": 0, "8->9": 0, "9->8": 0, "4->10": 0, "10->4": 0, "10->11": 0, "11->10": 0, "0->12": 0, "12->0": 0, "12->13": 0, "13->12": 0, "13->14": 0, "14->13": 0, "12->15": 0, "15->12": 0, "12->16": 0, "16->12": 0, "16->17": 0, "17->16": 0, "17->18": 0, "18->17": 0, "16->19": 0, "19->16": 0, "12->20": 0, "20->12": 0, "20->21": 0, "21->20": 0, "21->22": 0, "22->21": 0, "22->23": 0, "23->22": 0, "21->24": 0, "24->21": 0, "24->25": 0, "25->24": 0, "12->26": 0, "26->12": 0, "26->27": 0, "27->26": 0, "27->28": 0, "28->27": 0, "28->29": 0, "29->28": 0, "27->30": 0, "30->27": 0, "30->31": 0, "31->30": 0, "30->32": 0, "32->30": 0, "32->33": 0, "33->32": 0, "30->34": 0, "34->30": 0, "34->35": 0, "35->34": 0, "30->36": 0, "36->30": 0, "30->37": 0, "37->30": 0, "27->38": 0, "38->27": 0, "0->39": 0, "39->0": 0, "39->40": 0, "40->39": 0, "40->41": 0, "41->40": 0, "39->42": 0, "42->39": 0, "39->43": 0, "43->39": 0, "43->44": 0, "44->43": 0, "44->45": 0, "45->44": 0, "44->46": 0, "46->44": 0, "46->47": 0, "47->46": 0, "44->48": 0, "48->44": 0, "48->49": 0, "49->48": 0, "43->50": 0, "50->43": 0, "50->51": 0, "51->50": 0, "51->52": 0, "52->51": 0, "51->53": 0, "53->51": 0, "53->54": 0, "54->53": 0, "51->55": 0, "55->51": 0, "0->56": 0, "56->0": 0, "56->57": 0, "57->56": 0, "1->3": 1, "3->1": 12, "3->4": 1, "4->3": 12, "4->12": 1, "12->4": 12, "12->39": 1, "39->12": 12, "39->56": 1, "56->39": 12, "5->8": 1, "8->5": 12, "8->10": 1, "10->8": 12, "6->7": 2, "7->6": 3, "13->15": 1, "15->13": 12, "15->16": 1, "16->15": 12, "16->20": 1, "20->16": 12, "20->26": 1, "26->20": 12, "17->19": 1, "19->17": 12, "22->24": 1, "24->22": 12, "28->30": 1, "30->28": 12, "30->38": 1, "38->30": 12, "31->32": 1, "32->31": 12, "32->34": 1, "34->32": 12, "34->36": 1, "36->34": 12, "36->37": 2, "37->36": 3, "40->42": 1, "42->40": 12, "42->43": 1, "43->42": 12, "44->50": 6, "50->44": 6, "45->46": 1, "46->45": 12, "46->48": 1, "48->46": 12, "52->53": 1, "53->52": 12, "53->55": 1, "55->53": 12, "2->3": 2, "3->2": 3, "3->6": 2, "6->3": 3, "7->9": 2, "9->7": 3, "9->11": 2, "11->9": 3, "11->14": 2, "14->11": 3, "14->15": 2, "15->14": 3, "15->18": 2, "18->15": 3, "18->19": 2, "19->18": 3, "19->23": 2, "23->19": 3, "23->25": 2, "25->23": 3, "25->29": 2, "29->25": 3, "29->31": 2, "31->29": 3, "31->33": 2, "33->31": 3, "33->35": 2, "35->33": 3, "35->36": 2, "36->35": 3, "37->38": 2, "38->37": 3, "38->41": 2, "41->38": 3, "41->42": 2, "42->41": 3, "42->45": 2, "45->42": 3, "45->47": 2, "47->45": 3, "47->49": 2, "49->47": 3, "49->52": 2, "52->49": 3, "52->54": 2, "54->52": 3, "54->55": 2, "55->54": 3, "55->57": 2, "57->55": 3, "29->47": 4, "47->29": 5, "47->54": 4, "54->47": 5}, "metrics": [1.0, 0.0, 2.0, 2.0, 13.0, 3.0, 0.0, 0.0, 0.0, 0.0, 0.0]}