{"nodelist": ["ClassDeclaration", "{'private', 'static'}", "private", "static", "PrefetchedHeader", "FieldDeclaration", "BasicType", "long", "VariableDeclarator", "offset", "Literal", "-", "1", "FieldDeclaration", "BasicType", "byte", "VariableDeclarator", "header", "ArrayCreator", "BasicType", "byte", "MemberReference", "HConstants", "HFILEBLOCK_HEADER_SIZE", "FieldDeclaration", "{'final'}", "final", "ReferenceType", "ByteBuffer", "VariableDeclarator", "buf", "MethodInvocation", "ByteBuffer", "MemberReference", "header", "Literal", "0", "MemberReference", "HConstants", "HFILEBLOCK_HEADER_SIZE", "wrap", "MethodDeclaration", "{'public'}", "public", "Annotation", "Override", "ReferenceType", "String", "toString", "ReturnStatement", "BinaryOperation", "+", "BinaryOperation", "+", "BinaryOperation", "+", "Literal", "\"offset=\"", "This", "MemberReference", "offset", "Literal", "\", header=\"", "MethodInvocation", "Bytes", "MemberReference", "header", "toStringBinary"], "nodes": {"0": "ClassDeclaration", "1": "Modifier", "2": "private", "3": "static", "4": "PrefetchedHeader", "5": "FieldDeclaration", "6": "BasicType", "7": "long", "8": "VariableDeclarator", "9": "offset", "10": "Literal", "11": "-", "12": "1", "13": "FieldDeclaration", "14": "BasicType", "15": "byte", "16": "VariableDeclarator", "17": "header", "18": "ArrayCreator", "19": "BasicType", "20": "byte", "21": "MemberReference", "22": "HConstants", "23": "HFILEBLOCK_HEADER_SIZE", "24": "FieldDeclaration", "25": "Modifier", "26": "final", "27": "ReferenceType", "28": "ByteBuffer", "29": "VariableDeclarator", "30": "buf", "31": "MethodInvocation", "32": "ByteBuffer", "33": "MemberReference", "34": "header", "35": "Literal", "36": "0", "37": "MemberReference", "38": "HConstants", "39": "HFILEBLOCK_HEADER_SIZE", "40": "wrap", "41": "MethodDeclaration", "42": "Modifier", "43": "public", "44": "Annotation", "45": "Override", "46": "ReferenceType", "47": "String", "48": "toString", "49": "ReturnStatement", "50": "BinaryOperation", "51": "+", "52": "BinaryOperation", "53": "+", "54": "BinaryOperation", "55": "+", "56": "Literal", "57": "\"offset=\"", "58": "This", "59": "MemberReference", "60": "offset", "61": "Literal", "62": "\", header=\"", "63": "MethodInvocation", "64": "Bytes", "65": "MemberReference", "66": "header", "67": "toStringBinary"}, "edges": {"0->1": 0, "1->0": 0, "1->2": 0, "2->1": 0, "1->3": 0, "3->1": 0, "0->4": 0, "4->0": 0, "0->5": 0, "5->0": 0, "5->6": 0, "6->5": 0, "6->7": 0, "7->6": 0, "5->8": 0, "8->5": 0, "8->9": 0, "9->8": 0, "8->10": 0, "10->8": 0, "10->11": 0, "11->10": 0, "10->12": 0, "12->10": 0, "0->13": 0, "13->0": 0, "13->14": 0, "14->13": 0, "14->15": 0, "15->14": 0, "13->16": 0, "16->13": 0, "16->17": 0, "17->16": 0, "16->18": 0, "18->16": 0, "18->19": 0, "19->18": 0, "19->20": 0, "20->19": 0, "18->21": 0, "21->18": 0, "21->22": 0, "22->21": 0, "21->23": 0, "23->21": 0, "0->24": 0, "24->0": 0, "24->25": 0, "25->24": 0, "25->26": 0, "26->25": 0, "24->27": 0, "27->24": 0, "27->28": 0, "28->27": 0, "24->29": 0, "29->24": 0, "29->30": 0, "30->29": 0, "29->31": 0, "31->29": 0, "31->32": 0, "32->31": 0, "31->33": 0, "33->31": 0, "33->34": 0, "34->33": 0, "31->35": 0, "35->31": 0, "35->36": 0, "36->35": 0, "31->37": 0, "37->31": 0, "37->38": 0, "38->37": 0, "37->39": 0, "39->37": 0, "31->40": 0, "40->31": 0, "0->41": 0, "41->0": 0, "41->42": 0, "42->41": 0, "42->43": 0, "43->42": 0, "41->44": 0, "44->41": 0, "44->45": 0, "45->44": 0, "41->46": 0, "46->41": 0, "46->47": 0, "47->46": 0, "41->48": 0, "48->41": 0, "41->49": 0, "49->41": 0, "49->50": 0, "50->49": 0, "50->51": 0, "51->50": 0, "50->52": 0, "52->50": 0, "52->53": 0, "53->52": 0, "52->54": 0, "54->52": 0, "54->55": 0, "55->54": 0, "54->56": 0, "56->54": 0, "56->57": 0, "57->56": 0, "54->58": 0, "58->54": 0, "58->59": 0, "59->58": 0, "59->60": 0, "60->59": 0, "52->61": 0, "61->52": 0, "61->62": 0, "62->61": 0, "50->63": 0, "63->50": 0, "63->64": 0, "64->63": 0, "63->65": 0, "65->63": 0, "65->66": 0, "66->65": 0, "63->67": 0, "67->63": 0, "1->4": 1, "4->1": 12, "4->5": 1, "5->4": 12, "5->13": 1, "13->5": 12, "13->24": 1, "24->13": 12, "24->41": 1, "41->24": 12, "2->3": 2, "3->2": 3, "6->8": 1, "8->6": 12, "9->10": 1, "10->9": 12, "11->12": 2, "12->11": 3, "14->16": 1, "16->14": 12, "17->18": 1, "18->17": 12, "19->21": 1, "21->19": 12, "22->23": 2, "23->22": 3, "25->27": 1, "27->25": 12, "27->29": 1, "29->27": 12, "30->31": 1, "31->30": 12, "32->33": 1, "33->32": 12, "33->35": 1, "35->33": 12, "35->37": 1, "37->35": 12, "37->40": 1, "40->37": 12, "38->39": 2, "39->38": 3, "42->44": 1, "44->42": 12, "44->46": 1, "46->44": 12, "46->48": 1, "48->46": 12, "48->49": 1, "49->48": 12, "51->52": 1, "52->51": 12, "52->63": 1, "63->52": 12, "53->54": 1, "54->53": 12, "54->61": 1, "61->54": 12, "55->56": 1, "56->55": 12, "56->58": 1, "58->56": 12, "64->65": 1, "65->64": 12, "65->67": 1, "67->65": 12, "3->4": 2, "4->3": 3, "4->7": 2, "7->4": 3, "7->9": 2, "9->7": 3, "9->11": 2, "11->9": 3, "12->15": 2, "15->12": 3, "15->17": 2, "17->15": 3, "17->20": 2, "20->17": 3, "20->22": 2, "22->20": 3, "23->26": 2, "26->23": 3, "26->28": 2, "28->26": 3, "28->30": 2, "30->28": 3, "30->32": 2, "32->30": 3, "32->34": 2, "34->32": 3, "34->36": 2, "36->34": 3, "36->38": 2, "38->36": 3, "39->40": 2, "40->39": 3, "40->43": 2, "43->40": 3, "43->45": 2, "45->43": 3, "45->47": 2, "47->45": 3, "47->48": 2, "48->47": 3, "48->51": 2, "51->48": 3, "51->53": 2, "53->51": 3, "53->55": 2, "55->53": 3, "55->57": 2, "57->55": 3, "57->60": 2, "60->57": 3, "60->62": 2, "62->60": 3, "62->64": 2, "64->62": 3, "64->66": 2, "66->64": 3, "66->67": 2, "67->66": 3, "23->39": 4, "39->23": 5, "34->66": 4, "66->34": 5}, "metrics": [3.0, 0.0, 1.0, 1.0, 11.0, 1.0, 0.0, 0.0, 0.0, 2.0, 2.0]}