{"nodelist": ["ClassDeclaration", "{'public'}", "public", "Annotation", "SuppressWarnings", "Literal", "\"serial\"", "Annotation", "InterfaceAudience.Private", "TimeoutIOException", "ConstructorDeclaration", "{'public'}", "public", "TimeoutIOException", "StatementExpression", "SuperConstructorInvocation", "ConstructorDeclaration", "{'public'}", "public", "TimeoutIOException", "FormalParameter", "{'final'}", "final", "ReferenceType", "String", "message", "StatementExpression", "SuperConstructorInvocation", "MemberReference", "message", "ConstructorDeclaration", "{'public'}", "public", "TimeoutIOException", "FormalParameter", "{'final'}", "final", "ReferenceType", "String", "message", "FormalParameter", "{'final'}", "final", "ReferenceType", "Throwable", "t", "StatementExpression", "SuperConstructorInvocation", "MemberReference", "message", "MemberReference", "t", "ConstructorDeclaration", "{'public'}", "public", "TimeoutIOException", "FormalParameter", "{'final'}", "final", "ReferenceType", "Throwable", "t", "StatementExpression", "SuperConstructorInvocation", "MemberReference", "t", "ReferenceType", "IOException"], "nodes": {"0": "ClassDeclaration", "1": "Modifier", "2": "public", "3": "Annotation", "4": "SuppressWarnings", "5": "Literal", "6": "\"serial\"", "7": "Annotation", "8": "InterfaceAudience.Private", "9": "TimeoutIOException", "10": "ConstructorDeclaration", "11": "Modifier", "12": "public", "13": "TimeoutIOException", "14": "StatementExpression", "15": "SuperConstructorInvocation", "16": "ConstructorDeclaration", "17": "Modifier", "18": "public", "19": "TimeoutIOException", "20": "FormalParameter", "21": "Modifier", "22": "final", "23": "ReferenceType", "24": "String", "25": "message", "26": "StatementExpression", "27": "SuperConstructorInvocation", "28": "MemberReference", "29": "message", "30": "ConstructorDeclaration", "31": "Modifier", "32": "public", "33": "TimeoutIOException", "34": "FormalParameter", "35": "Modifier", "36": "final", "37": "ReferenceType", "38": "String", "39": "message", "40": "FormalParameter", "41": "Modifier", "42": "final", "43": "ReferenceType", "44": "Throwable", "45": "t", "46": "StatementExpression", "47": "SuperConstructorInvocation", "48": "MemberReference", "49": "message", "50": "MemberReference", "51": "t", "52": "ConstructorDeclaration", "53": "Modifier", "54": "public", "55": "TimeoutIOException", "56": "FormalParameter", "57": "Modifier", "58": "final", "59": "ReferenceType", "60": "Throwable", "61": "t", "62": "StatementExpression", "63": "SuperConstructorInvocation", "64": "MemberReference", "65": "t", "66": "ReferenceType", "67": "IOException"}, "edges": {"0->1": 0, "1->0": 0, "1->2": 0, "2->1": 0, "0->3": 0, "3->0": 0, "3->4": 0, "4->3": 0, "3->5": 0, "5->3": 0, "5->6": 0, "6->5": 0, "0->7": 0, "7->0": 0, "7->8": 0, "8->7": 0, "0->9": 0, "9->0": 0, "0->10": 0, "10->0": 0, "10->11": 0, "11->10": 0, "11->12": 0, "12->11": 0, "10->13": 0, "13->10": 0, "10->14": 0, "14->10": 0, "14->15": 0, "15->14": 0, "0->16": 0, "16->0": 0, "16->17": 0, "17->16": 0, "17->18": 0, "18->17": 0, "16->19": 0, "19->16": 0, "16->20": 0, "20->16": 0, "20->21": 0, "21->20": 0, "21->22": 0, "22->21": 0, "20->23": 0, "23->20": 0, "23->24": 0, "24->23": 0, "20->25": 0, "25->20": 0, "16->26": 0, "26->16": 0, "26->27": 0, "27->26": 0, "27->28": 0, "28->27": 0, "28->29": 0, "29->28": 0, "0->30": 0, "30->0": 0, "30->31": 0, "31->30": 0, "31->32": 0, "32->31": 0, "30->33": 0, "33->30": 0, "30->34": 0, "34->30": 0, "34->35": 0, "35->34": 0, "35->36": 0, "36->35": 0, "34->37": 0, "37->34": 0, "37->38": 0, "38->37": 0, "34->39": 0, "39->34": 0, "30->40": 0, "40->30": 0, "40->41": 0, "41->40": 0, "41->42": 0, "42->41": 0, "40->43": 0, "43->40": 0, "43->44": 0, "44->43": 0, "40->45": 0, "45->40": 0, "30->46": 0, "46->30": 0, "46->47": 0, "47->46": 0, "47->48": 0, "48->47": 0, "48->49": 0, "49->48": 0, "47->50": 0, "50->47": 0, "50->51": 0, "51->50": 0, "0->52": 0, "52->0": 0, "52->53": 0, "53->52": 0, "53->54": 0, "54->53": 0, "52->55": 0, "55->52": 0, "52->56": 0, "56->52": 0, "56->57": 0, "57->56": 0, "57->58": 0, "58->57": 0, "56->59": 0, "59->56": 0, "59->60": 0, "60->59": 0, "56->61": 0, "61->56": 0, "52->62": 0, "62->52": 0, "62->63": 0, "63->62": 0, "63->64": 0, "64->63": 0, "64->65": 0, "65->64": 0, "0->66": 0, "66->0": 0, "66->67": 0, "67->66": 0, "1->3": 1, "3->1": 12, "3->7": 1, "7->3": 12, "7->9": 1, "9->7": 12, "9->10": 1, "10->9": 12, "10->16": 1, "16->10": 12, "16->30": 1, "30->16": 12, "30->52": 1, "52->30": 12, "52->66": 1, "66->52": 12, "4->5": 1, "5->4": 12, "11->13": 1, "13->11": 12, "13->14": 1, "14->13": 12, "17->19": 1, "19->17": 12, "19->20": 1, "20->19": 12, "20->26": 1, "26->20": 12, "21->23": 1, "23->21": 12, "23->25": 1, "25->23": 12, "31->33": 1, "33->31": 12, "33->34": 1, "34->33": 12, "34->40": 1, "40->34": 12, "40->46": 1, "46->40": 12, "35->37": 1, "37->35": 12, "37->39": 1, "39->37": 12, "41->43": 1, "43->41": 12, "43->45": 1, "45->43": 12, "48->50": 1, "50->48": 12, "53->55": 1, "55->53": 12, "55->56": 1, "56->55": 12, "56->62": 1, "62->56": 12, "57->59": 1, "59->57": 12, "59->61": 1, "61->59": 12, "2->4": 2, "4->2": 3, "4->6": 2, "6->4": 3, "6->8": 2, "8->6": 3, "8->9": 2, "9->8": 3, "9->12": 2, "12->9": 3, "12->13": 2, "13->12": 3, "13->15": 2, "15->13": 3, "15->18": 2, "18->15": 3, "18->19": 2, "19->18": 3, "19->22": 2, "22->19": 3, "22->24": 2, "24->22": 3, "24->25": 2, "25->24": 3, "25->29": 2, "29->25": 3, "29->32": 2, "32->29": 3, "32->33": 2, "33->32": 3, "33->36": 2, "36->33": 3, "36->38": 2, "38->36": 3, "38->39": 2, "39->38": 3, "39->42": 2, "42->39": 3, "42->44": 2, "44->42": 3, "44->45": 2, "45->44": 3, "45->49": 2, "49->45": 3, "49->51": 2, "51->49": 3, "51->54": 2, "54->51": 3, "54->55": 2, "55->54": 3, "55->58": 2, "58->55": 3, "58->60": 2, "60->58": 3, "60->61": 2, "61->60": 3, "61->65": 2, "65->61": 3, "65->67": 2, "67->65": 3, "29->49": 4, "49->29": 5, "51->65": 4, "65->51": 5}, "metrics": [0.0, 0.0, 4.0, 4.0, 17.0, 4.0, 0.0, 0.0, -1.0, 1.0, 0.0]}