{"nodelist": ["ClassDeclaration", "{'public'}", "public", "Annotation", "InterfaceAudience.Private", "MetricsHBaseServerSourceFactoryImpl", "EnumDeclaration", "{'private', 'static'}", "private", "static", "SourceStorage", "EnumBody", "EnumConstantDeclaration", "INSTANCE", "FieldDeclaration", "ReferenceType", "HashMap", "TypeArgument", "ReferenceType", "String", "TypeArgument", "ReferenceType", "MetricsHBaseServerSource", "VariableDeclarator", "sources", "ClassCreator", "ReferenceType", "HashMap", "TypeArgument", "ReferenceType", "String", "TypeArgument", "ReferenceType", "MetricsHBaseServerSource", "MethodDeclaration", "{'public'}", "public", "Annotation", "Override", "ReferenceType", "MetricsHBaseServerSource", "create", "FormalParameter", "ReferenceType", "String", "serverName", "FormalParameter", "ReferenceType", "MetricsHBaseServerWrapper", "wrapper", "ReturnStatement", "MethodInvocation", "MemberReference", "serverName", "MemberReference", "wrapper", "getSource", "MethodDeclaration", "{'synchronized', 'private', 'static'}", "synchronized", "private", "static", "ReferenceType", "MetricsHBaseServerSource", "getSource", "FormalParameter", "ReferenceType", "String", "serverName", "FormalParameter", "ReferenceType", "MetricsHBaseServerWrapper", "wrapper", "LocalVariableDeclaration", "ReferenceType", "String", "VariableDeclarator", "context", "MethodInvocation", "MemberReference", "serverName", "createContextName", "LocalVariableDeclaration", "ReferenceType", "MetricsHBaseServerSource", "VariableDeclarator", "source", "MethodInvocation", "SourceStorage.INSTANCE.sources", "MemberReference", "context", "get", "IfStatement", "BinaryOperation", "==", "MemberReference", "source", "Literal", "null", "BlockStatement", "StatementExpression", "Assignment", "MemberReference", "source", "ClassCreator", "ReferenceType", "MetricsHBaseServerSourceImpl", "MemberReference", "METRICS_NAME", "MemberReference", "METRICS_DESCRIPTION", "MethodInvocation", "context", "toLowerCase", "BinaryOperation", "+", "MemberReference", "context", "MemberReference", "METRICS_JMX_CONTEXT_SUFFIX", "MemberReference", "wrapper", "=", "StatementExpression", "MethodInvocation", "SourceStorage.INSTANCE.sources", "MemberReference", "context", "MemberReference", "source", "put", "ReturnStatement", "MemberReference", "source", "ReferenceType", "MetricsHBaseServerSourceFactory"], "nodes": {"0": "ClassDeclaration", "1": "Modifier", "2": "public", "3": "Annotation", "4": "InterfaceAudience.Private", "5": "MetricsHBaseServerSourceFactoryImpl", "6": "EnumDeclaration", "7": "Modifier", "8": "private", "9": "static", "10": "SourceStorage", "11": "EnumBody", "12": "EnumConstantDeclaration", "13": "INSTANCE", "14": "FieldDeclaration", "15": "ReferenceType", "16": "HashMap", "17": "TypeArgument", "18": "ReferenceType", "19": "String", "20": "TypeArgument", "21": "ReferenceType", "22": "MetricsHBaseServerSource", "23": "VariableDeclarator", "24": "sources", "25": "ClassCreator", "26": "ReferenceType", "27": "HashMap", "28": "TypeArgument", "29": "ReferenceType", "30": "String", "31": "TypeArgument", "32": "ReferenceType", "33": "MetricsHBaseServerSource", "34": "MethodDeclaration", "35": "Modifier", "36": "public", "37": "Annotation", "38": "Override", "39": "ReferenceType", "40": "MetricsHBaseServerSource", "41": "create", "42": "FormalParameter", "43": "ReferenceType", "44": "String", "45": "serverName", "46": "FormalParameter", "47": "ReferenceType", "48": "MetricsHBaseServerWrapper", "49": "wrapper", "50": "ReturnStatement", "51": "MethodInvocation", "52": "MemberReference", "53": "serverName", "54": "MemberReference", "55": "wrapper", "56": "getSource", "57": "MethodDeclaration", "58": "Modifier", "59": "synchronized", "60": "private", "61": "static", "62": "ReferenceType", "63": "MetricsHBaseServerSource", "64": "getSource", "65": "FormalParameter", "66": "ReferenceType", "67": "String", "68": "serverName", "69": "FormalParameter", "70": "ReferenceType", "71": "MetricsHBaseServerWrapper", "72": "wrapper", "73": "LocalVariableDeclaration", "74": "ReferenceType", "75": "String", "76": "VariableDeclarator", "77": "context", "78": "MethodInvocation", "79": "MemberReference", "80": "serverName", "81": "createContextName", "82": "LocalVariableDeclaration", "83": "ReferenceType", "84": "MetricsHBaseServerSource", "85": "VariableDeclarator", "86": "source", "87": "MethodInvocation", "88": "SourceStorage.INSTANCE.sources", "89": "MemberReference", "90": "context", "91": "get", "92": "IfStatement", "93": "BinaryOperation", "94": "==", "95": "MemberReference", "96": "source", "97": "Literal", "98": "null", "99": "BlockStatement", "100": "StatementExpression", "101": "Assignment", "102": "MemberReference", "103": "source", "104": "ClassCreator", "105": "ReferenceType", "106": "MetricsHBaseServerSourceImpl", "107": "MemberReference", "108": "METRICS_NAME", "109": "MemberReference", "110": "METRICS_DESCRIPTION", "111": "MethodInvocation", "112": "context", "113": "toLowerCase", "114": "BinaryOperation", "115": "+", "116": "MemberReference", "117": "context", "118": "MemberReference", "119": "METRICS_JMX_CONTEXT_SUFFIX", "120": "MemberReference", "121": "wrapper", "122": "=", "123": "StatementExpression", "124": "MethodInvocation", "125": "SourceStorage.INSTANCE.sources", "126": "MemberReference", "127": "context", "128": "MemberReference", "129": "source", "130": "put", "131": "ReturnStatement", "132": "MemberReference", "133": "source", "134": "ReferenceType", "135": "MetricsHBaseServerSourceFactory"}, "edges": {"0->1": 0, "1->0": 0, "1->2": 0, "2->1": 0, "0->3": 0, "3->0": 0, "3->4": 0, "4->3": 0, "0->5": 0, "5->0": 0, "0->6": 0, "6->0": 0, "6->7": 0, "7->6": 0, "7->8": 0, "8->7": 0, "7->9": 0, "9->7": 0, "6->10": 0, "10->6": 0, "6->11": 0, "11->6": 0, "11->12": 0, "12->11": 0, "12->13": 0, "13->12": 0, "11->14": 0, "14->11": 0, "14->15": 0, "15->14": 0, "15->16": 0, "16->15": 0, "15->17": 0, "17->15": 0, "17->18": 0, "18->17": 0, "18->19": 0, "19->18": 0, "15->20": 0, "20->15": 0, "20->21": 0, "21->20": 0, "21->22": 0, "22->21": 0, "14->23": 0, "23->14": 0, "23->24": 0, "24->23": 0, "23->25": 0, "25->23": 0, "25->26": 0, "26->25": 0, "26->27": 0, "27->26": 0, "26->28": 0, "28->26": 0, "28->29": 0, "29->28": 0, "29->30": 0, "30->29": 0, "26->31": 0, "31->26": 0, "31->32": 0, "32->31": 0, "32->33": 0, "33->32": 0, "0->34": 0, "34->0": 0, "34->35": 0, "35->34": 0, "35->36": 0, "36->35": 0, "34->37": 0, "37->34": 0, "37->38": 0, "38->37": 0, "34->39": 0, "39->34": 0, "39->40": 0, "40->39": 0, "34->41": 0, "41->34": 0, "34->42": 0, "42->34": 0, "42->43": 0, "43->42": 0, "43->44": 0, "44->43": 0, "42->45": 0, "45->42": 0, "34->46": 0, "46->34": 0, "46->47": 0, "47->46": 0, "47->48": 0, "48->47": 0, "46->49": 0, "49->46": 0, "34->50": 0, "50->34": 0, "50->51": 0, "51->50": 0, "51->52": 0, "52->51": 0, "52->53": 0, "53->52": 0, "51->54": 0, "54->51": 0, "54->55": 0, "55->54": 0, "51->56": 0, "56->51": 0, "0->57": 0, "57->0": 0, "57->58": 0, "58->57": 0, "58->59": 0, "59->58": 0, "58->60": 0, "60->58": 0, "58->61": 0, "61->58": 0, "57->62": 0, "62->57": 0, "62->63": 0, "63->62": 0, "57->64": 0, "64->57": 0, "57->65": 0, "65->57": 0, "65->66": 0, "66->65": 0, "66->67": 0, "67->66": 0, "65->68": 0, "68->65": 0, "57->69": 0, "69->57": 0, "69->70": 0, "70->69": 0, "70->71": 0, "71->70": 0, "69->72": 0, "72->69": 0, "57->73": 0, "73->57": 0, "73->74": 0, "74->73": 0, "74->75": 0, "75->74": 0, "73->76": 0, "76->73": 0, "76->77": 0, "77->76": 0, "76->78": 0, "78->76": 0, "78->79": 0, "79->78": 0, "79->80": 0, "80->79": 0, "78->81": 0, "81->78": 0, "57->82": 0, "82->57": 0, "82->83": 0, "83->82": 0, "83->84": 0, "84->83": 0, "82->85": 0, "85->82": 0, "85->86": 0, "86->85": 0, "85->87": 0, "87->85": 0, "87->88": 0, "88->87": 0, "87->89": 0, "89->87": 0, "89->90": 0, "90->89": 0, "87->91": 0, "91->87": 0, "57->92": 0, "92->57": 0, "92->93": 0, "93->92": 0, "93->94": 0, "94->93": 0, "93->95": 0, "95->93": 0, "95->96": 0, "96->95": 0, "93->97": 0, "97->93": 0, "97->98": 0, "98->97": 0, "92->99": 0, "99->92": 0, "99->100": 0, "100->99": 0, "100->101": 0, "101->100": 0, "101->102": 0, "102->101": 0, "102->103": 0, "103->102": 0, "101->104": 0, "104->101": 0, "104->105": 0, "105->104": 0, "105->106": 0, "106->105": 0, "104->107": 0, "107->104": 0, "107->108": 0, "108->107": 0, "104->109": 0, "109->104": 0, "109->110": 0, "110->109": 0, "104->111": 0, "111->104": 0, "111->112": 0, "112->111": 0, "111->113": 0, "113->111": 0, "104->114": 0, "114->104": 0, "114->115": 0, "115->114": 0, "114->116": 0, "116->114": 0, "116->117": 0, "117->116": 0, "114->118": 0, "118->114": 0, "118->119": 0, "119->118": 0, "104->120": 0, "120->104": 0, "120->121": 0, "121->120": 0, "101->122": 0, "122->101": 0, "99->123": 0, "123->99": 0, "123->124": 0, "124->123": 0, "124->125": 0, "125->124": 0, "124->126": 0, "126->124": 0, "126->127": 0, "127->126": 0, "124->128": 0, "128->124": 0, "128->129": 0, "129->128": 0, "124->130": 0, "130->124": 0, "57->131": 0, "131->57": 0, "131->132": 0, "132->131": 0, "132->133": 0, "133->132": 0, "0->134": 0, "134->0": 0, "134->135": 0, "135->134": 0, "1->3": 1, "3->1": 12, "3->5": 1, "5->3": 12, "5->6": 1, "6->5": 12, "6->34": 1, "34->6": 12, "34->57": 1, "57->34": 12, "57->134": 1, "134->57": 12, "7->10": 1, "10->7": 12, "10->11": 1, "11->10": 12, "8->9": 2, "9->8": 3, "12->14": 1, "14->12": 12, "15->23": 1, "23->15": 12, "16->17": 1, "17->16": 12, "17->20": 1, "20->17": 12, "24->25": 1, "25->24": 12, "27->28": 1, "28->27": 12, "28->31": 1, "31->28": 12, "35->37": 1, "37->35": 12, "37->39": 1, "39->37": 12, "39->41": 1, "41->39": 12, "41->42": 1, "42->41": 12, "42->46": 1, "46->42": 12, "46->50": 1, "50->46": 12, "43->45": 1, "45->43": 12, "47->49": 1, "49->47": 12, "52->54": 1, "54->52": 12, "54->56": 1, "56->54": 12, "58->62": 1, "62->58": 12, "62->64": 1, "64->62": 12, "64->65": 1, "65->64": 12, "65->69": 1, "69->65": 12, "69->73": 1, "73->69": 12, "73->82": 1, "82->73": 12, "82->92": 1, "92->82": 12, "92->131": 1, "131->92": 12, "59->60": 2, "60->59": 3, "60->61": 2, "61->60": 3, "66->68": 1, "68->66": 12, "70->72": 1, "72->70": 12, "74->76": 1, "76->74": 12, "77->78": 1, "78->77": 12, "79->81": 1, "81->79": 12, "83->85": 1, "85->83": 12, "86->87": 1, "87->86": 12, "88->89": 1, "89->88": 12, "89->91": 1, "91->89": 12, "93->99": 6, "99->93": 6, "94->95": 1, "95->94": 12, "95->97": 1, "97->95": 12, "100->123": 10, "123->100": 11, "102->104": 1, "104->102": 12, "104->122": 1, "122->104": 12, "105->107": 1, "107->105": 12, "107->109": 1, "109->107": 12, "109->111": 1, "111->109": 12, "111->114": 1, "114->111": 12, "114->120": 1, "120->114": 12, "112->113": 2, "113->112": 3, "115->116": 1, "116->115": 12, "116->118": 1, "118->116": 12, "125->126": 1, "126->125": 12, "126->128": 1, "128->126": 12, "128->130": 1, "130->128": 12, "2->4": 2, "4->2": 3, "4->5": 2, "5->4": 3, "5->8": 2, "8->5": 3, "9->10": 2, "10->9": 3, "10->13": 2, "13->10": 3, "13->16": 2, "16->13": 3, "16->19": 2, "19->16": 3, "19->22": 2, "22->19": 3, "22->24": 2, "24->22": 3, "24->27": 2, "27->24": 3, "27->30": 2, "30->27": 3, "30->33": 2, "33->30": 3, "33->36": 2, "36->33": 3, "36->38": 2, "38->36": 3, "38->40": 2, "40->38": 3, "40->41": 2, "41->40": 3, "41->44": 2, "44->41": 3, "44->45": 2, "45->44": 3, "45->48": 2, "48->45": 3, "48->49": 2, "49->48": 3, "49->53": 2, "53->49": 3, "53->55": 2, "55->53": 3, "55->56": 2, "56->55": 3, "56->59": 2, "59->56": 3, "61->63": 2, "63->61": 3, "63->64": 2, "64->63": 3, "64->67": 2, "67->64": 3, "67->68": 2, "68->67": 3, "68->71": 2, "71->68": 3, "71->72": 2, "72->71": 3, "72->75": 2, "75->72": 3, "75->77": 2, "77->75": 3, "77->80": 2, "80->77": 3, "80->81": 2, "81->80": 3, "81->84": 2, "84->81": 3, "84->86": 2, "86->84": 3, "86->88": 2, "88->86": 3, "88->90": 2, "90->88": 3, "90->91": 2, "91->90": 3, "91->94": 2, "94->91": 3, "94->96": 2, "96->94": 3, "96->98": 2, "98->96": 3, "98->103": 2, "103->98": 3, "103->106": 2, "106->103": 3, "106->108": 2, "108->106": 3, "108->110": 2, "110->108": 3, "110->112": 2, "112->110": 3, "113->115": 2, "115->113": 3, "115->117": 2, "117->115": 3, "117->119": 2, "119->117": 3, "119->121": 2, "121->119": 3, "121->122": 2, "122->121": 3, "122->125": 2, "125->122": 3, "125->127": 2, "127->125": 3, "127->129": 2, "129->127": 3, "129->130": 2, "130->129": 3, "130->133": 2, "133->130": 3, "133->135": 2, "135->133": 3, "53->80": 4, "80->53": 5, "55->121": 4, "121->55": 5, "90->117": 4, "117->90": 5, "117->127": 4, "127->117": 5, "96->103": 4, "103->96": 5, "103->129": 4, "129->103": 5, "129->133": 4, "133->129": 5}, "metrics": [1.0, 0.0, 2.0, 1.0, 16.0, 3.0, 0.0, 1.0, 0.0, 1.0, 3.0]}