{"nodelist": ["ClassDeclaration", "{'public'}", "public", "Annotation", "Deprecated", "Annotation", "InterfaceAudience.Public", "Annotation", "InterfaceStability.Stable", "Driver", "MethodDeclaration", "{'public', 'static'}", "public", "static", "main", "FormalParameter", "ReferenceType", "String", "args", "Throwable", "LocalVariableDeclaration", "ReferenceType", "ProgramDriver", "VariableDeclarator", "pgd", "ClassCreator", "ReferenceType", "ProgramDriver", "StatementExpression", "MethodInvocation", "pgd", "MemberReference", "RowCounter", "NAME", "ClassReference", "ReferenceType", "RowCounter", "Literal", "\"Count rows in HBase table\"", "addClass", "StatementExpression", "ClassReference", "MethodInvocation", "Literal", "\"driver\"", "ArrayCreator", "ReferenceType", "Class", "ArrayInitializer", "ClassReference", "ReferenceType", "String", "getMethod", "MethodInvocation", "MemberReference", "pgd", "ArrayCreator", "ReferenceType", "Object", "ArrayInitializer", "MemberReference", "args", "invoke", "ReferenceType", "ProgramDriver"], "nodes": {"0": "ClassDeclaration", "1": "Modifier", "2": "public", "3": "Annotation", "4": "Deprecated", "5": "Annotation", "6": "InterfaceAudience.Public", "7": "Annotation", "8": "InterfaceStability.Stable", "9": "Driver", "10": "MethodDeclaration", "11": "Modifier", "12": "public", "13": "static", "14": "main", "15": "FormalParameter", "16": "ReferenceType", "17": "String", "18": "args", "19": "Throwable", "20": "LocalVariableDeclaration", "21": "ReferenceType", "22": "ProgramDriver", "23": "VariableDeclarator", "24": "pgd", "25": "ClassCreator", "26": "ReferenceType", "27": "ProgramDriver", "28": "StatementExpression", "29": "MethodInvocation", "30": "pgd", "31": "MemberReference", "32": "RowCounter", "33": "NAME", "34": "ClassReference", "35": "ReferenceType", "36": "RowCounter", "37": "Literal", "38": "\"Count rows in HBase table\"", "39": "addClass", "40": "StatementExpression", "41": "ClassReference", "42": "MethodInvocation", "43": "Literal", "44": "\"driver\"", "45": "ArrayCreator", "46": "ReferenceType", "47": "Class", "48": "ArrayInitializer", "49": "ClassReference", "50": "ReferenceType", "51": "String", "52": "getMethod", "53": "MethodInvocation", "54": "MemberReference", "55": "pgd", "56": "ArrayCreator", "57": "ReferenceType", "58": "Object", "59": "ArrayInitializer", "60": "MemberReference", "61": "args", "62": "invoke", "63": "ReferenceType", "64": "ProgramDriver"}, "edges": {"0->1": 0, "1->0": 0, "1->2": 0, "2->1": 0, "0->3": 0, "3->0": 0, "3->4": 0, "4->3": 0, "0->5": 0, "5->0": 0, "5->6": 0, "6->5": 0, "0->7": 0, "7->0": 0, "7->8": 0, "8->7": 0, "0->9": 0, "9->0": 0, "0->10": 0, "10->0": 0, "10->11": 0, "11->10": 0, "11->12": 0, "12->11": 0, "11->13": 0, "13->11": 0, "10->14": 0, "14->10": 0, "10->15": 0, "15->10": 0, "15->16": 0, "16->15": 0, "16->17": 0, "17->16": 0, "15->18": 0, "18->15": 0, "10->19": 0, "19->10": 0, "10->20": 0, "20->10": 0, "20->21": 0, "21->20": 0, "21->22": 0, "22->21": 0, "20->23": 0, "23->20": 0, "23->24": 0, "24->23": 0, "23->25": 0, "25->23": 0, "25->26": 0, "26->25": 0, "26->27": 0, "27->26": 0, "10->28": 0, "28->10": 0, "28->29": 0, "29->28": 0, "29->30": 0, "30->29": 0, "29->31": 0, "31->29": 0, "31->32": 0, "32->31": 0, "31->33": 0, "33->31": 0, "29->34": 0, "34->29": 0, "34->35": 0, "35->34": 0, "35->36": 0, "36->35": 0, "29->37": 0, "37->29": 0, "37->38": 0, "38->37": 0, "29->39": 0, "39->29": 0, "10->40": 0, "40->10": 0, "40->41": 0, "41->40": 0, "41->42": 0, "42->41": 0, "42->43": 0, "43->42": 0, "43->44": 0, "44->43": 0, "42->45": 0, "45->42": 0, "45->46": 0, "46->45": 0, "46->47": 0, "47->46": 0, "45->48": 0, "48->45": 0, "48->49": 0, "49->48": 0, "49->50": 0, "50->49": 0, "50->51": 0, "51->50": 0, "42->52": 0, "52->42": 0, "41->53": 0, "53->41": 0, "53->54": 0, "54->53": 0, "54->55": 0, "55->54": 0, "53->56": 0, "56->53": 0, "56->57": 0, "57->56": 0, "57->58": 0, "58->57": 0, "56->59": 0, "59->56": 0, "59->60": 0, "60->59": 0, "60->61": 0, "61->60": 0, "53->62": 0, "62->53": 0, "41->63": 0, "63->41": 0, "63->64": 0, "64->63": 0, "1->3": 1, "3->1": 12, "3->5": 1, "5->3": 12, "5->7": 1, "7->5": 12, "7->9": 1, "9->7": 12, "9->10": 1, "10->9": 12, "11->14": 1, "14->11": 12, "14->15": 1, "15->14": 12, "15->19": 1, "19->15": 12, "19->20": 1, "20->19": 12, "20->28": 1, "28->20": 12, "28->40": 1, "40->28": 12, "12->13": 2, "13->12": 3, "16->18": 1, "18->16": 12, "21->23": 1, "23->21": 12, "24->25": 1, "25->24": 12, "30->31": 1, "31->30": 12, "31->34": 1, "34->31": 12, "34->37": 1, "37->34": 12, "37->39": 1, "39->37": 12, "32->33": 2, "33->32": 3, "42->53": 1, "53->42": 12, "53->63": 1, "63->53": 12, "43->45": 1, "45->43": 12, "45->52": 1, "52->45": 12, "46->48": 1, "48->46": 12, "54->56": 1, "56->54": 12, "56->62": 1, "62->56": 12, "57->59": 1, "59->57": 12, "2->4": 2, "4->2": 3, "4->6": 2, "6->4": 3, "6->8": 2, "8->6": 3, "8->9": 2, "9->8": 3, "9->12": 2, "12->9": 3, "13->14": 2, "14->13": 3, "14->17": 2, "17->14": 3, "17->18": 2, "18->17": 3, "18->19": 2, "19->18": 3, "19->22": 2, "22->19": 3, "22->24": 2, "24->22": 3, "24->27": 2, "27->24": 3, "27->30": 2, "30->27": 3, "30->32": 2, "32->30": 3, "33->36": 2, "36->33": 3, "36->38": 2, "38->36": 3, "38->39": 2, "39->38": 3, "39->44": 2, "44->39": 3, "44->47": 2, "47->44": 3, "47->51": 2, "51->47": 3, "51->52": 2, "52->51": 3, "52->55": 2, "55->52": 3, "55->58": 2, "58->55": 3, "58->61": 2, "61->58": 3, "61->62": 2, "62->61": 3, "62->64": 2, "64->62": 3}, "metrics": [0.0, 0.0, 1.0, 1.0, 14.0, 1.0, 0.0, 0.0, -1.0, 0.0, 1.0]}