{"nodelist": ["ClassDeclaration", "{'public'}", "public", "Annotation", "InterfaceAudience.Private", "UnsafeAvailChecker", "FieldDeclaration", "{'final', 'private', 'static'}", "final", "private", "static", "ReferenceType", "String", "VariableDeclarator", "CLASS_NAME", "Literal", "\"sun.misc.Unsafe\"", "FieldDeclaration", "{'final', 'private', 'static'}", "final", "private", "static", "ReferenceType", "Log", "VariableDeclarator", "LOG", "MethodInvocation", "LogFactory", "ClassReference", "ReferenceType", "UnsafeAvailChecker", "getLog", "FieldDeclaration", "{'private', 'static'}", "private", "static", "BasicType", "boolean", "VariableDeclarator", "avail", "Literal", "false", "FieldDeclaration", "{'private', 'static'}", "private", "static", "BasicType", "boolean", "VariableDeclarator", "unaligned", "Literal", "false", "StatementExpression", "Assignment", "MemberReference", "avail", "MethodInvocation", "AccessController", "ClassCreator", "ReferenceType", "PrivilegedAction", "TypeArgument", "ReferenceType", "Boolean", "MethodDeclaration", "{'public'}", "public", "Annotation", "Override", "ReferenceType", "Boolean", "run", "TryStatement", "LocalVariableDeclaration", "ReferenceType", "Class", "TypeArgument", "?", "VariableDeclarator", "clazz", "MethodInvocation", "Class", "MemberReference", "CLASS_NAME", "forName", "LocalVariableDeclaration", "ReferenceType", "Field", "VariableDeclarator", "f", "MethodInvocation", "clazz", "Literal", "\"theUnsafe\"", "getDeclaredField", "StatementExpression", "MethodInvocation", "f", "Literal", "true", "setAccessible", "ReturnStatement", "BinaryOperation", "!=", "MethodInvocation", "f", "Literal", "null", "get", "Literal", "null", "CatchClause", "CatchClauseParameter", "Throwable", "e", "StatementExpression", "MethodInvocation", "LOG", "Literal", "\"sun.misc.Unsafe is not available/accessible\"", "MemberReference", "e", "warn", "ReturnStatement", "Literal", "false", "doPrivileged", "=", "IfStatement", "MemberReference", "avail", "BlockStatement", "TryStatement", "LocalVariableDeclaration", "ReferenceType", "Class", "TypeArgument", "?", "VariableDeclarator", "clazz", "MethodInvocation", "Class", "Literal", "\"java.nio.Bits\"", "forName", "LocalVariableDeclaration", "ReferenceType", "Method", "VariableDeclarator", "m", "MethodInvocation", "clazz", "Literal", "\"unaligned\"", "getDeclaredMethod", "StatementExpression", "MethodInvocation", "m", "Literal", "true", "setAccessible", "StatementExpression", "Assignment", "MemberReference", "unaligned", "Cast", "BasicType", "boolean", "MethodInvocation", "m", "Literal", "null", "invoke", "=", "CatchClause", "CatchClauseParameter", "Exception", "e", "StatementExpression", "MethodInvocation", "LOG", "BinaryOperation", "+", "Literal", "\"java.nio.Bits#unaligned() check failed.\"", "Literal", "\"Unsafe based read/write of primitive types won't be used\"", "MemberReference", "e", "warn", "MethodDeclaration", "{'public', 'static'}", "public", "static", "BasicType", "boolean", "isAvailable", "ReturnStatement", "MemberReference", "avail", "MethodDeclaration", "{'public', 'static'}", "public", "static", "BasicType", "boolean", "unaligned", "ReturnStatement", "MemberReference", "unaligned", "ConstructorDeclaration", "{'private'}", "private", "UnsafeAvailChecker"], "nodes": {"0": "ClassDeclaration", "1": "Modifier", "2": "public", "3": "Annotation", "4": "InterfaceAudience.Private", "5": "UnsafeAvailChecker", "6": "FieldDeclaration", "7": "Modifier", "8": "final", "9": "private", "10": "static", "11": "ReferenceType", "12": "String", "13": "VariableDeclarator", "14": "CLASS_NAME", "15": "Literal", "16": "\"sun.misc.Unsafe\"", "17": "FieldDeclaration", "18": "Modifier", "19": "final", "20": "private", "21": "static", "22": "ReferenceType", "23": "Log", "24": "VariableDeclarator", "25": "LOG", "26": "MethodInvocation", "27": "LogFactory", "28": "ClassReference", "29": "ReferenceType", "30": "UnsafeAvailChecker", "31": "getLog", "32": "FieldDeclaration", "33": "Modifier", "34": "private", "35": "static", "36": "BasicType", "37": "boolean", "38": "VariableDeclarator", "39": "avail", "40": "Literal", "41": "false", "42": "FieldDeclaration", "43": "Modifier", "44": "private", "45": "static", "46": "BasicType", "47": "boolean", "48": "VariableDeclarator", "49": "unaligned", "50": "Literal", "51": "false", "52": "StatementExpression", "53": "Assignment", "54": "MemberReference", "55": "avail", "56": "MethodInvocation", "57": "AccessController", "58": "ClassCreator", "59": "ReferenceType", "60": "PrivilegedAction", "61": "TypeArgument", "62": "ReferenceType", "63": "Boolean", "64": "MethodDeclaration", "65": "Modifier", "66": "public", "67": "Annotation", "68": "Override", "69": "ReferenceType", "70": "Boolean", "71": "run", "72": "TryStatement", "73": "LocalVariableDeclaration", "74": "ReferenceType", "75": "Class", "76": "TypeArgument", "77": "?", "78": "VariableDeclarator", "79": "clazz", "80": "MethodInvocation", "81": "Class", "82": "MemberReference", "83": "CLASS_NAME", "84": "forName", "85": "LocalVariableDeclaration", "86": "ReferenceType", "87": "Field", "88": "VariableDeclarator", "89": "f", "90": "MethodInvocation", "91": "clazz", "92": "Literal", "93": "\"theUnsafe\"", "94": "getDeclaredField", "95": "StatementExpression", "96": "MethodInvocation", "97": "f", "98": "Literal", "99": "true", "100": "setAccessible", "101": "ReturnStatement", "102": "BinaryOperation", "103": "!=", "104": "MethodInvocation", "105": "f", "106": "Literal", "107": "null", "108": "get", "109": "Literal", "110": "null", "111": "CatchClause", "112": "CatchClauseParameter", "113": "Throwable", "114": "e", "115": "StatementExpression", "116": "MethodInvocation", "117": "LOG", "118": "Literal", "119": "\"sun.misc.Unsafe is not available/accessible\"", "120": "MemberReference", "121": "e", "122": "warn", "123": "ReturnStatement", "124": "Literal", "125": "false", "126": "doPrivileged", "127": "=", "128": "IfStatement", "129": "MemberReference", "130": "avail", "131": "BlockStatement", "132": "TryStatement", "133": "LocalVariableDeclaration", "134": "ReferenceType", "135": "Class", "136": "TypeArgument", "137": "?", "138": "VariableDeclarator", "139": "clazz", "140": "MethodInvocation", "141": "Class", "142": "Literal", "143": "\"java.nio.Bits\"", "144": "forName", "145": "LocalVariableDeclaration", "146": "ReferenceType", "147": "Method", "148": "VariableDeclarator", "149": "m", "150": "MethodInvocation", "151": "clazz", "152": "Literal", "153": "\"unaligned\"", "154": "getDeclaredMethod", "155": "StatementExpression", "156": "MethodInvocation", "157": "m", "158": "Literal", "159": "true", "160": "setAccessible", "161": "StatementExpression", "162": "Assignment", "163": "MemberReference", "164": "unaligned", "165": "Cast", "166": "BasicType", "167": "boolean", "168": "MethodInvocation", "169": "m", "170": "Literal", "171": "null", "172": "invoke", "173": "=", "174": "CatchClause", "175": "CatchClauseParameter", "176": "Exception", "177": "e", "178": "StatementExpression", "179": "MethodInvocation", "180": "LOG", "181": "BinaryOperation", "182": "+", "183": "Literal", "184": "\"java.nio.Bits#unaligned() check failed.\"", "185": "Literal", "186": "\"Unsafe based read/write of primitive types won't be used\"", "187": "MemberReference", "188": "e", "189": "warn", "190": "MethodDeclaration", "191": "Modifier", "192": "public", "193": "static", "194": "BasicType", "195": "boolean", "196": "isAvailable", "197": "ReturnStatement", "198": "MemberReference", "199": "avail", "200": "MethodDeclaration", "201": "Modifier", "202": "public", "203": "static", "204": "BasicType", "205": "boolean", "206": "unaligned", "207": "ReturnStatement", "208": "MemberReference", "209": "unaligned", "210": "ConstructorDeclaration", "211": "Modifier", "212": "private", "213": "UnsafeAvailChecker"}, "edges": {"0->1": 0, "1->0": 0, "1->2": 0, "2->1": 0, "0->3": 0, "3->0": 0, "3->4": 0, "4->3": 0, "0->5": 0, "5->0": 0, "0->6": 0, "6->0": 0, "6->7": 0, "7->6": 0, "7->8": 0, "8->7": 0, "7->9": 0, "9->7": 0, "7->10": 0, "10->7": 0, "6->11": 0, "11->6": 0, "11->12": 0, "12->11": 0, "6->13": 0, "13->6": 0, "13->14": 0, "14->13": 0, "13->15": 0, "15->13": 0, "15->16": 0, "16->15": 0, "0->17": 0, "17->0": 0, "17->18": 0, "18->17": 0, "18->19": 0, "19->18": 0, "18->20": 0, "20->18": 0, "18->21": 0, "21->18": 0, "17->22": 0, "22->17": 0, "22->23": 0, "23->22": 0, "17->24": 0, "24->17": 0, "24->25": 0, "25->24": 0, "24->26": 0, "26->24": 0, "26->27": 0, "27->26": 0, "26->28": 0, "28->26": 0, "28->29": 0, "29->28": 0, "29->30": 0, "30->29": 0, "26->31": 0, "31->26": 0, "0->32": 0, "32->0": 0, "32->33": 0, "33->32": 0, "33->34": 0, "34->33": 0, "33->35": 0, "35->33": 0, "32->36": 0, "36->32": 0, "36->37": 0, "37->36": 0, "32->38": 0, "38->32": 0, "38->39": 0, "39->38": 0, "38->40": 0, "40->38": 0, "40->41": 0, "41->40": 0, "0->42": 0, "42->0": 0, "42->43": 0, "43->42": 0, "43->44": 0, "44->43": 0, "43->45": 0, "45->43": 0, "42->46": 0, "46->42": 0, "46->47": 0, "47->46": 0, "42->48": 0, "48->42": 0, "48->49": 0, "49->48": 0, "48->50": 0, "50->48": 0, "50->51": 0, "51->50": 0, "0->52": 0, "52->0": 0, "52->53": 0, "53->52": 0, "53->54": 0, "54->53": 0, "54->55": 0, "55->54": 0, "53->56": 0, "56->53": 0, "56->57": 0, "57->56": 0, "56->58": 0, "58->56": 0, "58->59": 0, "59->58": 0, "59->60": 0, "60->59": 0, "59->61": 0, "61->59": 0, "61->62": 0, "62->61": 0, "62->63": 0, "63->62": 0, "58->64": 0, "64->58": 0, "64->65": 0, "65->64": 0, "65->66": 0, "66->65": 0, "64->67": 0, "67->64": 0, "67->68": 0, "68->67": 0, "64->69": 0, "69->64": 0, "69->70": 0, "70->69": 0, "64->71": 0, "71->64": 0, "64->72": 0, "72->64": 0, "72->73": 0, "73->72": 0, "73->74": 0, "74->73": 0, "74->75": 0, "75->74": 0, "74->76": 0, "76->74": 0, "76->77": 0, "77->76": 0, "73->78": 0, "78->73": 0, "78->79": 0, "79->78": 0, "78->80": 0, "80->78": 0, "80->81": 0, "81->80": 0, "80->82": 0, "82->80": 0, "82->83": 0, "83->82": 0, "80->84": 0, "84->80": 0, "72->85": 0, "85->72": 0, "85->86": 0, "86->85": 0, "86->87": 0, "87->86": 0, "85->88": 0, "88->85": 0, "88->89": 0, "89->88": 0, "88->90": 0, "90->88": 0, "90->91": 0, "91->90": 0, "90->92": 0, "92->90": 0, "92->93": 0, "93->92": 0, "90->94": 0, "94->90": 0, "72->95": 0, "95->72": 0, "95->96": 0, "96->95": 0, "96->97": 0, "97->96": 0, "96->98": 0, "98->96": 0, "98->99": 0, "99->98": 0, "96->100": 0, "100->96": 0, "72->101": 0, "101->72": 0, "101->102": 0, "102->101": 0, "102->103": 0, "103->102": 0, "102->104": 0, "104->102": 0, "104->105": 0, "105->104": 0, "104->106": 0, "106->104": 0, "106->107": 0, "107->106": 0, "104->108": 0, "108->104": 0, "102->109": 0, "109->102": 0, "109->110": 0, "110->109": 0, "72->111": 0, "111->72": 0, "111->112": 0, "112->111": 0, "112->113": 0, "113->112": 0, "112->114": 0, "114->112": 0, "111->115": 0, "115->111": 0, "115->116": 0, "116->115": 0, "116->117": 0, "117->116": 0, "116->118": 0, "118->116": 0, "118->119": 0, "119->118": 0, "116->120": 0, "120->116": 0, "120->121": 0, "121->120": 0, "116->122": 0, "122->116": 0, "64->123": 0, "123->64": 0, "123->124": 0, "124->123": 0, "124->125": 0, "125->124": 0, "56->126": 0, "126->56": 0, "53->127": 0, "127->53": 0, "0->128": 0, "128->0": 0, "128->129": 0, "129->128": 0, "129->130": 0, "130->129": 0, "128->131": 0, "131->128": 0, "131->132": 0, "132->131": 0, "132->133": 0, "133->132": 0, "133->134": 0, "134->133": 0, "134->135": 0, "135->134": 0, "134->136": 0, "136->134": 0, "136->137": 0, "137->136": 0, "133->138": 0, "138->133": 0, "138->139": 0, "139->138": 0, "138->140": 0, "140->138": 0, "140->141": 0, "141->140": 0, "140->142": 0, "142->140": 0, "142->143": 0, "143->142": 0, "140->144": 0, "144->140": 0, "132->145": 0, "145->132": 0, "145->146": 0, "146->145": 0, "146->147": 0, "147->146": 0, "145->148": 0, "148->145": 0, "148->149": 0, "149->148": 0, "148->150": 0, "150->148": 0, "150->151": 0, "151->150": 0, "150->152": 0, "152->150": 0, "152->153": 0, "153->152": 0, "150->154": 0, "154->150": 0, "132->155": 0, "155->132": 0, "155->156": 0, "156->155": 0, "156->157": 0, "157->156": 0, "156->158": 0, "158->156": 0, "158->159": 0, "159->158": 0, "156->160": 0, "160->156": 0, "132->161": 0, "161->132": 0, "161->162": 0, "162->161": 0, "162->163": 0, "163->162": 0, "163->164": 0, "164->163": 0, "162->165": 0, "165->162": 0, "165->166": 0, "166->165": 0, "166->167": 0, "167->166": 0, "165->168": 0, "168->165": 0, "168->169": 0, "169->168": 0, "168->170": 0, "170->168": 0, "170->171": 0, "171->170": 0, "168->172": 0, "172->168": 0, "162->173": 0, "173->162": 0, "132->174": 0, "174->132": 0, "174->175": 0, "175->174": 0, "175->176": 0, "176->175": 0, "175->177": 0, "177->175": 0, "174->178": 0, "178->174": 0, "178->179": 0, "179->178": 0, "179->180": 0, "180->179": 0, "179->181": 0, "181->179": 0, "181->182": 0, "182->181": 0, "181->183": 0, "183->181": 0, "183->184": 0, "184->183": 0, "181->185": 0, "185->181": 0, "185->186": 0, "186->185": 0, "179->187": 0, "187->179": 0, "187->188": 0, "188->187": 0, "179->189": 0, "189->179": 0, "0->190": 0, "190->0": 0, "190->191": 0, "191->190": 0, "191->192": 0, "192->191": 0, "191->193": 0, "193->191": 0, "190->194": 0, "194->190": 0, "194->195": 0, "195->194": 0, "190->196": 0, "196->190": 0, "190->197": 0, "197->190": 0, "197->198": 0, "198->197": 0, "198->199": 0, "199->198": 0, "0->200": 0, "200->0": 0, "200->201": 0, "201->200": 0, "201->202": 0, "202->201": 0, "201->203": 0, "203->201": 0, "200->204": 0, "204->200": 0, "204->205": 0, "205->204": 0, "200->206": 0, "206->200": 0, "200->207": 0, "207->200": 0, "207->208": 0, "208->207": 0, "208->209": 0, "209->208": 0, "0->210": 0, "210->0": 0, "210->211": 0, "211->210": 0, "211->212": 0, "212->211": 0, "210->213": 0, "213->210": 0, "1->3": 1, "3->1": 12, "3->5": 1, "5->3": 12, "5->6": 1, "6->5": 12, "6->17": 1, "17->6": 12, "17->32": 1, "32->17": 12, "32->42": 1, "42->32": 12, "42->52": 1, "52->42": 12, "52->128": 1, "128->52": 12, "128->190": 1, "190->128": 12, "190->200": 1, "200->190": 12, "200->210": 1, "210->200": 12, "7->11": 1, "11->7": 12, "11->13": 1, "13->11": 12, "8->9": 2, "9->8": 3, "9->10": 2, "10->9": 3, "14->15": 1, "15->14": 12, "18->22": 1, "22->18": 12, "22->24": 1, "24->22": 12, "19->20": 2, "20->19": 3, "20->21": 2, "21->20": 3, "25->26": 1, "26->25": 12, "27->28": 1, "28->27": 12, "28->31": 1, "31->28": 12, "33->36": 1, "36->33": 12, "36->38": 1, "38->36": 12, "34->35": 2, "35->34": 3, "39->40": 1, "40->39": 12, "43->46": 1, "46->43": 12, "46->48": 1, "48->46": 12, "44->45": 2, "45->44": 3, "49->50": 1, "50->49": 12, "54->56": 1, "56->54": 12, "56->127": 1, "127->56": 12, "57->58": 1, "58->57": 12, "58->126": 1, "126->58": 12, "59->64": 1, "64->59": 12, "60->61": 1, "61->60": 12, "65->67": 1, "67->65": 12, "67->69": 1, "69->67": 12, "69->71": 1, "71->69": 12, "71->72": 1, "72->71": 12, "72->123": 1, "123->72": 12, "73->85": 1, "85->73": 12, "85->95": 1, "95->85": 12, "95->101": 1, "101->95": 12, "101->111": 1, "111->101": 12, "74->78": 1, "78->74": 12, "75->76": 1, "76->75": 12, "79->80": 1, "80->79": 12, "81->82": 1, "82->81": 12, "82->84": 1, "84->82": 12, "86->88": 1, "88->86": 12, "89->90": 1, "90->89": 12, "91->92": 1, "92->91": 12, "92->94": 1, "94->92": 12, "97->98": 1, "98->97": 12, "98->100": 1, "100->98": 12, "103->104": 1, "104->103": 12, "104->109": 1, "109->104": 12, "105->106": 1, "106->105": 12, "106->108": 1, "108->106": 12, "112->115": 1, "115->112": 12, "113->114": 2, "114->113": 3, "117->118": 1, "118->117": 12, "118->120": 1, "120->118": 12, "120->122": 1, "122->120": 12, "129->131": 6, "131->129": 6, "133->145": 1, "145->133": 12, "145->155": 1, "155->145": 12, "155->161": 1, "161->155": 12, "161->174": 1, "174->161": 12, "134->138": 1, "138->134": 12, "135->136": 1, "136->135": 12, "139->140": 1, "140->139": 12, "141->142": 1, "142->141": 12, "142->144": 1, "144->142": 12, "146->148": 1, "148->146": 12, "149->150": 1, "150->149": 12, "151->152": 1, "152->151": 12, "152->154": 1, "154->152": 12, "157->158": 1, "158->157": 12, "158->160": 1, "160->158": 12, "163->165": 1, "165->163": 12, "165->173": 1, "173->165": 12, "166->168": 1, "168->166": 12, "169->170": 1, "170->169": 12, "170->172": 1, "172->170": 12, "175->178": 1, "178->175": 12, "176->177": 2, "177->176": 3, "180->181": 1, "181->180": 12, "181->187": 1, "187->181": 12, "187->189": 1, "189->187": 12, "182->183": 1, "183->182": 12, "183->185": 1, "185->183": 12, "191->194": 1, "194->191": 12, "194->196": 1, "196->194": 12, "196->197": 1, "197->196": 12, "192->193": 2, "193->192": 3, "201->204": 1, "204->201": 12, "204->206": 1, "206->204": 12, "206->207": 1, "207->206": 12, "202->203": 2, "203->202": 3, "211->213": 1, "213->211": 12, "2->4": 2, "4->2": 3, "4->5": 2, "5->4": 3, "5->8": 2, "8->5": 3, "10->12": 2, "12->10": 3, "12->14": 2, "14->12": 3, "14->16": 2, "16->14": 3, "16->19": 2, "19->16": 3, "21->23": 2, "23->21": 3, "23->25": 2, "25->23": 3, "25->27": 2, "27->25": 3, "27->30": 2, "30->27": 3, "30->31": 2, "31->30": 3, "31->34": 2, "34->31": 3, "35->37": 2, "37->35": 3, "37->39": 2, "39->37": 3, "39->41": 2, "41->39": 3, "41->44": 2, "44->41": 3, "45->47": 2, "47->45": 3, "47->49": 2, "49->47": 3, "49->51": 2, "51->49": 3, "51->55": 2, "55->51": 3, "55->57": 2, "57->55": 3, "57->60": 2, "60->57": 3, "60->63": 2, "63->60": 3, "63->66": 2, "66->63": 3, "66->68": 2, "68->66": 3, "68->70": 2, "70->68": 3, "70->71": 2, "71->70": 3, "71->75": 2, "75->71": 3, "75->77": 2, "77->75": 3, "77->79": 2, "79->77": 3, "79->81": 2, "81->79": 3, "81->83": 2, "83->81": 3, "83->84": 2, "84->83": 3, "84->87": 2, "87->84": 3, "87->89": 2, "89->87": 3, "89->91": 2, "91->89": 3, "91->93": 2, "93->91": 3, "93->94": 2, "94->93": 3, "94->97": 2, "97->94": 3, "97->99": 2, "99->97": 3, "99->100": 2, "100->99": 3, "100->103": 2, "103->100": 3, "103->105": 2, "105->103": 3, "105->107": 2, "107->105": 3, "107->108": 2, "108->107": 3, "108->110": 2, "110->108": 3, "110->113": 2, "113->110": 3, "114->117": 2, "117->114": 3, "117->119": 2, "119->117": 3, "119->121": 2, "121->119": 3, "121->122": 2, "122->121": 3, "122->125": 2, "125->122": 3, "125->126": 2, "126->125": 3, "126->127": 2, "127->126": 3, "127->130": 2, "130->127": 3, "130->135": 2, "135->130": 3, "135->137": 2, "137->135": 3, "137->139": 2, "139->137": 3, "139->141": 2, "141->139": 3, "141->143": 2, "143->141": 3, "143->144": 2, "144->143": 3, "144->147": 2, "147->144": 3, "147->149": 2, "149->147": 3, "149->151": 2, "151->149": 3, "151->153": 2, "153->151": 3, "153->154": 2, "154->153": 3, "154->157": 2, "157->154": 3, "157->159": 2, "159->157": 3, "159->160": 2, "160->159": 3, "160->164": 2, "164->160": 3, "164->167": 2, "167->164": 3, "167->169": 2, "169->167": 3, "169->171": 2, "171->169": 3, "171->172": 2, "172->171": 3, "172->173": 2, "173->172": 3, "173->176": 2, "176->173": 3, "177->180": 2, "180->177": 3, "180->182": 2, "182->180": 3, "182->184": 2, "184->182": 3, "184->186": 2, "186->184": 3, "186->188": 2, "188->186": 3, "188->189": 2, "189->188": 3, "189->192": 2, "192->189": 3, "193->195": 2, "195->193": 3, "195->196": 2, "196->195": 3, "196->199": 2, "199->196": 3, "199->202": 2, "202->199": 3, "203->205": 2, "205->203": 3, "205->206": 2, "206->205": 3, "206->209": 2, "209->206": 3, "209->212": 2, "212->209": 3, "212->213": 2, "213->212": 3, "55->130": 4, "130->55": 5, "130->199": 4, "199->130": 5, "121->188": 4, "188->121": 5, "164->209": 4, "209->164": 5}, "metrics": [4.0, 0.0, 4.0, 3.0, 48.0, 4.0, 0.0, 0.0, 1.0, 0.0, 0.0]}