{"nodelist": ["ClassDeclaration", "{'public'}", "public", "RemoteExceptionHandler", "ConstructorDeclaration", "{'private'}", "private", "RemoteExceptionHandler", "StatementExpression", "SuperConstructorInvocation", "MethodDeclaration", "{'public', 'static'}", "public", "static", "ReferenceType", "Throwable", "checkThrowable", "FormalParameter", "{'final'}", "final", "ReferenceType", "Throwable", "t", "LocalVariableDeclaration", "ReferenceType", "Throwable", "VariableDeclarator", "result", "MemberReference", "t", "IfStatement", "BinaryOperation", "instanceof", "MemberReference", "t", "ReferenceType", "RemoteException", "BlockStatement", "TryStatement", "StatementExpression", "Assignment", "MemberReference", "result", "MethodInvocation", "RemoteExceptionHandler", "Cast", "ReferenceType", "RemoteException", "MemberReference", "t", "decodeRemoteException", "=", "CatchClause", "CatchClauseParameter", "Throwable", "tt", "StatementExpression", "Assignment", "MemberReference", "result", "MemberReference", "tt", "=", "ReturnStatement", "MemberReference", "result", "MethodDeclaration", "{'public', 'static'}", "public", "static", "ReferenceType", "IOException", "checkIOException", "FormalParameter", "{'final'}", "final", "ReferenceType", "IOException", "e", "LocalVariableDeclaration", "ReferenceType", "Throwable", "VariableDeclarator", "t", "MethodInvocation", "MemberReference", "e", "checkThrowable", "ReturnStatement", "TernaryExpression", "BinaryOperation", "instanceof", "MemberReference", "t", "ReferenceType", "IOException", "Cast", "ReferenceType", "IOException", "MemberReference", "t", "ClassCreator", "ReferenceType", "IOException", "MemberReference", "t", "MethodDeclaration", "{'public', 'static'}", "public", "static", "ReferenceType", "IOException", "decodeRemoteException", "FormalParameter", "{'final'}", "final", "ReferenceType", "RemoteException", "re", "IOException", "LocalVariableDeclaration", "ReferenceType", "IOException", "VariableDeclarator", "i", "MemberReference", "re", "TryStatement", "LocalVariableDeclaration", "ReferenceType", "Class", "TypeArgument", "?", "VariableDeclarator", "c", "MethodInvocation", "Class", "MethodInvocation", "re", "getClassName", "forName", "LocalVariableDeclaration", "ReferenceType", "Class", "TypeArgument", "?", "VariableDeclarator", "parameterTypes", "ArrayInitializer", "ClassReference", "ReferenceType", "String", "LocalVariableDeclaration", "ReferenceType", "Constructor", "TypeArgument", "?", "VariableDeclarator", "ctor", "MethodInvocation", "c", "MemberReference", "parameterTypes", "getConstructor", "LocalVariableDeclaration", "ReferenceType", "Object", "VariableDeclarator", "arguments", "ArrayInitializer", "MethodInvocation", "re", "getMessage", "LocalVariableDeclaration", "ReferenceType", "Throwable", "VariableDeclarator", "t", "Cast", "ReferenceType", "Throwable", "MethodInvocation", "ctor", "MemberReference", "arguments", "newInstance", "IfStatement", "BinaryOperation", "instanceof", "MemberReference", "t", "ReferenceType", "IOException", "BlockStatement", "StatementExpression", "Assignment", "MemberReference", "i", "Cast", "ReferenceType", "IOException", "MemberReference", "t", "=", "BlockStatement", "StatementExpression", "Assignment", "MemberReference", "i", "ClassCreator", "ReferenceType", "IOException", "Literal", "\"server error\"", "=", "StatementExpression", "MethodInvocation", "i", "MemberReference", "t", "initCause", "ThrowStatement", "MemberReference", "i", "CatchClause", "CatchClauseParameter", "ClassNotFoundException", "x", "CatchClause", "CatchClauseParameter", "NoSuchMethodException", "x", "CatchClause", "CatchClauseParameter", "IllegalAccessException", "x", "CatchClause", "CatchClauseParameter", "InvocationTargetException", "x", "CatchClause", "CatchClauseParameter", "InstantiationException", "x", "ReturnStatement", "MemberReference", "i"], "nodes": {"0": "ClassDeclaration", "1": "Modifier", "2": "public", "3": "RemoteExceptionHandler", "4": "ConstructorDeclaration", "5": "Modifier", "6": "private", "7": "RemoteExceptionHandler", "8": "StatementExpression", "9": "SuperConstructorInvocation", "10": "MethodDeclaration", "11": "Modifier", "12": "public", "13": "static", "14": "ReferenceType", "15": "Throwable", "16": "checkThrowable", "17": "FormalParameter", "18": "Modifier", "19": "final", "20": "ReferenceType", "21": "Throwable", "22": "t", "23": "LocalVariableDeclaration", "24": "ReferenceType", "25": "Throwable", "26": "VariableDeclarator", "27": "result", "28": "MemberReference", "29": "t", "30": "IfStatement", "31": "BinaryOperation", "32": "instanceof", "33": "MemberReference", "34": "t", "35": "ReferenceType", "36": "RemoteException", "37": "BlockStatement", "38": "TryStatement", "39": "StatementExpression", "40": "Assignment", "41": "MemberReference", "42": "result", "43": "MethodInvocation", "44": "RemoteExceptionHandler", "45": "Cast", "46": "ReferenceType", "47": "RemoteException", "48": "MemberReference", "49": "t", "50": "decodeRemoteException", "51": "=", "52": "CatchClause", "53": "CatchClauseParameter", "54": "Throwable", "55": "tt", "56": "StatementExpression", "57": "Assignment", "58": "MemberReference", "59": "result", "60": "MemberReference", "61": "tt", "62": "=", "63": "ReturnStatement", "64": "MemberReference", "65": "result", "66": "MethodDeclaration", "67": "Modifier", "68": "public", "69": "static", "70": "ReferenceType", "71": "IOException", "72": "checkIOException", "73": "FormalParameter", "74": "Modifier", "75": "final", "76": "ReferenceType", "77": "IOException", "78": "e", "79": "LocalVariableDeclaration", "80": "ReferenceType", "81": "Throwable", "82": "VariableDeclarator", "83": "t", "84": "MethodInvocation", "85": "MemberReference", "86": "e", "87": "checkThrowable", "88": "ReturnStatement", "89": "TernaryExpression", "90": "BinaryOperation", "91": "instanceof", "92": "MemberReference", "93": "t", "94": "ReferenceType", "95": "IOException", "96": "Cast", "97": "ReferenceType", "98": "IOException", "99": "MemberReference", "100": "t", "101": "ClassCreator", "102": "ReferenceType", "103": "IOException", "104": "MemberReference", "105": "t", "106": "MethodDeclaration", "107": "Modifier", "108": "public", "109": "static", "110": "ReferenceType", "111": "IOException", "112": "decodeRemoteException", "113": "FormalParameter", "114": "Modifier", "115": "final", "116": "ReferenceType", "117": "RemoteException", "118": "re", "119": "IOException", "120": "LocalVariableDeclaration", "121": "ReferenceType", "122": "IOException", "123": "VariableDeclarator", "124": "i", "125": "MemberReference", "126": "re", "127": "TryStatement", "128": "LocalVariableDeclaration", "129": "ReferenceType", "130": "Class", "131": "TypeArgument", "132": "?", "133": "VariableDeclarator", "134": "c", "135": "MethodInvocation", "136": "Class", "137": "MethodInvocation", "138": "re", "139": "getClassName", "140": "forName", "141": "LocalVariableDeclaration", "142": "ReferenceType", "143": "Class", "144": "TypeArgument", "145": "?", "146": "VariableDeclarator", "147": "parameterTypes", "148": "ArrayInitializer", "149": "ClassReference", "150": "ReferenceType", "151": "String", "152": "LocalVariableDeclaration", "153": "ReferenceType", "154": "Constructor", "155": "TypeArgument", "156": "?", "157": "VariableDeclarator", "158": "ctor", "159": "MethodInvocation", "160": "c", "161": "MemberReference", "162": "parameterTypes", "163": "getConstructor", "164": "LocalVariableDeclaration", "165": "ReferenceType", "166": "Object", "167": "VariableDeclarator", "168": "arguments", "169": "ArrayInitializer", "170": "MethodInvocation", "171": "re", "172": "getMessage", "173": "LocalVariableDeclaration", "174": "ReferenceType", "175": "Throwable", "176": "VariableDeclarator", "177": "t", "178": "Cast", "179": "ReferenceType", "180": "Throwable", "181": "MethodInvocation", "182": "ctor", "183": "MemberReference", "184": "arguments", "185": "newInstance", "186": "IfStatement", "187": "BinaryOperation", "188": "instanceof", "189": "MemberReference", "190": "t", "191": "ReferenceType", "192": "IOException", "193": "BlockStatement", "194": "StatementExpression", "195": "Assignment", "196": "MemberReference", "197": "i", "198": "Cast", "199": "ReferenceType", "200": "IOException", "201": "MemberReference", "202": "t", "203": "=", "204": "BlockStatement", "205": "StatementExpression", "206": "Assignment", "207": "MemberReference", "208": "i", "209": "ClassCreator", "210": "ReferenceType", "211": "IOException", "212": "Literal", "213": "\"server error\"", "214": "=", "215": "StatementExpression", "216": "MethodInvocation", "217": "i", "218": "MemberReference", "219": "t", "220": "initCause", "221": "ThrowStatement", "222": "MemberReference", "223": "i", "224": "CatchClause", "225": "CatchClauseParameter", "226": "ClassNotFoundException", "227": "x", "228": "CatchClause", "229": "CatchClauseParameter", "230": "NoSuchMethodException", "231": "x", "232": "CatchClause", "233": "CatchClauseParameter", "234": "IllegalAccessException", "235": "x", "236": "CatchClause", "237": "CatchClauseParameter", "238": "InvocationTargetException", "239": "x", "240": "CatchClause", "241": "CatchClauseParameter", "242": "InstantiationException", "243": "x", "244": "ReturnStatement", "245": "MemberReference", "246": "i"}, "edges": {"0->1": 0, "1->0": 0, "1->2": 0, "2->1": 0, "0->3": 0, "3->0": 0, "0->4": 0, "4->0": 0, "4->5": 0, "5->4": 0, "5->6": 0, "6->5": 0, "4->7": 0, "7->4": 0, "4->8": 0, "8->4": 0, "8->9": 0, "9->8": 0, "0->10": 0, "10->0": 0, "10->11": 0, "11->10": 0, "11->12": 0, "12->11": 0, "11->13": 0, "13->11": 0, "10->14": 0, "14->10": 0, "14->15": 0, "15->14": 0, "10->16": 0, "16->10": 0, "10->17": 0, "17->10": 0, "17->18": 0, "18->17": 0, "18->19": 0, "19->18": 0, "17->20": 0, "20->17": 0, "20->21": 0, "21->20": 0, "17->22": 0, "22->17": 0, "10->23": 0, "23->10": 0, "23->24": 0, "24->23": 0, "24->25": 0, "25->24": 0, "23->26": 0, "26->23": 0, "26->27": 0, "27->26": 0, "26->28": 0, "28->26": 0, "28->29": 0, "29->28": 0, "10->30": 0, "30->10": 0, "30->31": 0, "31->30": 0, "31->32": 0, "32->31": 0, "31->33": 0, "33->31": 0, "33->34": 0, "34->33": 0, "31->35": 0, "35->31": 0, "35->36": 0, "36->35": 0, "30->37": 0, "37->30": 0, "37->38": 0, "38->37": 0, "38->39": 0, "39->38": 0, "39->40": 0, "40->39": 0, "40->41": 0, "41->40": 0, "41->42": 0, "42->41": 0, "40->43": 0, "43->40": 0, "43->44": 0, "44->43": 0, "43->45": 0, "45->43": 0, "45->46": 0, "46->45": 0, "46->47": 0, "47->46": 0, "45->48": 0, "48->45": 0, "48->49": 0, "49->48": 0, "43->50": 0, "50->43": 0, "40->51": 0, "51->40": 0, "38->52": 0, "52->38": 0, "52->53": 0, "53->52": 0, "53->54": 0, "54->53": 0, "53->55": 0, "55->53": 0, "52->56": 0, "56->52": 0, "56->57": 0, "57->56": 0, "57->58": 0, "58->57": 0, "58->59": 0, "59->58": 0, "57->60": 0, "60->57": 0, "60->61": 0, "61->60": 0, "57->62": 0, "62->57": 0, "10->63": 0, "63->10": 0, "63->64": 0, "64->63": 0, "64->65": 0, "65->64": 0, "0->66": 0, "66->0": 0, "66->67": 0, "67->66": 0, "67->68": 0, "68->67": 0, "67->69": 0, "69->67": 0, "66->70": 0, "70->66": 0, "70->71": 0, "71->70": 0, "66->72": 0, "72->66": 0, "66->73": 0, "73->66": 0, "73->74": 0, "74->73": 0, "74->75": 0, "75->74": 0, "73->76": 0, "76->73": 0, "76->77": 0, "77->76": 0, "73->78": 0, "78->73": 0, "66->79": 0, "79->66": 0, "79->80": 0, "80->79": 0, "80->81": 0, "81->80": 0, "79->82": 0, "82->79": 0, "82->83": 0, "83->82": 0, "82->84": 0, "84->82": 0, "84->85": 0, "85->84": 0, "85->86": 0, "86->85": 0, "84->87": 0, "87->84": 0, "66->88": 0, "88->66": 0, "88->89": 0, "89->88": 0, "89->90": 0, "90->89": 0, "90->91": 0, "91->90": 0, "90->92": 0, "92->90": 0, "92->93": 0, "93->92": 0, "90->94": 0, "94->90": 0, "94->95": 0, "95->94": 0, "89->96": 0, "96->89": 0, "96->97": 0, "97->96": 0, "97->98": 0, "98->97": 0, "96->99": 0, "99->96": 0, "99->100": 0, "100->99": 0, "89->101": 0, "101->89": 0, "101->102": 0, "102->101": 0, "102->103": 0, "103->102": 0, "101->104": 0, "104->101": 0, "104->105": 0, "105->104": 0, "0->106": 0, "106->0": 0, "106->107": 0, "107->106": 0, "107->108": 0, "108->107": 0, "107->109": 0, "109->107": 0, "106->110": 0, "110->106": 0, "110->111": 0, "111->110": 0, "106->112": 0, "112->106": 0, "106->113": 0, "113->106": 0, "113->114": 0, "114->113": 0, "114->115": 0, "115->114": 0, "113->116": 0, "116->113": 0, "116->117": 0, "117->116": 0, "113->118": 0, "118->113": 0, "106->119": 0, "119->106": 0, "106->120": 0, "120->106": 0, "120->121": 0, "121->120": 0, "121->122": 0, "122->121": 0, "120->123": 0, "123->120": 0, "123->124": 0, "124->123": 0, "123->125": 0, "125->123": 0, "125->126": 0, "126->125": 0, "106->127": 0, "127->106": 0, "127->128": 0, "128->127": 0, "128->129": 0, "129->128": 0, "129->130": 0, "130->129": 0, "129->131": 0, "131->129": 0, "131->132": 0, "132->131": 0, "128->133": 0, "133->128": 0, "133->134": 0, "134->133": 0, "133->135": 0, "135->133": 0, "135->136": 0, "136->135": 0, "135->137": 0, "137->135": 0, "137->138": 0, "138->137": 0, "137->139": 0, "139->137": 0, "135->140": 0, "140->135": 0, "127->141": 0, "141->127": 0, "141->142": 0, "142->141": 0, "142->143": 0, "143->142": 0, "142->144": 0, "144->142": 0, "144->145": 0, "145->144": 0, "141->146": 0, "146->141": 0, "146->147": 0, "147->146": 0, "146->148": 0, "148->146": 0, "148->149": 0, "149->148": 0, "149->150": 0, "150->149": 0, "150->151": 0, "151->150": 0, "127->152": 0, "152->127": 0, "152->153": 0, "153->152": 0, "153->154": 0, "154->153": 0, "153->155": 0, "155->153": 0, "155->156": 0, "156->155": 0, "152->157": 0, "157->152": 0, "157->158": 0, "158->157": 0, "157->159": 0, "159->157": 0, "159->160": 0, "160->159": 0, "159->161": 0, "161->159": 0, "161->162": 0, "162->161": 0, "159->163": 0, "163->159": 0, "127->164": 0, "164->127": 0, "164->165": 0, "165->164": 0, "165->166": 0, "166->165": 0, "164->167": 0, "167->164": 0, "167->168": 0, "168->167": 0, "167->169": 0, "169->167": 0, "169->170": 0, "170->169": 0, "170->171": 0, "171->170": 0, "170->172": 0, "172->170": 0, "127->173": 0, "173->127": 0, "173->174": 0, "174->173": 0, "174->175": 0, "175->174": 0, "173->176": 0, "176->173": 0, "176->177": 0, "177->176": 0, "176->178": 0, "178->176": 0, "178->179": 0, "179->178": 0, "179->180": 0, "180->179": 0, "178->181": 0, "181->178": 0, "181->182": 0, "182->181": 0, "181->183": 0, "183->181": 0, "183->184": 0, "184->183": 0, "181->185": 0, "185->181": 0, "127->186": 0, "186->127": 0, "186->187": 0, "187->186": 0, "187->188": 0, "188->187": 0, "187->189": 0, "189->187": 0, "189->190": 0, "190->189": 0, "187->191": 0, "191->187": 0, "191->192": 0, "192->191": 0, "186->193": 0, "193->186": 0, "193->194": 0, "194->193": 0, "194->195": 0, "195->194": 0, "195->196": 0, "196->195": 0, "196->197": 0, "197->196": 0, "195->198": 0, "198->195": 0, "198->199": 0, "199->198": 0, "199->200": 0, "200->199": 0, "198->201": 0, "201->198": 0, "201->202": 0, "202->201": 0, "195->203": 0, "203->195": 0, "186->204": 0, "204->186": 0, "204->205": 0, "205->204": 0, "205->206": 0, "206->205": 0, "206->207": 0, "207->206": 0, "207->208": 0, "208->207": 0, "206->209": 0, "209->206": 0, "209->210": 0, "210->209": 0, "210->211": 0, "211->210": 0, "209->212": 0, "212->209": 0, "212->213": 0, "213->212": 0, "206->214": 0, "214->206": 0, "204->215": 0, "215->204": 0, "215->216": 0, "216->215": 0, "216->217": 0, "217->216": 0, "216->218": 0, "218->216": 0, "218->219": 0, "219->218": 0, "216->220": 0, "220->216": 0, "204->221": 0, "221->204": 0, "221->222": 0, "222->221": 0, "222->223": 0, "223->222": 0, "127->224": 0, "224->127": 0, "224->225": 0, "225->224": 0, "225->226": 0, "226->225": 0, "225->227": 0, "227->225": 0, "127->228": 0, "228->127": 0, "228->229": 0, "229->228": 0, "229->230": 0, "230->229": 0, "229->231": 0, "231->229": 0, "127->232": 0, "232->127": 0, "232->233": 0, "233->232": 0, "233->234": 0, "234->233": 0, "233->235": 0, "235->233": 0, "127->236": 0, "236->127": 0, "236->237": 0, "237->236": 0, "237->238": 0, "238->237": 0, "237->239": 0, "239->237": 0, "127->240": 0, "240->127": 0, "240->241": 0, "241->240": 0, "241->242": 0, "242->241": 0, "241->243": 0, "243->241": 0, "106->244": 0, "244->106": 0, "244->245": 0, "245->244": 0, "245->246": 0, "246->245": 0, "1->3": 1, "3->1": 12, "3->4": 1, "4->3": 12, "4->10": 1, "10->4": 12, "10->66": 1, "66->10": 12, "66->106": 1, "106->66": 12, "5->7": 1, "7->5": 12, "7->8": 1, "8->7": 12, "11->14": 1, "14->11": 12, "14->16": 1, "16->14": 12, "16->17": 1, "17->16": 12, "17->23": 1, "23->17": 12, "23->30": 1, "30->23": 12, "30->63": 1, "63->30": 12, "12->13": 2, "13->12": 3, "18->20": 1, "20->18": 12, "20->22": 1, "22->20": 12, "24->26": 1, "26->24": 12, "27->28": 1, "28->27": 12, "31->37": 6, "37->31": 6, "32->33": 1, "33->32": 12, "33->35": 1, "35->33": 12, "39->52": 1, "52->39": 12, "41->43": 1, "43->41": 12, "43->51": 1, "51->43": 12, "44->45": 1, "45->44": 12, "45->50": 1, "50->45": 12, "46->48": 1, "48->46": 12, "53->56": 1, "56->53": 12, "54->55": 2, "55->54": 3, "58->60": 1, "60->58": 12, "60->62": 1, "62->60": 12, "67->70": 1, "70->67": 12, "70->72": 1, "72->70": 12, "72->73": 1, "73->72": 12, "73->79": 1, "79->73": 12, "79->88": 1, "88->79": 12, "68->69": 2, "69->68": 3, "74->76": 1, "76->74": 12, "76->78": 1, "78->76": 12, "80->82": 1, "82->80": 12, "83->84": 1, "84->83": 12, "85->87": 1, "87->85": 12, "90->96": 1, "96->90": 12, "96->101": 1, "101->96": 12, "91->92": 1, "92->91": 12, "92->94": 1, "94->92": 12, "97->99": 1, "99->97": 12, "102->104": 1, "104->102": 12, "107->110": 1, "110->107": 12, "110->112": 1, "112->110": 12, "112->113": 1, "113->112": 12, "113->119": 1, "119->113": 12, "119->120": 1, "120->119": 12, "120->127": 1, "127->120": 12, "127->244": 1, "244->127": 12, "108->109": 2, "109->108": 3, "114->116": 1, "116->114": 12, "116->118": 1, "118->116": 12, "121->123": 1, "123->121": 12, "124->125": 1, "125->124": 12, "128->141": 1, "141->128": 12, "141->152": 1, "152->141": 12, "152->164": 1, "164->152": 12, "164->173": 1, "173->164": 12, "173->186": 1, "186->173": 12, "186->224": 1, "224->186": 12, "224->228": 1, "228->224": 12, "228->232": 1, "232->228": 12, "232->236": 1, "236->232": 12, "236->240": 1, "240->236": 12, "129->133": 1, "133->129": 12, "130->131": 1, "131->130": 12, "134->135": 1, "135->134": 12, "136->137": 1, "137->136": 12, "137->140": 1, "140->137": 12, "138->139": 2, "139->138": 3, "142->146": 1, "146->142": 12, "143->144": 1, "144->143": 12, "147->148": 1, "148->147": 12, "153->157": 1, "157->153": 12, "154->155": 1, "155->154": 12, "158->159": 1, "159->158": 12, "160->161": 1, "161->160": 12, "161->163": 1, "163->161": 12, "165->167": 1, "167->165": 12, "168->169": 1, "169->168": 12, "171->172": 2, "172->171": 3, "174->176": 1, "176->174": 12, "177->178": 1, "178->177": 12, "179->181": 1, "181->179": 12, "182->183": 1, "183->182": 12, "183->185": 1, "185->183": 12, "187->193": 6, "193->187": 6, "193->204": 1, "204->193": 12, "188->189": 1, "189->188": 12, "189->191": 1, "191->189": 12, "196->198": 1, "198->196": 12, "198->203": 1, "203->198": 12, "199->201": 1, "201->199": 12, "205->215": 10, "215->205": 11, "215->221": 10, "221->215": 11, "207->209": 1, "209->207": 12, "209->214": 1, "214->209": 12, "210->212": 1, "212->210": 12, "217->218": 1, "218->217": 12, "218->220": 1, "220->218": 12, "226->227": 2, "227->226": 3, "230->231": 2, "231->230": 3, "234->235": 2, "235->234": 3, "238->239": 2, "239->238": 3, "242->243": 2, "243->242": 3, "187->204": 7, "204->187": 7, "2->3": 2, "3->2": 3, "3->6": 2, "6->3": 3, "6->7": 2, "7->6": 3, "7->9": 2, "9->7": 3, "9->12": 2, "12->9": 3, "13->15": 2, "15->13": 3, "15->16": 2, "16->15": 3, "16->19": 2, "19->16": 3, "19->21": 2, "21->19": 3, "21->22": 2, "22->21": 3, "22->25": 2, "25->22": 3, "25->27": 2, "27->25": 3, "27->29": 2, "29->27": 3, "29->32": 2, "32->29": 3, "32->34": 2, "34->32": 3, "34->36": 2, "36->34": 3, "36->42": 2, "42->36": 3, "42->44": 2, "44->42": 3, "44->47": 2, "47->44": 3, "47->49": 2, "49->47": 3, "49->50": 2, "50->49": 3, "50->51": 2, "51->50": 3, "51->54": 2, "54->51": 3, "55->59": 2, "59->55": 3, "59->61": 2, "61->59": 3, "61->62": 2, "62->61": 3, "62->65": 2, "65->62": 3, "65->68": 2, "68->65": 3, "69->71": 2, "71->69": 3, "71->72": 2, "72->71": 3, "72->75": 2, "75->72": 3, "75->77": 2, "77->75": 3, "77->78": 2, "78->77": 3, "78->81": 2, "81->78": 3, "81->83": 2, "83->81": 3, "83->86": 2, "86->83": 3, "86->87": 2, "87->86": 3, "87->91": 2, "91->87": 3, "91->93": 2, "93->91": 3, "93->95": 2, "95->93": 3, "95->98": 2, "98->95": 3, "98->100": 2, "100->98": 3, "100->103": 2, "103->100": 3, "103->105": 2, "105->103": 3, "105->108": 2, "108->105": 3, "109->111": 2, "111->109": 3, "111->112": 2, "112->111": 3, "112->115": 2, "115->112": 3, "115->117": 2, "117->115": 3, "117->118": 2, "118->117": 3, "118->119": 2, "119->118": 3, "119->122": 2, "122->119": 3, "122->124": 2, "124->122": 3, "124->126": 2, "126->124": 3, "126->130": 2, "130->126": 3, "130->132": 2, "132->130": 3, "132->134": 2, "134->132": 3, "134->136": 2, "136->134": 3, "136->138": 2, "138->136": 3, "139->140": 2, "140->139": 3, "140->143": 2, "143->140": 3, "143->145": 2, "145->143": 3, "145->147": 2, "147->145": 3, "147->151": 2, "151->147": 3, "151->154": 2, "154->151": 3, "154->156": 2, "156->154": 3, "156->158": 2, "158->156": 3, "158->160": 2, "160->158": 3, "160->162": 2, "162->160": 3, "162->163": 2, "163->162": 3, "163->166": 2, "166->163": 3, "166->168": 2, "168->166": 3, "168->171": 2, "171->168": 3, "172->175": 2, "175->172": 3, "175->177": 2, "177->175": 3, "177->180": 2, "180->177": 3, "180->182": 2, "182->180": 3, "182->184": 2, "184->182": 3, "184->185": 2, "185->184": 3, "185->188": 2, "188->185": 3, "188->190": 2, "190->188": 3, "190->192": 2, "192->190": 3, "192->197": 2, "197->192": 3, "197->200": 2, "200->197": 3, "200->202": 2, "202->200": 3, "202->203": 2, "203->202": 3, "203->208": 2, "208->203": 3, "208->211": 2, "211->208": 3, "211->213": 2, "213->211": 3, "213->214": 2, "214->213": 3, "214->217": 2, "217->214": 3, "217->219": 2, "219->217": 3, "219->220": 2, "220->219": 3, "220->223": 2, "223->220": 3, "223->226": 2, "226->223": 3, "227->230": 2, "230->227": 3, "231->234": 2, "234->231": 3, "235->238": 2, "238->235": 3, "239->242": 2, "242->239": 3, "243->246": 2, "246->243": 3, "29->34": 4, "34->29": 5, "34->49": 4, "49->34": 5, "49->93": 4, "93->49": 5, "93->100": 4, "100->93": 5, "100->105": 4, "105->100": 5, "105->190": 4, "190->105": 5, "190->202": 4, "202->190": 5, "202->219": 4, "219->202": 5, "42->59": 4, "59->42": 5, "59->65": 4, "65->59": 5, "197->208": 4, "208->197": 5, "208->223": 4, "223->208": 5, "223->246": 4, "246->223": 5}, "metrics": [0.0, 0.0, 4.0, 3.0, 70.0, 6.0, 0.0, 0.0, -1.0, 0.0, 1.0]}