{"nodelist": ["ClassDeclaration", "{'static'}", "static", "LocalityCostFunction", "FieldDeclaration", "{'final', 'private', 'static'}", "final", "private", "static", "ReferenceType", "String", "VariableDeclarator", "LOCALITY_COST_KEY", "Literal", "\"hbase.master.balancer.stochastic.localityCost\"", "FieldDeclaration", "{'final', 'private', 'static'}", "final", "private", "static", "BasicType", "float", "VariableDeclarator", "DEFAULT_LOCALITY_COST", "Literal", "25", "FieldDeclaration", "{'private'}", "private", "ReferenceType", "MasterServices", "VariableDeclarator", "services", "ConstructorDeclaration", "LocalityCostFunction", "FormalParameter", "ReferenceType", "Configuration", "conf", "FormalParameter", "ReferenceType", "MasterServices", "srv", "StatementExpression", "SuperConstructorInvocation", "MemberReference", "conf", "StatementExpression", "This", "MethodInvocation", "MethodInvocation", "conf", "MemberReference", "LOCALITY_COST_KEY", "MemberReference", "DEFAULT_LOCALITY_COST", "getFloat", "setMultiplier", "StatementExpression", "Assignment", "This", "MemberReference", "services", "MemberReference", "srv", "=", "MethodDeclaration", "setServices", "FormalParameter", "ReferenceType", "MasterServices", "srvc", "StatementExpression", "Assignment", "This", "MemberReference", "services", "MemberReference", "srvc", "=", "MethodDeclaration", "Annotation", "Override", "BasicType", "double", "cost", "LocalVariableDeclaration", "BasicType", "double", "VariableDeclarator", "max", "Literal", "0", "LocalVariableDeclaration", "BasicType", "double", "VariableDeclarator", "cost", "Literal", "0", "IfStatement", "BinaryOperation", "==", "This", "MemberReference", "services", "Literal", "null", "BlockStatement", "ReturnStatement", "MemberReference", "cost", "ForStatement", "ForControl", "VariableDeclaration", "BasicType", "int", "VariableDeclarator", "i", "Literal", "0", "BinaryOperation", "<", "MemberReference", "i", "MemberReference", "cluster.regionLocations", "length", "MemberReference", "++", "i", "BlockStatement", "StatementExpression", "Assignment", "MemberReference", "max", "Literal", "1", "+=", "LocalVariableDeclaration", "BasicType", "int", "VariableDeclarator", "serverIndex", "MemberReference", "cluster", "ArraySelector", "MemberReference", "i", "regionIndexToServerIndex", "LocalVariableDeclaration", "BasicType", "int", "VariableDeclarator", "regionLocations", "MemberReference", "cluster", "ArraySelector", "MemberReference", "i", "regionLocations", "IfStatement", "BinaryOperation", "==", "MemberReference", "regionLocations", "Literal", "null", "BlockStatement", "ContinueStatement", "LocalVariableDeclaration", "BasicType", "int", "VariableDeclarator", "index", "Literal", "-", "1", "ForStatement", "ForControl", "VariableDeclaration", "BasicType", "int", "VariableDeclarator", "j", "Literal", "0", "BinaryOperation", "<", "MemberReference", "j", "MemberReference", "regionLocations", "length", "MemberReference", "++", "j", "BlockStatement", "IfStatement", "BinaryOperation", "&&", "BinaryOperation", ">=", "MemberReference", "ArraySelector", "MemberReference", "j", "regionLocations", "Literal", "0", "BinaryOperation", "==", "MemberReference", "ArraySelector", "MemberReference", "j", "regionLocations", "MemberReference", "serverIndex", "BlockStatement", "StatementExpression", "Assignment", "MemberReference", "index", "MemberReference", "j", "=", "BreakStatement", "IfStatement", "BinaryOperation", "<", "MemberReference", "index", "Literal", "0", "BlockStatement", "StatementExpression", "Assignment", "MemberReference", "cost", "Literal", "1", "+=", "BlockStatement", "StatementExpression", "Assignment", "MemberReference", "cost", "BinaryOperation", "-", "Literal", "1", "MethodInvocation", "cluster", "MemberReference", "i", "MemberReference", "index", "getLocalityOfRegion", "+=", "ReturnStatement", "MethodInvocation", "Literal", "0", "MemberReference", "max", "MemberReference", "cost", "scale", "ReferenceType", "CostFunction"], "nodes": {"0": "ClassDeclaration", "1": "Modifier", "2": "static", "3": "LocalityCostFunction", "4": "FieldDeclaration", "5": "Modifier", "6": "final", "7": "private", "8": "static", "9": "ReferenceType", "10": "String", "11": "VariableDeclarator", "12": "LOCALITY_COST_KEY", "13": "Literal", "14": "\"hbase.master.balancer.stochastic.localityCost\"", "15": "FieldDeclaration", "16": "Modifier", "17": "final", "18": "private", "19": "static", "20": "BasicType", "21": "float", "22": "VariableDeclarator", "23": "DEFAULT_LOCALITY_COST", "24": "Literal", "25": "25", "26": "FieldDeclaration", "27": "Modifier", "28": "private", "29": "ReferenceType", "30": "MasterServices", "31": "VariableDeclarator", "32": "services", "33": "ConstructorDeclaration", "34": "LocalityCostFunction", "35": "FormalParameter", "36": "ReferenceType", "37": "Configuration", "38": "conf", "39": "FormalParameter", "40": "ReferenceType", "41": "MasterServices", "42": "srv", "43": "StatementExpression", "44": "SuperConstructorInvocation", "45": "MemberReference", "46": "conf", "47": "StatementExpression", "48": "This", "49": "MethodInvocation", "50": "MethodInvocation", "51": "conf", "52": "MemberReference", "53": "LOCALITY_COST_KEY", "54": "MemberReference", "55": "DEFAULT_LOCALITY_COST", "56": "getFloat", "57": "setMultiplier", "58": "StatementExpression", "59": "Assignment", "60": "This", "61": "MemberReference", "62": "services", "63": "MemberReference", "64": "srv", "65": "=", "66": "MethodDeclaration", "67": "setServices", "68": "FormalParameter", "69": "ReferenceType", "70": "MasterServices", "71": "srvc", "72": "StatementExpression", "73": "Assignment", "74": "This", "75": "MemberReference", "76": "services", "77": "MemberReference", "78": "srvc", "79": "=", "80": "MethodDeclaration", "81": "Annotation", "82": "Override", "83": "BasicType", "84": "double", "85": "cost", "86": "LocalVariableDeclaration", "87": "BasicType", "88": "double", "89": "VariableDeclarator", "90": "max", "91": "Literal", "92": "0", "93": "LocalVariableDeclaration", "94": "BasicType", "95": "double", "96": "VariableDeclarator", "97": "cost", "98": "Literal", "99": "0", "100": "IfStatement", "101": "BinaryOperation", "102": "==", "103": "This", "104": "MemberReference", "105": "services", "106": "Literal", "107": "null", "108": "BlockStatement", "109": "ReturnStatement", "110": "MemberReference", "111": "cost", "112": "ForStatement", "113": "ForControl", "114": "VariableDeclaration", "115": "BasicType", "116": "int", "117": "VariableDeclarator", "118": "i", "119": "Literal", "120": "0", "121": "BinaryOperation", "122": "<", "123": "MemberReference", "124": "i", "125": "MemberReference", "126": "cluster.regionLocations", "127": "length", "128": "MemberReference", "129": "++", "130": "i", "131": "BlockStatement", "132": "StatementExpression", "133": "Assignment", "134": "MemberReference", "135": "max", "136": "Literal", "137": "1", "138": "+=", "139": "LocalVariableDeclaration", "140": "BasicType", "141": "int", "142": "VariableDeclarator", "143": "serverIndex", "144": "MemberReference", "145": "cluster", "146": "ArraySelector", "147": "MemberReference", "148": "i", "149": "regionIndexToServerIndex", "150": "LocalVariableDeclaration", "151": "BasicType", "152": "int", "153": "VariableDeclarator", "154": "regionLocations", "155": "MemberReference", "156": "cluster", "157": "ArraySelector", "158": "MemberReference", "159": "i", "160": "regionLocations", "161": "IfStatement", "162": "BinaryOperation", "163": "==", "164": "MemberReference", "165": "regionLocations", "166": "Literal", "167": "null", "168": "BlockStatement", "169": "ContinueStatement", "170": "LocalVariableDeclaration", "171": "BasicType", "172": "int", "173": "VariableDeclarator", "174": "index", "175": "Literal", "176": "-", "177": "1", "178": "ForStatement", "179": "ForControl", "180": "VariableDeclaration", "181": "BasicType", "182": "int", "183": "VariableDeclarator", "184": "j", "185": "Literal", "186": "0", "187": "BinaryOperation", "188": "<", "189": "MemberReference", "190": "j", "191": "MemberReference", "192": "regionLocations", "193": "length", "194": "MemberReference", "195": "++", "196": "j", "197": "BlockStatement", "198": "IfStatement", "199": "BinaryOperation", "200": "&&", "201": "BinaryOperation", "202": ">=", "203": "MemberReference", "204": "ArraySelector", "205": "MemberReference", "206": "j", "207": "regionLocations", "208": "Literal", "209": "0", "210": "BinaryOperation", "211": "==", "212": "MemberReference", "213": "ArraySelector", "214": "MemberReference", "215": "j", "216": "regionLocations", "217": "MemberReference", "218": "serverIndex", "219": "BlockStatement", "220": "StatementExpression", "221": "Assignment", "222": "MemberReference", "223": "index", "224": "MemberReference", "225": "j", "226": "=", "227": "BreakStatement", "228": "IfStatement", "229": "BinaryOperation", "230": "<", "231": "MemberReference", "232": "index", "233": "Literal", "234": "0", "235": "BlockStatement", "236": "StatementExpression", "237": "Assignment", "238": "MemberReference", "239": "cost", "240": "Literal", "241": "1", "242": "+=", "243": "BlockStatement", "244": "StatementExpression", "245": "Assignment", "246": "MemberReference", "247": "cost", "248": "BinaryOperation", "249": "-", "250": "Literal", "251": "1", "252": "MethodInvocation", "253": "cluster", "254": "MemberReference", "255": "i", "256": "MemberReference", "257": "index", "258": "getLocalityOfRegion", "259": "+=", "260": "ReturnStatement", "261": "MethodInvocation", "262": "Literal", "263": "0", "264": "MemberReference", "265": "max", "266": "MemberReference", "267": "cost", "268": "scale", "269": "ReferenceType", "270": "CostFunction"}, "edges": {"0->1": 0, "1->0": 0, "1->2": 0, "2->1": 0, "0->3": 0, "3->0": 0, "0->4": 0, "4->0": 0, "4->5": 0, "5->4": 0, "5->6": 0, "6->5": 0, "5->7": 0, "7->5": 0, "5->8": 0, "8->5": 0, "4->9": 0, "9->4": 0, "9->10": 0, "10->9": 0, "4->11": 0, "11->4": 0, "11->12": 0, "12->11": 0, "11->13": 0, "13->11": 0, "13->14": 0, "14->13": 0, "0->15": 0, "15->0": 0, "15->16": 0, "16->15": 0, "16->17": 0, "17->16": 0, "16->18": 0, "18->16": 0, "16->19": 0, "19->16": 0, "15->20": 0, "20->15": 0, "20->21": 0, "21->20": 0, "15->22": 0, "22->15": 0, "22->23": 0, "23->22": 0, "22->24": 0, "24->22": 0, "24->25": 0, "25->24": 0, "0->26": 0, "26->0": 0, "26->27": 0, "27->26": 0, "27->28": 0, "28->27": 0, "26->29": 0, "29->26": 0, "29->30": 0, "30->29": 0, "26->31": 0, "31->26": 0, "31->32": 0, "32->31": 0, "0->33": 0, "33->0": 0, "33->34": 0, "34->33": 0, "33->35": 0, "35->33": 0, "35->36": 0, "36->35": 0, "36->37": 0, "37->36": 0, "35->38": 0, "38->35": 0, "33->39": 0, "39->33": 0, "39->40": 0, "40->39": 0, "40->41": 0, "41->40": 0, "39->42": 0, "42->39": 0, "33->43": 0, "43->33": 0, "43->44": 0, "44->43": 0, "44->45": 0, "45->44": 0, "45->46": 0, "46->45": 0, "33->47": 0, "47->33": 0, "47->48": 0, "48->47": 0, "48->49": 0, "49->48": 0, "49->50": 0, "50->49": 0, "50->51": 0, "51->50": 0, "50->52": 0, "52->50": 0, "52->53": 0, "53->52": 0, "50->54": 0, "54->50": 0, "54->55": 0, "55->54": 0, "50->56": 0, "56->50": 0, "49->57": 0, "57->49": 0, "33->58": 0, "58->33": 0, "58->59": 0, "59->58": 0, "59->60": 0, "60->59": 0, "60->61": 0, "61->60": 0, "61->62": 0, "62->61": 0, "59->63": 0, "63->59": 0, "63->64": 0, "64->63": 0, "59->65": 0, "65->59": 0, "0->66": 0, "66->0": 0, "66->67": 0, "67->66": 0, "66->68": 0, "68->66": 0, "68->69": 0, "69->68": 0, "69->70": 0, "70->69": 0, "68->71": 0, "71->68": 0, "66->72": 0, "72->66": 0, "72->73": 0, "73->72": 0, "73->74": 0, "74->73": 0, "74->75": 0, "75->74": 0, "75->76": 0, "76->75": 0, "73->77": 0, "77->73": 0, "77->78": 0, "78->77": 0, "73->79": 0, "79->73": 0, "0->80": 0, "80->0": 0, "80->81": 0, "81->80": 0, "81->82": 0, "82->81": 0, "80->83": 0, "83->80": 0, "83->84": 0, "84->83": 0, "80->85": 0, "85->80": 0, "80->86": 0, "86->80": 0, "86->87": 0, "87->86": 0, "87->88": 0, "88->87": 0, "86->89": 0, "89->86": 0, "89->90": 0, "90->89": 0, "89->91": 0, "91->89": 0, "91->92": 0, "92->91": 0, "80->93": 0, "93->80": 0, "93->94": 0, "94->93": 0, "94->95": 0, "95->94": 0, "93->96": 0, "96->93": 0, "96->97": 0, "97->96": 0, "96->98": 0, "98->96": 0, "98->99": 0, "99->98": 0, "80->100": 0, "100->80": 0, "100->101": 0, "101->100": 0, "101->102": 0, "102->101": 0, "101->103": 0, "103->101": 0, "103->104": 0, "104->103": 0, "104->105": 0, "105->104": 0, "101->106": 0, "106->101": 0, "106->107": 0, "107->106": 0, "100->108": 0, "108->100": 0, "108->109": 0, "109->108": 0, "109->110": 0, "110->109": 0, "110->111": 0, "111->110": 0, "80->112": 0, "112->80": 0, "112->113": 0, "113->112": 0, "113->114": 0, "114->113": 0, "114->115": 0, "115->114": 0, "115->116": 0, "116->115": 0, "114->117": 0, "117->114": 0, "117->118": 0, "118->117": 0, "117->119": 0, "119->117": 0, "119->120": 0, "120->119": 0, "113->121": 0, "121->113": 0, "121->122": 0, "122->121": 0, "121->123": 0, "123->121": 0, "123->124": 0, "124->123": 0, "121->125": 0, "125->121": 0, "125->126": 0, "126->125": 0, "125->127": 0, "127->125": 0, "113->128": 0, "128->113": 0, "128->129": 0, "129->128": 0, "128->130": 0, "130->128": 0, "112->131": 0, "131->112": 0, "131->132": 0, "132->131": 0, "132->133": 0, "133->132": 0, "133->134": 0, "134->133": 0, "134->135": 0, "135->134": 0, "133->136": 0, "136->133": 0, "136->137": 0, "137->136": 0, "133->138": 0, "138->133": 0, "131->139": 0, "139->131": 0, "139->140": 0, "140->139": 0, "140->141": 0, "141->140": 0, "139->142": 0, "142->139": 0, "142->143": 0, "143->142": 0, "142->144": 0, "144->142": 0, "144->145": 0, "145->144": 0, "144->146": 0, "146->144": 0, "146->147": 0, "147->146": 0, "147->148": 0, "148->147": 0, "144->149": 0, "149->144": 0, "131->150": 0, "150->131": 0, "150->151": 0, "151->150": 0, "151->152": 0, "152->151": 0, "150->153": 0, "153->150": 0, "153->154": 0, "154->153": 0, "153->155": 0, "155->153": 0, "155->156": 0, "156->155": 0, "155->157": 0, "157->155": 0, "157->158": 0, "158->157": 0, "158->159": 0, "159->158": 0, "155->160": 0, "160->155": 0, "131->161": 0, "161->131": 0, "161->162": 0, "162->161": 0, "162->163": 0, "163->162": 0, "162->164": 0, "164->162": 0, "164->165": 0, "165->164": 0, "162->166": 0, "166->162": 0, "166->167": 0, "167->166": 0, "161->168": 0, "168->161": 0, "168->169": 0, "169->168": 0, "131->170": 0, "170->131": 0, "170->171": 0, "171->170": 0, "171->172": 0, "172->171": 0, "170->173": 0, "173->170": 0, "173->174": 0, "174->173": 0, "173->175": 0, "175->173": 0, "175->176": 0, "176->175": 0, "175->177": 0, "177->175": 0, "131->178": 0, "178->131": 0, "178->179": 0, "179->178": 0, "179->180": 0, "180->179": 0, "180->181": 0, "181->180": 0, "181->182": 0, "182->181": 0, "180->183": 0, "183->180": 0, "183->184": 0, "184->183": 0, "183->185": 0, "185->183": 0, "185->186": 0, "186->185": 0, "179->187": 0, "187->179": 0, "187->188": 0, "188->187": 0, "187->189": 0, "189->187": 0, "189->190": 0, "190->189": 0, "187->191": 0, "191->187": 0, "191->192": 0, "192->191": 0, "191->193": 0, "193->191": 0, "179->194": 0, "194->179": 0, "194->195": 0, "195->194": 0, "194->196": 0, "196->194": 0, "178->197": 0, "197->178": 0, "197->198": 0, "198->197": 0, "198->199": 0, "199->198": 0, "199->200": 0, "200->199": 0, "199->201": 0, "201->199": 0, "201->202": 0, "202->201": 0, "201->203": 0, "203->201": 0, "203->204": 0, "204->203": 0, "204->205": 0, "205->204": 0, "205->206": 0, "206->205": 0, "203->207": 0, "207->203": 0, "201->208": 0, "208->201": 0, "208->209": 0, "209->208": 0, "199->210": 0, "210->199": 0, "210->211": 0, "211->210": 0, "210->212": 0, "212->210": 0, "212->213": 0, "213->212": 0, "213->214": 0, "214->213": 0, "214->215": 0, "215->214": 0, "212->216": 0, "216->212": 0, "210->217": 0, "217->210": 0, "217->218": 0, "218->217": 0, "198->219": 0, "219->198": 0, "219->220": 0, "220->219": 0, "220->221": 0, "221->220": 0, "221->222": 0, "222->221": 0, "222->223": 0, "223->222": 0, "221->224": 0, "224->221": 0, "224->225": 0, "225->224": 0, "221->226": 0, "226->221": 0, "219->227": 0, "227->219": 0, "131->228": 0, "228->131": 0, "228->229": 0, "229->228": 0, "229->230": 0, "230->229": 0, "229->231": 0, "231->229": 0, "231->232": 0, "232->231": 0, "229->233": 0, "233->229": 0, "233->234": 0, "234->233": 0, "228->235": 0, "235->228": 0, "235->236": 0, "236->235": 0, "236->237": 0, "237->236": 0, "237->238": 0, "238->237": 0, "238->239": 0, "239->238": 0, "237->240": 0, "240->237": 0, "240->241": 0, "241->240": 0, "237->242": 0, "242->237": 0, "228->243": 0, "243->228": 0, "243->244": 0, "244->243": 0, "244->245": 0, "245->244": 0, "245->246": 0, "246->245": 0, "246->247": 0, "247->246": 0, "245->248": 0, "248->245": 0, "248->249": 0, "249->248": 0, "248->250": 0, "250->248": 0, "250->251": 0, "251->250": 0, "248->252": 0, "252->248": 0, "252->253": 0, "253->252": 0, "252->254": 0, "254->252": 0, "254->255": 0, "255->254": 0, "252->256": 0, "256->252": 0, "256->257": 0, "257->256": 0, "252->258": 0, "258->252": 0, "245->259": 0, "259->245": 0, "80->260": 0, "260->80": 0, "260->261": 0, "261->260": 0, "261->262": 0, "262->261": 0, "262->263": 0, "263->262": 0, "261->264": 0, "264->261": 0, "264->265": 0, "265->264": 0, "261->266": 0, "266->261": 0, "266->267": 0, "267->266": 0, "261->268": 0, "268->261": 0, "0->269": 0, "269->0": 0, "269->270": 0, "270->269": 0, "1->3": 1, "3->1": 12, "3->4": 1, "4->3": 12, "4->15": 1, "15->4": 12, "15->26": 1, "26->15": 12, "26->33": 1, "33->26": 12, "33->66": 1, "66->33": 12, "66->80": 1, "80->66": 12, "80->269": 1, "269->80": 12, "5->9": 1, "9->5": 12, "9->11": 1, "11->9": 12, "6->7": 2, "7->6": 3, "7->8": 2, "8->7": 3, "12->13": 1, "13->12": 12, "16->20": 1, "20->16": 12, "20->22": 1, "22->20": 12, "17->18": 2, "18->17": 3, "18->19": 2, "19->18": 3, "23->24": 1, "24->23": 12, "27->29": 1, "29->27": 12, "29->31": 1, "31->29": 12, "34->35": 1, "35->34": 12, "35->39": 1, "39->35": 12, "39->43": 1, "43->39": 12, "43->47": 1, "47->43": 12, "47->58": 1, "58->47": 12, "36->38": 1, "38->36": 12, "40->42": 1, "42->40": 12, "50->57": 1, "57->50": 12, "51->52": 1, "52->51": 12, "52->54": 1, "54->52": 12, "54->56": 1, "56->54": 12, "60->63": 1, "63->60": 12, "63->65": 1, "65->63": 12, "67->68": 1, "68->67": 12, "68->72": 1, "72->68": 12, "69->71": 1, "71->69": 12, "74->77": 1, "77->74": 12, "77->79": 1, "79->77": 12, "81->83": 1, "83->81": 12, "83->85": 1, "85->83": 12, "85->86": 1, "86->85": 12, "86->93": 1, "93->86": 12, "93->100": 1, "100->93": 12, "100->112": 1, "112->100": 12, "112->260": 1, "260->112": 12, "87->89": 1, "89->87": 12, "90->91": 1, "91->90": 12, "94->96": 1, "96->94": 12, "97->98": 1, "98->97": 12, "101->108": 6, "108->101": 6, "102->103": 1, "103->102": 12, "103->106": 1, "106->103": 12, "113->131": 9, "131->113": 9, "114->121": 1, "121->114": 12, "121->128": 1, "128->121": 12, "115->117": 1, "117->115": 12, "118->119": 1, "119->118": 12, "122->123": 1, "123->122": 12, "123->125": 1, "125->123": 12, "126->127": 2, "127->126": 3, "129->130": 2, "130->129": 3, "132->139": 10, "139->132": 11, "139->150": 10, "150->139": 11, "150->161": 10, "161->150": 11, "161->170": 10, "170->161": 11, "170->178": 10, "178->170": 11, "178->228": 10, "228->178": 11, "134->136": 1, "136->134": 12, "136->138": 1, "138->136": 12, "140->142": 1, "142->140": 12, "143->144": 1, "144->143": 12, "145->146": 1, "146->145": 12, "146->149": 1, "149->146": 12, "151->153": 1, "153->151": 12, "154->155": 1, "155->154": 12, "156->157": 1, "157->156": 12, "157->160": 1, "160->157": 12, "162->168": 6, "168->162": 6, "163->164": 1, "164->163": 12, "164->166": 1, "166->164": 12, "171->173": 1, "173->171": 12, "174->175": 1, "175->174": 12, "176->177": 2, "177->176": 3, "179->197": 9, "197->179": 9, "180->187": 1, "187->180": 12, "187->194": 1, "194->187": 12, "181->183": 1, "183->181": 12, "184->185": 1, "185->184": 12, "188->189": 1, "189->188": 12, "189->191": 1, "191->189": 12, "192->193": 2, "193->192": 3, "195->196": 2, "196->195": 3, "199->219": 6, "219->199": 6, "200->201": 1, "201->200": 12, "201->210": 1, "210->201": 12, "202->203": 1, "203->202": 12, "203->208": 1, "208->203": 12, "204->207": 1, "207->204": 12, "211->212": 1, "212->211": 12, "212->217": 1, "217->212": 12, "213->216": 1, "216->213": 12, "220->227": 10, "227->220": 11, "222->224": 1, "224->222": 12, "224->226": 1, "226->224": 12, "229->235": 6, "235->229": 6, "235->243": 1, "243->235": 12, "230->231": 1, "231->230": 12, "231->233": 1, "233->231": 12, "238->240": 1, "240->238": 12, "240->242": 1, "242->240": 12, "246->248": 1, "248->246": 12, "248->259": 1, "259->248": 12, "249->250": 1, "250->249": 12, "250->252": 1, "252->250": 12, "253->254": 1, "254->253": 12, "254->256": 1, "256->254": 12, "256->258": 1, "258->256": 12, "262->264": 1, "264->262": 12, "264->266": 1, "266->264": 12, "266->268": 1, "268->266": 12, "229->243": 7, "243->229": 7, "2->3": 2, "3->2": 3, "3->6": 2, "6->3": 3, "8->10": 2, "10->8": 3, "10->12": 2, "12->10": 3, "12->14": 2, "14->12": 3, "14->17": 2, "17->14": 3, "19->21": 2, "21->19": 3, "21->23": 2, "23->21": 3, "23->25": 2, "25->23": 3, "25->28": 2, "28->25": 3, "28->30": 2, "30->28": 3, "30->32": 2, "32->30": 3, "32->34": 2, "34->32": 3, "34->37": 2, "37->34": 3, "37->38": 2, "38->37": 3, "38->41": 2, "41->38": 3, "41->42": 2, "42->41": 3, "42->46": 2, "46->42": 3, "46->51": 2, "51->46": 3, "51->53": 2, "53->51": 3, "53->55": 2, "55->53": 3, "55->56": 2, "56->55": 3, "56->57": 2, "57->56": 3, "57->62": 2, "62->57": 3, "62->64": 2, "64->62": 3, "64->65": 2, "65->64": 3, "65->67": 2, "67->65": 3, "67->70": 2, "70->67": 3, "70->71": 2, "71->70": 3, "71->76": 2, "76->71": 3, "76->78": 2, "78->76": 3, "78->79": 2, "79->78": 3, "79->82": 2, "82->79": 3, "82->84": 2, "84->82": 3, "84->85": 2, "85->84": 3, "85->88": 2, "88->85": 3, "88->90": 2, "90->88": 3, "90->92": 2, "92->90": 3, "92->95": 2, "95->92": 3, "95->97": 2, "97->95": 3, "97->99": 2, "99->97": 3, "99->102": 2, "102->99": 3, "102->105": 2, "105->102": 3, "105->107": 2, "107->105": 3, "107->111": 2, "111->107": 3, "111->116": 2, "116->111": 3, "116->118": 2, "118->116": 3, "118->120": 2, "120->118": 3, "120->122": 2, "122->120": 3, "122->124": 2, "124->122": 3, "124->126": 2, "126->124": 3, "127->129": 2, "129->127": 3, "130->135": 2, "135->130": 3, "135->137": 2, "137->135": 3, "137->138": 2, "138->137": 3, "138->141": 2, "141->138": 3, "141->143": 2, "143->141": 3, "143->145": 2, "145->143": 3, "145->148": 2, "148->145": 3, "148->149": 2, "149->148": 3, "149->152": 2, "152->149": 3, "152->154": 2, "154->152": 3, "154->156": 2, "156->154": 3, "156->159": 2, "159->156": 3, "159->160": 2, "160->159": 3, "160->163": 2, "163->160": 3, "163->165": 2, "165->163": 3, "165->167": 2, "167->165": 3, "167->169": 2, "169->167": 3, "169->172": 2, "172->169": 3, "172->174": 2, "174->172": 3, "174->176": 2, "176->174": 3, "177->182": 2, "182->177": 3, "182->184": 2, "184->182": 3, "184->186": 2, "186->184": 3, "186->188": 2, "188->186": 3, "188->190": 2, "190->188": 3, "190->192": 2, "192->190": 3, "193->195": 2, "195->193": 3, "196->200": 2, "200->196": 3, "200->202": 2, "202->200": 3, "202->206": 2, "206->202": 3, "206->207": 2, "207->206": 3, "207->209": 2, "209->207": 3, "209->211": 2, "211->209": 3, "211->215": 2, "215->211": 3, "215->216": 2, "216->215": 3, "216->218": 2, "218->216": 3, "218->223": 2, "223->218": 3, "223->225": 2, "225->223": 3, "225->226": 2, "226->225": 3, "226->227": 2, "227->226": 3, "227->230": 2, "230->227": 3, "230->232": 2, "232->230": 3, "232->234": 2, "234->232": 3, "234->239": 2, "239->234": 3, "239->241": 2, "241->239": 3, "241->242": 2, "242->241": 3, "242->247": 2, "247->242": 3, "247->249": 2, "249->247": 3, "249->251": 2, "251->249": 3, "251->253": 2, "253->251": 3, "253->255": 2, "255->253": 3, "255->257": 2, "257->255": 3, "257->258": 2, "258->257": 3, "258->259": 2, "259->258": 3, "259->263": 2, "263->259": 3, "263->265": 2, "265->263": 3, "265->267": 2, "267->265": 3, "267->268": 2, "268->267": 3, "268->270": 2, "270->268": 3, "62->76": 4, "76->62": 5, "76->105": 4, "105->76": 5, "111->239": 4, "239->111": 5, "239->247": 4, "247->239": 5, "247->267": 4, "267->247": 5, "124->130": 4, "130->124": 5, "130->148": 4, "148->130": 5, "148->159": 4, "159->148": 5, "159->255": 4, "255->159": 5, "127->193": 4, "193->127": 5, "135->265": 4, "265->135": 5, "160->165": 4, "165->160": 5, "165->207": 4, "207->165": 5, "207->216": 4, "216->207": 5, "190->196": 4, "196->190": 5, "196->206": 4, "206->196": 5, "206->215": 4, "215->206": 5, "215->225": 4, "225->215": 5, "223->232": 4, "232->223": 5, "232->257": 4, "257->232": 5}, "metrics": [3.0, 0.0, 3.0, 0.0, 45.0, 9.0, 0.0, 1.0, 0.0, 1.0, 1.0]}