{"nodelist": ["ClassDeclaration", "{'private', 'static'}", "private", "static", "HFileBlockPair", "FieldDeclaration", "ReferenceType", "BlockCacheKey", "VariableDeclarator", "blockName", "FieldDeclaration", "ReferenceType", "HFileBlock", "VariableDeclarator", "block"], "nodes": {"0": "ClassDeclaration", "1": "Modifier", "2": "private", "3": "static", "4": "HFileBlockPair", "5": "FieldDeclaration", "6": "ReferenceType", "7": "BlockCacheKey", "8": "VariableDeclarator", "9": "blockName", "10": "FieldDeclaration", "11": "ReferenceType", "12": "HFileBlock", "13": "VariableDeclarator", "14": "block"}, "edges": {"0->1": 0, "1->0": 0, "1->2": 0, "2->1": 0, "1->3": 0, "3->1": 0, "0->4": 0, "4->0": 0, "0->5": 0, "5->0": 0, "5->6": 0, "6->5": 0, "6->7": 0, "7->6": 0, "5->8": 0, "8->5": 0, "8->9": 0, "9->8": 0, "0->10": 0, "10->0": 0, "10->11": 0, "11->10": 0, "11->12": 0, "12->11": 0, "10->13": 0, "13->10": 0, "13->14": 0, "14->13": 0, "1->4": 1, "4->1": 12, "4->5": 1, "5->4": 12, "5->10": 1, "10->5": 12, "2->3": 2, "3->2": 3, "6->8": 1, "8->6": 12, "11->13": 1, "13->11": 12, "3->4": 2, "4->3": 3, "4->7": 2, "7->4": 3, "7->9": 2, "9->7": 3, "9->12": 2, "12->9": 3, "12->14": 2, "14->12": 3}, "metrics": [2.0, 0.0, 0.0, 0.0, 4.0, 0.0, 0.0, 0.0, -1.0, 1.0, 2.0]}