{"nodelist": ["ClassDeclaration", "StoreFileScanner", "FieldDeclaration", "{'private'}", "private", "ReferenceType", "HFileScanner", "VariableDeclarator", "hfs", "FieldDeclaration", "{'private'}", "private", "ReferenceType", "KeyValue", "VariableDeclarator", "cur", "Literal", "null", "ConstructorDeclaration", "{'public'}", "public", "StoreFileScanner", "FormalParameter", "ReferenceType", "HFileScanner", "hfs", "StatementExpression", "Assignment", "This", "MemberReference", "hfs", "MemberReference", "hfs", "=", "MethodDeclaration", "{'public'}", "public", "ReferenceType", "String", "toString", "ReturnStatement", "BinaryOperation", "+", "BinaryOperation", "+", "BinaryOperation", "+", "BinaryOperation", "+", "Literal", "\"StoreFileScanner[\"", "MethodInvocation", "hfs", "toString", "Literal", "\", cur=\"", "MemberReference", "cur", "Literal", "\"]\"", "MethodDeclaration", "{'public'}", "public", "ReferenceType", "KeyValue", "peek", "ReturnStatement", "MemberReference", "cur", "MethodDeclaration", "{'public'}", "public", "ReferenceType", "KeyValue", "next", "LocalVariableDeclaration", "ReferenceType", "KeyValue", "VariableDeclarator", "retKey", "MemberReference", "cur", "StatementExpression", "Assignment", "MemberReference", "cur", "MethodInvocation", "hfs", "getKeyValue", "=", "TryStatement", "IfStatement", "BinaryOperation", "!=", "MemberReference", "cur", "Literal", "null", "StatementExpression", "MethodInvocation", "hfs", "next", "CatchClause", "CatchClauseParameter", "IOException", "e", "ThrowStatement", "ClassCreator", "ReferenceType", "RuntimeException", "MemberReference", "e", "ReturnStatement", "MemberReference", "retKey", "MethodDeclaration", "{'public'}", "public", "BasicType", "boolean", "seek", "FormalParameter", "ReferenceType", "KeyValue", "key", "TryStatement", "IfStatement", "MethodInvocation", "!", "MemberReference", "hfs", "MemberReference", "key", "seekAtOrAfter", "BlockStatement", "StatementExpression", "MethodInvocation", "close", "ReturnStatement", "Literal", "false", "StatementExpression", "Assignment", "MemberReference", "cur", "MethodInvocation", "hfs", "getKeyValue", "=", "StatementExpression", "MethodInvocation", "hfs", "next", "ReturnStatement", "Literal", "true", "CatchClause", "CatchClauseParameter", "IOException", "ioe", "StatementExpression", "MethodInvocation", "close", "ReturnStatement", "Literal", "false", "MethodDeclaration", "{'public'}", "public", "close", "StatementExpression", "Assignment", "MemberReference", "cur", "Literal", "null", "=", "MethodDeclaration", "{'public', 'static'}", "public", "static", "BasicType", "boolean", "seekAtOrAfter", "FormalParameter", "ReferenceType", "HFileScanner", "s", "FormalParameter", "ReferenceType", "KeyValue", "k", "IOException", "LocalVariableDeclaration", "BasicType", "int", "VariableDeclarator", "result", "MethodInvocation", "s", "MethodInvocation", "k", "getBuffer", "MethodInvocation", "k", "getKeyOffset", "MethodInvocation", "k", "getKeyLength", "seekTo", "IfStatement", "BinaryOperation", "<", "MemberReference", "result", "Literal", "0", "BlockStatement", "ReturnStatement", "MethodInvocation", "s", "seekTo", "IfStatement", "BinaryOperation", ">", "MemberReference", "result", "Literal", "0", "BlockStatement", "ReturnStatement", "MethodInvocation", "s", "next", "ReturnStatement", "Literal", "true", "ReferenceType", "KeyValueScanner"], "nodes": {"0": "ClassDeclaration", "1": "StoreFileScanner", "2": "FieldDeclaration", "3": "Modifier", "4": "private", "5": "ReferenceType", "6": "HFileScanner", "7": "VariableDeclarator", "8": "hfs", "9": "FieldDeclaration", "10": "Modifier", "11": "private", "12": "ReferenceType", "13": "KeyValue", "14": "VariableDeclarator", "15": "cur", "16": "Literal", "17": "null", "18": "ConstructorDeclaration", "19": "Modifier", "20": "public", "21": "StoreFileScanner", "22": "FormalParameter", "23": "ReferenceType", "24": "HFileScanner", "25": "hfs", "26": "StatementExpression", "27": "Assignment", "28": "This", "29": "MemberReference", "30": "hfs", "31": "MemberReference", "32": "hfs", "33": "=", "34": "MethodDeclaration", "35": "Modifier", "36": "public", "37": "ReferenceType", "38": "String", "39": "toString", "40": "ReturnStatement", "41": "BinaryOperation", "42": "+", "43": "BinaryOperation", "44": "+", "45": "BinaryOperation", "46": "+", "47": "BinaryOperation", "48": "+", "49": "Literal", "50": "\"StoreFileScanner[\"", "51": "MethodInvocation", "52": "hfs", "53": "toString", "54": "Literal", "55": "\", cur=\"", "56": "MemberReference", "57": "cur", "58": "Literal", "59": "\"]\"", "60": "MethodDeclaration", "61": "Modifier", "62": "public", "63": "ReferenceType", "64": "KeyValue", "65": "peek", "66": "ReturnStatement", "67": "MemberReference", "68": "cur", "69": "MethodDeclaration", "70": "Modifier", "71": "public", "72": "ReferenceType", "73": "KeyValue", "74": "next", "75": "LocalVariableDeclaration", "76": "ReferenceType", "77": "KeyValue", "78": "VariableDeclarator", "79": "retKey", "80": "MemberReference", "81": "cur", "82": "StatementExpression", "83": "Assignment", "84": "MemberReference", "85": "cur", "86": "MethodInvocation", "87": "hfs", "88": "getKeyValue", "89": "=", "90": "TryStatement", "91": "IfStatement", "92": "BinaryOperation", "93": "!=", "94": "MemberReference", "95": "cur", "96": "Literal", "97": "null", "98": "StatementExpression", "99": "MethodInvocation", "100": "hfs", "101": "next", "102": "CatchClause", "103": "CatchClauseParameter", "104": "IOException", "105": "e", "106": "ThrowStatement", "107": "ClassCreator", "108": "ReferenceType", "109": "RuntimeException", "110": "MemberReference", "111": "e", "112": "ReturnStatement", "113": "MemberReference", "114": "retKey", "115": "MethodDeclaration", "116": "Modifier", "117": "public", "118": "BasicType", "119": "boolean", "120": "seek", "121": "FormalParameter", "122": "ReferenceType", "123": "KeyValue", "124": "key", "125": "TryStatement", "126": "IfStatement", "127": "MethodInvocation", "128": "!", "129": "MemberReference", "130": "hfs", "131": "MemberReference", "132": "key", "133": "seekAtOrAfter", "134": "BlockStatement", "135": "StatementExpression", "136": "MethodInvocation", "137": "close", "138": "ReturnStatement", "139": "Literal", "140": "false", "141": "StatementExpression", "142": "Assignment", "143": "MemberReference", "144": "cur", "145": "MethodInvocation", "146": "hfs", "147": "getKeyValue", "148": "=", "149": "StatementExpression", "150": "MethodInvocation", "151": "hfs", "152": "next", "153": "ReturnStatement", "154": "Literal", "155": "true", "156": "CatchClause", "157": "CatchClauseParameter", "158": "IOException", "159": "ioe", "160": "StatementExpression", "161": "MethodInvocation", "162": "close", "163": "ReturnStatement", "164": "Literal", "165": "false", "166": "MethodDeclaration", "167": "Modifier", "168": "public", "169": "close", "170": "StatementExpression", "171": "Assignment", "172": "MemberReference", "173": "cur", "174": "Literal", "175": "null", "176": "=", "177": "MethodDeclaration", "178": "Modifier", "179": "public", "180": "static", "181": "BasicType", "182": "boolean", "183": "seekAtOrAfter", "184": "FormalParameter", "185": "ReferenceType", "186": "HFileScanner", "187": "s", "188": "FormalParameter", "189": "ReferenceType", "190": "KeyValue", "191": "k", "192": "IOException", "193": "LocalVariableDeclaration", "194": "BasicType", "195": "int", "196": "VariableDeclarator", "197": "result", "198": "MethodInvocation", "199": "s", "200": "MethodInvocation", "201": "k", "202": "getBuffer", "203": "MethodInvocation", "204": "k", "205": "getKeyOffset", "206": "MethodInvocation", "207": "k", "208": "getKeyLength", "209": "seekTo", "210": "IfStatement", "211": "BinaryOperation", "212": "<", "213": "MemberReference", "214": "result", "215": "Literal", "216": "0", "217": "BlockStatement", "218": "ReturnStatement", "219": "MethodInvocation", "220": "s", "221": "seekTo", "222": "IfStatement", "223": "BinaryOperation", "224": ">", "225": "MemberReference", "226": "result", "227": "Literal", "228": "0", "229": "BlockStatement", "230": "ReturnStatement", "231": "MethodInvocation", "232": "s", "233": "next", "234": "ReturnStatement", "235": "Literal", "236": "true", "237": "ReferenceType", "238": "KeyValueScanner"}, "edges": {"0->1": 0, "1->0": 0, "0->2": 0, "2->0": 0, "2->3": 0, "3->2": 0, "3->4": 0, "4->3": 0, "2->5": 0, "5->2": 0, "5->6": 0, "6->5": 0, "2->7": 0, "7->2": 0, "7->8": 0, "8->7": 0, "0->9": 0, "9->0": 0, "9->10": 0, "10->9": 0, "10->11": 0, "11->10": 0, "9->12": 0, "12->9": 0, "12->13": 0, "13->12": 0, "9->14": 0, "14->9": 0, "14->15": 0, "15->14": 0, "14->16": 0, "16->14": 0, "16->17": 0, "17->16": 0, "0->18": 0, "18->0": 0, "18->19": 0, "19->18": 0, "19->20": 0, "20->19": 0, "18->21": 0, "21->18": 0, "18->22": 0, "22->18": 0, "22->23": 0, "23->22": 0, "23->24": 0, "24->23": 0, "22->25": 0, "25->22": 0, "18->26": 0, "26->18": 0, "26->27": 0, "27->26": 0, "27->28": 0, "28->27": 0, "28->29": 0, "29->28": 0, "29->30": 0, "30->29": 0, "27->31": 0, "31->27": 0, "31->32": 0, "32->31": 0, "27->33": 0, "33->27": 0, "0->34": 0, "34->0": 0, "34->35": 0, "35->34": 0, "35->36": 0, "36->35": 0, "34->37": 0, "37->34": 0, "37->38": 0, "38->37": 0, "34->39": 0, "39->34": 0, "34->40": 0, "40->34": 0, "40->41": 0, "41->40": 0, "41->42": 0, "42->41": 0, "41->43": 0, "43->41": 0, "43->44": 0, "44->43": 0, "43->45": 0, "45->43": 0, "45->46": 0, "46->45": 0, "45->47": 0, "47->45": 0, "47->48": 0, "48->47": 0, "47->49": 0, "49->47": 0, "49->50": 0, "50->49": 0, "47->51": 0, "51->47": 0, "51->52": 0, "52->51": 0, "51->53": 0, "53->51": 0, "45->54": 0, "54->45": 0, "54->55": 0, "55->54": 0, "43->56": 0, "56->43": 0, "56->57": 0, "57->56": 0, "41->58": 0, "58->41": 0, "58->59": 0, "59->58": 0, "0->60": 0, "60->0": 0, "60->61": 0, "61->60": 0, "61->62": 0, "62->61": 0, "60->63": 0, "63->60": 0, "63->64": 0, "64->63": 0, "60->65": 0, "65->60": 0, "60->66": 0, "66->60": 0, "66->67": 0, "67->66": 0, "67->68": 0, "68->67": 0, "0->69": 0, "69->0": 0, "69->70": 0, "70->69": 0, "70->71": 0, "71->70": 0, "69->72": 0, "72->69": 0, "72->73": 0, "73->72": 0, "69->74": 0, "74->69": 0, "69->75": 0, "75->69": 0, "75->76": 0, "76->75": 0, "76->77": 0, "77->76": 0, "75->78": 0, "78->75": 0, "78->79": 0, "79->78": 0, "78->80": 0, "80->78": 0, "80->81": 0, "81->80": 0, "69->82": 0, "82->69": 0, "82->83": 0, "83->82": 0, "83->84": 0, "84->83": 0, "84->85": 0, "85->84": 0, "83->86": 0, "86->83": 0, "86->87": 0, "87->86": 0, "86->88": 0, "88->86": 0, "83->89": 0, "89->83": 0, "69->90": 0, "90->69": 0, "90->91": 0, "91->90": 0, "91->92": 0, "92->91": 0, "92->93": 0, "93->92": 0, "92->94": 0, "94->92": 0, "94->95": 0, "95->94": 0, "92->96": 0, "96->92": 0, "96->97": 0, "97->96": 0, "91->98": 0, "98->91": 0, "98->99": 0, "99->98": 0, "99->100": 0, "100->99": 0, "99->101": 0, "101->99": 0, "90->102": 0, "102->90": 0, "102->103": 0, "103->102": 0, "103->104": 0, "104->103": 0, "103->105": 0, "105->103": 0, "102->106": 0, "106->102": 0, "106->107": 0, "107->106": 0, "107->108": 0, "108->107": 0, "108->109": 0, "109->108": 0, "107->110": 0, "110->107": 0, "110->111": 0, "111->110": 0, "69->112": 0, "112->69": 0, "112->113": 0, "113->112": 0, "113->114": 0, "114->113": 0, "0->115": 0, "115->0": 0, "115->116": 0, "116->115": 0, "116->117": 0, "117->116": 0, "115->118": 0, "118->115": 0, "118->119": 0, "119->118": 0, "115->120": 0, "120->115": 0, "115->121": 0, "121->115": 0, "121->122": 0, "122->121": 0, "122->123": 0, "123->122": 0, "121->124": 0, "124->121": 0, "115->125": 0, "125->115": 0, "125->126": 0, "126->125": 0, "126->127": 0, "127->126": 0, "127->128": 0, "128->127": 0, "127->129": 0, "129->127": 0, "129->130": 0, "130->129": 0, "127->131": 0, "131->127": 0, "131->132": 0, "132->131": 0, "127->133": 0, "133->127": 0, "126->134": 0, "134->126": 0, "134->135": 0, "135->134": 0, "135->136": 0, "136->135": 0, "136->137": 0, "137->136": 0, "134->138": 0, "138->134": 0, "138->139": 0, "139->138": 0, "139->140": 0, "140->139": 0, "125->141": 0, "141->125": 0, "141->142": 0, "142->141": 0, "142->143": 0, "143->142": 0, "143->144": 0, "144->143": 0, "142->145": 0, "145->142": 0, "145->146": 0, "146->145": 0, "145->147": 0, "147->145": 0, "142->148": 0, "148->142": 0, "125->149": 0, "149->125": 0, "149->150": 0, "150->149": 0, "150->151": 0, "151->150": 0, "150->152": 0, "152->150": 0, "125->153": 0, "153->125": 0, "153->154": 0, "154->153": 0, "154->155": 0, "155->154": 0, "125->156": 0, "156->125": 0, "156->157": 0, "157->156": 0, "157->158": 0, "158->157": 0, "157->159": 0, "159->157": 0, "156->160": 0, "160->156": 0, "160->161": 0, "161->160": 0, "161->162": 0, "162->161": 0, "156->163": 0, "163->156": 0, "163->164": 0, "164->163": 0, "164->165": 0, "165->164": 0, "0->166": 0, "166->0": 0, "166->167": 0, "167->166": 0, "167->168": 0, "168->167": 0, "166->169": 0, "169->166": 0, "166->170": 0, "170->166": 0, "170->171": 0, "171->170": 0, "171->172": 0, "172->171": 0, "172->173": 0, "173->172": 0, "171->174": 0, "174->171": 0, "174->175": 0, "175->174": 0, "171->176": 0, "176->171": 0, "0->177": 0, "177->0": 0, "177->178": 0, "178->177": 0, "178->179": 0, "179->178": 0, "178->180": 0, "180->178": 0, "177->181": 0, "181->177": 0, "181->182": 0, "182->181": 0, "177->183": 0, "183->177": 0, "177->184": 0, "184->177": 0, "184->185": 0, "185->184": 0, "185->186": 0, "186->185": 0, "184->187": 0, "187->184": 0, "177->188": 0, "188->177": 0, "188->189": 0, "189->188": 0, "189->190": 0, "190->189": 0, "188->191": 0, "191->188": 0, "177->192": 0, "192->177": 0, "177->193": 0, "193->177": 0, "193->194": 0, "194->193": 0, "194->195": 0, "195->194": 0, "193->196": 0, "196->193": 0, "196->197": 0, "197->196": 0, "196->198": 0, "198->196": 0, "198->199": 0, "199->198": 0, "198->200": 0, "200->198": 0, "200->201": 0, "201->200": 0, "200->202": 0, "202->200": 0, "198->203": 0, "203->198": 0, "203->204": 0, "204->203": 0, "203->205": 0, "205->203": 0, "198->206": 0, "206->198": 0, "206->207": 0, "207->206": 0, "206->208": 0, "208->206": 0, "198->209": 0, "209->198": 0, "177->210": 0, "210->177": 0, "210->211": 0, "211->210": 0, "211->212": 0, "212->211": 0, "211->213": 0, "213->211": 0, "213->214": 0, "214->213": 0, "211->215": 0, "215->211": 0, "215->216": 0, "216->215": 0, "210->217": 0, "217->210": 0, "217->218": 0, "218->217": 0, "218->219": 0, "219->218": 0, "219->220": 0, "220->219": 0, "219->221": 0, "221->219": 0, "210->222": 0, "222->210": 0, "222->223": 0, "223->222": 0, "223->224": 0, "224->223": 0, "223->225": 0, "225->223": 0, "225->226": 0, "226->225": 0, "223->227": 0, "227->223": 0, "227->228": 0, "228->227": 0, "222->229": 0, "229->222": 0, "229->230": 0, "230->229": 0, "230->231": 0, "231->230": 0, "231->232": 0, "232->231": 0, "231->233": 0, "233->231": 0, "177->234": 0, "234->177": 0, "234->235": 0, "235->234": 0, "235->236": 0, "236->235": 0, "0->237": 0, "237->0": 0, "237->238": 0, "238->237": 0, "1->2": 1, "2->1": 12, "2->9": 1, "9->2": 12, "9->18": 1, "18->9": 12, "18->34": 1, "34->18": 12, "34->60": 1, "60->34": 12, "60->69": 1, "69->60": 12, "69->115": 1, "115->69": 12, "115->166": 1, "166->115": 12, "166->177": 1, "177->166": 12, "177->237": 1, "237->177": 12, "3->5": 1, "5->3": 12, "5->7": 1, "7->5": 12, "10->12": 1, "12->10": 12, "12->14": 1, "14->12": 12, "15->16": 1, "16->15": 12, "19->21": 1, "21->19": 12, "21->22": 1, "22->21": 12, "22->26": 1, "26->22": 12, "23->25": 1, "25->23": 12, "28->31": 1, "31->28": 12, "31->33": 1, "33->31": 12, "35->37": 1, "37->35": 12, "37->39": 1, "39->37": 12, "39->40": 1, "40->39": 12, "42->43": 1, "43->42": 12, "43->58": 1, "58->43": 12, "44->45": 1, "45->44": 12, "45->56": 1, "56->45": 12, "46->47": 1, "47->46": 12, "47->54": 1, "54->47": 12, "48->49": 1, "49->48": 12, "49->51": 1, "51->49": 12, "52->53": 2, "53->52": 3, "61->63": 1, "63->61": 12, "63->65": 1, "65->63": 12, "65->66": 1, "66->65": 12, "70->72": 1, "72->70": 12, "72->74": 1, "74->72": 12, "74->75": 1, "75->74": 12, "75->82": 1, "82->75": 12, "82->90": 1, "90->82": 12, "90->112": 1, "112->90": 12, "76->78": 1, "78->76": 12, "79->80": 1, "80->79": 12, "84->86": 1, "86->84": 12, "86->89": 1, "89->86": 12, "87->88": 2, "88->87": 3, "91->102": 1, "102->91": 12, "92->98": 6, "98->92": 6, "93->94": 1, "94->93": 12, "94->96": 1, "96->94": 12, "100->101": 2, "101->100": 3, "103->106": 1, "106->103": 12, "104->105": 2, "105->104": 3, "108->110": 1, "110->108": 12, "116->118": 1, "118->116": 12, "118->120": 1, "120->118": 12, "120->121": 1, "121->120": 12, "121->125": 1, "125->121": 12, "122->124": 1, "124->122": 12, "126->141": 1, "141->126": 12, "141->149": 1, "149->141": 12, "149->153": 1, "153->149": 12, "153->156": 1, "156->153": 12, "127->134": 6, "134->127": 6, "128->129": 1, "129->128": 12, "129->131": 1, "131->129": 12, "131->133": 1, "133->131": 12, "135->138": 10, "138->135": 11, "143->145": 1, "145->143": 12, "145->148": 1, "148->145": 12, "146->147": 2, "147->146": 3, "151->152": 2, "152->151": 3, "157->160": 1, "160->157": 12, "160->163": 1, "163->160": 12, "158->159": 2, "159->158": 3, "167->169": 1, "169->167": 12, "169->170": 1, "170->169": 12, "172->174": 1, "174->172": 12, "174->176": 1, "176->174": 12, "178->181": 1, "181->178": 12, "181->183": 1, "183->181": 12, "183->184": 1, "184->183": 12, "184->188": 1, "188->184": 12, "188->192": 1, "192->188": 12, "192->193": 1, "193->192": 12, "193->210": 1, "210->193": 12, "210->234": 1, "234->210": 12, "179->180": 2, "180->179": 3, "185->187": 1, "187->185": 12, "189->191": 1, "191->189": 12, "194->196": 1, "196->194": 12, "197->198": 1, "198->197": 12, "199->200": 1, "200->199": 12, "200->203": 1, "203->200": 12, "203->206": 1, "206->203": 12, "206->209": 1, "209->206": 12, "201->202": 2, "202->201": 3, "204->205": 2, "205->204": 3, "207->208": 2, "208->207": 3, "211->217": 6, "217->211": 6, "217->222": 1, "222->217": 12, "212->213": 1, "213->212": 12, "213->215": 1, "215->213": 12, "220->221": 2, "221->220": 3, "223->229": 6, "229->223": 6, "224->225": 1, "225->224": 12, "225->227": 1, "227->225": 12, "232->233": 2, "233->232": 3, "211->222": 7, "222->211": 7, "1->4": 2, "4->1": 3, "4->6": 2, "6->4": 3, "6->8": 2, "8->6": 3, "8->11": 2, "11->8": 3, "11->13": 2, "13->11": 3, "13->15": 2, "15->13": 3, "15->17": 2, "17->15": 3, "17->20": 2, "20->17": 3, "20->21": 2, "21->20": 3, "21->24": 2, "24->21": 3, "24->25": 2, "25->24": 3, "25->30": 2, "30->25": 3, "30->32": 4, "32->30": 5, "32->33": 2, "33->32": 3, "33->36": 2, "36->33": 3, "36->38": 2, "38->36": 3, "38->39": 2, "39->38": 3, "39->42": 2, "42->39": 3, "42->44": 2, "44->42": 3, "44->46": 2, "46->44": 3, "46->48": 2, "48->46": 3, "48->50": 2, "50->48": 3, "50->52": 2, "52->50": 3, "53->55": 2, "55->53": 3, "55->57": 2, "57->55": 3, "57->59": 2, "59->57": 3, "59->62": 2, "62->59": 3, "62->64": 2, "64->62": 3, "64->65": 2, "65->64": 3, "65->68": 2, "68->65": 3, "68->71": 2, "71->68": 3, "71->73": 2, "73->71": 3, "73->74": 2, "74->73": 3, "74->77": 2, "77->74": 3, "77->79": 2, "79->77": 3, "79->81": 2, "81->79": 3, "81->85": 4, "85->81": 5, "85->87": 2, "87->85": 3, "88->89": 2, "89->88": 3, "89->93": 2, "93->89": 3, "93->95": 2, "95->93": 3, "95->97": 2, "97->95": 3, "97->100": 2, "100->97": 3, "101->104": 2, "104->101": 3, "105->109": 2, "109->105": 3, "109->111": 2, "111->109": 3, "111->114": 2, "114->111": 3, "114->117": 2, "117->114": 3, "117->119": 2, "119->117": 3, "119->120": 2, "120->119": 3, "120->123": 2, "123->120": 3, "123->124": 2, "124->123": 3, "124->128": 2, "128->124": 3, "128->130": 2, "130->128": 3, "130->132": 2, "132->130": 3, "132->133": 2, "133->132": 3, "133->137": 2, "137->133": 3, "137->140": 2, "140->137": 3, "140->144": 2, "144->140": 3, "144->146": 2, "146->144": 3, "147->148": 2, "148->147": 3, "148->151": 2, "151->148": 3, "152->155": 2, "155->152": 3, "155->158": 2, "158->155": 3, "159->162": 2, "162->159": 3, "162->165": 2, "165->162": 3, "165->168": 2, "168->165": 3, "168->169": 2, "169->168": 3, "169->173": 2, "173->169": 3, "173->175": 2, "175->173": 3, "175->176": 2, "176->175": 3, "176->179": 2, "179->176": 3, "180->182": 2, "182->180": 3, "182->183": 2, "183->182": 3, "183->186": 2, "186->183": 3, "186->187": 2, "187->186": 3, "187->190": 2, "190->187": 3, "190->191": 2, "191->190": 3, "191->192": 2, "192->191": 3, "192->195": 2, "195->192": 3, "195->197": 2, "197->195": 3, "197->199": 2, "199->197": 3, "199->201": 2, "201->199": 3, "202->204": 2, "204->202": 3, "205->207": 2, "207->205": 3, "208->209": 2, "209->208": 3, "209->212": 2, "212->209": 3, "212->214": 2, "214->212": 3, "214->216": 2, "216->214": 3, "216->220": 2, "220->216": 3, "221->224": 2, "224->221": 3, "224->226": 2, "226->224": 3, "226->228": 2, "228->226": 3, "228->232": 2, "232->228": 3, "233->236": 2, "236->233": 3, "236->238": 2, "238->236": 3, "32->130": 4, "130->32": 5, "57->68": 4, "68->57": 5, "68->81": 4, "81->68": 5, "85->95": 4, "95->85": 5, "95->144": 4, "144->95": 5, "144->173": 4, "173->144": 5, "214->226": 4, "226->214": 5}, "metrics": [2.0, 0.0, 7.0, 7.0, 65.0, 11.0, 0.0, 1.0, 0.0, 1.0, 3.0]}