{"nodelist": ["ClassDeclaration", "{'public'}", "public", "EnvironmentEdgeManagerTestHelper", "MethodDeclaration", "{'public', 'static'}", "public", "static", "reset", "StatementExpression", "MethodInvocation", "EnvironmentEdgeManager", "reset", "MethodDeclaration", "{'public', 'static'}", "public", "static", "injectEdge", "FormalParameter", "ReferenceType", "EnvironmentEdge", "edge", "StatementExpression", "MethodInvocation", "EnvironmentEdgeManager", "MemberReference", "edge", "injectEdge"], "nodes": {"0": "ClassDeclaration", "1": "Modifier", "2": "public", "3": "EnvironmentEdgeManagerTestHelper", "4": "MethodDeclaration", "5": "Modifier", "6": "public", "7": "static", "8": "reset", "9": "StatementExpression", "10": "MethodInvocation", "11": "EnvironmentEdgeManager", "12": "reset", "13": "MethodDeclaration", "14": "Modifier", "15": "public", "16": "static", "17": "injectEdge", "18": "FormalParameter", "19": "ReferenceType", "20": "EnvironmentEdge", "21": "edge", "22": "StatementExpression", "23": "MethodInvocation", "24": "EnvironmentEdgeManager", "25": "MemberReference", "26": "edge", "27": "injectEdge"}, "edges": {"0->1": 0, "1->0": 0, "1->2": 0, "2->1": 0, "0->3": 0, "3->0": 0, "0->4": 0, "4->0": 0, "4->5": 0, "5->4": 0, "5->6": 0, "6->5": 0, "5->7": 0, "7->5": 0, "4->8": 0, "8->4": 0, "4->9": 0, "9->4": 0, "9->10": 0, "10->9": 0, "10->11": 0, "11->10": 0, "10->12": 0, "12->10": 0, "0->13": 0, "13->0": 0, "13->14": 0, "14->13": 0, "14->15": 0, "15->14": 0, "14->16": 0, "16->14": 0, "13->17": 0, "17->13": 0, "13->18": 0, "18->13": 0, "18->19": 0, "19->18": 0, "19->20": 0, "20->19": 0, "18->21": 0, "21->18": 0, "13->22": 0, "22->13": 0, "22->23": 0, "23->22": 0, "23->24": 0, "24->23": 0, "23->25": 0, "25->23": 0, "25->26": 0, "26->25": 0, "23->27": 0, "27->23": 0, "1->3": 1, "3->1": 12, "3->4": 1, "4->3": 12, "4->13": 1, "13->4": 12, "5->8": 1, "8->5": 12, "8->9": 1, "9->8": 12, "6->7": 2, "7->6": 3, "11->12": 2, "12->11": 3, "14->17": 1, "17->14": 12, "17->18": 1, "18->17": 12, "18->22": 1, "22->18": 12, "15->16": 2, "16->15": 3, "19->21": 1, "21->19": 12, "24->25": 1, "25->24": 12, "25->27": 1, "27->25": 12, "2->3": 2, "3->2": 3, "3->6": 2, "6->3": 3, "7->8": 2, "8->7": 3, "8->11": 2, "11->8": 3, "12->15": 2, "15->12": 3, "16->17": 2, "17->16": 3, "17->20": 2, "20->17": 3, "20->21": 2, "21->20": 3, "21->24": 2, "24->21": 3, "24->26": 2, "26->24": 3, "26->27": 2, "27->26": 3}, "metrics": [0.0, 0.0, 2.0, 2.0, 11.0, 2.0, 0.0, 0.0, -1.0, 0.0, 2.0]}