{"nodelist": ["InterfaceDeclaration", "{'public'}", "public", "Annotation", "InterfaceAudience.Private", "MetricsRegionServerQuotaSource", "ConstantDeclaration", "ReferenceType", "String", "VariableDeclarator", "METRICS_NAME", "Literal", "\"Quotas\"", "ConstantDeclaration", "ReferenceType", "String", "VariableDeclarator", "METRICS_CONTEXT", "Literal", "\"regionserver\"", "ConstantDeclaration", "ReferenceType", "String", "VariableDeclarator", "METRICS_DESCRIPTION", "Literal", "\"Metrics about HBase RegionServer Quotas\"", "ConstantDeclaration", "ReferenceType", "String", "VariableDeclarator", "METRICS_JMX_CONTEXT", "BinaryOperation", "+", "Literal", "\"RegionServer,sub=\"", "MemberReference", "METRICS_NAME", "ConstantDeclaration", "ReferenceType", "String", "VariableDeclarator", "NUM_TABLES_IN_VIOLATION_NAME", "Literal", "\"numTablesInViolation\"", "ConstantDeclaration", "ReferenceType", "String", "VariableDeclarator", "NUM_SPACE_SNAPSHOTS_RECEIVED_NAME", "Literal", "\"numSpaceSnapshotsReceived\"", "ConstantDeclaration", "ReferenceType", "String", "VariableDeclarator", "FILE_SYSTEM_UTILIZATION_CHORE_TIME", "Literal", "\"fileSystemUtilizationChoreTime\"", "ConstantDeclaration", "ReferenceType", "String", "VariableDeclarator", "SPACE_QUOTA_REFRESHER_CHORE_TIME", "Literal", "\"spaceQuotaRefresherChoreTime\"", "ConstantDeclaration", "ReferenceType", "String", "VariableDeclarator", "NUM_REGION_SIZE_REPORT_NAME", "Literal", "\"numRegionSizeReports\"", "ConstantDeclaration", "ReferenceType", "String", "VariableDeclarator", "REGION_SIZE_REPORTING_CHORE_TIME_NAME", "Literal", "\"regionSizeReportingChoreTime\"", "MethodDeclaration", "updateNumTablesInSpaceQuotaViolation", "FormalParameter", "BasicType", "long", "tablesInViolation", "MethodDeclaration", "updateNumTableSpaceQuotaSnapshots", "FormalParameter", "BasicType", "long", "numSnapshots", "MethodDeclaration", "incrementSpaceQuotaFileSystemScannerChoreTime", "FormalParameter", "BasicType", "long", "time", "MethodDeclaration", "incrementSpaceQuotaRefresherChoreTime", "FormalParameter", "BasicType", "long", "time", "MethodDeclaration", "incrementNumRegionSizeReportsSent", "FormalParameter", "BasicType", "long", "numReportsSent", "MethodDeclaration", "incrementRegionSizeReportingChoreTime", "FormalParameter", "BasicType", "long", "time", "ReferenceType", "BaseSource"], "nodes": {"0": "InterfaceDeclaration", "1": "Modifier", "2": "public", "3": "Annotation", "4": "InterfaceAudience.Private", "5": "MetricsRegionServerQuotaSource", "6": "ConstantDeclaration", "7": "ReferenceType", "8": "String", "9": "VariableDeclarator", "10": "METRICS_NAME", "11": "Literal", "12": "\"Quotas\"", "13": "ConstantDeclaration", "14": "ReferenceType", "15": "String", "16": "VariableDeclarator", "17": "METRICS_CONTEXT", "18": "Literal", "19": "\"regionserver\"", "20": "ConstantDeclaration", "21": "ReferenceType", "22": "String", "23": "VariableDeclarator", "24": "METRICS_DESCRIPTION", "25": "Literal", "26": "\"Metrics about HBase RegionServer Quotas\"", "27": "ConstantDeclaration", "28": "ReferenceType", "29": "String", "30": "VariableDeclarator", "31": "METRICS_JMX_CONTEXT", "32": "BinaryOperation", "33": "+", "34": "Literal", "35": "\"RegionServer,sub=\"", "36": "MemberReference", "37": "METRICS_NAME", "38": "ConstantDeclaration", "39": "ReferenceType", "40": "String", "41": "VariableDeclarator", "42": "NUM_TABLES_IN_VIOLATION_NAME", "43": "Literal", "44": "\"numTablesInViolation\"", "45": "ConstantDeclaration", "46": "ReferenceType", "47": "String", "48": "VariableDeclarator", "49": "NUM_SPACE_SNAPSHOTS_RECEIVED_NAME", "50": "Literal", "51": "\"numSpaceSnapshotsReceived\"", "52": "ConstantDeclaration", "53": "ReferenceType", "54": "String", "55": "VariableDeclarator", "56": "FILE_SYSTEM_UTILIZATION_CHORE_TIME", "57": "Literal", "58": "\"fileSystemUtilizationChoreTime\"", "59": "ConstantDeclaration", "60": "ReferenceType", "61": "String", "62": "VariableDeclarator", "63": "SPACE_QUOTA_REFRESHER_CHORE_TIME", "64": "Literal", "65": "\"spaceQuotaRefresherChoreTime\"", "66": "ConstantDeclaration", "67": "ReferenceType", "68": "String", "69": "VariableDeclarator", "70": "NUM_REGION_SIZE_REPORT_NAME", "71": "Literal", "72": "\"numRegionSizeReports\"", "73": "ConstantDeclaration", "74": "ReferenceType", "75": "String", "76": "VariableDeclarator", "77": "REGION_SIZE_REPORTING_CHORE_TIME_NAME", "78": "Literal", "79": "\"regionSizeReportingChoreTime\"", "80": "MethodDeclaration", "81": "updateNumTablesInSpaceQuotaViolation", "82": "FormalParameter", "83": "BasicType", "84": "long", "85": "tablesInViolation", "86": "MethodDeclaration", "87": "updateNumTableSpaceQuotaSnapshots", "88": "FormalParameter", "89": "BasicType", "90": "long", "91": "numSnapshots", "92": "MethodDeclaration", "93": "incrementSpaceQuotaFileSystemScannerChoreTime", "94": "FormalParameter", "95": "BasicType", "96": "long", "97": "time", "98": "MethodDeclaration", "99": "incrementSpaceQuotaRefresherChoreTime", "100": "FormalParameter", "101": "BasicType", "102": "long", "103": "time", "104": "MethodDeclaration", "105": "incrementNumRegionSizeReportsSent", "106": "FormalParameter", "107": "BasicType", "108": "long", "109": "numReportsSent", "110": "MethodDeclaration", "111": "incrementRegionSizeReportingChoreTime", "112": "FormalParameter", "113": "BasicType", "114": "long", "115": "time", "116": "ReferenceType", "117": "BaseSource"}, "edges": {"0->1": 0, "1->0": 0, "1->2": 0, "2->1": 0, "0->3": 0, "3->0": 0, "3->4": 0, "4->3": 0, "0->5": 0, "5->0": 0, "0->6": 0, "6->0": 0, "6->7": 0, "7->6": 0, "7->8": 0, "8->7": 0, "6->9": 0, "9->6": 0, "9->10": 0, "10->9": 0, "9->11": 0, "11->9": 0, "11->12": 0, "12->11": 0, "0->13": 0, "13->0": 0, "13->14": 0, "14->13": 0, "14->15": 0, "15->14": 0, "13->16": 0, "16->13": 0, "16->17": 0, "17->16": 0, "16->18": 0, "18->16": 0, "18->19": 0, "19->18": 0, "0->20": 0, "20->0": 0, "20->21": 0, "21->20": 0, "21->22": 0, "22->21": 0, "20->23": 0, "23->20": 0, "23->24": 0, "24->23": 0, "23->25": 0, "25->23": 0, "25->26": 0, "26->25": 0, "0->27": 0, "27->0": 0, "27->28": 0, "28->27": 0, "28->29": 0, "29->28": 0, "27->30": 0, "30->27": 0, "30->31": 0, "31->30": 0, "30->32": 0, "32->30": 0, "32->33": 0, "33->32": 0, "32->34": 0, "34->32": 0, "34->35": 0, "35->34": 0, "32->36": 0, "36->32": 0, "36->37": 0, "37->36": 0, "0->38": 0, "38->0": 0, "38->39": 0, "39->38": 0, "39->40": 0, "40->39": 0, "38->41": 0, "41->38": 0, "41->42": 0, "42->41": 0, "41->43": 0, "43->41": 0, "43->44": 0, "44->43": 0, "0->45": 0, "45->0": 0, "45->46": 0, "46->45": 0, "46->47": 0, "47->46": 0, "45->48": 0, "48->45": 0, "48->49": 0, "49->48": 0, "48->50": 0, "50->48": 0, "50->51": 0, "51->50": 0, "0->52": 0, "52->0": 0, "52->53": 0, "53->52": 0, "53->54": 0, "54->53": 0, "52->55": 0, "55->52": 0, "55->56": 0, "56->55": 0, "55->57": 0, "57->55": 0, "57->58": 0, "58->57": 0, "0->59": 0, "59->0": 0, "59->60": 0, "60->59": 0, "60->61": 0, "61->60": 0, "59->62": 0, "62->59": 0, "62->63": 0, "63->62": 0, "62->64": 0, "64->62": 0, "64->65": 0, "65->64": 0, "0->66": 0, "66->0": 0, "66->67": 0, "67->66": 0, "67->68": 0, "68->67": 0, "66->69": 0, "69->66": 0, "69->70": 0, "70->69": 0, "69->71": 0, "71->69": 0, "71->72": 0, "72->71": 0, "0->73": 0, "73->0": 0, "73->74": 0, "74->73": 0, "74->75": 0, "75->74": 0, "73->76": 0, "76->73": 0, "76->77": 0, "77->76": 0, "76->78": 0, "78->76": 0, "78->79": 0, "79->78": 0, "0->80": 0, "80->0": 0, "80->81": 0, "81->80": 0, "80->82": 0, "82->80": 0, "82->83": 0, "83->82": 0, "83->84": 0, "84->83": 0, "82->85": 0, "85->82": 0, "0->86": 0, "86->0": 0, "86->87": 0, "87->86": 0, "86->88": 0, "88->86": 0, "88->89": 0, "89->88": 0, "89->90": 0, "90->89": 0, "88->91": 0, "91->88": 0, "0->92": 0, "92->0": 0, "92->93": 0, "93->92": 0, "92->94": 0, "94->92": 0, "94->95": 0, "95->94": 0, "95->96": 0, "96->95": 0, "94->97": 0, "97->94": 0, "0->98": 0, "98->0": 0, "98->99": 0, "99->98": 0, "98->100": 0, "100->98": 0, "100->101": 0, "101->100": 0, "101->102": 0, "102->101": 0, "100->103": 0, "103->100": 0, "0->104": 0, "104->0": 0, "104->105": 0, "105->104": 0, "104->106": 0, "106->104": 0, "106->107": 0, "107->106": 0, "107->108": 0, "108->107": 0, "106->109": 0, "109->106": 0, "0->110": 0, "110->0": 0, "110->111": 0, "111->110": 0, "110->112": 0, "112->110": 0, "112->113": 0, "113->112": 0, "113->114": 0, "114->113": 0, "112->115": 0, "115->112": 0, "0->116": 0, "116->0": 0, "116->117": 0, "117->116": 0, "1->3": 1, "3->1": 12, "3->5": 1, "5->3": 12, "5->6": 1, "6->5": 12, "6->13": 1, "13->6": 12, "13->20": 1, "20->13": 12, "20->27": 1, "27->20": 12, "27->38": 1, "38->27": 12, "38->45": 1, "45->38": 12, "45->52": 1, "52->45": 12, "52->59": 1, "59->52": 12, "59->66": 1, "66->59": 12, "66->73": 1, "73->66": 12, "73->80": 1, "80->73": 12, "80->86": 1, "86->80": 12, "86->92": 1, "92->86": 12, "92->98": 1, "98->92": 12, "98->104": 1, "104->98": 12, "104->110": 1, "110->104": 12, "110->116": 1, "116->110": 12, "7->9": 1, "9->7": 12, "10->11": 1, "11->10": 12, "14->16": 1, "16->14": 12, "17->18": 1, "18->17": 12, "21->23": 1, "23->21": 12, "24->25": 1, "25->24": 12, "28->30": 1, "30->28": 12, "31->32": 1, "32->31": 12, "33->34": 1, "34->33": 12, "34->36": 1, "36->34": 12, "39->41": 1, "41->39": 12, "42->43": 1, "43->42": 12, "46->48": 1, "48->46": 12, "49->50": 1, "50->49": 12, "53->55": 1, "55->53": 12, "56->57": 1, "57->56": 12, "60->62": 1, "62->60": 12, "63->64": 1, "64->63": 12, "67->69": 1, "69->67": 12, "70->71": 1, "71->70": 12, "74->76": 1, "76->74": 12, "77->78": 1, "78->77": 12, "81->82": 1, "82->81": 12, "83->85": 1, "85->83": 12, "87->88": 1, "88->87": 12, "89->91": 1, "91->89": 12, "93->94": 1, "94->93": 12, "95->97": 1, "97->95": 12, "99->100": 1, "100->99": 12, "101->103": 1, "103->101": 12, "105->106": 1, "106->105": 12, "107->109": 1, "109->107": 12, "111->112": 1, "112->111": 12, "113->115": 1, "115->113": 12, "2->4": 2, "4->2": 3, "4->5": 2, "5->4": 3, "5->8": 2, "8->5": 3, "8->10": 2, "10->8": 3, "10->12": 2, "12->10": 3, "12->15": 2, "15->12": 3, "15->17": 2, "17->15": 3, "17->19": 2, "19->17": 3, "19->22": 2, "22->19": 3, "22->24": 2, "24->22": 3, "24->26": 2, "26->24": 3, "26->29": 2, "29->26": 3, "29->31": 2, "31->29": 3, "31->33": 2, "33->31": 3, "33->35": 2, "35->33": 3, "35->37": 2, "37->35": 3, "37->40": 2, "40->37": 3, "40->42": 2, "42->40": 3, "42->44": 2, "44->42": 3, "44->47": 2, "47->44": 3, "47->49": 2, "49->47": 3, "49->51": 2, "51->49": 3, "51->54": 2, "54->51": 3, "54->56": 2, "56->54": 3, "56->58": 2, "58->56": 3, "58->61": 2, "61->58": 3, "61->63": 2, "63->61": 3, "63->65": 2, "65->63": 3, "65->68": 2, "68->65": 3, "68->70": 2, "70->68": 3, "70->72": 2, "72->70": 3, "72->75": 2, "75->72": 3, "75->77": 2, "77->75": 3, "77->79": 2, "79->77": 3, "79->81": 2, "81->79": 3, "81->84": 2, "84->81": 3, "84->85": 2, "85->84": 3, "85->87": 2, "87->85": 3, "87->90": 2, "90->87": 3, "90->91": 2, "91->90": 3, "91->93": 2, "93->91": 3, "93->96": 2, "96->93": 3, "96->97": 2, "97->96": 3, "97->99": 2, "99->97": 3, "99->102": 2, "102->99": 3, "102->103": 2, "103->102": 3, "103->105": 2, "105->103": 3, "105->108": 2, "108->105": 3, "108->109": 2, "109->108": 3, "109->111": 2, "111->109": 3, "111->114": 2, "114->111": 3, "114->115": 2, "115->114": 3, "115->117": 2, "117->115": 3}, "metrics": [10.0, 0.0, 6.0, 0.0, 44.0, 6.0, 1.0, 0.0, -1.0, 1.0, 0.0]}