{"nodelist": ["ClassDeclaration", "{'public'}", "public", "Annotation", "InterfaceAudience.Private", "SaslUnwrapHandler", "FieldDeclaration", "{'final', 'private'}", "final", "private", "ReferenceType", "SaslClient", "VariableDeclarator", "saslClient", "ConstructorDeclaration", "{'public'}", "public", "SaslUnwrapHandler", "FormalParameter", "ReferenceType", "SaslClient", "saslClient", "StatementExpression", "Assignment", "This", "MemberReference", "saslClient", "MemberReference", "saslClient", "=", "MethodDeclaration", "{'public'}", "public", "Annotation", "Override", "channelInactive", "FormalParameter", "ReferenceType", "ChannelHandlerContext", "ctx", "Exception", "StatementExpression", "MethodInvocation", "SaslUtil", "MemberReference", "saslClient", "safeDispose", "StatementExpression", "MethodInvocation", "ctx", "fireChannelInactive", "MethodDeclaration", "{'protected'}", "protected", "Annotation", "Override", "channelRead0", "FormalParameter", "ReferenceType", "ChannelHandlerContext", "ctx", "FormalParameter", "ReferenceType", "ByteBuf", "msg", "Exception", "LocalVariableDeclaration", "BasicType", "byte", "VariableDeclarator", "bytes", "ArrayCreator", "BasicType", "byte", "MethodInvocation", "msg", "readableBytes", "StatementExpression", "MethodInvocation", "msg", "MemberReference", "bytes", "readBytes", "StatementExpression", "MethodInvocation", "ctx", "MethodInvocation", "Unpooled", "MethodInvocation", "saslClient", "MemberReference", "bytes", "Literal", "0", "MemberReference", "bytes", "length", "unwrap", "wrappedBuffer", "fireChannelRead", "ReferenceType", "SimpleChannelInboundHandler", "TypeArgument", "ReferenceType", "ByteBuf"], "nodes": {"0": "ClassDeclaration", "1": "Modifier", "2": "public", "3": "Annotation", "4": "InterfaceAudience.Private", "5": "SaslUnwrapHandler", "6": "FieldDeclaration", "7": "Modifier", "8": "final", "9": "private", "10": "ReferenceType", "11": "SaslClient", "12": "VariableDeclarator", "13": "saslClient", "14": "ConstructorDeclaration", "15": "Modifier", "16": "public", "17": "SaslUnwrapHandler", "18": "FormalParameter", "19": "ReferenceType", "20": "SaslClient", "21": "saslClient", "22": "StatementExpression", "23": "Assignment", "24": "This", "25": "MemberReference", "26": "saslClient", "27": "MemberReference", "28": "saslClient", "29": "=", "30": "MethodDeclaration", "31": "Modifier", "32": "public", "33": "Annotation", "34": "Override", "35": "channelInactive", "36": "FormalParameter", "37": "ReferenceType", "38": "ChannelHandlerContext", "39": "ctx", "40": "Exception", "41": "StatementExpression", "42": "MethodInvocation", "43": "SaslUtil", "44": "MemberReference", "45": "saslClient", "46": "safeDispose", "47": "StatementExpression", "48": "MethodInvocation", "49": "ctx", "50": "fireChannelInactive", "51": "MethodDeclaration", "52": "Modifier", "53": "protected", "54": "Annotation", "55": "Override", "56": "channelRead0", "57": "FormalParameter", "58": "ReferenceType", "59": "ChannelHandlerContext", "60": "ctx", "61": "FormalParameter", "62": "ReferenceType", "63": "ByteBuf", "64": "msg", "65": "Exception", "66": "LocalVariableDeclaration", "67": "BasicType", "68": "byte", "69": "VariableDeclarator", "70": "bytes", "71": "ArrayCreator", "72": "BasicType", "73": "byte", "74": "MethodInvocation", "75": "msg", "76": "readableBytes", "77": "StatementExpression", "78": "MethodInvocation", "79": "msg", "80": "MemberReference", "81": "bytes", "82": "readBytes", "83": "StatementExpression", "84": "MethodInvocation", "85": "ctx", "86": "MethodInvocation", "87": "Unpooled", "88": "MethodInvocation", "89": "saslClient", "90": "MemberReference", "91": "bytes", "92": "Literal", "93": "0", "94": "MemberReference", "95": "bytes", "96": "length", "97": "unwrap", "98": "wrappedBuffer", "99": "fireChannelRead", "100": "ReferenceType", "101": "SimpleChannelInboundHandler", "102": "TypeArgument", "103": "ReferenceType", "104": "ByteBuf"}, "edges": {"0->1": 0, "1->0": 0, "1->2": 0, "2->1": 0, "0->3": 0, "3->0": 0, "3->4": 0, "4->3": 0, "0->5": 0, "5->0": 0, "0->6": 0, "6->0": 0, "6->7": 0, "7->6": 0, "7->8": 0, "8->7": 0, "7->9": 0, "9->7": 0, "6->10": 0, "10->6": 0, "10->11": 0, "11->10": 0, "6->12": 0, "12->6": 0, "12->13": 0, "13->12": 0, "0->14": 0, "14->0": 0, "14->15": 0, "15->14": 0, "15->16": 0, "16->15": 0, "14->17": 0, "17->14": 0, "14->18": 0, "18->14": 0, "18->19": 0, "19->18": 0, "19->20": 0, "20->19": 0, "18->21": 0, "21->18": 0, "14->22": 0, "22->14": 0, "22->23": 0, "23->22": 0, "23->24": 0, "24->23": 0, "24->25": 0, "25->24": 0, "25->26": 0, "26->25": 0, "23->27": 0, "27->23": 0, "27->28": 0, "28->27": 0, "23->29": 0, "29->23": 0, "0->30": 0, "30->0": 0, "30->31": 0, "31->30": 0, "31->32": 0, "32->31": 0, "30->33": 0, "33->30": 0, "33->34": 0, "34->33": 0, "30->35": 0, "35->30": 0, "30->36": 0, "36->30": 0, "36->37": 0, "37->36": 0, "37->38": 0, "38->37": 0, "36->39": 0, "39->36": 0, "30->40": 0, "40->30": 0, "30->41": 0, "41->30": 0, "41->42": 0, "42->41": 0, "42->43": 0, "43->42": 0, "42->44": 0, "44->42": 0, "44->45": 0, "45->44": 0, "42->46": 0, "46->42": 0, "30->47": 0, "47->30": 0, "47->48": 0, "48->47": 0, "48->49": 0, "49->48": 0, "48->50": 0, "50->48": 0, "0->51": 0, "51->0": 0, "51->52": 0, "52->51": 0, "52->53": 0, "53->52": 0, "51->54": 0, "54->51": 0, "54->55": 0, "55->54": 0, "51->56": 0, "56->51": 0, "51->57": 0, "57->51": 0, "57->58": 0, "58->57": 0, "58->59": 0, "59->58": 0, "57->60": 0, "60->57": 0, "51->61": 0, "61->51": 0, "61->62": 0, "62->61": 0, "62->63": 0, "63->62": 0, "61->64": 0, "64->61": 0, "51->65": 0, "65->51": 0, "51->66": 0, "66->51": 0, "66->67": 0, "67->66": 0, "67->68": 0, "68->67": 0, "66->69": 0, "69->66": 0, "69->70": 0, "70->69": 0, "69->71": 0, "71->69": 0, "71->72": 0, "72->71": 0, "72->73": 0, "73->72": 0, "71->74": 0, "74->71": 0, "74->75": 0, "75->74": 0, "74->76": 0, "76->74": 0, "51->77": 0, "77->51": 0, "77->78": 0, "78->77": 0, "78->79": 0, "79->78": 0, "78->80": 0, "80->78": 0, "80->81": 0, "81->80": 0, "78->82": 0, "82->78": 0, "51->83": 0, "83->51": 0, "83->84": 0, "84->83": 0, "84->85": 0, "85->84": 0, "84->86": 0, "86->84": 0, "86->87": 0, "87->86": 0, "86->88": 0, "88->86": 0, "88->89": 0, "89->88": 0, "88->90": 0, "90->88": 0, "90->91": 0, "91->90": 0, "88->92": 0, "92->88": 0, "92->93": 0, "93->92": 0, "88->94": 0, "94->88": 0, "94->95": 0, "95->94": 0, "94->96": 0, "96->94": 0, "88->97": 0, "97->88": 0, "86->98": 0, "98->86": 0, "84->99": 0, "99->84": 0, "0->100": 0, "100->0": 0, "100->101": 0, "101->100": 0, "100->102": 0, "102->100": 0, "102->103": 0, "103->102": 0, "103->104": 0, "104->103": 0, "1->3": 1, "3->1": 12, "3->5": 1, "5->3": 12, "5->6": 1, "6->5": 12, "6->14": 1, "14->6": 12, "14->30": 1, "30->14": 12, "30->51": 1, "51->30": 12, "51->100": 1, "100->51": 12, "7->10": 1, "10->7": 12, "10->12": 1, "12->10": 12, "8->9": 2, "9->8": 3, "15->17": 1, "17->15": 12, "17->18": 1, "18->17": 12, "18->22": 1, "22->18": 12, "19->21": 1, "21->19": 12, "24->27": 1, "27->24": 12, "27->29": 1, "29->27": 12, "31->33": 1, "33->31": 12, "33->35": 1, "35->33": 12, "35->36": 1, "36->35": 12, "36->40": 1, "40->36": 12, "40->41": 1, "41->40": 12, "41->47": 1, "47->41": 12, "37->39": 1, "39->37": 12, "43->44": 1, "44->43": 12, "44->46": 1, "46->44": 12, "49->50": 2, "50->49": 3, "52->54": 1, "54->52": 12, "54->56": 1, "56->54": 12, "56->57": 1, "57->56": 12, "57->61": 1, "61->57": 12, "61->65": 1, "65->61": 12, "65->66": 1, "66->65": 12, "66->77": 1, "77->66": 12, "77->83": 1, "83->77": 12, "58->60": 1, "60->58": 12, "62->64": 1, "64->62": 12, "67->69": 1, "69->67": 12, "70->71": 1, "71->70": 12, "72->74": 1, "74->72": 12, "75->76": 2, "76->75": 3, "79->80": 1, "80->79": 12, "80->82": 1, "82->80": 12, "85->86": 1, "86->85": 12, "86->99": 1, "99->86": 12, "87->88": 1, "88->87": 12, "88->98": 1, "98->88": 12, "89->90": 1, "90->89": 12, "90->92": 1, "92->90": 12, "92->94": 1, "94->92": 12, "94->97": 1, "97->94": 12, "95->96": 2, "96->95": 3, "101->102": 1, "102->101": 12, "2->4": 2, "4->2": 3, "4->5": 2, "5->4": 3, "5->8": 2, "8->5": 3, "9->11": 2, "11->9": 3, "11->13": 2, "13->11": 3, "13->16": 2, "16->13": 3, "16->17": 2, "17->16": 3, "17->20": 2, "20->17": 3, "20->21": 2, "21->20": 3, "21->26": 2, "26->21": 3, "26->28": 4, "28->26": 5, "28->29": 2, "29->28": 3, "29->32": 2, "32->29": 3, "32->34": 2, "34->32": 3, "34->35": 2, "35->34": 3, "35->38": 2, "38->35": 3, "38->39": 2, "39->38": 3, "39->40": 2, "40->39": 3, "40->43": 2, "43->40": 3, "43->45": 2, "45->43": 3, "45->46": 2, "46->45": 3, "46->49": 2, "49->46": 3, "50->53": 2, "53->50": 3, "53->55": 2, "55->53": 3, "55->56": 2, "56->55": 3, "56->59": 2, "59->56": 3, "59->60": 2, "60->59": 3, "60->63": 2, "63->60": 3, "63->64": 2, "64->63": 3, "64->65": 2, "65->64": 3, "65->68": 2, "68->65": 3, "68->70": 2, "70->68": 3, "70->73": 2, "73->70": 3, "73->75": 2, "75->73": 3, "76->79": 2, "79->76": 3, "79->81": 2, "81->79": 3, "81->82": 2, "82->81": 3, "82->85": 2, "85->82": 3, "85->87": 2, "87->85": 3, "87->89": 2, "89->87": 3, "89->91": 2, "91->89": 3, "91->93": 2, "93->91": 3, "93->95": 2, "95->93": 3, "96->97": 2, "97->96": 3, "97->98": 2, "98->97": 3, "98->99": 2, "99->98": 3, "99->101": 2, "101->99": 3, "101->104": 2, "104->101": 3, "28->45": 4, "45->28": 5, "81->91": 4, "91->81": 5}, "metrics": [1.0, 0.0, 3.0, 2.0, 18.0, 3.0, 0.0, 0.0, 0.0, 0.0, 1.0]}