{"nodelist": ["ClassDeclaration", "{'public'}", "public", "Annotation", "InterfaceAudience.Private", "MetricsExecutorImpl", "MethodDeclaration", "{'public'}", "public", "Annotation", "Override", "ReferenceType", "ScheduledExecutorService", "getExecutor", "ReturnStatement", "MemberReference", "ExecutorSingleton.INSTANCE", "scheduler", "MethodDeclaration", "{'public'}", "public", "Annotation", "Override", "stop", "IfStatement", "MethodInvocation", "!", "MethodInvocation", "isShutdown", "getExecutor", "BlockStatement", "StatementExpression", "MethodInvocation", "MethodInvocation", "shutdown", "getExecutor", "EnumDeclaration", "{'private'}", "private", "ExecutorSingleton", "EnumBody", "EnumConstantDeclaration", "INSTANCE", "FieldDeclaration", "{'final', 'private'}", "final", "private", "ReferenceType", "ScheduledExecutorService", "VariableDeclarator", "scheduler", "ClassCreator", "ReferenceType", "ScheduledThreadPoolExecutor", "Literal", "1", "ClassCreator", "ReferenceType", "ThreadPoolExecutorThreadFactory", "Literal", "\"HBase-Metrics2-\"", "ClassDeclaration", "{'private', 'static'}", "private", "static", "ThreadPoolExecutorThreadFactory", "FieldDeclaration", "{'final', 'private'}", "final", "private", "ReferenceType", "String", "VariableDeclarator", "name", "FieldDeclaration", "{'final', 'private'}", "final", "private", "ReferenceType", "AtomicInteger", "VariableDeclarator", "threadNumber", "ClassCreator", "ReferenceType", "AtomicInteger", "Literal", "1", "ConstructorDeclaration", "{'private'}", "private", "ThreadPoolExecutorThreadFactory", "FormalParameter", "ReferenceType", "String", "name", "StatementExpression", "Assignment", "This", "MemberReference", "name", "MemberReference", "name", "=", "MethodDeclaration", "{'public'}", "public", "Annotation", "Override", "ReferenceType", "Thread", "newThread", "FormalParameter", "ReferenceType", "Runnable", "runnable", "LocalVariableDeclaration", "ReferenceType", "Thread", "VariableDeclarator", "t", "ClassCreator", "ReferenceType", "Thread", "MemberReference", "runnable", "BinaryOperation", "+", "MemberReference", "name", "MethodInvocation", "threadNumber", "getAndIncrement", "StatementExpression", "MethodInvocation", "t", "Literal", "true", "setDaemon", "ReturnStatement", "MemberReference", "t", "ReferenceType", "ThreadFactory", "ReferenceType", "MetricsExecutor"], "nodes": {"0": "ClassDeclaration", "1": "Modifier", "2": "public", "3": "Annotation", "4": "InterfaceAudience.Private", "5": "MetricsExecutorImpl", "6": "MethodDeclaration", "7": "Modifier", "8": "public", "9": "Annotation", "10": "Override", "11": "ReferenceType", "12": "ScheduledExecutorService", "13": "getExecutor", "14": "ReturnStatement", "15": "MemberReference", "16": "ExecutorSingleton.INSTANCE", "17": "scheduler", "18": "MethodDeclaration", "19": "Modifier", "20": "public", "21": "Annotation", "22": "Override", "23": "stop", "24": "IfStatement", "25": "MethodInvocation", "26": "!", "27": "MethodInvocation", "28": "isShutdown", "29": "getExecutor", "30": "BlockStatement", "31": "StatementExpression", "32": "MethodInvocation", "33": "MethodInvocation", "34": "shutdown", "35": "getExecutor", "36": "EnumDeclaration", "37": "Modifier", "38": "private", "39": "ExecutorSingleton", "40": "EnumBody", "41": "EnumConstantDeclaration", "42": "INSTANCE", "43": "FieldDeclaration", "44": "Modifier", "45": "final", "46": "private", "47": "ReferenceType", "48": "ScheduledExecutorService", "49": "VariableDeclarator", "50": "scheduler", "51": "ClassCreator", "52": "ReferenceType", "53": "ScheduledThreadPoolExecutor", "54": "Literal", "55": "1", "56": "ClassCreator", "57": "ReferenceType", "58": "ThreadPoolExecutorThreadFactory", "59": "Literal", "60": "\"HBase-Metrics2-\"", "61": "ClassDeclaration", "62": "Modifier", "63": "private", "64": "static", "65": "ThreadPoolExecutorThreadFactory", "66": "FieldDeclaration", "67": "Modifier", "68": "final", "69": "private", "70": "ReferenceType", "71": "String", "72": "VariableDeclarator", "73": "name", "74": "FieldDeclaration", "75": "Modifier", "76": "final", "77": "private", "78": "ReferenceType", "79": "AtomicInteger", "80": "VariableDeclarator", "81": "threadNumber", "82": "ClassCreator", "83": "ReferenceType", "84": "AtomicInteger", "85": "Literal", "86": "1", "87": "ConstructorDeclaration", "88": "Modifier", "89": "private", "90": "ThreadPoolExecutorThreadFactory", "91": "FormalParameter", "92": "ReferenceType", "93": "String", "94": "name", "95": "StatementExpression", "96": "Assignment", "97": "This", "98": "MemberReference", "99": "name", "100": "MemberReference", "101": "name", "102": "=", "103": "MethodDeclaration", "104": "Modifier", "105": "public", "106": "Annotation", "107": "Override", "108": "ReferenceType", "109": "Thread", "110": "newThread", "111": "FormalParameter", "112": "ReferenceType", "113": "Runnable", "114": "runnable", "115": "LocalVariableDeclaration", "116": "ReferenceType", "117": "Thread", "118": "VariableDeclarator", "119": "t", "120": "ClassCreator", "121": "ReferenceType", "122": "Thread", "123": "MemberReference", "124": "runnable", "125": "BinaryOperation", "126": "+", "127": "MemberReference", "128": "name", "129": "MethodInvocation", "130": "threadNumber", "131": "getAndIncrement", "132": "StatementExpression", "133": "MethodInvocation", "134": "t", "135": "Literal", "136": "true", "137": "setDaemon", "138": "ReturnStatement", "139": "MemberReference", "140": "t", "141": "ReferenceType", "142": "ThreadFactory", "143": "ReferenceType", "144": "MetricsExecutor"}, "edges": {"0->1": 0, "1->0": 0, "1->2": 0, "2->1": 0, "0->3": 0, "3->0": 0, "3->4": 0, "4->3": 0, "0->5": 0, "5->0": 0, "0->6": 0, "6->0": 0, "6->7": 0, "7->6": 0, "7->8": 0, "8->7": 0, "6->9": 0, "9->6": 0, "9->10": 0, "10->9": 0, "6->11": 0, "11->6": 0, "11->12": 0, "12->11": 0, "6->13": 0, "13->6": 0, "6->14": 0, "14->6": 0, "14->15": 0, "15->14": 0, "15->16": 0, "16->15": 0, "15->17": 0, "17->15": 0, "0->18": 0, "18->0": 0, "18->19": 0, "19->18": 0, "19->20": 0, "20->19": 0, "18->21": 0, "21->18": 0, "21->22": 0, "22->21": 0, "18->23": 0, "23->18": 0, "18->24": 0, "24->18": 0, "24->25": 0, "25->24": 0, "25->26": 0, "26->25": 0, "25->27": 0, "27->25": 0, "27->28": 0, "28->27": 0, "25->29": 0, "29->25": 0, "24->30": 0, "30->24": 0, "30->31": 0, "31->30": 0, "31->32": 0, "32->31": 0, "32->33": 0, "33->32": 0, "33->34": 0, "34->33": 0, "32->35": 0, "35->32": 0, "0->36": 0, "36->0": 0, "36->37": 0, "37->36": 0, "37->38": 0, "38->37": 0, "36->39": 0, "39->36": 0, "36->40": 0, "40->36": 0, "40->41": 0, "41->40": 0, "41->42": 0, "42->41": 0, "40->43": 0, "43->40": 0, "43->44": 0, "44->43": 0, "44->45": 0, "45->44": 0, "44->46": 0, "46->44": 0, "43->47": 0, "47->43": 0, "47->48": 0, "48->47": 0, "43->49": 0, "49->43": 0, "49->50": 0, "50->49": 0, "49->51": 0, "51->49": 0, "51->52": 0, "52->51": 0, "52->53": 0, "53->52": 0, "51->54": 0, "54->51": 0, "54->55": 0, "55->54": 0, "51->56": 0, "56->51": 0, "56->57": 0, "57->56": 0, "57->58": 0, "58->57": 0, "56->59": 0, "59->56": 0, "59->60": 0, "60->59": 0, "0->61": 0, "61->0": 0, "61->62": 0, "62->61": 0, "62->63": 0, "63->62": 0, "62->64": 0, "64->62": 0, "61->65": 0, "65->61": 0, "61->66": 0, "66->61": 0, "66->67": 0, "67->66": 0, "67->68": 0, "68->67": 0, "67->69": 0, "69->67": 0, "66->70": 0, "70->66": 0, "70->71": 0, "71->70": 0, "66->72": 0, "72->66": 0, "72->73": 0, "73->72": 0, "61->74": 0, "74->61": 0, "74->75": 0, "75->74": 0, "75->76": 0, "76->75": 0, "75->77": 0, "77->75": 0, "74->78": 0, "78->74": 0, "78->79": 0, "79->78": 0, "74->80": 0, "80->74": 0, "80->81": 0, "81->80": 0, "80->82": 0, "82->80": 0, "82->83": 0, "83->82": 0, "83->84": 0, "84->83": 0, "82->85": 0, "85->82": 0, "85->86": 0, "86->85": 0, "61->87": 0, "87->61": 0, "87->88": 0, "88->87": 0, "88->89": 0, "89->88": 0, "87->90": 0, "90->87": 0, "87->91": 0, "91->87": 0, "91->92": 0, "92->91": 0, "92->93": 0, "93->92": 0, "91->94": 0, "94->91": 0, "87->95": 0, "95->87": 0, "95->96": 0, "96->95": 0, "96->97": 0, "97->96": 0, "97->98": 0, "98->97": 0, "98->99": 0, "99->98": 0, "96->100": 0, "100->96": 0, "100->101": 0, "101->100": 0, "96->102": 0, "102->96": 0, "61->103": 0, "103->61": 0, "103->104": 0, "104->103": 0, "104->105": 0, "105->104": 0, "103->106": 0, "106->103": 0, "106->107": 0, "107->106": 0, "103->108": 0, "108->103": 0, "108->109": 0, "109->108": 0, "103->110": 0, "110->103": 0, "103->111": 0, "111->103": 0, "111->112": 0, "112->111": 0, "112->113": 0, "113->112": 0, "111->114": 0, "114->111": 0, "103->115": 0, "115->103": 0, "115->116": 0, "116->115": 0, "116->117": 0, "117->116": 0, "115->118": 0, "118->115": 0, "118->119": 0, "119->118": 0, "118->120": 0, "120->118": 0, "120->121": 0, "121->120": 0, "121->122": 0, "122->121": 0, "120->123": 0, "123->120": 0, "123->124": 0, "124->123": 0, "120->125": 0, "125->120": 0, "125->126": 0, "126->125": 0, "125->127": 0, "127->125": 0, "127->128": 0, "128->127": 0, "125->129": 0, "129->125": 0, "129->130": 0, "130->129": 0, "129->131": 0, "131->129": 0, "103->132": 0, "132->103": 0, "132->133": 0, "133->132": 0, "133->134": 0, "134->133": 0, "133->135": 0, "135->133": 0, "135->136": 0, "136->135": 0, "133->137": 0, "137->133": 0, "103->138": 0, "138->103": 0, "138->139": 0, "139->138": 0, "139->140": 0, "140->139": 0, "61->141": 0, "141->61": 0, "141->142": 0, "142->141": 0, "0->143": 0, "143->0": 0, "143->144": 0, "144->143": 0, "1->3": 1, "3->1": 12, "3->5": 1, "5->3": 12, "5->6": 1, "6->5": 12, "6->18": 1, "18->6": 12, "18->36": 1, "36->18": 12, "36->61": 1, "61->36": 12, "61->143": 1, "143->61": 12, "7->9": 1, "9->7": 12, "9->11": 1, "11->9": 12, "11->13": 1, "13->11": 12, "13->14": 1, "14->13": 12, "16->17": 2, "17->16": 3, "19->21": 1, "21->19": 12, "21->23": 1, "23->21": 12, "23->24": 1, "24->23": 12, "25->30": 6, "30->25": 6, "26->27": 1, "27->26": 12, "27->29": 1, "29->27": 12, "33->35": 1, "35->33": 12, "37->39": 1, "39->37": 12, "39->40": 1, "40->39": 12, "41->43": 1, "43->41": 12, "44->47": 1, "47->44": 12, "47->49": 1, "49->47": 12, "45->46": 2, "46->45": 3, "50->51": 1, "51->50": 12, "52->54": 1, "54->52": 12, "54->56": 1, "56->54": 12, "57->59": 1, "59->57": 12, "62->65": 1, "65->62": 12, "65->66": 1, "66->65": 12, "66->74": 1, "74->66": 12, "74->87": 1, "87->74": 12, "87->103": 1, "103->87": 12, "103->141": 1, "141->103": 12, "63->64": 2, "64->63": 3, "67->70": 1, "70->67": 12, "70->72": 1, "72->70": 12, "68->69": 2, "69->68": 3, "75->78": 1, "78->75": 12, "78->80": 1, "80->78": 12, "76->77": 2, "77->76": 3, "81->82": 1, "82->81": 12, "83->85": 1, "85->83": 12, "88->90": 1, "90->88": 12, "90->91": 1, "91->90": 12, "91->95": 1, "95->91": 12, "92->94": 1, "94->92": 12, "97->100": 1, "100->97": 12, "100->102": 1, "102->100": 12, "104->106": 1, "106->104": 12, "106->108": 1, "108->106": 12, "108->110": 1, "110->108": 12, "110->111": 1, "111->110": 12, "111->115": 1, "115->111": 12, "115->132": 1, "132->115": 12, "132->138": 1, "138->132": 12, "112->114": 1, "114->112": 12, "116->118": 1, "118->116": 12, "119->120": 1, "120->119": 12, "121->123": 1, "123->121": 12, "123->125": 1, "125->123": 12, "126->127": 1, "127->126": 12, "127->129": 1, "129->127": 12, "130->131": 2, "131->130": 3, "134->135": 1, "135->134": 12, "135->137": 1, "137->135": 12, "2->4": 2, "4->2": 3, "4->5": 2, "5->4": 3, "5->8": 2, "8->5": 3, "8->10": 2, "10->8": 3, "10->12": 2, "12->10": 3, "12->13": 2, "13->12": 3, "13->16": 2, "16->13": 3, "17->20": 2, "20->17": 3, "20->22": 2, "22->20": 3, "22->23": 2, "23->22": 3, "23->26": 2, "26->23": 3, "26->28": 2, "28->26": 3, "28->29": 2, "29->28": 3, "29->34": 2, "34->29": 3, "34->35": 2, "35->34": 3, "35->38": 2, "38->35": 3, "38->39": 2, "39->38": 3, "39->42": 2, "42->39": 3, "42->45": 2, "45->42": 3, "46->48": 2, "48->46": 3, "48->50": 2, "50->48": 3, "50->53": 2, "53->50": 3, "53->55": 2, "55->53": 3, "55->58": 2, "58->55": 3, "58->60": 2, "60->58": 3, "60->63": 2, "63->60": 3, "64->65": 2, "65->64": 3, "65->68": 2, "68->65": 3, "69->71": 2, "71->69": 3, "71->73": 2, "73->71": 3, "73->76": 2, "76->73": 3, "77->79": 2, "79->77": 3, "79->81": 2, "81->79": 3, "81->84": 2, "84->81": 3, "84->86": 2, "86->84": 3, "86->89": 2, "89->86": 3, "89->90": 2, "90->89": 3, "90->93": 2, "93->90": 3, "93->94": 2, "94->93": 3, "94->99": 2, "99->94": 3, "99->101": 4, "101->99": 5, "101->102": 2, "102->101": 3, "102->105": 2, "105->102": 3, "105->107": 2, "107->105": 3, "107->109": 2, "109->107": 3, "109->110": 2, "110->109": 3, "110->113": 2, "113->110": 3, "113->114": 2, "114->113": 3, "114->117": 2, "117->114": 3, "117->119": 2, "119->117": 3, "119->122": 2, "122->119": 3, "122->124": 2, "124->122": 3, "124->126": 2, "126->124": 3, "126->128": 2, "128->126": 3, "128->130": 2, "130->128": 3, "131->134": 2, "134->131": 3, "134->136": 2, "136->134": 3, "136->137": 2, "137->136": 3, "137->140": 2, "140->137": 3, "140->142": 2, "142->140": 3, "142->144": 2, "144->142": 3, "101->128": 4, "128->101": 5}, "metrics": [3.0, 0.0, 4.0, 3.0, 27.0, 5.0, 0.0, 0.0, 0.5, 0.0, 0.0]}