{"nodelist": ["ClassDeclaration", "{'public'}", "public", "Annotation", "XmlRootElement", "ElementValuePair", "name", "Literal", "\"ClusterVersion\"", "StorageClusterVersionModel", "FieldDeclaration", "{'final', 'private', 'static'}", "final", "private", "static", "BasicType", "long", "VariableDeclarator", "serialVersionUID", "Literal", "1L", "FieldDeclaration", "{'private'}", "private", "ReferenceType", "String", "VariableDeclarator", "version", "MethodDeclaration", "{'public'}", "public", "Annotation", "XmlValue", "ReferenceType", "String", "getVersion", "ReturnStatement", "MemberReference", "version", "MethodDeclaration", "{'public'}", "public", "setVersion", "FormalParameter", "ReferenceType", "String", "version", "StatementExpression", "Assignment", "This", "MemberReference", "version", "MemberReference", "version", "=", "MethodDeclaration", "{'public'}", "public", "Annotation", "Override", "ReferenceType", "String", "toString", "ReturnStatement", "MemberReference", "version", "ReferenceType", "Serializable"], "nodes": {"0": "ClassDeclaration", "1": "Modifier", "2": "public", "3": "Annotation", "4": "XmlRootElement", "5": "ElementValuePair", "6": "name", "7": "Literal", "8": "\"ClusterVersion\"", "9": "StorageClusterVersionModel", "10": "FieldDeclaration", "11": "Modifier", "12": "final", "13": "private", "14": "static", "15": "BasicType", "16": "long", "17": "VariableDeclarator", "18": "serialVersionUID", "19": "Literal", "20": "1L", "21": "FieldDeclaration", "22": "Modifier", "23": "private", "24": "ReferenceType", "25": "String", "26": "VariableDeclarator", "27": "version", "28": "MethodDeclaration", "29": "Modifier", "30": "public", "31": "Annotation", "32": "XmlValue", "33": "ReferenceType", "34": "String", "35": "getVersion", "36": "ReturnStatement", "37": "MemberReference", "38": "version", "39": "MethodDeclaration", "40": "Modifier", "41": "public", "42": "setVersion", "43": "FormalParameter", "44": "ReferenceType", "45": "String", "46": "version", "47": "StatementExpression", "48": "Assignment", "49": "This", "50": "MemberReference", "51": "version", "52": "MemberReference", "53": "version", "54": "=", "55": "MethodDeclaration", "56": "Modifier", "57": "public", "58": "Annotation", "59": "Override", "60": "ReferenceType", "61": "String", "62": "toString", "63": "ReturnStatement", "64": "MemberReference", "65": "version", "66": "ReferenceType", "67": "Serializable"}, "edges": {"0->1": 0, "1->0": 0, "1->2": 0, "2->1": 0, "0->3": 0, "3->0": 0, "3->4": 0, "4->3": 0, "3->5": 0, "5->3": 0, "5->6": 0, "6->5": 0, "5->7": 0, "7->5": 0, "7->8": 0, "8->7": 0, "0->9": 0, "9->0": 0, "0->10": 0, "10->0": 0, "10->11": 0, "11->10": 0, "11->12": 0, "12->11": 0, "11->13": 0, "13->11": 0, "11->14": 0, "14->11": 0, "10->15": 0, "15->10": 0, "15->16": 0, "16->15": 0, "10->17": 0, "17->10": 0, "17->18": 0, "18->17": 0, "17->19": 0, "19->17": 0, "19->20": 0, "20->19": 0, "0->21": 0, "21->0": 0, "21->22": 0, "22->21": 0, "22->23": 0, "23->22": 0, "21->24": 0, "24->21": 0, "24->25": 0, "25->24": 0, "21->26": 0, "26->21": 0, "26->27": 0, "27->26": 0, "0->28": 0, "28->0": 0, "28->29": 0, "29->28": 0, "29->30": 0, "30->29": 0, "28->31": 0, "31->28": 0, "31->32": 0, "32->31": 0, "28->33": 0, "33->28": 0, "33->34": 0, "34->33": 0, "28->35": 0, "35->28": 0, "28->36": 0, "36->28": 0, "36->37": 0, "37->36": 0, "37->38": 0, "38->37": 0, "0->39": 0, "39->0": 0, "39->40": 0, "40->39": 0, "40->41": 0, "41->40": 0, "39->42": 0, "42->39": 0, "39->43": 0, "43->39": 0, "43->44": 0, "44->43": 0, "44->45": 0, "45->44": 0, "43->46": 0, "46->43": 0, "39->47": 0, "47->39": 0, "47->48": 0, "48->47": 0, "48->49": 0, "49->48": 0, "49->50": 0, "50->49": 0, "50->51": 0, "51->50": 0, "48->52": 0, "52->48": 0, "52->53": 0, "53->52": 0, "48->54": 0, "54->48": 0, "0->55": 0, "55->0": 0, "55->56": 0, "56->55": 0, "56->57": 0, "57->56": 0, "55->58": 0, "58->55": 0, "58->59": 0, "59->58": 0, "55->60": 0, "60->55": 0, "60->61": 0, "61->60": 0, "55->62": 0, "62->55": 0, "55->63": 0, "63->55": 0, "63->64": 0, "64->63": 0, "64->65": 0, "65->64": 0, "0->66": 0, "66->0": 0, "66->67": 0, "67->66": 0, "1->3": 1, "3->1": 12, "3->9": 1, "9->3": 12, "9->10": 1, "10->9": 12, "10->21": 1, "21->10": 12, "21->28": 1, "28->21": 12, "28->39": 1, "39->28": 12, "39->55": 1, "55->39": 12, "55->66": 1, "66->55": 12, "4->5": 1, "5->4": 12, "6->7": 1, "7->6": 12, "11->15": 1, "15->11": 12, "15->17": 1, "17->15": 12, "12->13": 2, "13->12": 3, "13->14": 2, "14->13": 3, "18->19": 1, "19->18": 12, "22->24": 1, "24->22": 12, "24->26": 1, "26->24": 12, "29->31": 1, "31->29": 12, "31->33": 1, "33->31": 12, "33->35": 1, "35->33": 12, "35->36": 1, "36->35": 12, "40->42": 1, "42->40": 12, "42->43": 1, "43->42": 12, "43->47": 1, "47->43": 12, "44->46": 1, "46->44": 12, "49->52": 1, "52->49": 12, "52->54": 1, "54->52": 12, "56->58": 1, "58->56": 12, "58->60": 1, "60->58": 12, "60->62": 1, "62->60": 12, "62->63": 1, "63->62": 12, "2->4": 2, "4->2": 3, "4->6": 2, "6->4": 3, "6->8": 2, "8->6": 3, "8->9": 2, "9->8": 3, "9->12": 2, "12->9": 3, "14->16": 2, "16->14": 3, "16->18": 2, "18->16": 3, "18->20": 2, "20->18": 3, "20->23": 2, "23->20": 3, "23->25": 2, "25->23": 3, "25->27": 2, "27->25": 3, "27->30": 2, "30->27": 3, "30->32": 2, "32->30": 3, "32->34": 2, "34->32": 3, "34->35": 2, "35->34": 3, "35->38": 2, "38->35": 3, "38->41": 2, "41->38": 3, "41->42": 2, "42->41": 3, "42->45": 2, "45->42": 3, "45->46": 2, "46->45": 3, "46->51": 2, "51->46": 3, "51->53": 4, "53->51": 5, "53->54": 2, "54->53": 3, "54->57": 2, "57->54": 3, "57->59": 2, "59->57": 3, "59->61": 2, "61->59": 3, "61->62": 2, "62->61": 3, "62->65": 2, "65->62": 3, "65->67": 2, "67->65": 3, "38->51": 4, "51->38": 5, "53->65": 4, "65->53": 5}, "metrics": [2.0, 0.0, 3.0, 3.0, 22.0, 3.0, 0.0, 0.0, 0.0, 3.0, 0.0]}