{"nodelist": ["ClassDeclaration", "{'public', 'abstract'}", "public", "abstract", "ResultGenerator", "MethodDeclaration", "{'public', 'static'}", "public", "static", "ReferenceType", "ResultGenerator", "fromRowSpec", "FormalParameter", "{'final'}", "final", "ReferenceType", "String", "table", "FormalParameter", "{'final'}", "final", "ReferenceType", "RowSpec", "rowspec", "FormalParameter", "{'final'}", "final", "ReferenceType", "Filter", "filter", "IOException", "IfStatement", "MethodInvocation", "rowspec", "isSingleRow", "BlockStatement", "ReturnStatement", "ClassCreator", "ReferenceType", "RowResultGenerator", "MemberReference", "table", "MemberReference", "rowspec", "MemberReference", "filter", "BlockStatement", "ReturnStatement", "ClassCreator", "ReferenceType", "ScannerResultGenerator", "MemberReference", "table", "MemberReference", "rowspec", "MemberReference", "filter", "MethodDeclaration", "{'public', 'static'}", "public", "static", "ReferenceType", "Filter", "buildFilter", "FormalParameter", "{'final'}", "final", "ReferenceType", "String", "filter", "Exception", "ReturnStatement", "MethodInvocation", "ScannerModel", "MemberReference", "filter", "buildFilter", "MethodDeclaration", "{'public', 'abstract'}", "public", "abstract", "putBack", "FormalParameter", "ReferenceType", "KeyValue", "kv", "MethodDeclaration", "{'public', 'abstract'}", "public", "abstract", "close", "ReferenceType", "Iterator", "TypeArgument", "ReferenceType", "KeyValue"], "nodes": {"0": "ClassDeclaration", "1": "Modifier", "2": "public", "3": "abstract", "4": "ResultGenerator", "5": "MethodDeclaration", "6": "Modifier", "7": "public", "8": "static", "9": "ReferenceType", "10": "ResultGenerator", "11": "fromRowSpec", "12": "FormalParameter", "13": "Modifier", "14": "final", "15": "ReferenceType", "16": "String", "17": "table", "18": "FormalParameter", "19": "Modifier", "20": "final", "21": "ReferenceType", "22": "RowSpec", "23": "rowspec", "24": "FormalParameter", "25": "Modifier", "26": "final", "27": "ReferenceType", "28": "Filter", "29": "filter", "30": "IOException", "31": "IfStatement", "32": "MethodInvocation", "33": "rowspec", "34": "isSingleRow", "35": "BlockStatement", "36": "ReturnStatement", "37": "ClassCreator", "38": "ReferenceType", "39": "RowResultGenerator", "40": "MemberReference", "41": "table", "42": "MemberReference", "43": "rowspec", "44": "MemberReference", "45": "filter", "46": "BlockStatement", "47": "ReturnStatement", "48": "ClassCreator", "49": "ReferenceType", "50": "ScannerResultGenerator", "51": "MemberReference", "52": "table", "53": "MemberReference", "54": "rowspec", "55": "MemberReference", "56": "filter", "57": "MethodDeclaration", "58": "Modifier", "59": "public", "60": "static", "61": "ReferenceType", "62": "Filter", "63": "buildFilter", "64": "FormalParameter", "65": "Modifier", "66": "final", "67": "ReferenceType", "68": "String", "69": "filter", "70": "Exception", "71": "ReturnStatement", "72": "MethodInvocation", "73": "ScannerModel", "74": "MemberReference", "75": "filter", "76": "buildFilter", "77": "MethodDeclaration", "78": "Modifier", "79": "public", "80": "abstract", "81": "putBack", "82": "FormalParameter", "83": "ReferenceType", "84": "KeyValue", "85": "kv", "86": "MethodDeclaration", "87": "Modifier", "88": "public", "89": "abstract", "90": "close", "91": "ReferenceType", "92": "Iterator", "93": "TypeArgument", "94": "ReferenceType", "95": "KeyValue"}, "edges": {"0->1": 0, "1->0": 0, "1->2": 0, "2->1": 0, "1->3": 0, "3->1": 0, "0->4": 0, "4->0": 0, "0->5": 0, "5->0": 0, "5->6": 0, "6->5": 0, "6->7": 0, "7->6": 0, "6->8": 0, "8->6": 0, "5->9": 0, "9->5": 0, "9->10": 0, "10->9": 0, "5->11": 0, "11->5": 0, "5->12": 0, "12->5": 0, "12->13": 0, "13->12": 0, "13->14": 0, "14->13": 0, "12->15": 0, "15->12": 0, "15->16": 0, "16->15": 0, "12->17": 0, "17->12": 0, "5->18": 0, "18->5": 0, "18->19": 0, "19->18": 0, "19->20": 0, "20->19": 0, "18->21": 0, "21->18": 0, "21->22": 0, "22->21": 0, "18->23": 0, "23->18": 0, "5->24": 0, "24->5": 0, "24->25": 0, "25->24": 0, "25->26": 0, "26->25": 0, "24->27": 0, "27->24": 0, "27->28": 0, "28->27": 0, "24->29": 0, "29->24": 0, "5->30": 0, "30->5": 0, "5->31": 0, "31->5": 0, "31->32": 0, "32->31": 0, "32->33": 0, "33->32": 0, "32->34": 0, "34->32": 0, "31->35": 0, "35->31": 0, "35->36": 0, "36->35": 0, "36->37": 0, "37->36": 0, "37->38": 0, "38->37": 0, "38->39": 0, "39->38": 0, "37->40": 0, "40->37": 0, "40->41": 0, "41->40": 0, "37->42": 0, "42->37": 0, "42->43": 0, "43->42": 0, "37->44": 0, "44->37": 0, "44->45": 0, "45->44": 0, "31->46": 0, "46->31": 0, "46->47": 0, "47->46": 0, "47->48": 0, "48->47": 0, "48->49": 0, "49->48": 0, "49->50": 0, "50->49": 0, "48->51": 0, "51->48": 0, "51->52": 0, "52->51": 0, "48->53": 0, "53->48": 0, "53->54": 0, "54->53": 0, "48->55": 0, "55->48": 0, "55->56": 0, "56->55": 0, "0->57": 0, "57->0": 0, "57->58": 0, "58->57": 0, "58->59": 0, "59->58": 0, "58->60": 0, "60->58": 0, "57->61": 0, "61->57": 0, "61->62": 0, "62->61": 0, "57->63": 0, "63->57": 0, "57->64": 0, "64->57": 0, "64->65": 0, "65->64": 0, "65->66": 0, "66->65": 0, "64->67": 0, "67->64": 0, "67->68": 0, "68->67": 0, "64->69": 0, "69->64": 0, "57->70": 0, "70->57": 0, "57->71": 0, "71->57": 0, "71->72": 0, "72->71": 0, "72->73": 0, "73->72": 0, "72->74": 0, "74->72": 0, "74->75": 0, "75->74": 0, "72->76": 0, "76->72": 0, "0->77": 0, "77->0": 0, "77->78": 0, "78->77": 0, "78->79": 0, "79->78": 0, "78->80": 0, "80->78": 0, "77->81": 0, "81->77": 0, "77->82": 0, "82->77": 0, "82->83": 0, "83->82": 0, "83->84": 0, "84->83": 0, "82->85": 0, "85->82": 0, "0->86": 0, "86->0": 0, "86->87": 0, "87->86": 0, "87->88": 0, "88->87": 0, "87->89": 0, "89->87": 0, "86->90": 0, "90->86": 0, "0->91": 0, "91->0": 0, "91->92": 0, "92->91": 0, "91->93": 0, "93->91": 0, "93->94": 0, "94->93": 0, "94->95": 0, "95->94": 0, "1->4": 1, "4->1": 12, "4->5": 1, "5->4": 12, "5->57": 1, "57->5": 12, "57->77": 1, "77->57": 12, "77->86": 1, "86->77": 12, "86->91": 1, "91->86": 12, "2->3": 2, "3->2": 3, "6->9": 1, "9->6": 12, "9->11": 1, "11->9": 12, "11->12": 1, "12->11": 12, "12->18": 1, "18->12": 12, "18->24": 1, "24->18": 12, "24->30": 1, "30->24": 12, "30->31": 1, "31->30": 12, "7->8": 2, "8->7": 3, "13->15": 1, "15->13": 12, "15->17": 1, "17->15": 12, "19->21": 1, "21->19": 12, "21->23": 1, "23->21": 12, "25->27": 1, "27->25": 12, "27->29": 1, "29->27": 12, "32->35": 6, "35->32": 6, "35->46": 1, "46->35": 12, "33->34": 2, "34->33": 3, "38->40": 1, "40->38": 12, "40->42": 1, "42->40": 12, "42->44": 1, "44->42": 12, "49->51": 1, "51->49": 12, "51->53": 1, "53->51": 12, "53->55": 1, "55->53": 12, "58->61": 1, "61->58": 12, "61->63": 1, "63->61": 12, "63->64": 1, "64->63": 12, "64->70": 1, "70->64": 12, "70->71": 1, "71->70": 12, "59->60": 2, "60->59": 3, "65->67": 1, "67->65": 12, "67->69": 1, "69->67": 12, "73->74": 1, "74->73": 12, "74->76": 1, "76->74": 12, "78->81": 1, "81->78": 12, "81->82": 1, "82->81": 12, "79->80": 2, "80->79": 3, "83->85": 1, "85->83": 12, "87->90": 1, "90->87": 12, "88->89": 2, "89->88": 3, "92->93": 1, "93->92": 12, "32->46": 7, "46->32": 7, "3->4": 2, "4->3": 3, "4->7": 2, "7->4": 3, "8->10": 2, "10->8": 3, "10->11": 2, "11->10": 3, "11->14": 2, "14->11": 3, "14->16": 2, "16->14": 3, "16->17": 2, "17->16": 3, "17->20": 2, "20->17": 3, "20->22": 2, "22->20": 3, "22->23": 2, "23->22": 3, "23->26": 2, "26->23": 3, "26->28": 2, "28->26": 3, "28->29": 2, "29->28": 3, "29->30": 2, "30->29": 3, "30->33": 2, "33->30": 3, "34->39": 2, "39->34": 3, "39->41": 2, "41->39": 3, "41->43": 2, "43->41": 3, "43->45": 2, "45->43": 3, "45->50": 2, "50->45": 3, "50->52": 2, "52->50": 3, "52->54": 2, "54->52": 3, "54->56": 2, "56->54": 3, "56->59": 2, "59->56": 3, "60->62": 2, "62->60": 3, "62->63": 2, "63->62": 3, "63->66": 2, "66->63": 3, "66->68": 2, "68->66": 3, "68->69": 2, "69->68": 3, "69->70": 2, "70->69": 3, "70->73": 2, "73->70": 3, "73->75": 2, "75->73": 3, "75->76": 2, "76->75": 3, "76->79": 2, "79->76": 3, "80->81": 2, "81->80": 3, "81->84": 2, "84->81": 3, "84->85": 2, "85->84": 3, "85->88": 2, "88->85": 3, "89->90": 2, "90->89": 3, "90->92": 2, "92->90": 3, "92->95": 2, "95->92": 3, "41->52": 4, "52->41": 5, "43->54": 4, "54->43": 5, "45->56": 4, "56->45": 5, "56->75": 4, "75->56": 5}, "metrics": [0.0, 0.0, 4.0, 4.0, 15.0, 5.0, 0.0, 0.0, -1.0, 0.0, 4.0]}