{"nodelist": ["InterfaceDeclaration", "{'public'}", "public", "Codec", "InterfaceDeclaration", "{'public'}", "public", "Encoder", "ReferenceType", "CellOutputStream", "InterfaceDeclaration", "{'public'}", "public", "Decoder", "ReferenceType", "CellScanner", "MethodDeclaration", "ReferenceType", "Decoder", "getDecoder", "FormalParameter", "ReferenceType", "InputStream", "is", "MethodDeclaration", "ReferenceType", "Encoder", "getEncoder", "FormalParameter", "ReferenceType", "OutputStream", "os"], "nodes": {"0": "InterfaceDeclaration", "1": "Modifier", "2": "public", "3": "Codec", "4": "InterfaceDeclaration", "5": "Modifier", "6": "public", "7": "Encoder", "8": "ReferenceType", "9": "CellOutputStream", "10": "InterfaceDeclaration", "11": "Modifier", "12": "public", "13": "Decoder", "14": "ReferenceType", "15": "CellScanner", "16": "MethodDeclaration", "17": "ReferenceType", "18": "Decoder", "19": "getDecoder", "20": "FormalParameter", "21": "ReferenceType", "22": "InputStream", "23": "is", "24": "MethodDeclaration", "25": "ReferenceType", "26": "Encoder", "27": "getEncoder", "28": "FormalParameter", "29": "ReferenceType", "30": "OutputStream", "31": "os"}, "edges": {"0->1": 0, "1->0": 0, "1->2": 0, "2->1": 0, "0->3": 0, "3->0": 0, "0->4": 0, "4->0": 0, "4->5": 0, "5->4": 0, "5->6": 0, "6->5": 0, "4->7": 0, "7->4": 0, "4->8": 0, "8->4": 0, "8->9": 0, "9->8": 0, "0->10": 0, "10->0": 0, "10->11": 0, "11->10": 0, "11->12": 0, "12->11": 0, "10->13": 0, "13->10": 0, "10->14": 0, "14->10": 0, "14->15": 0, "15->14": 0, "0->16": 0, "16->0": 0, "16->17": 0, "17->16": 0, "17->18": 0, "18->17": 0, "16->19": 0, "19->16": 0, "16->20": 0, "20->16": 0, "20->21": 0, "21->20": 0, "21->22": 0, "22->21": 0, "20->23": 0, "23->20": 0, "0->24": 0, "24->0": 0, "24->25": 0, "25->24": 0, "25->26": 0, "26->25": 0, "24->27": 0, "27->24": 0, "24->28": 0, "28->24": 0, "28->29": 0, "29->28": 0, "29->30": 0, "30->29": 0, "28->31": 0, "31->28": 0, "1->3": 1, "3->1": 12, "3->4": 1, "4->3": 12, "4->10": 1, "10->4": 12, "10->16": 1, "16->10": 12, "16->24": 1, "24->16": 12, "5->7": 1, "7->5": 12, "7->8": 1, "8->7": 12, "11->13": 1, "13->11": 12, "13->14": 1, "14->13": 12, "17->19": 1, "19->17": 12, "19->20": 1, "20->19": 12, "21->23": 1, "23->21": 12, "25->27": 1, "27->25": 12, "27->28": 1, "28->27": 12, "29->31": 1, "31->29": 12, "2->3": 2, "3->2": 3, "3->6": 2, "6->3": 3, "6->7": 2, "7->6": 3, "7->9": 2, "9->7": 3, "9->12": 2, "12->9": 3, "12->13": 2, "13->12": 3, "13->15": 2, "15->13": 3, "15->18": 2, "18->15": 3, "18->19": 2, "19->18": 3, "19->22": 2, "22->19": 3, "22->23": 2, "23->22": 3, "23->26": 2, "26->23": 3, "26->27": 2, "27->26": 3, "27->30": 2, "30->27": 3, "30->31": 2, "31->30": 3}, "metrics": [0.0, 0.0, 2.0, 0.0, 17.0, 2.0, 5.0, 0.0, -1.0, 12.0, 0.0]}