{"nodelist": ["ClassDeclaration", "{'public'}", "public", "Annotation", "InterfaceAudience.Private", "PerClientRandomNonceGenerator", "FieldDeclaration", "{'final', 'private'}", "final", "private", "ReferenceType", "Random", "VariableDeclarator", "rdm", "ClassCreator", "ReferenceType", "Random", "FieldDeclaration", "{'final', 'private'}", "final", "private", "BasicType", "long", "VariableDeclarator", "clientId", "ConstructorDeclaration", "{'public'}", "public", "PerClientRandomNonceGenerator", "LocalVariableDeclaration", "BasicType", "byte", "VariableDeclarator", "clientIdBase", "MethodInvocation", "ClientIdGenerator", "generateClientId", "StatementExpression", "Assignment", "This", "MemberReference", "clientId", "BinaryOperation", "+", "BinaryOperation", "<<", "Cast", "BasicType", "long", "MethodInvocation", "Arrays", "MemberReference", "clientIdBase", "hashCode", "Literal", "32", "MethodInvocation", "rdm", "nextInt", "=", "MethodDeclaration", "{'public'}", "public", "Annotation", "Override", "BasicType", "long", "getNonceGroup", "ReturnStatement", "This", "MemberReference", "clientId", "MethodDeclaration", "{'public'}", "public", "Annotation", "Override", "BasicType", "long", "newNonce", "LocalVariableDeclaration", "BasicType", "long", "VariableDeclarator", "result", "MemberReference", "HConstants", "NO_NONCE", "DoStatement", "BinaryOperation", "==", "MemberReference", "result", "MemberReference", "HConstants", "NO_NONCE", "BlockStatement", "StatementExpression", "Assignment", "MemberReference", "result", "MethodInvocation", "rdm", "nextLong", "=", "ReturnStatement", "MemberReference", "result", "ReferenceType", "NonceGenerator"], "nodes": {"0": "ClassDeclaration", "1": "Modifier", "2": "public", "3": "Annotation", "4": "InterfaceAudience.Private", "5": "PerClientRandomNonceGenerator", "6": "FieldDeclaration", "7": "Modifier", "8": "final", "9": "private", "10": "ReferenceType", "11": "Random", "12": "VariableDeclarator", "13": "rdm", "14": "ClassCreator", "15": "ReferenceType", "16": "Random", "17": "FieldDeclaration", "18": "Modifier", "19": "final", "20": "private", "21": "BasicType", "22": "long", "23": "VariableDeclarator", "24": "clientId", "25": "ConstructorDeclaration", "26": "Modifier", "27": "public", "28": "PerClientRandomNonceGenerator", "29": "LocalVariableDeclaration", "30": "BasicType", "31": "byte", "32": "VariableDeclarator", "33": "clientIdBase", "34": "MethodInvocation", "35": "ClientIdGenerator", "36": "generateClientId", "37": "StatementExpression", "38": "Assignment", "39": "This", "40": "MemberReference", "41": "clientId", "42": "BinaryOperation", "43": "+", "44": "BinaryOperation", "45": "<<", "46": "Cast", "47": "BasicType", "48": "long", "49": "MethodInvocation", "50": "Arrays", "51": "MemberReference", "52": "clientIdBase", "53": "hashCode", "54": "Literal", "55": "32", "56": "MethodInvocation", "57": "rdm", "58": "nextInt", "59": "=", "60": "MethodDeclaration", "61": "Modifier", "62": "public", "63": "Annotation", "64": "Override", "65": "BasicType", "66": "long", "67": "getNonceGroup", "68": "ReturnStatement", "69": "This", "70": "MemberReference", "71": "clientId", "72": "MethodDeclaration", "73": "Modifier", "74": "public", "75": "Annotation", "76": "Override", "77": "BasicType", "78": "long", "79": "newNonce", "80": "LocalVariableDeclaration", "81": "BasicType", "82": "long", "83": "VariableDeclarator", "84": "result", "85": "MemberReference", "86": "HConstants", "87": "NO_NONCE", "88": "DoStatement", "89": "BinaryOperation", "90": "==", "91": "MemberReference", "92": "result", "93": "MemberReference", "94": "HConstants", "95": "NO_NONCE", "96": "BlockStatement", "97": "StatementExpression", "98": "Assignment", "99": "MemberReference", "100": "result", "101": "MethodInvocation", "102": "rdm", "103": "nextLong", "104": "=", "105": "ReturnStatement", "106": "MemberReference", "107": "result", "108": "ReferenceType", "109": "NonceGenerator"}, "edges": {"0->1": 0, "1->0": 0, "1->2": 0, "2->1": 0, "0->3": 0, "3->0": 0, "3->4": 0, "4->3": 0, "0->5": 0, "5->0": 0, "0->6": 0, "6->0": 0, "6->7": 0, "7->6": 0, "7->8": 0, "8->7": 0, "7->9": 0, "9->7": 0, "6->10": 0, "10->6": 0, "10->11": 0, "11->10": 0, "6->12": 0, "12->6": 0, "12->13": 0, "13->12": 0, "12->14": 0, "14->12": 0, "14->15": 0, "15->14": 0, "15->16": 0, "16->15": 0, "0->17": 0, "17->0": 0, "17->18": 0, "18->17": 0, "18->19": 0, "19->18": 0, "18->20": 0, "20->18": 0, "17->21": 0, "21->17": 0, "21->22": 0, "22->21": 0, "17->23": 0, "23->17": 0, "23->24": 0, "24->23": 0, "0->25": 0, "25->0": 0, "25->26": 0, "26->25": 0, "26->27": 0, "27->26": 0, "25->28": 0, "28->25": 0, "25->29": 0, "29->25": 0, "29->30": 0, "30->29": 0, "30->31": 0, "31->30": 0, "29->32": 0, "32->29": 0, "32->33": 0, "33->32": 0, "32->34": 0, "34->32": 0, "34->35": 0, "35->34": 0, "34->36": 0, "36->34": 0, "25->37": 0, "37->25": 0, "37->38": 0, "38->37": 0, "38->39": 0, "39->38": 0, "39->40": 0, "40->39": 0, "40->41": 0, "41->40": 0, "38->42": 0, "42->38": 0, "42->43": 0, "43->42": 0, "42->44": 0, "44->42": 0, "44->45": 0, "45->44": 0, "44->46": 0, "46->44": 0, "46->47": 0, "47->46": 0, "47->48": 0, "48->47": 0, "46->49": 0, "49->46": 0, "49->50": 0, "50->49": 0, "49->51": 0, "51->49": 0, "51->52": 0, "52->51": 0, "49->53": 0, "53->49": 0, "44->54": 0, "54->44": 0, "54->55": 0, "55->54": 0, "42->56": 0, "56->42": 0, "56->57": 0, "57->56": 0, "56->58": 0, "58->56": 0, "38->59": 0, "59->38": 0, "0->60": 0, "60->0": 0, "60->61": 0, "61->60": 0, "61->62": 0, "62->61": 0, "60->63": 0, "63->60": 0, "63->64": 0, "64->63": 0, "60->65": 0, "65->60": 0, "65->66": 0, "66->65": 0, "60->67": 0, "67->60": 0, "60->68": 0, "68->60": 0, "68->69": 0, "69->68": 0, "69->70": 0, "70->69": 0, "70->71": 0, "71->70": 0, "0->72": 0, "72->0": 0, "72->73": 0, "73->72": 0, "73->74": 0, "74->73": 0, "72->75": 0, "75->72": 0, "75->76": 0, "76->75": 0, "72->77": 0, "77->72": 0, "77->78": 0, "78->77": 0, "72->79": 0, "79->72": 0, "72->80": 0, "80->72": 0, "80->81": 0, "81->80": 0, "81->82": 0, "82->81": 0, "80->83": 0, "83->80": 0, "83->84": 0, "84->83": 0, "83->85": 0, "85->83": 0, "85->86": 0, "86->85": 0, "85->87": 0, "87->85": 0, "72->88": 0, "88->72": 0, "88->89": 0, "89->88": 0, "89->90": 0, "90->89": 0, "89->91": 0, "91->89": 0, "91->92": 0, "92->91": 0, "89->93": 0, "93->89": 0, "93->94": 0, "94->93": 0, "93->95": 0, "95->93": 0, "88->96": 0, "96->88": 0, "96->97": 0, "97->96": 0, "97->98": 0, "98->97": 0, "98->99": 0, "99->98": 0, "99->100": 0, "100->99": 0, "98->101": 0, "101->98": 0, "101->102": 0, "102->101": 0, "101->103": 0, "103->101": 0, "98->104": 0, "104->98": 0, "72->105": 0, "105->72": 0, "105->106": 0, "106->105": 0, "106->107": 0, "107->106": 0, "0->108": 0, "108->0": 0, "108->109": 0, "109->108": 0, "1->3": 1, "3->1": 12, "3->5": 1, "5->3": 12, "5->6": 1, "6->5": 12, "6->17": 1, "17->6": 12, "17->25": 1, "25->17": 12, "25->60": 1, "60->25": 12, "60->72": 1, "72->60": 12, "72->108": 1, "108->72": 12, "7->10": 1, "10->7": 12, "10->12": 1, "12->10": 12, "8->9": 2, "9->8": 3, "13->14": 1, "14->13": 12, "18->21": 1, "21->18": 12, "21->23": 1, "23->21": 12, "19->20": 2, "20->19": 3, "26->28": 1, "28->26": 12, "28->29": 1, "29->28": 12, "29->37": 1, "37->29": 12, "30->32": 1, "32->30": 12, "33->34": 1, "34->33": 12, "35->36": 2, "36->35": 3, "39->42": 1, "42->39": 12, "42->59": 1, "59->42": 12, "43->44": 1, "44->43": 12, "44->56": 1, "56->44": 12, "45->46": 1, "46->45": 12, "46->54": 1, "54->46": 12, "47->49": 1, "49->47": 12, "50->51": 1, "51->50": 12, "51->53": 1, "53->51": 12, "57->58": 2, "58->57": 3, "61->63": 1, "63->61": 12, "63->65": 1, "65->63": 12, "65->67": 1, "67->65": 12, "67->68": 1, "68->67": 12, "73->75": 1, "75->73": 12, "75->77": 1, "77->75": 12, "77->79": 1, "79->77": 12, "79->80": 1, "80->79": 12, "80->88": 1, "88->80": 12, "88->105": 1, "105->88": 12, "81->83": 1, "83->81": 12, "84->85": 1, "85->84": 12, "86->87": 2, "87->86": 3, "89->96": 1, "96->89": 12, "90->91": 1, "91->90": 12, "91->93": 1, "93->91": 12, "94->95": 2, "95->94": 3, "99->101": 1, "101->99": 12, "101->104": 1, "104->101": 12, "102->103": 2, "103->102": 3, "2->4": 2, "4->2": 3, "4->5": 2, "5->4": 3, "5->8": 2, "8->5": 3, "9->11": 2, "11->9": 3, "11->13": 2, "13->11": 3, "13->16": 2, "16->13": 3, "16->19": 2, "19->16": 3, "20->22": 2, "22->20": 3, "22->24": 2, "24->22": 3, "24->27": 2, "27->24": 3, "27->28": 2, "28->27": 3, "28->31": 2, "31->28": 3, "31->33": 2, "33->31": 3, "33->35": 2, "35->33": 3, "36->41": 2, "41->36": 3, "41->43": 2, "43->41": 3, "43->45": 2, "45->43": 3, "45->48": 2, "48->45": 3, "48->50": 2, "50->48": 3, "50->52": 2, "52->50": 3, "52->53": 2, "53->52": 3, "53->55": 2, "55->53": 3, "55->57": 2, "57->55": 3, "58->59": 2, "59->58": 3, "59->62": 2, "62->59": 3, "62->64": 2, "64->62": 3, "64->66": 2, "66->64": 3, "66->67": 2, "67->66": 3, "67->71": 2, "71->67": 3, "71->74": 2, "74->71": 3, "74->76": 2, "76->74": 3, "76->78": 2, "78->76": 3, "78->79": 2, "79->78": 3, "79->82": 2, "82->79": 3, "82->84": 2, "84->82": 3, "84->86": 2, "86->84": 3, "87->90": 2, "90->87": 3, "90->92": 2, "92->90": 3, "92->94": 2, "94->92": 3, "95->100": 2, "100->95": 3, "100->102": 2, "102->100": 3, "103->104": 2, "104->103": 3, "104->107": 2, "107->104": 3, "107->109": 2, "109->107": 3, "41->71": 4, "71->41": 5, "87->95": 4, "95->87": 5, "92->100": 4, "100->92": 5, "100->107": 4, "107->100": 5}, "metrics": [2.0, 0.0, 3.0, 3.0, 22.0, 4.0, 0.0, 1.0, 0.0, 0.0, 2.0]}