{"nodelist": ["ClassDeclaration", "{'public', 'static'}", "public", "static", "Annotation", "InterfaceAudience.Public", "Builder", "FieldDeclaration", "{'private'}", "private", "ReferenceType", "String", "VariableDeclarator", "bName", "FieldDeclaration", "{'private'}", "private", "ReferenceType", "Map", "TypeArgument", "ReferenceType", "String", "TypeArgument", "ReferenceType", "String", "VariableDeclarator", "bConfiguration", "ClassCreator", "ReferenceType", "TreeMap", "ConstructorDeclaration", "{'private'}", "private", "Builder", "FormalParameter", "ReferenceType", "NamespaceDescriptor", "ns", "StatementExpression", "Assignment", "This", "MemberReference", "bName", "MemberReference", "ns", "name", "=", "StatementExpression", "Assignment", "This", "MemberReference", "bConfiguration", "MemberReference", "ns", "configuration", "=", "ConstructorDeclaration", "{'private'}", "private", "Builder", "FormalParameter", "ReferenceType", "String", "name", "StatementExpression", "Assignment", "This", "MemberReference", "bName", "MemberReference", "name", "=", "MethodDeclaration", "{'public'}", "public", "ReferenceType", "Builder", "addConfiguration", "FormalParameter", "ReferenceType", "Map", "TypeArgument", "ReferenceType", "String", "TypeArgument", "ReferenceType", "String", "configuration", "StatementExpression", "This", "MemberReference", "bConfiguration", "MethodInvocation", "MemberReference", "configuration", "putAll", "ReturnStatement", "This", "MethodDeclaration", "{'public'}", "public", "ReferenceType", "Builder", "addConfiguration", "FormalParameter", "ReferenceType", "String", "key", "FormalParameter", "ReferenceType", "String", "value", "StatementExpression", "This", "MemberReference", "bConfiguration", "MethodInvocation", "MemberReference", "key", "MemberReference", "value", "put", "ReturnStatement", "This", "MethodDeclaration", "{'public'}", "public", "ReferenceType", "Builder", "removeConfiguration", "FormalParameter", "ReferenceType", "String", "key", "StatementExpression", "This", "MemberReference", "bConfiguration", "MethodInvocation", "MemberReference", "key", "remove", "ReturnStatement", "This", "MethodDeclaration", "{'public'}", "public", "ReferenceType", "NamespaceDescriptor", "build", "IfStatement", "BinaryOperation", "==", "This", "MemberReference", "bName", "Literal", "null", "BlockStatement", "ThrowStatement", "ClassCreator", "ReferenceType", "IllegalArgumentException", "Literal", "\"A name has to be specified in a namespace.\"", "LocalVariableDeclaration", "ReferenceType", "NamespaceDescriptor", "VariableDeclarator", "desc", "ClassCreator", "ReferenceType", "NamespaceDescriptor", "This", "MemberReference", "bName", "StatementExpression", "Assignment", "MemberReference", "desc", "configuration", "This", "MemberReference", "bConfiguration", "=", "ReturnStatement", "MemberReference", "desc"], "nodes": {"0": "ClassDeclaration", "1": "Modifier", "2": "public", "3": "static", "4": "Annotation", "5": "InterfaceAudience.Public", "6": "Builder", "7": "FieldDeclaration", "8": "Modifier", "9": "private", "10": "ReferenceType", "11": "String", "12": "VariableDeclarator", "13": "bName", "14": "FieldDeclaration", "15": "Modifier", "16": "private", "17": "ReferenceType", "18": "Map", "19": "TypeArgument", "20": "ReferenceType", "21": "String", "22": "TypeArgument", "23": "ReferenceType", "24": "String", "25": "VariableDeclarator", "26": "bConfiguration", "27": "ClassCreator", "28": "ReferenceType", "29": "TreeMap", "30": "ConstructorDeclaration", "31": "Modifier", "32": "private", "33": "Builder", "34": "FormalParameter", "35": "ReferenceType", "36": "NamespaceDescriptor", "37": "ns", "38": "StatementExpression", "39": "Assignment", "40": "This", "41": "MemberReference", "42": "bName", "43": "MemberReference", "44": "ns", "45": "name", "46": "=", "47": "StatementExpression", "48": "Assignment", "49": "This", "50": "MemberReference", "51": "bConfiguration", "52": "MemberReference", "53": "ns", "54": "configuration", "55": "=", "56": "ConstructorDeclaration", "57": "Modifier", "58": "private", "59": "Builder", "60": "FormalParameter", "61": "ReferenceType", "62": "String", "63": "name", "64": "StatementExpression", "65": "Assignment", "66": "This", "67": "MemberReference", "68": "bName", "69": "MemberReference", "70": "name", "71": "=", "72": "MethodDeclaration", "73": "Modifier", "74": "public", "75": "ReferenceType", "76": "Builder", "77": "addConfiguration", "78": "FormalParameter", "79": "ReferenceType", "80": "Map", "81": "TypeArgument", "82": "ReferenceType", "83": "String", "84": "TypeArgument", "85": "ReferenceType", "86": "String", "87": "configuration", "88": "StatementExpression", "89": "This", "90": "MemberReference", "91": "bConfiguration", "92": "MethodInvocation", "93": "MemberReference", "94": "configuration", "95": "putAll", "96": "ReturnStatement", "97": "This", "98": "MethodDeclaration", "99": "Modifier", "100": "public", "101": "ReferenceType", "102": "Builder", "103": "addConfiguration", "104": "FormalParameter", "105": "ReferenceType", "106": "String", "107": "key", "108": "FormalParameter", "109": "ReferenceType", "110": "String", "111": "value", "112": "StatementExpression", "113": "This", "114": "MemberReference", "115": "bConfiguration", "116": "MethodInvocation", "117": "MemberReference", "118": "key", "119": "MemberReference", "120": "value", "121": "put", "122": "ReturnStatement", "123": "This", "124": "MethodDeclaration", "125": "Modifier", "126": "public", "127": "ReferenceType", "128": "Builder", "129": "removeConfiguration", "130": "FormalParameter", "131": "ReferenceType", "132": "String", "133": "key", "134": "StatementExpression", "135": "This", "136": "MemberReference", "137": "bConfiguration", "138": "MethodInvocation", "139": "MemberReference", "140": "key", "141": "remove", "142": "ReturnStatement", "143": "This", "144": "MethodDeclaration", "145": "Modifier", "146": "public", "147": "ReferenceType", "148": "NamespaceDescriptor", "149": "build", "150": "IfStatement", "151": "BinaryOperation", "152": "==", "153": "This", "154": "MemberReference", "155": "bName", "156": "Literal", "157": "null", "158": "BlockStatement", "159": "ThrowStatement", "160": "ClassCreator", "161": "ReferenceType", "162": "IllegalArgumentException", "163": "Literal", "164": "\"A name has to be specified in a namespace.\"", "165": "LocalVariableDeclaration", "166": "ReferenceType", "167": "NamespaceDescriptor", "168": "VariableDeclarator", "169": "desc", "170": "ClassCreator", "171": "ReferenceType", "172": "NamespaceDescriptor", "173": "This", "174": "MemberReference", "175": "bName", "176": "StatementExpression", "177": "Assignment", "178": "MemberReference", "179": "desc", "180": "configuration", "181": "This", "182": "MemberReference", "183": "bConfiguration", "184": "=", "185": "ReturnStatement", "186": "MemberReference", "187": "desc"}, "edges": {"0->1": 0, "1->0": 0, "1->2": 0, "2->1": 0, "1->3": 0, "3->1": 0, "0->4": 0, "4->0": 0, "4->5": 0, "5->4": 0, "0->6": 0, "6->0": 0, "0->7": 0, "7->0": 0, "7->8": 0, "8->7": 0, "8->9": 0, "9->8": 0, "7->10": 0, "10->7": 0, "10->11": 0, "11->10": 0, "7->12": 0, "12->7": 0, "12->13": 0, "13->12": 0, "0->14": 0, "14->0": 0, "14->15": 0, "15->14": 0, "15->16": 0, "16->15": 0, "14->17": 0, "17->14": 0, "17->18": 0, "18->17": 0, "17->19": 0, "19->17": 0, "19->20": 0, "20->19": 0, "20->21": 0, "21->20": 0, "17->22": 0, "22->17": 0, "22->23": 0, "23->22": 0, "23->24": 0, "24->23": 0, "14->25": 0, "25->14": 0, "25->26": 0, "26->25": 0, "25->27": 0, "27->25": 0, "27->28": 0, "28->27": 0, "28->29": 0, "29->28": 0, "0->30": 0, "30->0": 0, "30->31": 0, "31->30": 0, "31->32": 0, "32->31": 0, "30->33": 0, "33->30": 0, "30->34": 0, "34->30": 0, "34->35": 0, "35->34": 0, "35->36": 0, "36->35": 0, "34->37": 0, "37->34": 0, "30->38": 0, "38->30": 0, "38->39": 0, "39->38": 0, "39->40": 0, "40->39": 0, "40->41": 0, "41->40": 0, "41->42": 0, "42->41": 0, "39->43": 0, "43->39": 0, "43->44": 0, "44->43": 0, "43->45": 0, "45->43": 0, "39->46": 0, "46->39": 0, "30->47": 0, "47->30": 0, "47->48": 0, "48->47": 0, "48->49": 0, "49->48": 0, "49->50": 0, "50->49": 0, "50->51": 0, "51->50": 0, "48->52": 0, "52->48": 0, "52->53": 0, "53->52": 0, "52->54": 0, "54->52": 0, "48->55": 0, "55->48": 0, "0->56": 0, "56->0": 0, "56->57": 0, "57->56": 0, "57->58": 0, "58->57": 0, "56->59": 0, "59->56": 0, "56->60": 0, "60->56": 0, "60->61": 0, "61->60": 0, "61->62": 0, "62->61": 0, "60->63": 0, "63->60": 0, "56->64": 0, "64->56": 0, "64->65": 0, "65->64": 0, "65->66": 0, "66->65": 0, "66->67": 0, "67->66": 0, "67->68": 0, "68->67": 0, "65->69": 0, "69->65": 0, "69->70": 0, "70->69": 0, "65->71": 0, "71->65": 0, "0->72": 0, "72->0": 0, "72->73": 0, "73->72": 0, "73->74": 0, "74->73": 0, "72->75": 0, "75->72": 0, "75->76": 0, "76->75": 0, "72->77": 0, "77->72": 0, "72->78": 0, "78->72": 0, "78->79": 0, "79->78": 0, "79->80": 0, "80->79": 0, "79->81": 0, "81->79": 0, "81->82": 0, "82->81": 0, "82->83": 0, "83->82": 0, "79->84": 0, "84->79": 0, "84->85": 0, "85->84": 0, "85->86": 0, "86->85": 0, "78->87": 0, "87->78": 0, "72->88": 0, "88->72": 0, "88->89": 0, "89->88": 0, "89->90": 0, "90->89": 0, "90->91": 0, "91->90": 0, "89->92": 0, "92->89": 0, "92->93": 0, "93->92": 0, "93->94": 0, "94->93": 0, "92->95": 0, "95->92": 0, "72->96": 0, "96->72": 0, "96->97": 0, "97->96": 0, "0->98": 0, "98->0": 0, "98->99": 0, "99->98": 0, "99->100": 0, "100->99": 0, "98->101": 0, "101->98": 0, "101->102": 0, "102->101": 0, "98->103": 0, "103->98": 0, "98->104": 0, "104->98": 0, "104->105": 0, "105->104": 0, "105->106": 0, "106->105": 0, "104->107": 0, "107->104": 0, "98->108": 0, "108->98": 0, "108->109": 0, "109->108": 0, "109->110": 0, "110->109": 0, "108->111": 0, "111->108": 0, "98->112": 0, "112->98": 0, "112->113": 0, "113->112": 0, "113->114": 0, "114->113": 0, "114->115": 0, "115->114": 0, "113->116": 0, "116->113": 0, "116->117": 0, "117->116": 0, "117->118": 0, "118->117": 0, "116->119": 0, "119->116": 0, "119->120": 0, "120->119": 0, "116->121": 0, "121->116": 0, "98->122": 0, "122->98": 0, "122->123": 0, "123->122": 0, "0->124": 0, "124->0": 0, "124->125": 0, "125->124": 0, "125->126": 0, "126->125": 0, "124->127": 0, "127->124": 0, "127->128": 0, "128->127": 0, "124->129": 0, "129->124": 0, "124->130": 0, "130->124": 0, "130->131": 0, "131->130": 0, "131->132": 0, "132->131": 0, "130->133": 0, "133->130": 0, "124->134": 0, "134->124": 0, "134->135": 0, "135->134": 0, "135->136": 0, "136->135": 0, "136->137": 0, "137->136": 0, "135->138": 0, "138->135": 0, "138->139": 0, "139->138": 0, "139->140": 0, "140->139": 0, "138->141": 0, "141->138": 0, "124->142": 0, "142->124": 0, "142->143": 0, "143->142": 0, "0->144": 0, "144->0": 0, "144->145": 0, "145->144": 0, "145->146": 0, "146->145": 0, "144->147": 0, "147->144": 0, "147->148": 0, "148->147": 0, "144->149": 0, "149->144": 0, "144->150": 0, "150->144": 0, "150->151": 0, "151->150": 0, "151->152": 0, "152->151": 0, "151->153": 0, "153->151": 0, "153->154": 0, "154->153": 0, "154->155": 0, "155->154": 0, "151->156": 0, "156->151": 0, "156->157": 0, "157->156": 0, "150->158": 0, "158->150": 0, "158->159": 0, "159->158": 0, "159->160": 0, "160->159": 0, "160->161": 0, "161->160": 0, "161->162": 0, "162->161": 0, "160->163": 0, "163->160": 0, "163->164": 0, "164->163": 0, "144->165": 0, "165->144": 0, "165->166": 0, "166->165": 0, "166->167": 0, "167->166": 0, "165->168": 0, "168->165": 0, "168->169": 0, "169->168": 0, "168->170": 0, "170->168": 0, "170->171": 0, "171->170": 0, "171->172": 0, "172->171": 0, "170->173": 0, "173->170": 0, "173->174": 0, "174->173": 0, "174->175": 0, "175->174": 0, "144->176": 0, "176->144": 0, "176->177": 0, "177->176": 0, "177->178": 0, "178->177": 0, "178->179": 0, "179->178": 0, "178->180": 0, "180->178": 0, "177->181": 0, "181->177": 0, "181->182": 0, "182->181": 0, "182->183": 0, "183->182": 0, "177->184": 0, "184->177": 0, "144->185": 0, "185->144": 0, "185->186": 0, "186->185": 0, "186->187": 0, "187->186": 0, "1->4": 1, "4->1": 12, "4->6": 1, "6->4": 12, "6->7": 1, "7->6": 12, "7->14": 1, "14->7": 12, "14->30": 1, "30->14": 12, "30->56": 1, "56->30": 12, "56->72": 1, "72->56": 12, "72->98": 1, "98->72": 12, "98->124": 1, "124->98": 12, "124->144": 1, "144->124": 12, "2->3": 2, "3->2": 3, "8->10": 1, "10->8": 12, "10->12": 1, "12->10": 12, "15->17": 1, "17->15": 12, "17->25": 1, "25->17": 12, "18->19": 1, "19->18": 12, "19->22": 1, "22->19": 12, "26->27": 1, "27->26": 12, "31->33": 1, "33->31": 12, "33->34": 1, "34->33": 12, "34->38": 1, "38->34": 12, "38->47": 1, "47->38": 12, "35->37": 1, "37->35": 12, "40->43": 1, "43->40": 12, "43->46": 1, "46->43": 12, "44->45": 2, "45->44": 3, "49->52": 1, "52->49": 12, "52->55": 1, "55->52": 12, "53->54": 2, "54->53": 3, "57->59": 1, "59->57": 12, "59->60": 1, "60->59": 12, "60->64": 1, "64->60": 12, "61->63": 1, "63->61": 12, "66->69": 1, "69->66": 12, "69->71": 1, "71->69": 12, "73->75": 1, "75->73": 12, "75->77": 1, "77->75": 12, "77->78": 1, "78->77": 12, "78->88": 1, "88->78": 12, "88->96": 1, "96->88": 12, "79->87": 1, "87->79": 12, "80->81": 1, "81->80": 12, "81->84": 1, "84->81": 12, "90->92": 1, "92->90": 12, "93->95": 1, "95->93": 12, "99->101": 1, "101->99": 12, "101->103": 1, "103->101": 12, "103->104": 1, "104->103": 12, "104->108": 1, "108->104": 12, "108->112": 1, "112->108": 12, "112->122": 1, "122->112": 12, "105->107": 1, "107->105": 12, "109->111": 1, "111->109": 12, "114->116": 1, "116->114": 12, "117->119": 1, "119->117": 12, "119->121": 1, "121->119": 12, "125->127": 1, "127->125": 12, "127->129": 1, "129->127": 12, "129->130": 1, "130->129": 12, "130->134": 1, "134->130": 12, "134->142": 1, "142->134": 12, "131->133": 1, "133->131": 12, "136->138": 1, "138->136": 12, "139->141": 1, "141->139": 12, "145->147": 1, "147->145": 12, "147->149": 1, "149->147": 12, "149->150": 1, "150->149": 12, "150->165": 1, "165->150": 12, "165->176": 1, "176->165": 12, "176->185": 1, "185->176": 12, "151->158": 6, "158->151": 6, "152->153": 1, "153->152": 12, "153->156": 1, "156->153": 12, "161->163": 1, "163->161": 12, "166->168": 1, "168->166": 12, "169->170": 1, "170->169": 12, "171->173": 1, "173->171": 12, "178->181": 1, "181->178": 12, "181->184": 1, "184->181": 12, "179->180": 2, "180->179": 3, "3->5": 2, "5->3": 3, "5->6": 2, "6->5": 3, "6->9": 2, "9->6": 3, "9->11": 2, "11->9": 3, "11->13": 2, "13->11": 3, "13->16": 2, "16->13": 3, "16->18": 2, "18->16": 3, "18->21": 2, "21->18": 3, "21->24": 2, "24->21": 3, "24->26": 2, "26->24": 3, "26->29": 2, "29->26": 3, "29->32": 2, "32->29": 3, "32->33": 2, "33->32": 3, "33->36": 2, "36->33": 3, "36->37": 2, "37->36": 3, "37->42": 2, "42->37": 3, "42->44": 2, "44->42": 3, "45->46": 2, "46->45": 3, "46->51": 2, "51->46": 3, "51->53": 2, "53->51": 3, "54->55": 2, "55->54": 3, "55->58": 2, "58->55": 3, "58->59": 2, "59->58": 3, "59->62": 2, "62->59": 3, "62->63": 2, "63->62": 3, "63->68": 2, "68->63": 3, "68->70": 2, "70->68": 3, "70->71": 2, "71->70": 3, "71->74": 2, "74->71": 3, "74->76": 2, "76->74": 3, "76->77": 2, "77->76": 3, "77->80": 2, "80->77": 3, "80->83": 2, "83->80": 3, "83->86": 2, "86->83": 3, "86->87": 2, "87->86": 3, "87->91": 2, "91->87": 3, "91->94": 2, "94->91": 3, "94->95": 2, "95->94": 3, "95->97": 2, "97->95": 3, "97->100": 2, "100->97": 3, "100->102": 2, "102->100": 3, "102->103": 2, "103->102": 3, "103->106": 2, "106->103": 3, "106->107": 2, "107->106": 3, "107->110": 2, "110->107": 3, "110->111": 2, "111->110": 3, "111->115": 2, "115->111": 3, "115->118": 2, "118->115": 3, "118->120": 2, "120->118": 3, "120->121": 2, "121->120": 3, "121->123": 2, "123->121": 3, "123->126": 2, "126->123": 3, "126->128": 2, "128->126": 3, "128->129": 2, "129->128": 3, "129->132": 2, "132->129": 3, "132->133": 2, "133->132": 3, "133->137": 2, "137->133": 3, "137->140": 2, "140->137": 3, "140->141": 2, "141->140": 3, "141->143": 2, "143->141": 3, "143->146": 2, "146->143": 3, "146->148": 2, "148->146": 3, "148->149": 2, "149->148": 3, "149->152": 2, "152->149": 3, "152->155": 2, "155->152": 3, "155->157": 2, "157->155": 3, "157->162": 2, "162->157": 3, "162->164": 2, "164->162": 3, "164->167": 2, "167->164": 3, "167->169": 2, "169->167": 3, "169->172": 2, "172->169": 3, "172->175": 2, "175->172": 3, "175->179": 2, "179->175": 3, "180->183": 2, "183->180": 3, "183->184": 2, "184->183": 3, "184->187": 2, "187->184": 3, "42->68": 4, "68->42": 5, "68->155": 4, "155->68": 5, "155->175": 4, "175->155": 5, "45->70": 4, "70->45": 5, "51->91": 4, "91->51": 5, "91->115": 4, "115->91": 5, "115->137": 4, "137->115": 5, "137->183": 4, "183->137": 5, "54->94": 4, "94->54": 5, "94->180": 4, "180->94": 5, "118->140": 4, "140->118": 5}, "metrics": [2.0, 0.0, 6.0, 4.0, 31.0, 7.0, 0.0, 0.0, 0.0, 6.0, 1.0]}