{"nodelist": ["ClassDeclaration", "{'public', 'static'}", "public", "static", "scannerOpenWithScan_call", "FieldDeclaration", "{'private'}", "private", "ReferenceType", "ByteBuffer", "VariableDeclarator", "tableName", "FieldDeclaration", "{'private'}", "private", "ReferenceType", "TScan", "VariableDeclarator", "scan", "FieldDeclaration", "{'private'}", "private", "ReferenceType", "Map", "TypeArgument", "ReferenceType", "ByteBuffer", "TypeArgument", "ReferenceType", "ByteBuffer", "VariableDeclarator", "attributes", "ConstructorDeclaration", "{'public'}", "public", "scannerOpenWithScan_call", "FormalParameter", "ReferenceType", "ByteBuffer", "tableName", "FormalParameter", "ReferenceType", "TScan", "scan", "FormalParameter", "ReferenceType", "Map", "TypeArgument", "ReferenceType", "ByteBuffer", "TypeArgument", "ReferenceType", "ByteBuffer", "attributes", "FormalParameter", "ReferenceType", "org", "ReferenceType", "apache", "ReferenceType", "thrift", "ReferenceType", "async", "ReferenceType", "AsyncMethodCallback", "TypeArgument", "ReferenceType", "scannerOpenWithScan_call", "resultHandler", "FormalParameter", "ReferenceType", "org", "ReferenceType", "apache", "ReferenceType", "thrift", "ReferenceType", "async", "ReferenceType", "TAsyncClient", "client", "FormalParameter", "ReferenceType", "org", "ReferenceType", "apache", "ReferenceType", "thrift", "ReferenceType", "protocol", "ReferenceType", "TProtocolFactory", "protocolFactory", "FormalParameter", "ReferenceType", "org", "ReferenceType", "apache", "ReferenceType", "thrift", "ReferenceType", "transport", "ReferenceType", "TNonblockingTransport", "transport", "org.apache.thrift.TException", "StatementExpression", "SuperConstructorInvocation", "MemberReference", "client", "MemberReference", "protocolFactory", "MemberReference", "transport", "MemberReference", "resultHandler", "Literal", "false", "StatementExpression", "Assignment", "This", "MemberReference", "tableName", "MemberReference", "tableName", "=", "StatementExpression", "Assignment", "This", "MemberReference", "scan", "MemberReference", "scan", "=", "StatementExpression", "Assignment", "This", "MemberReference", "attributes", "MemberReference", "attributes", "=", "MethodDeclaration", "{'public'}", "public", "write_args", "FormalParameter", "ReferenceType", "org", "ReferenceType", "apache", "ReferenceType", "thrift", "ReferenceType", "protocol", "ReferenceType", "TProtocol", "prot", "org.apache.thrift.TException", "StatementExpression", "MethodInvocation", "prot", "ClassCreator", "ReferenceType", "org", "ReferenceType", "apache", "ReferenceType", "thrift", "ReferenceType", "protocol", "ReferenceType", "TMessage", "Literal", "\"scannerOpenWithScan\"", "MemberReference", "org.apache.thrift.protocol.TMessageType", "CALL", "Literal", "0", "writeMessageBegin", "LocalVariableDeclaration", "ReferenceType", "scannerOpenWithScan_args", "VariableDeclarator", "args", "ClassCreator", "ReferenceType", "scannerOpenWithScan_args", "StatementExpression", "MethodInvocation", "args", "MemberReference", "tableName", "setTableName", "StatementExpression", "MethodInvocation", "args", "MemberReference", "scan", "setScan", "StatementExpression", "MethodInvocation", "args", "MemberReference", "attributes", "setAttributes", "StatementExpression", "MethodInvocation", "args", "MemberReference", "prot", "write", "StatementExpression", "MethodInvocation", "prot", "writeMessageEnd", "MethodDeclaration", "{'public'}", "public", "BasicType", "int", "getResult", "IOError", "org.apache.thrift.TException", "IfStatement", "BinaryOperation", "!=", "MethodInvocation", "getState", "MemberReference", "org.apache.thrift.async.TAsyncMethodCall.State", "RESPONSE_READ", "BlockStatement", "ThrowStatement", "ClassCreator", "ReferenceType", "IllegalStateException", "Literal", "\"Method call not finished!\"", "LocalVariableDeclaration", "ReferenceType", "org", "ReferenceType", "apache", "ReferenceType", "thrift", "ReferenceType", "transport", "ReferenceType", "TMemoryInputTransport", "VariableDeclarator", "memoryTransport", "ClassCreator", "ReferenceType", "org", "ReferenceType", "apache", "ReferenceType", "thrift", "ReferenceType", "transport", "ReferenceType", "TMemoryInputTransport", "MethodInvocation", "MethodInvocation", "array", "getFrameBuffer", "LocalVariableDeclaration", "ReferenceType", "org", "ReferenceType", "apache", "ReferenceType", "thrift", "ReferenceType", "protocol", "ReferenceType", "TProtocol", "VariableDeclarator", "prot", "MethodInvocation", "client", "MethodInvocation", "MemberReference", "memoryTransport", "getProtocol", "getProtocolFactory", "ReturnStatement", "ClassCreator", "MethodInvocation", "recv_scannerOpenWithScan", "ReferenceType", "Client", "MemberReference", "prot", "ReferenceType", "org", "ReferenceType", "apache", "ReferenceType", "thrift", "ReferenceType", "async", "ReferenceType", "TAsyncMethodCall"], "nodes": {"0": "ClassDeclaration", "1": "Modifier", "2": "public", "3": "static", "4": "scannerOpenWithScan_call", "5": "FieldDeclaration", "6": "Modifier", "7": "private", "8": "ReferenceType", "9": "ByteBuffer", "10": "VariableDeclarator", "11": "tableName", "12": "FieldDeclaration", "13": "Modifier", "14": "private", "15": "ReferenceType", "16": "TScan", "17": "VariableDeclarator", "18": "scan", "19": "FieldDeclaration", "20": "Modifier", "21": "private", "22": "ReferenceType", "23": "Map", "24": "TypeArgument", "25": "ReferenceType", "26": "ByteBuffer", "27": "TypeArgument", "28": "ReferenceType", "29": "ByteBuffer", "30": "VariableDeclarator", "31": "attributes", "32": "ConstructorDeclaration", "33": "Modifier", "34": "public", "35": "scannerOpenWithScan_call", "36": "FormalParameter", "37": "ReferenceType", "38": "ByteBuffer", "39": "tableName", "40": "FormalParameter", "41": "ReferenceType", "42": "TScan", "43": "scan", "44": "FormalParameter", "45": "ReferenceType", "46": "Map", "47": "TypeArgument", "48": "ReferenceType", "49": "ByteBuffer", "50": "TypeArgument", "51": "ReferenceType", "52": "ByteBuffer", "53": "attributes", "54": "FormalParameter", "55": "ReferenceType", "56": "org", "57": "ReferenceType", "58": "apache", "59": "ReferenceType", "60": "thrift", "61": "ReferenceType", "62": "async", "63": "ReferenceType", "64": "AsyncMethodCallback", "65": "TypeArgument", "66": "ReferenceType", "67": "scannerOpenWithScan_call", "68": "resultHandler", "69": "FormalParameter", "70": "ReferenceType", "71": "org", "72": "ReferenceType", "73": "apache", "74": "ReferenceType", "75": "thrift", "76": "ReferenceType", "77": "async", "78": "ReferenceType", "79": "TAsyncClient", "80": "client", "81": "FormalParameter", "82": "ReferenceType", "83": "org", "84": "ReferenceType", "85": "apache", "86": "ReferenceType", "87": "thrift", "88": "ReferenceType", "89": "protocol", "90": "ReferenceType", "91": "TProtocolFactory", "92": "protocolFactory", "93": "FormalParameter", "94": "ReferenceType", "95": "org", "96": "ReferenceType", "97": "apache", "98": "ReferenceType", "99": "thrift", "100": "ReferenceType", "101": "transport", "102": "ReferenceType", "103": "TNonblockingTransport", "104": "transport", "105": "org.apache.thrift.TException", "106": "StatementExpression", "107": "SuperConstructorInvocation", "108": "MemberReference", "109": "client", "110": "MemberReference", "111": "protocolFactory", "112": "MemberReference", "113": "transport", "114": "MemberReference", "115": "resultHandler", "116": "Literal", "117": "false", "118": "StatementExpression", "119": "Assignment", "120": "This", "121": "MemberReference", "122": "tableName", "123": "MemberReference", "124": "tableName", "125": "=", "126": "StatementExpression", "127": "Assignment", "128": "This", "129": "MemberReference", "130": "scan", "131": "MemberReference", "132": "scan", "133": "=", "134": "StatementExpression", "135": "Assignment", "136": "This", "137": "MemberReference", "138": "attributes", "139": "MemberReference", "140": "attributes", "141": "=", "142": "MethodDeclaration", "143": "Modifier", "144": "public", "145": "write_args", "146": "FormalParameter", "147": "ReferenceType", "148": "org", "149": "ReferenceType", "150": "apache", "151": "ReferenceType", "152": "thrift", "153": "ReferenceType", "154": "protocol", "155": "ReferenceType", "156": "TProtocol", "157": "prot", "158": "org.apache.thrift.TException", "159": "StatementExpression", "160": "MethodInvocation", "161": "prot", "162": "ClassCreator", "163": "ReferenceType", "164": "org", "165": "ReferenceType", "166": "apache", "167": "ReferenceType", "168": "thrift", "169": "ReferenceType", "170": "protocol", "171": "ReferenceType", "172": "TMessage", "173": "Literal", "174": "\"scannerOpenWithScan\"", "175": "MemberReference", "176": "org.apache.thrift.protocol.TMessageType", "177": "CALL", "178": "Literal", "179": "0", "180": "writeMessageBegin", "181": "LocalVariableDeclaration", "182": "ReferenceType", "183": "scannerOpenWithScan_args", "184": "VariableDeclarator", "185": "args", "186": "ClassCreator", "187": "ReferenceType", "188": "scannerOpenWithScan_args", "189": "StatementExpression", "190": "MethodInvocation", "191": "args", "192": "MemberReference", "193": "tableName", "194": "setTableName", "195": "StatementExpression", "196": "MethodInvocation", "197": "args", "198": "MemberReference", "199": "scan", "200": "setScan", "201": "StatementExpression", "202": "MethodInvocation", "203": "args", "204": "MemberReference", "205": "attributes", "206": "setAttributes", "207": "StatementExpression", "208": "MethodInvocation", "209": "args", "210": "MemberReference", "211": "prot", "212": "write", "213": "StatementExpression", "214": "MethodInvocation", "215": "prot", "216": "writeMessageEnd", "217": "MethodDeclaration", "218": "Modifier", "219": "public", "220": "BasicType", "221": "int", "222": "getResult", "223": "IOError", "224": "org.apache.thrift.TException", "225": "IfStatement", "226": "BinaryOperation", "227": "!=", "228": "MethodInvocation", "229": "getState", "230": "MemberReference", "231": "org.apache.thrift.async.TAsyncMethodCall.State", "232": "RESPONSE_READ", "233": "BlockStatement", "234": "ThrowStatement", "235": "ClassCreator", "236": "ReferenceType", "237": "IllegalStateException", "238": "Literal", "239": "\"Method call not finished!\"", "240": "LocalVariableDeclaration", "241": "ReferenceType", "242": "org", "243": "ReferenceType", "244": "apache", "245": "ReferenceType", "246": "thrift", "247": "ReferenceType", "248": "transport", "249": "ReferenceType", "250": "TMemoryInputTransport", "251": "VariableDeclarator", "252": "memoryTransport", "253": "ClassCreator", "254": "ReferenceType", "255": "org", "256": "ReferenceType", "257": "apache", "258": "ReferenceType", "259": "thrift", "260": "ReferenceType", "261": "transport", "262": "ReferenceType", "263": "TMemoryInputTransport", "264": "MethodInvocation", "265": "MethodInvocation", "266": "array", "267": "getFrameBuffer", "268": "LocalVariableDeclaration", "269": "ReferenceType", "270": "org", "271": "ReferenceType", "272": "apache", "273": "ReferenceType", "274": "thrift", "275": "ReferenceType", "276": "protocol", "277": "ReferenceType", "278": "TProtocol", "279": "VariableDeclarator", "280": "prot", "281": "MethodInvocation", "282": "client", "283": "MethodInvocation", "284": "MemberReference", "285": "memoryTransport", "286": "getProtocol", "287": "getProtocolFactory", "288": "ReturnStatement", "289": "ClassCreator", "290": "MethodInvocation", "291": "recv_scannerOpenWithScan", "292": "ReferenceType", "293": "Client", "294": "MemberReference", "295": "prot", "296": "ReferenceType", "297": "org", "298": "ReferenceType", "299": "apache", "300": "ReferenceType", "301": "thrift", "302": "ReferenceType", "303": "async", "304": "ReferenceType", "305": "TAsyncMethodCall"}, "edges": {"0->1": 0, "1->0": 0, "1->2": 0, "2->1": 0, "1->3": 0, "3->1": 0, "0->4": 0, "4->0": 0, "0->5": 0, "5->0": 0, "5->6": 0, "6->5": 0, "6->7": 0, "7->6": 0, "5->8": 0, "8->5": 0, "8->9": 0, "9->8": 0, "5->10": 0, "10->5": 0, "10->11": 0, "11->10": 0, "0->12": 0, "12->0": 0, "12->13": 0, "13->12": 0, "13->14": 0, "14->13": 0, "12->15": 0, "15->12": 0, "15->16": 0, "16->15": 0, "12->17": 0, "17->12": 0, "17->18": 0, "18->17": 0, "0->19": 0, "19->0": 0, "19->20": 0, "20->19": 0, "20->21": 0, "21->20": 0, "19->22": 0, "22->19": 0, "22->23": 0, "23->22": 0, "22->24": 0, "24->22": 0, "24->25": 0, "25->24": 0, "25->26": 0, "26->25": 0, "22->27": 0, "27->22": 0, "27->28": 0, "28->27": 0, "28->29": 0, "29->28": 0, "19->30": 0, "30->19": 0, "30->31": 0, "31->30": 0, "0->32": 0, "32->0": 0, "32->33": 0, "33->32": 0, "33->34": 0, "34->33": 0, "32->35": 0, "35->32": 0, "32->36": 0, "36->32": 0, "36->37": 0, "37->36": 0, "37->38": 0, "38->37": 0, "36->39": 0, "39->36": 0, "32->40": 0, "40->32": 0, "40->41": 0, "41->40": 0, "41->42": 0, "42->41": 0, "40->43": 0, "43->40": 0, "32->44": 0, "44->32": 0, "44->45": 0, "45->44": 0, "45->46": 0, "46->45": 0, "45->47": 0, "47->45": 0, "47->48": 0, "48->47": 0, "48->49": 0, "49->48": 0, "45->50": 0, "50->45": 0, "50->51": 0, "51->50": 0, "51->52": 0, "52->51": 0, "44->53": 0, "53->44": 0, "32->54": 0, "54->32": 0, "54->55": 0, "55->54": 0, "55->56": 0, "56->55": 0, "55->57": 0, "57->55": 0, "57->58": 0, "58->57": 0, "57->59": 0, "59->57": 0, "59->60": 0, "60->59": 0, "59->61": 0, "61->59": 0, "61->62": 0, "62->61": 0, "61->63": 0, "63->61": 0, "63->64": 0, "64->63": 0, "63->65": 0, "65->63": 0, "65->66": 0, "66->65": 0, "66->67": 0, "67->66": 0, "54->68": 0, "68->54": 0, "32->69": 0, "69->32": 0, "69->70": 0, "70->69": 0, "70->71": 0, "71->70": 0, "70->72": 0, "72->70": 0, "72->73": 0, "73->72": 0, "72->74": 0, "74->72": 0, "74->75": 0, "75->74": 0, "74->76": 0, "76->74": 0, "76->77": 0, "77->76": 0, "76->78": 0, "78->76": 0, "78->79": 0, "79->78": 0, "69->80": 0, "80->69": 0, "32->81": 0, "81->32": 0, "81->82": 0, "82->81": 0, "82->83": 0, "83->82": 0, "82->84": 0, "84->82": 0, "84->85": 0, "85->84": 0, "84->86": 0, "86->84": 0, "86->87": 0, "87->86": 0, "86->88": 0, "88->86": 0, "88->89": 0, "89->88": 0, "88->90": 0, "90->88": 0, "90->91": 0, "91->90": 0, "81->92": 0, "92->81": 0, "32->93": 0, "93->32": 0, "93->94": 0, "94->93": 0, "94->95": 0, "95->94": 0, "94->96": 0, "96->94": 0, "96->97": 0, "97->96": 0, "96->98": 0, "98->96": 0, "98->99": 0, "99->98": 0, "98->100": 0, "100->98": 0, "100->101": 0, "101->100": 0, "100->102": 0, "102->100": 0, "102->103": 0, "103->102": 0, "93->104": 0, "104->93": 0, "32->105": 0, "105->32": 0, "32->106": 0, "106->32": 0, "106->107": 0, "107->106": 0, "107->108": 0, "108->107": 0, "108->109": 0, "109->108": 0, "107->110": 0, "110->107": 0, "110->111": 0, "111->110": 0, "107->112": 0, "112->107": 0, "112->113": 0, "113->112": 0, "107->114": 0, "114->107": 0, "114->115": 0, "115->114": 0, "107->116": 0, "116->107": 0, "116->117": 0, "117->116": 0, "32->118": 0, "118->32": 0, "118->119": 0, "119->118": 0, "119->120": 0, "120->119": 0, "120->121": 0, "121->120": 0, "121->122": 0, "122->121": 0, "119->123": 0, "123->119": 0, "123->124": 0, "124->123": 0, "119->125": 0, "125->119": 0, "32->126": 0, "126->32": 0, "126->127": 0, "127->126": 0, "127->128": 0, "128->127": 0, "128->129": 0, "129->128": 0, "129->130": 0, "130->129": 0, "127->131": 0, "131->127": 0, "131->132": 0, "132->131": 0, "127->133": 0, "133->127": 0, "32->134": 0, "134->32": 0, "134->135": 0, "135->134": 0, "135->136": 0, "136->135": 0, "136->137": 0, "137->136": 0, "137->138": 0, "138->137": 0, "135->139": 0, "139->135": 0, "139->140": 0, "140->139": 0, "135->141": 0, "141->135": 0, "0->142": 0, "142->0": 0, "142->143": 0, "143->142": 0, "143->144": 0, "144->143": 0, "142->145": 0, "145->142": 0, "142->146": 0, "146->142": 0, "146->147": 0, "147->146": 0, "147->148": 0, "148->147": 0, "147->149": 0, "149->147": 0, "149->150": 0, "150->149": 0, "149->151": 0, "151->149": 0, "151->152": 0, "152->151": 0, "151->153": 0, "153->151": 0, "153->154": 0, "154->153": 0, "153->155": 0, "155->153": 0, "155->156": 0, "156->155": 0, "146->157": 0, "157->146": 0, "142->158": 0, "158->142": 0, "142->159": 0, "159->142": 0, "159->160": 0, "160->159": 0, "160->161": 0, "161->160": 0, "160->162": 0, "162->160": 0, "162->163": 0, "163->162": 0, "163->164": 0, "164->163": 0, "163->165": 0, "165->163": 0, "165->166": 0, "166->165": 0, "165->167": 0, "167->165": 0, "167->168": 0, "168->167": 0, "167->169": 0, "169->167": 0, "169->170": 0, "170->169": 0, "169->171": 0, "171->169": 0, "171->172": 0, "172->171": 0, "162->173": 0, "173->162": 0, "173->174": 0, "174->173": 0, "162->175": 0, "175->162": 0, "175->176": 0, "176->175": 0, "175->177": 0, "177->175": 0, "162->178": 0, "178->162": 0, "178->179": 0, "179->178": 0, "160->180": 0, "180->160": 0, "142->181": 0, "181->142": 0, "181->182": 0, "182->181": 0, "182->183": 0, "183->182": 0, "181->184": 0, "184->181": 0, "184->185": 0, "185->184": 0, "184->186": 0, "186->184": 0, "186->187": 0, "187->186": 0, "187->188": 0, "188->187": 0, "142->189": 0, "189->142": 0, "189->190": 0, "190->189": 0, "190->191": 0, "191->190": 0, "190->192": 0, "192->190": 0, "192->193": 0, "193->192": 0, "190->194": 0, "194->190": 0, "142->195": 0, "195->142": 0, "195->196": 0, "196->195": 0, "196->197": 0, "197->196": 0, "196->198": 0, "198->196": 0, "198->199": 0, "199->198": 0, "196->200": 0, "200->196": 0, "142->201": 0, "201->142": 0, "201->202": 0, "202->201": 0, "202->203": 0, "203->202": 0, "202->204": 0, "204->202": 0, "204->205": 0, "205->204": 0, "202->206": 0, "206->202": 0, "142->207": 0, "207->142": 0, "207->208": 0, "208->207": 0, "208->209": 0, "209->208": 0, "208->210": 0, "210->208": 0, "210->211": 0, "211->210": 0, "208->212": 0, "212->208": 0, "142->213": 0, "213->142": 0, "213->214": 0, "214->213": 0, "214->215": 0, "215->214": 0, "214->216": 0, "216->214": 0, "0->217": 0, "217->0": 0, "217->218": 0, "218->217": 0, "218->219": 0, "219->218": 0, "217->220": 0, "220->217": 0, "220->221": 0, "221->220": 0, "217->222": 0, "222->217": 0, "217->223": 0, "223->217": 0, "217->224": 0, "224->217": 0, "217->225": 0, "225->217": 0, "225->226": 0, "226->225": 0, "226->227": 0, "227->226": 0, "226->228": 0, "228->226": 0, "228->229": 0, "229->228": 0, "226->230": 0, "230->226": 0, "230->231": 0, "231->230": 0, "230->232": 0, "232->230": 0, "225->233": 0, "233->225": 0, "233->234": 0, "234->233": 0, "234->235": 0, "235->234": 0, "235->236": 0, "236->235": 0, "236->237": 0, "237->236": 0, "235->238": 0, "238->235": 0, "238->239": 0, "239->238": 0, "217->240": 0, "240->217": 0, "240->241": 0, "241->240": 0, "241->242": 0, "242->241": 0, "241->243": 0, "243->241": 0, "243->244": 0, "244->243": 0, "243->245": 0, "245->243": 0, "245->246": 0, "246->245": 0, "245->247": 0, "247->245": 0, "247->248": 0, "248->247": 0, "247->249": 0, "249->247": 0, "249->250": 0, "250->249": 0, "240->251": 0, "251->240": 0, "251->252": 0, "252->251": 0, "251->253": 0, "253->251": 0, "253->254": 0, "254->253": 0, "254->255": 0, "255->254": 0, "254->256": 0, "256->254": 0, "256->257": 0, "257->256": 0, "256->258": 0, "258->256": 0, "258->259": 0, "259->258": 0, "258->260": 0, "260->258": 0, "260->261": 0, "261->260": 0, "260->262": 0, "262->260": 0, "262->263": 0, "263->262": 0, "253->264": 0, "264->253": 0, "264->265": 0, "265->264": 0, "265->266": 0, "266->265": 0, "264->267": 0, "267->264": 0, "217->268": 0, "268->217": 0, "268->269": 0, "269->268": 0, "269->270": 0, "270->269": 0, "269->271": 0, "271->269": 0, "271->272": 0, "272->271": 0, "271->273": 0, "273->271": 0, "273->274": 0, "274->273": 0, "273->275": 0, "275->273": 0, "275->276": 0, "276->275": 0, "275->277": 0, "277->275": 0, "277->278": 0, "278->277": 0, "268->279": 0, "279->268": 0, "279->280": 0, "280->279": 0, "279->281": 0, "281->279": 0, "281->282": 0, "282->281": 0, "281->283": 0, "283->281": 0, "283->284": 0, "284->283": 0, "284->285": 0, "285->284": 0, "283->286": 0, "286->283": 0, "281->287": 0, "287->281": 0, "217->288": 0, "288->217": 0, "288->289": 0, "289->288": 0, "289->290": 0, "290->289": 0, "290->291": 0, "291->290": 0, "289->292": 0, "292->289": 0, "292->293": 0, "293->292": 0, "289->294": 0, "294->289": 0, "294->295": 0, "295->294": 0, "0->296": 0, "296->0": 0, "296->297": 0, "297->296": 0, "296->298": 0, "298->296": 0, "298->299": 0, "299->298": 0, "298->300": 0, "300->298": 0, "300->301": 0, "301->300": 0, "300->302": 0, "302->300": 0, "302->303": 0, "303->302": 0, "302->304": 0, "304->302": 0, "304->305": 0, "305->304": 0, "1->4": 1, "4->1": 12, "4->5": 1, "5->4": 12, "5->12": 1, "12->5": 12, "12->19": 1, "19->12": 12, "19->32": 1, "32->19": 12, "32->142": 1, "142->32": 12, "142->217": 1, "217->142": 12, "217->296": 1, "296->217": 12, "2->3": 2, "3->2": 3, "6->8": 1, "8->6": 12, "8->10": 1, "10->8": 12, "13->15": 1, "15->13": 12, "15->17": 1, "17->15": 12, "20->22": 1, "22->20": 12, "22->30": 1, "30->22": 12, "23->24": 1, "24->23": 12, "24->27": 1, "27->24": 12, "33->35": 1, "35->33": 12, "35->36": 1, "36->35": 12, "36->40": 1, "40->36": 12, "40->44": 1, "44->40": 12, "44->54": 1, "54->44": 12, "54->69": 1, "69->54": 12, "69->81": 1, "81->69": 12, "81->93": 1, "93->81": 12, "93->105": 1, "105->93": 12, "105->106": 1, "106->105": 12, "106->118": 1, "118->106": 12, "118->126": 1, "126->118": 12, "126->134": 1, "134->126": 12, "37->39": 1, "39->37": 12, "41->43": 1, "43->41": 12, "45->53": 1, "53->45": 12, "46->47": 1, "47->46": 12, "47->50": 1, "50->47": 12, "55->68": 1, "68->55": 12, "56->57": 1, "57->56": 12, "58->59": 1, "59->58": 12, "60->61": 1, "61->60": 12, "62->63": 1, "63->62": 12, "64->65": 1, "65->64": 12, "70->80": 1, "80->70": 12, "71->72": 1, "72->71": 12, "73->74": 1, "74->73": 12, "75->76": 1, "76->75": 12, "77->78": 1, "78->77": 12, "82->92": 1, "92->82": 12, "83->84": 1, "84->83": 12, "85->86": 1, "86->85": 12, "87->88": 1, "88->87": 12, "89->90": 1, "90->89": 12, "94->104": 1, "104->94": 12, "95->96": 1, "96->95": 12, "97->98": 1, "98->97": 12, "99->100": 1, "100->99": 12, "101->102": 1, "102->101": 12, "108->110": 1, "110->108": 12, "110->112": 1, "112->110": 12, "112->114": 1, "114->112": 12, "114->116": 1, "116->114": 12, "120->123": 1, "123->120": 12, "123->125": 1, "125->123": 12, "128->131": 1, "131->128": 12, "131->133": 1, "133->131": 12, "136->139": 1, "139->136": 12, "139->141": 1, "141->139": 12, "143->145": 1, "145->143": 12, "145->146": 1, "146->145": 12, "146->158": 1, "158->146": 12, "158->159": 1, "159->158": 12, "159->181": 1, "181->159": 12, "181->189": 1, "189->181": 12, "189->195": 1, "195->189": 12, "195->201": 1, "201->195": 12, "201->207": 1, "207->201": 12, "207->213": 1, "213->207": 12, "147->157": 1, "157->147": 12, "148->149": 1, "149->148": 12, "150->151": 1, "151->150": 12, "152->153": 1, "153->152": 12, "154->155": 1, "155->154": 12, "161->162": 1, "162->161": 12, "162->180": 1, "180->162": 12, "163->173": 1, "173->163": 12, "173->175": 1, "175->173": 12, "175->178": 1, "178->175": 12, "164->165": 1, "165->164": 12, "166->167": 1, "167->166": 12, "168->169": 1, "169->168": 12, "170->171": 1, "171->170": 12, "176->177": 2, "177->176": 3, "182->184": 1, "184->182": 12, "185->186": 1, "186->185": 12, "191->192": 1, "192->191": 12, "192->194": 1, "194->192": 12, "197->198": 1, "198->197": 12, "198->200": 1, "200->198": 12, "203->204": 1, "204->203": 12, "204->206": 1, "206->204": 12, "209->210": 1, "210->209": 12, "210->212": 1, "212->210": 12, "215->216": 2, "216->215": 3, "218->220": 1, "220->218": 12, "220->222": 1, "222->220": 12, "222->223": 2, "223->222": 3, "223->224": 2, "224->223": 3, "224->225": 1, "225->224": 12, "225->240": 1, "240->225": 12, "240->268": 1, "268->240": 12, "268->288": 1, "288->268": 12, "226->233": 6, "233->226": 6, "227->228": 1, "228->227": 12, "228->230": 1, "230->228": 12, "231->232": 2, "232->231": 3, "236->238": 1, "238->236": 12, "241->251": 1, "251->241": 12, "242->243": 1, "243->242": 12, "244->245": 1, "245->244": 12, "246->247": 1, "247->246": 12, "248->249": 1, "249->248": 12, "252->253": 1, "253->252": 12, "254->264": 1, "264->254": 12, "255->256": 1, "256->255": 12, "257->258": 1, "258->257": 12, "259->260": 1, "260->259": 12, "261->262": 1, "262->261": 12, "265->267": 1, "267->265": 12, "269->279": 1, "279->269": 12, "270->271": 1, "271->270": 12, "272->273": 1, "273->272": 12, "274->275": 1, "275->274": 12, "276->277": 1, "277->276": 12, "280->281": 1, "281->280": 12, "282->283": 1, "283->282": 12, "283->287": 1, "287->283": 12, "284->286": 1, "286->284": 12, "290->292": 1, "292->290": 12, "292->294": 1, "294->292": 12, "297->298": 1, "298->297": 12, "299->300": 1, "300->299": 12, "301->302": 1, "302->301": 12, "303->304": 1, "304->303": 12, "3->4": 2, "4->3": 3, "4->7": 2, "7->4": 3, "7->9": 2, "9->7": 3, "9->11": 2, "11->9": 3, "11->14": 2, "14->11": 3, "14->16": 2, "16->14": 3, "16->18": 2, "18->16": 3, "18->21": 2, "21->18": 3, "21->23": 2, "23->21": 3, "23->26": 2, "26->23": 3, "26->29": 2, "29->26": 3, "29->31": 2, "31->29": 3, "31->34": 2, "34->31": 3, "34->35": 2, "35->34": 3, "35->38": 2, "38->35": 3, "38->39": 2, "39->38": 3, "39->42": 2, "42->39": 3, "42->43": 2, "43->42": 3, "43->46": 2, "46->43": 3, "46->49": 2, "49->46": 3, "49->52": 2, "52->49": 3, "52->53": 2, "53->52": 3, "53->56": 2, "56->53": 3, "56->58": 2, "58->56": 3, "58->60": 2, "60->58": 3, "60->62": 2, "62->60": 3, "62->64": 2, "64->62": 3, "64->67": 2, "67->64": 3, "67->68": 2, "68->67": 3, "68->71": 2, "71->68": 3, "71->73": 2, "73->71": 3, "73->75": 2, "75->73": 3, "75->77": 2, "77->75": 3, "77->79": 2, "79->77": 3, "79->80": 2, "80->79": 3, "80->83": 2, "83->80": 3, "83->85": 2, "85->83": 3, "85->87": 2, "87->85": 3, "87->89": 2, "89->87": 3, "89->91": 2, "91->89": 3, "91->92": 2, "92->91": 3, "92->95": 2, "95->92": 3, "95->97": 2, "97->95": 3, "97->99": 2, "99->97": 3, "99->101": 2, "101->99": 3, "101->103": 2, "103->101": 3, "103->104": 2, "104->103": 3, "104->105": 2, "105->104": 3, "105->109": 2, "109->105": 3, "109->111": 2, "111->109": 3, "111->113": 2, "113->111": 3, "113->115": 2, "115->113": 3, "115->117": 2, "117->115": 3, "117->122": 2, "122->117": 3, "122->124": 4, "124->122": 5, "124->125": 2, "125->124": 3, "125->130": 2, "130->125": 3, "130->132": 4, "132->130": 5, "132->133": 2, "133->132": 3, "133->138": 2, "138->133": 3, "138->140": 4, "140->138": 5, "140->141": 2, "141->140": 3, "141->144": 2, "144->141": 3, "144->145": 2, "145->144": 3, "145->148": 2, "148->145": 3, "148->150": 2, "150->148": 3, "150->152": 2, "152->150": 3, "152->154": 2, "154->152": 3, "154->156": 2, "156->154": 3, "156->157": 2, "157->156": 3, "157->158": 2, "158->157": 3, "158->161": 2, "161->158": 3, "161->164": 2, "164->161": 3, "164->166": 2, "166->164": 3, "166->168": 2, "168->166": 3, "168->170": 2, "170->168": 3, "170->172": 2, "172->170": 3, "172->174": 2, "174->172": 3, "174->176": 2, "176->174": 3, "177->179": 2, "179->177": 3, "179->180": 2, "180->179": 3, "180->183": 2, "183->180": 3, "183->185": 2, "185->183": 3, "185->188": 2, "188->185": 3, "188->191": 2, "191->188": 3, "191->193": 2, "193->191": 3, "193->194": 2, "194->193": 3, "194->197": 2, "197->194": 3, "197->199": 2, "199->197": 3, "199->200": 2, "200->199": 3, "200->203": 2, "203->200": 3, "203->205": 2, "205->203": 3, "205->206": 2, "206->205": 3, "206->209": 2, "209->206": 3, "209->211": 2, "211->209": 3, "211->212": 2, "212->211": 3, "212->215": 2, "215->212": 3, "216->219": 2, "219->216": 3, "219->221": 2, "221->219": 3, "221->222": 2, "222->221": 3, "224->227": 2, "227->224": 3, "227->229": 2, "229->227": 3, "229->231": 2, "231->229": 3, "232->237": 2, "237->232": 3, "237->239": 2, "239->237": 3, "239->242": 2, "242->239": 3, "242->244": 2, "244->242": 3, "244->246": 2, "246->244": 3, "246->248": 2, "248->246": 3, "248->250": 2, "250->248": 3, "250->252": 2, "252->250": 3, "252->255": 2, "255->252": 3, "255->257": 2, "257->255": 3, "257->259": 2, "259->257": 3, "259->261": 2, "261->259": 3, "261->263": 2, "263->261": 3, "263->266": 2, "266->263": 3, "266->267": 2, "267->266": 3, "267->270": 2, "270->267": 3, "270->272": 2, "272->270": 3, "272->274": 2, "274->272": 3, "274->276": 2, "276->274": 3, "276->278": 2, "278->276": 3, "278->280": 2, "280->278": 3, "280->282": 2, "282->280": 3, "282->285": 2, "285->282": 3, "285->286": 2, "286->285": 3, "286->287": 2, "287->286": 3, "287->291": 2, "291->287": 3, "291->293": 2, "293->291": 3, "293->295": 2, "295->293": 3, "295->297": 2, "297->295": 3, "297->299": 2, "299->297": 3, "299->301": 2, "301->299": 3, "301->303": 2, "303->301": 3, "303->305": 2, "305->303": 3, "124->193": 4, "193->124": 5, "132->199": 4, "199->132": 5, "140->205": 4, "205->140": 5, "211->295": 4, "295->211": 5}, "metrics": [3.0, 0.0, 3.0, 3.0, 28.0, 4.0, 0.0, 0.0, 0.6666666666666666, 2.0, 2.0]}