{"nodelist": ["ClassDeclaration", "{'static'}", "static", "LocalityBasedCandidateGenerator", "FieldDeclaration", "{'private'}", "private", "ReferenceType", "MasterServices", "VariableDeclarator", "masterServices", "ConstructorDeclaration", "LocalityBasedCandidateGenerator", "FormalParameter", "ReferenceType", "MasterServices", "masterServices", "StatementExpression", "Assignment", "This", "MemberReference", "masterServices", "MemberReference", "masterServices", "=", "MethodDeclaration", "Annotation", "Override", "ReferenceType", "Cluster", "ReferenceType", "Action", "generate", "FormalParameter", "ReferenceType", "Cluster", "cluster", "IfStatement", "BinaryOperation", "==", "This", "MemberReference", "masterServices", "Literal", "null", "BlockStatement", "LocalVariableDeclaration", "BasicType", "int", "VariableDeclarator", "thisServer", "MethodInvocation", "MemberReference", "cluster", "pickRandomServer", "LocalVariableDeclaration", "BasicType", "int", "VariableDeclarator", "otherServer", "MethodInvocation", "MemberReference", "cluster", "MemberReference", "thisServer", "pickOtherRandomServer", "ReturnStatement", "MethodInvocation", "MemberReference", "cluster", "MemberReference", "thisServer", "MemberReference", "otherServer", "pickRandomRegions", "StatementExpression", "MethodInvocation", "cluster", "calculateRegionServerLocalities", "LocalVariableDeclaration", "BasicType", "int", "VariableDeclarator", "thisServer", "MethodInvocation", "MemberReference", "cluster", "pickLowestLocalityServer", "LocalVariableDeclaration", "BasicType", "int", "VariableDeclarator", "thisRegion", "IfStatement", "BinaryOperation", "==", "MemberReference", "thisServer", "Literal", "-", "1", "BlockStatement", "StatementExpression", "MethodInvocation", "LOG", "Literal", "\"Could not pick lowest locality region server\"", "warn", "ReturnStatement", "MemberReference", "Cluster", "NullAction", "BlockStatement", "StatementExpression", "Assignment", "MemberReference", "thisRegion", "MethodInvocation", "MemberReference", "cluster", "MemberReference", "thisServer", "pickLowestLocalityRegionOnServer", "=", "IfStatement", "BinaryOperation", "==", "MemberReference", "thisRegion", "Literal", "-", "1", "BlockStatement", "ReturnStatement", "MemberReference", "Cluster", "NullAction", "LocalVariableDeclaration", "BasicType", "int", "VariableDeclarator", "otherServer", "MethodInvocation", "cluster", "MemberReference", "thisRegion", "getLeastLoadedTopServerForRegion", "IfStatement", "BinaryOperation", "==", "MemberReference", "otherServer", "Literal", "-", "1", "BlockStatement", "ReturnStatement", "MemberReference", "Cluster", "NullAction", "LocalVariableDeclaration", "BasicType", "int", "VariableDeclarator", "otherRegion", "Literal", "-", "1", "ReturnStatement", "MethodInvocation", "MemberReference", "thisServer", "MemberReference", "thisRegion", "MemberReference", "otherServer", "MemberReference", "otherRegion", "getAction", "MethodDeclaration", "{'private'}", "private", "BasicType", "int", "pickLowestLocalityServer", "FormalParameter", "ReferenceType", "Cluster", "cluster", "ReturnStatement", "MethodInvocation", "cluster", "getLowestLocalityRegionServer", "MethodDeclaration", "{'private'}", "private", "BasicType", "int", "pickLowestLocalityRegionOnServer", "FormalParameter", "ReferenceType", "Cluster", "cluster", "FormalParameter", "BasicType", "int", "server", "ReturnStatement", "MethodInvocation", "cluster", "MemberReference", "server", "getLowestLocalityRegionOnServer", "MethodDeclaration", "setServices", "FormalParameter", "ReferenceType", "MasterServices", "services", "StatementExpression", "Assignment", "This", "MemberReference", "masterServices", "MemberReference", "services", "=", "ReferenceType", "CandidateGenerator"], "nodes": {"0": "ClassDeclaration", "1": "Modifier", "2": "static", "3": "LocalityBasedCandidateGenerator", "4": "FieldDeclaration", "5": "Modifier", "6": "private", "7": "ReferenceType", "8": "MasterServices", "9": "VariableDeclarator", "10": "masterServices", "11": "ConstructorDeclaration", "12": "LocalityBasedCandidateGenerator", "13": "FormalParameter", "14": "ReferenceType", "15": "MasterServices", "16": "masterServices", "17": "StatementExpression", "18": "Assignment", "19": "This", "20": "MemberReference", "21": "masterServices", "22": "MemberReference", "23": "masterServices", "24": "=", "25": "MethodDeclaration", "26": "Annotation", "27": "Override", "28": "ReferenceType", "29": "Cluster", "30": "ReferenceType", "31": "Action", "32": "generate", "33": "FormalParameter", "34": "ReferenceType", "35": "Cluster", "36": "cluster", "37": "IfStatement", "38": "BinaryOperation", "39": "==", "40": "This", "41": "MemberReference", "42": "masterServices", "43": "Literal", "44": "null", "45": "BlockStatement", "46": "LocalVariableDeclaration", "47": "BasicType", "48": "int", "49": "VariableDeclarator", "50": "thisServer", "51": "MethodInvocation", "52": "MemberReference", "53": "cluster", "54": "pickRandomServer", "55": "LocalVariableDeclaration", "56": "BasicType", "57": "int", "58": "VariableDeclarator", "59": "otherServer", "60": "MethodInvocation", "61": "MemberReference", "62": "cluster", "63": "MemberReference", "64": "thisServer", "65": "pickOtherRandomServer", "66": "ReturnStatement", "67": "MethodInvocation", "68": "MemberReference", "69": "cluster", "70": "MemberReference", "71": "thisServer", "72": "MemberReference", "73": "otherServer", "74": "pickRandomRegions", "75": "StatementExpression", "76": "MethodInvocation", "77": "cluster", "78": "calculateRegionServerLocalities", "79": "LocalVariableDeclaration", "80": "BasicType", "81": "int", "82": "VariableDeclarator", "83": "thisServer", "84": "MethodInvocation", "85": "MemberReference", "86": "cluster", "87": "pickLowestLocalityServer", "88": "LocalVariableDeclaration", "89": "BasicType", "90": "int", "91": "VariableDeclarator", "92": "thisRegion", "93": "IfStatement", "94": "BinaryOperation", "95": "==", "96": "MemberReference", "97": "thisServer", "98": "Literal", "99": "-", "100": "1", "101": "BlockStatement", "102": "StatementExpression", "103": "MethodInvocation", "104": "LOG", "105": "Literal", "106": "\"Could not pick lowest locality region server\"", "107": "warn", "108": "ReturnStatement", "109": "MemberReference", "110": "Cluster", "111": "NullAction", "112": "BlockStatement", "113": "StatementExpression", "114": "Assignment", "115": "MemberReference", "116": "thisRegion", "117": "MethodInvocation", "118": "MemberReference", "119": "cluster", "120": "MemberReference", "121": "thisServer", "122": "pickLowestLocalityRegionOnServer", "123": "=", "124": "IfStatement", "125": "BinaryOperation", "126": "==", "127": "MemberReference", "128": "thisRegion", "129": "Literal", "130": "-", "131": "1", "132": "BlockStatement", "133": "ReturnStatement", "134": "MemberReference", "135": "Cluster", "136": "NullAction", "137": "LocalVariableDeclaration", "138": "BasicType", "139": "int", "140": "VariableDeclarator", "141": "otherServer", "142": "MethodInvocation", "143": "cluster", "144": "MemberReference", "145": "thisRegion", "146": "getLeastLoadedTopServerForRegion", "147": "IfStatement", "148": "BinaryOperation", "149": "==", "150": "MemberReference", "151": "otherServer", "152": "Literal", "153": "-", "154": "1", "155": "BlockStatement", "156": "ReturnStatement", "157": "MemberReference", "158": "Cluster", "159": "NullAction", "160": "LocalVariableDeclaration", "161": "BasicType", "162": "int", "163": "VariableDeclarator", "164": "otherRegion", "165": "Literal", "166": "-", "167": "1", "168": "ReturnStatement", "169": "MethodInvocation", "170": "MemberReference", "171": "thisServer", "172": "MemberReference", "173": "thisRegion", "174": "MemberReference", "175": "otherServer", "176": "MemberReference", "177": "otherRegion", "178": "getAction", "179": "MethodDeclaration", "180": "Modifier", "181": "private", "182": "BasicType", "183": "int", "184": "pickLowestLocalityServer", "185": "FormalParameter", "186": "ReferenceType", "187": "Cluster", "188": "cluster", "189": "ReturnStatement", "190": "MethodInvocation", "191": "cluster", "192": "getLowestLocalityRegionServer", "193": "MethodDeclaration", "194": "Modifier", "195": "private", "196": "BasicType", "197": "int", "198": "pickLowestLocalityRegionOnServer", "199": "FormalParameter", "200": "ReferenceType", "201": "Cluster", "202": "cluster", "203": "FormalParameter", "204": "BasicType", "205": "int", "206": "server", "207": "ReturnStatement", "208": "MethodInvocation", "209": "cluster", "210": "MemberReference", "211": "server", "212": "getLowestLocalityRegionOnServer", "213": "MethodDeclaration", "214": "setServices", "215": "FormalParameter", "216": "ReferenceType", "217": "MasterServices", "218": "services", "219": "StatementExpression", "220": "Assignment", "221": "This", "222": "MemberReference", "223": "masterServices", "224": "MemberReference", "225": "services", "226": "=", "227": "ReferenceType", "228": "CandidateGenerator"}, "edges": {"0->1": 0, "1->0": 0, "1->2": 0, "2->1": 0, "0->3": 0, "3->0": 0, "0->4": 0, "4->0": 0, "4->5": 0, "5->4": 0, "5->6": 0, "6->5": 0, "4->7": 0, "7->4": 0, "7->8": 0, "8->7": 0, "4->9": 0, "9->4": 0, "9->10": 0, "10->9": 0, "0->11": 0, "11->0": 0, "11->12": 0, "12->11": 0, "11->13": 0, "13->11": 0, "13->14": 0, "14->13": 0, "14->15": 0, "15->14": 0, "13->16": 0, "16->13": 0, "11->17": 0, "17->11": 0, "17->18": 0, "18->17": 0, "18->19": 0, "19->18": 0, "19->20": 0, "20->19": 0, "20->21": 0, "21->20": 0, "18->22": 0, "22->18": 0, "22->23": 0, "23->22": 0, "18->24": 0, "24->18": 0, "0->25": 0, "25->0": 0, "25->26": 0, "26->25": 0, "26->27": 0, "27->26": 0, "25->28": 0, "28->25": 0, "28->29": 0, "29->28": 0, "28->30": 0, "30->28": 0, "30->31": 0, "31->30": 0, "25->32": 0, "32->25": 0, "25->33": 0, "33->25": 0, "33->34": 0, "34->33": 0, "34->35": 0, "35->34": 0, "33->36": 0, "36->33": 0, "25->37": 0, "37->25": 0, "37->38": 0, "38->37": 0, "38->39": 0, "39->38": 0, "38->40": 0, "40->38": 0, "40->41": 0, "41->40": 0, "41->42": 0, "42->41": 0, "38->43": 0, "43->38": 0, "43->44": 0, "44->43": 0, "37->45": 0, "45->37": 0, "45->46": 0, "46->45": 0, "46->47": 0, "47->46": 0, "47->48": 0, "48->47": 0, "46->49": 0, "49->46": 0, "49->50": 0, "50->49": 0, "49->51": 0, "51->49": 0, "51->52": 0, "52->51": 0, "52->53": 0, "53->52": 0, "51->54": 0, "54->51": 0, "45->55": 0, "55->45": 0, "55->56": 0, "56->55": 0, "56->57": 0, "57->56": 0, "55->58": 0, "58->55": 0, "58->59": 0, "59->58": 0, "58->60": 0, "60->58": 0, "60->61": 0, "61->60": 0, "61->62": 0, "62->61": 0, "60->63": 0, "63->60": 0, "63->64": 0, "64->63": 0, "60->65": 0, "65->60": 0, "45->66": 0, "66->45": 0, "66->67": 0, "67->66": 0, "67->68": 0, "68->67": 0, "68->69": 0, "69->68": 0, "67->70": 0, "70->67": 0, "70->71": 0, "71->70": 0, "67->72": 0, "72->67": 0, "72->73": 0, "73->72": 0, "67->74": 0, "74->67": 0, "25->75": 0, "75->25": 0, "75->76": 0, "76->75": 0, "76->77": 0, "77->76": 0, "76->78": 0, "78->76": 0, "25->79": 0, "79->25": 0, "79->80": 0, "80->79": 0, "80->81": 0, "81->80": 0, "79->82": 0, "82->79": 0, "82->83": 0, "83->82": 0, "82->84": 0, "84->82": 0, "84->85": 0, "85->84": 0, "85->86": 0, "86->85": 0, "84->87": 0, "87->84": 0, "25->88": 0, "88->25": 0, "88->89": 0, "89->88": 0, "89->90": 0, "90->89": 0, "88->91": 0, "91->88": 0, "91->92": 0, "92->91": 0, "25->93": 0, "93->25": 0, "93->94": 0, "94->93": 0, "94->95": 0, "95->94": 0, "94->96": 0, "96->94": 0, "96->97": 0, "97->96": 0, "94->98": 0, "98->94": 0, "98->99": 0, "99->98": 0, "98->100": 0, "100->98": 0, "93->101": 0, "101->93": 0, "101->102": 0, "102->101": 0, "102->103": 0, "103->102": 0, "103->104": 0, "104->103": 0, "103->105": 0, "105->103": 0, "105->106": 0, "106->105": 0, "103->107": 0, "107->103": 0, "101->108": 0, "108->101": 0, "108->109": 0, "109->108": 0, "109->110": 0, "110->109": 0, "109->111": 0, "111->109": 0, "93->112": 0, "112->93": 0, "112->113": 0, "113->112": 0, "113->114": 0, "114->113": 0, "114->115": 0, "115->114": 0, "115->116": 0, "116->115": 0, "114->117": 0, "117->114": 0, "117->118": 0, "118->117": 0, "118->119": 0, "119->118": 0, "117->120": 0, "120->117": 0, "120->121": 0, "121->120": 0, "117->122": 0, "122->117": 0, "114->123": 0, "123->114": 0, "25->124": 0, "124->25": 0, "124->125": 0, "125->124": 0, "125->126": 0, "126->125": 0, "125->127": 0, "127->125": 0, "127->128": 0, "128->127": 0, "125->129": 0, "129->125": 0, "129->130": 0, "130->129": 0, "129->131": 0, "131->129": 0, "124->132": 0, "132->124": 0, "132->133": 0, "133->132": 0, "133->134": 0, "134->133": 0, "134->135": 0, "135->134": 0, "134->136": 0, "136->134": 0, "25->137": 0, "137->25": 0, "137->138": 0, "138->137": 0, "138->139": 0, "139->138": 0, "137->140": 0, "140->137": 0, "140->141": 0, "141->140": 0, "140->142": 0, "142->140": 0, "142->143": 0, "143->142": 0, "142->144": 0, "144->142": 0, "144->145": 0, "145->144": 0, "142->146": 0, "146->142": 0, "25->147": 0, "147->25": 0, "147->148": 0, "148->147": 0, "148->149": 0, "149->148": 0, "148->150": 0, "150->148": 0, "150->151": 0, "151->150": 0, "148->152": 0, "152->148": 0, "152->153": 0, "153->152": 0, "152->154": 0, "154->152": 0, "147->155": 0, "155->147": 0, "155->156": 0, "156->155": 0, "156->157": 0, "157->156": 0, "157->158": 0, "158->157": 0, "157->159": 0, "159->157": 0, "25->160": 0, "160->25": 0, "160->161": 0, "161->160": 0, "161->162": 0, "162->161": 0, "160->163": 0, "163->160": 0, "163->164": 0, "164->163": 0, "163->165": 0, "165->163": 0, "165->166": 0, "166->165": 0, "165->167": 0, "167->165": 0, "25->168": 0, "168->25": 0, "168->169": 0, "169->168": 0, "169->170": 0, "170->169": 0, "170->171": 0, "171->170": 0, "169->172": 0, "172->169": 0, "172->173": 0, "173->172": 0, "169->174": 0, "174->169": 0, "174->175": 0, "175->174": 0, "169->176": 0, "176->169": 0, "176->177": 0, "177->176": 0, "169->178": 0, "178->169": 0, "0->179": 0, "179->0": 0, "179->180": 0, "180->179": 0, "180->181": 0, "181->180": 0, "179->182": 0, "182->179": 0, "182->183": 0, "183->182": 0, "179->184": 0, "184->179": 0, "179->185": 0, "185->179": 0, "185->186": 0, "186->185": 0, "186->187": 0, "187->186": 0, "185->188": 0, "188->185": 0, "179->189": 0, "189->179": 0, "189->190": 0, "190->189": 0, "190->191": 0, "191->190": 0, "190->192": 0, "192->190": 0, "0->193": 0, "193->0": 0, "193->194": 0, "194->193": 0, "194->195": 0, "195->194": 0, "193->196": 0, "196->193": 0, "196->197": 0, "197->196": 0, "193->198": 0, "198->193": 0, "193->199": 0, "199->193": 0, "199->200": 0, "200->199": 0, "200->201": 0, "201->200": 0, "199->202": 0, "202->199": 0, "193->203": 0, "203->193": 0, "203->204": 0, "204->203": 0, "204->205": 0, "205->204": 0, "203->206": 0, "206->203": 0, "193->207": 0, "207->193": 0, "207->208": 0, "208->207": 0, "208->209": 0, "209->208": 0, "208->210": 0, "210->208": 0, "210->211": 0, "211->210": 0, "208->212": 0, "212->208": 0, "0->213": 0, "213->0": 0, "213->214": 0, "214->213": 0, "213->215": 0, "215->213": 0, "215->216": 0, "216->215": 0, "216->217": 0, "217->216": 0, "215->218": 0, "218->215": 0, "213->219": 0, "219->213": 0, "219->220": 0, "220->219": 0, "220->221": 0, "221->220": 0, "221->222": 0, "222->221": 0, "222->223": 0, "223->222": 0, "220->224": 0, "224->220": 0, "224->225": 0, "225->224": 0, "220->226": 0, "226->220": 0, "0->227": 0, "227->0": 0, "227->228": 0, "228->227": 0, "1->3": 1, "3->1": 12, "3->4": 1, "4->3": 12, "4->11": 1, "11->4": 12, "11->25": 1, "25->11": 12, "25->179": 1, "179->25": 12, "179->193": 1, "193->179": 12, "193->213": 1, "213->193": 12, "213->227": 1, "227->213": 12, "5->7": 1, "7->5": 12, "7->9": 1, "9->7": 12, "12->13": 1, "13->12": 12, "13->17": 1, "17->13": 12, "14->16": 1, "16->14": 12, "19->22": 1, "22->19": 12, "22->24": 1, "24->22": 12, "26->28": 1, "28->26": 12, "28->32": 1, "32->28": 12, "32->33": 1, "33->32": 12, "33->37": 1, "37->33": 12, "37->75": 1, "75->37": 12, "75->79": 1, "79->75": 12, "79->88": 1, "88->79": 12, "88->93": 1, "93->88": 12, "93->124": 1, "124->93": 12, "124->137": 1, "137->124": 12, "137->147": 1, "147->137": 12, "147->160": 1, "160->147": 12, "160->168": 1, "168->160": 12, "29->30": 1, "30->29": 12, "34->36": 1, "36->34": 12, "38->45": 6, "45->38": 6, "39->40": 1, "40->39": 12, "40->43": 1, "43->40": 12, "46->55": 10, "55->46": 11, "55->66": 10, "66->55": 11, "47->49": 1, "49->47": 12, "50->51": 1, "51->50": 12, "52->54": 1, "54->52": 12, "56->58": 1, "58->56": 12, "59->60": 1, "60->59": 12, "61->63": 1, "63->61": 12, "63->65": 1, "65->63": 12, "68->70": 1, "70->68": 12, "70->72": 1, "72->70": 12, "72->74": 1, "74->72": 12, "77->78": 2, "78->77": 3, "80->82": 1, "82->80": 12, "83->84": 1, "84->83": 12, "85->87": 1, "87->85": 12, "89->91": 1, "91->89": 12, "94->101": 6, "101->94": 6, "101->112": 1, "112->101": 12, "95->96": 1, "96->95": 12, "96->98": 1, "98->96": 12, "99->100": 2, "100->99": 3, "102->108": 10, "108->102": 11, "104->105": 1, "105->104": 12, "105->107": 1, "107->105": 12, "110->111": 2, "111->110": 3, "115->117": 1, "117->115": 12, "117->123": 1, "123->117": 12, "118->120": 1, "120->118": 12, "120->122": 1, "122->120": 12, "125->132": 6, "132->125": 6, "126->127": 1, "127->126": 12, "127->129": 1, "129->127": 12, "130->131": 2, "131->130": 3, "135->136": 2, "136->135": 3, "138->140": 1, "140->138": 12, "141->142": 1, "142->141": 12, "143->144": 1, "144->143": 12, "144->146": 1, "146->144": 12, "148->155": 6, "155->148": 6, "149->150": 1, "150->149": 12, "150->152": 1, "152->150": 12, "153->154": 2, "154->153": 3, "158->159": 2, "159->158": 3, "161->163": 1, "163->161": 12, "164->165": 1, "165->164": 12, "166->167": 2, "167->166": 3, "170->172": 1, "172->170": 12, "172->174": 1, "174->172": 12, "174->176": 1, "176->174": 12, "176->178": 1, "178->176": 12, "180->182": 1, "182->180": 12, "182->184": 1, "184->182": 12, "184->185": 1, "185->184": 12, "185->189": 1, "189->185": 12, "186->188": 1, "188->186": 12, "191->192": 2, "192->191": 3, "194->196": 1, "196->194": 12, "196->198": 1, "198->196": 12, "198->199": 1, "199->198": 12, "199->203": 1, "203->199": 12, "203->207": 1, "207->203": 12, "200->202": 1, "202->200": 12, "204->206": 1, "206->204": 12, "209->210": 1, "210->209": 12, "210->212": 1, "212->210": 12, "214->215": 1, "215->214": 12, "215->219": 1, "219->215": 12, "216->218": 1, "218->216": 12, "221->224": 1, "224->221": 12, "224->226": 1, "226->224": 12, "94->112": 7, "112->94": 7, "2->3": 2, "3->2": 3, "3->6": 2, "6->3": 3, "6->8": 2, "8->6": 3, "8->10": 2, "10->8": 3, "10->12": 2, "12->10": 3, "12->15": 2, "15->12": 3, "15->16": 2, "16->15": 3, "16->21": 2, "21->16": 3, "21->23": 4, "23->21": 5, "23->24": 2, "24->23": 3, "24->27": 2, "27->24": 3, "27->29": 2, "29->27": 3, "29->31": 2, "31->29": 3, "31->32": 2, "32->31": 3, "32->35": 2, "35->32": 3, "35->36": 2, "36->35": 3, "36->39": 2, "39->36": 3, "39->42": 2, "42->39": 3, "42->44": 2, "44->42": 3, "44->48": 2, "48->44": 3, "48->50": 2, "50->48": 3, "50->53": 2, "53->50": 3, "53->54": 2, "54->53": 3, "54->57": 2, "57->54": 3, "57->59": 2, "59->57": 3, "59->62": 2, "62->59": 3, "62->64": 2, "64->62": 3, "64->65": 2, "65->64": 3, "65->69": 2, "69->65": 3, "69->71": 2, "71->69": 3, "71->73": 2, "73->71": 3, "73->74": 2, "74->73": 3, "74->77": 2, "77->74": 3, "78->81": 2, "81->78": 3, "81->83": 2, "83->81": 3, "83->86": 2, "86->83": 3, "86->87": 2, "87->86": 3, "87->90": 2, "90->87": 3, "90->92": 2, "92->90": 3, "92->95": 2, "95->92": 3, "95->97": 2, "97->95": 3, "97->99": 2, "99->97": 3, "100->104": 2, "104->100": 3, "104->106": 2, "106->104": 3, "106->107": 2, "107->106": 3, "107->110": 2, "110->107": 3, "111->116": 2, "116->111": 3, "116->119": 2, "119->116": 3, "119->121": 2, "121->119": 3, "121->122": 2, "122->121": 3, "122->123": 2, "123->122": 3, "123->126": 2, "126->123": 3, "126->128": 2, "128->126": 3, "128->130": 2, "130->128": 3, "131->135": 2, "135->131": 3, "136->139": 2, "139->136": 3, "139->141": 2, "141->139": 3, "141->143": 2, "143->141": 3, "143->145": 2, "145->143": 3, "145->146": 2, "146->145": 3, "146->149": 2, "149->146": 3, "149->151": 2, "151->149": 3, "151->153": 2, "153->151": 3, "154->158": 2, "158->154": 3, "159->162": 2, "162->159": 3, "162->164": 2, "164->162": 3, "164->166": 2, "166->164": 3, "167->171": 2, "171->167": 3, "171->173": 2, "173->171": 3, "173->175": 2, "175->173": 3, "175->177": 2, "177->175": 3, "177->178": 2, "178->177": 3, "178->181": 2, "181->178": 3, "181->183": 2, "183->181": 3, "183->184": 2, "184->183": 3, "184->187": 2, "187->184": 3, "187->188": 2, "188->187": 3, "188->191": 2, "191->188": 3, "192->195": 2, "195->192": 3, "195->197": 2, "197->195": 3, "197->198": 2, "198->197": 3, "198->201": 2, "201->198": 3, "201->202": 2, "202->201": 3, "202->205": 2, "205->202": 3, "205->206": 2, "206->205": 3, "206->209": 2, "209->206": 3, "209->211": 2, "211->209": 3, "211->212": 2, "212->211": 3, "212->214": 2, "214->212": 3, "214->217": 2, "217->214": 3, "217->218": 2, "218->217": 3, "218->223": 2, "223->218": 3, "223->225": 2, "225->223": 3, "225->226": 2, "226->225": 3, "226->228": 2, "228->226": 3, "23->42": 4, "42->23": 5, "42->223": 4, "223->42": 5, "53->62": 4, "62->53": 5, "62->69": 4, "69->62": 5, "69->86": 4, "86->69": 5, "86->119": 4, "119->86": 5, "64->71": 4, "71->64": 5, "71->97": 4, "97->71": 5, "97->121": 4, "121->97": 5, "121->171": 4, "171->121": 5, "73->151": 4, "151->73": 5, "151->175": 4, "175->151": 5, "111->136": 4, "136->111": 5, "136->159": 4, "159->136": 5, "116->128": 4, "128->116": 5, "128->145": 4, "145->128": 5, "145->173": 4, "173->145": 5}, "metrics": [1.0, 0.0, 5.0, 0.0, 41.0, 9.0, 0.0, 1.0, 0.0, 1.0, 2.0]}