{"nodelist": ["ClassDeclaration", "{'public'}", "public", "Annotation", "InterfaceAudience.Private", "FaultyFSLog", "EnumDeclaration", "{'public'}", "public", "FailureType", "EnumBody", "EnumConstantDeclaration", "NONE", "EnumConstantDeclaration", "APPEND", "EnumConstantDeclaration", "SYNC", "FieldDeclaration", "ReferenceType", "FailureType", "VariableDeclarator", "ft", "MemberReference", "FailureType", "NONE", "ConstructorDeclaration", "{'public'}", "public", "FaultyFSLog", "FormalParameter", "ReferenceType", "FileSystem", "fs", "FormalParameter", "ReferenceType", "Path", "rootDir", "FormalParameter", "ReferenceType", "String", "logName", "FormalParameter", "ReferenceType", "Configuration", "conf", "IOException", "StatementExpression", "SuperConstructorInvocation", "MemberReference", "fs", "MemberReference", "rootDir", "MemberReference", "logName", "MemberReference", "conf", "MethodDeclaration", "{'public'}", "public", "setFailureType", "FormalParameter", "ReferenceType", "FailureType", "fType", "StatementExpression", "Assignment", "This", "MemberReference", "ft", "MemberReference", "fType", "=", "MethodDeclaration", "{'public'}", "public", "Annotation", "Override", "sync", "FormalParameter", "BasicType", "long", "txid", "FormalParameter", "BasicType", "boolean", "forceSync", "IOException", "IfStatement", "BinaryOperation", "==", "This", "MemberReference", "ft", "MemberReference", "FailureType", "SYNC", "BlockStatement", "ThrowStatement", "ClassCreator", "ReferenceType", "IOException", "Literal", "\"sync\"", "StatementExpression", "SuperMethodInvocation", "MemberReference", "txid", "MemberReference", "forceSync", "sync", "MethodDeclaration", "{'public'}", "public", "Annotation", "Override", "BasicType", "long", "append", "FormalParameter", "ReferenceType", "HTableDescriptor", "htd", "FormalParameter", "ReferenceType", "HRegionInfo", "info", "FormalParameter", "ReferenceType", "WALKey", "key", "FormalParameter", "ReferenceType", "WALEdit", "edits", "FormalParameter", "BasicType", "boolean", "inMemstore", "IOException", "IfStatement", "BinaryOperation", "==", "This", "MemberReference", "ft", "MemberReference", "FailureType", "APPEND", "BlockStatement", "ThrowStatement", "ClassCreator", "ReferenceType", "IOException", "Literal", "\"append\"", "ReturnStatement", "SuperMethodInvocation", "MemberReference", "htd", "MemberReference", "info", "MemberReference", "key", "MemberReference", "edits", "MemberReference", "inMemstore", "append", "ReferenceType", "FSHLog"], "nodes": {"0": "ClassDeclaration", "1": "Modifier", "2": "public", "3": "Annotation", "4": "InterfaceAudience.Private", "5": "FaultyFSLog", "6": "EnumDeclaration", "7": "Modifier", "8": "public", "9": "FailureType", "10": "EnumBody", "11": "EnumConstantDeclaration", "12": "NONE", "13": "EnumConstantDeclaration", "14": "APPEND", "15": "EnumConstantDeclaration", "16": "SYNC", "17": "FieldDeclaration", "18": "ReferenceType", "19": "FailureType", "20": "VariableDeclarator", "21": "ft", "22": "MemberReference", "23": "FailureType", "24": "NONE", "25": "ConstructorDeclaration", "26": "Modifier", "27": "public", "28": "FaultyFSLog", "29": "FormalParameter", "30": "ReferenceType", "31": "FileSystem", "32": "fs", "33": "FormalParameter", "34": "ReferenceType", "35": "Path", "36": "rootDir", "37": "FormalParameter", "38": "ReferenceType", "39": "String", "40": "logName", "41": "FormalParameter", "42": "ReferenceType", "43": "Configuration", "44": "conf", "45": "IOException", "46": "StatementExpression", "47": "SuperConstructorInvocation", "48": "MemberReference", "49": "fs", "50": "MemberReference", "51": "rootDir", "52": "MemberReference", "53": "logName", "54": "MemberReference", "55": "conf", "56": "MethodDeclaration", "57": "Modifier", "58": "public", "59": "setFailureType", "60": "FormalParameter", "61": "ReferenceType", "62": "FailureType", "63": "fType", "64": "StatementExpression", "65": "Assignment", "66": "This", "67": "MemberReference", "68": "ft", "69": "MemberReference", "70": "fType", "71": "=", "72": "MethodDeclaration", "73": "Modifier", "74": "public", "75": "Annotation", "76": "Override", "77": "sync", "78": "FormalParameter", "79": "BasicType", "80": "long", "81": "txid", "82": "FormalParameter", "83": "BasicType", "84": "boolean", "85": "forceSync", "86": "IOException", "87": "IfStatement", "88": "BinaryOperation", "89": "==", "90": "This", "91": "MemberReference", "92": "ft", "93": "MemberReference", "94": "FailureType", "95": "SYNC", "96": "BlockStatement", "97": "ThrowStatement", "98": "ClassCreator", "99": "ReferenceType", "100": "IOException", "101": "Literal", "102": "\"sync\"", "103": "StatementExpression", "104": "SuperMethodInvocation", "105": "MemberReference", "106": "txid", "107": "MemberReference", "108": "forceSync", "109": "sync", "110": "MethodDeclaration", "111": "Modifier", "112": "public", "113": "Annotation", "114": "Override", "115": "BasicType", "116": "long", "117": "append", "118": "FormalParameter", "119": "ReferenceType", "120": "HTableDescriptor", "121": "htd", "122": "FormalParameter", "123": "ReferenceType", "124": "HRegionInfo", "125": "info", "126": "FormalParameter", "127": "ReferenceType", "128": "WALKey", "129": "key", "130": "FormalParameter", "131": "ReferenceType", "132": "WALEdit", "133": "edits", "134": "FormalParameter", "135": "BasicType", "136": "boolean", "137": "inMemstore", "138": "IOException", "139": "IfStatement", "140": "BinaryOperation", "141": "==", "142": "This", "143": "MemberReference", "144": "ft", "145": "MemberReference", "146": "FailureType", "147": "APPEND", "148": "BlockStatement", "149": "ThrowStatement", "150": "ClassCreator", "151": "ReferenceType", "152": "IOException", "153": "Literal", "154": "\"append\"", "155": "ReturnStatement", "156": "SuperMethodInvocation", "157": "MemberReference", "158": "htd", "159": "MemberReference", "160": "info", "161": "MemberReference", "162": "key", "163": "MemberReference", "164": "edits", "165": "MemberReference", "166": "inMemstore", "167": "append", "168": "ReferenceType", "169": "FSHLog"}, "edges": {"0->1": 0, "1->0": 0, "1->2": 0, "2->1": 0, "0->3": 0, "3->0": 0, "3->4": 0, "4->3": 0, "0->5": 0, "5->0": 0, "0->6": 0, "6->0": 0, "6->7": 0, "7->6": 0, "7->8": 0, "8->7": 0, "6->9": 0, "9->6": 0, "6->10": 0, "10->6": 0, "10->11": 0, "11->10": 0, "11->12": 0, "12->11": 0, "10->13": 0, "13->10": 0, "13->14": 0, "14->13": 0, "10->15": 0, "15->10": 0, "15->16": 0, "16->15": 0, "0->17": 0, "17->0": 0, "17->18": 0, "18->17": 0, "18->19": 0, "19->18": 0, "17->20": 0, "20->17": 0, "20->21": 0, "21->20": 0, "20->22": 0, "22->20": 0, "22->23": 0, "23->22": 0, "22->24": 0, "24->22": 0, "0->25": 0, "25->0": 0, "25->26": 0, "26->25": 0, "26->27": 0, "27->26": 0, "25->28": 0, "28->25": 0, "25->29": 0, "29->25": 0, "29->30": 0, "30->29": 0, "30->31": 0, "31->30": 0, "29->32": 0, "32->29": 0, "25->33": 0, "33->25": 0, "33->34": 0, "34->33": 0, "34->35": 0, "35->34": 0, "33->36": 0, "36->33": 0, "25->37": 0, "37->25": 0, "37->38": 0, "38->37": 0, "38->39": 0, "39->38": 0, "37->40": 0, "40->37": 0, "25->41": 0, "41->25": 0, "41->42": 0, "42->41": 0, "42->43": 0, "43->42": 0, "41->44": 0, "44->41": 0, "25->45": 0, "45->25": 0, "25->46": 0, "46->25": 0, "46->47": 0, "47->46": 0, "47->48": 0, "48->47": 0, "48->49": 0, "49->48": 0, "47->50": 0, "50->47": 0, "50->51": 0, "51->50": 0, "47->52": 0, "52->47": 0, "52->53": 0, "53->52": 0, "47->54": 0, "54->47": 0, "54->55": 0, "55->54": 0, "0->56": 0, "56->0": 0, "56->57": 0, "57->56": 0, "57->58": 0, "58->57": 0, "56->59": 0, "59->56": 0, "56->60": 0, "60->56": 0, "60->61": 0, "61->60": 0, "61->62": 0, "62->61": 0, "60->63": 0, "63->60": 0, "56->64": 0, "64->56": 0, "64->65": 0, "65->64": 0, "65->66": 0, "66->65": 0, "66->67": 0, "67->66": 0, "67->68": 0, "68->67": 0, "65->69": 0, "69->65": 0, "69->70": 0, "70->69": 0, "65->71": 0, "71->65": 0, "0->72": 0, "72->0": 0, "72->73": 0, "73->72": 0, "73->74": 0, "74->73": 0, "72->75": 0, "75->72": 0, "75->76": 0, "76->75": 0, "72->77": 0, "77->72": 0, "72->78": 0, "78->72": 0, "78->79": 0, "79->78": 0, "79->80": 0, "80->79": 0, "78->81": 0, "81->78": 0, "72->82": 0, "82->72": 0, "82->83": 0, "83->82": 0, "83->84": 0, "84->83": 0, "82->85": 0, "85->82": 0, "72->86": 0, "86->72": 0, "72->87": 0, "87->72": 0, "87->88": 0, "88->87": 0, "88->89": 0, "89->88": 0, "88->90": 0, "90->88": 0, "90->91": 0, "91->90": 0, "91->92": 0, "92->91": 0, "88->93": 0, "93->88": 0, "93->94": 0, "94->93": 0, "93->95": 0, "95->93": 0, "87->96": 0, "96->87": 0, "96->97": 0, "97->96": 0, "97->98": 0, "98->97": 0, "98->99": 0, "99->98": 0, "99->100": 0, "100->99": 0, "98->101": 0, "101->98": 0, "101->102": 0, "102->101": 0, "72->103": 0, "103->72": 0, "103->104": 0, "104->103": 0, "104->105": 0, "105->104": 0, "105->106": 0, "106->105": 0, "104->107": 0, "107->104": 0, "107->108": 0, "108->107": 0, "104->109": 0, "109->104": 0, "0->110": 0, "110->0": 0, "110->111": 0, "111->110": 0, "111->112": 0, "112->111": 0, "110->113": 0, "113->110": 0, "113->114": 0, "114->113": 0, "110->115": 0, "115->110": 0, "115->116": 0, "116->115": 0, "110->117": 0, "117->110": 0, "110->118": 0, "118->110": 0, "118->119": 0, "119->118": 0, "119->120": 0, "120->119": 0, "118->121": 0, "121->118": 0, "110->122": 0, "122->110": 0, "122->123": 0, "123->122": 0, "123->124": 0, "124->123": 0, "122->125": 0, "125->122": 0, "110->126": 0, "126->110": 0, "126->127": 0, "127->126": 0, "127->128": 0, "128->127": 0, "126->129": 0, "129->126": 0, "110->130": 0, "130->110": 0, "130->131": 0, "131->130": 0, "131->132": 0, "132->131": 0, "130->133": 0, "133->130": 0, "110->134": 0, "134->110": 0, "134->135": 0, "135->134": 0, "135->136": 0, "136->135": 0, "134->137": 0, "137->134": 0, "110->138": 0, "138->110": 0, "110->139": 0, "139->110": 0, "139->140": 0, "140->139": 0, "140->141": 0, "141->140": 0, "140->142": 0, "142->140": 0, "142->143": 0, "143->142": 0, "143->144": 0, "144->143": 0, "140->145": 0, "145->140": 0, "145->146": 0, "146->145": 0, "145->147": 0, "147->145": 0, "139->148": 0, "148->139": 0, "148->149": 0, "149->148": 0, "149->150": 0, "150->149": 0, "150->151": 0, "151->150": 0, "151->152": 0, "152->151": 0, "150->153": 0, "153->150": 0, "153->154": 0, "154->153": 0, "110->155": 0, "155->110": 0, "155->156": 0, "156->155": 0, "156->157": 0, "157->156": 0, "157->158": 0, "158->157": 0, "156->159": 0, "159->156": 0, "159->160": 0, "160->159": 0, "156->161": 0, "161->156": 0, "161->162": 0, "162->161": 0, "156->163": 0, "163->156": 0, "163->164": 0, "164->163": 0, "156->165": 0, "165->156": 0, "165->166": 0, "166->165": 0, "156->167": 0, "167->156": 0, "0->168": 0, "168->0": 0, "168->169": 0, "169->168": 0, "1->3": 1, "3->1": 12, "3->5": 1, "5->3": 12, "5->6": 1, "6->5": 12, "6->17": 1, "17->6": 12, "17->25": 1, "25->17": 12, "25->56": 1, "56->25": 12, "56->72": 1, "72->56": 12, "72->110": 1, "110->72": 12, "110->168": 1, "168->110": 12, "7->9": 1, "9->7": 12, "9->10": 1, "10->9": 12, "11->13": 1, "13->11": 12, "13->15": 1, "15->13": 12, "18->20": 1, "20->18": 12, "21->22": 1, "22->21": 12, "23->24": 2, "24->23": 3, "26->28": 1, "28->26": 12, "28->29": 1, "29->28": 12, "29->33": 1, "33->29": 12, "33->37": 1, "37->33": 12, "37->41": 1, "41->37": 12, "41->45": 1, "45->41": 12, "45->46": 1, "46->45": 12, "30->32": 1, "32->30": 12, "34->36": 1, "36->34": 12, "38->40": 1, "40->38": 12, "42->44": 1, "44->42": 12, "48->50": 1, "50->48": 12, "50->52": 1, "52->50": 12, "52->54": 1, "54->52": 12, "57->59": 1, "59->57": 12, "59->60": 1, "60->59": 12, "60->64": 1, "64->60": 12, "61->63": 1, "63->61": 12, "66->69": 1, "69->66": 12, "69->71": 1, "71->69": 12, "73->75": 1, "75->73": 12, "75->77": 1, "77->75": 12, "77->78": 1, "78->77": 12, "78->82": 1, "82->78": 12, "82->86": 1, "86->82": 12, "86->87": 1, "87->86": 12, "87->103": 1, "103->87": 12, "79->81": 1, "81->79": 12, "83->85": 1, "85->83": 12, "88->96": 6, "96->88": 6, "89->90": 1, "90->89": 12, "90->93": 1, "93->90": 12, "94->95": 2, "95->94": 3, "99->101": 1, "101->99": 12, "105->107": 1, "107->105": 12, "107->109": 1, "109->107": 12, "111->113": 1, "113->111": 12, "113->115": 1, "115->113": 12, "115->117": 1, "117->115": 12, "117->118": 1, "118->117": 12, "118->122": 1, "122->118": 12, "122->126": 1, "126->122": 12, "126->130": 1, "130->126": 12, "130->134": 1, "134->130": 12, "134->138": 1, "138->134": 12, "138->139": 1, "139->138": 12, "139->155": 1, "155->139": 12, "119->121": 1, "121->119": 12, "123->125": 1, "125->123": 12, "127->129": 1, "129->127": 12, "131->133": 1, "133->131": 12, "135->137": 1, "137->135": 12, "140->148": 6, "148->140": 6, "141->142": 1, "142->141": 12, "142->145": 1, "145->142": 12, "146->147": 2, "147->146": 3, "151->153": 1, "153->151": 12, "157->159": 1, "159->157": 12, "159->161": 1, "161->159": 12, "161->163": 1, "163->161": 12, "163->165": 1, "165->163": 12, "165->167": 1, "167->165": 12, "2->4": 2, "4->2": 3, "4->5": 2, "5->4": 3, "5->8": 2, "8->5": 3, "8->9": 2, "9->8": 3, "9->12": 2, "12->9": 3, "12->14": 2, "14->12": 3, "14->16": 2, "16->14": 3, "16->19": 2, "19->16": 3, "19->21": 2, "21->19": 3, "21->23": 2, "23->21": 3, "24->27": 2, "27->24": 3, "27->28": 2, "28->27": 3, "28->31": 2, "31->28": 3, "31->32": 2, "32->31": 3, "32->35": 2, "35->32": 3, "35->36": 2, "36->35": 3, "36->39": 2, "39->36": 3, "39->40": 2, "40->39": 3, "40->43": 2, "43->40": 3, "43->44": 2, "44->43": 3, "44->45": 2, "45->44": 3, "45->49": 2, "49->45": 3, "49->51": 2, "51->49": 3, "51->53": 2, "53->51": 3, "53->55": 2, "55->53": 3, "55->58": 2, "58->55": 3, "58->59": 2, "59->58": 3, "59->62": 2, "62->59": 3, "62->63": 2, "63->62": 3, "63->68": 2, "68->63": 3, "68->70": 2, "70->68": 3, "70->71": 2, "71->70": 3, "71->74": 2, "74->71": 3, "74->76": 2, "76->74": 3, "76->77": 2, "77->76": 3, "77->80": 2, "80->77": 3, "80->81": 2, "81->80": 3, "81->84": 2, "84->81": 3, "84->85": 2, "85->84": 3, "85->86": 2, "86->85": 3, "86->89": 2, "89->86": 3, "89->92": 2, "92->89": 3, "92->94": 2, "94->92": 3, "95->100": 2, "100->95": 3, "100->102": 2, "102->100": 3, "102->106": 2, "106->102": 3, "106->108": 2, "108->106": 3, "108->109": 2, "109->108": 3, "109->112": 2, "112->109": 3, "112->114": 2, "114->112": 3, "114->116": 2, "116->114": 3, "116->117": 2, "117->116": 3, "117->120": 2, "120->117": 3, "120->121": 2, "121->120": 3, "121->124": 2, "124->121": 3, "124->125": 2, "125->124": 3, "125->128": 2, "128->125": 3, "128->129": 2, "129->128": 3, "129->132": 2, "132->129": 3, "132->133": 2, "133->132": 3, "133->136": 2, "136->133": 3, "136->137": 2, "137->136": 3, "137->138": 2, "138->137": 3, "138->141": 2, "141->138": 3, "141->144": 2, "144->141": 3, "144->146": 2, "146->144": 3, "147->152": 2, "152->147": 3, "152->154": 2, "154->152": 3, "154->158": 2, "158->154": 3, "158->160": 2, "160->158": 3, "160->162": 2, "162->160": 3, "162->164": 2, "164->162": 3, "164->166": 2, "166->164": 3, "166->167": 2, "167->166": 3, "167->169": 2, "169->167": 3, "68->92": 4, "92->68": 5, "92->144": 4, "144->92": 5}, "metrics": [1.0, 0.0, 4.0, 4.0, 25.0, 6.0, 0.0, 0.0, 0.5, 0.0, 4.0]}