{"nodelist": ["ClassDeclaration", "{'public'}", "public", "Annotation", "XmlRootElement", "ElementValuePair", "name", "Literal", "\"TableInfo\"", "TableInfoModel", "FieldDeclaration", "{'final', 'private', 'static'}", "final", "private", "static", "BasicType", "long", "VariableDeclarator", "serialVersionUID", "Literal", "1L", "FieldDeclaration", "{'private'}", "private", "ReferenceType", "String", "VariableDeclarator", "name", "FieldDeclaration", "{'private'}", "private", "ReferenceType", "List", "TypeArgument", "ReferenceType", "TableRegionModel", "VariableDeclarator", "regions", "ClassCreator", "ReferenceType", "ArrayList", "TypeArgument", "ReferenceType", "TableRegionModel", "ConstructorDeclaration", "{'public'}", "public", "TableInfoModel", "ConstructorDeclaration", "{'public'}", "public", "TableInfoModel", "FormalParameter", "ReferenceType", "String", "name", "StatementExpression", "Assignment", "This", "MemberReference", "name", "MemberReference", "name", "=", "MethodDeclaration", "{'public'}", "public", "add", "FormalParameter", "ReferenceType", "TableRegionModel", "region", "StatementExpression", "MethodInvocation", "regions", "MemberReference", "region", "add", "MethodDeclaration", "{'public'}", "public", "ReferenceType", "TableRegionModel", "get", "FormalParameter", "BasicType", "int", "index", "ReturnStatement", "MethodInvocation", "regions", "MemberReference", "index", "get", "MethodDeclaration", "{'public'}", "public", "Annotation", "XmlAttribute", "ReferenceType", "String", "getName", "ReturnStatement", "MemberReference", "name", "MethodDeclaration", "{'public'}", "public", "Annotation", "XmlElement", "ElementValuePair", "name", "Literal", "\"Region\"", "ReferenceType", "List", "TypeArgument", "ReferenceType", "TableRegionModel", "getRegions", "ReturnStatement", "MemberReference", "regions", "MethodDeclaration", "{'public'}", "public", "setName", "FormalParameter", "ReferenceType", "String", "name", "StatementExpression", "Assignment", "This", "MemberReference", "name", "MemberReference", "name", "=", "MethodDeclaration", "{'public'}", "public", "setRegions", "FormalParameter", "ReferenceType", "List", "TypeArgument", "ReferenceType", "TableRegionModel", "regions", "StatementExpression", "Assignment", "This", "MemberReference", "regions", "MemberReference", "regions", "=", "MethodDeclaration", "{'public'}", "public", "Annotation", "Override", "ReferenceType", "String", "toString", "LocalVariableDeclaration", "ReferenceType", "StringBuilder", "VariableDeclarator", "sb", "ClassCreator", "ReferenceType", "StringBuilder", "ForStatement", "EnhancedForControl", "VariableDeclaration", "ReferenceType", "TableRegionModel", "VariableDeclarator", "aRegion", "MemberReference", "regions", "BlockStatement", "StatementExpression", "MethodInvocation", "sb", "MethodInvocation", "aRegion", "toString", "append", "StatementExpression", "MethodInvocation", "sb", "Literal", "'\\n'", "append", "ReturnStatement", "MethodInvocation", "sb", "toString", "MethodDeclaration", "{'public'}", "public", "Annotation", "Override", "BasicType", "byte", "createProtobufOutput", "LocalVariableDeclaration", "ReferenceType", "TableInfo", "ReferenceType", "Builder", "VariableDeclarator", "builder", "MethodInvocation", "TableInfo", "newBuilder", "StatementExpression", "MethodInvocation", "builder", "MemberReference", "name", "setName", "ForStatement", "EnhancedForControl", "VariableDeclaration", "ReferenceType", "TableRegionModel", "VariableDeclarator", "aRegion", "MemberReference", "regions", "BlockStatement", "LocalVariableDeclaration", "ReferenceType", "TableInfo", "ReferenceType", "Region", "ReferenceType", "Builder", "VariableDeclarator", "regionBuilder", "MethodInvocation", "TableInfo.Region", "newBuilder", "StatementExpression", "MethodInvocation", "regionBuilder", "MethodInvocation", "aRegion", "getName", "setName", "StatementExpression", "MethodInvocation", "regionBuilder", "MethodInvocation", "aRegion", "getId", "setId", "StatementExpression", "MethodInvocation", "regionBuilder", "MethodInvocation", "ByteString", "MethodInvocation", "aRegion", "getStartKey", "copyFrom", "setStartKey", "StatementExpression", "MethodInvocation", "regionBuilder", "MethodInvocation", "ByteString", "MethodInvocation", "aRegion", "getEndKey", "copyFrom", "setEndKey", "StatementExpression", "MethodInvocation", "regionBuilder", "MethodInvocation", "aRegion", "getLocation", "setLocation", "StatementExpression", "MethodInvocation", "builder", "MemberReference", "regionBuilder", "addRegions", "ReturnStatement", "MethodInvocation", "builder", "MethodInvocation", "toByteArray", "build", "MethodDeclaration", "{'public'}", "public", "Annotation", "Override", "ReferenceType", "ProtobufMessageHandler", "getObjectFromMessage", "FormalParameter", "BasicType", "byte", "message", "IOException", "LocalVariableDeclaration", "ReferenceType", "TableInfo", "ReferenceType", "Builder", "VariableDeclarator", "builder", "MethodInvocation", "TableInfo", "newBuilder", "StatementExpression", "MethodInvocation", "builder", "MemberReference", "message", "mergeFrom", "StatementExpression", "MethodInvocation", "MethodInvocation", "builder", "getName", "setName", "ForStatement", "EnhancedForControl", "VariableDeclaration", "ReferenceType", "TableInfo", "ReferenceType", "Region", "VariableDeclarator", "region", "MethodInvocation", "builder", "getRegionsList", "BlockStatement", "StatementExpression", "MethodInvocation", "ClassCreator", "ReferenceType", "TableRegionModel", "MethodInvocation", "builder", "getName", "MethodInvocation", "region", "getId", "MethodInvocation", "region", "MethodInvocation", "toByteArray", "getStartKey", "MethodInvocation", "region", "MethodInvocation", "toByteArray", "getEndKey", "MethodInvocation", "region", "getLocation", "add", "ReturnStatement", "This", "ReferenceType", "Serializable", "ReferenceType", "ProtobufMessageHandler"], "nodes": {"0": "ClassDeclaration", "1": "Modifier", "2": "public", "3": "Annotation", "4": "XmlRootElement", "5": "ElementValuePair", "6": "name", "7": "Literal", "8": "\"TableInfo\"", "9": "TableInfoModel", "10": "FieldDeclaration", "11": "Modifier", "12": "final", "13": "private", "14": "static", "15": "BasicType", "16": "long", "17": "VariableDeclarator", "18": "serialVersionUID", "19": "Literal", "20": "1L", "21": "FieldDeclaration", "22": "Modifier", "23": "private", "24": "ReferenceType", "25": "String", "26": "VariableDeclarator", "27": "name", "28": "FieldDeclaration", "29": "Modifier", "30": "private", "31": "ReferenceType", "32": "List", "33": "TypeArgument", "34": "ReferenceType", "35": "TableRegionModel", "36": "VariableDeclarator", "37": "regions", "38": "ClassCreator", "39": "ReferenceType", "40": "ArrayList", "41": "TypeArgument", "42": "ReferenceType", "43": "TableRegionModel", "44": "ConstructorDeclaration", "45": "Modifier", "46": "public", "47": "TableInfoModel", "48": "ConstructorDeclaration", "49": "Modifier", "50": "public", "51": "TableInfoModel", "52": "FormalParameter", "53": "ReferenceType", "54": "String", "55": "name", "56": "StatementExpression", "57": "Assignment", "58": "This", "59": "MemberReference", "60": "name", "61": "MemberReference", "62": "name", "63": "=", "64": "MethodDeclaration", "65": "Modifier", "66": "public", "67": "add", "68": "FormalParameter", "69": "ReferenceType", "70": "TableRegionModel", "71": "region", "72": "StatementExpression", "73": "MethodInvocation", "74": "regions", "75": "MemberReference", "76": "region", "77": "add", "78": "MethodDeclaration", "79": "Modifier", "80": "public", "81": "ReferenceType", "82": "TableRegionModel", "83": "get", "84": "FormalParameter", "85": "BasicType", "86": "int", "87": "index", "88": "ReturnStatement", "89": "MethodInvocation", "90": "regions", "91": "MemberReference", "92": "index", "93": "get", "94": "MethodDeclaration", "95": "Modifier", "96": "public", "97": "Annotation", "98": "XmlAttribute", "99": "ReferenceType", "100": "String", "101": "getName", "102": "ReturnStatement", "103": "MemberReference", "104": "name", "105": "MethodDeclaration", "106": "Modifier", "107": "public", "108": "Annotation", "109": "XmlElement", "110": "ElementValuePair", "111": "name", "112": "Literal", "113": "\"Region\"", "114": "ReferenceType", "115": "List", "116": "TypeArgument", "117": "ReferenceType", "118": "TableRegionModel", "119": "getRegions", "120": "ReturnStatement", "121": "MemberReference", "122": "regions", "123": "MethodDeclaration", "124": "Modifier", "125": "public", "126": "setName", "127": "FormalParameter", "128": "ReferenceType", "129": "String", "130": "name", "131": "StatementExpression", "132": "Assignment", "133": "This", "134": "MemberReference", "135": "name", "136": "MemberReference", "137": "name", "138": "=", "139": "MethodDeclaration", "140": "Modifier", "141": "public", "142": "setRegions", "143": "FormalParameter", "144": "ReferenceType", "145": "List", "146": "TypeArgument", "147": "ReferenceType", "148": "TableRegionModel", "149": "regions", "150": "StatementExpression", "151": "Assignment", "152": "This", "153": "MemberReference", "154": "regions", "155": "MemberReference", "156": "regions", "157": "=", "158": "MethodDeclaration", "159": "Modifier", "160": "public", "161": "Annotation", "162": "Override", "163": "ReferenceType", "164": "String", "165": "toString", "166": "LocalVariableDeclaration", "167": "ReferenceType", "168": "StringBuilder", "169": "VariableDeclarator", "170": "sb", "171": "ClassCreator", "172": "ReferenceType", "173": "StringBuilder", "174": "ForStatement", "175": "EnhancedForControl", "176": "VariableDeclaration", "177": "ReferenceType", "178": "TableRegionModel", "179": "VariableDeclarator", "180": "aRegion", "181": "MemberReference", "182": "regions", "183": "BlockStatement", "184": "StatementExpression", "185": "MethodInvocation", "186": "sb", "187": "MethodInvocation", "188": "aRegion", "189": "toString", "190": "append", "191": "StatementExpression", "192": "MethodInvocation", "193": "sb", "194": "Literal", "195": "'\\n'", "196": "append", "197": "ReturnStatement", "198": "MethodInvocation", "199": "sb", "200": "toString", "201": "MethodDeclaration", "202": "Modifier", "203": "public", "204": "Annotation", "205": "Override", "206": "BasicType", "207": "byte", "208": "createProtobufOutput", "209": "LocalVariableDeclaration", "210": "ReferenceType", "211": "TableInfo", "212": "ReferenceType", "213": "Builder", "214": "VariableDeclarator", "215": "builder", "216": "MethodInvocation", "217": "TableInfo", "218": "newBuilder", "219": "StatementExpression", "220": "MethodInvocation", "221": "builder", "222": "MemberReference", "223": "name", "224": "setName", "225": "ForStatement", "226": "EnhancedForControl", "227": "VariableDeclaration", "228": "ReferenceType", "229": "TableRegionModel", "230": "VariableDeclarator", "231": "aRegion", "232": "MemberReference", "233": "regions", "234": "BlockStatement", "235": "LocalVariableDeclaration", "236": "ReferenceType", "237": "TableInfo", "238": "ReferenceType", "239": "Region", "240": "ReferenceType", "241": "Builder", "242": "VariableDeclarator", "243": "regionBuilder", "244": "MethodInvocation", "245": "TableInfo.Region", "246": "newBuilder", "247": "StatementExpression", "248": "MethodInvocation", "249": "regionBuilder", "250": "MethodInvocation", "251": "aRegion", "252": "getName", "253": "setName", "254": "StatementExpression", "255": "MethodInvocation", "256": "regionBuilder", "257": "MethodInvocation", "258": "aRegion", "259": "getId", "260": "setId", "261": "StatementExpression", "262": "MethodInvocation", "263": "regionBuilder", "264": "MethodInvocation", "265": "ByteString", "266": "MethodInvocation", "267": "aRegion", "268": "getStartKey", "269": "copyFrom", "270": "setStartKey", "271": "StatementExpression", "272": "MethodInvocation", "273": "regionBuilder", "274": "MethodInvocation", "275": "ByteString", "276": "MethodInvocation", "277": "aRegion", "278": "getEndKey", "279": "copyFrom", "280": "setEndKey", "281": "StatementExpression", "282": "MethodInvocation", "283": "regionBuilder", "284": "MethodInvocation", "285": "aRegion", "286": "getLocation", "287": "setLocation", "288": "StatementExpression", "289": "MethodInvocation", "290": "builder", "291": "MemberReference", "292": "regionBuilder", "293": "addRegions", "294": "ReturnStatement", "295": "MethodInvocation", "296": "builder", "297": "MethodInvocation", "298": "toByteArray", "299": "build", "300": "MethodDeclaration", "301": "Modifier", "302": "public", "303": "Annotation", "304": "Override", "305": "ReferenceType", "306": "ProtobufMessageHandler", "307": "getObjectFromMessage", "308": "FormalParameter", "309": "BasicType", "310": "byte", "311": "message", "312": "IOException", "313": "LocalVariableDeclaration", "314": "ReferenceType", "315": "TableInfo", "316": "ReferenceType", "317": "Builder", "318": "VariableDeclarator", "319": "builder", "320": "MethodInvocation", "321": "TableInfo", "322": "newBuilder", "323": "StatementExpression", "324": "MethodInvocation", "325": "builder", "326": "MemberReference", "327": "message", "328": "mergeFrom", "329": "StatementExpression", "330": "MethodInvocation", "331": "MethodInvocation", "332": "builder", "333": "getName", "334": "setName", "335": "ForStatement", "336": "EnhancedForControl", "337": "VariableDeclaration", "338": "ReferenceType", "339": "TableInfo", "340": "ReferenceType", "341": "Region", "342": "VariableDeclarator", "343": "region", "344": "MethodInvocation", "345": "builder", "346": "getRegionsList", "347": "BlockStatement", "348": "StatementExpression", "349": "MethodInvocation", "350": "ClassCreator", "351": "ReferenceType", "352": "TableRegionModel", "353": "MethodInvocation", "354": "builder", "355": "getName", "356": "MethodInvocation", "357": "region", "358": "getId", "359": "MethodInvocation", "360": "region", "361": "MethodInvocation", "362": "toByteArray", "363": "getStartKey", "364": "MethodInvocation", "365": "region", "366": "MethodInvocation", "367": "toByteArray", "368": "getEndKey", "369": "MethodInvocation", "370": "region", "371": "getLocation", "372": "add", "373": "ReturnStatement", "374": "This", "375": "ReferenceType", "376": "Serializable", "377": "ReferenceType", "378": "ProtobufMessageHandler"}, "edges": {"0->1": 0, "1->0": 0, "1->2": 0, "2->1": 0, "0->3": 0, "3->0": 0, "3->4": 0, "4->3": 0, "3->5": 0, "5->3": 0, "5->6": 0, "6->5": 0, "5->7": 0, "7->5": 0, "7->8": 0, "8->7": 0, "0->9": 0, "9->0": 0, "0->10": 0, "10->0": 0, "10->11": 0, "11->10": 0, "11->12": 0, "12->11": 0, "11->13": 0, "13->11": 0, "11->14": 0, "14->11": 0, "10->15": 0, "15->10": 0, "15->16": 0, "16->15": 0, "10->17": 0, "17->10": 0, "17->18": 0, "18->17": 0, "17->19": 0, "19->17": 0, "19->20": 0, "20->19": 0, "0->21": 0, "21->0": 0, "21->22": 0, "22->21": 0, "22->23": 0, "23->22": 0, "21->24": 0, "24->21": 0, "24->25": 0, "25->24": 0, "21->26": 0, "26->21": 0, "26->27": 0, "27->26": 0, "0->28": 0, "28->0": 0, "28->29": 0, "29->28": 0, "29->30": 0, "30->29": 0, "28->31": 0, "31->28": 0, "31->32": 0, "32->31": 0, "31->33": 0, "33->31": 0, "33->34": 0, "34->33": 0, "34->35": 0, "35->34": 0, "28->36": 0, "36->28": 0, "36->37": 0, "37->36": 0, "36->38": 0, "38->36": 0, "38->39": 0, "39->38": 0, "39->40": 0, "40->39": 0, "39->41": 0, "41->39": 0, "41->42": 0, "42->41": 0, "42->43": 0, "43->42": 0, "0->44": 0, "44->0": 0, "44->45": 0, "45->44": 0, "45->46": 0, "46->45": 0, "44->47": 0, "47->44": 0, "0->48": 0, "48->0": 0, "48->49": 0, "49->48": 0, "49->50": 0, "50->49": 0, "48->51": 0, "51->48": 0, "48->52": 0, "52->48": 0, "52->53": 0, "53->52": 0, "53->54": 0, "54->53": 0, "52->55": 0, "55->52": 0, "48->56": 0, "56->48": 0, "56->57": 0, "57->56": 0, "57->58": 0, "58->57": 0, "58->59": 0, "59->58": 0, "59->60": 0, "60->59": 0, "57->61": 0, "61->57": 0, "61->62": 0, "62->61": 0, "57->63": 0, "63->57": 0, "0->64": 0, "64->0": 0, "64->65": 0, "65->64": 0, "65->66": 0, "66->65": 0, "64->67": 0, "67->64": 0, "64->68": 0, "68->64": 0, "68->69": 0, "69->68": 0, "69->70": 0, "70->69": 0, "68->71": 0, "71->68": 0, "64->72": 0, "72->64": 0, "72->73": 0, "73->72": 0, "73->74": 0, "74->73": 0, "73->75": 0, "75->73": 0, "75->76": 0, "76->75": 0, "73->77": 0, "77->73": 0, "0->78": 0, "78->0": 0, "78->79": 0, "79->78": 0, "79->80": 0, "80->79": 0, "78->81": 0, "81->78": 0, "81->82": 0, "82->81": 0, "78->83": 0, "83->78": 0, "78->84": 0, "84->78": 0, "84->85": 0, "85->84": 0, "85->86": 0, "86->85": 0, "84->87": 0, "87->84": 0, "78->88": 0, "88->78": 0, "88->89": 0, "89->88": 0, "89->90": 0, "90->89": 0, "89->91": 0, "91->89": 0, "91->92": 0, "92->91": 0, "89->93": 0, "93->89": 0, "0->94": 0, "94->0": 0, "94->95": 0, "95->94": 0, "95->96": 0, "96->95": 0, "94->97": 0, "97->94": 0, "97->98": 0, "98->97": 0, "94->99": 0, "99->94": 0, "99->100": 0, "100->99": 0, "94->101": 0, "101->94": 0, "94->102": 0, "102->94": 0, "102->103": 0, "103->102": 0, "103->104": 0, "104->103": 0, "0->105": 0, "105->0": 0, "105->106": 0, "106->105": 0, "106->107": 0, "107->106": 0, "105->108": 0, "108->105": 0, "108->109": 0, "109->108": 0, "108->110": 0, "110->108": 0, "110->111": 0, "111->110": 0, "110->112": 0, "112->110": 0, "112->113": 0, "113->112": 0, "105->114": 0, "114->105": 0, "114->115": 0, "115->114": 0, "114->116": 0, "116->114": 0, "116->117": 0, "117->116": 0, "117->118": 0, "118->117": 0, "105->119": 0, "119->105": 0, "105->120": 0, "120->105": 0, "120->121": 0, "121->120": 0, "121->122": 0, "122->121": 0, "0->123": 0, "123->0": 0, "123->124": 0, "124->123": 0, "124->125": 0, "125->124": 0, "123->126": 0, "126->123": 0, "123->127": 0, "127->123": 0, "127->128": 0, "128->127": 0, "128->129": 0, "129->128": 0, "127->130": 0, "130->127": 0, "123->131": 0, "131->123": 0, "131->132": 0, "132->131": 0, "132->133": 0, "133->132": 0, "133->134": 0, "134->133": 0, "134->135": 0, "135->134": 0, "132->136": 0, "136->132": 0, "136->137": 0, "137->136": 0, "132->138": 0, "138->132": 0, "0->139": 0, "139->0": 0, "139->140": 0, "140->139": 0, "140->141": 0, "141->140": 0, "139->142": 0, "142->139": 0, "139->143": 0, "143->139": 0, "143->144": 0, "144->143": 0, "144->145": 0, "145->144": 0, "144->146": 0, "146->144": 0, "146->147": 0, "147->146": 0, "147->148": 0, "148->147": 0, "143->149": 0, "149->143": 0, "139->150": 0, "150->139": 0, "150->151": 0, "151->150": 0, "151->152": 0, "152->151": 0, "152->153": 0, "153->152": 0, "153->154": 0, "154->153": 0, "151->155": 0, "155->151": 0, "155->156": 0, "156->155": 0, "151->157": 0, "157->151": 0, "0->158": 0, "158->0": 0, "158->159": 0, "159->158": 0, "159->160": 0, "160->159": 0, "158->161": 0, "161->158": 0, "161->162": 0, "162->161": 0, "158->163": 0, "163->158": 0, "163->164": 0, "164->163": 0, "158->165": 0, "165->158": 0, "158->166": 0, "166->158": 0, "166->167": 0, "167->166": 0, "167->168": 0, "168->167": 0, "166->169": 0, "169->166": 0, "169->170": 0, "170->169": 0, "169->171": 0, "171->169": 0, "171->172": 0, "172->171": 0, "172->173": 0, "173->172": 0, "158->174": 0, "174->158": 0, "174->175": 0, "175->174": 0, "175->176": 0, "176->175": 0, "176->177": 0, "177->176": 0, "177->178": 0, "178->177": 0, "176->179": 0, "179->176": 0, "179->180": 0, "180->179": 0, "175->181": 0, "181->175": 0, "181->182": 0, "182->181": 0, "174->183": 0, "183->174": 0, "183->184": 0, "184->183": 0, "184->185": 0, "185->184": 0, "185->186": 0, "186->185": 0, "185->187": 0, "187->185": 0, "187->188": 0, "188->187": 0, "187->189": 0, "189->187": 0, "185->190": 0, "190->185": 0, "183->191": 0, "191->183": 0, "191->192": 0, "192->191": 0, "192->193": 0, "193->192": 0, "192->194": 0, "194->192": 0, "194->195": 0, "195->194": 0, "192->196": 0, "196->192": 0, "158->197": 0, "197->158": 0, "197->198": 0, "198->197": 0, "198->199": 0, "199->198": 0, "198->200": 0, "200->198": 0, "0->201": 0, "201->0": 0, "201->202": 0, "202->201": 0, "202->203": 0, "203->202": 0, "201->204": 0, "204->201": 0, "204->205": 0, "205->204": 0, "201->206": 0, "206->201": 0, "206->207": 0, "207->206": 0, "201->208": 0, "208->201": 0, "201->209": 0, "209->201": 0, "209->210": 0, "210->209": 0, "210->211": 0, "211->210": 0, "210->212": 0, "212->210": 0, "212->213": 0, "213->212": 0, "209->214": 0, "214->209": 0, "214->215": 0, "215->214": 0, "214->216": 0, "216->214": 0, "216->217": 0, "217->216": 0, "216->218": 0, "218->216": 0, "201->219": 0, "219->201": 0, "219->220": 0, "220->219": 0, "220->221": 0, "221->220": 0, "220->222": 0, "222->220": 0, "222->223": 0, "223->222": 0, "220->224": 0, "224->220": 0, "201->225": 0, "225->201": 0, "225->226": 0, "226->225": 0, "226->227": 0, "227->226": 0, "227->228": 0, "228->227": 0, "228->229": 0, "229->228": 0, "227->230": 0, "230->227": 0, "230->231": 0, "231->230": 0, "226->232": 0, "232->226": 0, "232->233": 0, "233->232": 0, "225->234": 0, "234->225": 0, "234->235": 0, "235->234": 0, "235->236": 0, "236->235": 0, "236->237": 0, "237->236": 0, "236->238": 0, "238->236": 0, "238->239": 0, "239->238": 0, "238->240": 0, "240->238": 0, "240->241": 0, "241->240": 0, "235->242": 0, "242->235": 0, "242->243": 0, "243->242": 0, "242->244": 0, "244->242": 0, "244->245": 0, "245->244": 0, "244->246": 0, "246->244": 0, "234->247": 0, "247->234": 0, "247->248": 0, "248->247": 0, "248->249": 0, "249->248": 0, "248->250": 0, "250->248": 0, "250->251": 0, "251->250": 0, "250->252": 0, "252->250": 0, "248->253": 0, "253->248": 0, "234->254": 0, "254->234": 0, "254->255": 0, "255->254": 0, "255->256": 0, "256->255": 0, "255->257": 0, "257->255": 0, "257->258": 0, "258->257": 0, "257->259": 0, "259->257": 0, "255->260": 0, "260->255": 0, "234->261": 0, "261->234": 0, "261->262": 0, "262->261": 0, "262->263": 0, "263->262": 0, "262->264": 0, "264->262": 0, "264->265": 0, "265->264": 0, "264->266": 0, "266->264": 0, "266->267": 0, "267->266": 0, "266->268": 0, "268->266": 0, "264->269": 0, "269->264": 0, "262->270": 0, "270->262": 0, "234->271": 0, "271->234": 0, "271->272": 0, "272->271": 0, "272->273": 0, "273->272": 0, "272->274": 0, "274->272": 0, "274->275": 0, "275->274": 0, "274->276": 0, "276->274": 0, "276->277": 0, "277->276": 0, "276->278": 0, "278->276": 0, "274->279": 0, "279->274": 0, "272->280": 0, "280->272": 0, "234->281": 0, "281->234": 0, "281->282": 0, "282->281": 0, "282->283": 0, "283->282": 0, "282->284": 0, "284->282": 0, "284->285": 0, "285->284": 0, "284->286": 0, "286->284": 0, "282->287": 0, "287->282": 0, "234->288": 0, "288->234": 0, "288->289": 0, "289->288": 0, "289->290": 0, "290->289": 0, "289->291": 0, "291->289": 0, "291->292": 0, "292->291": 0, "289->293": 0, "293->289": 0, "201->294": 0, "294->201": 0, "294->295": 0, "295->294": 0, "295->296": 0, "296->295": 0, "295->297": 0, "297->295": 0, "297->298": 0, "298->297": 0, "295->299": 0, "299->295": 0, "0->300": 0, "300->0": 0, "300->301": 0, "301->300": 0, "301->302": 0, "302->301": 0, "300->303": 0, "303->300": 0, "303->304": 0, "304->303": 0, "300->305": 0, "305->300": 0, "305->306": 0, "306->305": 0, "300->307": 0, "307->300": 0, "300->308": 0, "308->300": 0, "308->309": 0, "309->308": 0, "309->310": 0, "310->309": 0, "308->311": 0, "311->308": 0, "300->312": 0, "312->300": 0, "300->313": 0, "313->300": 0, "313->314": 0, "314->313": 0, "314->315": 0, "315->314": 0, "314->316": 0, "316->314": 0, "316->317": 0, "317->316": 0, "313->318": 0, "318->313": 0, "318->319": 0, "319->318": 0, "318->320": 0, "320->318": 0, "320->321": 0, "321->320": 0, "320->322": 0, "322->320": 0, "300->323": 0, "323->300": 0, "323->324": 0, "324->323": 0, "324->325": 0, "325->324": 0, "324->326": 0, "326->324": 0, "326->327": 0, "327->326": 0, "324->328": 0, "328->324": 0, "300->329": 0, "329->300": 0, "329->330": 0, "330->329": 0, "330->331": 0, "331->330": 0, "331->332": 0, "332->331": 0, "331->333": 0, "333->331": 0, "330->334": 0, "334->330": 0, "300->335": 0, "335->300": 0, "335->336": 0, "336->335": 0, "336->337": 0, "337->336": 0, "337->338": 0, "338->337": 0, "338->339": 0, "339->338": 0, "338->340": 0, "340->338": 0, "340->341": 0, "341->340": 0, "337->342": 0, "342->337": 0, "342->343": 0, "343->342": 0, "336->344": 0, "344->336": 0, "344->345": 0, "345->344": 0, "344->346": 0, "346->344": 0, "335->347": 0, "347->335": 0, "347->348": 0, "348->347": 0, "348->349": 0, "349->348": 0, "349->350": 0, "350->349": 0, "350->351": 0, "351->350": 0, "351->352": 0, "352->351": 0, "350->353": 0, "353->350": 0, "353->354": 0, "354->353": 0, "353->355": 0, "355->353": 0, "350->356": 0, "356->350": 0, "356->357": 0, "357->356": 0, "356->358": 0, "358->356": 0, "350->359": 0, "359->350": 0, "359->360": 0, "360->359": 0, "359->361": 0, "361->359": 0, "361->362": 0, "362->361": 0, "359->363": 0, "363->359": 0, "350->364": 0, "364->350": 0, "364->365": 0, "365->364": 0, "364->366": 0, "366->364": 0, "366->367": 0, "367->366": 0, "364->368": 0, "368->364": 0, "350->369": 0, "369->350": 0, "369->370": 0, "370->369": 0, "369->371": 0, "371->369": 0, "349->372": 0, "372->349": 0, "300->373": 0, "373->300": 0, "373->374": 0, "374->373": 0, "0->375": 0, "375->0": 0, "375->376": 0, "376->375": 0, "0->377": 0, "377->0": 0, "377->378": 0, "378->377": 0, "1->3": 1, "3->1": 12, "3->9": 1, "9->3": 12, "9->10": 1, "10->9": 12, "10->21": 1, "21->10": 12, "21->28": 1, "28->21": 12, "28->44": 1, "44->28": 12, "44->48": 1, "48->44": 12, "48->64": 1, "64->48": 12, "64->78": 1, "78->64": 12, "78->94": 1, "94->78": 12, "94->105": 1, "105->94": 12, "105->123": 1, "123->105": 12, "123->139": 1, "139->123": 12, "139->158": 1, "158->139": 12, "158->201": 1, "201->158": 12, "201->300": 1, "300->201": 12, "300->375": 1, "375->300": 12, "375->377": 1, "377->375": 12, "4->5": 1, "5->4": 12, "6->7": 1, "7->6": 12, "11->15": 1, "15->11": 12, "15->17": 1, "17->15": 12, "12->13": 2, "13->12": 3, "13->14": 2, "14->13": 3, "18->19": 1, "19->18": 12, "22->24": 1, "24->22": 12, "24->26": 1, "26->24": 12, "29->31": 1, "31->29": 12, "31->36": 1, "36->31": 12, "32->33": 1, "33->32": 12, "37->38": 1, "38->37": 12, "40->41": 1, "41->40": 12, "45->47": 1, "47->45": 12, "49->51": 1, "51->49": 12, "51->52": 1, "52->51": 12, "52->56": 1, "56->52": 12, "53->55": 1, "55->53": 12, "58->61": 1, "61->58": 12, "61->63": 1, "63->61": 12, "65->67": 1, "67->65": 12, "67->68": 1, "68->67": 12, "68->72": 1, "72->68": 12, "69->71": 1, "71->69": 12, "74->75": 1, "75->74": 12, "75->77": 1, "77->75": 12, "79->81": 1, "81->79": 12, "81->83": 1, "83->81": 12, "83->84": 1, "84->83": 12, "84->88": 1, "88->84": 12, "85->87": 1, "87->85": 12, "90->91": 1, "91->90": 12, "91->93": 1, "93->91": 12, "95->97": 1, "97->95": 12, "97->99": 1, "99->97": 12, "99->101": 1, "101->99": 12, "101->102": 1, "102->101": 12, "106->108": 1, "108->106": 12, "108->114": 1, "114->108": 12, "114->119": 1, "119->114": 12, "119->120": 1, "120->119": 12, "109->110": 1, "110->109": 12, "111->112": 1, "112->111": 12, "115->116": 1, "116->115": 12, "124->126": 1, "126->124": 12, "126->127": 1, "127->126": 12, "127->131": 1, "131->127": 12, "128->130": 1, "130->128": 12, "133->136": 1, "136->133": 12, "136->138": 1, "138->136": 12, "140->142": 1, "142->140": 12, "142->143": 1, "143->142": 12, "143->150": 1, "150->143": 12, "144->149": 1, "149->144": 12, "145->146": 1, "146->145": 12, "152->155": 1, "155->152": 12, "155->157": 1, "157->155": 12, "159->161": 1, "161->159": 12, "161->163": 1, "163->161": 12, "163->165": 1, "165->163": 12, "165->166": 1, "166->165": 12, "166->174": 1, "174->166": 12, "174->197": 1, "197->174": 12, "167->169": 1, "169->167": 12, "170->171": 1, "171->170": 12, "175->183": 9, "183->175": 9, "176->181": 1, "181->176": 12, "177->179": 1, "179->177": 12, "184->191": 10, "191->184": 11, "186->187": 1, "187->186": 12, "187->190": 1, "190->187": 12, "188->189": 2, "189->188": 3, "193->194": 1, "194->193": 12, "194->196": 1, "196->194": 12, "199->200": 2, "200->199": 3, "202->204": 1, "204->202": 12, "204->206": 1, "206->204": 12, "206->208": 1, "208->206": 12, "208->209": 1, "209->208": 12, "209->219": 1, "219->209": 12, "219->225": 1, "225->219": 12, "225->294": 1, "294->225": 12, "210->214": 1, "214->210": 12, "211->212": 1, "212->211": 12, "215->216": 1, "216->215": 12, "217->218": 2, "218->217": 3, "221->222": 1, "222->221": 12, "222->224": 1, "224->222": 12, "226->234": 9, "234->226": 9, "227->232": 1, "232->227": 12, "228->230": 1, "230->228": 12, "235->247": 10, "247->235": 11, "247->254": 10, "254->247": 11, "254->261": 10, "261->254": 11, "261->271": 10, "271->261": 11, "271->281": 10, "281->271": 11, "281->288": 10, "288->281": 11, "236->242": 1, "242->236": 12, "237->238": 1, "238->237": 12, "239->240": 1, "240->239": 12, "243->244": 1, "244->243": 12, "245->246": 2, "246->245": 3, "249->250": 1, "250->249": 12, "250->253": 1, "253->250": 12, "251->252": 2, "252->251": 3, "256->257": 1, "257->256": 12, "257->260": 1, "260->257": 12, "258->259": 2, "259->258": 3, "263->264": 1, "264->263": 12, "264->270": 1, "270->264": 12, "265->266": 1, "266->265": 12, "266->269": 1, "269->266": 12, "267->268": 2, "268->267": 3, "273->274": 1, "274->273": 12, "274->280": 1, "280->274": 12, "275->276": 1, "276->275": 12, "276->279": 1, "279->276": 12, "277->278": 2, "278->277": 3, "283->284": 1, "284->283": 12, "284->287": 1, "287->284": 12, "285->286": 2, "286->285": 3, "290->291": 1, "291->290": 12, "291->293": 1, "293->291": 12, "296->297": 1, "297->296": 12, "297->299": 1, "299->297": 12, "301->303": 1, "303->301": 12, "303->305": 1, "305->303": 12, "305->307": 1, "307->305": 12, "307->308": 1, "308->307": 12, "308->312": 1, "312->308": 12, "312->313": 1, "313->312": 12, "313->323": 1, "323->313": 12, "323->329": 1, "329->323": 12, "329->335": 1, "335->329": 12, "335->373": 1, "373->335": 12, "309->311": 1, "311->309": 12, "314->318": 1, "318->314": 12, "315->316": 1, "316->315": 12, "319->320": 1, "320->319": 12, "321->322": 2, "322->321": 3, "325->326": 1, "326->325": 12, "326->328": 1, "328->326": 12, "331->334": 1, "334->331": 12, "332->333": 2, "333->332": 3, "336->347": 9, "347->336": 9, "337->344": 1, "344->337": 12, "338->342": 1, "342->338": 12, "339->340": 1, "340->339": 12, "345->346": 2, "346->345": 3, "350->372": 1, "372->350": 12, "351->353": 1, "353->351": 12, "353->356": 1, "356->353": 12, "356->359": 1, "359->356": 12, "359->364": 1, "364->359": 12, "364->369": 1, "369->364": 12, "354->355": 2, "355->354": 3, "357->358": 2, "358->357": 3, "360->361": 1, "361->360": 12, "361->363": 1, "363->361": 12, "365->366": 1, "366->365": 12, "366->368": 1, "368->366": 12, "370->371": 2, "371->370": 3, "2->4": 2, "4->2": 3, "4->6": 2, "6->4": 3, "6->8": 2, "8->6": 3, "8->9": 2, "9->8": 3, "9->12": 2, "12->9": 3, "14->16": 2, "16->14": 3, "16->18": 2, "18->16": 3, "18->20": 2, "20->18": 3, "20->23": 2, "23->20": 3, "23->25": 2, "25->23": 3, "25->27": 2, "27->25": 3, "27->30": 2, "30->27": 3, "30->32": 2, "32->30": 3, "32->35": 2, "35->32": 3, "35->37": 2, "37->35": 3, "37->40": 2, "40->37": 3, "40->43": 2, "43->40": 3, "43->46": 2, "46->43": 3, "46->47": 2, "47->46": 3, "47->50": 2, "50->47": 3, "50->51": 2, "51->50": 3, "51->54": 2, "54->51": 3, "54->55": 2, "55->54": 3, "55->60": 2, "60->55": 3, "60->62": 4, "62->60": 5, "62->63": 2, "63->62": 3, "63->66": 2, "66->63": 3, "66->67": 2, "67->66": 3, "67->70": 2, "70->67": 3, "70->71": 2, "71->70": 3, "71->74": 2, "74->71": 3, "74->76": 2, "76->74": 3, "76->77": 2, "77->76": 3, "77->80": 2, "80->77": 3, "80->82": 2, "82->80": 3, "82->83": 2, "83->82": 3, "83->86": 2, "86->83": 3, "86->87": 2, "87->86": 3, "87->90": 2, "90->87": 3, "90->92": 2, "92->90": 3, "92->93": 2, "93->92": 3, "93->96": 2, "96->93": 3, "96->98": 2, "98->96": 3, "98->100": 2, "100->98": 3, "100->101": 2, "101->100": 3, "101->104": 2, "104->101": 3, "104->107": 2, "107->104": 3, "107->109": 2, "109->107": 3, "109->111": 2, "111->109": 3, "111->113": 2, "113->111": 3, "113->115": 2, "115->113": 3, "115->118": 2, "118->115": 3, "118->119": 2, "119->118": 3, "119->122": 2, "122->119": 3, "122->125": 2, "125->122": 3, "125->126": 2, "126->125": 3, "126->129": 2, "129->126": 3, "129->130": 2, "130->129": 3, "130->135": 2, "135->130": 3, "135->137": 4, "137->135": 5, "137->138": 2, "138->137": 3, "138->141": 2, "141->138": 3, "141->142": 2, "142->141": 3, "142->145": 2, "145->142": 3, "145->148": 2, "148->145": 3, "148->149": 2, "149->148": 3, "149->154": 2, "154->149": 3, "154->156": 4, "156->154": 5, "156->157": 2, "157->156": 3, "157->160": 2, "160->157": 3, "160->162": 2, "162->160": 3, "162->164": 2, "164->162": 3, "164->165": 2, "165->164": 3, "165->168": 2, "168->165": 3, "168->170": 2, "170->168": 3, "170->173": 2, "173->170": 3, "173->178": 2, "178->173": 3, "178->180": 2, "180->178": 3, "180->182": 2, "182->180": 3, "182->186": 2, "186->182": 3, "186->188": 2, "188->186": 3, "189->190": 2, "190->189": 3, "190->193": 2, "193->190": 3, "193->195": 2, "195->193": 3, "195->196": 2, "196->195": 3, "196->199": 2, "199->196": 3, "200->203": 2, "203->200": 3, "203->205": 2, "205->203": 3, "205->207": 2, "207->205": 3, "207->208": 2, "208->207": 3, "208->211": 2, "211->208": 3, "211->213": 2, "213->211": 3, "213->215": 2, "215->213": 3, "215->217": 2, "217->215": 3, "218->221": 2, "221->218": 3, "221->223": 2, "223->221": 3, "223->224": 2, "224->223": 3, "224->229": 2, "229->224": 3, "229->231": 2, "231->229": 3, "231->233": 2, "233->231": 3, "233->237": 2, "237->233": 3, "237->239": 2, "239->237": 3, "239->241": 2, "241->239": 3, "241->243": 2, "243->241": 3, "243->245": 2, "245->243": 3, "246->249": 2, "249->246": 3, "249->251": 2, "251->249": 3, "252->253": 2, "253->252": 3, "253->256": 2, "256->253": 3, "256->258": 2, "258->256": 3, "259->260": 2, "260->259": 3, "260->263": 2, "263->260": 3, "263->265": 2, "265->263": 3, "265->267": 2, "267->265": 3, "268->269": 2, "269->268": 3, "269->270": 2, "270->269": 3, "270->273": 2, "273->270": 3, "273->275": 2, "275->273": 3, "275->277": 2, "277->275": 3, "278->279": 2, "279->278": 3, "279->280": 2, "280->279": 3, "280->283": 2, "283->280": 3, "283->285": 2, "285->283": 3, "286->287": 2, "287->286": 3, "287->290": 2, "290->287": 3, "290->292": 2, "292->290": 3, "292->293": 2, "293->292": 3, "293->296": 2, "296->293": 3, "296->298": 2, "298->296": 3, "298->299": 2, "299->298": 3, "299->302": 2, "302->299": 3, "302->304": 2, "304->302": 3, "304->306": 2, "306->304": 3, "306->307": 2, "307->306": 3, "307->310": 2, "310->307": 3, "310->311": 2, "311->310": 3, "311->312": 2, "312->311": 3, "312->315": 2, "315->312": 3, "315->317": 2, "317->315": 3, "317->319": 2, "319->317": 3, "319->321": 2, "321->319": 3, "322->325": 2, "325->322": 3, "325->327": 2, "327->325": 3, "327->328": 2, "328->327": 3, "328->332": 2, "332->328": 3, "333->334": 2, "334->333": 3, "334->339": 2, "339->334": 3, "339->341": 2, "341->339": 3, "341->343": 2, "343->341": 3, "343->345": 2, "345->343": 3, "346->352": 2, "352->346": 3, "352->354": 2, "354->352": 3, "355->357": 2, "357->355": 3, "358->360": 2, "360->358": 3, "360->362": 2, "362->360": 3, "362->363": 2, "363->362": 3, "363->365": 2, "365->363": 3, "365->367": 2, "367->365": 3, "367->368": 2, "368->367": 3, "368->370": 2, "370->368": 3, "371->372": 2, "372->371": 3, "372->374": 2, "374->372": 3, "374->376": 2, "376->374": 3, "376->378": 2, "378->376": 3, "62->104": 4, "104->62": 5, "104->135": 4, "135->104": 5, "137->223": 4, "223->137": 5, "122->154": 4, "154->122": 5, "156->182": 4, "182->156": 5, "182->233": 4, "233->182": 5}, "metrics": [3.0, 0.0, 11.0, 11.0, 89.0, 14.0, 0.0, 0.0, 0.2727272727272727, 0.0, 1.0]}