{"nodelist": ["ClassDeclaration", "{'public', 'static'}", "public", "static", "Annotation", "InterfaceAudience.Private", "ThrowableWithExtraContext", "FieldDeclaration", "{'final', 'private'}", "final", "private", "ReferenceType", "Throwable", "VariableDeclarator", "t", "FieldDeclaration", "{'final', 'private'}", "final", "private", "BasicType", "long", "VariableDeclarator", "when", "FieldDeclaration", "{'final', 'private'}", "final", "private", "ReferenceType", "String", "VariableDeclarator", "extras", "ConstructorDeclaration", "{'public'}", "public", "ThrowableWithExtraContext", "FormalParameter", "{'final'}", "final", "ReferenceType", "Throwable", "t", "FormalParameter", "{'final'}", "final", "BasicType", "long", "when", "FormalParameter", "{'final'}", "final", "ReferenceType", "String", "extras", "StatementExpression", "Assignment", "This", "MemberReference", "t", "MemberReference", "t", "=", "StatementExpression", "Assignment", "This", "MemberReference", "when", "MemberReference", "when", "=", "StatementExpression", "Assignment", "This", "MemberReference", "extras", "MemberReference", "extras", "=", "MethodDeclaration", "{'public'}", "public", "Annotation", "Override", "ReferenceType", "String", "toString", "ReturnStatement", "BinaryOperation", "+", "BinaryOperation", "+", "BinaryOperation", "+", "BinaryOperation", "+", "ClassCreator", "MethodInvocation", "toString", "ReferenceType", "Date", "This", "MemberReference", "when", "Literal", "\", \"", "MemberReference", "extras", "Literal", "\", \"", "MethodInvocation", "t", "toString"], "nodes": {"0": "ClassDeclaration", "1": "Modifier", "2": "public", "3": "static", "4": "Annotation", "5": "InterfaceAudience.Private", "6": "ThrowableWithExtraContext", "7": "FieldDeclaration", "8": "Modifier", "9": "final", "10": "private", "11": "ReferenceType", "12": "Throwable", "13": "VariableDeclarator", "14": "t", "15": "FieldDeclaration", "16": "Modifier", "17": "final", "18": "private", "19": "BasicType", "20": "long", "21": "VariableDeclarator", "22": "when", "23": "FieldDeclaration", "24": "Modifier", "25": "final", "26": "private", "27": "ReferenceType", "28": "String", "29": "VariableDeclarator", "30": "extras", "31": "ConstructorDeclaration", "32": "Modifier", "33": "public", "34": "ThrowableWithExtraContext", "35": "FormalParameter", "36": "Modifier", "37": "final", "38": "ReferenceType", "39": "Throwable", "40": "t", "41": "FormalParameter", "42": "Modifier", "43": "final", "44": "BasicType", "45": "long", "46": "when", "47": "FormalParameter", "48": "Modifier", "49": "final", "50": "ReferenceType", "51": "String", "52": "extras", "53": "StatementExpression", "54": "Assignment", "55": "This", "56": "MemberReference", "57": "t", "58": "MemberReference", "59": "t", "60": "=", "61": "StatementExpression", "62": "Assignment", "63": "This", "64": "MemberReference", "65": "when", "66": "MemberReference", "67": "when", "68": "=", "69": "StatementExpression", "70": "Assignment", "71": "This", "72": "MemberReference", "73": "extras", "74": "MemberReference", "75": "extras", "76": "=", "77": "MethodDeclaration", "78": "Modifier", "79": "public", "80": "Annotation", "81": "Override", "82": "ReferenceType", "83": "String", "84": "toString", "85": "ReturnStatement", "86": "BinaryOperation", "87": "+", "88": "BinaryOperation", "89": "+", "90": "BinaryOperation", "91": "+", "92": "BinaryOperation", "93": "+", "94": "ClassCreator", "95": "MethodInvocation", "96": "toString", "97": "ReferenceType", "98": "Date", "99": "This", "100": "MemberReference", "101": "when", "102": "Literal", "103": "\", \"", "104": "MemberReference", "105": "extras", "106": "Literal", "107": "\", \"", "108": "MethodInvocation", "109": "t", "110": "toString"}, "edges": {"0->1": 0, "1->0": 0, "1->2": 0, "2->1": 0, "1->3": 0, "3->1": 0, "0->4": 0, "4->0": 0, "4->5": 0, "5->4": 0, "0->6": 0, "6->0": 0, "0->7": 0, "7->0": 0, "7->8": 0, "8->7": 0, "8->9": 0, "9->8": 0, "8->10": 0, "10->8": 0, "7->11": 0, "11->7": 0, "11->12": 0, "12->11": 0, "7->13": 0, "13->7": 0, "13->14": 0, "14->13": 0, "0->15": 0, "15->0": 0, "15->16": 0, "16->15": 0, "16->17": 0, "17->16": 0, "16->18": 0, "18->16": 0, "15->19": 0, "19->15": 0, "19->20": 0, "20->19": 0, "15->21": 0, "21->15": 0, "21->22": 0, "22->21": 0, "0->23": 0, "23->0": 0, "23->24": 0, "24->23": 0, "24->25": 0, "25->24": 0, "24->26": 0, "26->24": 0, "23->27": 0, "27->23": 0, "27->28": 0, "28->27": 0, "23->29": 0, "29->23": 0, "29->30": 0, "30->29": 0, "0->31": 0, "31->0": 0, "31->32": 0, "32->31": 0, "32->33": 0, "33->32": 0, "31->34": 0, "34->31": 0, "31->35": 0, "35->31": 0, "35->36": 0, "36->35": 0, "36->37": 0, "37->36": 0, "35->38": 0, "38->35": 0, "38->39": 0, "39->38": 0, "35->40": 0, "40->35": 0, "31->41": 0, "41->31": 0, "41->42": 0, "42->41": 0, "42->43": 0, "43->42": 0, "41->44": 0, "44->41": 0, "44->45": 0, "45->44": 0, "41->46": 0, "46->41": 0, "31->47": 0, "47->31": 0, "47->48": 0, "48->47": 0, "48->49": 0, "49->48": 0, "47->50": 0, "50->47": 0, "50->51": 0, "51->50": 0, "47->52": 0, "52->47": 0, "31->53": 0, "53->31": 0, "53->54": 0, "54->53": 0, "54->55": 0, "55->54": 0, "55->56": 0, "56->55": 0, "56->57": 0, "57->56": 0, "54->58": 0, "58->54": 0, "58->59": 0, "59->58": 0, "54->60": 0, "60->54": 0, "31->61": 0, "61->31": 0, "61->62": 0, "62->61": 0, "62->63": 0, "63->62": 0, "63->64": 0, "64->63": 0, "64->65": 0, "65->64": 0, "62->66": 0, "66->62": 0, "66->67": 0, "67->66": 0, "62->68": 0, "68->62": 0, "31->69": 0, "69->31": 0, "69->70": 0, "70->69": 0, "70->71": 0, "71->70": 0, "71->72": 0, "72->71": 0, "72->73": 0, "73->72": 0, "70->74": 0, "74->70": 0, "74->75": 0, "75->74": 0, "70->76": 0, "76->70": 0, "0->77": 0, "77->0": 0, "77->78": 0, "78->77": 0, "78->79": 0, "79->78": 0, "77->80": 0, "80->77": 0, "80->81": 0, "81->80": 0, "77->82": 0, "82->77": 0, "82->83": 0, "83->82": 0, "77->84": 0, "84->77": 0, "77->85": 0, "85->77": 0, "85->86": 0, "86->85": 0, "86->87": 0, "87->86": 0, "86->88": 0, "88->86": 0, "88->89": 0, "89->88": 0, "88->90": 0, "90->88": 0, "90->91": 0, "91->90": 0, "90->92": 0, "92->90": 0, "92->93": 0, "93->92": 0, "92->94": 0, "94->92": 0, "94->95": 0, "95->94": 0, "95->96": 0, "96->95": 0, "94->97": 0, "97->94": 0, "97->98": 0, "98->97": 0, "94->99": 0, "99->94": 0, "99->100": 0, "100->99": 0, "100->101": 0, "101->100": 0, "92->102": 0, "102->92": 0, "102->103": 0, "103->102": 0, "90->104": 0, "104->90": 0, "104->105": 0, "105->104": 0, "88->106": 0, "106->88": 0, "106->107": 0, "107->106": 0, "86->108": 0, "108->86": 0, "108->109": 0, "109->108": 0, "108->110": 0, "110->108": 0, "1->4": 1, "4->1": 12, "4->6": 1, "6->4": 12, "6->7": 1, "7->6": 12, "7->15": 1, "15->7": 12, "15->23": 1, "23->15": 12, "23->31": 1, "31->23": 12, "31->77": 1, "77->31": 12, "2->3": 2, "3->2": 3, "8->11": 1, "11->8": 12, "11->13": 1, "13->11": 12, "9->10": 2, "10->9": 3, "16->19": 1, "19->16": 12, "19->21": 1, "21->19": 12, "17->18": 2, "18->17": 3, "24->27": 1, "27->24": 12, "27->29": 1, "29->27": 12, "25->26": 2, "26->25": 3, "32->34": 1, "34->32": 12, "34->35": 1, "35->34": 12, "35->41": 1, "41->35": 12, "41->47": 1, "47->41": 12, "47->53": 1, "53->47": 12, "53->61": 1, "61->53": 12, "61->69": 1, "69->61": 12, "36->38": 1, "38->36": 12, "38->40": 1, "40->38": 12, "42->44": 1, "44->42": 12, "44->46": 1, "46->44": 12, "48->50": 1, "50->48": 12, "50->52": 1, "52->50": 12, "55->58": 1, "58->55": 12, "58->60": 1, "60->58": 12, "63->66": 1, "66->63": 12, "66->68": 1, "68->66": 12, "71->74": 1, "74->71": 12, "74->76": 1, "76->74": 12, "78->80": 1, "80->78": 12, "80->82": 1, "82->80": 12, "82->84": 1, "84->82": 12, "84->85": 1, "85->84": 12, "87->88": 1, "88->87": 12, "88->108": 1, "108->88": 12, "89->90": 1, "90->89": 12, "90->106": 1, "106->90": 12, "91->92": 1, "92->91": 12, "92->104": 1, "104->92": 12, "93->94": 1, "94->93": 12, "94->102": 1, "102->94": 12, "95->97": 1, "97->95": 12, "97->99": 1, "99->97": 12, "109->110": 2, "110->109": 3, "3->5": 2, "5->3": 3, "5->6": 2, "6->5": 3, "6->9": 2, "9->6": 3, "10->12": 2, "12->10": 3, "12->14": 2, "14->12": 3, "14->17": 2, "17->14": 3, "18->20": 2, "20->18": 3, "20->22": 2, "22->20": 3, "22->25": 2, "25->22": 3, "26->28": 2, "28->26": 3, "28->30": 2, "30->28": 3, "30->33": 2, "33->30": 3, "33->34": 2, "34->33": 3, "34->37": 2, "37->34": 3, "37->39": 2, "39->37": 3, "39->40": 2, "40->39": 3, "40->43": 2, "43->40": 3, "43->45": 2, "45->43": 3, "45->46": 2, "46->45": 3, "46->49": 2, "49->46": 3, "49->51": 2, "51->49": 3, "51->52": 2, "52->51": 3, "52->57": 2, "57->52": 3, "57->59": 4, "59->57": 5, "59->60": 2, "60->59": 3, "60->65": 2, "65->60": 3, "65->67": 4, "67->65": 5, "67->68": 2, "68->67": 3, "68->73": 2, "73->68": 3, "73->75": 4, "75->73": 5, "75->76": 2, "76->75": 3, "76->79": 2, "79->76": 3, "79->81": 2, "81->79": 3, "81->83": 2, "83->81": 3, "83->84": 2, "84->83": 3, "84->87": 2, "87->84": 3, "87->89": 2, "89->87": 3, "89->91": 2, "91->89": 3, "91->93": 2, "93->91": 3, "93->96": 2, "96->93": 3, "96->98": 2, "98->96": 3, "98->101": 2, "101->98": 3, "101->103": 2, "103->101": 3, "103->105": 2, "105->103": 3, "105->107": 2, "107->105": 3, "107->109": 2, "109->107": 3, "67->101": 4, "101->67": 5, "75->105": 4, "105->75": 5}, "metrics": [3.0, 0.0, 2.0, 2.0, 16.0, 2.0, 0.0, 0.0, 0.0, 1.0, 0.0]}