{"nodelist": ["ClassDeclaration", "{'public'}", "public", "Annotation", "InterfaceAudience.Private", "MergeNormalizationPlan", "FieldDeclaration", "{'final', 'private', 'static'}", "final", "private", "static", "ReferenceType", "Logger", "VariableDeclarator", "LOG", "MethodInvocation", "LoggerFactory", "ClassReference", "MethodInvocation", "getName", "ReferenceType", "MergeNormalizationPlan", "getLogger", "FieldDeclaration", "{'final', 'private'}", "final", "private", "ReferenceType", "RegionInfo", "VariableDeclarator", "firstRegion", "FieldDeclaration", "{'final', 'private'}", "final", "private", "ReferenceType", "RegionInfo", "VariableDeclarator", "secondRegion", "ConstructorDeclaration", "{'public'}", "public", "MergeNormalizationPlan", "FormalParameter", "ReferenceType", "RegionInfo", "firstRegion", "FormalParameter", "ReferenceType", "RegionInfo", "secondRegion", "StatementExpression", "Assignment", "This", "MemberReference", "firstRegion", "MemberReference", "firstRegion", "=", "StatementExpression", "Assignment", "This", "MemberReference", "secondRegion", "MemberReference", "secondRegion", "=", "MethodDeclaration", "{'public'}", "public", "Annotation", "Override", "ReferenceType", "PlanType", "getType", "ReturnStatement", "MemberReference", "PlanType", "MERGE", "MethodDeclaration", "ReferenceType", "RegionInfo", "getFirstRegion", "ReturnStatement", "MemberReference", "firstRegion", "MethodDeclaration", "ReferenceType", "RegionInfo", "getSecondRegion", "ReturnStatement", "MemberReference", "secondRegion", "MethodDeclaration", "{'public'}", "public", "Annotation", "Override", "ReferenceType", "String", "toString", "ReturnStatement", "BinaryOperation", "+", "BinaryOperation", "+", "BinaryOperation", "+", "BinaryOperation", "+", "BinaryOperation", "+", "Literal", "\"MergeNormalizationPlan{\"", "Literal", "\"firstRegion=\"", "MemberReference", "firstRegion", "Literal", "\", secondRegion=\"", "MemberReference", "secondRegion", "Literal", "'}'", "MethodDeclaration", "{'public'}", "public", "Annotation", "Override", "execute", "FormalParameter", "ReferenceType", "Admin", "admin", "StatementExpression", "MethodInvocation", "LOG", "BinaryOperation", "+", "Literal", "\"Executing merging normalization plan: \"", "This", "info", "TryStatement", "StatementExpression", "MethodInvocation", "admin", "MethodInvocation", "firstRegion", "getEncodedNameAsBytes", "MethodInvocation", "secondRegion", "getEncodedNameAsBytes", "Literal", "true", "mergeRegionsAsync", "CatchClause", "CatchClauseParameter", "IOException", "ex", "StatementExpression", "MethodInvocation", "LOG", "Literal", "\"Error during region merge: \"", "MemberReference", "ex", "error", "ReferenceType", "NormalizationPlan"], "nodes": {"0": "ClassDeclaration", "1": "Modifier", "2": "public", "3": "Annotation", "4": "InterfaceAudience.Private", "5": "MergeNormalizationPlan", "6": "FieldDeclaration", "7": "Modifier", "8": "final", "9": "private", "10": "static", "11": "ReferenceType", "12": "Logger", "13": "VariableDeclarator", "14": "LOG", "15": "MethodInvocation", "16": "LoggerFactory", "17": "ClassReference", "18": "MethodInvocation", "19": "getName", "20": "ReferenceType", "21": "MergeNormalizationPlan", "22": "getLogger", "23": "FieldDeclaration", "24": "Modifier", "25": "final", "26": "private", "27": "ReferenceType", "28": "RegionInfo", "29": "VariableDeclarator", "30": "firstRegion", "31": "FieldDeclaration", "32": "Modifier", "33": "final", "34": "private", "35": "ReferenceType", "36": "RegionInfo", "37": "VariableDeclarator", "38": "secondRegion", "39": "ConstructorDeclaration", "40": "Modifier", "41": "public", "42": "MergeNormalizationPlan", "43": "FormalParameter", "44": "ReferenceType", "45": "RegionInfo", "46": "firstRegion", "47": "FormalParameter", "48": "ReferenceType", "49": "RegionInfo", "50": "secondRegion", "51": "StatementExpression", "52": "Assignment", "53": "This", "54": "MemberReference", "55": "firstRegion", "56": "MemberReference", "57": "firstRegion", "58": "=", "59": "StatementExpression", "60": "Assignment", "61": "This", "62": "MemberReference", "63": "secondRegion", "64": "MemberReference", "65": "secondRegion", "66": "=", "67": "MethodDeclaration", "68": "Modifier", "69": "public", "70": "Annotation", "71": "Override", "72": "ReferenceType", "73": "PlanType", "74": "getType", "75": "ReturnStatement", "76": "MemberReference", "77": "PlanType", "78": "MERGE", "79": "MethodDeclaration", "80": "ReferenceType", "81": "RegionInfo", "82": "getFirstRegion", "83": "ReturnStatement", "84": "MemberReference", "85": "firstRegion", "86": "MethodDeclaration", "87": "ReferenceType", "88": "RegionInfo", "89": "getSecondRegion", "90": "ReturnStatement", "91": "MemberReference", "92": "secondRegion", "93": "MethodDeclaration", "94": "Modifier", "95": "public", "96": "Annotation", "97": "Override", "98": "ReferenceType", "99": "String", "100": "toString", "101": "ReturnStatement", "102": "BinaryOperation", "103": "+", "104": "BinaryOperation", "105": "+", "106": "BinaryOperation", "107": "+", "108": "BinaryOperation", "109": "+", "110": "BinaryOperation", "111": "+", "112": "Literal", "113": "\"MergeNormalizationPlan{\"", "114": "Literal", "115": "\"firstRegion=\"", "116": "MemberReference", "117": "firstRegion", "118": "Literal", "119": "\", secondRegion=\"", "120": "MemberReference", "121": "secondRegion", "122": "Literal", "123": "'}'", "124": "MethodDeclaration", "125": "Modifier", "126": "public", "127": "Annotation", "128": "Override", "129": "execute", "130": "FormalParameter", "131": "ReferenceType", "132": "Admin", "133": "admin", "134": "StatementExpression", "135": "MethodInvocation", "136": "LOG", "137": "BinaryOperation", "138": "+", "139": "Literal", "140": "\"Executing merging normalization plan: \"", "141": "This", "142": "info", "143": "TryStatement", "144": "StatementExpression", "145": "MethodInvocation", "146": "admin", "147": "MethodInvocation", "148": "firstRegion", "149": "getEncodedNameAsBytes", "150": "MethodInvocation", "151": "secondRegion", "152": "getEncodedNameAsBytes", "153": "Literal", "154": "true", "155": "mergeRegionsAsync", "156": "CatchClause", "157": "CatchClauseParameter", "158": "IOException", "159": "ex", "160": "StatementExpression", "161": "MethodInvocation", "162": "LOG", "163": "Literal", "164": "\"Error during region merge: \"", "165": "MemberReference", "166": "ex", "167": "error", "168": "ReferenceType", "169": "NormalizationPlan"}, "edges": {"0->1": 0, "1->0": 0, "1->2": 0, "2->1": 0, "0->3": 0, "3->0": 0, "3->4": 0, "4->3": 0, "0->5": 0, "5->0": 0, "0->6": 0, "6->0": 0, "6->7": 0, "7->6": 0, "7->8": 0, "8->7": 0, "7->9": 0, "9->7": 0, "7->10": 0, "10->7": 0, "6->11": 0, "11->6": 0, "11->12": 0, "12->11": 0, "6->13": 0, "13->6": 0, "13->14": 0, "14->13": 0, "13->15": 0, "15->13": 0, "15->16": 0, "16->15": 0, "15->17": 0, "17->15": 0, "17->18": 0, "18->17": 0, "18->19": 0, "19->18": 0, "17->20": 0, "20->17": 0, "20->21": 0, "21->20": 0, "15->22": 0, "22->15": 0, "0->23": 0, "23->0": 0, "23->24": 0, "24->23": 0, "24->25": 0, "25->24": 0, "24->26": 0, "26->24": 0, "23->27": 0, "27->23": 0, "27->28": 0, "28->27": 0, "23->29": 0, "29->23": 0, "29->30": 0, "30->29": 0, "0->31": 0, "31->0": 0, "31->32": 0, "32->31": 0, "32->33": 0, "33->32": 0, "32->34": 0, "34->32": 0, "31->35": 0, "35->31": 0, "35->36": 0, "36->35": 0, "31->37": 0, "37->31": 0, "37->38": 0, "38->37": 0, "0->39": 0, "39->0": 0, "39->40": 0, "40->39": 0, "40->41": 0, "41->40": 0, "39->42": 0, "42->39": 0, "39->43": 0, "43->39": 0, "43->44": 0, "44->43": 0, "44->45": 0, "45->44": 0, "43->46": 0, "46->43": 0, "39->47": 0, "47->39": 0, "47->48": 0, "48->47": 0, "48->49": 0, "49->48": 0, "47->50": 0, "50->47": 0, "39->51": 0, "51->39": 0, "51->52": 0, "52->51": 0, "52->53": 0, "53->52": 0, "53->54": 0, "54->53": 0, "54->55": 0, "55->54": 0, "52->56": 0, "56->52": 0, "56->57": 0, "57->56": 0, "52->58": 0, "58->52": 0, "39->59": 0, "59->39": 0, "59->60": 0, "60->59": 0, "60->61": 0, "61->60": 0, "61->62": 0, "62->61": 0, "62->63": 0, "63->62": 0, "60->64": 0, "64->60": 0, "64->65": 0, "65->64": 0, "60->66": 0, "66->60": 0, "0->67": 0, "67->0": 0, "67->68": 0, "68->67": 0, "68->69": 0, "69->68": 0, "67->70": 0, "70->67": 0, "70->71": 0, "71->70": 0, "67->72": 0, "72->67": 0, "72->73": 0, "73->72": 0, "67->74": 0, "74->67": 0, "67->75": 0, "75->67": 0, "75->76": 0, "76->75": 0, "76->77": 0, "77->76": 0, "76->78": 0, "78->76": 0, "0->79": 0, "79->0": 0, "79->80": 0, "80->79": 0, "80->81": 0, "81->80": 0, "79->82": 0, "82->79": 0, "79->83": 0, "83->79": 0, "83->84": 0, "84->83": 0, "84->85": 0, "85->84": 0, "0->86": 0, "86->0": 0, "86->87": 0, "87->86": 0, "87->88": 0, "88->87": 0, "86->89": 0, "89->86": 0, "86->90": 0, "90->86": 0, "90->91": 0, "91->90": 0, "91->92": 0, "92->91": 0, "0->93": 0, "93->0": 0, "93->94": 0, "94->93": 0, "94->95": 0, "95->94": 0, "93->96": 0, "96->93": 0, "96->97": 0, "97->96": 0, "93->98": 0, "98->93": 0, "98->99": 0, "99->98": 0, "93->100": 0, "100->93": 0, "93->101": 0, "101->93": 0, "101->102": 0, "102->101": 0, "102->103": 0, "103->102": 0, "102->104": 0, "104->102": 0, "104->105": 0, "105->104": 0, "104->106": 0, "106->104": 0, "106->107": 0, "107->106": 0, "106->108": 0, "108->106": 0, "108->109": 0, "109->108": 0, "108->110": 0, "110->108": 0, "110->111": 0, "111->110": 0, "110->112": 0, "112->110": 0, "112->113": 0, "113->112": 0, "110->114": 0, "114->110": 0, "114->115": 0, "115->114": 0, "108->116": 0, "116->108": 0, "116->117": 0, "117->116": 0, "106->118": 0, "118->106": 0, "118->119": 0, "119->118": 0, "104->120": 0, "120->104": 0, "120->121": 0, "121->120": 0, "102->122": 0, "122->102": 0, "122->123": 0, "123->122": 0, "0->124": 0, "124->0": 0, "124->125": 0, "125->124": 0, "125->126": 0, "126->125": 0, "124->127": 0, "127->124": 0, "127->128": 0, "128->127": 0, "124->129": 0, "129->124": 0, "124->130": 0, "130->124": 0, "130->131": 0, "131->130": 0, "131->132": 0, "132->131": 0, "130->133": 0, "133->130": 0, "124->134": 0, "134->124": 0, "134->135": 0, "135->134": 0, "135->136": 0, "136->135": 0, "135->137": 0, "137->135": 0, "137->138": 0, "138->137": 0, "137->139": 0, "139->137": 0, "139->140": 0, "140->139": 0, "137->141": 0, "141->137": 0, "135->142": 0, "142->135": 0, "124->143": 0, "143->124": 0, "143->144": 0, "144->143": 0, "144->145": 0, "145->144": 0, "145->146": 0, "146->145": 0, "145->147": 0, "147->145": 0, "147->148": 0, "148->147": 0, "147->149": 0, "149->147": 0, "145->150": 0, "150->145": 0, "150->151": 0, "151->150": 0, "150->152": 0, "152->150": 0, "145->153": 0, "153->145": 0, "153->154": 0, "154->153": 0, "145->155": 0, "155->145": 0, "143->156": 0, "156->143": 0, "156->157": 0, "157->156": 0, "157->158": 0, "158->157": 0, "157->159": 0, "159->157": 0, "156->160": 0, "160->156": 0, "160->161": 0, "161->160": 0, "161->162": 0, "162->161": 0, "161->163": 0, "163->161": 0, "163->164": 0, "164->163": 0, "161->165": 0, "165->161": 0, "165->166": 0, "166->165": 0, "161->167": 0, "167->161": 0, "0->168": 0, "168->0": 0, "168->169": 0, "169->168": 0, "1->3": 1, "3->1": 12, "3->5": 1, "5->3": 12, "5->6": 1, "6->5": 12, "6->23": 1, "23->6": 12, "23->31": 1, "31->23": 12, "31->39": 1, "39->31": 12, "39->67": 1, "67->39": 12, "67->79": 1, "79->67": 12, "79->86": 1, "86->79": 12, "86->93": 1, "93->86": 12, "93->124": 1, "124->93": 12, "124->168": 1, "168->124": 12, "7->11": 1, "11->7": 12, "11->13": 1, "13->11": 12, "8->9": 2, "9->8": 3, "9->10": 2, "10->9": 3, "14->15": 1, "15->14": 12, "16->17": 1, "17->16": 12, "17->22": 1, "22->17": 12, "18->20": 1, "20->18": 12, "24->27": 1, "27->24": 12, "27->29": 1, "29->27": 12, "25->26": 2, "26->25": 3, "32->35": 1, "35->32": 12, "35->37": 1, "37->35": 12, "33->34": 2, "34->33": 3, "40->42": 1, "42->40": 12, "42->43": 1, "43->42": 12, "43->47": 1, "47->43": 12, "47->51": 1, "51->47": 12, "51->59": 1, "59->51": 12, "44->46": 1, "46->44": 12, "48->50": 1, "50->48": 12, "53->56": 1, "56->53": 12, "56->58": 1, "58->56": 12, "61->64": 1, "64->61": 12, "64->66": 1, "66->64": 12, "68->70": 1, "70->68": 12, "70->72": 1, "72->70": 12, "72->74": 1, "74->72": 12, "74->75": 1, "75->74": 12, "77->78": 2, "78->77": 3, "80->82": 1, "82->80": 12, "82->83": 1, "83->82": 12, "87->89": 1, "89->87": 12, "89->90": 1, "90->89": 12, "94->96": 1, "96->94": 12, "96->98": 1, "98->96": 12, "98->100": 1, "100->98": 12, "100->101": 1, "101->100": 12, "103->104": 1, "104->103": 12, "104->122": 1, "122->104": 12, "105->106": 1, "106->105": 12, "106->120": 1, "120->106": 12, "107->108": 1, "108->107": 12, "108->118": 1, "118->108": 12, "109->110": 1, "110->109": 12, "110->116": 1, "116->110": 12, "111->112": 1, "112->111": 12, "112->114": 1, "114->112": 12, "125->127": 1, "127->125": 12, "127->129": 1, "129->127": 12, "129->130": 1, "130->129": 12, "130->134": 1, "134->130": 12, "134->143": 1, "143->134": 12, "131->133": 1, "133->131": 12, "136->137": 1, "137->136": 12, "137->142": 1, "142->137": 12, "138->139": 1, "139->138": 12, "139->141": 1, "141->139": 12, "144->156": 1, "156->144": 12, "146->147": 1, "147->146": 12, "147->150": 1, "150->147": 12, "150->153": 1, "153->150": 12, "153->155": 1, "155->153": 12, "148->149": 2, "149->148": 3, "151->152": 2, "152->151": 3, "157->160": 1, "160->157": 12, "158->159": 2, "159->158": 3, "162->163": 1, "163->162": 12, "163->165": 1, "165->163": 12, "165->167": 1, "167->165": 12, "2->4": 2, "4->2": 3, "4->5": 2, "5->4": 3, "5->8": 2, "8->5": 3, "10->12": 2, "12->10": 3, "12->14": 2, "14->12": 3, "14->16": 2, "16->14": 3, "16->19": 2, "19->16": 3, "19->21": 2, "21->19": 3, "21->22": 2, "22->21": 3, "22->25": 2, "25->22": 3, "26->28": 2, "28->26": 3, "28->30": 2, "30->28": 3, "30->33": 2, "33->30": 3, "34->36": 2, "36->34": 3, "36->38": 2, "38->36": 3, "38->41": 2, "41->38": 3, "41->42": 2, "42->41": 3, "42->45": 2, "45->42": 3, "45->46": 2, "46->45": 3, "46->49": 2, "49->46": 3, "49->50": 2, "50->49": 3, "50->55": 2, "55->50": 3, "55->57": 4, "57->55": 5, "57->58": 2, "58->57": 3, "58->63": 2, "63->58": 3, "63->65": 4, "65->63": 5, "65->66": 2, "66->65": 3, "66->69": 2, "69->66": 3, "69->71": 2, "71->69": 3, "71->73": 2, "73->71": 3, "73->74": 2, "74->73": 3, "74->77": 2, "77->74": 3, "78->81": 2, "81->78": 3, "81->82": 2, "82->81": 3, "82->85": 2, "85->82": 3, "85->88": 2, "88->85": 3, "88->89": 2, "89->88": 3, "89->92": 2, "92->89": 3, "92->95": 2, "95->92": 3, "95->97": 2, "97->95": 3, "97->99": 2, "99->97": 3, "99->100": 2, "100->99": 3, "100->103": 2, "103->100": 3, "103->105": 2, "105->103": 3, "105->107": 2, "107->105": 3, "107->109": 2, "109->107": 3, "109->111": 2, "111->109": 3, "111->113": 2, "113->111": 3, "113->115": 2, "115->113": 3, "115->117": 2, "117->115": 3, "117->119": 2, "119->117": 3, "119->121": 2, "121->119": 3, "121->123": 2, "123->121": 3, "123->126": 2, "126->123": 3, "126->128": 2, "128->126": 3, "128->129": 2, "129->128": 3, "129->132": 2, "132->129": 3, "132->133": 2, "133->132": 3, "133->136": 2, "136->133": 3, "136->138": 2, "138->136": 3, "138->140": 2, "140->138": 3, "140->141": 2, "141->140": 3, "141->142": 2, "142->141": 3, "142->146": 2, "146->142": 3, "146->148": 2, "148->146": 3, "149->151": 2, "151->149": 3, "152->154": 2, "154->152": 3, "154->155": 2, "155->154": 3, "155->158": 2, "158->155": 3, "159->162": 2, "162->159": 3, "162->164": 2, "164->162": 3, "164->166": 2, "166->164": 3, "166->167": 2, "167->166": 3, "167->169": 2, "169->167": 3, "57->85": 4, "85->57": 5, "85->117": 4, "117->85": 5, "65->92": 4, "92->65": 5, "92->121": 4, "121->92": 5}, "metrics": [3.0, 0.0, 6.0, 4.0, 36.0, 6.0, 0.0, 1.0, 0.3333333333333333, 0.0, 2.0]}