{"nodelist": ["InterfaceDeclaration", "{'public', 'static'}", "public", "static", "Callback", "MethodDeclaration", "{'public'}", "public", "update", "FormalParameter", "BasicType", "byte", "region", "FormalParameter", "BasicType", "byte", "row", "FormalParameter", "ReferenceType", "R", "result", "TypeParameter", "R"], "nodes": {"0": "InterfaceDeclaration", "1": "Modifier", "2": "public", "3": "static", "4": "Callback", "5": "MethodDeclaration", "6": "Modifier", "7": "public", "8": "update", "9": "FormalParameter", "10": "BasicType", "11": "byte", "12": "region", "13": "FormalParameter", "14": "BasicType", "15": "byte", "16": "row", "17": "FormalParameter", "18": "ReferenceType", "19": "R", "20": "result", "21": "TypeParameter", "22": "R"}, "edges": {"0->1": 0, "1->0": 0, "1->2": 0, "2->1": 0, "1->3": 0, "3->1": 0, "0->4": 0, "4->0": 0, "0->5": 0, "5->0": 0, "5->6": 0, "6->5": 0, "6->7": 0, "7->6": 0, "5->8": 0, "8->5": 0, "5->9": 0, "9->5": 0, "9->10": 0, "10->9": 0, "10->11": 0, "11->10": 0, "9->12": 0, "12->9": 0, "5->13": 0, "13->5": 0, "13->14": 0, "14->13": 0, "14->15": 0, "15->14": 0, "13->16": 0, "16->13": 0, "5->17": 0, "17->5": 0, "17->18": 0, "18->17": 0, "18->19": 0, "19->18": 0, "17->20": 0, "20->17": 0, "0->21": 0, "21->0": 0, "21->22": 0, "22->21": 0, "1->4": 1, "4->1": 12, "4->5": 1, "5->4": 12, "5->21": 1, "21->5": 12, "2->3": 2, "3->2": 3, "6->8": 1, "8->6": 12, "8->9": 1, "9->8": 12, "9->13": 1, "13->9": 12, "13->17": 1, "17->13": 12, "10->12": 1, "12->10": 12, "14->16": 1, "16->14": 12, "18->20": 1, "20->18": 12, "3->4": 2, "4->3": 3, "4->7": 2, "7->4": 3, "7->8": 2, "8->7": 3, "8->11": 2, "11->8": 3, "11->12": 2, "12->11": 3, "12->15": 2, "15->12": 3, "15->16": 2, "16->15": 3, "16->19": 2, "19->16": 3, "19->20": 2, "20->19": 3, "20->22": 2, "22->20": 3}, "metrics": [0.0, 0.0, 1.0, 1.0, 8.0, 1.0, 0.0, 0.0, -1.0, 0.0, 0.0]}