{"nodelist": ["ClassDeclaration", "{'public', 'static'}", "public", "static", "LoadCounter", "FieldDeclaration", "{'final', 'private'}", "final", "private", "ReferenceType", "ArrayList", "TypeArgument", "ReferenceType", "Procedure", "VariableDeclarator", "corrupted", "ClassCreator", "ReferenceType", "ArrayList", "TypeArgument", "ReferenceType", "Procedure", "FieldDeclaration", "{'final', 'private'}", "final", "private", "ReferenceType", "ArrayList", "TypeArgument", "ReferenceType", "Procedure", "VariableDeclarator", "loaded", "ClassCreator", "ReferenceType", "ArrayList", "TypeArgument", "ReferenceType", "Procedure", "FieldDeclaration", "{'private'}", "private", "ReferenceType", "Set", "TypeArgument", "ReferenceType", "Long", "VariableDeclarator", "procIds", "FieldDeclaration", "{'private'}", "private", "BasicType", "long", "VariableDeclarator", "maxProcId", "Literal", "0", "ConstructorDeclaration", "{'public'}", "public", "LoadCounter", "StatementExpression", "ExplicitConstructorInvocation", "Literal", "null", "ConstructorDeclaration", "{'public'}", "public", "LoadCounter", "FormalParameter", "{'final'}", "final", "ReferenceType", "Set", "TypeArgument", "ReferenceType", "Long", "procIds", "StatementExpression", "Assignment", "This", "MemberReference", "procIds", "MemberReference", "procIds", "=", "MethodDeclaration", "{'public'}", "public", "reset", "StatementExpression", "MethodInvocation", "Literal", "null", "reset", "MethodDeclaration", "{'public'}", "public", "reset", "FormalParameter", "{'final'}", "final", "ReferenceType", "Set", "TypeArgument", "ReferenceType", "Long", "procIds", "StatementExpression", "MethodInvocation", "corrupted", "clear", "StatementExpression", "MethodInvocation", "loaded", "clear", "StatementExpression", "Assignment", "This", "MemberReference", "procIds", "MemberReference", "procIds", "=", "StatementExpression", "Assignment", "This", "MemberReference", "maxProcId", "Literal", "0", "=", "MethodDeclaration", "{'public'}", "public", "BasicType", "long", "getMaxProcId", "ReturnStatement", "MemberReference", "maxProcId", "MethodDeclaration", "{'public'}", "public", "ReferenceType", "ArrayList", "TypeArgument", "ReferenceType", "Procedure", "getLoaded", "ReturnStatement", "MemberReference", "loaded", "MethodDeclaration", "{'public'}", "public", "BasicType", "int", "getLoadedCount", "ReturnStatement", "MethodInvocation", "loaded", "size", "MethodDeclaration", "{'public'}", "public", "ReferenceType", "ArrayList", "TypeArgument", "ReferenceType", "Procedure", "getCorrupted", "ReturnStatement", "MemberReference", "corrupted", "MethodDeclaration", "{'public'}", "public", "BasicType", "int", "getCorruptedCount", "ReturnStatement", "MethodInvocation", "corrupted", "size", "MethodDeclaration", "{'public'}", "public", "Annotation", "Override", "setMaxProcId", "FormalParameter", "BasicType", "long", "maxProcId", "StatementExpression", "Assignment", "This", "MemberReference", "maxProcId", "MemberReference", "maxProcId", "=", "MethodDeclaration", "{'public'}", "public", "Annotation", "Override", "load", "FormalParameter", "ReferenceType", "ProcedureIterator", "procIter", "IOException", "WhileStatement", "MethodInvocation", "procIter", "hasNext", "BlockStatement", "LocalVariableDeclaration", "ReferenceType", "Procedure", "VariableDeclarator", "proc", "MethodInvocation", "procIter", "nextAsProcedure", "StatementExpression", "MethodInvocation", "LOG", "BinaryOperation", "+", "BinaryOperation", "+", "BinaryOperation", "+", "Literal", "\"loading procId=\"", "MethodInvocation", "proc", "getProcId", "Literal", "\": \"", "MemberReference", "proc", "debug", "IfStatement", "BinaryOperation", "!=", "MemberReference", "procIds", "Literal", "null", "BlockStatement", "StatementExpression", "MethodInvocation", "BinaryOperation", "+", "BinaryOperation", "+", "Literal", "\"procId=\"", "MethodInvocation", "proc", "getProcId", "Literal", "\" unexpected\"", "MethodInvocation", "procIds", "MethodInvocation", "proc", "getProcId", "contains", "assertTrue", "StatementExpression", "MethodInvocation", "loaded", "MemberReference", "proc", "add", "MethodDeclaration", "{'public'}", "public", "Annotation", "Override", "handleCorrupted", "FormalParameter", "ReferenceType", "ProcedureIterator", "procIter", "IOException", "WhileStatement", "MethodInvocation", "procIter", "hasNext", "BlockStatement", "LocalVariableDeclaration", "ReferenceType", "Procedure", "VariableDeclarator", "proc", "MethodInvocation", "procIter", "nextAsProcedure", "StatementExpression", "MethodInvocation", "LOG", "BinaryOperation", "+", "BinaryOperation", "+", "BinaryOperation", "+", "Literal", "\"corrupted procId=\"", "MethodInvocation", "proc", "getProcId", "Literal", "\": \"", "MemberReference", "proc", "debug", "StatementExpression", "MethodInvocation", "corrupted", "MemberReference", "proc", "add", "ReferenceType", "ProcedureStore", "ReferenceType", "ProcedureLoader"], "nodes": {"0": "ClassDeclaration", "1": "Modifier", "2": "public", "3": "static", "4": "LoadCounter", "5": "FieldDeclaration", "6": "Modifier", "7": "final", "8": "private", "9": "ReferenceType", "10": "ArrayList", "11": "TypeArgument", "12": "ReferenceType", "13": "Procedure", "14": "VariableDeclarator", "15": "corrupted", "16": "ClassCreator", "17": "ReferenceType", "18": "ArrayList", "19": "TypeArgument", "20": "ReferenceType", "21": "Procedure", "22": "FieldDeclaration", "23": "Modifier", "24": "final", "25": "private", "26": "ReferenceType", "27": "ArrayList", "28": "TypeArgument", "29": "ReferenceType", "30": "Procedure", "31": "VariableDeclarator", "32": "loaded", "33": "ClassCreator", "34": "ReferenceType", "35": "ArrayList", "36": "TypeArgument", "37": "ReferenceType", "38": "Procedure", "39": "FieldDeclaration", "40": "Modifier", "41": "private", "42": "ReferenceType", "43": "Set", "44": "TypeArgument", "45": "ReferenceType", "46": "Long", "47": "VariableDeclarator", "48": "procIds", "49": "FieldDeclaration", "50": "Modifier", "51": "private", "52": "BasicType", "53": "long", "54": "VariableDeclarator", "55": "maxProcId", "56": "Literal", "57": "0", "58": "ConstructorDeclaration", "59": "Modifier", "60": "public", "61": "LoadCounter", "62": "StatementExpression", "63": "ExplicitConstructorInvocation", "64": "Literal", "65": "null", "66": "ConstructorDeclaration", "67": "Modifier", "68": "public", "69": "LoadCounter", "70": "FormalParameter", "71": "Modifier", "72": "final", "73": "ReferenceType", "74": "Set", "75": "TypeArgument", "76": "ReferenceType", "77": "Long", "78": "procIds", "79": "StatementExpression", "80": "Assignment", "81": "This", "82": "MemberReference", "83": "procIds", "84": "MemberReference", "85": "procIds", "86": "=", "87": "MethodDeclaration", "88": "Modifier", "89": "public", "90": "reset", "91": "StatementExpression", "92": "MethodInvocation", "93": "Literal", "94": "null", "95": "reset", "96": "MethodDeclaration", "97": "Modifier", "98": "public", "99": "reset", "100": "FormalParameter", "101": "Modifier", "102": "final", "103": "ReferenceType", "104": "Set", "105": "TypeArgument", "106": "ReferenceType", "107": "Long", "108": "procIds", "109": "StatementExpression", "110": "MethodInvocation", "111": "corrupted", "112": "clear", "113": "StatementExpression", "114": "MethodInvocation", "115": "loaded", "116": "clear", "117": "StatementExpression", "118": "Assignment", "119": "This", "120": "MemberReference", "121": "procIds", "122": "MemberReference", "123": "procIds", "124": "=", "125": "StatementExpression", "126": "Assignment", "127": "This", "128": "MemberReference", "129": "maxProcId", "130": "Literal", "131": "0", "132": "=", "133": "MethodDeclaration", "134": "Modifier", "135": "public", "136": "BasicType", "137": "long", "138": "getMaxProcId", "139": "ReturnStatement", "140": "MemberReference", "141": "maxProcId", "142": "MethodDeclaration", "143": "Modifier", "144": "public", "145": "ReferenceType", "146": "ArrayList", "147": "TypeArgument", "148": "ReferenceType", "149": "Procedure", "150": "getLoaded", "151": "ReturnStatement", "152": "MemberReference", "153": "loaded", "154": "MethodDeclaration", "155": "Modifier", "156": "public", "157": "BasicType", "158": "int", "159": "getLoadedCount", "160": "ReturnStatement", "161": "MethodInvocation", "162": "loaded", "163": "size", "164": "MethodDeclaration", "165": "Modifier", "166": "public", "167": "ReferenceType", "168": "ArrayList", "169": "TypeArgument", "170": "ReferenceType", "171": "Procedure", "172": "getCorrupted", "173": "ReturnStatement", "174": "MemberReference", "175": "corrupted", "176": "MethodDeclaration", "177": "Modifier", "178": "public", "179": "BasicType", "180": "int", "181": "getCorruptedCount", "182": "ReturnStatement", "183": "MethodInvocation", "184": "corrupted", "185": "size", "186": "MethodDeclaration", "187": "Modifier", "188": "public", "189": "Annotation", "190": "Override", "191": "setMaxProcId", "192": "FormalParameter", "193": "BasicType", "194": "long", "195": "maxProcId", "196": "StatementExpression", "197": "Assignment", "198": "This", "199": "MemberReference", "200": "maxProcId", "201": "MemberReference", "202": "maxProcId", "203": "=", "204": "MethodDeclaration", "205": "Modifier", "206": "public", "207": "Annotation", "208": "Override", "209": "load", "210": "FormalParameter", "211": "ReferenceType", "212": "ProcedureIterator", "213": "procIter", "214": "IOException", "215": "WhileStatement", "216": "MethodInvocation", "217": "procIter", "218": "hasNext", "219": "BlockStatement", "220": "LocalVariableDeclaration", "221": "ReferenceType", "222": "Procedure", "223": "VariableDeclarator", "224": "proc", "225": "MethodInvocation", "226": "procIter", "227": "nextAsProcedure", "228": "StatementExpression", "229": "MethodInvocation", "230": "LOG", "231": "BinaryOperation", "232": "+", "233": "BinaryOperation", "234": "+", "235": "BinaryOperation", "236": "+", "237": "Literal", "238": "\"loading procId=\"", "239": "MethodInvocation", "240": "proc", "241": "getProcId", "242": "Literal", "243": "\": \"", "244": "MemberReference", "245": "proc", "246": "debug", "247": "IfStatement", "248": "BinaryOperation", "249": "!=", "250": "MemberReference", "251": "procIds", "252": "Literal", "253": "null", "254": "BlockStatement", "255": "StatementExpression", "256": "MethodInvocation", "257": "BinaryOperation", "258": "+", "259": "BinaryOperation", "260": "+", "261": "Literal", "262": "\"procId=\"", "263": "MethodInvocation", "264": "proc", "265": "getProcId", "266": "Literal", "267": "\" unexpected\"", "268": "MethodInvocation", "269": "procIds", "270": "MethodInvocation", "271": "proc", "272": "getProcId", "273": "contains", "274": "assertTrue", "275": "StatementExpression", "276": "MethodInvocation", "277": "loaded", "278": "MemberReference", "279": "proc", "280": "add", "281": "MethodDeclaration", "282": "Modifier", "283": "public", "284": "Annotation", "285": "Override", "286": "handleCorrupted", "287": "FormalParameter", "288": "ReferenceType", "289": "ProcedureIterator", "290": "procIter", "291": "IOException", "292": "WhileStatement", "293": "MethodInvocation", "294": "procIter", "295": "hasNext", "296": "BlockStatement", "297": "LocalVariableDeclaration", "298": "ReferenceType", "299": "Procedure", "300": "VariableDeclarator", "301": "proc", "302": "MethodInvocation", "303": "procIter", "304": "nextAsProcedure", "305": "StatementExpression", "306": "MethodInvocation", "307": "LOG", "308": "BinaryOperation", "309": "+", "310": "BinaryOperation", "311": "+", "312": "BinaryOperation", "313": "+", "314": "Literal", "315": "\"corrupted procId=\"", "316": "MethodInvocation", "317": "proc", "318": "getProcId", "319": "Literal", "320": "\": \"", "321": "MemberReference", "322": "proc", "323": "debug", "324": "StatementExpression", "325": "MethodInvocation", "326": "corrupted", "327": "MemberReference", "328": "proc", "329": "add", "330": "ReferenceType", "331": "ProcedureStore", "332": "ReferenceType", "333": "ProcedureLoader"}, "edges": {"0->1": 0, "1->0": 0, "1->2": 0, "2->1": 0, "1->3": 0, "3->1": 0, "0->4": 0, "4->0": 0, "0->5": 0, "5->0": 0, "5->6": 0, "6->5": 0, "6->7": 0, "7->6": 0, "6->8": 0, "8->6": 0, "5->9": 0, "9->5": 0, "9->10": 0, "10->9": 0, "9->11": 0, "11->9": 0, "11->12": 0, "12->11": 0, "12->13": 0, "13->12": 0, "5->14": 0, "14->5": 0, "14->15": 0, "15->14": 0, "14->16": 0, "16->14": 0, "16->17": 0, "17->16": 0, "17->18": 0, "18->17": 0, "17->19": 0, "19->17": 0, "19->20": 0, "20->19": 0, "20->21": 0, "21->20": 0, "0->22": 0, "22->0": 0, "22->23": 0, "23->22": 0, "23->24": 0, "24->23": 0, "23->25": 0, "25->23": 0, "22->26": 0, "26->22": 0, "26->27": 0, "27->26": 0, "26->28": 0, "28->26": 0, "28->29": 0, "29->28": 0, "29->30": 0, "30->29": 0, "22->31": 0, "31->22": 0, "31->32": 0, "32->31": 0, "31->33": 0, "33->31": 0, "33->34": 0, "34->33": 0, "34->35": 0, "35->34": 0, "34->36": 0, "36->34": 0, "36->37": 0, "37->36": 0, "37->38": 0, "38->37": 0, "0->39": 0, "39->0": 0, "39->40": 0, "40->39": 0, "40->41": 0, "41->40": 0, "39->42": 0, "42->39": 0, "42->43": 0, "43->42": 0, "42->44": 0, "44->42": 0, "44->45": 0, "45->44": 0, "45->46": 0, "46->45": 0, "39->47": 0, "47->39": 0, "47->48": 0, "48->47": 0, "0->49": 0, "49->0": 0, "49->50": 0, "50->49": 0, "50->51": 0, "51->50": 0, "49->52": 0, "52->49": 0, "52->53": 0, "53->52": 0, "49->54": 0, "54->49": 0, "54->55": 0, "55->54": 0, "54->56": 0, "56->54": 0, "56->57": 0, "57->56": 0, "0->58": 0, "58->0": 0, "58->59": 0, "59->58": 0, "59->60": 0, "60->59": 0, "58->61": 0, "61->58": 0, "58->62": 0, "62->58": 0, "62->63": 0, "63->62": 0, "63->64": 0, "64->63": 0, "64->65": 0, "65->64": 0, "0->66": 0, "66->0": 0, "66->67": 0, "67->66": 0, "67->68": 0, "68->67": 0, "66->69": 0, "69->66": 0, "66->70": 0, "70->66": 0, "70->71": 0, "71->70": 0, "71->72": 0, "72->71": 0, "70->73": 0, "73->70": 0, "73->74": 0, "74->73": 0, "73->75": 0, "75->73": 0, "75->76": 0, "76->75": 0, "76->77": 0, "77->76": 0, "70->78": 0, "78->70": 0, "66->79": 0, "79->66": 0, "79->80": 0, "80->79": 0, "80->81": 0, "81->80": 0, "81->82": 0, "82->81": 0, "82->83": 0, "83->82": 0, "80->84": 0, "84->80": 0, "84->85": 0, "85->84": 0, "80->86": 0, "86->80": 0, "0->87": 0, "87->0": 0, "87->88": 0, "88->87": 0, "88->89": 0, "89->88": 0, "87->90": 0, "90->87": 0, "87->91": 0, "91->87": 0, "91->92": 0, "92->91": 0, "92->93": 0, "93->92": 0, "93->94": 0, "94->93": 0, "92->95": 0, "95->92": 0, "0->96": 0, "96->0": 0, "96->97": 0, "97->96": 0, "97->98": 0, "98->97": 0, "96->99": 0, "99->96": 0, "96->100": 0, "100->96": 0, "100->101": 0, "101->100": 0, "101->102": 0, "102->101": 0, "100->103": 0, "103->100": 0, "103->104": 0, "104->103": 0, "103->105": 0, "105->103": 0, "105->106": 0, "106->105": 0, "106->107": 0, "107->106": 0, "100->108": 0, "108->100": 0, "96->109": 0, "109->96": 0, "109->110": 0, "110->109": 0, "110->111": 0, "111->110": 0, "110->112": 0, "112->110": 0, "96->113": 0, "113->96": 0, "113->114": 0, "114->113": 0, "114->115": 0, "115->114": 0, "114->116": 0, "116->114": 0, "96->117": 0, "117->96": 0, "117->118": 0, "118->117": 0, "118->119": 0, "119->118": 0, "119->120": 0, "120->119": 0, "120->121": 0, "121->120": 0, "118->122": 0, "122->118": 0, "122->123": 0, "123->122": 0, "118->124": 0, "124->118": 0, "96->125": 0, "125->96": 0, "125->126": 0, "126->125": 0, "126->127": 0, "127->126": 0, "127->128": 0, "128->127": 0, "128->129": 0, "129->128": 0, "126->130": 0, "130->126": 0, "130->131": 0, "131->130": 0, "126->132": 0, "132->126": 0, "0->133": 0, "133->0": 0, "133->134": 0, "134->133": 0, "134->135": 0, "135->134": 0, "133->136": 0, "136->133": 0, "136->137": 0, "137->136": 0, "133->138": 0, "138->133": 0, "133->139": 0, "139->133": 0, "139->140": 0, "140->139": 0, "140->141": 0, "141->140": 0, "0->142": 0, "142->0": 0, "142->143": 0, "143->142": 0, "143->144": 0, "144->143": 0, "142->145": 0, "145->142": 0, "145->146": 0, "146->145": 0, "145->147": 0, "147->145": 0, "147->148": 0, "148->147": 0, "148->149": 0, "149->148": 0, "142->150": 0, "150->142": 0, "142->151": 0, "151->142": 0, "151->152": 0, "152->151": 0, "152->153": 0, "153->152": 0, "0->154": 0, "154->0": 0, "154->155": 0, "155->154": 0, "155->156": 0, "156->155": 0, "154->157": 0, "157->154": 0, "157->158": 0, "158->157": 0, "154->159": 0, "159->154": 0, "154->160": 0, "160->154": 0, "160->161": 0, "161->160": 0, "161->162": 0, "162->161": 0, "161->163": 0, "163->161": 0, "0->164": 0, "164->0": 0, "164->165": 0, "165->164": 0, "165->166": 0, "166->165": 0, "164->167": 0, "167->164": 0, "167->168": 0, "168->167": 0, "167->169": 0, "169->167": 0, "169->170": 0, "170->169": 0, "170->171": 0, "171->170": 0, "164->172": 0, "172->164": 0, "164->173": 0, "173->164": 0, "173->174": 0, "174->173": 0, "174->175": 0, "175->174": 0, "0->176": 0, "176->0": 0, "176->177": 0, "177->176": 0, "177->178": 0, "178->177": 0, "176->179": 0, "179->176": 0, "179->180": 0, "180->179": 0, "176->181": 0, "181->176": 0, "176->182": 0, "182->176": 0, "182->183": 0, "183->182": 0, "183->184": 0, "184->183": 0, "183->185": 0, "185->183": 0, "0->186": 0, "186->0": 0, "186->187": 0, "187->186": 0, "187->188": 0, "188->187": 0, "186->189": 0, "189->186": 0, "189->190": 0, "190->189": 0, "186->191": 0, "191->186": 0, "186->192": 0, "192->186": 0, "192->193": 0, "193->192": 0, "193->194": 0, "194->193": 0, "192->195": 0, "195->192": 0, "186->196": 0, "196->186": 0, "196->197": 0, "197->196": 0, "197->198": 0, "198->197": 0, "198->199": 0, "199->198": 0, "199->200": 0, "200->199": 0, "197->201": 0, "201->197": 0, "201->202": 0, "202->201": 0, "197->203": 0, "203->197": 0, "0->204": 0, "204->0": 0, "204->205": 0, "205->204": 0, "205->206": 0, "206->205": 0, "204->207": 0, "207->204": 0, "207->208": 0, "208->207": 0, "204->209": 0, "209->204": 0, "204->210": 0, "210->204": 0, "210->211": 0, "211->210": 0, "211->212": 0, "212->211": 0, "210->213": 0, "213->210": 0, "204->214": 0, "214->204": 0, "204->215": 0, "215->204": 0, "215->216": 0, "216->215": 0, "216->217": 0, "217->216": 0, "216->218": 0, "218->216": 0, "215->219": 0, "219->215": 0, "219->220": 0, "220->219": 0, "220->221": 0, "221->220": 0, "221->222": 0, "222->221": 0, "220->223": 0, "223->220": 0, "223->224": 0, "224->223": 0, "223->225": 0, "225->223": 0, "225->226": 0, "226->225": 0, "225->227": 0, "227->225": 0, "219->228": 0, "228->219": 0, "228->229": 0, "229->228": 0, "229->230": 0, "230->229": 0, "229->231": 0, "231->229": 0, "231->232": 0, "232->231": 0, "231->233": 0, "233->231": 0, "233->234": 0, "234->233": 0, "233->235": 0, "235->233": 0, "235->236": 0, "236->235": 0, "235->237": 0, "237->235": 0, "237->238": 0, "238->237": 0, "235->239": 0, "239->235": 0, "239->240": 0, "240->239": 0, "239->241": 0, "241->239": 0, "233->242": 0, "242->233": 0, "242->243": 0, "243->242": 0, "231->244": 0, "244->231": 0, "244->245": 0, "245->244": 0, "229->246": 0, "246->229": 0, "219->247": 0, "247->219": 0, "247->248": 0, "248->247": 0, "248->249": 0, "249->248": 0, "248->250": 0, "250->248": 0, "250->251": 0, "251->250": 0, "248->252": 0, "252->248": 0, "252->253": 0, "253->252": 0, "247->254": 0, "254->247": 0, "254->255": 0, "255->254": 0, "255->256": 0, "256->255": 0, "256->257": 0, "257->256": 0, "257->258": 0, "258->257": 0, "257->259": 0, "259->257": 0, "259->260": 0, "260->259": 0, "259->261": 0, "261->259": 0, "261->262": 0, "262->261": 0, "259->263": 0, "263->259": 0, "263->264": 0, "264->263": 0, "263->265": 0, "265->263": 0, "257->266": 0, "266->257": 0, "266->267": 0, "267->266": 0, "256->268": 0, "268->256": 0, "268->269": 0, "269->268": 0, "268->270": 0, "270->268": 0, "270->271": 0, "271->270": 0, "270->272": 0, "272->270": 0, "268->273": 0, "273->268": 0, "256->274": 0, "274->256": 0, "219->275": 0, "275->219": 0, "275->276": 0, "276->275": 0, "276->277": 0, "277->276": 0, "276->278": 0, "278->276": 0, "278->279": 0, "279->278": 0, "276->280": 0, "280->276": 0, "0->281": 0, "281->0": 0, "281->282": 0, "282->281": 0, "282->283": 0, "283->282": 0, "281->284": 0, "284->281": 0, "284->285": 0, "285->284": 0, "281->286": 0, "286->281": 0, "281->287": 0, "287->281": 0, "287->288": 0, "288->287": 0, "288->289": 0, "289->288": 0, "287->290": 0, "290->287": 0, "281->291": 0, "291->281": 0, "281->292": 0, "292->281": 0, "292->293": 0, "293->292": 0, "293->294": 0, "294->293": 0, "293->295": 0, "295->293": 0, "292->296": 0, "296->292": 0, "296->297": 0, "297->296": 0, "297->298": 0, "298->297": 0, "298->299": 0, "299->298": 0, "297->300": 0, "300->297": 0, "300->301": 0, "301->300": 0, "300->302": 0, "302->300": 0, "302->303": 0, "303->302": 0, "302->304": 0, "304->302": 0, "296->305": 0, "305->296": 0, "305->306": 0, "306->305": 0, "306->307": 0, "307->306": 0, "306->308": 0, "308->306": 0, "308->309": 0, "309->308": 0, "308->310": 0, "310->308": 0, "310->311": 0, "311->310": 0, "310->312": 0, "312->310": 0, "312->313": 0, "313->312": 0, "312->314": 0, "314->312": 0, "314->315": 0, "315->314": 0, "312->316": 0, "316->312": 0, "316->317": 0, "317->316": 0, "316->318": 0, "318->316": 0, "310->319": 0, "319->310": 0, "319->320": 0, "320->319": 0, "308->321": 0, "321->308": 0, "321->322": 0, "322->321": 0, "306->323": 0, "323->306": 0, "296->324": 0, "324->296": 0, "324->325": 0, "325->324": 0, "325->326": 0, "326->325": 0, "325->327": 0, "327->325": 0, "327->328": 0, "328->327": 0, "325->329": 0, "329->325": 0, "0->330": 0, "330->0": 0, "330->331": 0, "331->330": 0, "330->332": 0, "332->330": 0, "332->333": 0, "333->332": 0, "1->4": 1, "4->1": 12, "4->5": 1, "5->4": 12, "5->22": 1, "22->5": 12, "22->39": 1, "39->22": 12, "39->49": 1, "49->39": 12, "49->58": 1, "58->49": 12, "58->66": 1, "66->58": 12, "66->87": 1, "87->66": 12, "87->96": 1, "96->87": 12, "96->133": 1, "133->96": 12, "133->142": 1, "142->133": 12, "142->154": 1, "154->142": 12, "154->164": 1, "164->154": 12, "164->176": 1, "176->164": 12, "176->186": 1, "186->176": 12, "186->204": 1, "204->186": 12, "204->281": 1, "281->204": 12, "281->330": 1, "330->281": 12, "2->3": 2, "3->2": 3, "6->9": 1, "9->6": 12, "9->14": 1, "14->9": 12, "7->8": 2, "8->7": 3, "10->11": 1, "11->10": 12, "15->16": 1, "16->15": 12, "18->19": 1, "19->18": 12, "23->26": 1, "26->23": 12, "26->31": 1, "31->26": 12, "24->25": 2, "25->24": 3, "27->28": 1, "28->27": 12, "32->33": 1, "33->32": 12, "35->36": 1, "36->35": 12, "40->42": 1, "42->40": 12, "42->47": 1, "47->42": 12, "43->44": 1, "44->43": 12, "50->52": 1, "52->50": 12, "52->54": 1, "54->52": 12, "55->56": 1, "56->55": 12, "59->61": 1, "61->59": 12, "61->62": 1, "62->61": 12, "67->69": 1, "69->67": 12, "69->70": 1, "70->69": 12, "70->79": 1, "79->70": 12, "71->73": 1, "73->71": 12, "73->78": 1, "78->73": 12, "74->75": 1, "75->74": 12, "81->84": 1, "84->81": 12, "84->86": 1, "86->84": 12, "88->90": 1, "90->88": 12, "90->91": 1, "91->90": 12, "93->95": 1, "95->93": 12, "97->99": 1, "99->97": 12, "99->100": 1, "100->99": 12, "100->109": 1, "109->100": 12, "109->113": 1, "113->109": 12, "113->117": 1, "117->113": 12, "117->125": 1, "125->117": 12, "101->103": 1, "103->101": 12, "103->108": 1, "108->103": 12, "104->105": 1, "105->104": 12, "111->112": 2, "112->111": 3, "115->116": 2, "116->115": 3, "119->122": 1, "122->119": 12, "122->124": 1, "124->122": 12, "127->130": 1, "130->127": 12, "130->132": 1, "132->130": 12, "134->136": 1, "136->134": 12, "136->138": 1, "138->136": 12, "138->139": 1, "139->138": 12, "143->145": 1, "145->143": 12, "145->150": 1, "150->145": 12, "150->151": 1, "151->150": 12, "146->147": 1, "147->146": 12, "155->157": 1, "157->155": 12, "157->159": 1, "159->157": 12, "159->160": 1, "160->159": 12, "162->163": 2, "163->162": 3, "165->167": 1, "167->165": 12, "167->172": 1, "172->167": 12, "172->173": 1, "173->172": 12, "168->169": 1, "169->168": 12, "177->179": 1, "179->177": 12, "179->181": 1, "181->179": 12, "181->182": 1, "182->181": 12, "184->185": 2, "185->184": 3, "187->189": 1, "189->187": 12, "189->191": 1, "191->189": 12, "191->192": 1, "192->191": 12, "192->196": 1, "196->192": 12, "193->195": 1, "195->193": 12, "198->201": 1, "201->198": 12, "201->203": 1, "203->201": 12, "205->207": 1, "207->205": 12, "207->209": 1, "209->207": 12, "209->210": 1, "210->209": 12, "210->214": 1, "214->210": 12, "214->215": 1, "215->214": 12, "211->213": 1, "213->211": 12, "216->219": 8, "219->216": 8, "217->218": 2, "218->217": 3, "220->228": 10, "228->220": 11, "228->247": 10, "247->228": 11, "247->275": 10, "275->247": 11, "221->223": 1, "223->221": 12, "224->225": 1, "225->224": 12, "226->227": 2, "227->226": 3, "230->231": 1, "231->230": 12, "231->246": 1, "246->231": 12, "232->233": 1, "233->232": 12, "233->244": 1, "244->233": 12, "234->235": 1, "235->234": 12, "235->242": 1, "242->235": 12, "236->237": 1, "237->236": 12, "237->239": 1, "239->237": 12, "240->241": 2, "241->240": 3, "248->254": 6, "254->248": 6, "249->250": 1, "250->249": 12, "250->252": 1, "252->250": 12, "257->268": 1, "268->257": 12, "268->274": 1, "274->268": 12, "258->259": 1, "259->258": 12, "259->266": 1, "266->259": 12, "260->261": 1, "261->260": 12, "261->263": 1, "263->261": 12, "264->265": 2, "265->264": 3, "269->270": 1, "270->269": 12, "270->273": 1, "273->270": 12, "271->272": 2, "272->271": 3, "277->278": 1, "278->277": 12, "278->280": 1, "280->278": 12, "282->284": 1, "284->282": 12, "284->286": 1, "286->284": 12, "286->287": 1, "287->286": 12, "287->291": 1, "291->287": 12, "291->292": 1, "292->291": 12, "288->290": 1, "290->288": 12, "293->296": 8, "296->293": 8, "294->295": 2, "295->294": 3, "297->305": 10, "305->297": 11, "305->324": 10, "324->305": 11, "298->300": 1, "300->298": 12, "301->302": 1, "302->301": 12, "303->304": 2, "304->303": 3, "307->308": 1, "308->307": 12, "308->323": 1, "323->308": 12, "309->310": 1, "310->309": 12, "310->321": 1, "321->310": 12, "311->312": 1, "312->311": 12, "312->319": 1, "319->312": 12, "313->314": 1, "314->313": 12, "314->316": 1, "316->314": 12, "317->318": 2, "318->317": 3, "326->327": 1, "327->326": 12, "327->329": 1, "329->327": 12, "331->332": 1, "332->331": 12, "3->4": 2, "4->3": 3, "4->7": 2, "7->4": 3, "8->10": 2, "10->8": 3, "10->13": 2, "13->10": 3, "13->15": 2, "15->13": 3, "15->18": 2, "18->15": 3, "18->21": 2, "21->18": 3, "21->24": 2, "24->21": 3, "25->27": 2, "27->25": 3, "27->30": 2, "30->27": 3, "30->32": 2, "32->30": 3, "32->35": 2, "35->32": 3, "35->38": 2, "38->35": 3, "38->41": 2, "41->38": 3, "41->43": 2, "43->41": 3, "43->46": 2, "46->43": 3, "46->48": 2, "48->46": 3, "48->51": 2, "51->48": 3, "51->53": 2, "53->51": 3, "53->55": 2, "55->53": 3, "55->57": 2, "57->55": 3, "57->60": 2, "60->57": 3, "60->61": 2, "61->60": 3, "61->65": 2, "65->61": 3, "65->68": 2, "68->65": 3, "68->69": 2, "69->68": 3, "69->72": 2, "72->69": 3, "72->74": 2, "74->72": 3, "74->77": 2, "77->74": 3, "77->78": 2, "78->77": 3, "78->83": 2, "83->78": 3, "83->85": 4, "85->83": 5, "85->86": 2, "86->85": 3, "86->89": 2, "89->86": 3, "89->90": 2, "90->89": 3, "90->94": 2, "94->90": 3, "94->95": 2, "95->94": 3, "95->98": 2, "98->95": 3, "98->99": 2, "99->98": 3, "99->102": 2, "102->99": 3, "102->104": 2, "104->102": 3, "104->107": 2, "107->104": 3, "107->108": 2, "108->107": 3, "108->111": 2, "111->108": 3, "112->115": 2, "115->112": 3, "116->121": 2, "121->116": 3, "121->123": 4, "123->121": 5, "123->124": 2, "124->123": 3, "124->129": 2, "129->124": 3, "129->131": 2, "131->129": 3, "131->132": 2, "132->131": 3, "132->135": 2, "135->132": 3, "135->137": 2, "137->135": 3, "137->138": 2, "138->137": 3, "138->141": 2, "141->138": 3, "141->144": 2, "144->141": 3, "144->146": 2, "146->144": 3, "146->149": 2, "149->146": 3, "149->150": 2, "150->149": 3, "150->153": 2, "153->150": 3, "153->156": 2, "156->153": 3, "156->158": 2, "158->156": 3, "158->159": 2, "159->158": 3, "159->162": 2, "162->159": 3, "163->166": 2, "166->163": 3, "166->168": 2, "168->166": 3, "168->171": 2, "171->168": 3, "171->172": 2, "172->171": 3, "172->175": 2, "175->172": 3, "175->178": 2, "178->175": 3, "178->180": 2, "180->178": 3, "180->181": 2, "181->180": 3, "181->184": 2, "184->181": 3, "185->188": 2, "188->185": 3, "188->190": 2, "190->188": 3, "190->191": 2, "191->190": 3, "191->194": 2, "194->191": 3, "194->195": 2, "195->194": 3, "195->200": 2, "200->195": 3, "200->202": 4, "202->200": 5, "202->203": 2, "203->202": 3, "203->206": 2, "206->203": 3, "206->208": 2, "208->206": 3, "208->209": 2, "209->208": 3, "209->212": 2, "212->209": 3, "212->213": 2, "213->212": 3, "213->214": 2, "214->213": 3, "214->217": 2, "217->214": 3, "218->222": 2, "222->218": 3, "222->224": 2, "224->222": 3, "224->226": 2, "226->224": 3, "227->230": 2, "230->227": 3, "230->232": 2, "232->230": 3, "232->234": 2, "234->232": 3, "234->236": 2, "236->234": 3, "236->238": 2, "238->236": 3, "238->240": 2, "240->238": 3, "241->243": 2, "243->241": 3, "243->245": 2, "245->243": 3, "245->246": 2, "246->245": 3, "246->249": 2, "249->246": 3, "249->251": 2, "251->249": 3, "251->253": 2, "253->251": 3, "253->258": 2, "258->253": 3, "258->260": 2, "260->258": 3, "260->262": 2, "262->260": 3, "262->264": 2, "264->262": 3, "265->267": 2, "267->265": 3, "267->269": 2, "269->267": 3, "269->271": 2, "271->269": 3, "272->273": 2, "273->272": 3, "273->274": 2, "274->273": 3, "274->277": 2, "277->274": 3, "277->279": 2, "279->277": 3, "279->280": 2, "280->279": 3, "280->283": 2, "283->280": 3, "283->285": 2, "285->283": 3, "285->286": 2, "286->285": 3, "286->289": 2, "289->286": 3, "289->290": 2, "290->289": 3, "290->291": 2, "291->290": 3, "291->294": 2, "294->291": 3, "295->299": 2, "299->295": 3, "299->301": 2, "301->299": 3, "301->303": 2, "303->301": 3, "304->307": 2, "307->304": 3, "307->309": 2, "309->307": 3, "309->311": 2, "311->309": 3, "311->313": 2, "313->311": 3, "313->315": 2, "315->313": 3, "315->317": 2, "317->315": 3, "318->320": 2, "320->318": 3, "320->322": 2, "322->320": 3, "322->323": 2, "323->322": 3, "323->326": 2, "326->323": 3, "326->328": 2, "328->326": 3, "328->329": 2, "329->328": 3, "329->331": 2, "331->329": 3, "331->333": 2, "333->331": 3, "85->121": 4, "121->85": 5, "123->251": 4, "251->123": 5, "129->141": 4, "141->129": 5, "141->200": 4, "200->141": 5, "245->279": 4, "279->245": 5, "279->322": 4, "322->279": 5, "322->328": 4, "328->322": 5}, "metrics": [4.0, 0.0, 12.0, 12.0, 56.0, 15.0, 0.0, 0.0, 0.16666666666666666, 0.0, 3.0]}