{"nodelist": ["ClassDeclaration", "{'private', 'static'}", "private", "static", "ConnectionId", "FieldDeclaration", "{'final'}", "final", "ReferenceType", "InetSocketAddress", "VariableDeclarator", "address", "FieldDeclaration", "{'final'}", "final", "ReferenceType", "UserGroupInformation", "VariableDeclarator", "ticket", "FieldDeclaration", "{'final', 'private'}", "final", "private", "BasicType", "int", "VariableDeclarator", "rpcTimeout", "ConstructorDeclaration", "ConnectionId", "FormalParameter", "ReferenceType", "InetSocketAddress", "address", "FormalParameter", "ReferenceType", "UserGroupInformation", "ticket", "FormalParameter", "BasicType", "int", "rpcTimeout", "StatementExpression", "Assignment", "This", "MemberReference", "address", "MemberReference", "address", "=", "StatementExpression", "Assignment", "This", "MemberReference", "ticket", "MemberReference", "ticket", "=", "StatementExpression", "Assignment", "This", "MemberReference", "rpcTimeout", "MemberReference", "rpcTimeout", "=", "MethodDeclaration", "ReferenceType", "InetSocketAddress", "getAddress", "ReturnStatement", "MemberReference", "address", "MethodDeclaration", "ReferenceType", "UserGroupInformation", "getTicket", "ReturnStatement", "MemberReference", "ticket", "MethodDeclaration", "{'public'}", "public", "Annotation", "Override", "BasicType", "boolean", "equals", "FormalParameter", "ReferenceType", "Object", "obj", "IfStatement", "BinaryOperation", "instanceof", "MemberReference", "obj", "ReferenceType", "ConnectionId", "BlockStatement", "LocalVariableDeclaration", "ReferenceType", "ConnectionId", "VariableDeclarator", "id", "Cast", "ReferenceType", "ConnectionId", "MemberReference", "obj", "ReturnStatement", "BinaryOperation", "&&", "BinaryOperation", "&&", "MethodInvocation", "address", "MemberReference", "id", "address", "equals", "BinaryOperation", "==", "MemberReference", "ticket", "MemberReference", "id", "ticket", "BinaryOperation", "==", "MemberReference", "rpcTimeout", "MemberReference", "id", "rpcTimeout", "ReturnStatement", "Literal", "false", "MethodDeclaration", "{'public'}", "public", "Annotation", "Override", "BasicType", "int", "hashCode", "ReturnStatement", "BinaryOperation", "^", "BinaryOperation", "^", "MethodInvocation", "address", "hashCode", "MethodInvocation", "System", "MemberReference", "ticket", "identityHashCode", "MemberReference", "rpcTimeout"], "nodes": {"0": "ClassDeclaration", "1": "Modifier", "2": "private", "3": "static", "4": "ConnectionId", "5": "FieldDeclaration", "6": "Modifier", "7": "final", "8": "ReferenceType", "9": "InetSocketAddress", "10": "VariableDeclarator", "11": "address", "12": "FieldDeclaration", "13": "Modifier", "14": "final", "15": "ReferenceType", "16": "UserGroupInformation", "17": "VariableDeclarator", "18": "ticket", "19": "FieldDeclaration", "20": "Modifier", "21": "final", "22": "private", "23": "BasicType", "24": "int", "25": "VariableDeclarator", "26": "rpcTimeout", "27": "ConstructorDeclaration", "28": "ConnectionId", "29": "FormalParameter", "30": "ReferenceType", "31": "InetSocketAddress", "32": "address", "33": "FormalParameter", "34": "ReferenceType", "35": "UserGroupInformation", "36": "ticket", "37": "FormalParameter", "38": "BasicType", "39": "int", "40": "rpcTimeout", "41": "StatementExpression", "42": "Assignment", "43": "This", "44": "MemberReference", "45": "address", "46": "MemberReference", "47": "address", "48": "=", "49": "StatementExpression", "50": "Assignment", "51": "This", "52": "MemberReference", "53": "ticket", "54": "MemberReference", "55": "ticket", "56": "=", "57": "StatementExpression", "58": "Assignment", "59": "This", "60": "MemberReference", "61": "rpcTimeout", "62": "MemberReference", "63": "rpcTimeout", "64": "=", "65": "MethodDeclaration", "66": "ReferenceType", "67": "InetSocketAddress", "68": "getAddress", "69": "ReturnStatement", "70": "MemberReference", "71": "address", "72": "MethodDeclaration", "73": "ReferenceType", "74": "UserGroupInformation", "75": "getTicket", "76": "ReturnStatement", "77": "MemberReference", "78": "ticket", "79": "MethodDeclaration", "80": "Modifier", "81": "public", "82": "Annotation", "83": "Override", "84": "BasicType", "85": "boolean", "86": "equals", "87": "FormalParameter", "88": "ReferenceType", "89": "Object", "90": "obj", "91": "IfStatement", "92": "BinaryOperation", "93": "instanceof", "94": "MemberReference", "95": "obj", "96": "ReferenceType", "97": "ConnectionId", "98": "BlockStatement", "99": "LocalVariableDeclaration", "100": "ReferenceType", "101": "ConnectionId", "102": "VariableDeclarator", "103": "id", "104": "Cast", "105": "ReferenceType", "106": "ConnectionId", "107": "MemberReference", "108": "obj", "109": "ReturnStatement", "110": "BinaryOperation", "111": "&&", "112": "BinaryOperation", "113": "&&", "114": "MethodInvocation", "115": "address", "116": "MemberReference", "117": "id", "118": "address", "119": "equals", "120": "BinaryOperation", "121": "==", "122": "MemberReference", "123": "ticket", "124": "MemberReference", "125": "id", "126": "ticket", "127": "BinaryOperation", "128": "==", "129": "MemberReference", "130": "rpcTimeout", "131": "MemberReference", "132": "id", "133": "rpcTimeout", "134": "ReturnStatement", "135": "Literal", "136": "false", "137": "MethodDeclaration", "138": "Modifier", "139": "public", "140": "Annotation", "141": "Override", "142": "BasicType", "143": "int", "144": "hashCode", "145": "ReturnStatement", "146": "BinaryOperation", "147": "^", "148": "BinaryOperation", "149": "^", "150": "MethodInvocation", "151": "address", "152": "hashCode", "153": "MethodInvocation", "154": "System", "155": "MemberReference", "156": "ticket", "157": "identityHashCode", "158": "MemberReference", "159": "rpcTimeout"}, "edges": {"0->1": 0, "1->0": 0, "1->2": 0, "2->1": 0, "1->3": 0, "3->1": 0, "0->4": 0, "4->0": 0, "0->5": 0, "5->0": 0, "5->6": 0, "6->5": 0, "6->7": 0, "7->6": 0, "5->8": 0, "8->5": 0, "8->9": 0, "9->8": 0, "5->10": 0, "10->5": 0, "10->11": 0, "11->10": 0, "0->12": 0, "12->0": 0, "12->13": 0, "13->12": 0, "13->14": 0, "14->13": 0, "12->15": 0, "15->12": 0, "15->16": 0, "16->15": 0, "12->17": 0, "17->12": 0, "17->18": 0, "18->17": 0, "0->19": 0, "19->0": 0, "19->20": 0, "20->19": 0, "20->21": 0, "21->20": 0, "20->22": 0, "22->20": 0, "19->23": 0, "23->19": 0, "23->24": 0, "24->23": 0, "19->25": 0, "25->19": 0, "25->26": 0, "26->25": 0, "0->27": 0, "27->0": 0, "27->28": 0, "28->27": 0, "27->29": 0, "29->27": 0, "29->30": 0, "30->29": 0, "30->31": 0, "31->30": 0, "29->32": 0, "32->29": 0, "27->33": 0, "33->27": 0, "33->34": 0, "34->33": 0, "34->35": 0, "35->34": 0, "33->36": 0, "36->33": 0, "27->37": 0, "37->27": 0, "37->38": 0, "38->37": 0, "38->39": 0, "39->38": 0, "37->40": 0, "40->37": 0, "27->41": 0, "41->27": 0, "41->42": 0, "42->41": 0, "42->43": 0, "43->42": 0, "43->44": 0, "44->43": 0, "44->45": 0, "45->44": 0, "42->46": 0, "46->42": 0, "46->47": 0, "47->46": 0, "42->48": 0, "48->42": 0, "27->49": 0, "49->27": 0, "49->50": 0, "50->49": 0, "50->51": 0, "51->50": 0, "51->52": 0, "52->51": 0, "52->53": 0, "53->52": 0, "50->54": 0, "54->50": 0, "54->55": 0, "55->54": 0, "50->56": 0, "56->50": 0, "27->57": 0, "57->27": 0, "57->58": 0, "58->57": 0, "58->59": 0, "59->58": 0, "59->60": 0, "60->59": 0, "60->61": 0, "61->60": 0, "58->62": 0, "62->58": 0, "62->63": 0, "63->62": 0, "58->64": 0, "64->58": 0, "0->65": 0, "65->0": 0, "65->66": 0, "66->65": 0, "66->67": 0, "67->66": 0, "65->68": 0, "68->65": 0, "65->69": 0, "69->65": 0, "69->70": 0, "70->69": 0, "70->71": 0, "71->70": 0, "0->72": 0, "72->0": 0, "72->73": 0, "73->72": 0, "73->74": 0, "74->73": 0, "72->75": 0, "75->72": 0, "72->76": 0, "76->72": 0, "76->77": 0, "77->76": 0, "77->78": 0, "78->77": 0, "0->79": 0, "79->0": 0, "79->80": 0, "80->79": 0, "80->81": 0, "81->80": 0, "79->82": 0, "82->79": 0, "82->83": 0, "83->82": 0, "79->84": 0, "84->79": 0, "84->85": 0, "85->84": 0, "79->86": 0, "86->79": 0, "79->87": 0, "87->79": 0, "87->88": 0, "88->87": 0, "88->89": 0, "89->88": 0, "87->90": 0, "90->87": 0, "79->91": 0, "91->79": 0, "91->92": 0, "92->91": 0, "92->93": 0, "93->92": 0, "92->94": 0, "94->92": 0, "94->95": 0, "95->94": 0, "92->96": 0, "96->92": 0, "96->97": 0, "97->96": 0, "91->98": 0, "98->91": 0, "98->99": 0, "99->98": 0, "99->100": 0, "100->99": 0, "100->101": 0, "101->100": 0, "99->102": 0, "102->99": 0, "102->103": 0, "103->102": 0, "102->104": 0, "104->102": 0, "104->105": 0, "105->104": 0, "105->106": 0, "106->105": 0, "104->107": 0, "107->104": 0, "107->108": 0, "108->107": 0, "98->109": 0, "109->98": 0, "109->110": 0, "110->109": 0, "110->111": 0, "111->110": 0, "110->112": 0, "112->110": 0, "112->113": 0, "113->112": 0, "112->114": 0, "114->112": 0, "114->115": 0, "115->114": 0, "114->116": 0, "116->114": 0, "116->117": 0, "117->116": 0, "116->118": 0, "118->116": 0, "114->119": 0, "119->114": 0, "112->120": 0, "120->112": 0, "120->121": 0, "121->120": 0, "120->122": 0, "122->120": 0, "122->123": 0, "123->122": 0, "120->124": 0, "124->120": 0, "124->125": 0, "125->124": 0, "124->126": 0, "126->124": 0, "110->127": 0, "127->110": 0, "127->128": 0, "128->127": 0, "127->129": 0, "129->127": 0, "129->130": 0, "130->129": 0, "127->131": 0, "131->127": 0, "131->132": 0, "132->131": 0, "131->133": 0, "133->131": 0, "79->134": 0, "134->79": 0, "134->135": 0, "135->134": 0, "135->136": 0, "136->135": 0, "0->137": 0, "137->0": 0, "137->138": 0, "138->137": 0, "138->139": 0, "139->138": 0, "137->140": 0, "140->137": 0, "140->141": 0, "141->140": 0, "137->142": 0, "142->137": 0, "142->143": 0, "143->142": 0, "137->144": 0, "144->137": 0, "137->145": 0, "145->137": 0, "145->146": 0, "146->145": 0, "146->147": 0, "147->146": 0, "146->148": 0, "148->146": 0, "148->149": 0, "149->148": 0, "148->150": 0, "150->148": 0, "150->151": 0, "151->150": 0, "150->152": 0, "152->150": 0, "148->153": 0, "153->148": 0, "153->154": 0, "154->153": 0, "153->155": 0, "155->153": 0, "155->156": 0, "156->155": 0, "153->157": 0, "157->153": 0, "146->158": 0, "158->146": 0, "158->159": 0, "159->158": 0, "1->4": 1, "4->1": 12, "4->5": 1, "5->4": 12, "5->12": 1, "12->5": 12, "12->19": 1, "19->12": 12, "19->27": 1, "27->19": 12, "27->65": 1, "65->27": 12, "65->72": 1, "72->65": 12, "72->79": 1, "79->72": 12, "79->137": 1, "137->79": 12, "2->3": 2, "3->2": 3, "6->8": 1, "8->6": 12, "8->10": 1, "10->8": 12, "13->15": 1, "15->13": 12, "15->17": 1, "17->15": 12, "20->23": 1, "23->20": 12, "23->25": 1, "25->23": 12, "21->22": 2, "22->21": 3, "28->29": 1, "29->28": 12, "29->33": 1, "33->29": 12, "33->37": 1, "37->33": 12, "37->41": 1, "41->37": 12, "41->49": 1, "49->41": 12, "49->57": 1, "57->49": 12, "30->32": 1, "32->30": 12, "34->36": 1, "36->34": 12, "38->40": 1, "40->38": 12, "43->46": 1, "46->43": 12, "46->48": 1, "48->46": 12, "51->54": 1, "54->51": 12, "54->56": 1, "56->54": 12, "59->62": 1, "62->59": 12, "62->64": 1, "64->62": 12, "66->68": 1, "68->66": 12, "68->69": 1, "69->68": 12, "73->75": 1, "75->73": 12, "75->76": 1, "76->75": 12, "80->82": 1, "82->80": 12, "82->84": 1, "84->82": 12, "84->86": 1, "86->84": 12, "86->87": 1, "87->86": 12, "87->91": 1, "91->87": 12, "91->134": 1, "134->91": 12, "88->90": 1, "90->88": 12, "92->98": 6, "98->92": 6, "93->94": 1, "94->93": 12, "94->96": 1, "96->94": 12, "99->109": 10, "109->99": 11, "100->102": 1, "102->100": 12, "103->104": 1, "104->103": 12, "105->107": 1, "107->105": 12, "111->112": 1, "112->111": 12, "112->127": 1, "127->112": 12, "113->114": 1, "114->113": 12, "114->120": 1, "120->114": 12, "115->116": 1, "116->115": 12, "116->119": 1, "119->116": 12, "117->118": 2, "118->117": 3, "121->122": 1, "122->121": 12, "122->124": 1, "124->122": 12, "125->126": 2, "126->125": 3, "128->129": 1, "129->128": 12, "129->131": 1, "131->129": 12, "132->133": 2, "133->132": 3, "138->140": 1, "140->138": 12, "140->142": 1, "142->140": 12, "142->144": 1, "144->142": 12, "144->145": 1, "145->144": 12, "147->148": 1, "148->147": 12, "148->158": 1, "158->148": 12, "149->150": 1, "150->149": 12, "150->153": 1, "153->150": 12, "151->152": 2, "152->151": 3, "154->155": 1, "155->154": 12, "155->157": 1, "157->155": 12, "3->4": 2, "4->3": 3, "4->7": 2, "7->4": 3, "7->9": 2, "9->7": 3, "9->11": 2, "11->9": 3, "11->14": 2, "14->11": 3, "14->16": 2, "16->14": 3, "16->18": 2, "18->16": 3, "18->21": 2, "21->18": 3, "22->24": 2, "24->22": 3, "24->26": 2, "26->24": 3, "26->28": 2, "28->26": 3, "28->31": 2, "31->28": 3, "31->32": 2, "32->31": 3, "32->35": 2, "35->32": 3, "35->36": 2, "36->35": 3, "36->39": 2, "39->36": 3, "39->40": 2, "40->39": 3, "40->45": 2, "45->40": 3, "45->47": 4, "47->45": 5, "47->48": 2, "48->47": 3, "48->53": 2, "53->48": 3, "53->55": 4, "55->53": 5, "55->56": 2, "56->55": 3, "56->61": 2, "61->56": 3, "61->63": 4, "63->61": 5, "63->64": 2, "64->63": 3, "64->67": 2, "67->64": 3, "67->68": 2, "68->67": 3, "68->71": 2, "71->68": 3, "71->74": 2, "74->71": 3, "74->75": 2, "75->74": 3, "75->78": 2, "78->75": 3, "78->81": 2, "81->78": 3, "81->83": 2, "83->81": 3, "83->85": 2, "85->83": 3, "85->86": 2, "86->85": 3, "86->89": 2, "89->86": 3, "89->90": 2, "90->89": 3, "90->93": 2, "93->90": 3, "93->95": 2, "95->93": 3, "95->97": 2, "97->95": 3, "97->101": 2, "101->97": 3, "101->103": 2, "103->101": 3, "103->106": 2, "106->103": 3, "106->108": 2, "108->106": 3, "108->111": 2, "111->108": 3, "111->113": 2, "113->111": 3, "113->115": 2, "115->113": 3, "115->117": 2, "117->115": 3, "118->119": 2, "119->118": 3, "119->121": 2, "121->119": 3, "121->123": 2, "123->121": 3, "123->125": 2, "125->123": 3, "126->128": 2, "128->126": 3, "128->130": 2, "130->128": 3, "130->132": 2, "132->130": 3, "133->136": 2, "136->133": 3, "136->139": 2, "139->136": 3, "139->141": 2, "141->139": 3, "141->143": 2, "143->141": 3, "143->144": 2, "144->143": 3, "144->147": 2, "147->144": 3, "147->149": 2, "149->147": 3, "149->151": 2, "151->149": 3, "152->154": 2, "154->152": 3, "154->156": 2, "156->154": 3, "156->157": 2, "157->156": 3, "157->159": 2, "159->157": 3, "47->71": 4, "71->47": 5, "71->118": 4, "118->71": 5, "55->78": 4, "78->55": 5, "78->123": 4, "123->78": 5, "123->126": 4, "126->123": 5, "126->156": 4, "156->126": 5, "63->130": 4, "130->63": 5, "130->133": 4, "133->130": 5, "133->159": 4, "159->133": 5, "95->108": 4, "108->95": 5}, "metrics": [3.0, 0.0, 5.0, 2.0, 29.0, 6.0, 0.0, 0.0, 0.0, 3.0, 1.0]}