{"nodelist": ["ClassDeclaration", "{'public', 'static'}", "public", "static", "PeInputSplit", "FieldDeclaration", "{'private'}", "private", "BasicType", "int", "VariableDeclarator", "startRow", "Literal", "0", "FieldDeclaration", "{'private'}", "private", "BasicType", "int", "VariableDeclarator", "rows", "Literal", "0", "FieldDeclaration", "{'private'}", "private", "BasicType", "int", "VariableDeclarator", "totalRows", "Literal", "0", "FieldDeclaration", "{'private'}", "private", "BasicType", "int", "VariableDeclarator", "clients", "Literal", "0", "FieldDeclaration", "{'private'}", "private", "BasicType", "int", "VariableDeclarator", "rowsPerPut", "Literal", "1", "ConstructorDeclaration", "{'public'}", "public", "PeInputSplit", "StatementExpression", "Assignment", "This", "MemberReference", "startRow", "Literal", "0", "=", "StatementExpression", "Assignment", "This", "MemberReference", "rows", "Literal", "0", "=", "StatementExpression", "Assignment", "This", "MemberReference", "totalRows", "Literal", "0", "=", "StatementExpression", "Assignment", "This", "MemberReference", "clients", "Literal", "0", "=", "StatementExpression", "Assignment", "This", "MemberReference", "rowsPerPut", "Literal", "1", "=", "ConstructorDeclaration", "{'public'}", "public", "PeInputSplit", "FormalParameter", "BasicType", "int", "startRow", "FormalParameter", "BasicType", "int", "rows", "FormalParameter", "BasicType", "int", "totalRows", "FormalParameter", "BasicType", "int", "clients", "FormalParameter", "BasicType", "int", "rowsPerPut", "StatementExpression", "Assignment", "This", "MemberReference", "startRow", "MemberReference", "startRow", "=", "StatementExpression", "Assignment", "This", "MemberReference", "rows", "MemberReference", "rows", "=", "StatementExpression", "Assignment", "This", "MemberReference", "totalRows", "MemberReference", "totalRows", "=", "StatementExpression", "Assignment", "This", "MemberReference", "clients", "MemberReference", "clients", "=", "StatementExpression", "Assignment", "This", "MemberReference", "rowsPerPut", "Literal", "1", "=", "MethodDeclaration", "{'public'}", "public", "Annotation", "Override", "readFields", "FormalParameter", "ReferenceType", "DataInput", "in", "IOException", "StatementExpression", "Assignment", "This", "MemberReference", "startRow", "MethodInvocation", "in", "readInt", "=", "StatementExpression", "Assignment", "This", "MemberReference", "rows", "MethodInvocation", "in", "readInt", "=", "StatementExpression", "Assignment", "This", "MemberReference", "totalRows", "MethodInvocation", "in", "readInt", "=", "StatementExpression", "Assignment", "This", "MemberReference", "clients", "MethodInvocation", "in", "readInt", "=", "StatementExpression", "Assignment", "This", "MemberReference", "rowsPerPut", "MethodInvocation", "in", "readInt", "=", "MethodDeclaration", "{'public'}", "public", "Annotation", "Override", "write", "FormalParameter", "ReferenceType", "DataOutput", "out", "IOException", "StatementExpression", "MethodInvocation", "out", "MemberReference", "startRow", "writeInt", "StatementExpression", "MethodInvocation", "out", "MemberReference", "rows", "writeInt", "StatementExpression", "MethodInvocation", "out", "MemberReference", "totalRows", "writeInt", "StatementExpression", "MethodInvocation", "out", "MemberReference", "clients", "writeInt", "StatementExpression", "MethodInvocation", "out", "MemberReference", "rowsPerPut", "writeInt", "MethodDeclaration", "{'public'}", "public", "Annotation", "Override", "BasicType", "long", "getLength", "IOException", "InterruptedException", "ReturnStatement", "Literal", "0", "MethodDeclaration", "{'public'}", "public", "Annotation", "Override", "ReferenceType", "String", "getLocations", "IOException", "InterruptedException", "ReturnStatement", "ArrayCreator", "ReferenceType", "String", "Literal", "0", "MethodDeclaration", "{'public'}", "public", "BasicType", "int", "getStartRow", "ReturnStatement", "MemberReference", "startRow", "MethodDeclaration", "{'public'}", "public", "BasicType", "int", "getRows", "ReturnStatement", "MemberReference", "rows", "MethodDeclaration", "{'public'}", "public", "BasicType", "int", "getTotalRows", "ReturnStatement", "MemberReference", "totalRows", "MethodDeclaration", "{'public'}", "public", "BasicType", "int", "getClients", "ReturnStatement", "MemberReference", "clients", "MethodDeclaration", "{'public'}", "public", "BasicType", "int", "getRowsPerPut", "ReturnStatement", "MemberReference", "rowsPerPut", "ReferenceType", "InputSplit", "ReferenceType", "Writable"], "nodes": {"0": "ClassDeclaration", "1": "Modifier", "2": "public", "3": "static", "4": "PeInputSplit", "5": "FieldDeclaration", "6": "Modifier", "7": "private", "8": "BasicType", "9": "int", "10": "VariableDeclarator", "11": "startRow", "12": "Literal", "13": "0", "14": "FieldDeclaration", "15": "Modifier", "16": "private", "17": "BasicType", "18": "int", "19": "VariableDeclarator", "20": "rows", "21": "Literal", "22": "0", "23": "FieldDeclaration", "24": "Modifier", "25": "private", "26": "BasicType", "27": "int", "28": "VariableDeclarator", "29": "totalRows", "30": "Literal", "31": "0", "32": "FieldDeclaration", "33": "Modifier", "34": "private", "35": "BasicType", "36": "int", "37": "VariableDeclarator", "38": "clients", "39": "Literal", "40": "0", "41": "FieldDeclaration", "42": "Modifier", "43": "private", "44": "BasicType", "45": "int", "46": "VariableDeclarator", "47": "rowsPerPut", "48": "Literal", "49": "1", "50": "ConstructorDeclaration", "51": "Modifier", "52": "public", "53": "PeInputSplit", "54": "StatementExpression", "55": "Assignment", "56": "This", "57": "MemberReference", "58": "startRow", "59": "Literal", "60": "0", "61": "=", "62": "StatementExpression", "63": "Assignment", "64": "This", "65": "MemberReference", "66": "rows", "67": "Literal", "68": "0", "69": "=", "70": "StatementExpression", "71": "Assignment", "72": "This", "73": "MemberReference", "74": "totalRows", "75": "Literal", "76": "0", "77": "=", "78": "StatementExpression", "79": "Assignment", "80": "This", "81": "MemberReference", "82": "clients", "83": "Literal", "84": "0", "85": "=", "86": "StatementExpression", "87": "Assignment", "88": "This", "89": "MemberReference", "90": "rowsPerPut", "91": "Literal", "92": "1", "93": "=", "94": "ConstructorDeclaration", "95": "Modifier", "96": "public", "97": "PeInputSplit", "98": "FormalParameter", "99": "BasicType", "100": "int", "101": "startRow", "102": "FormalParameter", "103": "BasicType", "104": "int", "105": "rows", "106": "FormalParameter", "107": "BasicType", "108": "int", "109": "totalRows", "110": "FormalParameter", "111": "BasicType", "112": "int", "113": "clients", "114": "FormalParameter", "115": "BasicType", "116": "int", "117": "rowsPerPut", "118": "StatementExpression", "119": "Assignment", "120": "This", "121": "MemberReference", "122": "startRow", "123": "MemberReference", "124": "startRow", "125": "=", "126": "StatementExpression", "127": "Assignment", "128": "This", "129": "MemberReference", "130": "rows", "131": "MemberReference", "132": "rows", "133": "=", "134": "StatementExpression", "135": "Assignment", "136": "This", "137": "MemberReference", "138": "totalRows", "139": "MemberReference", "140": "totalRows", "141": "=", "142": "StatementExpression", "143": "Assignment", "144": "This", "145": "MemberReference", "146": "clients", "147": "MemberReference", "148": "clients", "149": "=", "150": "StatementExpression", "151": "Assignment", "152": "This", "153": "MemberReference", "154": "rowsPerPut", "155": "Literal", "156": "1", "157": "=", "158": "MethodDeclaration", "159": "Modifier", "160": "public", "161": "Annotation", "162": "Override", "163": "readFields", "164": "FormalParameter", "165": "ReferenceType", "166": "DataInput", "167": "in", "168": "IOException", "169": "StatementExpression", "170": "Assignment", "171": "This", "172": "MemberReference", "173": "startRow", "174": "MethodInvocation", "175": "in", "176": "readInt", "177": "=", "178": "StatementExpression", "179": "Assignment", "180": "This", "181": "MemberReference", "182": "rows", "183": "MethodInvocation", "184": "in", "185": "readInt", "186": "=", "187": "StatementExpression", "188": "Assignment", "189": "This", "190": "MemberReference", "191": "totalRows", "192": "MethodInvocation", "193": "in", "194": "readInt", "195": "=", "196": "StatementExpression", "197": "Assignment", "198": "This", "199": "MemberReference", "200": "clients", "201": "MethodInvocation", "202": "in", "203": "readInt", "204": "=", "205": "StatementExpression", "206": "Assignment", "207": "This", "208": "MemberReference", "209": "rowsPerPut", "210": "MethodInvocation", "211": "in", "212": "readInt", "213": "=", "214": "MethodDeclaration", "215": "Modifier", "216": "public", "217": "Annotation", "218": "Override", "219": "write", "220": "FormalParameter", "221": "ReferenceType", "222": "DataOutput", "223": "out", "224": "IOException", "225": "StatementExpression", "226": "MethodInvocation", "227": "out", "228": "MemberReference", "229": "startRow", "230": "writeInt", "231": "StatementExpression", "232": "MethodInvocation", "233": "out", "234": "MemberReference", "235": "rows", "236": "writeInt", "237": "StatementExpression", "238": "MethodInvocation", "239": "out", "240": "MemberReference", "241": "totalRows", "242": "writeInt", "243": "StatementExpression", "244": "MethodInvocation", "245": "out", "246": "MemberReference", "247": "clients", "248": "writeInt", "249": "StatementExpression", "250": "MethodInvocation", "251": "out", "252": "MemberReference", "253": "rowsPerPut", "254": "writeInt", "255": "MethodDeclaration", "256": "Modifier", "257": "public", "258": "Annotation", "259": "Override", "260": "BasicType", "261": "long", "262": "getLength", "263": "IOException", "264": "InterruptedException", "265": "ReturnStatement", "266": "Literal", "267": "0", "268": "MethodDeclaration", "269": "Modifier", "270": "public", "271": "Annotation", "272": "Override", "273": "ReferenceType", "274": "String", "275": "getLocations", "276": "IOException", "277": "InterruptedException", "278": "ReturnStatement", "279": "ArrayCreator", "280": "ReferenceType", "281": "String", "282": "Literal", "283": "0", "284": "MethodDeclaration", "285": "Modifier", "286": "public", "287": "BasicType", "288": "int", "289": "getStartRow", "290": "ReturnStatement", "291": "MemberReference", "292": "startRow", "293": "MethodDeclaration", "294": "Modifier", "295": "public", "296": "BasicType", "297": "int", "298": "getRows", "299": "ReturnStatement", "300": "MemberReference", "301": "rows", "302": "MethodDeclaration", "303": "Modifier", "304": "public", "305": "BasicType", "306": "int", "307": "getTotalRows", "308": "ReturnStatement", "309": "MemberReference", "310": "totalRows", "311": "MethodDeclaration", "312": "Modifier", "313": "public", "314": "BasicType", "315": "int", "316": "getClients", "317": "ReturnStatement", "318": "MemberReference", "319": "clients", "320": "MethodDeclaration", "321": "Modifier", "322": "public", "323": "BasicType", "324": "int", "325": "getRowsPerPut", "326": "ReturnStatement", "327": "MemberReference", "328": "rowsPerPut", "329": "ReferenceType", "330": "InputSplit", "331": "ReferenceType", "332": "Writable"}, "edges": {"0->1": 0, "1->0": 0, "1->2": 0, "2->1": 0, "1->3": 0, "3->1": 0, "0->4": 0, "4->0": 0, "0->5": 0, "5->0": 0, "5->6": 0, "6->5": 0, "6->7": 0, "7->6": 0, "5->8": 0, "8->5": 0, "8->9": 0, "9->8": 0, "5->10": 0, "10->5": 0, "10->11": 0, "11->10": 0, "10->12": 0, "12->10": 0, "12->13": 0, "13->12": 0, "0->14": 0, "14->0": 0, "14->15": 0, "15->14": 0, "15->16": 0, "16->15": 0, "14->17": 0, "17->14": 0, "17->18": 0, "18->17": 0, "14->19": 0, "19->14": 0, "19->20": 0, "20->19": 0, "19->21": 0, "21->19": 0, "21->22": 0, "22->21": 0, "0->23": 0, "23->0": 0, "23->24": 0, "24->23": 0, "24->25": 0, "25->24": 0, "23->26": 0, "26->23": 0, "26->27": 0, "27->26": 0, "23->28": 0, "28->23": 0, "28->29": 0, "29->28": 0, "28->30": 0, "30->28": 0, "30->31": 0, "31->30": 0, "0->32": 0, "32->0": 0, "32->33": 0, "33->32": 0, "33->34": 0, "34->33": 0, "32->35": 0, "35->32": 0, "35->36": 0, "36->35": 0, "32->37": 0, "37->32": 0, "37->38": 0, "38->37": 0, "37->39": 0, "39->37": 0, "39->40": 0, "40->39": 0, "0->41": 0, "41->0": 0, "41->42": 0, "42->41": 0, "42->43": 0, "43->42": 0, "41->44": 0, "44->41": 0, "44->45": 0, "45->44": 0, "41->46": 0, "46->41": 0, "46->47": 0, "47->46": 0, "46->48": 0, "48->46": 0, "48->49": 0, "49->48": 0, "0->50": 0, "50->0": 0, "50->51": 0, "51->50": 0, "51->52": 0, "52->51": 0, "50->53": 0, "53->50": 0, "50->54": 0, "54->50": 0, "54->55": 0, "55->54": 0, "55->56": 0, "56->55": 0, "56->57": 0, "57->56": 0, "57->58": 0, "58->57": 0, "55->59": 0, "59->55": 0, "59->60": 0, "60->59": 0, "55->61": 0, "61->55": 0, "50->62": 0, "62->50": 0, "62->63": 0, "63->62": 0, "63->64": 0, "64->63": 0, "64->65": 0, "65->64": 0, "65->66": 0, "66->65": 0, "63->67": 0, "67->63": 0, "67->68": 0, "68->67": 0, "63->69": 0, "69->63": 0, "50->70": 0, "70->50": 0, "70->71": 0, "71->70": 0, "71->72": 0, "72->71": 0, "72->73": 0, "73->72": 0, "73->74": 0, "74->73": 0, "71->75": 0, "75->71": 0, "75->76": 0, "76->75": 0, "71->77": 0, "77->71": 0, "50->78": 0, "78->50": 0, "78->79": 0, "79->78": 0, "79->80": 0, "80->79": 0, "80->81": 0, "81->80": 0, "81->82": 0, "82->81": 0, "79->83": 0, "83->79": 0, "83->84": 0, "84->83": 0, "79->85": 0, "85->79": 0, "50->86": 0, "86->50": 0, "86->87": 0, "87->86": 0, "87->88": 0, "88->87": 0, "88->89": 0, "89->88": 0, "89->90": 0, "90->89": 0, "87->91": 0, "91->87": 0, "91->92": 0, "92->91": 0, "87->93": 0, "93->87": 0, "0->94": 0, "94->0": 0, "94->95": 0, "95->94": 0, "95->96": 0, "96->95": 0, "94->97": 0, "97->94": 0, "94->98": 0, "98->94": 0, "98->99": 0, "99->98": 0, "99->100": 0, "100->99": 0, "98->101": 0, "101->98": 0, "94->102": 0, "102->94": 0, "102->103": 0, "103->102": 0, "103->104": 0, "104->103": 0, "102->105": 0, "105->102": 0, "94->106": 0, "106->94": 0, "106->107": 0, "107->106": 0, "107->108": 0, "108->107": 0, "106->109": 0, "109->106": 0, "94->110": 0, "110->94": 0, "110->111": 0, "111->110": 0, "111->112": 0, "112->111": 0, "110->113": 0, "113->110": 0, "94->114": 0, "114->94": 0, "114->115": 0, "115->114": 0, "115->116": 0, "116->115": 0, "114->117": 0, "117->114": 0, "94->118": 0, "118->94": 0, "118->119": 0, "119->118": 0, "119->120": 0, "120->119": 0, "120->121": 0, "121->120": 0, "121->122": 0, "122->121": 0, "119->123": 0, "123->119": 0, "123->124": 0, "124->123": 0, "119->125": 0, "125->119": 0, "94->126": 0, "126->94": 0, "126->127": 0, "127->126": 0, "127->128": 0, "128->127": 0, "128->129": 0, "129->128": 0, "129->130": 0, "130->129": 0, "127->131": 0, "131->127": 0, "131->132": 0, "132->131": 0, "127->133": 0, "133->127": 0, "94->134": 0, "134->94": 0, "134->135": 0, "135->134": 0, "135->136": 0, "136->135": 0, "136->137": 0, "137->136": 0, "137->138": 0, "138->137": 0, "135->139": 0, "139->135": 0, "139->140": 0, "140->139": 0, "135->141": 0, "141->135": 0, "94->142": 0, "142->94": 0, "142->143": 0, "143->142": 0, "143->144": 0, "144->143": 0, "144->145": 0, "145->144": 0, "145->146": 0, "146->145": 0, "143->147": 0, "147->143": 0, "147->148": 0, "148->147": 0, "143->149": 0, "149->143": 0, "94->150": 0, "150->94": 0, "150->151": 0, "151->150": 0, "151->152": 0, "152->151": 0, "152->153": 0, "153->152": 0, "153->154": 0, "154->153": 0, "151->155": 0, "155->151": 0, "155->156": 0, "156->155": 0, "151->157": 0, "157->151": 0, "0->158": 0, "158->0": 0, "158->159": 0, "159->158": 0, "159->160": 0, "160->159": 0, "158->161": 0, "161->158": 0, "161->162": 0, "162->161": 0, "158->163": 0, "163->158": 0, "158->164": 0, "164->158": 0, "164->165": 0, "165->164": 0, "165->166": 0, "166->165": 0, "164->167": 0, "167->164": 0, "158->168": 0, "168->158": 0, "158->169": 0, "169->158": 0, "169->170": 0, "170->169": 0, "170->171": 0, "171->170": 0, "171->172": 0, "172->171": 0, "172->173": 0, "173->172": 0, "170->174": 0, "174->170": 0, "174->175": 0, "175->174": 0, "174->176": 0, "176->174": 0, "170->177": 0, "177->170": 0, "158->178": 0, "178->158": 0, "178->179": 0, "179->178": 0, "179->180": 0, "180->179": 0, "180->181": 0, "181->180": 0, "181->182": 0, "182->181": 0, "179->183": 0, "183->179": 0, "183->184": 0, "184->183": 0, "183->185": 0, "185->183": 0, "179->186": 0, "186->179": 0, "158->187": 0, "187->158": 0, "187->188": 0, "188->187": 0, "188->189": 0, "189->188": 0, "189->190": 0, "190->189": 0, "190->191": 0, "191->190": 0, "188->192": 0, "192->188": 0, "192->193": 0, "193->192": 0, "192->194": 0, "194->192": 0, "188->195": 0, "195->188": 0, "158->196": 0, "196->158": 0, "196->197": 0, "197->196": 0, "197->198": 0, "198->197": 0, "198->199": 0, "199->198": 0, "199->200": 0, "200->199": 0, "197->201": 0, "201->197": 0, "201->202": 0, "202->201": 0, "201->203": 0, "203->201": 0, "197->204": 0, "204->197": 0, "158->205": 0, "205->158": 0, "205->206": 0, "206->205": 0, "206->207": 0, "207->206": 0, "207->208": 0, "208->207": 0, "208->209": 0, "209->208": 0, "206->210": 0, "210->206": 0, "210->211": 0, "211->210": 0, "210->212": 0, "212->210": 0, "206->213": 0, "213->206": 0, "0->214": 0, "214->0": 0, "214->215": 0, "215->214": 0, "215->216": 0, "216->215": 0, "214->217": 0, "217->214": 0, "217->218": 0, "218->217": 0, "214->219": 0, "219->214": 0, "214->220": 0, "220->214": 0, "220->221": 0, "221->220": 0, "221->222": 0, "222->221": 0, "220->223": 0, "223->220": 0, "214->224": 0, "224->214": 0, "214->225": 0, "225->214": 0, "225->226": 0, "226->225": 0, "226->227": 0, "227->226": 0, "226->228": 0, "228->226": 0, "228->229": 0, "229->228": 0, "226->230": 0, "230->226": 0, "214->231": 0, "231->214": 0, "231->232": 0, "232->231": 0, "232->233": 0, "233->232": 0, "232->234": 0, "234->232": 0, "234->235": 0, "235->234": 0, "232->236": 0, "236->232": 0, "214->237": 0, "237->214": 0, "237->238": 0, "238->237": 0, "238->239": 0, "239->238": 0, "238->240": 0, "240->238": 0, "240->241": 0, "241->240": 0, "238->242": 0, "242->238": 0, "214->243": 0, "243->214": 0, "243->244": 0, "244->243": 0, "244->245": 0, "245->244": 0, "244->246": 0, "246->244": 0, "246->247": 0, "247->246": 0, "244->248": 0, "248->244": 0, "214->249": 0, "249->214": 0, "249->250": 0, "250->249": 0, "250->251": 0, "251->250": 0, "250->252": 0, "252->250": 0, "252->253": 0, "253->252": 0, "250->254": 0, "254->250": 0, "0->255": 0, "255->0": 0, "255->256": 0, "256->255": 0, "256->257": 0, "257->256": 0, "255->258": 0, "258->255": 0, "258->259": 0, "259->258": 0, "255->260": 0, "260->255": 0, "260->261": 0, "261->260": 0, "255->262": 0, "262->255": 0, "255->263": 0, "263->255": 0, "255->264": 0, "264->255": 0, "255->265": 0, "265->255": 0, "265->266": 0, "266->265": 0, "266->267": 0, "267->266": 0, "0->268": 0, "268->0": 0, "268->269": 0, "269->268": 0, "269->270": 0, "270->269": 0, "268->271": 0, "271->268": 0, "271->272": 0, "272->271": 0, "268->273": 0, "273->268": 0, "273->274": 0, "274->273": 0, "268->275": 0, "275->268": 0, "268->276": 0, "276->268": 0, "268->277": 0, "277->268": 0, "268->278": 0, "278->268": 0, "278->279": 0, "279->278": 0, "279->280": 0, "280->279": 0, "280->281": 0, "281->280": 0, "279->282": 0, "282->279": 0, "282->283": 0, "283->282": 0, "0->284": 0, "284->0": 0, "284->285": 0, "285->284": 0, "285->286": 0, "286->285": 0, "284->287": 0, "287->284": 0, "287->288": 0, "288->287": 0, "284->289": 0, "289->284": 0, "284->290": 0, "290->284": 0, "290->291": 0, "291->290": 0, "291->292": 0, "292->291": 0, "0->293": 0, "293->0": 0, "293->294": 0, "294->293": 0, "294->295": 0, "295->294": 0, "293->296": 0, "296->293": 0, "296->297": 0, "297->296": 0, "293->298": 0, "298->293": 0, "293->299": 0, "299->293": 0, "299->300": 0, "300->299": 0, "300->301": 0, "301->300": 0, "0->302": 0, "302->0": 0, "302->303": 0, "303->302": 0, "303->304": 0, "304->303": 0, "302->305": 0, "305->302": 0, "305->306": 0, "306->305": 0, "302->307": 0, "307->302": 0, "302->308": 0, "308->302": 0, "308->309": 0, "309->308": 0, "309->310": 0, "310->309": 0, "0->311": 0, "311->0": 0, "311->312": 0, "312->311": 0, "312->313": 0, "313->312": 0, "311->314": 0, "314->311": 0, "314->315": 0, "315->314": 0, "311->316": 0, "316->311": 0, "311->317": 0, "317->311": 0, "317->318": 0, "318->317": 0, "318->319": 0, "319->318": 0, "0->320": 0, "320->0": 0, "320->321": 0, "321->320": 0, "321->322": 0, "322->321": 0, "320->323": 0, "323->320": 0, "323->324": 0, "324->323": 0, "320->325": 0, "325->320": 0, "320->326": 0, "326->320": 0, "326->327": 0, "327->326": 0, "327->328": 0, "328->327": 0, "0->329": 0, "329->0": 0, "329->330": 0, "330->329": 0, "0->331": 0, "331->0": 0, "331->332": 0, "332->331": 0, "1->4": 1, "4->1": 12, "4->5": 1, "5->4": 12, "5->14": 1, "14->5": 12, "14->23": 1, "23->14": 12, "23->32": 1, "32->23": 12, "32->41": 1, "41->32": 12, "41->50": 1, "50->41": 12, "50->94": 1, "94->50": 12, "94->158": 1, "158->94": 12, "158->214": 1, "214->158": 12, "214->255": 1, "255->214": 12, "255->268": 1, "268->255": 12, "268->284": 1, "284->268": 12, "284->293": 1, "293->284": 12, "293->302": 1, "302->293": 12, "302->311": 1, "311->302": 12, "311->320": 1, "320->311": 12, "320->329": 1, "329->320": 12, "329->331": 1, "331->329": 12, "2->3": 2, "3->2": 3, "6->8": 1, "8->6": 12, "8->10": 1, "10->8": 12, "11->12": 1, "12->11": 12, "15->17": 1, "17->15": 12, "17->19": 1, "19->17": 12, "20->21": 1, "21->20": 12, "24->26": 1, "26->24": 12, "26->28": 1, "28->26": 12, "29->30": 1, "30->29": 12, "33->35": 1, "35->33": 12, "35->37": 1, "37->35": 12, "38->39": 1, "39->38": 12, "42->44": 1, "44->42": 12, "44->46": 1, "46->44": 12, "47->48": 1, "48->47": 12, "51->53": 1, "53->51": 12, "53->54": 1, "54->53": 12, "54->62": 1, "62->54": 12, "62->70": 1, "70->62": 12, "70->78": 1, "78->70": 12, "78->86": 1, "86->78": 12, "56->59": 1, "59->56": 12, "59->61": 1, "61->59": 12, "64->67": 1, "67->64": 12, "67->69": 1, "69->67": 12, "72->75": 1, "75->72": 12, "75->77": 1, "77->75": 12, "80->83": 1, "83->80": 12, "83->85": 1, "85->83": 12, "88->91": 1, "91->88": 12, "91->93": 1, "93->91": 12, "95->97": 1, "97->95": 12, "97->98": 1, "98->97": 12, "98->102": 1, "102->98": 12, "102->106": 1, "106->102": 12, "106->110": 1, "110->106": 12, "110->114": 1, "114->110": 12, "114->118": 1, "118->114": 12, "118->126": 1, "126->118": 12, "126->134": 1, "134->126": 12, "134->142": 1, "142->134": 12, "142->150": 1, "150->142": 12, "99->101": 1, "101->99": 12, "103->105": 1, "105->103": 12, "107->109": 1, "109->107": 12, "111->113": 1, "113->111": 12, "115->117": 1, "117->115": 12, "120->123": 1, "123->120": 12, "123->125": 1, "125->123": 12, "128->131": 1, "131->128": 12, "131->133": 1, "133->131": 12, "136->139": 1, "139->136": 12, "139->141": 1, "141->139": 12, "144->147": 1, "147->144": 12, "147->149": 1, "149->147": 12, "152->155": 1, "155->152": 12, "155->157": 1, "157->155": 12, "159->161": 1, "161->159": 12, "161->163": 1, "163->161": 12, "163->164": 1, "164->163": 12, "164->168": 1, "168->164": 12, "168->169": 1, "169->168": 12, "169->178": 1, "178->169": 12, "178->187": 1, "187->178": 12, "187->196": 1, "196->187": 12, "196->205": 1, "205->196": 12, "165->167": 1, "167->165": 12, "171->174": 1, "174->171": 12, "174->177": 1, "177->174": 12, "175->176": 2, "176->175": 3, "180->183": 1, "183->180": 12, "183->186": 1, "186->183": 12, "184->185": 2, "185->184": 3, "189->192": 1, "192->189": 12, "192->195": 1, "195->192": 12, "193->194": 2, "194->193": 3, "198->201": 1, "201->198": 12, "201->204": 1, "204->201": 12, "202->203": 2, "203->202": 3, "207->210": 1, "210->207": 12, "210->213": 1, "213->210": 12, "211->212": 2, "212->211": 3, "215->217": 1, "217->215": 12, "217->219": 1, "219->217": 12, "219->220": 1, "220->219": 12, "220->224": 1, "224->220": 12, "224->225": 1, "225->224": 12, "225->231": 1, "231->225": 12, "231->237": 1, "237->231": 12, "237->243": 1, "243->237": 12, "243->249": 1, "249->243": 12, "221->223": 1, "223->221": 12, "227->228": 1, "228->227": 12, "228->230": 1, "230->228": 12, "233->234": 1, "234->233": 12, "234->236": 1, "236->234": 12, "239->240": 1, "240->239": 12, "240->242": 1, "242->240": 12, "245->246": 1, "246->245": 12, "246->248": 1, "248->246": 12, "251->252": 1, "252->251": 12, "252->254": 1, "254->252": 12, "256->258": 1, "258->256": 12, "258->260": 1, "260->258": 12, "260->262": 1, "262->260": 12, "262->263": 2, "263->262": 3, "263->264": 2, "264->263": 3, "264->265": 1, "265->264": 12, "269->271": 1, "271->269": 12, "271->273": 1, "273->271": 12, "273->275": 1, "275->273": 12, "275->276": 2, "276->275": 3, "276->277": 2, "277->276": 3, "277->278": 1, "278->277": 12, "280->282": 1, "282->280": 12, "285->287": 1, "287->285": 12, "287->289": 1, "289->287": 12, "289->290": 1, "290->289": 12, "294->296": 1, "296->294": 12, "296->298": 1, "298->296": 12, "298->299": 1, "299->298": 12, "303->305": 1, "305->303": 12, "305->307": 1, "307->305": 12, "307->308": 1, "308->307": 12, "312->314": 1, "314->312": 12, "314->316": 1, "316->314": 12, "316->317": 1, "317->316": 12, "321->323": 1, "323->321": 12, "323->325": 1, "325->323": 12, "325->326": 1, "326->325": 12, "3->4": 2, "4->3": 3, "4->7": 2, "7->4": 3, "7->9": 2, "9->7": 3, "9->11": 2, "11->9": 3, "11->13": 2, "13->11": 3, "13->16": 2, "16->13": 3, "16->18": 2, "18->16": 3, "18->20": 2, "20->18": 3, "20->22": 2, "22->20": 3, "22->25": 2, "25->22": 3, "25->27": 2, "27->25": 3, "27->29": 2, "29->27": 3, "29->31": 2, "31->29": 3, "31->34": 2, "34->31": 3, "34->36": 2, "36->34": 3, "36->38": 2, "38->36": 3, "38->40": 2, "40->38": 3, "40->43": 2, "43->40": 3, "43->45": 2, "45->43": 3, "45->47": 2, "47->45": 3, "47->49": 2, "49->47": 3, "49->52": 2, "52->49": 3, "52->53": 2, "53->52": 3, "53->58": 2, "58->53": 3, "58->60": 2, "60->58": 3, "60->61": 2, "61->60": 3, "61->66": 2, "66->61": 3, "66->68": 2, "68->66": 3, "68->69": 2, "69->68": 3, "69->74": 2, "74->69": 3, "74->76": 2, "76->74": 3, "76->77": 2, "77->76": 3, "77->82": 2, "82->77": 3, "82->84": 2, "84->82": 3, "84->85": 2, "85->84": 3, "85->90": 2, "90->85": 3, "90->92": 2, "92->90": 3, "92->93": 2, "93->92": 3, "93->96": 2, "96->93": 3, "96->97": 2, "97->96": 3, "97->100": 2, "100->97": 3, "100->101": 2, "101->100": 3, "101->104": 2, "104->101": 3, "104->105": 2, "105->104": 3, "105->108": 2, "108->105": 3, "108->109": 2, "109->108": 3, "109->112": 2, "112->109": 3, "112->113": 2, "113->112": 3, "113->116": 2, "116->113": 3, "116->117": 2, "117->116": 3, "117->122": 2, "122->117": 3, "122->124": 4, "124->122": 5, "124->125": 2, "125->124": 3, "125->130": 2, "130->125": 3, "130->132": 4, "132->130": 5, "132->133": 2, "133->132": 3, "133->138": 2, "138->133": 3, "138->140": 4, "140->138": 5, "140->141": 2, "141->140": 3, "141->146": 2, "146->141": 3, "146->148": 4, "148->146": 5, "148->149": 2, "149->148": 3, "149->154": 2, "154->149": 3, "154->156": 2, "156->154": 3, "156->157": 2, "157->156": 3, "157->160": 2, "160->157": 3, "160->162": 2, "162->160": 3, "162->163": 2, "163->162": 3, "163->166": 2, "166->163": 3, "166->167": 2, "167->166": 3, "167->168": 2, "168->167": 3, "168->173": 2, "173->168": 3, "173->175": 2, "175->173": 3, "176->177": 2, "177->176": 3, "177->182": 2, "182->177": 3, "182->184": 2, "184->182": 3, "185->186": 2, "186->185": 3, "186->191": 2, "191->186": 3, "191->193": 2, "193->191": 3, "194->195": 2, "195->194": 3, "195->200": 2, "200->195": 3, "200->202": 2, "202->200": 3, "203->204": 2, "204->203": 3, "204->209": 2, "209->204": 3, "209->211": 2, "211->209": 3, "212->213": 2, "213->212": 3, "213->216": 2, "216->213": 3, "216->218": 2, "218->216": 3, "218->219": 2, "219->218": 3, "219->222": 2, "222->219": 3, "222->223": 2, "223->222": 3, "223->224": 2, "224->223": 3, "224->227": 2, "227->224": 3, "227->229": 2, "229->227": 3, "229->230": 2, "230->229": 3, "230->233": 2, "233->230": 3, "233->235": 2, "235->233": 3, "235->236": 2, "236->235": 3, "236->239": 2, "239->236": 3, "239->241": 2, "241->239": 3, "241->242": 2, "242->241": 3, "242->245": 2, "245->242": 3, "245->247": 2, "247->245": 3, "247->248": 2, "248->247": 3, "248->251": 2, "251->248": 3, "251->253": 2, "253->251": 3, "253->254": 2, "254->253": 3, "254->257": 2, "257->254": 3, "257->259": 2, "259->257": 3, "259->261": 2, "261->259": 3, "261->262": 2, "262->261": 3, "264->267": 2, "267->264": 3, "267->270": 2, "270->267": 3, "270->272": 2, "272->270": 3, "272->274": 2, "274->272": 3, "274->275": 2, "275->274": 3, "277->281": 2, "281->277": 3, "281->283": 2, "283->281": 3, "283->286": 2, "286->283": 3, "286->288": 2, "288->286": 3, "288->289": 2, "289->288": 3, "289->292": 2, "292->289": 3, "292->295": 2, "295->292": 3, "295->297": 2, "297->295": 3, "297->298": 2, "298->297": 3, "298->301": 2, "301->298": 3, "301->304": 2, "304->301": 3, "304->306": 2, "306->304": 3, "306->307": 2, "307->306": 3, "307->310": 2, "310->307": 3, "310->313": 2, "313->310": 3, "313->315": 2, "315->313": 3, "315->316": 2, "316->315": 3, "316->319": 2, "319->316": 3, "319->322": 2, "322->319": 3, "322->324": 2, "324->322": 3, "324->325": 2, "325->324": 3, "325->328": 2, "328->325": 3, "328->330": 2, "330->328": 3, "330->332": 2, "332->330": 3, "58->122": 4, "122->58": 5, "124->173": 4, "173->124": 5, "173->229": 4, "229->173": 5, "229->292": 4, "292->229": 5, "66->130": 4, "130->66": 5, "132->182": 4, "182->132": 5, "182->235": 4, "235->182": 5, "235->301": 4, "301->235": 5, "74->138": 4, "138->74": 5, "140->191": 4, "191->140": 5, "191->241": 4, "241->191": 5, "241->310": 4, "310->241": 5, "82->146": 4, "146->82": 5, "148->200": 4, "200->148": 5, "200->247": 4, "247->200": 5, "247->319": 4, "319->247": 5, "90->154": 4, "154->90": 5, "154->209": 4, "209->154": 5, "209->253": 4, "253->209": 5, "253->328": 4, "328->253": 5}, "metrics": [5.0, 0.0, 11.0, 11.0, 59.0, 11.0, 0.0, 0.0, 0.2727272727272727, 0.0, 0.0]}