{"nodelist": ["ClassDeclaration", "{'public'}", "public", "Annotation", "InterfaceAudience.Public", "Annotation", "InterfaceStability.Stable", "SkipFilter", "FieldDeclaration", "{'private'}", "private", "BasicType", "boolean", "VariableDeclarator", "filterRow", "Literal", "false", "FieldDeclaration", "{'private'}", "private", "ReferenceType", "Filter", "VariableDeclarator", "filter", "ConstructorDeclaration", "{'public'}", "public", "SkipFilter", "FormalParameter", "ReferenceType", "Filter", "filter", "StatementExpression", "Assignment", "This", "MemberReference", "filter", "MemberReference", "filter", "=", "MethodDeclaration", "{'public'}", "public", "ReferenceType", "Filter", "getFilter", "ReturnStatement", "MemberReference", "filter", "MethodDeclaration", "{'public'}", "public", "Annotation", "Override", "reset", "IOException", "StatementExpression", "MethodInvocation", "filter", "reset", "StatementExpression", "Assignment", "MemberReference", "filterRow", "Literal", "false", "=", "MethodDeclaration", "{'private'}", "private", "changeFR", "FormalParameter", "BasicType", "boolean", "value", "StatementExpression", "Assignment", "MemberReference", "filterRow", "BinaryOperation", "||", "MemberReference", "filterRow", "MemberReference", "value", "=", "MethodDeclaration", "{'public'}", "public", "Annotation", "Override", "ReferenceType", "ReturnCode", "filterKeyValue", "FormalParameter", "ReferenceType", "Cell", "v", "IOException", "LocalVariableDeclaration", "ReferenceType", "ReturnCode", "VariableDeclarator", "c", "MethodInvocation", "filter", "MemberReference", "v", "filterKeyValue", "StatementExpression", "MethodInvocation", "BinaryOperation", "!=", "MemberReference", "c", "MemberReference", "ReturnCode", "INCLUDE", "changeFR", "ReturnStatement", "MemberReference", "c", "MethodDeclaration", "{'public'}", "public", "Annotation", "Override", "ReferenceType", "Cell", "transformCell", "FormalParameter", "ReferenceType", "Cell", "v", "IOException", "ReturnStatement", "MethodInvocation", "filter", "MemberReference", "v", "transformCell", "MethodDeclaration", "{'public'}", "public", "BasicType", "boolean", "filterRow", "ReturnStatement", "MemberReference", "filterRow", "MethodDeclaration", "{'public'}", "public", "BasicType", "boolean", "hasFilterRow", "ReturnStatement", "Literal", "true", "MethodDeclaration", "{'public'}", "public", "BasicType", "byte", "toByteArray", "IOException", "LocalVariableDeclaration", "ReferenceType", "FilterProtos", "ReferenceType", "SkipFilter", "ReferenceType", "Builder", "VariableDeclarator", "builder", "MethodInvocation", "FilterProtos.SkipFilter", "newBuilder", "StatementExpression", "MethodInvocation", "builder", "MethodInvocation", "ProtobufUtil", "This", "MemberReference", "filter", "toFilter", "setFilter", "ReturnStatement", "MethodInvocation", "builder", "MethodInvocation", "toByteArray", "build", "MethodDeclaration", "{'public', 'static'}", "public", "static", "ReferenceType", "SkipFilter", "parseFrom", "FormalParameter", "{'final'}", "final", "BasicType", "byte", "pbBytes", "DeserializationException", "LocalVariableDeclaration", "ReferenceType", "FilterProtos", "ReferenceType", "SkipFilter", "VariableDeclarator", "proto", "TryStatement", "StatementExpression", "Assignment", "MemberReference", "proto", "MethodInvocation", "FilterProtos.SkipFilter", "MemberReference", "pbBytes", "parseFrom", "=", "CatchClause", "CatchClauseParameter", "InvalidProtocolBufferException", "e", "ThrowStatement", "ClassCreator", "ReferenceType", "DeserializationException", "MemberReference", "e", "TryStatement", "ReturnStatement", "ClassCreator", "ReferenceType", "SkipFilter", "MethodInvocation", "ProtobufUtil", "MethodInvocation", "proto", "getFilter", "toFilter", "CatchClause", "CatchClauseParameter", "IOException", "ioe", "ThrowStatement", "ClassCreator", "ReferenceType", "DeserializationException", "MemberReference", "ioe", "MethodDeclaration", "BasicType", "boolean", "areSerializedFieldsEqual", "FormalParameter", "ReferenceType", "Filter", "o", "IfStatement", "BinaryOperation", "==", "MemberReference", "o", "This", "ReturnStatement", "Literal", "true", "IfStatement", "BinaryOperation", "instanceof", "MemberReference", "o", "ReferenceType", "SkipFilter", "ReturnStatement", "Literal", "false", "LocalVariableDeclaration", "ReferenceType", "SkipFilter", "VariableDeclarator", "other", "Cast", "ReferenceType", "SkipFilter", "MemberReference", "o", "ReturnStatement", "MethodInvocation", "MethodInvocation", "MethodInvocation", "other", "getFilter", "areSerializedFieldsEqual", "getFilter", "MethodDeclaration", "{'public'}", "public", "BasicType", "boolean", "isFamilyEssential", "FormalParameter", "BasicType", "byte", "name", "IOException", "ReturnStatement", "MethodInvocation", "filter", "MemberReference", "name", "isFamilyEssential", "MethodDeclaration", "{'public'}", "public", "Annotation", "Override", "ReferenceType", "String", "toString", "ReturnStatement", "BinaryOperation", "+", "BinaryOperation", "+", "This", "MethodInvocation", "getClass", "MethodInvocation", "getSimpleName", "Literal", "\" \"", "This", "MemberReference", "filter", "MethodInvocation", "toString", "ReferenceType", "FilterBase"], "nodes": {"0": "ClassDeclaration", "1": "Modifier", "2": "public", "3": "Annotation", "4": "InterfaceAudience.Public", "5": "Annotation", "6": "InterfaceStability.Stable", "7": "SkipFilter", "8": "FieldDeclaration", "9": "Modifier", "10": "private", "11": "BasicType", "12": "boolean", "13": "VariableDeclarator", "14": "filterRow", "15": "Literal", "16": "false", "17": "FieldDeclaration", "18": "Modifier", "19": "private", "20": "ReferenceType", "21": "Filter", "22": "VariableDeclarator", "23": "filter", "24": "ConstructorDeclaration", "25": "Modifier", "26": "public", "27": "SkipFilter", "28": "FormalParameter", "29": "ReferenceType", "30": "Filter", "31": "filter", "32": "StatementExpression", "33": "Assignment", "34": "This", "35": "MemberReference", "36": "filter", "37": "MemberReference", "38": "filter", "39": "=", "40": "MethodDeclaration", "41": "Modifier", "42": "public", "43": "ReferenceType", "44": "Filter", "45": "getFilter", "46": "ReturnStatement", "47": "MemberReference", "48": "filter", "49": "MethodDeclaration", "50": "Modifier", "51": "public", "52": "Annotation", "53": "Override", "54": "reset", "55": "IOException", "56": "StatementExpression", "57": "MethodInvocation", "58": "filter", "59": "reset", "60": "StatementExpression", "61": "Assignment", "62": "MemberReference", "63": "filterRow", "64": "Literal", "65": "false", "66": "=", "67": "MethodDeclaration", "68": "Modifier", "69": "private", "70": "changeFR", "71": "FormalParameter", "72": "BasicType", "73": "boolean", "74": "value", "75": "StatementExpression", "76": "Assignment", "77": "MemberReference", "78": "filterRow", "79": "BinaryOperation", "80": "||", "81": "MemberReference", "82": "filterRow", "83": "MemberReference", "84": "value", "85": "=", "86": "MethodDeclaration", "87": "Modifier", "88": "public", "89": "Annotation", "90": "Override", "91": "ReferenceType", "92": "ReturnCode", "93": "filterKeyValue", "94": "FormalParameter", "95": "ReferenceType", "96": "Cell", "97": "v", "98": "IOException", "99": "LocalVariableDeclaration", "100": "ReferenceType", "101": "ReturnCode", "102": "VariableDeclarator", "103": "c", "104": "MethodInvocation", "105": "filter", "106": "MemberReference", "107": "v", "108": "filterKeyValue", "109": "StatementExpression", "110": "MethodInvocation", "111": "BinaryOperation", "112": "!=", "113": "MemberReference", "114": "c", "115": "MemberReference", "116": "ReturnCode", "117": "INCLUDE", "118": "changeFR", "119": "ReturnStatement", "120": "MemberReference", "121": "c", "122": "MethodDeclaration", "123": "Modifier", "124": "public", "125": "Annotation", "126": "Override", "127": "ReferenceType", "128": "Cell", "129": "transformCell", "130": "FormalParameter", "131": "ReferenceType", "132": "Cell", "133": "v", "134": "IOException", "135": "ReturnStatement", "136": "MethodInvocation", "137": "filter", "138": "MemberReference", "139": "v", "140": "transformCell", "141": "MethodDeclaration", "142": "Modifier", "143": "public", "144": "BasicType", "145": "boolean", "146": "filterRow", "147": "ReturnStatement", "148": "MemberReference", "149": "filterRow", "150": "MethodDeclaration", "151": "Modifier", "152": "public", "153": "BasicType", "154": "boolean", "155": "hasFilterRow", "156": "ReturnStatement", "157": "Literal", "158": "true", "159": "MethodDeclaration", "160": "Modifier", "161": "public", "162": "BasicType", "163": "byte", "164": "toByteArray", "165": "IOException", "166": "LocalVariableDeclaration", "167": "ReferenceType", "168": "FilterProtos", "169": "ReferenceType", "170": "SkipFilter", "171": "ReferenceType", "172": "Builder", "173": "VariableDeclarator", "174": "builder", "175": "MethodInvocation", "176": "FilterProtos.SkipFilter", "177": "newBuilder", "178": "StatementExpression", "179": "MethodInvocation", "180": "builder", "181": "MethodInvocation", "182": "ProtobufUtil", "183": "This", "184": "MemberReference", "185": "filter", "186": "toFilter", "187": "setFilter", "188": "ReturnStatement", "189": "MethodInvocation", "190": "builder", "191": "MethodInvocation", "192": "toByteArray", "193": "build", "194": "MethodDeclaration", "195": "Modifier", "196": "public", "197": "static", "198": "ReferenceType", "199": "SkipFilter", "200": "parseFrom", "201": "FormalParameter", "202": "Modifier", "203": "final", "204": "BasicType", "205": "byte", "206": "pbBytes", "207": "DeserializationException", "208": "LocalVariableDeclaration", "209": "ReferenceType", "210": "FilterProtos", "211": "ReferenceType", "212": "SkipFilter", "213": "VariableDeclarator", "214": "proto", "215": "TryStatement", "216": "StatementExpression", "217": "Assignment", "218": "MemberReference", "219": "proto", "220": "MethodInvocation", "221": "FilterProtos.SkipFilter", "222": "MemberReference", "223": "pbBytes", "224": "parseFrom", "225": "=", "226": "CatchClause", "227": "CatchClauseParameter", "228": "InvalidProtocolBufferException", "229": "e", "230": "ThrowStatement", "231": "ClassCreator", "232": "ReferenceType", "233": "DeserializationException", "234": "MemberReference", "235": "e", "236": "TryStatement", "237": "ReturnStatement", "238": "ClassCreator", "239": "ReferenceType", "240": "SkipFilter", "241": "MethodInvocation", "242": "ProtobufUtil", "243": "MethodInvocation", "244": "proto", "245": "getFilter", "246": "toFilter", "247": "CatchClause", "248": "CatchClauseParameter", "249": "IOException", "250": "ioe", "251": "ThrowStatement", "252": "ClassCreator", "253": "ReferenceType", "254": "DeserializationException", "255": "MemberReference", "256": "ioe", "257": "MethodDeclaration", "258": "BasicType", "259": "boolean", "260": "areSerializedFieldsEqual", "261": "FormalParameter", "262": "ReferenceType", "263": "Filter", "264": "o", "265": "IfStatement", "266": "BinaryOperation", "267": "==", "268": "MemberReference", "269": "o", "270": "This", "271": "ReturnStatement", "272": "Literal", "273": "true", "274": "IfStatement", "275": "BinaryOperation", "276": "instanceof", "277": "MemberReference", "278": "o", "279": "ReferenceType", "280": "SkipFilter", "281": "ReturnStatement", "282": "Literal", "283": "false", "284": "LocalVariableDeclaration", "285": "ReferenceType", "286": "SkipFilter", "287": "VariableDeclarator", "288": "other", "289": "Cast", "290": "ReferenceType", "291": "SkipFilter", "292": "MemberReference", "293": "o", "294": "ReturnStatement", "295": "MethodInvocation", "296": "MethodInvocation", "297": "MethodInvocation", "298": "other", "299": "getFilter", "300": "areSerializedFieldsEqual", "301": "getFilter", "302": "MethodDeclaration", "303": "Modifier", "304": "public", "305": "BasicType", "306": "boolean", "307": "isFamilyEssential", "308": "FormalParameter", "309": "BasicType", "310": "byte", "311": "name", "312": "IOException", "313": "ReturnStatement", "314": "MethodInvocation", "315": "filter", "316": "MemberReference", "317": "name", "318": "isFamilyEssential", "319": "MethodDeclaration", "320": "Modifier", "321": "public", "322": "Annotation", "323": "Override", "324": "ReferenceType", "325": "String", "326": "toString", "327": "ReturnStatement", "328": "BinaryOperation", "329": "+", "330": "BinaryOperation", "331": "+", "332": "This", "333": "MethodInvocation", "334": "getClass", "335": "MethodInvocation", "336": "getSimpleName", "337": "Literal", "338": "\" \"", "339": "This", "340": "MemberReference", "341": "filter", "342": "MethodInvocation", "343": "toString", "344": "ReferenceType", "345": "FilterBase"}, "edges": {"0->1": 0, "1->0": 0, "1->2": 0, "2->1": 0, "0->3": 0, "3->0": 0, "3->4": 0, "4->3": 0, "0->5": 0, "5->0": 0, "5->6": 0, "6->5": 0, "0->7": 0, "7->0": 0, "0->8": 0, "8->0": 0, "8->9": 0, "9->8": 0, "9->10": 0, "10->9": 0, "8->11": 0, "11->8": 0, "11->12": 0, "12->11": 0, "8->13": 0, "13->8": 0, "13->14": 0, "14->13": 0, "13->15": 0, "15->13": 0, "15->16": 0, "16->15": 0, "0->17": 0, "17->0": 0, "17->18": 0, "18->17": 0, "18->19": 0, "19->18": 0, "17->20": 0, "20->17": 0, "20->21": 0, "21->20": 0, "17->22": 0, "22->17": 0, "22->23": 0, "23->22": 0, "0->24": 0, "24->0": 0, "24->25": 0, "25->24": 0, "25->26": 0, "26->25": 0, "24->27": 0, "27->24": 0, "24->28": 0, "28->24": 0, "28->29": 0, "29->28": 0, "29->30": 0, "30->29": 0, "28->31": 0, "31->28": 0, "24->32": 0, "32->24": 0, "32->33": 0, "33->32": 0, "33->34": 0, "34->33": 0, "34->35": 0, "35->34": 0, "35->36": 0, "36->35": 0, "33->37": 0, "37->33": 0, "37->38": 0, "38->37": 0, "33->39": 0, "39->33": 0, "0->40": 0, "40->0": 0, "40->41": 0, "41->40": 0, "41->42": 0, "42->41": 0, "40->43": 0, "43->40": 0, "43->44": 0, "44->43": 0, "40->45": 0, "45->40": 0, "40->46": 0, "46->40": 0, "46->47": 0, "47->46": 0, "47->48": 0, "48->47": 0, "0->49": 0, "49->0": 0, "49->50": 0, "50->49": 0, "50->51": 0, "51->50": 0, "49->52": 0, "52->49": 0, "52->53": 0, "53->52": 0, "49->54": 0, "54->49": 0, "49->55": 0, "55->49": 0, "49->56": 0, "56->49": 0, "56->57": 0, "57->56": 0, "57->58": 0, "58->57": 0, "57->59": 0, "59->57": 0, "49->60": 0, "60->49": 0, "60->61": 0, "61->60": 0, "61->62": 0, "62->61": 0, "62->63": 0, "63->62": 0, "61->64": 0, "64->61": 0, "64->65": 0, "65->64": 0, "61->66": 0, "66->61": 0, "0->67": 0, "67->0": 0, "67->68": 0, "68->67": 0, "68->69": 0, "69->68": 0, "67->70": 0, "70->67": 0, "67->71": 0, "71->67": 0, "71->72": 0, "72->71": 0, "72->73": 0, "73->72": 0, "71->74": 0, "74->71": 0, "67->75": 0, "75->67": 0, "75->76": 0, "76->75": 0, "76->77": 0, "77->76": 0, "77->78": 0, "78->77": 0, "76->79": 0, "79->76": 0, "79->80": 0, "80->79": 0, "79->81": 0, "81->79": 0, "81->82": 0, "82->81": 0, "79->83": 0, "83->79": 0, "83->84": 0, "84->83": 0, "76->85": 0, "85->76": 0, "0->86": 0, "86->0": 0, "86->87": 0, "87->86": 0, "87->88": 0, "88->87": 0, "86->89": 0, "89->86": 0, "89->90": 0, "90->89": 0, "86->91": 0, "91->86": 0, "91->92": 0, "92->91": 0, "86->93": 0, "93->86": 0, "86->94": 0, "94->86": 0, "94->95": 0, "95->94": 0, "95->96": 0, "96->95": 0, "94->97": 0, "97->94": 0, "86->98": 0, "98->86": 0, "86->99": 0, "99->86": 0, "99->100": 0, "100->99": 0, "100->101": 0, "101->100": 0, "99->102": 0, "102->99": 0, "102->103": 0, "103->102": 0, "102->104": 0, "104->102": 0, "104->105": 0, "105->104": 0, "104->106": 0, "106->104": 0, "106->107": 0, "107->106": 0, "104->108": 0, "108->104": 0, "86->109": 0, "109->86": 0, "109->110": 0, "110->109": 0, "110->111": 0, "111->110": 0, "111->112": 0, "112->111": 0, "111->113": 0, "113->111": 0, "113->114": 0, "114->113": 0, "111->115": 0, "115->111": 0, "115->116": 0, "116->115": 0, "115->117": 0, "117->115": 0, "110->118": 0, "118->110": 0, "86->119": 0, "119->86": 0, "119->120": 0, "120->119": 0, "120->121": 0, "121->120": 0, "0->122": 0, "122->0": 0, "122->123": 0, "123->122": 0, "123->124": 0, "124->123": 0, "122->125": 0, "125->122": 0, "125->126": 0, "126->125": 0, "122->127": 0, "127->122": 0, "127->128": 0, "128->127": 0, "122->129": 0, "129->122": 0, "122->130": 0, "130->122": 0, "130->131": 0, "131->130": 0, "131->132": 0, "132->131": 0, "130->133": 0, "133->130": 0, "122->134": 0, "134->122": 0, "122->135": 0, "135->122": 0, "135->136": 0, "136->135": 0, "136->137": 0, "137->136": 0, "136->138": 0, "138->136": 0, "138->139": 0, "139->138": 0, "136->140": 0, "140->136": 0, "0->141": 0, "141->0": 0, "141->142": 0, "142->141": 0, "142->143": 0, "143->142": 0, "141->144": 0, "144->141": 0, "144->145": 0, "145->144": 0, "141->146": 0, "146->141": 0, "141->147": 0, "147->141": 0, "147->148": 0, "148->147": 0, "148->149": 0, "149->148": 0, "0->150": 0, "150->0": 0, "150->151": 0, "151->150": 0, "151->152": 0, "152->151": 0, "150->153": 0, "153->150": 0, "153->154": 0, "154->153": 0, "150->155": 0, "155->150": 0, "150->156": 0, "156->150": 0, "156->157": 0, "157->156": 0, "157->158": 0, "158->157": 0, "0->159": 0, "159->0": 0, "159->160": 0, "160->159": 0, "160->161": 0, "161->160": 0, "159->162": 0, "162->159": 0, "162->163": 0, "163->162": 0, "159->164": 0, "164->159": 0, "159->165": 0, "165->159": 0, "159->166": 0, "166->159": 0, "166->167": 0, "167->166": 0, "167->168": 0, "168->167": 0, "167->169": 0, "169->167": 0, "169->170": 0, "170->169": 0, "169->171": 0, "171->169": 0, "171->172": 0, "172->171": 0, "166->173": 0, "173->166": 0, "173->174": 0, "174->173": 0, "173->175": 0, "175->173": 0, "175->176": 0, "176->175": 0, "175->177": 0, "177->175": 0, "159->178": 0, "178->159": 0, "178->179": 0, "179->178": 0, "179->180": 0, "180->179": 0, "179->181": 0, "181->179": 0, "181->182": 0, "182->181": 0, "181->183": 0, "183->181": 0, "183->184": 0, "184->183": 0, "184->185": 0, "185->184": 0, "181->186": 0, "186->181": 0, "179->187": 0, "187->179": 0, "159->188": 0, "188->159": 0, "188->189": 0, "189->188": 0, "189->190": 0, "190->189": 0, "189->191": 0, "191->189": 0, "191->192": 0, "192->191": 0, "189->193": 0, "193->189": 0, "0->194": 0, "194->0": 0, "194->195": 0, "195->194": 0, "195->196": 0, "196->195": 0, "195->197": 0, "197->195": 0, "194->198": 0, "198->194": 0, "198->199": 0, "199->198": 0, "194->200": 0, "200->194": 0, "194->201": 0, "201->194": 0, "201->202": 0, "202->201": 0, "202->203": 0, "203->202": 0, "201->204": 0, "204->201": 0, "204->205": 0, "205->204": 0, "201->206": 0, "206->201": 0, "194->207": 0, "207->194": 0, "194->208": 0, "208->194": 0, "208->209": 0, "209->208": 0, "209->210": 0, "210->209": 0, "209->211": 0, "211->209": 0, "211->212": 0, "212->211": 0, "208->213": 0, "213->208": 0, "213->214": 0, "214->213": 0, "194->215": 0, "215->194": 0, "215->216": 0, "216->215": 0, "216->217": 0, "217->216": 0, "217->218": 0, "218->217": 0, "218->219": 0, "219->218": 0, "217->220": 0, "220->217": 0, "220->221": 0, "221->220": 0, "220->222": 0, "222->220": 0, "222->223": 0, "223->222": 0, "220->224": 0, "224->220": 0, "217->225": 0, "225->217": 0, "215->226": 0, "226->215": 0, "226->227": 0, "227->226": 0, "227->228": 0, "228->227": 0, "227->229": 0, "229->227": 0, "226->230": 0, "230->226": 0, "230->231": 0, "231->230": 0, "231->232": 0, "232->231": 0, "232->233": 0, "233->232": 0, "231->234": 0, "234->231": 0, "234->235": 0, "235->234": 0, "194->236": 0, "236->194": 0, "236->237": 0, "237->236": 0, "237->238": 0, "238->237": 0, "238->239": 0, "239->238": 0, "239->240": 0, "240->239": 0, "238->241": 0, "241->238": 0, "241->242": 0, "242->241": 0, "241->243": 0, "243->241": 0, "243->244": 0, "244->243": 0, "243->245": 0, "245->243": 0, "241->246": 0, "246->241": 0, "236->247": 0, "247->236": 0, "247->248": 0, "248->247": 0, "248->249": 0, "249->248": 0, "248->250": 0, "250->248": 0, "247->251": 0, "251->247": 0, "251->252": 0, "252->251": 0, "252->253": 0, "253->252": 0, "253->254": 0, "254->253": 0, "252->255": 0, "255->252": 0, "255->256": 0, "256->255": 0, "0->257": 0, "257->0": 0, "257->258": 0, "258->257": 0, "258->259": 0, "259->258": 0, "257->260": 0, "260->257": 0, "257->261": 0, "261->257": 0, "261->262": 0, "262->261": 0, "262->263": 0, "263->262": 0, "261->264": 0, "264->261": 0, "257->265": 0, "265->257": 0, "265->266": 0, "266->265": 0, "266->267": 0, "267->266": 0, "266->268": 0, "268->266": 0, "268->269": 0, "269->268": 0, "266->270": 0, "270->266": 0, "265->271": 0, "271->265": 0, "271->272": 0, "272->271": 0, "272->273": 0, "273->272": 0, "257->274": 0, "274->257": 0, "274->275": 0, "275->274": 0, "275->276": 0, "276->275": 0, "275->277": 0, "277->275": 0, "277->278": 0, "278->277": 0, "275->279": 0, "279->275": 0, "279->280": 0, "280->279": 0, "274->281": 0, "281->274": 0, "281->282": 0, "282->281": 0, "282->283": 0, "283->282": 0, "257->284": 0, "284->257": 0, "284->285": 0, "285->284": 0, "285->286": 0, "286->285": 0, "284->287": 0, "287->284": 0, "287->288": 0, "288->287": 0, "287->289": 0, "289->287": 0, "289->290": 0, "290->289": 0, "290->291": 0, "291->290": 0, "289->292": 0, "292->289": 0, "292->293": 0, "293->292": 0, "257->294": 0, "294->257": 0, "294->295": 0, "295->294": 0, "295->296": 0, "296->295": 0, "296->297": 0, "297->296": 0, "297->298": 0, "298->297": 0, "297->299": 0, "299->297": 0, "296->300": 0, "300->296": 0, "295->301": 0, "301->295": 0, "0->302": 0, "302->0": 0, "302->303": 0, "303->302": 0, "303->304": 0, "304->303": 0, "302->305": 0, "305->302": 0, "305->306": 0, "306->305": 0, "302->307": 0, "307->302": 0, "302->308": 0, "308->302": 0, "308->309": 0, "309->308": 0, "309->310": 0, "310->309": 0, "308->311": 0, "311->308": 0, "302->312": 0, "312->302": 0, "302->313": 0, "313->302": 0, "313->314": 0, "314->313": 0, "314->315": 0, "315->314": 0, "314->316": 0, "316->314": 0, "316->317": 0, "317->316": 0, "314->318": 0, "318->314": 0, "0->319": 0, "319->0": 0, "319->320": 0, "320->319": 0, "320->321": 0, "321->320": 0, "319->322": 0, "322->319": 0, "322->323": 0, "323->322": 0, "319->324": 0, "324->319": 0, "324->325": 0, "325->324": 0, "319->326": 0, "326->319": 0, "319->327": 0, "327->319": 0, "327->328": 0, "328->327": 0, "328->329": 0, "329->328": 0, "328->330": 0, "330->328": 0, "330->331": 0, "331->330": 0, "330->332": 0, "332->330": 0, "332->333": 0, "333->332": 0, "333->334": 0, "334->333": 0, "332->335": 0, "335->332": 0, "335->336": 0, "336->335": 0, "330->337": 0, "337->330": 0, "337->338": 0, "338->337": 0, "328->339": 0, "339->328": 0, "339->340": 0, "340->339": 0, "340->341": 0, "341->340": 0, "339->342": 0, "342->339": 0, "342->343": 0, "343->342": 0, "0->344": 0, "344->0": 0, "344->345": 0, "345->344": 0, "1->3": 1, "3->1": 12, "3->5": 1, "5->3": 12, "5->7": 1, "7->5": 12, "7->8": 1, "8->7": 12, "8->17": 1, "17->8": 12, "17->24": 1, "24->17": 12, "24->40": 1, "40->24": 12, "40->49": 1, "49->40": 12, "49->67": 1, "67->49": 12, "67->86": 1, "86->67": 12, "86->122": 1, "122->86": 12, "122->141": 1, "141->122": 12, "141->150": 1, "150->141": 12, "150->159": 1, "159->150": 12, "159->194": 1, "194->159": 12, "194->257": 1, "257->194": 12, "257->302": 1, "302->257": 12, "302->319": 1, "319->302": 12, "319->344": 1, "344->319": 12, "9->11": 1, "11->9": 12, "11->13": 1, "13->11": 12, "14->15": 1, "15->14": 12, "18->20": 1, "20->18": 12, "20->22": 1, "22->20": 12, "25->27": 1, "27->25": 12, "27->28": 1, "28->27": 12, "28->32": 1, "32->28": 12, "29->31": 1, "31->29": 12, "34->37": 1, "37->34": 12, "37->39": 1, "39->37": 12, "41->43": 1, "43->41": 12, "43->45": 1, "45->43": 12, "45->46": 1, "46->45": 12, "50->52": 1, "52->50": 12, "52->54": 1, "54->52": 12, "54->55": 2, "55->54": 3, "55->56": 1, "56->55": 12, "56->60": 1, "60->56": 12, "58->59": 2, "59->58": 3, "62->64": 1, "64->62": 12, "64->66": 1, "66->64": 12, "68->70": 1, "70->68": 12, "70->71": 1, "71->70": 12, "71->75": 1, "75->71": 12, "72->74": 1, "74->72": 12, "77->79": 1, "79->77": 12, "79->85": 1, "85->79": 12, "80->81": 1, "81->80": 12, "81->83": 1, "83->81": 12, "87->89": 1, "89->87": 12, "89->91": 1, "91->89": 12, "91->93": 1, "93->91": 12, "93->94": 1, "94->93": 12, "94->98": 1, "98->94": 12, "98->99": 1, "99->98": 12, "99->109": 1, "109->99": 12, "109->119": 1, "119->109": 12, "95->97": 1, "97->95": 12, "100->102": 1, "102->100": 12, "103->104": 1, "104->103": 12, "105->106": 1, "106->105": 12, "106->108": 1, "108->106": 12, "111->118": 1, "118->111": 12, "112->113": 1, "113->112": 12, "113->115": 1, "115->113": 12, "116->117": 2, "117->116": 3, "123->125": 1, "125->123": 12, "125->127": 1, "127->125": 12, "127->129": 1, "129->127": 12, "129->130": 1, "130->129": 12, "130->134": 1, "134->130": 12, "134->135": 1, "135->134": 12, "131->133": 1, "133->131": 12, "137->138": 1, "138->137": 12, "138->140": 1, "140->138": 12, "142->144": 1, "144->142": 12, "144->146": 1, "146->144": 12, "146->147": 1, "147->146": 12, "151->153": 1, "153->151": 12, "153->155": 1, "155->153": 12, "155->156": 1, "156->155": 12, "160->162": 1, "162->160": 12, "162->164": 1, "164->162": 12, "164->165": 2, "165->164": 3, "165->166": 1, "166->165": 12, "166->178": 1, "178->166": 12, "178->188": 1, "188->178": 12, "167->173": 1, "173->167": 12, "168->169": 1, "169->168": 12, "170->171": 1, "171->170": 12, "174->175": 1, "175->174": 12, "176->177": 2, "177->176": 3, "180->181": 1, "181->180": 12, "181->187": 1, "187->181": 12, "182->183": 1, "183->182": 12, "183->186": 1, "186->183": 12, "190->191": 1, "191->190": 12, "191->193": 1, "193->191": 12, "195->198": 1, "198->195": 12, "198->200": 1, "200->198": 12, "200->201": 1, "201->200": 12, "201->207": 1, "207->201": 12, "207->208": 1, "208->207": 12, "208->215": 1, "215->208": 12, "215->236": 1, "236->215": 12, "196->197": 2, "197->196": 3, "202->204": 1, "204->202": 12, "204->206": 1, "206->204": 12, "209->213": 1, "213->209": 12, "210->211": 1, "211->210": 12, "216->226": 1, "226->216": 12, "218->220": 1, "220->218": 12, "220->225": 1, "225->220": 12, "221->222": 1, "222->221": 12, "222->224": 1, "224->222": 12, "227->230": 1, "230->227": 12, "228->229": 2, "229->228": 3, "232->234": 1, "234->232": 12, "237->247": 1, "247->237": 12, "239->241": 1, "241->239": 12, "242->243": 1, "243->242": 12, "243->246": 1, "246->243": 12, "244->245": 2, "245->244": 3, "248->251": 1, "251->248": 12, "249->250": 2, "250->249": 3, "253->255": 1, "255->253": 12, "258->260": 1, "260->258": 12, "260->261": 1, "261->260": 12, "261->265": 1, "265->261": 12, "265->274": 1, "274->265": 12, "274->284": 1, "284->274": 12, "284->294": 1, "294->284": 12, "262->264": 1, "264->262": 12, "266->271": 6, "271->266": 6, "267->268": 1, "268->267": 12, "268->270": 1, "270->268": 12, "275->281": 6, "281->275": 6, "276->277": 1, "277->276": 12, "277->279": 1, "279->277": 12, "285->287": 1, "287->285": 12, "288->289": 1, "289->288": 12, "290->292": 1, "292->290": 12, "296->301": 1, "301->296": 12, "297->300": 1, "300->297": 12, "298->299": 2, "299->298": 3, "303->305": 1, "305->303": 12, "305->307": 1, "307->305": 12, "307->308": 1, "308->307": 12, "308->312": 1, "312->308": 12, "312->313": 1, "313->312": 12, "309->311": 1, "311->309": 12, "315->316": 1, "316->315": 12, "316->318": 1, "318->316": 12, "320->322": 1, "322->320": 12, "322->324": 1, "324->322": 12, "324->326": 1, "326->324": 12, "326->327": 1, "327->326": 12, "329->330": 1, "330->329": 12, "330->339": 1, "339->330": 12, "331->332": 1, "332->331": 12, "332->337": 1, "337->332": 12, "333->335": 1, "335->333": 12, "340->342": 1, "342->340": 12, "2->4": 2, "4->2": 3, "4->6": 2, "6->4": 3, "6->7": 2, "7->6": 3, "7->10": 2, "10->7": 3, "10->12": 2, "12->10": 3, "12->14": 2, "14->12": 3, "14->16": 2, "16->14": 3, "16->19": 2, "19->16": 3, "19->21": 2, "21->19": 3, "21->23": 2, "23->21": 3, "23->26": 2, "26->23": 3, "26->27": 2, "27->26": 3, "27->30": 2, "30->27": 3, "30->31": 2, "31->30": 3, "31->36": 2, "36->31": 3, "36->38": 4, "38->36": 5, "38->39": 2, "39->38": 3, "39->42": 2, "42->39": 3, "42->44": 2, "44->42": 3, "44->45": 2, "45->44": 3, "45->48": 2, "48->45": 3, "48->51": 2, "51->48": 3, "51->53": 2, "53->51": 3, "53->54": 2, "54->53": 3, "55->58": 2, "58->55": 3, "59->63": 2, "63->59": 3, "63->65": 2, "65->63": 3, "65->66": 2, "66->65": 3, "66->69": 2, "69->66": 3, "69->70": 2, "70->69": 3, "70->73": 2, "73->70": 3, "73->74": 2, "74->73": 3, "74->78": 2, "78->74": 3, "78->80": 2, "80->78": 3, "80->82": 2, "82->80": 3, "82->84": 2, "84->82": 3, "84->85": 2, "85->84": 3, "85->88": 2, "88->85": 3, "88->90": 2, "90->88": 3, "90->92": 2, "92->90": 3, "92->93": 2, "93->92": 3, "93->96": 2, "96->93": 3, "96->97": 2, "97->96": 3, "97->98": 2, "98->97": 3, "98->101": 2, "101->98": 3, "101->103": 2, "103->101": 3, "103->105": 2, "105->103": 3, "105->107": 2, "107->105": 3, "107->108": 2, "108->107": 3, "108->112": 2, "112->108": 3, "112->114": 2, "114->112": 3, "114->116": 2, "116->114": 3, "117->118": 2, "118->117": 3, "118->121": 2, "121->118": 3, "121->124": 2, "124->121": 3, "124->126": 2, "126->124": 3, "126->128": 2, "128->126": 3, "128->129": 2, "129->128": 3, "129->132": 2, "132->129": 3, "132->133": 2, "133->132": 3, "133->134": 2, "134->133": 3, "134->137": 2, "137->134": 3, "137->139": 2, "139->137": 3, "139->140": 2, "140->139": 3, "140->143": 2, "143->140": 3, "143->145": 2, "145->143": 3, "145->146": 2, "146->145": 3, "146->149": 2, "149->146": 3, "149->152": 2, "152->149": 3, "152->154": 2, "154->152": 3, "154->155": 2, "155->154": 3, "155->158": 2, "158->155": 3, "158->161": 2, "161->158": 3, "161->163": 2, "163->161": 3, "163->164": 2, "164->163": 3, "165->168": 2, "168->165": 3, "168->170": 2, "170->168": 3, "170->172": 2, "172->170": 3, "172->174": 2, "174->172": 3, "174->176": 2, "176->174": 3, "177->180": 2, "180->177": 3, "180->182": 2, "182->180": 3, "182->185": 2, "185->182": 3, "185->186": 2, "186->185": 3, "186->187": 2, "187->186": 3, "187->190": 2, "190->187": 3, "190->192": 2, "192->190": 3, "192->193": 2, "193->192": 3, "193->196": 2, "196->193": 3, "197->199": 2, "199->197": 3, "199->200": 2, "200->199": 3, "200->203": 2, "203->200": 3, "203->205": 2, "205->203": 3, "205->206": 2, "206->205": 3, "206->207": 2, "207->206": 3, "207->210": 2, "210->207": 3, "210->212": 2, "212->210": 3, "212->214": 2, "214->212": 3, "214->219": 2, "219->214": 3, "219->221": 2, "221->219": 3, "221->223": 2, "223->221": 3, "223->224": 2, "224->223": 3, "224->225": 2, "225->224": 3, "225->228": 2, "228->225": 3, "229->233": 2, "233->229": 3, "233->235": 2, "235->233": 3, "235->240": 2, "240->235": 3, "240->242": 2, "242->240": 3, "242->244": 2, "244->242": 3, "245->246": 2, "246->245": 3, "246->249": 2, "249->246": 3, "250->254": 2, "254->250": 3, "254->256": 2, "256->254": 3, "256->259": 2, "259->256": 3, "259->260": 2, "260->259": 3, "260->263": 2, "263->260": 3, "263->264": 2, "264->263": 3, "264->267": 2, "267->264": 3, "267->269": 2, "269->267": 3, "269->270": 2, "270->269": 3, "270->273": 2, "273->270": 3, "273->276": 2, "276->273": 3, "276->278": 2, "278->276": 3, "278->280": 2, "280->278": 3, "280->283": 2, "283->280": 3, "283->286": 2, "286->283": 3, "286->288": 2, "288->286": 3, "288->291": 2, "291->288": 3, "291->293": 2, "293->291": 3, "293->298": 2, "298->293": 3, "299->300": 2, "300->299": 3, "300->301": 2, "301->300": 3, "301->304": 2, "304->301": 3, "304->306": 2, "306->304": 3, "306->307": 2, "307->306": 3, "307->310": 2, "310->307": 3, "310->311": 2, "311->310": 3, "311->312": 2, "312->311": 3, "312->315": 2, "315->312": 3, "315->317": 2, "317->315": 3, "317->318": 2, "318->317": 3, "318->321": 2, "321->318": 3, "321->323": 2, "323->321": 3, "323->325": 2, "325->323": 3, "325->326": 2, "326->325": 3, "326->329": 2, "329->326": 3, "329->331": 2, "331->329": 3, "331->334": 2, "334->331": 3, "334->336": 2, "336->334": 3, "336->338": 2, "338->336": 3, "338->341": 2, "341->338": 3, "341->343": 2, "343->341": 3, "343->345": 2, "345->343": 3, "38->48": 4, "48->38": 5, "48->185": 4, "185->48": 5, "185->341": 4, "341->185": 5, "63->78": 4, "78->63": 5, "78->82": 4, "82->78": 5, "82->149": 4, "149->82": 5, "107->139": 4, "139->107": 5, "114->121": 4, "121->114": 5, "269->278": 4, "278->269": 5, "278->293": 4, "293->278": 5}, "metrics": [2.0, 0.0, 13.0, 11.0, 79.0, 15.0, 0.0, 2.0, 0.23076923076923078, 4.0, 5.0]}