{"nodelist": ["ClassDeclaration", "{'public', 'static'}", "public", "static", "CustomWritable", "FieldDeclaration", "{'private'}", "private", "ReferenceType", "String", "VariableDeclarator", "value", "Literal", "null", "ConstructorDeclaration", "{'public'}", "public", "CustomWritable", "ConstructorDeclaration", "{'public'}", "public", "CustomWritable", "FormalParameter", "ReferenceType", "String", "val", "StatementExpression", "Assignment", "This", "MemberReference", "value", "MemberReference", "val", "=", "MethodDeclaration", "{'public'}", "public", "ReferenceType", "String", "getValue", "ReturnStatement", "MemberReference", "value", "MethodDeclaration", "{'public'}", "public", "Annotation", "Override", "write", "FormalParameter", "ReferenceType", "DataOutput", "out", "IOException", "StatementExpression", "MethodInvocation", "Text", "MemberReference", "out", "This", "MemberReference", "value", "writeString", "MethodDeclaration", "{'public'}", "public", "Annotation", "Override", "readFields", "FormalParameter", "ReferenceType", "DataInput", "in", "IOException", "StatementExpression", "Assignment", "This", "MemberReference", "value", "MethodInvocation", "Text", "MemberReference", "in", "readString", "=", "ReferenceType", "Writable"], "nodes": {"0": "ClassDeclaration", "1": "Modifier", "2": "public", "3": "static", "4": "CustomWritable", "5": "FieldDeclaration", "6": "Modifier", "7": "private", "8": "ReferenceType", "9": "String", "10": "VariableDeclarator", "11": "value", "12": "Literal", "13": "null", "14": "ConstructorDeclaration", "15": "Modifier", "16": "public", "17": "CustomWritable", "18": "ConstructorDeclaration", "19": "Modifier", "20": "public", "21": "CustomWritable", "22": "FormalParameter", "23": "ReferenceType", "24": "String", "25": "val", "26": "StatementExpression", "27": "Assignment", "28": "This", "29": "MemberReference", "30": "value", "31": "MemberReference", "32": "val", "33": "=", "34": "MethodDeclaration", "35": "Modifier", "36": "public", "37": "ReferenceType", "38": "String", "39": "getValue", "40": "ReturnStatement", "41": "MemberReference", "42": "value", "43": "MethodDeclaration", "44": "Modifier", "45": "public", "46": "Annotation", "47": "Override", "48": "write", "49": "FormalParameter", "50": "ReferenceType", "51": "DataOutput", "52": "out", "53": "IOException", "54": "StatementExpression", "55": "MethodInvocation", "56": "Text", "57": "MemberReference", "58": "out", "59": "This", "60": "MemberReference", "61": "value", "62": "writeString", "63": "MethodDeclaration", "64": "Modifier", "65": "public", "66": "Annotation", "67": "Override", "68": "readFields", "69": "FormalParameter", "70": "ReferenceType", "71": "DataInput", "72": "in", "73": "IOException", "74": "StatementExpression", "75": "Assignment", "76": "This", "77": "MemberReference", "78": "value", "79": "MethodInvocation", "80": "Text", "81": "MemberReference", "82": "in", "83": "readString", "84": "=", "85": "ReferenceType", "86": "Writable"}, "edges": {"0->1": 0, "1->0": 0, "1->2": 0, "2->1": 0, "1->3": 0, "3->1": 0, "0->4": 0, "4->0": 0, "0->5": 0, "5->0": 0, "5->6": 0, "6->5": 0, "6->7": 0, "7->6": 0, "5->8": 0, "8->5": 0, "8->9": 0, "9->8": 0, "5->10": 0, "10->5": 0, "10->11": 0, "11->10": 0, "10->12": 0, "12->10": 0, "12->13": 0, "13->12": 0, "0->14": 0, "14->0": 0, "14->15": 0, "15->14": 0, "15->16": 0, "16->15": 0, "14->17": 0, "17->14": 0, "0->18": 0, "18->0": 0, "18->19": 0, "19->18": 0, "19->20": 0, "20->19": 0, "18->21": 0, "21->18": 0, "18->22": 0, "22->18": 0, "22->23": 0, "23->22": 0, "23->24": 0, "24->23": 0, "22->25": 0, "25->22": 0, "18->26": 0, "26->18": 0, "26->27": 0, "27->26": 0, "27->28": 0, "28->27": 0, "28->29": 0, "29->28": 0, "29->30": 0, "30->29": 0, "27->31": 0, "31->27": 0, "31->32": 0, "32->31": 0, "27->33": 0, "33->27": 0, "0->34": 0, "34->0": 0, "34->35": 0, "35->34": 0, "35->36": 0, "36->35": 0, "34->37": 0, "37->34": 0, "37->38": 0, "38->37": 0, "34->39": 0, "39->34": 0, "34->40": 0, "40->34": 0, "40->41": 0, "41->40": 0, "41->42": 0, "42->41": 0, "0->43": 0, "43->0": 0, "43->44": 0, "44->43": 0, "44->45": 0, "45->44": 0, "43->46": 0, "46->43": 0, "46->47": 0, "47->46": 0, "43->48": 0, "48->43": 0, "43->49": 0, "49->43": 0, "49->50": 0, "50->49": 0, "50->51": 0, "51->50": 0, "49->52": 0, "52->49": 0, "43->53": 0, "53->43": 0, "43->54": 0, "54->43": 0, "54->55": 0, "55->54": 0, "55->56": 0, "56->55": 0, "55->57": 0, "57->55": 0, "57->58": 0, "58->57": 0, "55->59": 0, "59->55": 0, "59->60": 0, "60->59": 0, "60->61": 0, "61->60": 0, "55->62": 0, "62->55": 0, "0->63": 0, "63->0": 0, "63->64": 0, "64->63": 0, "64->65": 0, "65->64": 0, "63->66": 0, "66->63": 0, "66->67": 0, "67->66": 0, "63->68": 0, "68->63": 0, "63->69": 0, "69->63": 0, "69->70": 0, "70->69": 0, "70->71": 0, "71->70": 0, "69->72": 0, "72->69": 0, "63->73": 0, "73->63": 0, "63->74": 0, "74->63": 0, "74->75": 0, "75->74": 0, "75->76": 0, "76->75": 0, "76->77": 0, "77->76": 0, "77->78": 0, "78->77": 0, "75->79": 0, "79->75": 0, "79->80": 0, "80->79": 0, "79->81": 0, "81->79": 0, "81->82": 0, "82->81": 0, "79->83": 0, "83->79": 0, "75->84": 0, "84->75": 0, "0->85": 0, "85->0": 0, "85->86": 0, "86->85": 0, "1->4": 1, "4->1": 12, "4->5": 1, "5->4": 12, "5->14": 1, "14->5": 12, "14->18": 1, "18->14": 12, "18->34": 1, "34->18": 12, "34->43": 1, "43->34": 12, "43->63": 1, "63->43": 12, "63->85": 1, "85->63": 12, "2->3": 2, "3->2": 3, "6->8": 1, "8->6": 12, "8->10": 1, "10->8": 12, "11->12": 1, "12->11": 12, "15->17": 1, "17->15": 12, "19->21": 1, "21->19": 12, "21->22": 1, "22->21": 12, "22->26": 1, "26->22": 12, "23->25": 1, "25->23": 12, "28->31": 1, "31->28": 12, "31->33": 1, "33->31": 12, "35->37": 1, "37->35": 12, "37->39": 1, "39->37": 12, "39->40": 1, "40->39": 12, "44->46": 1, "46->44": 12, "46->48": 1, "48->46": 12, "48->49": 1, "49->48": 12, "49->53": 1, "53->49": 12, "53->54": 1, "54->53": 12, "50->52": 1, "52->50": 12, "56->57": 1, "57->56": 12, "57->59": 1, "59->57": 12, "59->62": 1, "62->59": 12, "64->66": 1, "66->64": 12, "66->68": 1, "68->66": 12, "68->69": 1, "69->68": 12, "69->73": 1, "73->69": 12, "73->74": 1, "74->73": 12, "70->72": 1, "72->70": 12, "76->79": 1, "79->76": 12, "79->84": 1, "84->79": 12, "80->81": 1, "81->80": 12, "81->83": 1, "83->81": 12, "3->4": 2, "4->3": 3, "4->7": 2, "7->4": 3, "7->9": 2, "9->7": 3, "9->11": 2, "11->9": 3, "11->13": 2, "13->11": 3, "13->16": 2, "16->13": 3, "16->17": 2, "17->16": 3, "17->20": 2, "20->17": 3, "20->21": 2, "21->20": 3, "21->24": 2, "24->21": 3, "24->25": 2, "25->24": 3, "25->30": 2, "30->25": 3, "30->32": 2, "32->30": 3, "32->33": 2, "33->32": 3, "33->36": 2, "36->33": 3, "36->38": 2, "38->36": 3, "38->39": 2, "39->38": 3, "39->42": 2, "42->39": 3, "42->45": 2, "45->42": 3, "45->47": 2, "47->45": 3, "47->48": 2, "48->47": 3, "48->51": 2, "51->48": 3, "51->52": 2, "52->51": 3, "52->53": 2, "53->52": 3, "53->56": 2, "56->53": 3, "56->58": 2, "58->56": 3, "58->61": 2, "61->58": 3, "61->62": 2, "62->61": 3, "62->65": 2, "65->62": 3, "65->67": 2, "67->65": 3, "67->68": 2, "68->67": 3, "68->71": 2, "71->68": 3, "71->72": 2, "72->71": 3, "72->73": 2, "73->72": 3, "73->78": 2, "78->73": 3, "78->80": 2, "80->78": 3, "80->82": 2, "82->80": 3, "82->83": 2, "83->82": 3, "83->84": 2, "84->83": 3, "84->86": 2, "86->84": 3, "30->42": 4, "42->30": 5, "42->61": 4, "61->42": 5, "61->78": 4, "78->61": 5}, "metrics": [1.0, 0.0, 5.0, 5.0, 17.0, 5.0, 0.0, 0.0, 0.4, 0.0, 0.0]}