{"nodelist": ["ClassDeclaration", "{'public'}", "public", "HRegionPartitioner", "FieldDeclaration", "{'final', 'private'}", "final", "private", "ReferenceType", "Log", "VariableDeclarator", "LOG", "MethodInvocation", "LogFactory", "ClassReference", "ReferenceType", "TableInputFormat", "getLog", "FieldDeclaration", "{'private'}", "private", "ReferenceType", "Configuration", "VariableDeclarator", "conf", "Literal", "null", "FieldDeclaration", "{'private'}", "private", "ReferenceType", "HTable", "VariableDeclarator", "table", "FieldDeclaration", "{'private'}", "private", "BasicType", "byte", "VariableDeclarator", "startKeys", "MethodDeclaration", "{'public'}", "public", "Annotation", "Override", "BasicType", "int", "getPartition", "FormalParameter", "ReferenceType", "ImmutableBytesWritable", "key", "FormalParameter", "ReferenceType", "VALUE", "value", "FormalParameter", "BasicType", "int", "numPartitions", "LocalVariableDeclaration", "BasicType", "byte", "VariableDeclarator", "region", "Literal", "null", "IfStatement", "BinaryOperation", "==", "This", "MemberReference", "startKeys", "MemberReference", "length", "Literal", "1", "BlockStatement", "ReturnStatement", "Literal", "0", "TryStatement", "StatementExpression", "Assignment", "MemberReference", "region", "MethodInvocation", "table", "MethodInvocation", "getRegionInfo", "MethodInvocation", "getStartKey", "MethodInvocation", "key", "get", "getRegionLocation", "=", "CatchClause", "CatchClauseParameter", "IOException", "e", "StatementExpression", "MethodInvocation", "LOG", "MemberReference", "e", "error", "ForStatement", "ForControl", "VariableDeclaration", "BasicType", "int", "VariableDeclarator", "i", "Literal", "0", "BinaryOperation", "<", "MemberReference", "i", "This", "MemberReference", "startKeys", "MemberReference", "length", "MemberReference", "++", "i", "BlockStatement", "IfStatement", "BinaryOperation", "==", "MethodInvocation", "Bytes", "MemberReference", "region", "This", "MemberReference", "startKeys", "ArraySelector", "MemberReference", "i", "compareTo", "Literal", "0", "BlockStatement", "IfStatement", "BinaryOperation", ">=", "MemberReference", "i", "BinaryOperation", "-", "MemberReference", "numPartitions", "Literal", "1", "BlockStatement", "ReturnStatement", "BinaryOperation", "%", "BinaryOperation", "&", "MethodInvocation", "Integer", "MethodInvocation", "hashCode", "MemberReference", "i", "toString", "MemberReference", "Integer", "MAX_VALUE", "MemberReference", "numPartitions", "ReturnStatement", "MemberReference", "i", "ReturnStatement", "Literal", "0", "MethodDeclaration", "{'public'}", "public", "Annotation", "Override", "ReferenceType", "Configuration", "getConf", "ReturnStatement", "MemberReference", "conf", "MethodDeclaration", "{'public'}", "public", "Annotation", "Override", "setConf", "FormalParameter", "ReferenceType", "Configuration", "configuration", "StatementExpression", "Assignment", "This", "MemberReference", "conf", "MemberReference", "configuration", "=", "TryStatement", "StatementExpression", "MethodInvocation", "HBaseConfiguration", "MemberReference", "conf", "addHbaseResources", "StatementExpression", "Assignment", "This", "MemberReference", "table", "ClassCreator", "ReferenceType", "HTable", "This", "MemberReference", "conf", "MethodInvocation", "configuration", "MemberReference", "TableOutputFormat", "OUTPUT_TABLE", "get", "=", "CatchClause", "CatchClauseParameter", "IOException", "e", "StatementExpression", "MethodInvocation", "LOG", "MemberReference", "e", "error", "TryStatement", "StatementExpression", "Assignment", "This", "MemberReference", "startKeys", "This", "MemberReference", "table", "MethodInvocation", "getStartKeys", "=", "CatchClause", "CatchClauseParameter", "IOException", "e", "StatementExpression", "MethodInvocation", "LOG", "MemberReference", "e", "error", "TypeParameter", "KEY", "TypeParameter", "VALUE", "ReferenceType", "Partitioner", "TypeArgument", "ReferenceType", "ImmutableBytesWritable", "TypeArgument", "ReferenceType", "VALUE", "ReferenceType", "Configurable"], "nodes": {"0": "ClassDeclaration", "1": "Modifier", "2": "public", "3": "HRegionPartitioner", "4": "FieldDeclaration", "5": "Modifier", "6": "final", "7": "private", "8": "ReferenceType", "9": "Log", "10": "VariableDeclarator", "11": "LOG", "12": "MethodInvocation", "13": "LogFactory", "14": "ClassReference", "15": "ReferenceType", "16": "TableInputFormat", "17": "getLog", "18": "FieldDeclaration", "19": "Modifier", "20": "private", "21": "ReferenceType", "22": "Configuration", "23": "VariableDeclarator", "24": "conf", "25": "Literal", "26": "null", "27": "FieldDeclaration", "28": "Modifier", "29": "private", "30": "ReferenceType", "31": "HTable", "32": "VariableDeclarator", "33": "table", "34": "FieldDeclaration", "35": "Modifier", "36": "private", "37": "BasicType", "38": "byte", "39": "VariableDeclarator", "40": "startKeys", "41": "MethodDeclaration", "42": "Modifier", "43": "public", "44": "Annotation", "45": "Override", "46": "BasicType", "47": "int", "48": "getPartition", "49": "FormalParameter", "50": "ReferenceType", "51": "ImmutableBytesWritable", "52": "key", "53": "FormalParameter", "54": "ReferenceType", "55": "VALUE", "56": "value", "57": "FormalParameter", "58": "BasicType", "59": "int", "60": "numPartitions", "61": "LocalVariableDeclaration", "62": "BasicType", "63": "byte", "64": "VariableDeclarator", "65": "region", "66": "Literal", "67": "null", "68": "IfStatement", "69": "BinaryOperation", "70": "==", "71": "This", "72": "MemberReference", "73": "startKeys", "74": "MemberReference", "75": "length", "76": "Literal", "77": "1", "78": "BlockStatement", "79": "ReturnStatement", "80": "Literal", "81": "0", "82": "TryStatement", "83": "StatementExpression", "84": "Assignment", "85": "MemberReference", "86": "region", "87": "MethodInvocation", "88": "table", "89": "MethodInvocation", "90": "getRegionInfo", "91": "MethodInvocation", "92": "getStartKey", "93": "MethodInvocation", "94": "key", "95": "get", "96": "getRegionLocation", "97": "=", "98": "CatchClause", "99": "CatchClauseParameter", "100": "IOException", "101": "e", "102": "StatementExpression", "103": "MethodInvocation", "104": "LOG", "105": "MemberReference", "106": "e", "107": "error", "108": "ForStatement", "109": "ForControl", "110": "VariableDeclaration", "111": "BasicType", "112": "int", "113": "VariableDeclarator", "114": "i", "115": "Literal", "116": "0", "117": "BinaryOperation", "118": "<", "119": "MemberReference", "120": "i", "121": "This", "122": "MemberReference", "123": "startKeys", "124": "MemberReference", "125": "length", "126": "MemberReference", "127": "++", "128": "i", "129": "BlockStatement", "130": "IfStatement", "131": "BinaryOperation", "132": "==", "133": "MethodInvocation", "134": "Bytes", "135": "MemberReference", "136": "region", "137": "This", "138": "MemberReference", "139": "startKeys", "140": "ArraySelector", "141": "MemberReference", "142": "i", "143": "compareTo", "144": "Literal", "145": "0", "146": "BlockStatement", "147": "IfStatement", "148": "BinaryOperation", "149": ">=", "150": "MemberReference", "151": "i", "152": "BinaryOperation", "153": "-", "154": "MemberReference", "155": "numPartitions", "156": "Literal", "157": "1", "158": "BlockStatement", "159": "ReturnStatement", "160": "BinaryOperation", "161": "%", "162": "BinaryOperation", "163": "&", "164": "MethodInvocation", "165": "Integer", "166": "MethodInvocation", "167": "hashCode", "168": "MemberReference", "169": "i", "170": "toString", "171": "MemberReference", "172": "Integer", "173": "MAX_VALUE", "174": "MemberReference", "175": "numPartitions", "176": "ReturnStatement", "177": "MemberReference", "178": "i", "179": "ReturnStatement", "180": "Literal", "181": "0", "182": "MethodDeclaration", "183": "Modifier", "184": "public", "185": "Annotation", "186": "Override", "187": "ReferenceType", "188": "Configuration", "189": "getConf", "190": "ReturnStatement", "191": "MemberReference", "192": "conf", "193": "MethodDeclaration", "194": "Modifier", "195": "public", "196": "Annotation", "197": "Override", "198": "setConf", "199": "FormalParameter", "200": "ReferenceType", "201": "Configuration", "202": "configuration", "203": "StatementExpression", "204": "Assignment", "205": "This", "206": "MemberReference", "207": "conf", "208": "MemberReference", "209": "configuration", "210": "=", "211": "TryStatement", "212": "StatementExpression", "213": "MethodInvocation", "214": "HBaseConfiguration", "215": "MemberReference", "216": "conf", "217": "addHbaseResources", "218": "StatementExpression", "219": "Assignment", "220": "This", "221": "MemberReference", "222": "table", "223": "ClassCreator", "224": "ReferenceType", "225": "HTable", "226": "This", "227": "MemberReference", "228": "conf", "229": "MethodInvocation", "230": "configuration", "231": "MemberReference", "232": "TableOutputFormat", "233": "OUTPUT_TABLE", "234": "get", "235": "=", "236": "CatchClause", "237": "CatchClauseParameter", "238": "IOException", "239": "e", "240": "StatementExpression", "241": "MethodInvocation", "242": "LOG", "243": "MemberReference", "244": "e", "245": "error", "246": "TryStatement", "247": "StatementExpression", "248": "Assignment", "249": "This", "250": "MemberReference", "251": "startKeys", "252": "This", "253": "MemberReference", "254": "table", "255": "MethodInvocation", "256": "getStartKeys", "257": "=", "258": "CatchClause", "259": "CatchClauseParameter", "260": "IOException", "261": "e", "262": "StatementExpression", "263": "MethodInvocation", "264": "LOG", "265": "MemberReference", "266": "e", "267": "error", "268": "TypeParameter", "269": "KEY", "270": "TypeParameter", "271": "VALUE", "272": "ReferenceType", "273": "Partitioner", "274": "TypeArgument", "275": "ReferenceType", "276": "ImmutableBytesWritable", "277": "TypeArgument", "278": "ReferenceType", "279": "VALUE", "280": "ReferenceType", "281": "Configurable"}, "edges": {"0->1": 0, "1->0": 0, "1->2": 0, "2->1": 0, "0->3": 0, "3->0": 0, "0->4": 0, "4->0": 0, "4->5": 0, "5->4": 0, "5->6": 0, "6->5": 0, "5->7": 0, "7->5": 0, "4->8": 0, "8->4": 0, "8->9": 0, "9->8": 0, "4->10": 0, "10->4": 0, "10->11": 0, "11->10": 0, "10->12": 0, "12->10": 0, "12->13": 0, "13->12": 0, "12->14": 0, "14->12": 0, "14->15": 0, "15->14": 0, "15->16": 0, "16->15": 0, "12->17": 0, "17->12": 0, "0->18": 0, "18->0": 0, "18->19": 0, "19->18": 0, "19->20": 0, "20->19": 0, "18->21": 0, "21->18": 0, "21->22": 0, "22->21": 0, "18->23": 0, "23->18": 0, "23->24": 0, "24->23": 0, "23->25": 0, "25->23": 0, "25->26": 0, "26->25": 0, "0->27": 0, "27->0": 0, "27->28": 0, "28->27": 0, "28->29": 0, "29->28": 0, "27->30": 0, "30->27": 0, "30->31": 0, "31->30": 0, "27->32": 0, "32->27": 0, "32->33": 0, "33->32": 0, "0->34": 0, "34->0": 0, "34->35": 0, "35->34": 0, "35->36": 0, "36->35": 0, "34->37": 0, "37->34": 0, "37->38": 0, "38->37": 0, "34->39": 0, "39->34": 0, "39->40": 0, "40->39": 0, "0->41": 0, "41->0": 0, "41->42": 0, "42->41": 0, "42->43": 0, "43->42": 0, "41->44": 0, "44->41": 0, "44->45": 0, "45->44": 0, "41->46": 0, "46->41": 0, "46->47": 0, "47->46": 0, "41->48": 0, "48->41": 0, "41->49": 0, "49->41": 0, "49->50": 0, "50->49": 0, "50->51": 0, "51->50": 0, "49->52": 0, "52->49": 0, "41->53": 0, "53->41": 0, "53->54": 0, "54->53": 0, "54->55": 0, "55->54": 0, "53->56": 0, "56->53": 0, "41->57": 0, "57->41": 0, "57->58": 0, "58->57": 0, "58->59": 0, "59->58": 0, "57->60": 0, "60->57": 0, "41->61": 0, "61->41": 0, "61->62": 0, "62->61": 0, "62->63": 0, "63->62": 0, "61->64": 0, "64->61": 0, "64->65": 0, "65->64": 0, "64->66": 0, "66->64": 0, "66->67": 0, "67->66": 0, "41->68": 0, "68->41": 0, "68->69": 0, "69->68": 0, "69->70": 0, "70->69": 0, "69->71": 0, "71->69": 0, "71->72": 0, "72->71": 0, "72->73": 0, "73->72": 0, "71->74": 0, "74->71": 0, "74->75": 0, "75->74": 0, "69->76": 0, "76->69": 0, "76->77": 0, "77->76": 0, "68->78": 0, "78->68": 0, "78->79": 0, "79->78": 0, "79->80": 0, "80->79": 0, "80->81": 0, "81->80": 0, "41->82": 0, "82->41": 0, "82->83": 0, "83->82": 0, "83->84": 0, "84->83": 0, "84->85": 0, "85->84": 0, "85->86": 0, "86->85": 0, "84->87": 0, "87->84": 0, "87->88": 0, "88->87": 0, "87->89": 0, "89->87": 0, "89->90": 0, "90->89": 0, "87->91": 0, "91->87": 0, "91->92": 0, "92->91": 0, "87->93": 0, "93->87": 0, "93->94": 0, "94->93": 0, "93->95": 0, "95->93": 0, "87->96": 0, "96->87": 0, "84->97": 0, "97->84": 0, "82->98": 0, "98->82": 0, "98->99": 0, "99->98": 0, "99->100": 0, "100->99": 0, "99->101": 0, "101->99": 0, "98->102": 0, "102->98": 0, "102->103": 0, "103->102": 0, "103->104": 0, "104->103": 0, "103->105": 0, "105->103": 0, "105->106": 0, "106->105": 0, "103->107": 0, "107->103": 0, "41->108": 0, "108->41": 0, "108->109": 0, "109->108": 0, "109->110": 0, "110->109": 0, "110->111": 0, "111->110": 0, "111->112": 0, "112->111": 0, "110->113": 0, "113->110": 0, "113->114": 0, "114->113": 0, "113->115": 0, "115->113": 0, "115->116": 0, "116->115": 0, "109->117": 0, "117->109": 0, "117->118": 0, "118->117": 0, "117->119": 0, "119->117": 0, "119->120": 0, "120->119": 0, "117->121": 0, "121->117": 0, "121->122": 0, "122->121": 0, "122->123": 0, "123->122": 0, "121->124": 0, "124->121": 0, "124->125": 0, "125->124": 0, "109->126": 0, "126->109": 0, "126->127": 0, "127->126": 0, "126->128": 0, "128->126": 0, "108->129": 0, "129->108": 0, "129->130": 0, "130->129": 0, "130->131": 0, "131->130": 0, "131->132": 0, "132->131": 0, "131->133": 0, "133->131": 0, "133->134": 0, "134->133": 0, "133->135": 0, "135->133": 0, "135->136": 0, "136->135": 0, "133->137": 0, "137->133": 0, "137->138": 0, "138->137": 0, "138->139": 0, "139->138": 0, "137->140": 0, "140->137": 0, "140->141": 0, "141->140": 0, "141->142": 0, "142->141": 0, "133->143": 0, "143->133": 0, "131->144": 0, "144->131": 0, "144->145": 0, "145->144": 0, "130->146": 0, "146->130": 0, "146->147": 0, "147->146": 0, "147->148": 0, "148->147": 0, "148->149": 0, "149->148": 0, "148->150": 0, "150->148": 0, "150->151": 0, "151->150": 0, "148->152": 0, "152->148": 0, "152->153": 0, "153->152": 0, "152->154": 0, "154->152": 0, "154->155": 0, "155->154": 0, "152->156": 0, "156->152": 0, "156->157": 0, "157->156": 0, "147->158": 0, "158->147": 0, "158->159": 0, "159->158": 0, "159->160": 0, "160->159": 0, "160->161": 0, "161->160": 0, "160->162": 0, "162->160": 0, "162->163": 0, "163->162": 0, "162->164": 0, "164->162": 0, "164->165": 0, "165->164": 0, "164->166": 0, "166->164": 0, "166->167": 0, "167->166": 0, "164->168": 0, "168->164": 0, "168->169": 0, "169->168": 0, "164->170": 0, "170->164": 0, "162->171": 0, "171->162": 0, "171->172": 0, "172->171": 0, "171->173": 0, "173->171": 0, "160->174": 0, "174->160": 0, "174->175": 0, "175->174": 0, "146->176": 0, "176->146": 0, "176->177": 0, "177->176": 0, "177->178": 0, "178->177": 0, "41->179": 0, "179->41": 0, "179->180": 0, "180->179": 0, "180->181": 0, "181->180": 0, "0->182": 0, "182->0": 0, "182->183": 0, "183->182": 0, "183->184": 0, "184->183": 0, "182->185": 0, "185->182": 0, "185->186": 0, "186->185": 0, "182->187": 0, "187->182": 0, "187->188": 0, "188->187": 0, "182->189": 0, "189->182": 0, "182->190": 0, "190->182": 0, "190->191": 0, "191->190": 0, "191->192": 0, "192->191": 0, "0->193": 0, "193->0": 0, "193->194": 0, "194->193": 0, "194->195": 0, "195->194": 0, "193->196": 0, "196->193": 0, "196->197": 0, "197->196": 0, "193->198": 0, "198->193": 0, "193->199": 0, "199->193": 0, "199->200": 0, "200->199": 0, "200->201": 0, "201->200": 0, "199->202": 0, "202->199": 0, "193->203": 0, "203->193": 0, "203->204": 0, "204->203": 0, "204->205": 0, "205->204": 0, "205->206": 0, "206->205": 0, "206->207": 0, "207->206": 0, "204->208": 0, "208->204": 0, "208->209": 0, "209->208": 0, "204->210": 0, "210->204": 0, "193->211": 0, "211->193": 0, "211->212": 0, "212->211": 0, "212->213": 0, "213->212": 0, "213->214": 0, "214->213": 0, "213->215": 0, "215->213": 0, "215->216": 0, "216->215": 0, "213->217": 0, "217->213": 0, "211->218": 0, "218->211": 0, "218->219": 0, "219->218": 0, "219->220": 0, "220->219": 0, "220->221": 0, "221->220": 0, "221->222": 0, "222->221": 0, "219->223": 0, "223->219": 0, "223->224": 0, "224->223": 0, "224->225": 0, "225->224": 0, "223->226": 0, "226->223": 0, "226->227": 0, "227->226": 0, "227->228": 0, "228->227": 0, "223->229": 0, "229->223": 0, "229->230": 0, "230->229": 0, "229->231": 0, "231->229": 0, "231->232": 0, "232->231": 0, "231->233": 0, "233->231": 0, "229->234": 0, "234->229": 0, "219->235": 0, "235->219": 0, "211->236": 0, "236->211": 0, "236->237": 0, "237->236": 0, "237->238": 0, "238->237": 0, "237->239": 0, "239->237": 0, "236->240": 0, "240->236": 0, "240->241": 0, "241->240": 0, "241->242": 0, "242->241": 0, "241->243": 0, "243->241": 0, "243->244": 0, "244->243": 0, "241->245": 0, "245->241": 0, "193->246": 0, "246->193": 0, "246->247": 0, "247->246": 0, "247->248": 0, "248->247": 0, "248->249": 0, "249->248": 0, "249->250": 0, "250->249": 0, "250->251": 0, "251->250": 0, "248->252": 0, "252->248": 0, "252->253": 0, "253->252": 0, "253->254": 0, "254->253": 0, "252->255": 0, "255->252": 0, "255->256": 0, "256->255": 0, "248->257": 0, "257->248": 0, "246->258": 0, "258->246": 0, "258->259": 0, "259->258": 0, "259->260": 0, "260->259": 0, "259->261": 0, "261->259": 0, "258->262": 0, "262->258": 0, "262->263": 0, "263->262": 0, "263->264": 0, "264->263": 0, "263->265": 0, "265->263": 0, "265->266": 0, "266->265": 0, "263->267": 0, "267->263": 0, "0->268": 0, "268->0": 0, "268->269": 0, "269->268": 0, "0->270": 0, "270->0": 0, "270->271": 0, "271->270": 0, "0->272": 0, "272->0": 0, "272->273": 0, "273->272": 0, "272->274": 0, "274->272": 0, "274->275": 0, "275->274": 0, "275->276": 0, "276->275": 0, "272->277": 0, "277->272": 0, "277->278": 0, "278->277": 0, "278->279": 0, "279->278": 0, "0->280": 0, "280->0": 0, "280->281": 0, "281->280": 0, "1->3": 1, "3->1": 12, "3->4": 1, "4->3": 12, "4->18": 1, "18->4": 12, "18->27": 1, "27->18": 12, "27->34": 1, "34->27": 12, "34->41": 1, "41->34": 12, "41->182": 1, "182->41": 12, "182->193": 1, "193->182": 12, "193->268": 1, "268->193": 12, "268->270": 1, "270->268": 12, "270->272": 1, "272->270": 12, "272->280": 1, "280->272": 12, "5->8": 1, "8->5": 12, "8->10": 1, "10->8": 12, "6->7": 2, "7->6": 3, "11->12": 1, "12->11": 12, "13->14": 1, "14->13": 12, "14->17": 1, "17->14": 12, "19->21": 1, "21->19": 12, "21->23": 1, "23->21": 12, "24->25": 1, "25->24": 12, "28->30": 1, "30->28": 12, "30->32": 1, "32->30": 12, "35->37": 1, "37->35": 12, "37->39": 1, "39->37": 12, "42->44": 1, "44->42": 12, "44->46": 1, "46->44": 12, "46->48": 1, "48->46": 12, "48->49": 1, "49->48": 12, "49->53": 1, "53->49": 12, "53->57": 1, "57->53": 12, "57->61": 1, "61->57": 12, "61->68": 1, "68->61": 12, "68->82": 1, "82->68": 12, "82->108": 1, "108->82": 12, "108->179": 1, "179->108": 12, "50->52": 1, "52->50": 12, "54->56": 1, "56->54": 12, "58->60": 1, "60->58": 12, "62->64": 1, "64->62": 12, "65->66": 1, "66->65": 12, "69->78": 6, "78->69": 6, "70->71": 1, "71->70": 12, "71->76": 1, "76->71": 12, "72->74": 1, "74->72": 12, "83->98": 1, "98->83": 12, "85->87": 1, "87->85": 12, "87->97": 1, "97->87": 12, "88->89": 1, "89->88": 12, "89->91": 1, "91->89": 12, "91->93": 1, "93->91": 12, "93->96": 1, "96->93": 12, "94->95": 2, "95->94": 3, "99->102": 1, "102->99": 12, "100->101": 2, "101->100": 3, "104->105": 1, "105->104": 12, "105->107": 1, "107->105": 12, "109->129": 9, "129->109": 9, "110->117": 1, "117->110": 12, "117->126": 1, "126->117": 12, "111->113": 1, "113->111": 12, "114->115": 1, "115->114": 12, "118->119": 1, "119->118": 12, "119->121": 1, "121->119": 12, "122->124": 1, "124->122": 12, "127->128": 2, "128->127": 3, "131->146": 6, "146->131": 6, "132->133": 1, "133->132": 12, "133->144": 1, "144->133": 12, "134->135": 1, "135->134": 12, "135->137": 1, "137->135": 12, "137->143": 1, "143->137": 12, "138->140": 1, "140->138": 12, "147->176": 10, "176->147": 11, "148->158": 6, "158->148": 6, "149->150": 1, "150->149": 12, "150->152": 1, "152->150": 12, "153->154": 1, "154->153": 12, "154->156": 1, "156->154": 12, "161->162": 1, "162->161": 12, "162->174": 1, "174->162": 12, "163->164": 1, "164->163": 12, "164->171": 1, "171->164": 12, "165->166": 1, "166->165": 12, "166->168": 1, "168->166": 12, "168->170": 1, "170->168": 12, "172->173": 2, "173->172": 3, "183->185": 1, "185->183": 12, "185->187": 1, "187->185": 12, "187->189": 1, "189->187": 12, "189->190": 1, "190->189": 12, "194->196": 1, "196->194": 12, "196->198": 1, "198->196": 12, "198->199": 1, "199->198": 12, "199->203": 1, "203->199": 12, "203->211": 1, "211->203": 12, "211->246": 1, "246->211": 12, "200->202": 1, "202->200": 12, "205->208": 1, "208->205": 12, "208->210": 1, "210->208": 12, "212->218": 1, "218->212": 12, "218->236": 1, "236->218": 12, "214->215": 1, "215->214": 12, "215->217": 1, "217->215": 12, "220->223": 1, "223->220": 12, "223->235": 1, "235->223": 12, "224->226": 1, "226->224": 12, "226->229": 1, "229->226": 12, "230->231": 1, "231->230": 12, "231->234": 1, "234->231": 12, "232->233": 2, "233->232": 3, "237->240": 1, "240->237": 12, "238->239": 2, "239->238": 3, "242->243": 1, "243->242": 12, "243->245": 1, "245->243": 12, "247->258": 1, "258->247": 12, "249->252": 1, "252->249": 12, "252->257": 1, "257->252": 12, "253->255": 1, "255->253": 12, "259->262": 1, "262->259": 12, "260->261": 2, "261->260": 3, "264->265": 1, "265->264": 12, "265->267": 1, "267->265": 12, "273->274": 1, "274->273": 12, "274->277": 1, "277->274": 12, "2->3": 2, "3->2": 3, "3->6": 2, "6->3": 3, "7->9": 2, "9->7": 3, "9->11": 2, "11->9": 3, "11->13": 2, "13->11": 3, "13->16": 2, "16->13": 3, "16->17": 2, "17->16": 3, "17->20": 2, "20->17": 3, "20->22": 2, "22->20": 3, "22->24": 2, "24->22": 3, "24->26": 2, "26->24": 3, "26->29": 2, "29->26": 3, "29->31": 2, "31->29": 3, "31->33": 2, "33->31": 3, "33->36": 2, "36->33": 3, "36->38": 2, "38->36": 3, "38->40": 2, "40->38": 3, "40->43": 2, "43->40": 3, "43->45": 2, "45->43": 3, "45->47": 2, "47->45": 3, "47->48": 2, "48->47": 3, "48->51": 2, "51->48": 3, "51->52": 2, "52->51": 3, "52->55": 2, "55->52": 3, "55->56": 2, "56->55": 3, "56->59": 2, "59->56": 3, "59->60": 2, "60->59": 3, "60->63": 2, "63->60": 3, "63->65": 2, "65->63": 3, "65->67": 2, "67->65": 3, "67->70": 2, "70->67": 3, "70->73": 2, "73->70": 3, "73->75": 2, "75->73": 3, "75->77": 2, "77->75": 3, "77->81": 2, "81->77": 3, "81->86": 2, "86->81": 3, "86->88": 2, "88->86": 3, "88->90": 2, "90->88": 3, "90->92": 2, "92->90": 3, "92->94": 2, "94->92": 3, "95->96": 2, "96->95": 3, "96->97": 2, "97->96": 3, "97->100": 2, "100->97": 3, "101->104": 2, "104->101": 3, "104->106": 2, "106->104": 3, "106->107": 2, "107->106": 3, "107->112": 2, "112->107": 3, "112->114": 2, "114->112": 3, "114->116": 2, "116->114": 3, "116->118": 2, "118->116": 3, "118->120": 2, "120->118": 3, "120->123": 2, "123->120": 3, "123->125": 2, "125->123": 3, "125->127": 2, "127->125": 3, "128->132": 2, "132->128": 3, "132->134": 2, "134->132": 3, "134->136": 2, "136->134": 3, "136->139": 2, "139->136": 3, "139->142": 2, "142->139": 3, "142->143": 2, "143->142": 3, "143->145": 2, "145->143": 3, "145->149": 2, "149->145": 3, "149->151": 2, "151->149": 3, "151->153": 2, "153->151": 3, "153->155": 2, "155->153": 3, "155->157": 2, "157->155": 3, "157->161": 2, "161->157": 3, "161->163": 2, "163->161": 3, "163->165": 2, "165->163": 3, "165->167": 2, "167->165": 3, "167->169": 2, "169->167": 3, "169->170": 2, "170->169": 3, "170->172": 2, "172->170": 3, "173->175": 2, "175->173": 3, "175->178": 2, "178->175": 3, "178->181": 2, "181->178": 3, "181->184": 2, "184->181": 3, "184->186": 2, "186->184": 3, "186->188": 2, "188->186": 3, "188->189": 2, "189->188": 3, "189->192": 2, "192->189": 3, "192->195": 2, "195->192": 3, "195->197": 2, "197->195": 3, "197->198": 2, "198->197": 3, "198->201": 2, "201->198": 3, "201->202": 2, "202->201": 3, "202->207": 2, "207->202": 3, "207->209": 2, "209->207": 3, "209->210": 2, "210->209": 3, "210->214": 2, "214->210": 3, "214->216": 2, "216->214": 3, "216->217": 2, "217->216": 3, "217->222": 2, "222->217": 3, "222->225": 2, "225->222": 3, "225->228": 2, "228->225": 3, "228->230": 2, "230->228": 3, "230->232": 2, "232->230": 3, "233->234": 2, "234->233": 3, "234->235": 2, "235->234": 3, "235->238": 2, "238->235": 3, "239->242": 2, "242->239": 3, "242->244": 2, "244->242": 3, "244->245": 2, "245->244": 3, "245->251": 2, "251->245": 3, "251->254": 2, "254->251": 3, "254->256": 2, "256->254": 3, "256->257": 2, "257->256": 3, "257->260": 2, "260->257": 3, "261->264": 2, "264->261": 3, "264->266": 2, "266->264": 3, "266->267": 2, "267->266": 3, "267->269": 2, "269->267": 3, "269->271": 2, "271->269": 3, "271->273": 2, "273->271": 3, "273->276": 2, "276->273": 3, "276->279": 2, "279->276": 3, "279->281": 2, "281->279": 3, "73->123": 4, "123->73": 5, "123->139": 4, "139->123": 5, "139->251": 4, "251->139": 5, "75->125": 4, "125->75": 5, "86->136": 4, "136->86": 5, "106->244": 4, "244->106": 5, "244->266": 4, "266->244": 5, "120->128": 4, "128->120": 5, "128->142": 4, "142->128": 5, "142->151": 4, "151->142": 5, "151->169": 4, "169->151": 5, "169->178": 4, "178->169": 5, "155->175": 4, "175->155": 5, "192->207": 4, "207->192": 5, "207->216": 4, "216->207": 5, "216->228": 4, "228->216": 5, "222->254": 4, "254->222": 5}, "metrics": [4.0, 0.0, 3.0, 3.0, 69.0, 7.0, 0.0, 0.0, 0.0, 1.0, 5.0]}