{"nodelist": ["ClassDeclaration", "{'public', 'static'}", "public", "static", "get_call", "FieldDeclaration", "{'private'}", "private", "ReferenceType", "ByteBuffer", "VariableDeclarator", "tableName", "FieldDeclaration", "{'private'}", "private", "ReferenceType", "ByteBuffer", "VariableDeclarator", "row", "FieldDeclaration", "{'private'}", "private", "ReferenceType", "ByteBuffer", "VariableDeclarator", "column", "FieldDeclaration", "{'private'}", "private", "ReferenceType", "Map", "TypeArgument", "ReferenceType", "ByteBuffer", "TypeArgument", "ReferenceType", "ByteBuffer", "VariableDeclarator", "attributes", "ConstructorDeclaration", "{'public'}", "public", "get_call", "FormalParameter", "ReferenceType", "ByteBuffer", "tableName", "FormalParameter", "ReferenceType", "ByteBuffer", "row", "FormalParameter", "ReferenceType", "ByteBuffer", "column", "FormalParameter", "ReferenceType", "Map", "TypeArgument", "ReferenceType", "ByteBuffer", "TypeArgument", "ReferenceType", "ByteBuffer", "attributes", "FormalParameter", "ReferenceType", "org", "ReferenceType", "apache", "ReferenceType", "thrift", "ReferenceType", "async", "ReferenceType", "AsyncMethodCallback", "TypeArgument", "ReferenceType", "get_call", "resultHandler", "FormalParameter", "ReferenceType", "org", "ReferenceType", "apache", "ReferenceType", "thrift", "ReferenceType", "async", "ReferenceType", "TAsyncClient", "client", "FormalParameter", "ReferenceType", "org", "ReferenceType", "apache", "ReferenceType", "thrift", "ReferenceType", "protocol", "ReferenceType", "TProtocolFactory", "protocolFactory", "FormalParameter", "ReferenceType", "org", "ReferenceType", "apache", "ReferenceType", "thrift", "ReferenceType", "transport", "ReferenceType", "TNonblockingTransport", "transport", "org.apache.thrift.TException", "StatementExpression", "SuperConstructorInvocation", "MemberReference", "client", "MemberReference", "protocolFactory", "MemberReference", "transport", "MemberReference", "resultHandler", "Literal", "false", "StatementExpression", "Assignment", "This", "MemberReference", "tableName", "MemberReference", "tableName", "=", "StatementExpression", "Assignment", "This", "MemberReference", "row", "MemberReference", "row", "=", "StatementExpression", "Assignment", "This", "MemberReference", "column", "MemberReference", "column", "=", "StatementExpression", "Assignment", "This", "MemberReference", "attributes", "MemberReference", "attributes", "=", "MethodDeclaration", "{'public'}", "public", "write_args", "FormalParameter", "ReferenceType", "org", "ReferenceType", "apache", "ReferenceType", "thrift", "ReferenceType", "protocol", "ReferenceType", "TProtocol", "prot", "org.apache.thrift.TException", "StatementExpression", "MethodInvocation", "prot", "ClassCreator", "ReferenceType", "org", "ReferenceType", "apache", "ReferenceType", "thrift", "ReferenceType", "protocol", "ReferenceType", "TMessage", "Literal", "\"get\"", "MemberReference", "org.apache.thrift.protocol.TMessageType", "CALL", "Literal", "0", "writeMessageBegin", "LocalVariableDeclaration", "ReferenceType", "get_args", "VariableDeclarator", "args", "ClassCreator", "ReferenceType", "get_args", "StatementExpression", "MethodInvocation", "args", "MemberReference", "tableName", "setTableName", "StatementExpression", "MethodInvocation", "args", "MemberReference", "row", "setRow", "StatementExpression", "MethodInvocation", "args", "MemberReference", "column", "setColumn", "StatementExpression", "MethodInvocation", "args", "MemberReference", "attributes", "setAttributes", "StatementExpression", "MethodInvocation", "args", "MemberReference", "prot", "write", "StatementExpression", "MethodInvocation", "prot", "writeMessageEnd", "MethodDeclaration", "{'public'}", "public", "ReferenceType", "List", "TypeArgument", "ReferenceType", "TCell", "getResult", "IOError", "org.apache.thrift.TException", "IfStatement", "BinaryOperation", "!=", "MethodInvocation", "getState", "MemberReference", "org.apache.thrift.async.TAsyncMethodCall.State", "RESPONSE_READ", "BlockStatement", "ThrowStatement", "ClassCreator", "ReferenceType", "IllegalStateException", "Literal", "\"Method call not finished!\"", "LocalVariableDeclaration", "ReferenceType", "org", "ReferenceType", "apache", "ReferenceType", "thrift", "ReferenceType", "transport", "ReferenceType", "TMemoryInputTransport", "VariableDeclarator", "memoryTransport", "ClassCreator", "ReferenceType", "org", "ReferenceType", "apache", "ReferenceType", "thrift", "ReferenceType", "transport", "ReferenceType", "TMemoryInputTransport", "MethodInvocation", "MethodInvocation", "array", "getFrameBuffer", "LocalVariableDeclaration", "ReferenceType", "org", "ReferenceType", "apache", "ReferenceType", "thrift", "ReferenceType", "protocol", "ReferenceType", "TProtocol", "VariableDeclarator", "prot", "MethodInvocation", "client", "MethodInvocation", "MemberReference", "memoryTransport", "getProtocol", "getProtocolFactory", "ReturnStatement", "ClassCreator", "MethodInvocation", "recv_get", "ReferenceType", "Client", "MemberReference", "prot", "ReferenceType", "org", "ReferenceType", "apache", "ReferenceType", "thrift", "ReferenceType", "async", "ReferenceType", "TAsyncMethodCall"], "nodes": {"0": "ClassDeclaration", "1": "Modifier", "2": "public", "3": "static", "4": "get_call", "5": "FieldDeclaration", "6": "Modifier", "7": "private", "8": "ReferenceType", "9": "ByteBuffer", "10": "VariableDeclarator", "11": "tableName", "12": "FieldDeclaration", "13": "Modifier", "14": "private", "15": "ReferenceType", "16": "ByteBuffer", "17": "VariableDeclarator", "18": "row", "19": "FieldDeclaration", "20": "Modifier", "21": "private", "22": "ReferenceType", "23": "ByteBuffer", "24": "VariableDeclarator", "25": "column", "26": "FieldDeclaration", "27": "Modifier", "28": "private", "29": "ReferenceType", "30": "Map", "31": "TypeArgument", "32": "ReferenceType", "33": "ByteBuffer", "34": "TypeArgument", "35": "ReferenceType", "36": "ByteBuffer", "37": "VariableDeclarator", "38": "attributes", "39": "ConstructorDeclaration", "40": "Modifier", "41": "public", "42": "get_call", "43": "FormalParameter", "44": "ReferenceType", "45": "ByteBuffer", "46": "tableName", "47": "FormalParameter", "48": "ReferenceType", "49": "ByteBuffer", "50": "row", "51": "FormalParameter", "52": "ReferenceType", "53": "ByteBuffer", "54": "column", "55": "FormalParameter", "56": "ReferenceType", "57": "Map", "58": "TypeArgument", "59": "ReferenceType", "60": "ByteBuffer", "61": "TypeArgument", "62": "ReferenceType", "63": "ByteBuffer", "64": "attributes", "65": "FormalParameter", "66": "ReferenceType", "67": "org", "68": "ReferenceType", "69": "apache", "70": "ReferenceType", "71": "thrift", "72": "ReferenceType", "73": "async", "74": "ReferenceType", "75": "AsyncMethodCallback", "76": "TypeArgument", "77": "ReferenceType", "78": "get_call", "79": "resultHandler", "80": "FormalParameter", "81": "ReferenceType", "82": "org", "83": "ReferenceType", "84": "apache", "85": "ReferenceType", "86": "thrift", "87": "ReferenceType", "88": "async", "89": "ReferenceType", "90": "TAsyncClient", "91": "client", "92": "FormalParameter", "93": "ReferenceType", "94": "org", "95": "ReferenceType", "96": "apache", "97": "ReferenceType", "98": "thrift", "99": "ReferenceType", "100": "protocol", "101": "ReferenceType", "102": "TProtocolFactory", "103": "protocolFactory", "104": "FormalParameter", "105": "ReferenceType", "106": "org", "107": "ReferenceType", "108": "apache", "109": "ReferenceType", "110": "thrift", "111": "ReferenceType", "112": "transport", "113": "ReferenceType", "114": "TNonblockingTransport", "115": "transport", "116": "org.apache.thrift.TException", "117": "StatementExpression", "118": "SuperConstructorInvocation", "119": "MemberReference", "120": "client", "121": "MemberReference", "122": "protocolFactory", "123": "MemberReference", "124": "transport", "125": "MemberReference", "126": "resultHandler", "127": "Literal", "128": "false", "129": "StatementExpression", "130": "Assignment", "131": "This", "132": "MemberReference", "133": "tableName", "134": "MemberReference", "135": "tableName", "136": "=", "137": "StatementExpression", "138": "Assignment", "139": "This", "140": "MemberReference", "141": "row", "142": "MemberReference", "143": "row", "144": "=", "145": "StatementExpression", "146": "Assignment", "147": "This", "148": "MemberReference", "149": "column", "150": "MemberReference", "151": "column", "152": "=", "153": "StatementExpression", "154": "Assignment", "155": "This", "156": "MemberReference", "157": "attributes", "158": "MemberReference", "159": "attributes", "160": "=", "161": "MethodDeclaration", "162": "Modifier", "163": "public", "164": "write_args", "165": "FormalParameter", "166": "ReferenceType", "167": "org", "168": "ReferenceType", "169": "apache", "170": "ReferenceType", "171": "thrift", "172": "ReferenceType", "173": "protocol", "174": "ReferenceType", "175": "TProtocol", "176": "prot", "177": "org.apache.thrift.TException", "178": "StatementExpression", "179": "MethodInvocation", "180": "prot", "181": "ClassCreator", "182": "ReferenceType", "183": "org", "184": "ReferenceType", "185": "apache", "186": "ReferenceType", "187": "thrift", "188": "ReferenceType", "189": "protocol", "190": "ReferenceType", "191": "TMessage", "192": "Literal", "193": "\"get\"", "194": "MemberReference", "195": "org.apache.thrift.protocol.TMessageType", "196": "CALL", "197": "Literal", "198": "0", "199": "writeMessageBegin", "200": "LocalVariableDeclaration", "201": "ReferenceType", "202": "get_args", "203": "VariableDeclarator", "204": "args", "205": "ClassCreator", "206": "ReferenceType", "207": "get_args", "208": "StatementExpression", "209": "MethodInvocation", "210": "args", "211": "MemberReference", "212": "tableName", "213": "setTableName", "214": "StatementExpression", "215": "MethodInvocation", "216": "args", "217": "MemberReference", "218": "row", "219": "setRow", "220": "StatementExpression", "221": "MethodInvocation", "222": "args", "223": "MemberReference", "224": "column", "225": "setColumn", "226": "StatementExpression", "227": "MethodInvocation", "228": "args", "229": "MemberReference", "230": "attributes", "231": "setAttributes", "232": "StatementExpression", "233": "MethodInvocation", "234": "args", "235": "MemberReference", "236": "prot", "237": "write", "238": "StatementExpression", "239": "MethodInvocation", "240": "prot", "241": "writeMessageEnd", "242": "MethodDeclaration", "243": "Modifier", "244": "public", "245": "ReferenceType", "246": "List", "247": "TypeArgument", "248": "ReferenceType", "249": "TCell", "250": "getResult", "251": "IOError", "252": "org.apache.thrift.TException", "253": "IfStatement", "254": "BinaryOperation", "255": "!=", "256": "MethodInvocation", "257": "getState", "258": "MemberReference", "259": "org.apache.thrift.async.TAsyncMethodCall.State", "260": "RESPONSE_READ", "261": "BlockStatement", "262": "ThrowStatement", "263": "ClassCreator", "264": "ReferenceType", "265": "IllegalStateException", "266": "Literal", "267": "\"Method call not finished!\"", "268": "LocalVariableDeclaration", "269": "ReferenceType", "270": "org", "271": "ReferenceType", "272": "apache", "273": "ReferenceType", "274": "thrift", "275": "ReferenceType", "276": "transport", "277": "ReferenceType", "278": "TMemoryInputTransport", "279": "VariableDeclarator", "280": "memoryTransport", "281": "ClassCreator", "282": "ReferenceType", "283": "org", "284": "ReferenceType", "285": "apache", "286": "ReferenceType", "287": "thrift", "288": "ReferenceType", "289": "transport", "290": "ReferenceType", "291": "TMemoryInputTransport", "292": "MethodInvocation", "293": "MethodInvocation", "294": "array", "295": "getFrameBuffer", "296": "LocalVariableDeclaration", "297": "ReferenceType", "298": "org", "299": "ReferenceType", "300": "apache", "301": "ReferenceType", "302": "thrift", "303": "ReferenceType", "304": "protocol", "305": "ReferenceType", "306": "TProtocol", "307": "VariableDeclarator", "308": "prot", "309": "MethodInvocation", "310": "client", "311": "MethodInvocation", "312": "MemberReference", "313": "memoryTransport", "314": "getProtocol", "315": "getProtocolFactory", "316": "ReturnStatement", "317": "ClassCreator", "318": "MethodInvocation", "319": "recv_get", "320": "ReferenceType", "321": "Client", "322": "MemberReference", "323": "prot", "324": "ReferenceType", "325": "org", "326": "ReferenceType", "327": "apache", "328": "ReferenceType", "329": "thrift", "330": "ReferenceType", "331": "async", "332": "ReferenceType", "333": "TAsyncMethodCall"}, "edges": {"0->1": 0, "1->0": 0, "1->2": 0, "2->1": 0, "1->3": 0, "3->1": 0, "0->4": 0, "4->0": 0, "0->5": 0, "5->0": 0, "5->6": 0, "6->5": 0, "6->7": 0, "7->6": 0, "5->8": 0, "8->5": 0, "8->9": 0, "9->8": 0, "5->10": 0, "10->5": 0, "10->11": 0, "11->10": 0, "0->12": 0, "12->0": 0, "12->13": 0, "13->12": 0, "13->14": 0, "14->13": 0, "12->15": 0, "15->12": 0, "15->16": 0, "16->15": 0, "12->17": 0, "17->12": 0, "17->18": 0, "18->17": 0, "0->19": 0, "19->0": 0, "19->20": 0, "20->19": 0, "20->21": 0, "21->20": 0, "19->22": 0, "22->19": 0, "22->23": 0, "23->22": 0, "19->24": 0, "24->19": 0, "24->25": 0, "25->24": 0, "0->26": 0, "26->0": 0, "26->27": 0, "27->26": 0, "27->28": 0, "28->27": 0, "26->29": 0, "29->26": 0, "29->30": 0, "30->29": 0, "29->31": 0, "31->29": 0, "31->32": 0, "32->31": 0, "32->33": 0, "33->32": 0, "29->34": 0, "34->29": 0, "34->35": 0, "35->34": 0, "35->36": 0, "36->35": 0, "26->37": 0, "37->26": 0, "37->38": 0, "38->37": 0, "0->39": 0, "39->0": 0, "39->40": 0, "40->39": 0, "40->41": 0, "41->40": 0, "39->42": 0, "42->39": 0, "39->43": 0, "43->39": 0, "43->44": 0, "44->43": 0, "44->45": 0, "45->44": 0, "43->46": 0, "46->43": 0, "39->47": 0, "47->39": 0, "47->48": 0, "48->47": 0, "48->49": 0, "49->48": 0, "47->50": 0, "50->47": 0, "39->51": 0, "51->39": 0, "51->52": 0, "52->51": 0, "52->53": 0, "53->52": 0, "51->54": 0, "54->51": 0, "39->55": 0, "55->39": 0, "55->56": 0, "56->55": 0, "56->57": 0, "57->56": 0, "56->58": 0, "58->56": 0, "58->59": 0, "59->58": 0, "59->60": 0, "60->59": 0, "56->61": 0, "61->56": 0, "61->62": 0, "62->61": 0, "62->63": 0, "63->62": 0, "55->64": 0, "64->55": 0, "39->65": 0, "65->39": 0, "65->66": 0, "66->65": 0, "66->67": 0, "67->66": 0, "66->68": 0, "68->66": 0, "68->69": 0, "69->68": 0, "68->70": 0, "70->68": 0, "70->71": 0, "71->70": 0, "70->72": 0, "72->70": 0, "72->73": 0, "73->72": 0, "72->74": 0, "74->72": 0, "74->75": 0, "75->74": 0, "74->76": 0, "76->74": 0, "76->77": 0, "77->76": 0, "77->78": 0, "78->77": 0, "65->79": 0, "79->65": 0, "39->80": 0, "80->39": 0, "80->81": 0, "81->80": 0, "81->82": 0, "82->81": 0, "81->83": 0, "83->81": 0, "83->84": 0, "84->83": 0, "83->85": 0, "85->83": 0, "85->86": 0, "86->85": 0, "85->87": 0, "87->85": 0, "87->88": 0, "88->87": 0, "87->89": 0, "89->87": 0, "89->90": 0, "90->89": 0, "80->91": 0, "91->80": 0, "39->92": 0, "92->39": 0, "92->93": 0, "93->92": 0, "93->94": 0, "94->93": 0, "93->95": 0, "95->93": 0, "95->96": 0, "96->95": 0, "95->97": 0, "97->95": 0, "97->98": 0, "98->97": 0, "97->99": 0, "99->97": 0, "99->100": 0, "100->99": 0, "99->101": 0, "101->99": 0, "101->102": 0, "102->101": 0, "92->103": 0, "103->92": 0, "39->104": 0, "104->39": 0, "104->105": 0, "105->104": 0, "105->106": 0, "106->105": 0, "105->107": 0, "107->105": 0, "107->108": 0, "108->107": 0, "107->109": 0, "109->107": 0, "109->110": 0, "110->109": 0, "109->111": 0, "111->109": 0, "111->112": 0, "112->111": 0, "111->113": 0, "113->111": 0, "113->114": 0, "114->113": 0, "104->115": 0, "115->104": 0, "39->116": 0, "116->39": 0, "39->117": 0, "117->39": 0, "117->118": 0, "118->117": 0, "118->119": 0, "119->118": 0, "119->120": 0, "120->119": 0, "118->121": 0, "121->118": 0, "121->122": 0, "122->121": 0, "118->123": 0, "123->118": 0, "123->124": 0, "124->123": 0, "118->125": 0, "125->118": 0, "125->126": 0, "126->125": 0, "118->127": 0, "127->118": 0, "127->128": 0, "128->127": 0, "39->129": 0, "129->39": 0, "129->130": 0, "130->129": 0, "130->131": 0, "131->130": 0, "131->132": 0, "132->131": 0, "132->133": 0, "133->132": 0, "130->134": 0, "134->130": 0, "134->135": 0, "135->134": 0, "130->136": 0, "136->130": 0, "39->137": 0, "137->39": 0, "137->138": 0, "138->137": 0, "138->139": 0, "139->138": 0, "139->140": 0, "140->139": 0, "140->141": 0, "141->140": 0, "138->142": 0, "142->138": 0, "142->143": 0, "143->142": 0, "138->144": 0, "144->138": 0, "39->145": 0, "145->39": 0, "145->146": 0, "146->145": 0, "146->147": 0, "147->146": 0, "147->148": 0, "148->147": 0, "148->149": 0, "149->148": 0, "146->150": 0, "150->146": 0, "150->151": 0, "151->150": 0, "146->152": 0, "152->146": 0, "39->153": 0, "153->39": 0, "153->154": 0, "154->153": 0, "154->155": 0, "155->154": 0, "155->156": 0, "156->155": 0, "156->157": 0, "157->156": 0, "154->158": 0, "158->154": 0, "158->159": 0, "159->158": 0, "154->160": 0, "160->154": 0, "0->161": 0, "161->0": 0, "161->162": 0, "162->161": 0, "162->163": 0, "163->162": 0, "161->164": 0, "164->161": 0, "161->165": 0, "165->161": 0, "165->166": 0, "166->165": 0, "166->167": 0, "167->166": 0, "166->168": 0, "168->166": 0, "168->169": 0, "169->168": 0, "168->170": 0, "170->168": 0, "170->171": 0, "171->170": 0, "170->172": 0, "172->170": 0, "172->173": 0, "173->172": 0, "172->174": 0, "174->172": 0, "174->175": 0, "175->174": 0, "165->176": 0, "176->165": 0, "161->177": 0, "177->161": 0, "161->178": 0, "178->161": 0, "178->179": 0, "179->178": 0, "179->180": 0, "180->179": 0, "179->181": 0, "181->179": 0, "181->182": 0, "182->181": 0, "182->183": 0, "183->182": 0, "182->184": 0, "184->182": 0, "184->185": 0, "185->184": 0, "184->186": 0, "186->184": 0, "186->187": 0, "187->186": 0, "186->188": 0, "188->186": 0, "188->189": 0, "189->188": 0, "188->190": 0, "190->188": 0, "190->191": 0, "191->190": 0, "181->192": 0, "192->181": 0, "192->193": 0, "193->192": 0, "181->194": 0, "194->181": 0, "194->195": 0, "195->194": 0, "194->196": 0, "196->194": 0, "181->197": 0, "197->181": 0, "197->198": 0, "198->197": 0, "179->199": 0, "199->179": 0, "161->200": 0, "200->161": 0, "200->201": 0, "201->200": 0, "201->202": 0, "202->201": 0, "200->203": 0, "203->200": 0, "203->204": 0, "204->203": 0, "203->205": 0, "205->203": 0, "205->206": 0, "206->205": 0, "206->207": 0, "207->206": 0, "161->208": 0, "208->161": 0, "208->209": 0, "209->208": 0, "209->210": 0, "210->209": 0, "209->211": 0, "211->209": 0, "211->212": 0, "212->211": 0, "209->213": 0, "213->209": 0, "161->214": 0, "214->161": 0, "214->215": 0, "215->214": 0, "215->216": 0, "216->215": 0, "215->217": 0, "217->215": 0, "217->218": 0, "218->217": 0, "215->219": 0, "219->215": 0, "161->220": 0, "220->161": 0, "220->221": 0, "221->220": 0, "221->222": 0, "222->221": 0, "221->223": 0, "223->221": 0, "223->224": 0, "224->223": 0, "221->225": 0, "225->221": 0, "161->226": 0, "226->161": 0, "226->227": 0, "227->226": 0, "227->228": 0, "228->227": 0, "227->229": 0, "229->227": 0, "229->230": 0, "230->229": 0, "227->231": 0, "231->227": 0, "161->232": 0, "232->161": 0, "232->233": 0, "233->232": 0, "233->234": 0, "234->233": 0, "233->235": 0, "235->233": 0, "235->236": 0, "236->235": 0, "233->237": 0, "237->233": 0, "161->238": 0, "238->161": 0, "238->239": 0, "239->238": 0, "239->240": 0, "240->239": 0, "239->241": 0, "241->239": 0, "0->242": 0, "242->0": 0, "242->243": 0, "243->242": 0, "243->244": 0, "244->243": 0, "242->245": 0, "245->242": 0, "245->246": 0, "246->245": 0, "245->247": 0, "247->245": 0, "247->248": 0, "248->247": 0, "248->249": 0, "249->248": 0, "242->250": 0, "250->242": 0, "242->251": 0, "251->242": 0, "242->252": 0, "252->242": 0, "242->253": 0, "253->242": 0, "253->254": 0, "254->253": 0, "254->255": 0, "255->254": 0, "254->256": 0, "256->254": 0, "256->257": 0, "257->256": 0, "254->258": 0, "258->254": 0, "258->259": 0, "259->258": 0, "258->260": 0, "260->258": 0, "253->261": 0, "261->253": 0, "261->262": 0, "262->261": 0, "262->263": 0, "263->262": 0, "263->264": 0, "264->263": 0, "264->265": 0, "265->264": 0, "263->266": 0, "266->263": 0, "266->267": 0, "267->266": 0, "242->268": 0, "268->242": 0, "268->269": 0, "269->268": 0, "269->270": 0, "270->269": 0, "269->271": 0, "271->269": 0, "271->272": 0, "272->271": 0, "271->273": 0, "273->271": 0, "273->274": 0, "274->273": 0, "273->275": 0, "275->273": 0, "275->276": 0, "276->275": 0, "275->277": 0, "277->275": 0, "277->278": 0, "278->277": 0, "268->279": 0, "279->268": 0, "279->280": 0, "280->279": 0, "279->281": 0, "281->279": 0, "281->282": 0, "282->281": 0, "282->283": 0, "283->282": 0, "282->284": 0, "284->282": 0, "284->285": 0, "285->284": 0, "284->286": 0, "286->284": 0, "286->287": 0, "287->286": 0, "286->288": 0, "288->286": 0, "288->289": 0, "289->288": 0, "288->290": 0, "290->288": 0, "290->291": 0, "291->290": 0, "281->292": 0, "292->281": 0, "292->293": 0, "293->292": 0, "293->294": 0, "294->293": 0, "292->295": 0, "295->292": 0, "242->296": 0, "296->242": 0, "296->297": 0, "297->296": 0, "297->298": 0, "298->297": 0, "297->299": 0, "299->297": 0, "299->300": 0, "300->299": 0, "299->301": 0, "301->299": 0, "301->302": 0, "302->301": 0, "301->303": 0, "303->301": 0, "303->304": 0, "304->303": 0, "303->305": 0, "305->303": 0, "305->306": 0, "306->305": 0, "296->307": 0, "307->296": 0, "307->308": 0, "308->307": 0, "307->309": 0, "309->307": 0, "309->310": 0, "310->309": 0, "309->311": 0, "311->309": 0, "311->312": 0, "312->311": 0, "312->313": 0, "313->312": 0, "311->314": 0, "314->311": 0, "309->315": 0, "315->309": 0, "242->316": 0, "316->242": 0, "316->317": 0, "317->316": 0, "317->318": 0, "318->317": 0, "318->319": 0, "319->318": 0, "317->320": 0, "320->317": 0, "320->321": 0, "321->320": 0, "317->322": 0, "322->317": 0, "322->323": 0, "323->322": 0, "0->324": 0, "324->0": 0, "324->325": 0, "325->324": 0, "324->326": 0, "326->324": 0, "326->327": 0, "327->326": 0, "326->328": 0, "328->326": 0, "328->329": 0, "329->328": 0, "328->330": 0, "330->328": 0, "330->331": 0, "331->330": 0, "330->332": 0, "332->330": 0, "332->333": 0, "333->332": 0, "1->4": 1, "4->1": 12, "4->5": 1, "5->4": 12, "5->12": 1, "12->5": 12, "12->19": 1, "19->12": 12, "19->26": 1, "26->19": 12, "26->39": 1, "39->26": 12, "39->161": 1, "161->39": 12, "161->242": 1, "242->161": 12, "242->324": 1, "324->242": 12, "2->3": 2, "3->2": 3, "6->8": 1, "8->6": 12, "8->10": 1, "10->8": 12, "13->15": 1, "15->13": 12, "15->17": 1, "17->15": 12, "20->22": 1, "22->20": 12, "22->24": 1, "24->22": 12, "27->29": 1, "29->27": 12, "29->37": 1, "37->29": 12, "30->31": 1, "31->30": 12, "31->34": 1, "34->31": 12, "40->42": 1, "42->40": 12, "42->43": 1, "43->42": 12, "43->47": 1, "47->43": 12, "47->51": 1, "51->47": 12, "51->55": 1, "55->51": 12, "55->65": 1, "65->55": 12, "65->80": 1, "80->65": 12, "80->92": 1, "92->80": 12, "92->104": 1, "104->92": 12, "104->116": 1, "116->104": 12, "116->117": 1, "117->116": 12, "117->129": 1, "129->117": 12, "129->137": 1, "137->129": 12, "137->145": 1, "145->137": 12, "145->153": 1, "153->145": 12, "44->46": 1, "46->44": 12, "48->50": 1, "50->48": 12, "52->54": 1, "54->52": 12, "56->64": 1, "64->56": 12, "57->58": 1, "58->57": 12, "58->61": 1, "61->58": 12, "66->79": 1, "79->66": 12, "67->68": 1, "68->67": 12, "69->70": 1, "70->69": 12, "71->72": 1, "72->71": 12, "73->74": 1, "74->73": 12, "75->76": 1, "76->75": 12, "81->91": 1, "91->81": 12, "82->83": 1, "83->82": 12, "84->85": 1, "85->84": 12, "86->87": 1, "87->86": 12, "88->89": 1, "89->88": 12, "93->103": 1, "103->93": 12, "94->95": 1, "95->94": 12, "96->97": 1, "97->96": 12, "98->99": 1, "99->98": 12, "100->101": 1, "101->100": 12, "105->115": 1, "115->105": 12, "106->107": 1, "107->106": 12, "108->109": 1, "109->108": 12, "110->111": 1, "111->110": 12, "112->113": 1, "113->112": 12, "119->121": 1, "121->119": 12, "121->123": 1, "123->121": 12, "123->125": 1, "125->123": 12, "125->127": 1, "127->125": 12, "131->134": 1, "134->131": 12, "134->136": 1, "136->134": 12, "139->142": 1, "142->139": 12, "142->144": 1, "144->142": 12, "147->150": 1, "150->147": 12, "150->152": 1, "152->150": 12, "155->158": 1, "158->155": 12, "158->160": 1, "160->158": 12, "162->164": 1, "164->162": 12, "164->165": 1, "165->164": 12, "165->177": 1, "177->165": 12, "177->178": 1, "178->177": 12, "178->200": 1, "200->178": 12, "200->208": 1, "208->200": 12, "208->214": 1, "214->208": 12, "214->220": 1, "220->214": 12, "220->226": 1, "226->220": 12, "226->232": 1, "232->226": 12, "232->238": 1, "238->232": 12, "166->176": 1, "176->166": 12, "167->168": 1, "168->167": 12, "169->170": 1, "170->169": 12, "171->172": 1, "172->171": 12, "173->174": 1, "174->173": 12, "180->181": 1, "181->180": 12, "181->199": 1, "199->181": 12, "182->192": 1, "192->182": 12, "192->194": 1, "194->192": 12, "194->197": 1, "197->194": 12, "183->184": 1, "184->183": 12, "185->186": 1, "186->185": 12, "187->188": 1, "188->187": 12, "189->190": 1, "190->189": 12, "195->196": 2, "196->195": 3, "201->203": 1, "203->201": 12, "204->205": 1, "205->204": 12, "210->211": 1, "211->210": 12, "211->213": 1, "213->211": 12, "216->217": 1, "217->216": 12, "217->219": 1, "219->217": 12, "222->223": 1, "223->222": 12, "223->225": 1, "225->223": 12, "228->229": 1, "229->228": 12, "229->231": 1, "231->229": 12, "234->235": 1, "235->234": 12, "235->237": 1, "237->235": 12, "240->241": 2, "241->240": 3, "243->245": 1, "245->243": 12, "245->250": 1, "250->245": 12, "250->251": 2, "251->250": 3, "251->252": 2, "252->251": 3, "252->253": 1, "253->252": 12, "253->268": 1, "268->253": 12, "268->296": 1, "296->268": 12, "296->316": 1, "316->296": 12, "246->247": 1, "247->246": 12, "254->261": 6, "261->254": 6, "255->256": 1, "256->255": 12, "256->258": 1, "258->256": 12, "259->260": 2, "260->259": 3, "264->266": 1, "266->264": 12, "269->279": 1, "279->269": 12, "270->271": 1, "271->270": 12, "272->273": 1, "273->272": 12, "274->275": 1, "275->274": 12, "276->277": 1, "277->276": 12, "280->281": 1, "281->280": 12, "282->292": 1, "292->282": 12, "283->284": 1, "284->283": 12, "285->286": 1, "286->285": 12, "287->288": 1, "288->287": 12, "289->290": 1, "290->289": 12, "293->295": 1, "295->293": 12, "297->307": 1, "307->297": 12, "298->299": 1, "299->298": 12, "300->301": 1, "301->300": 12, "302->303": 1, "303->302": 12, "304->305": 1, "305->304": 12, "308->309": 1, "309->308": 12, "310->311": 1, "311->310": 12, "311->315": 1, "315->311": 12, "312->314": 1, "314->312": 12, "318->320": 1, "320->318": 12, "320->322": 1, "322->320": 12, "325->326": 1, "326->325": 12, "327->328": 1, "328->327": 12, "329->330": 1, "330->329": 12, "331->332": 1, "332->331": 12, "3->4": 2, "4->3": 3, "4->7": 2, "7->4": 3, "7->9": 2, "9->7": 3, "9->11": 2, "11->9": 3, "11->14": 2, "14->11": 3, "14->16": 2, "16->14": 3, "16->18": 2, "18->16": 3, "18->21": 2, "21->18": 3, "21->23": 2, "23->21": 3, "23->25": 2, "25->23": 3, "25->28": 2, "28->25": 3, "28->30": 2, "30->28": 3, "30->33": 2, "33->30": 3, "33->36": 2, "36->33": 3, "36->38": 2, "38->36": 3, "38->41": 2, "41->38": 3, "41->42": 2, "42->41": 3, "42->45": 2, "45->42": 3, "45->46": 2, "46->45": 3, "46->49": 2, "49->46": 3, "49->50": 2, "50->49": 3, "50->53": 2, "53->50": 3, "53->54": 2, "54->53": 3, "54->57": 2, "57->54": 3, "57->60": 2, "60->57": 3, "60->63": 2, "63->60": 3, "63->64": 2, "64->63": 3, "64->67": 2, "67->64": 3, "67->69": 2, "69->67": 3, "69->71": 2, "71->69": 3, "71->73": 2, "73->71": 3, "73->75": 2, "75->73": 3, "75->78": 2, "78->75": 3, "78->79": 2, "79->78": 3, "79->82": 2, "82->79": 3, "82->84": 2, "84->82": 3, "84->86": 2, "86->84": 3, "86->88": 2, "88->86": 3, "88->90": 2, "90->88": 3, "90->91": 2, "91->90": 3, "91->94": 2, "94->91": 3, "94->96": 2, "96->94": 3, "96->98": 2, "98->96": 3, "98->100": 2, "100->98": 3, "100->102": 2, "102->100": 3, "102->103": 2, "103->102": 3, "103->106": 2, "106->103": 3, "106->108": 2, "108->106": 3, "108->110": 2, "110->108": 3, "110->112": 2, "112->110": 3, "112->114": 2, "114->112": 3, "114->115": 2, "115->114": 3, "115->116": 2, "116->115": 3, "116->120": 2, "120->116": 3, "120->122": 2, "122->120": 3, "122->124": 2, "124->122": 3, "124->126": 2, "126->124": 3, "126->128": 2, "128->126": 3, "128->133": 2, "133->128": 3, "133->135": 4, "135->133": 5, "135->136": 2, "136->135": 3, "136->141": 2, "141->136": 3, "141->143": 4, "143->141": 5, "143->144": 2, "144->143": 3, "144->149": 2, "149->144": 3, "149->151": 4, "151->149": 5, "151->152": 2, "152->151": 3, "152->157": 2, "157->152": 3, "157->159": 4, "159->157": 5, "159->160": 2, "160->159": 3, "160->163": 2, "163->160": 3, "163->164": 2, "164->163": 3, "164->167": 2, "167->164": 3, "167->169": 2, "169->167": 3, "169->171": 2, "171->169": 3, "171->173": 2, "173->171": 3, "173->175": 2, "175->173": 3, "175->176": 2, "176->175": 3, "176->177": 2, "177->176": 3, "177->180": 2, "180->177": 3, "180->183": 2, "183->180": 3, "183->185": 2, "185->183": 3, "185->187": 2, "187->185": 3, "187->189": 2, "189->187": 3, "189->191": 2, "191->189": 3, "191->193": 2, "193->191": 3, "193->195": 2, "195->193": 3, "196->198": 2, "198->196": 3, "198->199": 2, "199->198": 3, "199->202": 2, "202->199": 3, "202->204": 2, "204->202": 3, "204->207": 2, "207->204": 3, "207->210": 2, "210->207": 3, "210->212": 2, "212->210": 3, "212->213": 2, "213->212": 3, "213->216": 2, "216->213": 3, "216->218": 2, "218->216": 3, "218->219": 2, "219->218": 3, "219->222": 2, "222->219": 3, "222->224": 2, "224->222": 3, "224->225": 2, "225->224": 3, "225->228": 2, "228->225": 3, "228->230": 2, "230->228": 3, "230->231": 2, "231->230": 3, "231->234": 2, "234->231": 3, "234->236": 2, "236->234": 3, "236->237": 2, "237->236": 3, "237->240": 2, "240->237": 3, "241->244": 2, "244->241": 3, "244->246": 2, "246->244": 3, "246->249": 2, "249->246": 3, "249->250": 2, "250->249": 3, "252->255": 2, "255->252": 3, "255->257": 2, "257->255": 3, "257->259": 2, "259->257": 3, "260->265": 2, "265->260": 3, "265->267": 2, "267->265": 3, "267->270": 2, "270->267": 3, "270->272": 2, "272->270": 3, "272->274": 2, "274->272": 3, "274->276": 2, "276->274": 3, "276->278": 2, "278->276": 3, "278->280": 2, "280->278": 3, "280->283": 2, "283->280": 3, "283->285": 2, "285->283": 3, "285->287": 2, "287->285": 3, "287->289": 2, "289->287": 3, "289->291": 2, "291->289": 3, "291->294": 2, "294->291": 3, "294->295": 2, "295->294": 3, "295->298": 2, "298->295": 3, "298->300": 2, "300->298": 3, "300->302": 2, "302->300": 3, "302->304": 2, "304->302": 3, "304->306": 2, "306->304": 3, "306->308": 2, "308->306": 3, "308->310": 2, "310->308": 3, "310->313": 2, "313->310": 3, "313->314": 2, "314->313": 3, "314->315": 2, "315->314": 3, "315->319": 2, "319->315": 3, "319->321": 2, "321->319": 3, "321->323": 2, "323->321": 3, "323->325": 2, "325->323": 3, "325->327": 2, "327->325": 3, "327->329": 2, "329->327": 3, "329->331": 2, "331->329": 3, "331->333": 2, "333->331": 3, "135->212": 4, "212->135": 5, "143->218": 4, "218->143": 5, "151->224": 4, "224->151": 5, "159->230": 4, "230->159": 5, "236->323": 4, "323->236": 5}, "metrics": [4.0, 0.0, 3.0, 3.0, 31.0, 4.0, 0.0, 0.0, 0.6666666666666666, 0.0, 1.0]}