{"nodelist": ["ClassDeclaration", "{'public', 'static'}", "public", "static", "CoprocessorII", "FieldDeclaration", "{'private'}", "private", "ReferenceType", "ConcurrentMap", "TypeArgument", "ReferenceType", "String", "TypeArgument", "ReferenceType", "Object", "VariableDeclarator", "sharedData", "MethodDeclaration", "{'public'}", "public", "Annotation", "Override", "start", "FormalParameter", "ReferenceType", "CoprocessorEnvironment", "e", "StatementExpression", "Assignment", "MemberReference", "sharedData", "Cast", "ReferenceType", "RegionCoprocessorEnvironment", "MemberReference", "e", "=", "StatementExpression", "MethodInvocation", "sharedData", "Literal", "\"test2\"", "ClassCreator", "ReferenceType", "Object", "putIfAbsent", "MethodDeclaration", "{'public'}", "public", "Annotation", "Override", "stop", "FormalParameter", "ReferenceType", "CoprocessorEnvironment", "e", "StatementExpression", "Assignment", "MemberReference", "sharedData", "Literal", "null", "=", "MethodDeclaration", "{'public'}", "public", "Annotation", "Override", "preGetOp", "FormalParameter", "{'final'}", "final", "ReferenceType", "ObserverContext", "TypeArgument", "ReferenceType", "RegionCoprocessorEnvironment", "e", "FormalParameter", "{'final'}", "final", "ReferenceType", "Get", "get", "FormalParameter", "{'final'}", "final", "ReferenceType", "List", "TypeArgument", "ReferenceType", "Cell", "results", "IOException", "ThrowStatement", "ClassCreator", "ReferenceType", "RuntimeException", "MethodDeclaration", "ReferenceType", "Map", "TypeArgument", "ReferenceType", "String", "TypeArgument", "ReferenceType", "Object", "getSharedData", "ReturnStatement", "MemberReference", "sharedData", "ReferenceType", "BaseRegionObserver"], "nodes": {"0": "ClassDeclaration", "1": "Modifier", "2": "public", "3": "static", "4": "CoprocessorII", "5": "FieldDeclaration", "6": "Modifier", "7": "private", "8": "ReferenceType", "9": "ConcurrentMap", "10": "TypeArgument", "11": "ReferenceType", "12": "String", "13": "TypeArgument", "14": "ReferenceType", "15": "Object", "16": "VariableDeclarator", "17": "sharedData", "18": "MethodDeclaration", "19": "Modifier", "20": "public", "21": "Annotation", "22": "Override", "23": "start", "24": "FormalParameter", "25": "ReferenceType", "26": "CoprocessorEnvironment", "27": "e", "28": "StatementExpression", "29": "Assignment", "30": "MemberReference", "31": "sharedData", "32": "Cast", "33": "ReferenceType", "34": "RegionCoprocessorEnvironment", "35": "MemberReference", "36": "e", "37": "=", "38": "StatementExpression", "39": "MethodInvocation", "40": "sharedData", "41": "Literal", "42": "\"test2\"", "43": "ClassCreator", "44": "ReferenceType", "45": "Object", "46": "putIfAbsent", "47": "MethodDeclaration", "48": "Modifier", "49": "public", "50": "Annotation", "51": "Override", "52": "stop", "53": "FormalParameter", "54": "ReferenceType", "55": "CoprocessorEnvironment", "56": "e", "57": "StatementExpression", "58": "Assignment", "59": "MemberReference", "60": "sharedData", "61": "Literal", "62": "null", "63": "=", "64": "MethodDeclaration", "65": "Modifier", "66": "public", "67": "Annotation", "68": "Override", "69": "preGetOp", "70": "FormalParameter", "71": "Modifier", "72": "final", "73": "ReferenceType", "74": "ObserverContext", "75": "TypeArgument", "76": "ReferenceType", "77": "RegionCoprocessorEnvironment", "78": "e", "79": "FormalParameter", "80": "Modifier", "81": "final", "82": "ReferenceType", "83": "Get", "84": "get", "85": "FormalParameter", "86": "Modifier", "87": "final", "88": "ReferenceType", "89": "List", "90": "TypeArgument", "91": "ReferenceType", "92": "Cell", "93": "results", "94": "IOException", "95": "ThrowStatement", "96": "ClassCreator", "97": "ReferenceType", "98": "RuntimeException", "99": "MethodDeclaration", "100": "ReferenceType", "101": "Map", "102": "TypeArgument", "103": "ReferenceType", "104": "String", "105": "TypeArgument", "106": "ReferenceType", "107": "Object", "108": "getSharedData", "109": "ReturnStatement", "110": "MemberReference", "111": "sharedData", "112": "ReferenceType", "113": "BaseRegionObserver"}, "edges": {"0->1": 0, "1->0": 0, "1->2": 0, "2->1": 0, "1->3": 0, "3->1": 0, "0->4": 0, "4->0": 0, "0->5": 0, "5->0": 0, "5->6": 0, "6->5": 0, "6->7": 0, "7->6": 0, "5->8": 0, "8->5": 0, "8->9": 0, "9->8": 0, "8->10": 0, "10->8": 0, "10->11": 0, "11->10": 0, "11->12": 0, "12->11": 0, "8->13": 0, "13->8": 0, "13->14": 0, "14->13": 0, "14->15": 0, "15->14": 0, "5->16": 0, "16->5": 0, "16->17": 0, "17->16": 0, "0->18": 0, "18->0": 0, "18->19": 0, "19->18": 0, "19->20": 0, "20->19": 0, "18->21": 0, "21->18": 0, "21->22": 0, "22->21": 0, "18->23": 0, "23->18": 0, "18->24": 0, "24->18": 0, "24->25": 0, "25->24": 0, "25->26": 0, "26->25": 0, "24->27": 0, "27->24": 0, "18->28": 0, "28->18": 0, "28->29": 0, "29->28": 0, "29->30": 0, "30->29": 0, "30->31": 0, "31->30": 0, "29->32": 0, "32->29": 0, "32->33": 0, "33->32": 0, "33->34": 0, "34->33": 0, "32->35": 0, "35->32": 0, "35->36": 0, "36->35": 0, "29->37": 0, "37->29": 0, "18->38": 0, "38->18": 0, "38->39": 0, "39->38": 0, "39->40": 0, "40->39": 0, "39->41": 0, "41->39": 0, "41->42": 0, "42->41": 0, "39->43": 0, "43->39": 0, "43->44": 0, "44->43": 0, "44->45": 0, "45->44": 0, "39->46": 0, "46->39": 0, "0->47": 0, "47->0": 0, "47->48": 0, "48->47": 0, "48->49": 0, "49->48": 0, "47->50": 0, "50->47": 0, "50->51": 0, "51->50": 0, "47->52": 0, "52->47": 0, "47->53": 0, "53->47": 0, "53->54": 0, "54->53": 0, "54->55": 0, "55->54": 0, "53->56": 0, "56->53": 0, "47->57": 0, "57->47": 0, "57->58": 0, "58->57": 0, "58->59": 0, "59->58": 0, "59->60": 0, "60->59": 0, "58->61": 0, "61->58": 0, "61->62": 0, "62->61": 0, "58->63": 0, "63->58": 0, "0->64": 0, "64->0": 0, "64->65": 0, "65->64": 0, "65->66": 0, "66->65": 0, "64->67": 0, "67->64": 0, "67->68": 0, "68->67": 0, "64->69": 0, "69->64": 0, "64->70": 0, "70->64": 0, "70->71": 0, "71->70": 0, "71->72": 0, "72->71": 0, "70->73": 0, "73->70": 0, "73->74": 0, "74->73": 0, "73->75": 0, "75->73": 0, "75->76": 0, "76->75": 0, "76->77": 0, "77->76": 0, "70->78": 0, "78->70": 0, "64->79": 0, "79->64": 0, "79->80": 0, "80->79": 0, "80->81": 0, "81->80": 0, "79->82": 0, "82->79": 0, "82->83": 0, "83->82": 0, "79->84": 0, "84->79": 0, "64->85": 0, "85->64": 0, "85->86": 0, "86->85": 0, "86->87": 0, "87->86": 0, "85->88": 0, "88->85": 0, "88->89": 0, "89->88": 0, "88->90": 0, "90->88": 0, "90->91": 0, "91->90": 0, "91->92": 0, "92->91": 0, "85->93": 0, "93->85": 0, "64->94": 0, "94->64": 0, "64->95": 0, "95->64": 0, "95->96": 0, "96->95": 0, "96->97": 0, "97->96": 0, "97->98": 0, "98->97": 0, "0->99": 0, "99->0": 0, "99->100": 0, "100->99": 0, "100->101": 0, "101->100": 0, "100->102": 0, "102->100": 0, "102->103": 0, "103->102": 0, "103->104": 0, "104->103": 0, "100->105": 0, "105->100": 0, "105->106": 0, "106->105": 0, "106->107": 0, "107->106": 0, "99->108": 0, "108->99": 0, "99->109": 0, "109->99": 0, "109->110": 0, "110->109": 0, "110->111": 0, "111->110": 0, "0->112": 0, "112->0": 0, "112->113": 0, "113->112": 0, "1->4": 1, "4->1": 12, "4->5": 1, "5->4": 12, "5->18": 1, "18->5": 12, "18->47": 1, "47->18": 12, "47->64": 1, "64->47": 12, "64->99": 1, "99->64": 12, "99->112": 1, "112->99": 12, "2->3": 2, "3->2": 3, "6->8": 1, "8->6": 12, "8->16": 1, "16->8": 12, "9->10": 1, "10->9": 12, "10->13": 1, "13->10": 12, "19->21": 1, "21->19": 12, "21->23": 1, "23->21": 12, "23->24": 1, "24->23": 12, "24->28": 1, "28->24": 12, "28->38": 1, "38->28": 12, "25->27": 1, "27->25": 12, "30->32": 1, "32->30": 12, "32->37": 1, "37->32": 12, "33->35": 1, "35->33": 12, "40->41": 1, "41->40": 12, "41->43": 1, "43->41": 12, "43->46": 1, "46->43": 12, "48->50": 1, "50->48": 12, "50->52": 1, "52->50": 12, "52->53": 1, "53->52": 12, "53->57": 1, "57->53": 12, "54->56": 1, "56->54": 12, "59->61": 1, "61->59": 12, "61->63": 1, "63->61": 12, "65->67": 1, "67->65": 12, "67->69": 1, "69->67": 12, "69->70": 1, "70->69": 12, "70->79": 1, "79->70": 12, "79->85": 1, "85->79": 12, "85->94": 1, "94->85": 12, "94->95": 1, "95->94": 12, "71->73": 1, "73->71": 12, "73->78": 1, "78->73": 12, "74->75": 1, "75->74": 12, "80->82": 1, "82->80": 12, "82->84": 1, "84->82": 12, "86->88": 1, "88->86": 12, "88->93": 1, "93->88": 12, "89->90": 1, "90->89": 12, "100->108": 1, "108->100": 12, "108->109": 1, "109->108": 12, "101->102": 1, "102->101": 12, "102->105": 1, "105->102": 12, "3->4": 2, "4->3": 3, "4->7": 2, "7->4": 3, "7->9": 2, "9->7": 3, "9->12": 2, "12->9": 3, "12->15": 2, "15->12": 3, "15->17": 2, "17->15": 3, "17->20": 2, "20->17": 3, "20->22": 2, "22->20": 3, "22->23": 2, "23->22": 3, "23->26": 2, "26->23": 3, "26->27": 2, "27->26": 3, "27->31": 2, "31->27": 3, "31->34": 2, "34->31": 3, "34->36": 2, "36->34": 3, "36->37": 2, "37->36": 3, "37->40": 2, "40->37": 3, "40->42": 2, "42->40": 3, "42->45": 2, "45->42": 3, "45->46": 2, "46->45": 3, "46->49": 2, "49->46": 3, "49->51": 2, "51->49": 3, "51->52": 2, "52->51": 3, "52->55": 2, "55->52": 3, "55->56": 2, "56->55": 3, "56->60": 2, "60->56": 3, "60->62": 2, "62->60": 3, "62->63": 2, "63->62": 3, "63->66": 2, "66->63": 3, "66->68": 2, "68->66": 3, "68->69": 2, "69->68": 3, "69->72": 2, "72->69": 3, "72->74": 2, "74->72": 3, "74->77": 2, "77->74": 3, "77->78": 2, "78->77": 3, "78->81": 2, "81->78": 3, "81->83": 2, "83->81": 3, "83->84": 2, "84->83": 3, "84->87": 2, "87->84": 3, "87->89": 2, "89->87": 3, "89->92": 2, "92->89": 3, "92->93": 2, "93->92": 3, "93->94": 2, "94->93": 3, "94->98": 2, "98->94": 3, "98->101": 2, "101->98": 3, "101->104": 2, "104->101": 3, "104->107": 2, "107->104": 3, "107->108": 2, "108->107": 3, "108->111": 2, "111->108": 3, "111->113": 2, "113->111": 3, "31->60": 4, "60->31": 5, "60->111": 4, "111->60": 5}, "metrics": [1.0, 0.0, 4.0, 3.0, 16.0, 4.0, 0.0, 2.0, 0.5, 1.0, 3.0]}