{"nodelist": ["ClassDeclaration", "{'public'}", "public", "MetricsRate", "FieldDeclaration", "{'final', 'private', 'static'}", "final", "private", "static", "ReferenceType", "Log", "VariableDeclarator", "LOG", "MethodInvocation", "LogFactory", "Literal", "\"org.apache.hadoop.hbase.metrics\"", "getLog", "FieldDeclaration", "{'private'}", "private", "BasicType", "int", "VariableDeclarator", "value", "FieldDeclaration", "{'private'}", "private", "BasicType", "float", "VariableDeclarator", "prevRate", "FieldDeclaration", "{'private'}", "private", "BasicType", "long", "VariableDeclarator", "ts", "ConstructorDeclaration", "{'public'}", "public", "MetricsRate", "FormalParameter", "{'final'}", "final", "ReferenceType", "String", "name", "FormalParameter", "{'final'}", "final", "ReferenceType", "MetricsRegistry", "registry", "FormalParameter", "{'final'}", "final", "ReferenceType", "String", "description", "StatementExpression", "SuperConstructorInvocation", "MemberReference", "name", "MemberReference", "description", "StatementExpression", "Assignment", "This", "MemberReference", "value", "Literal", "0", "=", "StatementExpression", "Assignment", "This", "MemberReference", "prevRate", "Literal", "0", "=", "StatementExpression", "Assignment", "This", "MemberReference", "ts", "MethodInvocation", "System", "currentTimeMillis", "=", "StatementExpression", "MethodInvocation", "registry", "MemberReference", "name", "This", "add", "ConstructorDeclaration", "{'public'}", "public", "MetricsRate", "FormalParameter", "{'final'}", "final", "ReferenceType", "String", "name", "FormalParameter", "{'final'}", "final", "ReferenceType", "MetricsRegistry", "registry", "StatementExpression", "ExplicitConstructorInvocation", "MemberReference", "name", "MemberReference", "registry", "MemberReference", "NO_DESCRIPTION", "MethodDeclaration", "{'synchronized', 'public'}", "synchronized", "public", "inc", "FormalParameter", "{'final'}", "final", "BasicType", "int", "incr", "StatementExpression", "Assignment", "MemberReference", "value", "MemberReference", "incr", "+=", "MethodDeclaration", "{'synchronized', 'public'}", "synchronized", "public", "inc", "StatementExpression", "MemberReference", "++", "value", "MethodDeclaration", "{'synchronized', 'private'}", "synchronized", "private", "intervalHeartBeat", "LocalVariableDeclaration", "BasicType", "long", "VariableDeclarator", "now", "MethodInvocation", "System", "currentTimeMillis", "LocalVariableDeclaration", "BasicType", "long", "VariableDeclarator", "diff", "BinaryOperation", "/", "BinaryOperation", "-", "MemberReference", "now", "MemberReference", "ts", "Literal", "1000", "IfStatement", "BinaryOperation", "==", "MemberReference", "diff", "Literal", "0", "StatementExpression", "Assignment", "MemberReference", "diff", "Literal", "1", "=", "StatementExpression", "Assignment", "This", "MemberReference", "prevRate", "BinaryOperation", "/", "Cast", "BasicType", "float", "MemberReference", "value", "MemberReference", "diff", "=", "StatementExpression", "Assignment", "This", "MemberReference", "value", "Literal", "0", "=", "StatementExpression", "Assignment", "This", "MemberReference", "ts", "MemberReference", "now", "=", "MethodDeclaration", "{'synchronized', 'public'}", "synchronized", "public", "Annotation", "Override", "pushMetric", "FormalParameter", "{'final'}", "final", "ReferenceType", "MetricsRecord", "mr", "StatementExpression", "MethodInvocation", "intervalHeartBeat", "TryStatement", "StatementExpression", "MethodInvocation", "mr", "MethodInvocation", "getName", "MethodInvocation", "getPreviousIntervalValue", "setMetric", "CatchClause", "CatchClauseParameter", "Exception", "e", "StatementExpression", "MethodInvocation", "LOG", "BinaryOperation", "+", "BinaryOperation", "+", "BinaryOperation", "+", "Literal", "\"pushMetric failed for \"", "MethodInvocation", "getName", "Literal", "\"\\n\"", "MethodInvocation", "StringUtils", "MemberReference", "e", "stringifyException", "info", "MethodDeclaration", "{'synchronized', 'public'}", "synchronized", "public", "BasicType", "float", "getPreviousIntervalValue", "ReturnStatement", "This", "MemberReference", "prevRate", "ReferenceType", "MetricsBase"], "nodes": {"0": "ClassDeclaration", "1": "Modifier", "2": "public", "3": "MetricsRate", "4": "FieldDeclaration", "5": "Modifier", "6": "final", "7": "private", "8": "static", "9": "ReferenceType", "10": "Log", "11": "VariableDeclarator", "12": "LOG", "13": "MethodInvocation", "14": "LogFactory", "15": "Literal", "16": "\"org.apache.hadoop.hbase.metrics\"", "17": "getLog", "18": "FieldDeclaration", "19": "Modifier", "20": "private", "21": "BasicType", "22": "int", "23": "VariableDeclarator", "24": "value", "25": "FieldDeclaration", "26": "Modifier", "27": "private", "28": "BasicType", "29": "float", "30": "VariableDeclarator", "31": "prevRate", "32": "FieldDeclaration", "33": "Modifier", "34": "private", "35": "BasicType", "36": "long", "37": "VariableDeclarator", "38": "ts", "39": "ConstructorDeclaration", "40": "Modifier", "41": "public", "42": "MetricsRate", "43": "FormalParameter", "44": "Modifier", "45": "final", "46": "ReferenceType", "47": "String", "48": "name", "49": "FormalParameter", "50": "Modifier", "51": "final", "52": "ReferenceType", "53": "MetricsRegistry", "54": "registry", "55": "FormalParameter", "56": "Modifier", "57": "final", "58": "ReferenceType", "59": "String", "60": "description", "61": "StatementExpression", "62": "SuperConstructorInvocation", "63": "MemberReference", "64": "name", "65": "MemberReference", "66": "description", "67": "StatementExpression", "68": "Assignment", "69": "This", "70": "MemberReference", "71": "value", "72": "Literal", "73": "0", "74": "=", "75": "StatementExpression", "76": "Assignment", "77": "This", "78": "MemberReference", "79": "prevRate", "80": "Literal", "81": "0", "82": "=", "83": "StatementExpression", "84": "Assignment", "85": "This", "86": "MemberReference", "87": "ts", "88": "MethodInvocation", "89": "System", "90": "currentTimeMillis", "91": "=", "92": "StatementExpression", "93": "MethodInvocation", "94": "registry", "95": "MemberReference", "96": "name", "97": "This", "98": "add", "99": "ConstructorDeclaration", "100": "Modifier", "101": "public", "102": "MetricsRate", "103": "FormalParameter", "104": "Modifier", "105": "final", "106": "ReferenceType", "107": "String", "108": "name", "109": "FormalParameter", "110": "Modifier", "111": "final", "112": "ReferenceType", "113": "MetricsRegistry", "114": "registry", "115": "StatementExpression", "116": "ExplicitConstructorInvocation", "117": "MemberReference", "118": "name", "119": "MemberReference", "120": "registry", "121": "MemberReference", "122": "NO_DESCRIPTION", "123": "MethodDeclaration", "124": "Modifier", "125": "synchronized", "126": "public", "127": "inc", "128": "FormalParameter", "129": "Modifier", "130": "final", "131": "BasicType", "132": "int", "133": "incr", "134": "StatementExpression", "135": "Assignment", "136": "MemberReference", "137": "value", "138": "MemberReference", "139": "incr", "140": "+=", "141": "MethodDeclaration", "142": "Modifier", "143": "synchronized", "144": "public", "145": "inc", "146": "StatementExpression", "147": "MemberReference", "148": "++", "149": "value", "150": "MethodDeclaration", "151": "Modifier", "152": "synchronized", "153": "private", "154": "intervalHeartBeat", "155": "LocalVariableDeclaration", "156": "BasicType", "157": "long", "158": "VariableDeclarator", "159": "now", "160": "MethodInvocation", "161": "System", "162": "currentTimeMillis", "163": "LocalVariableDeclaration", "164": "BasicType", "165": "long", "166": "VariableDeclarator", "167": "diff", "168": "BinaryOperation", "169": "/", "170": "BinaryOperation", "171": "-", "172": "MemberReference", "173": "now", "174": "MemberReference", "175": "ts", "176": "Literal", "177": "1000", "178": "IfStatement", "179": "BinaryOperation", "180": "==", "181": "MemberReference", "182": "diff", "183": "Literal", "184": "0", "185": "StatementExpression", "186": "Assignment", "187": "MemberReference", "188": "diff", "189": "Literal", "190": "1", "191": "=", "192": "StatementExpression", "193": "Assignment", "194": "This", "195": "MemberReference", "196": "prevRate", "197": "BinaryOperation", "198": "/", "199": "Cast", "200": "BasicType", "201": "float", "202": "MemberReference", "203": "value", "204": "MemberReference", "205": "diff", "206": "=", "207": "StatementExpression", "208": "Assignment", "209": "This", "210": "MemberReference", "211": "value", "212": "Literal", "213": "0", "214": "=", "215": "StatementExpression", "216": "Assignment", "217": "This", "218": "MemberReference", "219": "ts", "220": "MemberReference", "221": "now", "222": "=", "223": "MethodDeclaration", "224": "Modifier", "225": "synchronized", "226": "public", "227": "Annotation", "228": "Override", "229": "pushMetric", "230": "FormalParameter", "231": "Modifier", "232": "final", "233": "ReferenceType", "234": "MetricsRecord", "235": "mr", "236": "StatementExpression", "237": "MethodInvocation", "238": "intervalHeartBeat", "239": "TryStatement", "240": "StatementExpression", "241": "MethodInvocation", "242": "mr", "243": "MethodInvocation", "244": "getName", "245": "MethodInvocation", "246": "getPreviousIntervalValue", "247": "setMetric", "248": "CatchClause", "249": "CatchClauseParameter", "250": "Exception", "251": "e", "252": "StatementExpression", "253": "MethodInvocation", "254": "LOG", "255": "BinaryOperation", "256": "+", "257": "BinaryOperation", "258": "+", "259": "BinaryOperation", "260": "+", "261": "Literal", "262": "\"pushMetric failed for \"", "263": "MethodInvocation", "264": "getName", "265": "Literal", "266": "\"\\n\"", "267": "MethodInvocation", "268": "StringUtils", "269": "MemberReference", "270": "e", "271": "stringifyException", "272": "info", "273": "MethodDeclaration", "274": "Modifier", "275": "synchronized", "276": "public", "277": "BasicType", "278": "float", "279": "getPreviousIntervalValue", "280": "ReturnStatement", "281": "This", "282": "MemberReference", "283": "prevRate", "284": "ReferenceType", "285": "MetricsBase"}, "edges": {"0->1": 0, "1->0": 0, "1->2": 0, "2->1": 0, "0->3": 0, "3->0": 0, "0->4": 0, "4->0": 0, "4->5": 0, "5->4": 0, "5->6": 0, "6->5": 0, "5->7": 0, "7->5": 0, "5->8": 0, "8->5": 0, "4->9": 0, "9->4": 0, "9->10": 0, "10->9": 0, "4->11": 0, "11->4": 0, "11->12": 0, "12->11": 0, "11->13": 0, "13->11": 0, "13->14": 0, "14->13": 0, "13->15": 0, "15->13": 0, "15->16": 0, "16->15": 0, "13->17": 0, "17->13": 0, "0->18": 0, "18->0": 0, "18->19": 0, "19->18": 0, "19->20": 0, "20->19": 0, "18->21": 0, "21->18": 0, "21->22": 0, "22->21": 0, "18->23": 0, "23->18": 0, "23->24": 0, "24->23": 0, "0->25": 0, "25->0": 0, "25->26": 0, "26->25": 0, "26->27": 0, "27->26": 0, "25->28": 0, "28->25": 0, "28->29": 0, "29->28": 0, "25->30": 0, "30->25": 0, "30->31": 0, "31->30": 0, "0->32": 0, "32->0": 0, "32->33": 0, "33->32": 0, "33->34": 0, "34->33": 0, "32->35": 0, "35->32": 0, "35->36": 0, "36->35": 0, "32->37": 0, "37->32": 0, "37->38": 0, "38->37": 0, "0->39": 0, "39->0": 0, "39->40": 0, "40->39": 0, "40->41": 0, "41->40": 0, "39->42": 0, "42->39": 0, "39->43": 0, "43->39": 0, "43->44": 0, "44->43": 0, "44->45": 0, "45->44": 0, "43->46": 0, "46->43": 0, "46->47": 0, "47->46": 0, "43->48": 0, "48->43": 0, "39->49": 0, "49->39": 0, "49->50": 0, "50->49": 0, "50->51": 0, "51->50": 0, "49->52": 0, "52->49": 0, "52->53": 0, "53->52": 0, "49->54": 0, "54->49": 0, "39->55": 0, "55->39": 0, "55->56": 0, "56->55": 0, "56->57": 0, "57->56": 0, "55->58": 0, "58->55": 0, "58->59": 0, "59->58": 0, "55->60": 0, "60->55": 0, "39->61": 0, "61->39": 0, "61->62": 0, "62->61": 0, "62->63": 0, "63->62": 0, "63->64": 0, "64->63": 0, "62->65": 0, "65->62": 0, "65->66": 0, "66->65": 0, "39->67": 0, "67->39": 0, "67->68": 0, "68->67": 0, "68->69": 0, "69->68": 0, "69->70": 0, "70->69": 0, "70->71": 0, "71->70": 0, "68->72": 0, "72->68": 0, "72->73": 0, "73->72": 0, "68->74": 0, "74->68": 0, "39->75": 0, "75->39": 0, "75->76": 0, "76->75": 0, "76->77": 0, "77->76": 0, "77->78": 0, "78->77": 0, "78->79": 0, "79->78": 0, "76->80": 0, "80->76": 0, "80->81": 0, "81->80": 0, "76->82": 0, "82->76": 0, "39->83": 0, "83->39": 0, "83->84": 0, "84->83": 0, "84->85": 0, "85->84": 0, "85->86": 0, "86->85": 0, "86->87": 0, "87->86": 0, "84->88": 0, "88->84": 0, "88->89": 0, "89->88": 0, "88->90": 0, "90->88": 0, "84->91": 0, "91->84": 0, "39->92": 0, "92->39": 0, "92->93": 0, "93->92": 0, "93->94": 0, "94->93": 0, "93->95": 0, "95->93": 0, "95->96": 0, "96->95": 0, "93->97": 0, "97->93": 0, "93->98": 0, "98->93": 0, "0->99": 0, "99->0": 0, "99->100": 0, "100->99": 0, "100->101": 0, "101->100": 0, "99->102": 0, "102->99": 0, "99->103": 0, "103->99": 0, "103->104": 0, "104->103": 0, "104->105": 0, "105->104": 0, "103->106": 0, "106->103": 0, "106->107": 0, "107->106": 0, "103->108": 0, "108->103": 0, "99->109": 0, "109->99": 0, "109->110": 0, "110->109": 0, "110->111": 0, "111->110": 0, "109->112": 0, "112->109": 0, "112->113": 0, "113->112": 0, "109->114": 0, "114->109": 0, "99->115": 0, "115->99": 0, "115->116": 0, "116->115": 0, "116->117": 0, "117->116": 0, "117->118": 0, "118->117": 0, "116->119": 0, "119->116": 0, "119->120": 0, "120->119": 0, "116->121": 0, "121->116": 0, "121->122": 0, "122->121": 0, "0->123": 0, "123->0": 0, "123->124": 0, "124->123": 0, "124->125": 0, "125->124": 0, "124->126": 0, "126->124": 0, "123->127": 0, "127->123": 0, "123->128": 0, "128->123": 0, "128->129": 0, "129->128": 0, "129->130": 0, "130->129": 0, "128->131": 0, "131->128": 0, "131->132": 0, "132->131": 0, "128->133": 0, "133->128": 0, "123->134": 0, "134->123": 0, "134->135": 0, "135->134": 0, "135->136": 0, "136->135": 0, "136->137": 0, "137->136": 0, "135->138": 0, "138->135": 0, "138->139": 0, "139->138": 0, "135->140": 0, "140->135": 0, "0->141": 0, "141->0": 0, "141->142": 0, "142->141": 0, "142->143": 0, "143->142": 0, "142->144": 0, "144->142": 0, "141->145": 0, "145->141": 0, "141->146": 0, "146->141": 0, "146->147": 0, "147->146": 0, "147->148": 0, "148->147": 0, "147->149": 0, "149->147": 0, "0->150": 0, "150->0": 0, "150->151": 0, "151->150": 0, "151->152": 0, "152->151": 0, "151->153": 0, "153->151": 0, "150->154": 0, "154->150": 0, "150->155": 0, "155->150": 0, "155->156": 0, "156->155": 0, "156->157": 0, "157->156": 0, "155->158": 0, "158->155": 0, "158->159": 0, "159->158": 0, "158->160": 0, "160->158": 0, "160->161": 0, "161->160": 0, "160->162": 0, "162->160": 0, "150->163": 0, "163->150": 0, "163->164": 0, "164->163": 0, "164->165": 0, "165->164": 0, "163->166": 0, "166->163": 0, "166->167": 0, "167->166": 0, "166->168": 0, "168->166": 0, "168->169": 0, "169->168": 0, "168->170": 0, "170->168": 0, "170->171": 0, "171->170": 0, "170->172": 0, "172->170": 0, "172->173": 0, "173->172": 0, "170->174": 0, "174->170": 0, "174->175": 0, "175->174": 0, "168->176": 0, "176->168": 0, "176->177": 0, "177->176": 0, "150->178": 0, "178->150": 0, "178->179": 0, "179->178": 0, "179->180": 0, "180->179": 0, "179->181": 0, "181->179": 0, "181->182": 0, "182->181": 0, "179->183": 0, "183->179": 0, "183->184": 0, "184->183": 0, "178->185": 0, "185->178": 0, "185->186": 0, "186->185": 0, "186->187": 0, "187->186": 0, "187->188": 0, "188->187": 0, "186->189": 0, "189->186": 0, "189->190": 0, "190->189": 0, "186->191": 0, "191->186": 0, "150->192": 0, "192->150": 0, "192->193": 0, "193->192": 0, "193->194": 0, "194->193": 0, "194->195": 0, "195->194": 0, "195->196": 0, "196->195": 0, "193->197": 0, "197->193": 0, "197->198": 0, "198->197": 0, "197->199": 0, "199->197": 0, "199->200": 0, "200->199": 0, "200->201": 0, "201->200": 0, "199->202": 0, "202->199": 0, "202->203": 0, "203->202": 0, "197->204": 0, "204->197": 0, "204->205": 0, "205->204": 0, "193->206": 0, "206->193": 0, "150->207": 0, "207->150": 0, "207->208": 0, "208->207": 0, "208->209": 0, "209->208": 0, "209->210": 0, "210->209": 0, "210->211": 0, "211->210": 0, "208->212": 0, "212->208": 0, "212->213": 0, "213->212": 0, "208->214": 0, "214->208": 0, "150->215": 0, "215->150": 0, "215->216": 0, "216->215": 0, "216->217": 0, "217->216": 0, "217->218": 0, "218->217": 0, "218->219": 0, "219->218": 0, "216->220": 0, "220->216": 0, "220->221": 0, "221->220": 0, "216->222": 0, "222->216": 0, "0->223": 0, "223->0": 0, "223->224": 0, "224->223": 0, "224->225": 0, "225->224": 0, "224->226": 0, "226->224": 0, "223->227": 0, "227->223": 0, "227->228": 0, "228->227": 0, "223->229": 0, "229->223": 0, "223->230": 0, "230->223": 0, "230->231": 0, "231->230": 0, "231->232": 0, "232->231": 0, "230->233": 0, "233->230": 0, "233->234": 0, "234->233": 0, "230->235": 0, "235->230": 0, "223->236": 0, "236->223": 0, "236->237": 0, "237->236": 0, "237->238": 0, "238->237": 0, "223->239": 0, "239->223": 0, "239->240": 0, "240->239": 0, "240->241": 0, "241->240": 0, "241->242": 0, "242->241": 0, "241->243": 0, "243->241": 0, "243->244": 0, "244->243": 0, "241->245": 0, "245->241": 0, "245->246": 0, "246->245": 0, "241->247": 0, "247->241": 0, "239->248": 0, "248->239": 0, "248->249": 0, "249->248": 0, "249->250": 0, "250->249": 0, "249->251": 0, "251->249": 0, "248->252": 0, "252->248": 0, "252->253": 0, "253->252": 0, "253->254": 0, "254->253": 0, "253->255": 0, "255->253": 0, "255->256": 0, "256->255": 0, "255->257": 0, "257->255": 0, "257->258": 0, "258->257": 0, "257->259": 0, "259->257": 0, "259->260": 0, "260->259": 0, "259->261": 0, "261->259": 0, "261->262": 0, "262->261": 0, "259->263": 0, "263->259": 0, "263->264": 0, "264->263": 0, "257->265": 0, "265->257": 0, "265->266": 0, "266->265": 0, "255->267": 0, "267->255": 0, "267->268": 0, "268->267": 0, "267->269": 0, "269->267": 0, "269->270": 0, "270->269": 0, "267->271": 0, "271->267": 0, "253->272": 0, "272->253": 0, "0->273": 0, "273->0": 0, "273->274": 0, "274->273": 0, "274->275": 0, "275->274": 0, "274->276": 0, "276->274": 0, "273->277": 0, "277->273": 0, "277->278": 0, "278->277": 0, "273->279": 0, "279->273": 0, "273->280": 0, "280->273": 0, "280->281": 0, "281->280": 0, "281->282": 0, "282->281": 0, "282->283": 0, "283->282": 0, "0->284": 0, "284->0": 0, "284->285": 0, "285->284": 0, "1->3": 1, "3->1": 12, "3->4": 1, "4->3": 12, "4->18": 1, "18->4": 12, "18->25": 1, "25->18": 12, "25->32": 1, "32->25": 12, "32->39": 1, "39->32": 12, "39->99": 1, "99->39": 12, "99->123": 1, "123->99": 12, "123->141": 1, "141->123": 12, "141->150": 1, "150->141": 12, "150->223": 1, "223->150": 12, "223->273": 1, "273->223": 12, "273->284": 1, "284->273": 12, "5->9": 1, "9->5": 12, "9->11": 1, "11->9": 12, "6->7": 2, "7->6": 3, "7->8": 2, "8->7": 3, "12->13": 1, "13->12": 12, "14->15": 1, "15->14": 12, "15->17": 1, "17->15": 12, "19->21": 1, "21->19": 12, "21->23": 1, "23->21": 12, "26->28": 1, "28->26": 12, "28->30": 1, "30->28": 12, "33->35": 1, "35->33": 12, "35->37": 1, "37->35": 12, "40->42": 1, "42->40": 12, "42->43": 1, "43->42": 12, "43->49": 1, "49->43": 12, "49->55": 1, "55->49": 12, "55->61": 1, "61->55": 12, "61->67": 1, "67->61": 12, "67->75": 1, "75->67": 12, "75->83": 1, "83->75": 12, "83->92": 1, "92->83": 12, "44->46": 1, "46->44": 12, "46->48": 1, "48->46": 12, "50->52": 1, "52->50": 12, "52->54": 1, "54->52": 12, "56->58": 1, "58->56": 12, "58->60": 1, "60->58": 12, "63->65": 1, "65->63": 12, "69->72": 1, "72->69": 12, "72->74": 1, "74->72": 12, "77->80": 1, "80->77": 12, "80->82": 1, "82->80": 12, "85->88": 1, "88->85": 12, "88->91": 1, "91->88": 12, "89->90": 2, "90->89": 3, "94->95": 1, "95->94": 12, "95->97": 1, "97->95": 12, "97->98": 2, "98->97": 3, "100->102": 1, "102->100": 12, "102->103": 1, "103->102": 12, "103->109": 1, "109->103": 12, "109->115": 1, "115->109": 12, "104->106": 1, "106->104": 12, "106->108": 1, "108->106": 12, "110->112": 1, "112->110": 12, "112->114": 1, "114->112": 12, "117->119": 1, "119->117": 12, "119->121": 1, "121->119": 12, "124->127": 1, "127->124": 12, "127->128": 1, "128->127": 12, "128->134": 1, "134->128": 12, "125->126": 2, "126->125": 3, "129->131": 1, "131->129": 12, "131->133": 1, "133->131": 12, "136->138": 1, "138->136": 12, "138->140": 1, "140->138": 12, "142->145": 1, "145->142": 12, "145->146": 1, "146->145": 12, "143->144": 2, "144->143": 3, "148->149": 2, "149->148": 3, "151->154": 1, "154->151": 12, "154->155": 1, "155->154": 12, "155->163": 1, "163->155": 12, "163->178": 1, "178->163": 12, "178->192": 1, "192->178": 12, "192->207": 1, "207->192": 12, "207->215": 1, "215->207": 12, "152->153": 2, "153->152": 3, "156->158": 1, "158->156": 12, "159->160": 1, "160->159": 12, "161->162": 2, "162->161": 3, "164->166": 1, "166->164": 12, "167->168": 1, "168->167": 12, "169->170": 1, "170->169": 12, "170->176": 1, "176->170": 12, "171->172": 1, "172->171": 12, "172->174": 1, "174->172": 12, "179->185": 6, "185->179": 6, "180->181": 1, "181->180": 12, "181->183": 1, "183->181": 12, "187->189": 1, "189->187": 12, "189->191": 1, "191->189": 12, "194->197": 1, "197->194": 12, "197->206": 1, "206->197": 12, "198->199": 1, "199->198": 12, "199->204": 1, "204->199": 12, "200->202": 1, "202->200": 12, "209->212": 1, "212->209": 12, "212->214": 1, "214->212": 12, "217->220": 1, "220->217": 12, "220->222": 1, "222->220": 12, "224->227": 1, "227->224": 12, "227->229": 1, "229->227": 12, "229->230": 1, "230->229": 12, "230->236": 1, "236->230": 12, "236->239": 1, "239->236": 12, "225->226": 2, "226->225": 3, "231->233": 1, "233->231": 12, "233->235": 1, "235->233": 12, "240->248": 1, "248->240": 12, "242->243": 1, "243->242": 12, "243->245": 1, "245->243": 12, "245->247": 1, "247->245": 12, "249->252": 1, "252->249": 12, "250->251": 2, "251->250": 3, "254->255": 1, "255->254": 12, "255->272": 1, "272->255": 12, "256->257": 1, "257->256": 12, "257->267": 1, "267->257": 12, "258->259": 1, "259->258": 12, "259->265": 1, "265->259": 12, "260->261": 1, "261->260": 12, "261->263": 1, "263->261": 12, "268->269": 1, "269->268": 12, "269->271": 1, "271->269": 12, "274->277": 1, "277->274": 12, "277->279": 1, "279->277": 12, "279->280": 1, "280->279": 12, "275->276": 2, "276->275": 3, "2->3": 2, "3->2": 3, "3->6": 2, "6->3": 3, "8->10": 2, "10->8": 3, "10->12": 2, "12->10": 3, "12->14": 2, "14->12": 3, "14->16": 2, "16->14": 3, "16->17": 2, "17->16": 3, "17->20": 2, "20->17": 3, "20->22": 2, "22->20": 3, "22->24": 2, "24->22": 3, "24->27": 2, "27->24": 3, "27->29": 2, "29->27": 3, "29->31": 2, "31->29": 3, "31->34": 2, "34->31": 3, "34->36": 2, "36->34": 3, "36->38": 2, "38->36": 3, "38->41": 2, "41->38": 3, "41->42": 2, "42->41": 3, "42->45": 2, "45->42": 3, "45->47": 2, "47->45": 3, "47->48": 2, "48->47": 3, "48->51": 2, "51->48": 3, "51->53": 2, "53->51": 3, "53->54": 2, "54->53": 3, "54->57": 2, "57->54": 3, "57->59": 2, "59->57": 3, "59->60": 2, "60->59": 3, "60->64": 2, "64->60": 3, "64->66": 2, "66->64": 3, "66->71": 2, "71->66": 3, "71->73": 2, "73->71": 3, "73->74": 2, "74->73": 3, "74->79": 2, "79->74": 3, "79->81": 2, "81->79": 3, "81->82": 2, "82->81": 3, "82->87": 2, "87->82": 3, "87->89": 2, "89->87": 3, "90->91": 2, "91->90": 3, "91->94": 2, "94->91": 3, "94->96": 2, "96->94": 3, "96->97": 2, "97->96": 3, "98->101": 2, "101->98": 3, "101->102": 2, "102->101": 3, "102->105": 2, "105->102": 3, "105->107": 2, "107->105": 3, "107->108": 2, "108->107": 3, "108->111": 2, "111->108": 3, "111->113": 2, "113->111": 3, "113->114": 2, "114->113": 3, "114->118": 2, "118->114": 3, "118->120": 2, "120->118": 3, "120->122": 2, "122->120": 3, "122->125": 2, "125->122": 3, "126->127": 2, "127->126": 3, "127->130": 2, "130->127": 3, "130->132": 2, "132->130": 3, "132->133": 2, "133->132": 3, "133->137": 2, "137->133": 3, "137->139": 2, "139->137": 3, "139->140": 2, "140->139": 3, "140->143": 2, "143->140": 3, "144->145": 2, "145->144": 3, "145->148": 2, "148->145": 3, "149->152": 2, "152->149": 3, "153->154": 2, "154->153": 3, "154->157": 2, "157->154": 3, "157->159": 2, "159->157": 3, "159->161": 2, "161->159": 3, "162->165": 2, "165->162": 3, "165->167": 2, "167->165": 3, "167->169": 2, "169->167": 3, "169->171": 2, "171->169": 3, "171->173": 2, "173->171": 3, "173->175": 2, "175->173": 3, "175->177": 2, "177->175": 3, "177->180": 2, "180->177": 3, "180->182": 2, "182->180": 3, "182->184": 2, "184->182": 3, "184->188": 2, "188->184": 3, "188->190": 2, "190->188": 3, "190->191": 2, "191->190": 3, "191->196": 2, "196->191": 3, "196->198": 2, "198->196": 3, "198->201": 2, "201->198": 3, "201->203": 2, "203->201": 3, "203->205": 2, "205->203": 3, "205->206": 2, "206->205": 3, "206->211": 2, "211->206": 3, "211->213": 2, "213->211": 3, "213->214": 2, "214->213": 3, "214->219": 2, "219->214": 3, "219->221": 2, "221->219": 3, "221->222": 2, "222->221": 3, "222->225": 2, "225->222": 3, "226->228": 2, "228->226": 3, "228->229": 2, "229->228": 3, "229->232": 2, "232->229": 3, "232->234": 2, "234->232": 3, "234->235": 2, "235->234": 3, "235->238": 2, "238->235": 3, "238->242": 2, "242->238": 3, "242->244": 2, "244->242": 3, "244->246": 2, "246->244": 3, "246->247": 2, "247->246": 3, "247->250": 2, "250->247": 3, "251->254": 2, "254->251": 3, "254->256": 2, "256->254": 3, "256->258": 2, "258->256": 3, "258->260": 2, "260->258": 3, "260->262": 2, "262->260": 3, "262->264": 2, "264->262": 3, "264->266": 2, "266->264": 3, "266->268": 2, "268->266": 3, "268->270": 2, "270->268": 3, "270->271": 2, "271->270": 3, "271->272": 2, "272->271": 3, "272->275": 2, "275->272": 3, "276->278": 2, "278->276": 3, "278->279": 2, "279->278": 3, "279->283": 2, "283->279": 3, "283->285": 2, "285->283": 3, "64->96": 4, "96->64": 5, "96->118": 4, "118->96": 5, "71->137": 4, "137->71": 5, "137->149": 4, "149->137": 5, "149->203": 4, "203->149": 5, "203->211": 4, "211->203": 5, "79->196": 4, "196->79": 5, "196->283": 4, "283->196": 5, "87->175": 4, "175->87": 5, "175->219": 4, "219->175": 5, "173->221": 4, "221->173": 5, "182->188": 4, "188->182": 5, "188->205": 4, "205->188": 5}, "metrics": [4.0, 0.0, 7.0, 6.0, 45.0, 8.0, 0.0, 0.0, 0.2857142857142857, 5.0, 0.0]}