{"nodelist": ["ClassDeclaration", "{'public'}", "public", "HBaseFsckRepair", "MethodDeclaration", "{'public', 'static'}", "public", "static", "fixDupeAssignment", "FormalParameter", "ReferenceType", "Configuration", "conf", "FormalParameter", "ReferenceType", "HRegionInfo", "region", "FormalParameter", "ReferenceType", "List", "TypeArgument", "ReferenceType", "HServerAddress", "servers", "IOException", "KeeperException", "InterruptedException", "LocalVariableDeclaration", "ReferenceType", "HRegionInfo", "VariableDeclarator", "actualRegion", "ClassCreator", "ReferenceType", "HRegionInfo", "MemberReference", "region", "ForStatement", "EnhancedForControl", "VariableDeclaration", "ReferenceType", "HServerAddress", "VariableDeclarator", "server", "MemberReference", "servers", "BlockStatement", "StatementExpression", "MethodInvocation", "MemberReference", "conf", "MemberReference", "server", "MemberReference", "actualRegion", "closeRegionSilentlyAndWait", "StatementExpression", "MethodInvocation", "MemberReference", "conf", "MemberReference", "actualRegion", "forceOfflineInZK", "MethodDeclaration", "{'public', 'static'}", "public", "static", "fixUnassigned", "FormalParameter", "ReferenceType", "Configuration", "conf", "FormalParameter", "ReferenceType", "HRegionInfo", "region", "IOException", "KeeperException", "LocalVariableDeclaration", "ReferenceType", "HRegionInfo", "VariableDeclarator", "actualRegion", "ClassCreator", "ReferenceType", "HRegionInfo", "MemberReference", "region", "StatementExpression", "MethodInvocation", "MemberReference", "conf", "MemberReference", "actualRegion", "forceOfflineInZK", "MethodDeclaration", "{'private', 'static'}", "private", "static", "forceOfflineInZK", "FormalParameter", "ReferenceType", "Configuration", "conf", "FormalParameter", "{'final'}", "final", "ReferenceType", "HRegionInfo", "region", "ZooKeeperConnectionException", "KeeperException", "IOException", "StatementExpression", "MethodInvocation", "HConnectionManager", "ClassCreator", "ReferenceType", "HConnectable", "TypeArgument", "ReferenceType", "Void", "MemberReference", "conf", "MethodDeclaration", "{'public'}", "public", "Annotation", "Override", "ReferenceType", "Void", "connect", "FormalParameter", "ReferenceType", "HConnection", "connection", "IOException", "TryStatement", "StatementExpression", "MethodInvocation", "ZKAssign", "MethodInvocation", "connection", "getZooKeeperWatcher", "MemberReference", "region", "MemberReference", "HConstants", "HBCK_CODE_NAME", "createOrForceNodeOffline", "CatchClause", "CatchClauseParameter", "KeeperException", "ke", "ThrowStatement", "ClassCreator", "ReferenceType", "IOException", "MemberReference", "ke", "ReturnStatement", "Literal", "null", "execute", "MethodDeclaration", "{'protected', 'static'}", "protected", "static", "closeRegionSilentlyAndWait", "FormalParameter", "ReferenceType", "Configuration", "conf", "FormalParameter", "ReferenceType", "HServerAddress", "server", "FormalParameter", "ReferenceType", "HRegionInfo", "region", "IOException", "InterruptedException", "LocalVariableDeclaration", "ReferenceType", "HConnection", "VariableDeclarator", "connection", "MethodInvocation", "HConnectionManager", "MemberReference", "conf", "getConnection", "LocalVariableDeclaration", "BasicType", "boolean", "VariableDeclarator", "success", "Literal", "false", "TryStatement", "LocalVariableDeclaration", "ReferenceType", "HRegionInterface", "VariableDeclarator", "rs", "MethodInvocation", "connection", "MemberReference", "server", "getHRegionConnection", "StatementExpression", "MethodInvocation", "rs", "MemberReference", "region", "Literal", "false", "closeRegion", "LocalVariableDeclaration", "BasicType", "long", "VariableDeclarator", "timeout", "MethodInvocation", "conf", "Literal", "\"hbase.hbck.close.timeout\"", "Literal", "120000", "getLong", "LocalVariableDeclaration", "BasicType", "long", "VariableDeclarator", "expiration", "BinaryOperation", "+", "MemberReference", "timeout", "MethodInvocation", "System", "currentTimeMillis", "WhileStatement", "BinaryOperation", "<", "MethodInvocation", "System", "currentTimeMillis", "MemberReference", "expiration", "BlockStatement", "TryStatement", "LocalVariableDeclaration", "ReferenceType", "HRegionInfo", "VariableDeclarator", "rsRegion", "MethodInvocation", "rs", "MethodInvocation", "region", "getRegionName", "getRegionInfo", "IfStatement", "BinaryOperation", "==", "MemberReference", "rsRegion", "Literal", "null", "ThrowStatement", "ClassCreator", "ReferenceType", "NotServingRegionException", "CatchClause", "CatchClauseParameter", "Exception", "e", "StatementExpression", "Assignment", "MemberReference", "success", "Literal", "true", "=", "ReturnStatement", "StatementExpression", "MethodInvocation", "Thread", "Literal", "1000", "sleep", "ThrowStatement", "ClassCreator", "ReferenceType", "IOException", "BinaryOperation", "+", "BinaryOperation", "+", "BinaryOperation", "+", "BinaryOperation", "+", "Literal", "\"Region \"", "MemberReference", "region", "Literal", "\" failed to close within\"", "Literal", "\" timeout \"", "MemberReference", "timeout", "TryStatement", "StatementExpression", "MethodInvocation", "connection", "close", "CatchClause", "CatchClauseParameter", "IOException", "ioe", "IfStatement", "MemberReference", "success", "BlockStatement", "ThrowStatement", "MemberReference", "ioe"], "nodes": {"0": "ClassDeclaration", "1": "Modifier", "2": "public", "3": "HBaseFsckRepair", "4": "MethodDeclaration", "5": "Modifier", "6": "public", "7": "static", "8": "fixDupeAssignment", "9": "FormalParameter", "10": "ReferenceType", "11": "Configuration", "12": "conf", "13": "FormalParameter", "14": "ReferenceType", "15": "HRegionInfo", "16": "region", "17": "FormalParameter", "18": "ReferenceType", "19": "List", "20": "TypeArgument", "21": "ReferenceType", "22": "HServerAddress", "23": "servers", "24": "IOException", "25": "KeeperException", "26": "InterruptedException", "27": "LocalVariableDeclaration", "28": "ReferenceType", "29": "HRegionInfo", "30": "VariableDeclarator", "31": "actualRegion", "32": "ClassCreator", "33": "ReferenceType", "34": "HRegionInfo", "35": "MemberReference", "36": "region", "37": "ForStatement", "38": "EnhancedForControl", "39": "VariableDeclaration", "40": "ReferenceType", "41": "HServerAddress", "42": "VariableDeclarator", "43": "server", "44": "MemberReference", "45": "servers", "46": "BlockStatement", "47": "StatementExpression", "48": "MethodInvocation", "49": "MemberReference", "50": "conf", "51": "MemberReference", "52": "server", "53": "MemberReference", "54": "actualRegion", "55": "closeRegionSilentlyAndWait", "56": "StatementExpression", "57": "MethodInvocation", "58": "MemberReference", "59": "conf", "60": "MemberReference", "61": "actualRegion", "62": "forceOfflineInZK", "63": "MethodDeclaration", "64": "Modifier", "65": "public", "66": "static", "67": "fixUnassigned", "68": "FormalParameter", "69": "ReferenceType", "70": "Configuration", "71": "conf", "72": "FormalParameter", "73": "ReferenceType", "74": "HRegionInfo", "75": "region", "76": "IOException", "77": "KeeperException", "78": "LocalVariableDeclaration", "79": "ReferenceType", "80": "HRegionInfo", "81": "VariableDeclarator", "82": "actualRegion", "83": "ClassCreator", "84": "ReferenceType", "85": "HRegionInfo", "86": "MemberReference", "87": "region", "88": "StatementExpression", "89": "MethodInvocation", "90": "MemberReference", "91": "conf", "92": "MemberReference", "93": "actualRegion", "94": "forceOfflineInZK", "95": "MethodDeclaration", "96": "Modifier", "97": "private", "98": "static", "99": "forceOfflineInZK", "100": "FormalParameter", "101": "ReferenceType", "102": "Configuration", "103": "conf", "104": "FormalParameter", "105": "Modifier", "106": "final", "107": "ReferenceType", "108": "HRegionInfo", "109": "region", "110": "ZooKeeperConnectionException", "111": "KeeperException", "112": "IOException", "113": "StatementExpression", "114": "MethodInvocation", "115": "HConnectionManager", "116": "ClassCreator", "117": "ReferenceType", "118": "HConnectable", "119": "TypeArgument", "120": "ReferenceType", "121": "Void", "122": "MemberReference", "123": "conf", "124": "MethodDeclaration", "125": "Modifier", "126": "public", "127": "Annotation", "128": "Override", "129": "ReferenceType", "130": "Void", "131": "connect", "132": "FormalParameter", "133": "ReferenceType", "134": "HConnection", "135": "connection", "136": "IOException", "137": "TryStatement", "138": "StatementExpression", "139": "MethodInvocation", "140": "ZKAssign", "141": "MethodInvocation", "142": "connection", "143": "getZooKeeperWatcher", "144": "MemberReference", "145": "region", "146": "MemberReference", "147": "HConstants", "148": "HBCK_CODE_NAME", "149": "createOrForceNodeOffline", "150": "CatchClause", "151": "CatchClauseParameter", "152": "KeeperException", "153": "ke", "154": "ThrowStatement", "155": "ClassCreator", "156": "ReferenceType", "157": "IOException", "158": "MemberReference", "159": "ke", "160": "ReturnStatement", "161": "Literal", "162": "null", "163": "execute", "164": "MethodDeclaration", "165": "Modifier", "166": "protected", "167": "static", "168": "closeRegionSilentlyAndWait", "169": "FormalParameter", "170": "ReferenceType", "171": "Configuration", "172": "conf", "173": "FormalParameter", "174": "ReferenceType", "175": "HServerAddress", "176": "server", "177": "FormalParameter", "178": "ReferenceType", "179": "HRegionInfo", "180": "region", "181": "IOException", "182": "InterruptedException", "183": "LocalVariableDeclaration", "184": "ReferenceType", "185": "HConnection", "186": "VariableDeclarator", "187": "connection", "188": "MethodInvocation", "189": "HConnectionManager", "190": "MemberReference", "191": "conf", "192": "getConnection", "193": "LocalVariableDeclaration", "194": "BasicType", "195": "boolean", "196": "VariableDeclarator", "197": "success", "198": "Literal", "199": "false", "200": "TryStatement", "201": "LocalVariableDeclaration", "202": "ReferenceType", "203": "HRegionInterface", "204": "VariableDeclarator", "205": "rs", "206": "MethodInvocation", "207": "connection", "208": "MemberReference", "209": "server", "210": "getHRegionConnection", "211": "StatementExpression", "212": "MethodInvocation", "213": "rs", "214": "MemberReference", "215": "region", "216": "Literal", "217": "false", "218": "closeRegion", "219": "LocalVariableDeclaration", "220": "BasicType", "221": "long", "222": "VariableDeclarator", "223": "timeout", "224": "MethodInvocation", "225": "conf", "226": "Literal", "227": "\"hbase.hbck.close.timeout\"", "228": "Literal", "229": "120000", "230": "getLong", "231": "LocalVariableDeclaration", "232": "BasicType", "233": "long", "234": "VariableDeclarator", "235": "expiration", "236": "BinaryOperation", "237": "+", "238": "MemberReference", "239": "timeout", "240": "MethodInvocation", "241": "System", "242": "currentTimeMillis", "243": "WhileStatement", "244": "BinaryOperation", "245": "<", "246": "MethodInvocation", "247": "System", "248": "currentTimeMillis", "249": "MemberReference", "250": "expiration", "251": "BlockStatement", "252": "TryStatement", "253": "LocalVariableDeclaration", "254": "ReferenceType", "255": "HRegionInfo", "256": "VariableDeclarator", "257": "rsRegion", "258": "MethodInvocation", "259": "rs", "260": "MethodInvocation", "261": "region", "262": "getRegionName", "263": "getRegionInfo", "264": "IfStatement", "265": "BinaryOperation", "266": "==", "267": "MemberReference", "268": "rsRegion", "269": "Literal", "270": "null", "271": "ThrowStatement", "272": "ClassCreator", "273": "ReferenceType", "274": "NotServingRegionException", "275": "CatchClause", "276": "CatchClauseParameter", "277": "Exception", "278": "e", "279": "StatementExpression", "280": "Assignment", "281": "MemberReference", "282": "success", "283": "Literal", "284": "true", "285": "=", "286": "ReturnStatement", "287": "StatementExpression", "288": "MethodInvocation", "289": "Thread", "290": "Literal", "291": "1000", "292": "sleep", "293": "ThrowStatement", "294": "ClassCreator", "295": "ReferenceType", "296": "IOException", "297": "BinaryOperation", "298": "+", "299": "BinaryOperation", "300": "+", "301": "BinaryOperation", "302": "+", "303": "BinaryOperation", "304": "+", "305": "Literal", "306": "\"Region \"", "307": "MemberReference", "308": "region", "309": "Literal", "310": "\" failed to close within\"", "311": "Literal", "312": "\" timeout \"", "313": "MemberReference", "314": "timeout", "315": "TryStatement", "316": "StatementExpression", "317": "MethodInvocation", "318": "connection", "319": "close", "320": "CatchClause", "321": "CatchClauseParameter", "322": "IOException", "323": "ioe", "324": "IfStatement", "325": "MemberReference", "326": "success", "327": "BlockStatement", "328": "ThrowStatement", "329": "MemberReference", "330": "ioe"}, "edges": {"0->1": 0, "1->0": 0, "1->2": 0, "2->1": 0, "0->3": 0, "3->0": 0, "0->4": 0, "4->0": 0, "4->5": 0, "5->4": 0, "5->6": 0, "6->5": 0, "5->7": 0, "7->5": 0, "4->8": 0, "8->4": 0, "4->9": 0, "9->4": 0, "9->10": 0, "10->9": 0, "10->11": 0, "11->10": 0, "9->12": 0, "12->9": 0, "4->13": 0, "13->4": 0, "13->14": 0, "14->13": 0, "14->15": 0, "15->14": 0, "13->16": 0, "16->13": 0, "4->17": 0, "17->4": 0, "17->18": 0, "18->17": 0, "18->19": 0, "19->18": 0, "18->20": 0, "20->18": 0, "20->21": 0, "21->20": 0, "21->22": 0, "22->21": 0, "17->23": 0, "23->17": 0, "4->24": 0, "24->4": 0, "4->25": 0, "25->4": 0, "4->26": 0, "26->4": 0, "4->27": 0, "27->4": 0, "27->28": 0, "28->27": 0, "28->29": 0, "29->28": 0, "27->30": 0, "30->27": 0, "30->31": 0, "31->30": 0, "30->32": 0, "32->30": 0, "32->33": 0, "33->32": 0, "33->34": 0, "34->33": 0, "32->35": 0, "35->32": 0, "35->36": 0, "36->35": 0, "4->37": 0, "37->4": 0, "37->38": 0, "38->37": 0, "38->39": 0, "39->38": 0, "39->40": 0, "40->39": 0, "40->41": 0, "41->40": 0, "39->42": 0, "42->39": 0, "42->43": 0, "43->42": 0, "38->44": 0, "44->38": 0, "44->45": 0, "45->44": 0, "37->46": 0, "46->37": 0, "46->47": 0, "47->46": 0, "47->48": 0, "48->47": 0, "48->49": 0, "49->48": 0, "49->50": 0, "50->49": 0, "48->51": 0, "51->48": 0, "51->52": 0, "52->51": 0, "48->53": 0, "53->48": 0, "53->54": 0, "54->53": 0, "48->55": 0, "55->48": 0, "4->56": 0, "56->4": 0, "56->57": 0, "57->56": 0, "57->58": 0, "58->57": 0, "58->59": 0, "59->58": 0, "57->60": 0, "60->57": 0, "60->61": 0, "61->60": 0, "57->62": 0, "62->57": 0, "0->63": 0, "63->0": 0, "63->64": 0, "64->63": 0, "64->65": 0, "65->64": 0, "64->66": 0, "66->64": 0, "63->67": 0, "67->63": 0, "63->68": 0, "68->63": 0, "68->69": 0, "69->68": 0, "69->70": 0, "70->69": 0, "68->71": 0, "71->68": 0, "63->72": 0, "72->63": 0, "72->73": 0, "73->72": 0, "73->74": 0, "74->73": 0, "72->75": 0, "75->72": 0, "63->76": 0, "76->63": 0, "63->77": 0, "77->63": 0, "63->78": 0, "78->63": 0, "78->79": 0, "79->78": 0, "79->80": 0, "80->79": 0, "78->81": 0, "81->78": 0, "81->82": 0, "82->81": 0, "81->83": 0, "83->81": 0, "83->84": 0, "84->83": 0, "84->85": 0, "85->84": 0, "83->86": 0, "86->83": 0, "86->87": 0, "87->86": 0, "63->88": 0, "88->63": 0, "88->89": 0, "89->88": 0, "89->90": 0, "90->89": 0, "90->91": 0, "91->90": 0, "89->92": 0, "92->89": 0, "92->93": 0, "93->92": 0, "89->94": 0, "94->89": 0, "0->95": 0, "95->0": 0, "95->96": 0, "96->95": 0, "96->97": 0, "97->96": 0, "96->98": 0, "98->96": 0, "95->99": 0, "99->95": 0, "95->100": 0, "100->95": 0, "100->101": 0, "101->100": 0, "101->102": 0, "102->101": 0, "100->103": 0, "103->100": 0, "95->104": 0, "104->95": 0, "104->105": 0, "105->104": 0, "105->106": 0, "106->105": 0, "104->107": 0, "107->104": 0, "107->108": 0, "108->107": 0, "104->109": 0, "109->104": 0, "95->110": 0, "110->95": 0, "95->111": 0, "111->95": 0, "95->112": 0, "112->95": 0, "95->113": 0, "113->95": 0, "113->114": 0, "114->113": 0, "114->115": 0, "115->114": 0, "114->116": 0, "116->114": 0, "116->117": 0, "117->116": 0, "117->118": 0, "118->117": 0, "117->119": 0, "119->117": 0, "119->120": 0, "120->119": 0, "120->121": 0, "121->120": 0, "116->122": 0, "122->116": 0, "122->123": 0, "123->122": 0, "116->124": 0, "124->116": 0, "124->125": 0, "125->124": 0, "125->126": 0, "126->125": 0, "124->127": 0, "127->124": 0, "127->128": 0, "128->127": 0, "124->129": 0, "129->124": 0, "129->130": 0, "130->129": 0, "124->131": 0, "131->124": 0, "124->132": 0, "132->124": 0, "132->133": 0, "133->132": 0, "133->134": 0, "134->133": 0, "132->135": 0, "135->132": 0, "124->136": 0, "136->124": 0, "124->137": 0, "137->124": 0, "137->138": 0, "138->137": 0, "138->139": 0, "139->138": 0, "139->140": 0, "140->139": 0, "139->141": 0, "141->139": 0, "141->142": 0, "142->141": 0, "141->143": 0, "143->141": 0, "139->144": 0, "144->139": 0, "144->145": 0, "145->144": 0, "139->146": 0, "146->139": 0, "146->147": 0, "147->146": 0, "146->148": 0, "148->146": 0, "139->149": 0, "149->139": 0, "137->150": 0, "150->137": 0, "150->151": 0, "151->150": 0, "151->152": 0, "152->151": 0, "151->153": 0, "153->151": 0, "150->154": 0, "154->150": 0, "154->155": 0, "155->154": 0, "155->156": 0, "156->155": 0, "156->157": 0, "157->156": 0, "155->158": 0, "158->155": 0, "158->159": 0, "159->158": 0, "124->160": 0, "160->124": 0, "160->161": 0, "161->160": 0, "161->162": 0, "162->161": 0, "114->163": 0, "163->114": 0, "0->164": 0, "164->0": 0, "164->165": 0, "165->164": 0, "165->166": 0, "166->165": 0, "165->167": 0, "167->165": 0, "164->168": 0, "168->164": 0, "164->169": 0, "169->164": 0, "169->170": 0, "170->169": 0, "170->171": 0, "171->170": 0, "169->172": 0, "172->169": 0, "164->173": 0, "173->164": 0, "173->174": 0, "174->173": 0, "174->175": 0, "175->174": 0, "173->176": 0, "176->173": 0, "164->177": 0, "177->164": 0, "177->178": 0, "178->177": 0, "178->179": 0, "179->178": 0, "177->180": 0, "180->177": 0, "164->181": 0, "181->164": 0, "164->182": 0, "182->164": 0, "164->183": 0, "183->164": 0, "183->184": 0, "184->183": 0, "184->185": 0, "185->184": 0, "183->186": 0, "186->183": 0, "186->187": 0, "187->186": 0, "186->188": 0, "188->186": 0, "188->189": 0, "189->188": 0, "188->190": 0, "190->188": 0, "190->191": 0, "191->190": 0, "188->192": 0, "192->188": 0, "164->193": 0, "193->164": 0, "193->194": 0, "194->193": 0, "194->195": 0, "195->194": 0, "193->196": 0, "196->193": 0, "196->197": 0, "197->196": 0, "196->198": 0, "198->196": 0, "198->199": 0, "199->198": 0, "164->200": 0, "200->164": 0, "200->201": 0, "201->200": 0, "201->202": 0, "202->201": 0, "202->203": 0, "203->202": 0, "201->204": 0, "204->201": 0, "204->205": 0, "205->204": 0, "204->206": 0, "206->204": 0, "206->207": 0, "207->206": 0, "206->208": 0, "208->206": 0, "208->209": 0, "209->208": 0, "206->210": 0, "210->206": 0, "200->211": 0, "211->200": 0, "211->212": 0, "212->211": 0, "212->213": 0, "213->212": 0, "212->214": 0, "214->212": 0, "214->215": 0, "215->214": 0, "212->216": 0, "216->212": 0, "216->217": 0, "217->216": 0, "212->218": 0, "218->212": 0, "200->219": 0, "219->200": 0, "219->220": 0, "220->219": 0, "220->221": 0, "221->220": 0, "219->222": 0, "222->219": 0, "222->223": 0, "223->222": 0, "222->224": 0, "224->222": 0, "224->225": 0, "225->224": 0, "224->226": 0, "226->224": 0, "226->227": 0, "227->226": 0, "224->228": 0, "228->224": 0, "228->229": 0, "229->228": 0, "224->230": 0, "230->224": 0, "200->231": 0, "231->200": 0, "231->232": 0, "232->231": 0, "232->233": 0, "233->232": 0, "231->234": 0, "234->231": 0, "234->235": 0, "235->234": 0, "234->236": 0, "236->234": 0, "236->237": 0, "237->236": 0, "236->238": 0, "238->236": 0, "238->239": 0, "239->238": 0, "236->240": 0, "240->236": 0, "240->241": 0, "241->240": 0, "240->242": 0, "242->240": 0, "200->243": 0, "243->200": 0, "243->244": 0, "244->243": 0, "244->245": 0, "245->244": 0, "244->246": 0, "246->244": 0, "246->247": 0, "247->246": 0, "246->248": 0, "248->246": 0, "244->249": 0, "249->244": 0, "249->250": 0, "250->249": 0, "243->251": 0, "251->243": 0, "251->252": 0, "252->251": 0, "252->253": 0, "253->252": 0, "253->254": 0, "254->253": 0, "254->255": 0, "255->254": 0, "253->256": 0, "256->253": 0, "256->257": 0, "257->256": 0, "256->258": 0, "258->256": 0, "258->259": 0, "259->258": 0, "258->260": 0, "260->258": 0, "260->261": 0, "261->260": 0, "260->262": 0, "262->260": 0, "258->263": 0, "263->258": 0, "252->264": 0, "264->252": 0, "264->265": 0, "265->264": 0, "265->266": 0, "266->265": 0, "265->267": 0, "267->265": 0, "267->268": 0, "268->267": 0, "265->269": 0, "269->265": 0, "269->270": 0, "270->269": 0, "264->271": 0, "271->264": 0, "271->272": 0, "272->271": 0, "272->273": 0, "273->272": 0, "273->274": 0, "274->273": 0, "252->275": 0, "275->252": 0, "275->276": 0, "276->275": 0, "276->277": 0, "277->276": 0, "276->278": 0, "278->276": 0, "275->279": 0, "279->275": 0, "279->280": 0, "280->279": 0, "280->281": 0, "281->280": 0, "281->282": 0, "282->281": 0, "280->283": 0, "283->280": 0, "283->284": 0, "284->283": 0, "280->285": 0, "285->280": 0, "275->286": 0, "286->275": 0, "251->287": 0, "287->251": 0, "287->288": 0, "288->287": 0, "288->289": 0, "289->288": 0, "288->290": 0, "290->288": 0, "290->291": 0, "291->290": 0, "288->292": 0, "292->288": 0, "200->293": 0, "293->200": 0, "293->294": 0, "294->293": 0, "294->295": 0, "295->294": 0, "295->296": 0, "296->295": 0, "294->297": 0, "297->294": 0, "297->298": 0, "298->297": 0, "297->299": 0, "299->297": 0, "299->300": 0, "300->299": 0, "299->301": 0, "301->299": 0, "301->302": 0, "302->301": 0, "301->303": 0, "303->301": 0, "303->304": 0, "304->303": 0, "303->305": 0, "305->303": 0, "305->306": 0, "306->305": 0, "303->307": 0, "307->303": 0, "307->308": 0, "308->307": 0, "301->309": 0, "309->301": 0, "309->310": 0, "310->309": 0, "299->311": 0, "311->299": 0, "311->312": 0, "312->311": 0, "297->313": 0, "313->297": 0, "313->314": 0, "314->313": 0, "200->315": 0, "315->200": 0, "315->316": 0, "316->315": 0, "316->317": 0, "317->316": 0, "317->318": 0, "318->317": 0, "317->319": 0, "319->317": 0, "315->320": 0, "320->315": 0, "320->321": 0, "321->320": 0, "321->322": 0, "322->321": 0, "321->323": 0, "323->321": 0, "320->324": 0, "324->320": 0, "324->325": 0, "325->324": 0, "325->326": 0, "326->325": 0, "324->327": 0, "327->324": 0, "327->328": 0, "328->327": 0, "328->329": 0, "329->328": 0, "329->330": 0, "330->329": 0, "1->3": 1, "3->1": 12, "3->4": 1, "4->3": 12, "4->63": 1, "63->4": 12, "63->95": 1, "95->63": 12, "95->164": 1, "164->95": 12, "5->8": 1, "8->5": 12, "8->9": 1, "9->8": 12, "9->13": 1, "13->9": 12, "13->17": 1, "17->13": 12, "17->24": 1, "24->17": 12, "24->25": 2, "25->24": 3, "25->26": 2, "26->25": 3, "26->27": 1, "27->26": 12, "27->37": 1, "37->27": 12, "37->56": 1, "56->37": 12, "6->7": 2, "7->6": 3, "10->12": 1, "12->10": 12, "14->16": 1, "16->14": 12, "18->23": 1, "23->18": 12, "19->20": 1, "20->19": 12, "28->30": 1, "30->28": 12, "31->32": 1, "32->31": 12, "33->35": 1, "35->33": 12, "38->46": 9, "46->38": 9, "39->44": 1, "44->39": 12, "40->42": 1, "42->40": 12, "49->51": 1, "51->49": 12, "51->53": 1, "53->51": 12, "53->55": 1, "55->53": 12, "58->60": 1, "60->58": 12, "60->62": 1, "62->60": 12, "64->67": 1, "67->64": 12, "67->68": 1, "68->67": 12, "68->72": 1, "72->68": 12, "72->76": 1, "76->72": 12, "76->77": 2, "77->76": 3, "77->78": 1, "78->77": 12, "78->88": 1, "88->78": 12, "65->66": 2, "66->65": 3, "69->71": 1, "71->69": 12, "73->75": 1, "75->73": 12, "79->81": 1, "81->79": 12, "82->83": 1, "83->82": 12, "84->86": 1, "86->84": 12, "90->92": 1, "92->90": 12, "92->94": 1, "94->92": 12, "96->99": 1, "99->96": 12, "99->100": 1, "100->99": 12, "100->104": 1, "104->100": 12, "104->110": 1, "110->104": 12, "110->111": 2, "111->110": 3, "111->112": 2, "112->111": 3, "112->113": 1, "113->112": 12, "97->98": 2, "98->97": 3, "101->103": 1, "103->101": 12, "105->107": 1, "107->105": 12, "107->109": 1, "109->107": 12, "115->116": 1, "116->115": 12, "116->163": 1, "163->116": 12, "117->122": 1, "122->117": 12, "122->124": 1, "124->122": 12, "118->119": 1, "119->118": 12, "125->127": 1, "127->125": 12, "127->129": 1, "129->127": 12, "129->131": 1, "131->129": 12, "131->132": 1, "132->131": 12, "132->136": 1, "136->132": 12, "136->137": 1, "137->136": 12, "137->160": 1, "160->137": 12, "133->135": 1, "135->133": 12, "138->150": 1, "150->138": 12, "140->141": 1, "141->140": 12, "141->144": 1, "144->141": 12, "144->146": 1, "146->144": 12, "146->149": 1, "149->146": 12, "142->143": 2, "143->142": 3, "147->148": 2, "148->147": 3, "151->154": 1, "154->151": 12, "152->153": 2, "153->152": 3, "156->158": 1, "158->156": 12, "165->168": 1, "168->165": 12, "168->169": 1, "169->168": 12, "169->173": 1, "173->169": 12, "173->177": 1, "177->173": 12, "177->181": 1, "181->177": 12, "181->182": 2, "182->181": 3, "182->183": 1, "183->182": 12, "183->193": 1, "193->183": 12, "193->200": 1, "200->193": 12, "166->167": 2, "167->166": 3, "170->172": 1, "172->170": 12, "174->176": 1, "176->174": 12, "178->180": 1, "180->178": 12, "184->186": 1, "186->184": 12, "187->188": 1, "188->187": 12, "189->190": 1, "190->189": 12, "190->192": 1, "192->190": 12, "194->196": 1, "196->194": 12, "197->198": 1, "198->197": 12, "201->211": 1, "211->201": 12, "211->219": 1, "219->211": 12, "219->231": 1, "231->219": 12, "231->243": 1, "243->231": 12, "243->293": 1, "293->243": 12, "293->315": 1, "315->293": 12, "202->204": 1, "204->202": 12, "205->206": 1, "206->205": 12, "207->208": 1, "208->207": 12, "208->210": 1, "210->208": 12, "213->214": 1, "214->213": 12, "214->216": 1, "216->214": 12, "216->218": 1, "218->216": 12, "220->222": 1, "222->220": 12, "223->224": 1, "224->223": 12, "225->226": 1, "226->225": 12, "226->228": 1, "228->226": 12, "228->230": 1, "230->228": 12, "232->234": 1, "234->232": 12, "235->236": 1, "236->235": 12, "237->238": 1, "238->237": 12, "238->240": 1, "240->238": 12, "241->242": 2, "242->241": 3, "244->251": 8, "251->244": 8, "245->246": 1, "246->245": 12, "246->249": 1, "249->246": 12, "247->248": 2, "248->247": 3, "252->287": 10, "287->252": 11, "253->264": 1, "264->253": 12, "264->275": 1, "275->264": 12, "254->256": 1, "256->254": 12, "257->258": 1, "258->257": 12, "259->260": 1, "260->259": 12, "260->263": 1, "263->260": 12, "261->262": 2, "262->261": 3, "265->271": 6, "271->265": 6, "266->267": 1, "267->266": 12, "267->269": 1, "269->267": 12, "276->279": 1, "279->276": 12, "279->286": 1, "286->279": 12, "277->278": 2, "278->277": 3, "281->283": 1, "283->281": 12, "283->285": 1, "285->283": 12, "289->290": 1, "290->289": 12, "290->292": 1, "292->290": 12, "295->297": 1, "297->295": 12, "298->299": 1, "299->298": 12, "299->313": 1, "313->299": 12, "300->301": 1, "301->300": 12, "301->311": 1, "311->301": 12, "302->303": 1, "303->302": 12, "303->309": 1, "309->303": 12, "304->305": 1, "305->304": 12, "305->307": 1, "307->305": 12, "316->320": 1, "320->316": 12, "318->319": 2, "319->318": 3, "321->324": 1, "324->321": 12, "322->323": 2, "323->322": 3, "325->327": 6, "327->325": 6, "2->3": 2, "3->2": 3, "3->6": 2, "6->3": 3, "7->8": 2, "8->7": 3, "8->11": 2, "11->8": 3, "11->12": 2, "12->11": 3, "12->15": 2, "15->12": 3, "15->16": 2, "16->15": 3, "16->19": 2, "19->16": 3, "19->22": 2, "22->19": 3, "22->23": 2, "23->22": 3, "23->24": 2, "24->23": 3, "26->29": 2, "29->26": 3, "29->31": 2, "31->29": 3, "31->34": 2, "34->31": 3, "34->36": 2, "36->34": 3, "36->41": 2, "41->36": 3, "41->43": 2, "43->41": 3, "43->45": 2, "45->43": 3, "45->50": 2, "50->45": 3, "50->52": 2, "52->50": 3, "52->54": 2, "54->52": 3, "54->55": 2, "55->54": 3, "55->59": 2, "59->55": 3, "59->61": 2, "61->59": 3, "61->62": 2, "62->61": 3, "62->65": 2, "65->62": 3, "66->67": 2, "67->66": 3, "67->70": 2, "70->67": 3, "70->71": 2, "71->70": 3, "71->74": 2, "74->71": 3, "74->75": 2, "75->74": 3, "75->76": 2, "76->75": 3, "77->80": 2, "80->77": 3, "80->82": 2, "82->80": 3, "82->85": 2, "85->82": 3, "85->87": 2, "87->85": 3, "87->91": 2, "91->87": 3, "91->93": 2, "93->91": 3, "93->94": 2, "94->93": 3, "94->97": 2, "97->94": 3, "98->99": 2, "99->98": 3, "99->102": 2, "102->99": 3, "102->103": 2, "103->102": 3, "103->106": 2, "106->103": 3, "106->108": 2, "108->106": 3, "108->109": 2, "109->108": 3, "109->110": 2, "110->109": 3, "112->115": 2, "115->112": 3, "115->118": 2, "118->115": 3, "118->121": 2, "121->118": 3, "121->123": 2, "123->121": 3, "123->126": 2, "126->123": 3, "126->128": 2, "128->126": 3, "128->130": 2, "130->128": 3, "130->131": 2, "131->130": 3, "131->134": 2, "134->131": 3, "134->135": 2, "135->134": 3, "135->136": 2, "136->135": 3, "136->140": 2, "140->136": 3, "140->142": 2, "142->140": 3, "143->145": 2, "145->143": 3, "145->147": 2, "147->145": 3, "148->149": 2, "149->148": 3, "149->152": 2, "152->149": 3, "153->157": 2, "157->153": 3, "157->159": 2, "159->157": 3, "159->162": 2, "162->159": 3, "162->163": 2, "163->162": 3, "163->166": 2, "166->163": 3, "167->168": 2, "168->167": 3, "168->171": 2, "171->168": 3, "171->172": 2, "172->171": 3, "172->175": 2, "175->172": 3, "175->176": 2, "176->175": 3, "176->179": 2, "179->176": 3, "179->180": 2, "180->179": 3, "180->181": 2, "181->180": 3, "182->185": 2, "185->182": 3, "185->187": 2, "187->185": 3, "187->189": 2, "189->187": 3, "189->191": 2, "191->189": 3, "191->192": 2, "192->191": 3, "192->195": 2, "195->192": 3, "195->197": 2, "197->195": 3, "197->199": 2, "199->197": 3, "199->203": 2, "203->199": 3, "203->205": 2, "205->203": 3, "205->207": 2, "207->205": 3, "207->209": 2, "209->207": 3, "209->210": 2, "210->209": 3, "210->213": 2, "213->210": 3, "213->215": 2, "215->213": 3, "215->217": 2, "217->215": 3, "217->218": 2, "218->217": 3, "218->221": 2, "221->218": 3, "221->223": 2, "223->221": 3, "223->225": 2, "225->223": 3, "225->227": 2, "227->225": 3, "227->229": 2, "229->227": 3, "229->230": 2, "230->229": 3, "230->233": 2, "233->230": 3, "233->235": 2, "235->233": 3, "235->237": 2, "237->235": 3, "237->239": 2, "239->237": 3, "239->241": 2, "241->239": 3, "242->245": 2, "245->242": 3, "245->247": 2, "247->245": 3, "248->250": 2, "250->248": 3, "250->255": 2, "255->250": 3, "255->257": 2, "257->255": 3, "257->259": 2, "259->257": 3, "259->261": 2, "261->259": 3, "262->263": 2, "263->262": 3, "263->266": 2, "266->263": 3, "266->268": 2, "268->266": 3, "268->270": 2, "270->268": 3, "270->274": 2, "274->270": 3, "274->277": 2, "277->274": 3, "278->282": 2, "282->278": 3, "282->284": 2, "284->282": 3, "284->285": 2, "285->284": 3, "285->286": 2, "286->285": 3, "286->289": 2, "289->286": 3, "289->291": 2, "291->289": 3, "291->292": 2, "292->291": 3, "292->296": 2, "296->292": 3, "296->298": 2, "298->296": 3, "298->300": 2, "300->298": 3, "300->302": 2, "302->300": 3, "302->304": 2, "304->302": 3, "304->306": 2, "306->304": 3, "306->308": 2, "308->306": 3, "308->310": 2, "310->308": 3, "310->312": 2, "312->310": 3, "312->314": 2, "314->312": 3, "314->318": 2, "318->314": 3, "319->322": 2, "322->319": 3, "323->326": 2, "326->323": 3, "326->330": 2, "330->326": 3, "36->87": 4, "87->36": 5, "87->145": 4, "145->87": 5, "145->215": 4, "215->145": 5, "215->308": 4, "308->215": 5, "50->59": 4, "59->50": 5, "59->91": 4, "91->59": 5, "91->123": 4, "123->91": 5, "123->191": 4, "191->123": 5, "52->209": 4, "209->52": 5, "54->61": 4, "61->54": 5, "61->93": 4, "93->61": 5, "239->314": 4, "314->239": 5, "282->326": 4, "326->282": 5}, "metrics": [0.0, 0.0, 5.0, 3.0, 75.0, 9.0, 0.0, 0.0, -1.0, 2.0, 8.0]}