{"nodelist": ["ClassDeclaration", "{'public'}", "public", "Annotation", "SuppressWarnings", "Literal", "\"serial\"", "Annotation", "InterfaceAudience.Private", "Annotation", "InterfaceStability.Stable", "YouAreDeadException", "ConstructorDeclaration", "{'public'}", "public", "YouAreDeadException", "FormalParameter", "ReferenceType", "String", "message", "StatementExpression", "SuperConstructorInvocation", "MemberReference", "message", "ReferenceType", "IOException"], "nodes": {"0": "ClassDeclaration", "1": "Modifier", "2": "public", "3": "Annotation", "4": "SuppressWarnings", "5": "Literal", "6": "\"serial\"", "7": "Annotation", "8": "InterfaceAudience.Private", "9": "Annotation", "10": "InterfaceStability.Stable", "11": "YouAreDeadException", "12": "ConstructorDeclaration", "13": "Modifier", "14": "public", "15": "YouAreDeadException", "16": "FormalParameter", "17": "ReferenceType", "18": "String", "19": "message", "20": "StatementExpression", "21": "SuperConstructorInvocation", "22": "MemberReference", "23": "message", "24": "ReferenceType", "25": "IOException"}, "edges": {"0->1": 0, "1->0": 0, "1->2": 0, "2->1": 0, "0->3": 0, "3->0": 0, "3->4": 0, "4->3": 0, "3->5": 0, "5->3": 0, "5->6": 0, "6->5": 0, "0->7": 0, "7->0": 0, "7->8": 0, "8->7": 0, "0->9": 0, "9->0": 0, "9->10": 0, "10->9": 0, "0->11": 0, "11->0": 0, "0->12": 0, "12->0": 0, "12->13": 0, "13->12": 0, "13->14": 0, "14->13": 0, "12->15": 0, "15->12": 0, "12->16": 0, "16->12": 0, "16->17": 0, "17->16": 0, "17->18": 0, "18->17": 0, "16->19": 0, "19->16": 0, "12->20": 0, "20->12": 0, "20->21": 0, "21->20": 0, "21->22": 0, "22->21": 0, "22->23": 0, "23->22": 0, "0->24": 0, "24->0": 0, "24->25": 0, "25->24": 0, "1->3": 1, "3->1": 12, "3->7": 1, "7->3": 12, "7->9": 1, "9->7": 12, "9->11": 1, "11->9": 12, "11->12": 1, "12->11": 12, "12->24": 1, "24->12": 12, "4->5": 1, "5->4": 12, "13->15": 1, "15->13": 12, "15->16": 1, "16->15": 12, "16->20": 1, "20->16": 12, "17->19": 1, "19->17": 12, "2->4": 2, "4->2": 3, "4->6": 2, "6->4": 3, "6->8": 2, "8->6": 3, "8->10": 2, "10->8": 3, "10->11": 2, "11->10": 3, "11->14": 2, "14->11": 3, "14->15": 2, "15->14": 3, "15->18": 2, "18->15": 3, "18->19": 2, "19->18": 3, "19->23": 2, "23->19": 3, "23->25": 2, "25->23": 3}, "metrics": [0.0, 0.0, 1.0, 1.0, 8.0, 1.0, 0.0, 0.0, -1.0, 1.0, 0.0]}