{"nodelist": ["ClassDeclaration", "{'public', 'static'}", "public", "static", "CustomRegionServerObserver", "FieldDeclaration", "{'private'}", "private", "ReferenceType", "Counter", "VariableDeclarator", "rollWALCounter", "MethodDeclaration", "{'public'}", "public", "Annotation", "Override", "postRollWALWriterRequest", "FormalParameter", "ReferenceType", "ObserverContext", "TypeArgument", "ReferenceType", "RegionServerCoprocessorEnvironment", "ctx", "IOException", "StatementExpression", "MethodInvocation", "rollWALCounter", "increment", "StatementExpression", "SuperMethodInvocation", "MemberReference", "ctx", "postRollWALWriterRequest", "MethodDeclaration", "{'public'}", "public", "Annotation", "Override", "start", "FormalParameter", "ReferenceType", "CoprocessorEnvironment", "env", "IOException", "StatementExpression", "SuperMethodInvocation", "MemberReference", "env", "start", "IfStatement", "BinaryOperation", "instanceof", "MemberReference", "env", "ReferenceType", "RegionServerCoprocessorEnvironment", "BlockStatement", "LocalVariableDeclaration", "ReferenceType", "MetricRegistry", "VariableDeclarator", "registry", "Cast", "ReferenceType", "RegionServerCoprocessorEnvironment", "MemberReference", "env", "IfStatement", "BinaryOperation", "==", "MemberReference", "rollWALCounter", "Literal", "null", "BlockStatement", "StatementExpression", "Assignment", "MemberReference", "rollWALCounter", "MethodInvocation", "registry", "Literal", "\"rollWALRequests\"", "counter", "=", "ReferenceType", "BaseRegionServerObserver"], "nodes": {"0": "ClassDeclaration", "1": "Modifier", "2": "public", "3": "static", "4": "CustomRegionServerObserver", "5": "FieldDeclaration", "6": "Modifier", "7": "private", "8": "ReferenceType", "9": "Counter", "10": "VariableDeclarator", "11": "rollWALCounter", "12": "MethodDeclaration", "13": "Modifier", "14": "public", "15": "Annotation", "16": "Override", "17": "postRollWALWriterRequest", "18": "FormalParameter", "19": "ReferenceType", "20": "ObserverContext", "21": "TypeArgument", "22": "ReferenceType", "23": "RegionServerCoprocessorEnvironment", "24": "ctx", "25": "IOException", "26": "StatementExpression", "27": "MethodInvocation", "28": "rollWALCounter", "29": "increment", "30": "StatementExpression", "31": "SuperMethodInvocation", "32": "MemberReference", "33": "ctx", "34": "postRollWALWriterRequest", "35": "MethodDeclaration", "36": "Modifier", "37": "public", "38": "Annotation", "39": "Override", "40": "start", "41": "FormalParameter", "42": "ReferenceType", "43": "CoprocessorEnvironment", "44": "env", "45": "IOException", "46": "StatementExpression", "47": "SuperMethodInvocation", "48": "MemberReference", "49": "env", "50": "start", "51": "IfStatement", "52": "BinaryOperation", "53": "instanceof", "54": "MemberReference", "55": "env", "56": "ReferenceType", "57": "RegionServerCoprocessorEnvironment", "58": "BlockStatement", "59": "LocalVariableDeclaration", "60": "ReferenceType", "61": "MetricRegistry", "62": "VariableDeclarator", "63": "registry", "64": "Cast", "65": "ReferenceType", "66": "RegionServerCoprocessorEnvironment", "67": "MemberReference", "68": "env", "69": "IfStatement", "70": "BinaryOperation", "71": "==", "72": "MemberReference", "73": "rollWALCounter", "74": "Literal", "75": "null", "76": "BlockStatement", "77": "StatementExpression", "78": "Assignment", "79": "MemberReference", "80": "rollWALCounter", "81": "MethodInvocation", "82": "registry", "83": "Literal", "84": "\"rollWALRequests\"", "85": "counter", "86": "=", "87": "ReferenceType", "88": "BaseRegionServerObserver"}, "edges": {"0->1": 0, "1->0": 0, "1->2": 0, "2->1": 0, "1->3": 0, "3->1": 0, "0->4": 0, "4->0": 0, "0->5": 0, "5->0": 0, "5->6": 0, "6->5": 0, "6->7": 0, "7->6": 0, "5->8": 0, "8->5": 0, "8->9": 0, "9->8": 0, "5->10": 0, "10->5": 0, "10->11": 0, "11->10": 0, "0->12": 0, "12->0": 0, "12->13": 0, "13->12": 0, "13->14": 0, "14->13": 0, "12->15": 0, "15->12": 0, "15->16": 0, "16->15": 0, "12->17": 0, "17->12": 0, "12->18": 0, "18->12": 0, "18->19": 0, "19->18": 0, "19->20": 0, "20->19": 0, "19->21": 0, "21->19": 0, "21->22": 0, "22->21": 0, "22->23": 0, "23->22": 0, "18->24": 0, "24->18": 0, "12->25": 0, "25->12": 0, "12->26": 0, "26->12": 0, "26->27": 0, "27->26": 0, "27->28": 0, "28->27": 0, "27->29": 0, "29->27": 0, "12->30": 0, "30->12": 0, "30->31": 0, "31->30": 0, "31->32": 0, "32->31": 0, "32->33": 0, "33->32": 0, "31->34": 0, "34->31": 0, "0->35": 0, "35->0": 0, "35->36": 0, "36->35": 0, "36->37": 0, "37->36": 0, "35->38": 0, "38->35": 0, "38->39": 0, "39->38": 0, "35->40": 0, "40->35": 0, "35->41": 0, "41->35": 0, "41->42": 0, "42->41": 0, "42->43": 0, "43->42": 0, "41->44": 0, "44->41": 0, "35->45": 0, "45->35": 0, "35->46": 0, "46->35": 0, "46->47": 0, "47->46": 0, "47->48": 0, "48->47": 0, "48->49": 0, "49->48": 0, "47->50": 0, "50->47": 0, "35->51": 0, "51->35": 0, "51->52": 0, "52->51": 0, "52->53": 0, "53->52": 0, "52->54": 0, "54->52": 0, "54->55": 0, "55->54": 0, "52->56": 0, "56->52": 0, "56->57": 0, "57->56": 0, "51->58": 0, "58->51": 0, "58->59": 0, "59->58": 0, "59->60": 0, "60->59": 0, "60->61": 0, "61->60": 0, "59->62": 0, "62->59": 0, "62->63": 0, "63->62": 0, "62->64": 0, "64->62": 0, "64->65": 0, "65->64": 0, "65->66": 0, "66->65": 0, "64->67": 0, "67->64": 0, "67->68": 0, "68->67": 0, "58->69": 0, "69->58": 0, "69->70": 0, "70->69": 0, "70->71": 0, "71->70": 0, "70->72": 0, "72->70": 0, "72->73": 0, "73->72": 0, "70->74": 0, "74->70": 0, "74->75": 0, "75->74": 0, "69->76": 0, "76->69": 0, "76->77": 0, "77->76": 0, "77->78": 0, "78->77": 0, "78->79": 0, "79->78": 0, "79->80": 0, "80->79": 0, "78->81": 0, "81->78": 0, "81->82": 0, "82->81": 0, "81->83": 0, "83->81": 0, "83->84": 0, "84->83": 0, "81->85": 0, "85->81": 0, "78->86": 0, "86->78": 0, "0->87": 0, "87->0": 0, "87->88": 0, "88->87": 0, "1->4": 1, "4->1": 12, "4->5": 1, "5->4": 12, "5->12": 1, "12->5": 12, "12->35": 1, "35->12": 12, "35->87": 1, "87->35": 12, "2->3": 2, "3->2": 3, "6->8": 1, "8->6": 12, "8->10": 1, "10->8": 12, "13->15": 1, "15->13": 12, "15->17": 1, "17->15": 12, "17->18": 1, "18->17": 12, "18->25": 1, "25->18": 12, "25->26": 1, "26->25": 12, "26->30": 1, "30->26": 12, "19->24": 1, "24->19": 12, "20->21": 1, "21->20": 12, "28->29": 2, "29->28": 3, "32->34": 1, "34->32": 12, "36->38": 1, "38->36": 12, "38->40": 1, "40->38": 12, "40->41": 1, "41->40": 12, "41->45": 1, "45->41": 12, "45->46": 1, "46->45": 12, "46->51": 1, "51->46": 12, "42->44": 1, "44->42": 12, "48->50": 1, "50->48": 12, "52->58": 6, "58->52": 6, "53->54": 1, "54->53": 12, "54->56": 1, "56->54": 12, "59->69": 10, "69->59": 11, "60->62": 1, "62->60": 12, "63->64": 1, "64->63": 12, "65->67": 1, "67->65": 12, "70->76": 6, "76->70": 6, "71->72": 1, "72->71": 12, "72->74": 1, "74->72": 12, "79->81": 1, "81->79": 12, "81->86": 1, "86->81": 12, "82->83": 1, "83->82": 12, "83->85": 1, "85->83": 12, "3->4": 2, "4->3": 3, "4->7": 2, "7->4": 3, "7->9": 2, "9->7": 3, "9->11": 2, "11->9": 3, "11->14": 2, "14->11": 3, "14->16": 2, "16->14": 3, "16->17": 2, "17->16": 3, "17->20": 2, "20->17": 3, "20->23": 2, "23->20": 3, "23->24": 2, "24->23": 3, "24->25": 2, "25->24": 3, "25->28": 2, "28->25": 3, "29->33": 2, "33->29": 3, "33->34": 2, "34->33": 3, "34->37": 2, "37->34": 3, "37->39": 2, "39->37": 3, "39->40": 2, "40->39": 3, "40->43": 2, "43->40": 3, "43->44": 2, "44->43": 3, "44->45": 2, "45->44": 3, "45->49": 2, "49->45": 3, "49->50": 2, "50->49": 3, "50->53": 2, "53->50": 3, "53->55": 2, "55->53": 3, "55->57": 2, "57->55": 3, "57->61": 2, "61->57": 3, "61->63": 2, "63->61": 3, "63->66": 2, "66->63": 3, "66->68": 2, "68->66": 3, "68->71": 2, "71->68": 3, "71->73": 2, "73->71": 3, "73->75": 2, "75->73": 3, "75->80": 2, "80->75": 3, "80->82": 2, "82->80": 3, "82->84": 2, "84->82": 3, "84->85": 2, "85->84": 3, "85->86": 2, "86->85": 3, "86->88": 2, "88->86": 3, "49->55": 4, "55->49": 5, "55->68": 4, "68->55": 5, "73->80": 4, "80->73": 5}, "metrics": [1.0, 0.0, 2.0, 2.0, 22.0, 4.0, 0.0, 2.0, 0.0, 1.0, 4.0]}