{"nodelist": ["ClassDeclaration", "{'public'}", "public", "Annotation", "InterfaceAudience.Private", "MemStoreMergerSegmentsIterator", "FieldDeclaration", "{'private'}", "private", "ReferenceType", "KeyValueHeap", "VariableDeclarator", "heap", "Literal", "null", "FieldDeclaration", "ReferenceType", "List", "TypeArgument", "ReferenceType", "KeyValueScanner", "VariableDeclarator", "scanners", "ClassCreator", "ReferenceType", "ArrayList", "TypeArgument", "ReferenceType", "KeyValueScanner", "FieldDeclaration", "{'private'}", "private", "BasicType", "boolean", "VariableDeclarator", "closed", "Literal", "false", "ConstructorDeclaration", "{'public'}", "public", "MemStoreMergerSegmentsIterator", "FormalParameter", "ReferenceType", "List", "TypeArgument", "ReferenceType", "ImmutableSegment", "segments", "FormalParameter", "ReferenceType", "CellComparator", "comparator", "FormalParameter", "BasicType", "int", "compactionKVMax", "IOException", "StatementExpression", "SuperConstructorInvocation", "MemberReference", "compactionKVMax", "StatementExpression", "MethodInvocation", "AbstractMemStore", "MemberReference", "segments", "MemberReference", "Integer", "MAX_VALUE", "MemberReference", "scanners", "addToScanners", "StatementExpression", "Assignment", "MemberReference", "heap", "ClassCreator", "ReferenceType", "KeyValueHeap", "MemberReference", "scanners", "MemberReference", "comparator", "=", "MethodDeclaration", "{'public'}", "public", "Annotation", "Override", "BasicType", "boolean", "hasNext", "IfStatement", "MemberReference", "closed", "BlockStatement", "ReturnStatement", "Literal", "false", "IfStatement", "BinaryOperation", "!=", "This", "MemberReference", "heap", "Literal", "null", "BlockStatement", "ReturnStatement", "BinaryOperation", "!=", "This", "MemberReference", "heap", "MethodInvocation", "peek", "Literal", "null", "ReturnStatement", "Literal", "false", "MethodDeclaration", "{'public'}", "public", "Annotation", "Override", "ReferenceType", "Cell", "next", "TryStatement", "IfStatement", "BinaryOperation", "&&", "MemberReference", "!", "closed", "BinaryOperation", "!=", "MemberReference", "heap", "Literal", "null", "BlockStatement", "ReturnStatement", "MethodInvocation", "heap", "next", "CatchClause", "CatchClauseParameter", "IOException", "ie", "ThrowStatement", "ClassCreator", "ReferenceType", "IllegalStateException", "MemberReference", "ie", "ReturnStatement", "Literal", "null", "MethodDeclaration", "{'public'}", "public", "Annotation", "Override", "close", "IfStatement", "MemberReference", "closed", "BlockStatement", "ReturnStatement", "IfStatement", "BinaryOperation", "!=", "MemberReference", "heap", "Literal", "null", "BlockStatement", "StatementExpression", "MethodInvocation", "heap", "close", "StatementExpression", "Assignment", "MemberReference", "heap", "Literal", "null", "=", "BlockStatement", "ForStatement", "EnhancedForControl", "VariableDeclaration", "ReferenceType", "KeyValueScanner", "VariableDeclarator", "scanner", "MemberReference", "scanners", "BlockStatement", "StatementExpression", "MethodInvocation", "scanner", "close", "StatementExpression", "Assignment", "MemberReference", "closed", "Literal", "true", "=", "MethodDeclaration", "{'public'}", "public", "Annotation", "Override", "remove", "ThrowStatement", "ClassCreator", "ReferenceType", "UnsupportedOperationException", "ReferenceType", "MemStoreSegmentsIterator"], "nodes": {"0": "ClassDeclaration", "1": "Modifier", "2": "public", "3": "Annotation", "4": "InterfaceAudience.Private", "5": "MemStoreMergerSegmentsIterator", "6": "FieldDeclaration", "7": "Modifier", "8": "private", "9": "ReferenceType", "10": "KeyValueHeap", "11": "VariableDeclarator", "12": "heap", "13": "Literal", "14": "null", "15": "FieldDeclaration", "16": "ReferenceType", "17": "List", "18": "TypeArgument", "19": "ReferenceType", "20": "KeyValueScanner", "21": "VariableDeclarator", "22": "scanners", "23": "ClassCreator", "24": "ReferenceType", "25": "ArrayList", "26": "TypeArgument", "27": "ReferenceType", "28": "KeyValueScanner", "29": "FieldDeclaration", "30": "Modifier", "31": "private", "32": "BasicType", "33": "boolean", "34": "VariableDeclarator", "35": "closed", "36": "Literal", "37": "false", "38": "ConstructorDeclaration", "39": "Modifier", "40": "public", "41": "MemStoreMergerSegmentsIterator", "42": "FormalParameter", "43": "ReferenceType", "44": "List", "45": "TypeArgument", "46": "ReferenceType", "47": "ImmutableSegment", "48": "segments", "49": "FormalParameter", "50": "ReferenceType", "51": "CellComparator", "52": "comparator", "53": "FormalParameter", "54": "BasicType", "55": "int", "56": "compactionKVMax", "57": "IOException", "58": "StatementExpression", "59": "SuperConstructorInvocation", "60": "MemberReference", "61": "compactionKVMax", "62": "StatementExpression", "63": "MethodInvocation", "64": "AbstractMemStore", "65": "MemberReference", "66": "segments", "67": "MemberReference", "68": "Integer", "69": "MAX_VALUE", "70": "MemberReference", "71": "scanners", "72": "addToScanners", "73": "StatementExpression", "74": "Assignment", "75": "MemberReference", "76": "heap", "77": "ClassCreator", "78": "ReferenceType", "79": "KeyValueHeap", "80": "MemberReference", "81": "scanners", "82": "MemberReference", "83": "comparator", "84": "=", "85": "MethodDeclaration", "86": "Modifier", "87": "public", "88": "Annotation", "89": "Override", "90": "BasicType", "91": "boolean", "92": "hasNext", "93": "IfStatement", "94": "MemberReference", "95": "closed", "96": "BlockStatement", "97": "ReturnStatement", "98": "Literal", "99": "false", "100": "IfStatement", "101": "BinaryOperation", "102": "!=", "103": "This", "104": "MemberReference", "105": "heap", "106": "Literal", "107": "null", "108": "BlockStatement", "109": "ReturnStatement", "110": "BinaryOperation", "111": "!=", "112": "This", "113": "MemberReference", "114": "heap", "115": "MethodInvocation", "116": "peek", "117": "Literal", "118": "null", "119": "ReturnStatement", "120": "Literal", "121": "false", "122": "MethodDeclaration", "123": "Modifier", "124": "public", "125": "Annotation", "126": "Override", "127": "ReferenceType", "128": "Cell", "129": "next", "130": "TryStatement", "131": "IfStatement", "132": "BinaryOperation", "133": "&&", "134": "MemberReference", "135": "!", "136": "closed", "137": "BinaryOperation", "138": "!=", "139": "MemberReference", "140": "heap", "141": "Literal", "142": "null", "143": "BlockStatement", "144": "ReturnStatement", "145": "MethodInvocation", "146": "heap", "147": "next", "148": "CatchClause", "149": "CatchClauseParameter", "150": "IOException", "151": "ie", "152": "ThrowStatement", "153": "ClassCreator", "154": "ReferenceType", "155": "IllegalStateException", "156": "MemberReference", "157": "ie", "158": "ReturnStatement", "159": "Literal", "160": "null", "161": "MethodDeclaration", "162": "Modifier", "163": "public", "164": "Annotation", "165": "Override", "166": "close", "167": "IfStatement", "168": "MemberReference", "169": "closed", "170": "BlockStatement", "171": "ReturnStatement", "172": "IfStatement", "173": "BinaryOperation", "174": "!=", "175": "MemberReference", "176": "heap", "177": "Literal", "178": "null", "179": "BlockStatement", "180": "StatementExpression", "181": "MethodInvocation", "182": "heap", "183": "close", "184": "StatementExpression", "185": "Assignment", "186": "MemberReference", "187": "heap", "188": "Literal", "189": "null", "190": "=", "191": "BlockStatement", "192": "ForStatement", "193": "EnhancedForControl", "194": "VariableDeclaration", "195": "ReferenceType", "196": "KeyValueScanner", "197": "VariableDeclarator", "198": "scanner", "199": "MemberReference", "200": "scanners", "201": "BlockStatement", "202": "StatementExpression", "203": "MethodInvocation", "204": "scanner", "205": "close", "206": "StatementExpression", "207": "Assignment", "208": "MemberReference", "209": "closed", "210": "Literal", "211": "true", "212": "=", "213": "MethodDeclaration", "214": "Modifier", "215": "public", "216": "Annotation", "217": "Override", "218": "remove", "219": "ThrowStatement", "220": "ClassCreator", "221": "ReferenceType", "222": "UnsupportedOperationException", "223": "ReferenceType", "224": "MemStoreSegmentsIterator"}, "edges": {"0->1": 0, "1->0": 0, "1->2": 0, "2->1": 0, "0->3": 0, "3->0": 0, "3->4": 0, "4->3": 0, "0->5": 0, "5->0": 0, "0->6": 0, "6->0": 0, "6->7": 0, "7->6": 0, "7->8": 0, "8->7": 0, "6->9": 0, "9->6": 0, "9->10": 0, "10->9": 0, "6->11": 0, "11->6": 0, "11->12": 0, "12->11": 0, "11->13": 0, "13->11": 0, "13->14": 0, "14->13": 0, "0->15": 0, "15->0": 0, "15->16": 0, "16->15": 0, "16->17": 0, "17->16": 0, "16->18": 0, "18->16": 0, "18->19": 0, "19->18": 0, "19->20": 0, "20->19": 0, "15->21": 0, "21->15": 0, "21->22": 0, "22->21": 0, "21->23": 0, "23->21": 0, "23->24": 0, "24->23": 0, "24->25": 0, "25->24": 0, "24->26": 0, "26->24": 0, "26->27": 0, "27->26": 0, "27->28": 0, "28->27": 0, "0->29": 0, "29->0": 0, "29->30": 0, "30->29": 0, "30->31": 0, "31->30": 0, "29->32": 0, "32->29": 0, "32->33": 0, "33->32": 0, "29->34": 0, "34->29": 0, "34->35": 0, "35->34": 0, "34->36": 0, "36->34": 0, "36->37": 0, "37->36": 0, "0->38": 0, "38->0": 0, "38->39": 0, "39->38": 0, "39->40": 0, "40->39": 0, "38->41": 0, "41->38": 0, "38->42": 0, "42->38": 0, "42->43": 0, "43->42": 0, "43->44": 0, "44->43": 0, "43->45": 0, "45->43": 0, "45->46": 0, "46->45": 0, "46->47": 0, "47->46": 0, "42->48": 0, "48->42": 0, "38->49": 0, "49->38": 0, "49->50": 0, "50->49": 0, "50->51": 0, "51->50": 0, "49->52": 0, "52->49": 0, "38->53": 0, "53->38": 0, "53->54": 0, "54->53": 0, "54->55": 0, "55->54": 0, "53->56": 0, "56->53": 0, "38->57": 0, "57->38": 0, "38->58": 0, "58->38": 0, "58->59": 0, "59->58": 0, "59->60": 0, "60->59": 0, "60->61": 0, "61->60": 0, "38->62": 0, "62->38": 0, "62->63": 0, "63->62": 0, "63->64": 0, "64->63": 0, "63->65": 0, "65->63": 0, "65->66": 0, "66->65": 0, "63->67": 0, "67->63": 0, "67->68": 0, "68->67": 0, "67->69": 0, "69->67": 0, "63->70": 0, "70->63": 0, "70->71": 0, "71->70": 0, "63->72": 0, "72->63": 0, "38->73": 0, "73->38": 0, "73->74": 0, "74->73": 0, "74->75": 0, "75->74": 0, "75->76": 0, "76->75": 0, "74->77": 0, "77->74": 0, "77->78": 0, "78->77": 0, "78->79": 0, "79->78": 0, "77->80": 0, "80->77": 0, "80->81": 0, "81->80": 0, "77->82": 0, "82->77": 0, "82->83": 0, "83->82": 0, "74->84": 0, "84->74": 0, "0->85": 0, "85->0": 0, "85->86": 0, "86->85": 0, "86->87": 0, "87->86": 0, "85->88": 0, "88->85": 0, "88->89": 0, "89->88": 0, "85->90": 0, "90->85": 0, "90->91": 0, "91->90": 0, "85->92": 0, "92->85": 0, "85->93": 0, "93->85": 0, "93->94": 0, "94->93": 0, "94->95": 0, "95->94": 0, "93->96": 0, "96->93": 0, "96->97": 0, "97->96": 0, "97->98": 0, "98->97": 0, "98->99": 0, "99->98": 0, "85->100": 0, "100->85": 0, "100->101": 0, "101->100": 0, "101->102": 0, "102->101": 0, "101->103": 0, "103->101": 0, "103->104": 0, "104->103": 0, "104->105": 0, "105->104": 0, "101->106": 0, "106->101": 0, "106->107": 0, "107->106": 0, "100->108": 0, "108->100": 0, "108->109": 0, "109->108": 0, "109->110": 0, "110->109": 0, "110->111": 0, "111->110": 0, "110->112": 0, "112->110": 0, "112->113": 0, "113->112": 0, "113->114": 0, "114->113": 0, "112->115": 0, "115->112": 0, "115->116": 0, "116->115": 0, "110->117": 0, "117->110": 0, "117->118": 0, "118->117": 0, "85->119": 0, "119->85": 0, "119->120": 0, "120->119": 0, "120->121": 0, "121->120": 0, "0->122": 0, "122->0": 0, "122->123": 0, "123->122": 0, "123->124": 0, "124->123": 0, "122->125": 0, "125->122": 0, "125->126": 0, "126->125": 0, "122->127": 0, "127->122": 0, "127->128": 0, "128->127": 0, "122->129": 0, "129->122": 0, "122->130": 0, "130->122": 0, "130->131": 0, "131->130": 0, "131->132": 0, "132->131": 0, "132->133": 0, "133->132": 0, "132->134": 0, "134->132": 0, "134->135": 0, "135->134": 0, "134->136": 0, "136->134": 0, "132->137": 0, "137->132": 0, "137->138": 0, "138->137": 0, "137->139": 0, "139->137": 0, "139->140": 0, "140->139": 0, "137->141": 0, "141->137": 0, "141->142": 0, "142->141": 0, "131->143": 0, "143->131": 0, "143->144": 0, "144->143": 0, "144->145": 0, "145->144": 0, "145->146": 0, "146->145": 0, "145->147": 0, "147->145": 0, "130->148": 0, "148->130": 0, "148->149": 0, "149->148": 0, "149->150": 0, "150->149": 0, "149->151": 0, "151->149": 0, "148->152": 0, "152->148": 0, "152->153": 0, "153->152": 0, "153->154": 0, "154->153": 0, "154->155": 0, "155->154": 0, "153->156": 0, "156->153": 0, "156->157": 0, "157->156": 0, "122->158": 0, "158->122": 0, "158->159": 0, "159->158": 0, "159->160": 0, "160->159": 0, "0->161": 0, "161->0": 0, "161->162": 0, "162->161": 0, "162->163": 0, "163->162": 0, "161->164": 0, "164->161": 0, "164->165": 0, "165->164": 0, "161->166": 0, "166->161": 0, "161->167": 0, "167->161": 0, "167->168": 0, "168->167": 0, "168->169": 0, "169->168": 0, "167->170": 0, "170->167": 0, "170->171": 0, "171->170": 0, "161->172": 0, "172->161": 0, "172->173": 0, "173->172": 0, "173->174": 0, "174->173": 0, "173->175": 0, "175->173": 0, "175->176": 0, "176->175": 0, "173->177": 0, "177->173": 0, "177->178": 0, "178->177": 0, "172->179": 0, "179->172": 0, "179->180": 0, "180->179": 0, "180->181": 0, "181->180": 0, "181->182": 0, "182->181": 0, "181->183": 0, "183->181": 0, "179->184": 0, "184->179": 0, "184->185": 0, "185->184": 0, "185->186": 0, "186->185": 0, "186->187": 0, "187->186": 0, "185->188": 0, "188->185": 0, "188->189": 0, "189->188": 0, "185->190": 0, "190->185": 0, "172->191": 0, "191->172": 0, "191->192": 0, "192->191": 0, "192->193": 0, "193->192": 0, "193->194": 0, "194->193": 0, "194->195": 0, "195->194": 0, "195->196": 0, "196->195": 0, "194->197": 0, "197->194": 0, "197->198": 0, "198->197": 0, "193->199": 0, "199->193": 0, "199->200": 0, "200->199": 0, "192->201": 0, "201->192": 0, "201->202": 0, "202->201": 0, "202->203": 0, "203->202": 0, "203->204": 0, "204->203": 0, "203->205": 0, "205->203": 0, "161->206": 0, "206->161": 0, "206->207": 0, "207->206": 0, "207->208": 0, "208->207": 0, "208->209": 0, "209->208": 0, "207->210": 0, "210->207": 0, "210->211": 0, "211->210": 0, "207->212": 0, "212->207": 0, "0->213": 0, "213->0": 0, "213->214": 0, "214->213": 0, "214->215": 0, "215->214": 0, "213->216": 0, "216->213": 0, "216->217": 0, "217->216": 0, "213->218": 0, "218->213": 0, "213->219": 0, "219->213": 0, "219->220": 0, "220->219": 0, "220->221": 0, "221->220": 0, "221->222": 0, "222->221": 0, "0->223": 0, "223->0": 0, "223->224": 0, "224->223": 0, "1->3": 1, "3->1": 12, "3->5": 1, "5->3": 12, "5->6": 1, "6->5": 12, "6->15": 1, "15->6": 12, "15->29": 1, "29->15": 12, "29->38": 1, "38->29": 12, "38->85": 1, "85->38": 12, "85->122": 1, "122->85": 12, "122->161": 1, "161->122": 12, "161->213": 1, "213->161": 12, "213->223": 1, "223->213": 12, "7->9": 1, "9->7": 12, "9->11": 1, "11->9": 12, "12->13": 1, "13->12": 12, "16->21": 1, "21->16": 12, "17->18": 1, "18->17": 12, "22->23": 1, "23->22": 12, "25->26": 1, "26->25": 12, "30->32": 1, "32->30": 12, "32->34": 1, "34->32": 12, "35->36": 1, "36->35": 12, "39->41": 1, "41->39": 12, "41->42": 1, "42->41": 12, "42->49": 1, "49->42": 12, "49->53": 1, "53->49": 12, "53->57": 1, "57->53": 12, "57->58": 1, "58->57": 12, "58->62": 1, "62->58": 12, "62->73": 1, "73->62": 12, "43->48": 1, "48->43": 12, "44->45": 1, "45->44": 12, "50->52": 1, "52->50": 12, "54->56": 1, "56->54": 12, "64->65": 1, "65->64": 12, "65->67": 1, "67->65": 12, "67->70": 1, "70->67": 12, "70->72": 1, "72->70": 12, "68->69": 2, "69->68": 3, "75->77": 1, "77->75": 12, "77->84": 1, "84->77": 12, "78->80": 1, "80->78": 12, "80->82": 1, "82->80": 12, "86->88": 1, "88->86": 12, "88->90": 1, "90->88": 12, "90->92": 1, "92->90": 12, "92->93": 1, "93->92": 12, "93->100": 1, "100->93": 12, "100->119": 1, "119->100": 12, "94->96": 6, "96->94": 6, "101->108": 6, "108->101": 6, "102->103": 1, "103->102": 12, "103->106": 1, "106->103": 12, "111->112": 1, "112->111": 12, "112->117": 1, "117->112": 12, "113->115": 1, "115->113": 12, "123->125": 1, "125->123": 12, "125->127": 1, "127->125": 12, "127->129": 1, "129->127": 12, "129->130": 1, "130->129": 12, "130->158": 1, "158->130": 12, "131->148": 1, "148->131": 12, "132->143": 6, "143->132": 6, "133->134": 1, "134->133": 12, "134->137": 1, "137->134": 12, "135->136": 2, "136->135": 3, "138->139": 1, "139->138": 12, "139->141": 1, "141->139": 12, "146->147": 2, "147->146": 3, "149->152": 1, "152->149": 12, "150->151": 2, "151->150": 3, "154->156": 1, "156->154": 12, "162->164": 1, "164->162": 12, "164->166": 1, "166->164": 12, "166->167": 1, "167->166": 12, "167->172": 1, "172->167": 12, "172->206": 1, "206->172": 12, "168->170": 6, "170->168": 6, "173->179": 6, "179->173": 6, "179->191": 1, "191->179": 12, "174->175": 1, "175->174": 12, "175->177": 1, "177->175": 12, "180->184": 10, "184->180": 11, "182->183": 2, "183->182": 3, "186->188": 1, "188->186": 12, "188->190": 1, "190->188": 12, "193->201": 9, "201->193": 9, "194->199": 1, "199->194": 12, "195->197": 1, "197->195": 12, "204->205": 2, "205->204": 3, "208->210": 1, "210->208": 12, "210->212": 1, "212->210": 12, "214->216": 1, "216->214": 12, "216->218": 1, "218->216": 12, "218->219": 1, "219->218": 12, "173->191": 7, "191->173": 7, "2->4": 2, "4->2": 3, "4->5": 2, "5->4": 3, "5->8": 2, "8->5": 3, "8->10": 2, "10->8": 3, "10->12": 2, "12->10": 3, "12->14": 2, "14->12": 3, "14->17": 2, "17->14": 3, "17->20": 2, "20->17": 3, "20->22": 2, "22->20": 3, "22->25": 2, "25->22": 3, "25->28": 2, "28->25": 3, "28->31": 2, "31->28": 3, "31->33": 2, "33->31": 3, "33->35": 2, "35->33": 3, "35->37": 2, "37->35": 3, "37->40": 2, "40->37": 3, "40->41": 2, "41->40": 3, "41->44": 2, "44->41": 3, "44->47": 2, "47->44": 3, "47->48": 2, "48->47": 3, "48->51": 2, "51->48": 3, "51->52": 2, "52->51": 3, "52->55": 2, "55->52": 3, "55->56": 2, "56->55": 3, "56->57": 2, "57->56": 3, "57->61": 2, "61->57": 3, "61->64": 2, "64->61": 3, "64->66": 2, "66->64": 3, "66->68": 2, "68->66": 3, "69->71": 2, "71->69": 3, "71->72": 2, "72->71": 3, "72->76": 2, "76->72": 3, "76->79": 2, "79->76": 3, "79->81": 2, "81->79": 3, "81->83": 2, "83->81": 3, "83->84": 2, "84->83": 3, "84->87": 2, "87->84": 3, "87->89": 2, "89->87": 3, "89->91": 2, "91->89": 3, "91->92": 2, "92->91": 3, "92->95": 2, "95->92": 3, "95->99": 2, "99->95": 3, "99->102": 2, "102->99": 3, "102->105": 2, "105->102": 3, "105->107": 2, "107->105": 3, "107->111": 2, "111->107": 3, "111->114": 2, "114->111": 3, "114->116": 2, "116->114": 3, "116->118": 2, "118->116": 3, "118->121": 2, "121->118": 3, "121->124": 2, "124->121": 3, "124->126": 2, "126->124": 3, "126->128": 2, "128->126": 3, "128->129": 2, "129->128": 3, "129->133": 2, "133->129": 3, "133->135": 2, "135->133": 3, "136->138": 2, "138->136": 3, "138->140": 2, "140->138": 3, "140->142": 2, "142->140": 3, "142->146": 2, "146->142": 3, "147->150": 2, "150->147": 3, "151->155": 2, "155->151": 3, "155->157": 2, "157->155": 3, "157->160": 2, "160->157": 3, "160->163": 2, "163->160": 3, "163->165": 2, "165->163": 3, "165->166": 2, "166->165": 3, "166->169": 2, "169->166": 3, "169->171": 2, "171->169": 3, "171->174": 2, "174->171": 3, "174->176": 2, "176->174": 3, "176->178": 2, "178->176": 3, "178->182": 2, "182->178": 3, "183->187": 2, "187->183": 3, "187->189": 2, "189->187": 3, "189->190": 2, "190->189": 3, "190->196": 2, "196->190": 3, "196->198": 2, "198->196": 3, "198->200": 2, "200->198": 3, "200->204": 2, "204->200": 3, "205->209": 2, "209->205": 3, "209->211": 2, "211->209": 3, "211->212": 2, "212->211": 3, "212->215": 2, "215->212": 3, "215->217": 2, "217->215": 3, "217->218": 2, "218->217": 3, "218->222": 2, "222->218": 3, "222->224": 2, "224->222": 3, "71->81": 4, "81->71": 5, "81->200": 4, "200->81": 5, "76->105": 4, "105->76": 5, "105->114": 4, "114->105": 5, "114->140": 4, "140->114": 5, "140->176": 4, "176->140": 5, "176->187": 4, "187->176": 5, "95->136": 4, "136->95": 5, "136->169": 4, "169->136": 5, "169->209": 4, "209->169": 5}, "metrics": [3.0, 0.0, 5.0, 5.0, 51.0, 11.0, 0.0, 2.0, 0.4, 0.0, 3.0]}