{"nodelist": ["ClassDeclaration", "{'public'}", "public", "MoveRegionsOfTableAction", "FieldDeclaration", "{'final', 'private', 'static'}", "final", "private", "static", "ReferenceType", "Logger", "VariableDeclarator", "LOG", "MethodInvocation", "LoggerFactory", "ClassReference", "ReferenceType", "MoveRegionsOfTableAction", "getLogger", "FieldDeclaration", "{'final', 'private'}", "final", "private", "BasicType", "long", "VariableDeclarator", "sleepTime", "FieldDeclaration", "{'final', 'private'}", "final", "private", "ReferenceType", "TableName", "VariableDeclarator", "tableName", "FieldDeclaration", "{'final', 'private'}", "final", "private", "BasicType", "long", "VariableDeclarator", "maxTime", "ConstructorDeclaration", "{'public'}", "public", "MoveRegionsOfTableAction", "FormalParameter", "ReferenceType", "TableName", "tableName", "StatementExpression", "ExplicitConstructorInvocation", "Literal", "-", "1", "MemberReference", "MonkeyConstants", "DEFAULT_MOVE_REGIONS_MAX_TIME", "MemberReference", "tableName", "MethodDeclaration", "{'protected'}", "protected", "Annotation", "Override", "ReferenceType", "Logger", "getLogger", "ReturnStatement", "MemberReference", "LOG", "ConstructorDeclaration", "{'public'}", "public", "MoveRegionsOfTableAction", "FormalParameter", "BasicType", "long", "sleepTime", "FormalParameter", "BasicType", "long", "maxSleepTime", "FormalParameter", "ReferenceType", "TableName", "tableName", "StatementExpression", "Assignment", "This", "MemberReference", "sleepTime", "MemberReference", "sleepTime", "=", "StatementExpression", "Assignment", "This", "MemberReference", "tableName", "MemberReference", "tableName", "=", "StatementExpression", "Assignment", "This", "MemberReference", "maxTime", "MemberReference", "maxSleepTime", "=", "MethodDeclaration", "{'public'}", "public", "Annotation", "Override", "perform", "Exception", "IfStatement", "BinaryOperation", ">", "MemberReference", "sleepTime", "Literal", "0", "BlockStatement", "StatementExpression", "MethodInvocation", "Thread", "MemberReference", "sleepTime", "sleep", "LocalVariableDeclaration", "ReferenceType", "Admin", "VariableDeclarator", "admin", "This", "MemberReference", "context", "MethodInvocation", "getHBaseIntegrationTestingUtility", "MethodInvocation", "getHBaseAdmin", "LocalVariableDeclaration", "ReferenceType", "Collection", "TypeArgument", "ReferenceType", "ServerName", "VariableDeclarator", "serversList", "MethodInvocation", "admin", "MethodInvocation", "getServers", "getClusterStatus", "LocalVariableDeclaration", "ReferenceType", "ServerName", "VariableDeclarator", "servers", "MethodInvocation", "serversList", "ArrayCreator", "ReferenceType", "ServerName", "MethodInvocation", "serversList", "size", "toArray", "StatementExpression", "MethodInvocation", "MethodInvocation", "BinaryOperation", "+", "Literal", "\"Performing action: Move regions of table \"", "MemberReference", "tableName", "info", "getLogger", "LocalVariableDeclaration", "ReferenceType", "List", "TypeArgument", "ReferenceType", "HRegionInfo", "VariableDeclarator", "regions", "MethodInvocation", "admin", "MemberReference", "tableName", "getTableRegions", "IfStatement", "BinaryOperation", "||", "BinaryOperation", "==", "MemberReference", "regions", "Literal", "null", "MethodInvocation", "regions", "isEmpty", "BlockStatement", "StatementExpression", "MethodInvocation", "MethodInvocation", "BinaryOperation", "+", "BinaryOperation", "+", "Literal", "\"Table \"", "MemberReference", "tableName", "Literal", "\" doesn't have regions to move\"", "info", "getLogger", "ReturnStatement", "StatementExpression", "MethodInvocation", "Collections", "MemberReference", "regions", "shuffle", "LocalVariableDeclaration", "BasicType", "long", "VariableDeclarator", "start", "MethodInvocation", "System", "currentTimeMillis", "ForStatement", "EnhancedForControl", "VariableDeclaration", "ReferenceType", "HRegionInfo", "VariableDeclarator", "regionInfo", "MemberReference", "regions", "BlockStatement", "IfStatement", "MethodInvocation", "context", "isStopping", "BlockStatement", "ReturnStatement", "TryStatement", "LocalVariableDeclaration", "ReferenceType", "String", "VariableDeclarator", "destServerName", "MemberReference", "ArraySelector", "MethodInvocation", "RandomUtils", "MemberReference", "servers", "length", "nextInt", "MethodInvocation", "getServerName", "servers", "StatementExpression", "MethodInvocation", "MethodInvocation", "BinaryOperation", "+", "BinaryOperation", "+", "BinaryOperation", "+", "Literal", "\"Moving \"", "MethodInvocation", "regionInfo", "getRegionNameAsString", "Literal", "\" to \"", "MemberReference", "destServerName", "debug", "getLogger", "StatementExpression", "MethodInvocation", "admin", "MethodInvocation", "regionInfo", "getEncodedNameAsBytes", "MethodInvocation", "Bytes", "MemberReference", "destServerName", "toBytes", "move", "CatchClause", "CatchClauseParameter", "Exception", "ex", "StatementExpression", "MethodInvocation", "MethodInvocation", "BinaryOperation", "+", "Literal", "\"Move failed, might be caused by other chaos: \"", "MethodInvocation", "ex", "getMessage", "warn", "getLogger", "IfStatement", "BinaryOperation", ">", "MemberReference", "sleepTime", "Literal", "0", "BlockStatement", "StatementExpression", "MethodInvocation", "Thread", "MemberReference", "sleepTime", "sleep", "IfStatement", "BinaryOperation", ">", "BinaryOperation", "-", "MethodInvocation", "System", "currentTimeMillis", "MemberReference", "start", "MemberReference", "maxTime", "BlockStatement", "BreakStatement", "ReferenceType", "Action"], "nodes": {"0": "ClassDeclaration", "1": "Modifier", "2": "public", "3": "MoveRegionsOfTableAction", "4": "FieldDeclaration", "5": "Modifier", "6": "final", "7": "private", "8": "static", "9": "ReferenceType", "10": "Logger", "11": "VariableDeclarator", "12": "LOG", "13": "MethodInvocation", "14": "LoggerFactory", "15": "ClassReference", "16": "ReferenceType", "17": "MoveRegionsOfTableAction", "18": "getLogger", "19": "FieldDeclaration", "20": "Modifier", "21": "final", "22": "private", "23": "BasicType", "24": "long", "25": "VariableDeclarator", "26": "sleepTime", "27": "FieldDeclaration", "28": "Modifier", "29": "final", "30": "private", "31": "ReferenceType", "32": "TableName", "33": "VariableDeclarator", "34": "tableName", "35": "FieldDeclaration", "36": "Modifier", "37": "final", "38": "private", "39": "BasicType", "40": "long", "41": "VariableDeclarator", "42": "maxTime", "43": "ConstructorDeclaration", "44": "Modifier", "45": "public", "46": "MoveRegionsOfTableAction", "47": "FormalParameter", "48": "ReferenceType", "49": "TableName", "50": "tableName", "51": "StatementExpression", "52": "ExplicitConstructorInvocation", "53": "Literal", "54": "-", "55": "1", "56": "MemberReference", "57": "MonkeyConstants", "58": "DEFAULT_MOVE_REGIONS_MAX_TIME", "59": "MemberReference", "60": "tableName", "61": "MethodDeclaration", "62": "Modifier", "63": "protected", "64": "Annotation", "65": "Override", "66": "ReferenceType", "67": "Logger", "68": "getLogger", "69": "ReturnStatement", "70": "MemberReference", "71": "LOG", "72": "ConstructorDeclaration", "73": "Modifier", "74": "public", "75": "MoveRegionsOfTableAction", "76": "FormalParameter", "77": "BasicType", "78": "long", "79": "sleepTime", "80": "FormalParameter", "81": "BasicType", "82": "long", "83": "maxSleepTime", "84": "FormalParameter", "85": "ReferenceType", "86": "TableName", "87": "tableName", "88": "StatementExpression", "89": "Assignment", "90": "This", "91": "MemberReference", "92": "sleepTime", "93": "MemberReference", "94": "sleepTime", "95": "=", "96": "StatementExpression", "97": "Assignment", "98": "This", "99": "MemberReference", "100": "tableName", "101": "MemberReference", "102": "tableName", "103": "=", "104": "StatementExpression", "105": "Assignment", "106": "This", "107": "MemberReference", "108": "maxTime", "109": "MemberReference", "110": "maxSleepTime", "111": "=", "112": "MethodDeclaration", "113": "Modifier", "114": "public", "115": "Annotation", "116": "Override", "117": "perform", "118": "Exception", "119": "IfStatement", "120": "BinaryOperation", "121": ">", "122": "MemberReference", "123": "sleepTime", "124": "Literal", "125": "0", "126": "BlockStatement", "127": "StatementExpression", "128": "MethodInvocation", "129": "Thread", "130": "MemberReference", "131": "sleepTime", "132": "sleep", "133": "LocalVariableDeclaration", "134": "ReferenceType", "135": "Admin", "136": "VariableDeclarator", "137": "admin", "138": "This", "139": "MemberReference", "140": "context", "141": "MethodInvocation", "142": "getHBaseIntegrationTestingUtility", "143": "MethodInvocation", "144": "getHBaseAdmin", "145": "LocalVariableDeclaration", "146": "ReferenceType", "147": "Collection", "148": "TypeArgument", "149": "ReferenceType", "150": "ServerName", "151": "VariableDeclarator", "152": "serversList", "153": "MethodInvocation", "154": "admin", "155": "MethodInvocation", "156": "getServers", "157": "getClusterStatus", "158": "LocalVariableDeclaration", "159": "ReferenceType", "160": "ServerName", "161": "VariableDeclarator", "162": "servers", "163": "MethodInvocation", "164": "serversList", "165": "ArrayCreator", "166": "ReferenceType", "167": "ServerName", "168": "MethodInvocation", "169": "serversList", "170": "size", "171": "toArray", "172": "StatementExpression", "173": "MethodInvocation", "174": "MethodInvocation", "175": "BinaryOperation", "176": "+", "177": "Literal", "178": "\"Performing action: Move regions of table \"", "179": "MemberReference", "180": "tableName", "181": "info", "182": "getLogger", "183": "LocalVariableDeclaration", "184": "ReferenceType", "185": "List", "186": "TypeArgument", "187": "ReferenceType", "188": "HRegionInfo", "189": "VariableDeclarator", "190": "regions", "191": "MethodInvocation", "192": "admin", "193": "MemberReference", "194": "tableName", "195": "getTableRegions", "196": "IfStatement", "197": "BinaryOperation", "198": "||", "199": "BinaryOperation", "200": "==", "201": "MemberReference", "202": "regions", "203": "Literal", "204": "null", "205": "MethodInvocation", "206": "regions", "207": "isEmpty", "208": "BlockStatement", "209": "StatementExpression", "210": "MethodInvocation", "211": "MethodInvocation", "212": "BinaryOperation", "213": "+", "214": "BinaryOperation", "215": "+", "216": "Literal", "217": "\"Table \"", "218": "MemberReference", "219": "tableName", "220": "Literal", "221": "\" doesn't have regions to move\"", "222": "info", "223": "getLogger", "224": "ReturnStatement", "225": "StatementExpression", "226": "MethodInvocation", "227": "Collections", "228": "MemberReference", "229": "regions", "230": "shuffle", "231": "LocalVariableDeclaration", "232": "BasicType", "233": "long", "234": "VariableDeclarator", "235": "start", "236": "MethodInvocation", "237": "System", "238": "currentTimeMillis", "239": "ForStatement", "240": "EnhancedForControl", "241": "VariableDeclaration", "242": "ReferenceType", "243": "HRegionInfo", "244": "VariableDeclarator", "245": "regionInfo", "246": "MemberReference", "247": "regions", "248": "BlockStatement", "249": "IfStatement", "250": "MethodInvocation", "251": "context", "252": "isStopping", "253": "BlockStatement", "254": "ReturnStatement", "255": "TryStatement", "256": "LocalVariableDeclaration", "257": "ReferenceType", "258": "String", "259": "VariableDeclarator", "260": "destServerName", "261": "MemberReference", "262": "ArraySelector", "263": "MethodInvocation", "264": "RandomUtils", "265": "MemberReference", "266": "servers", "267": "length", "268": "nextInt", "269": "MethodInvocation", "270": "getServerName", "271": "servers", "272": "StatementExpression", "273": "MethodInvocation", "274": "MethodInvocation", "275": "BinaryOperation", "276": "+", "277": "BinaryOperation", "278": "+", "279": "BinaryOperation", "280": "+", "281": "Literal", "282": "\"Moving \"", "283": "MethodInvocation", "284": "regionInfo", "285": "getRegionNameAsString", "286": "Literal", "287": "\" to \"", "288": "MemberReference", "289": "destServerName", "290": "debug", "291": "getLogger", "292": "StatementExpression", "293": "MethodInvocation", "294": "admin", "295": "MethodInvocation", "296": "regionInfo", "297": "getEncodedNameAsBytes", "298": "MethodInvocation", "299": "Bytes", "300": "MemberReference", "301": "destServerName", "302": "toBytes", "303": "move", "304": "CatchClause", "305": "CatchClauseParameter", "306": "Exception", "307": "ex", "308": "StatementExpression", "309": "MethodInvocation", "310": "MethodInvocation", "311": "BinaryOperation", "312": "+", "313": "Literal", "314": "\"Move failed, might be caused by other chaos: \"", "315": "MethodInvocation", "316": "ex", "317": "getMessage", "318": "warn", "319": "getLogger", "320": "IfStatement", "321": "BinaryOperation", "322": ">", "323": "MemberReference", "324": "sleepTime", "325": "Literal", "326": "0", "327": "BlockStatement", "328": "StatementExpression", "329": "MethodInvocation", "330": "Thread", "331": "MemberReference", "332": "sleepTime", "333": "sleep", "334": "IfStatement", "335": "BinaryOperation", "336": ">", "337": "BinaryOperation", "338": "-", "339": "MethodInvocation", "340": "System", "341": "currentTimeMillis", "342": "MemberReference", "343": "start", "344": "MemberReference", "345": "maxTime", "346": "BlockStatement", "347": "BreakStatement", "348": "ReferenceType", "349": "Action"}, "edges": {"0->1": 0, "1->0": 0, "1->2": 0, "2->1": 0, "0->3": 0, "3->0": 0, "0->4": 0, "4->0": 0, "4->5": 0, "5->4": 0, "5->6": 0, "6->5": 0, "5->7": 0, "7->5": 0, "5->8": 0, "8->5": 0, "4->9": 0, "9->4": 0, "9->10": 0, "10->9": 0, "4->11": 0, "11->4": 0, "11->12": 0, "12->11": 0, "11->13": 0, "13->11": 0, "13->14": 0, "14->13": 0, "13->15": 0, "15->13": 0, "15->16": 0, "16->15": 0, "16->17": 0, "17->16": 0, "13->18": 0, "18->13": 0, "0->19": 0, "19->0": 0, "19->20": 0, "20->19": 0, "20->21": 0, "21->20": 0, "20->22": 0, "22->20": 0, "19->23": 0, "23->19": 0, "23->24": 0, "24->23": 0, "19->25": 0, "25->19": 0, "25->26": 0, "26->25": 0, "0->27": 0, "27->0": 0, "27->28": 0, "28->27": 0, "28->29": 0, "29->28": 0, "28->30": 0, "30->28": 0, "27->31": 0, "31->27": 0, "31->32": 0, "32->31": 0, "27->33": 0, "33->27": 0, "33->34": 0, "34->33": 0, "0->35": 0, "35->0": 0, "35->36": 0, "36->35": 0, "36->37": 0, "37->36": 0, "36->38": 0, "38->36": 0, "35->39": 0, "39->35": 0, "39->40": 0, "40->39": 0, "35->41": 0, "41->35": 0, "41->42": 0, "42->41": 0, "0->43": 0, "43->0": 0, "43->44": 0, "44->43": 0, "44->45": 0, "45->44": 0, "43->46": 0, "46->43": 0, "43->47": 0, "47->43": 0, "47->48": 0, "48->47": 0, "48->49": 0, "49->48": 0, "47->50": 0, "50->47": 0, "43->51": 0, "51->43": 0, "51->52": 0, "52->51": 0, "52->53": 0, "53->52": 0, "53->54": 0, "54->53": 0, "53->55": 0, "55->53": 0, "52->56": 0, "56->52": 0, "56->57": 0, "57->56": 0, "56->58": 0, "58->56": 0, "52->59": 0, "59->52": 0, "59->60": 0, "60->59": 0, "0->61": 0, "61->0": 0, "61->62": 0, "62->61": 0, "62->63": 0, "63->62": 0, "61->64": 0, "64->61": 0, "64->65": 0, "65->64": 0, "61->66": 0, "66->61": 0, "66->67": 0, "67->66": 0, "61->68": 0, "68->61": 0, "61->69": 0, "69->61": 0, "69->70": 0, "70->69": 0, "70->71": 0, "71->70": 0, "0->72": 0, "72->0": 0, "72->73": 0, "73->72": 0, "73->74": 0, "74->73": 0, "72->75": 0, "75->72": 0, "72->76": 0, "76->72": 0, "76->77": 0, "77->76": 0, "77->78": 0, "78->77": 0, "76->79": 0, "79->76": 0, "72->80": 0, "80->72": 0, "80->81": 0, "81->80": 0, "81->82": 0, "82->81": 0, "80->83": 0, "83->80": 0, "72->84": 0, "84->72": 0, "84->85": 0, "85->84": 0, "85->86": 0, "86->85": 0, "84->87": 0, "87->84": 0, "72->88": 0, "88->72": 0, "88->89": 0, "89->88": 0, "89->90": 0, "90->89": 0, "90->91": 0, "91->90": 0, "91->92": 0, "92->91": 0, "89->93": 0, "93->89": 0, "93->94": 0, "94->93": 0, "89->95": 0, "95->89": 0, "72->96": 0, "96->72": 0, "96->97": 0, "97->96": 0, "97->98": 0, "98->97": 0, "98->99": 0, "99->98": 0, "99->100": 0, "100->99": 0, "97->101": 0, "101->97": 0, "101->102": 0, "102->101": 0, "97->103": 0, "103->97": 0, "72->104": 0, "104->72": 0, "104->105": 0, "105->104": 0, "105->106": 0, "106->105": 0, "106->107": 0, "107->106": 0, "107->108": 0, "108->107": 0, "105->109": 0, "109->105": 0, "109->110": 0, "110->109": 0, "105->111": 0, "111->105": 0, "0->112": 0, "112->0": 0, "112->113": 0, "113->112": 0, "113->114": 0, "114->113": 0, "112->115": 0, "115->112": 0, "115->116": 0, "116->115": 0, "112->117": 0, "117->112": 0, "112->118": 0, "118->112": 0, "112->119": 0, "119->112": 0, "119->120": 0, "120->119": 0, "120->121": 0, "121->120": 0, "120->122": 0, "122->120": 0, "122->123": 0, "123->122": 0, "120->124": 0, "124->120": 0, "124->125": 0, "125->124": 0, "119->126": 0, "126->119": 0, "126->127": 0, "127->126": 0, "127->128": 0, "128->127": 0, "128->129": 0, "129->128": 0, "128->130": 0, "130->128": 0, "130->131": 0, "131->130": 0, "128->132": 0, "132->128": 0, "112->133": 0, "133->112": 0, "133->134": 0, "134->133": 0, "134->135": 0, "135->134": 0, "133->136": 0, "136->133": 0, "136->137": 0, "137->136": 0, "136->138": 0, "138->136": 0, "138->139": 0, "139->138": 0, "139->140": 0, "140->139": 0, "138->141": 0, "141->138": 0, "141->142": 0, "142->141": 0, "138->143": 0, "143->138": 0, "143->144": 0, "144->143": 0, "112->145": 0, "145->112": 0, "145->146": 0, "146->145": 0, "146->147": 0, "147->146": 0, "146->148": 0, "148->146": 0, "148->149": 0, "149->148": 0, "149->150": 0, "150->149": 0, "145->151": 0, "151->145": 0, "151->152": 0, "152->151": 0, "151->153": 0, "153->151": 0, "153->154": 0, "154->153": 0, "153->155": 0, "155->153": 0, "155->156": 0, "156->155": 0, "153->157": 0, "157->153": 0, "112->158": 0, "158->112": 0, "158->159": 0, "159->158": 0, "159->160": 0, "160->159": 0, "158->161": 0, "161->158": 0, "161->162": 0, "162->161": 0, "161->163": 0, "163->161": 0, "163->164": 0, "164->163": 0, "163->165": 0, "165->163": 0, "165->166": 0, "166->165": 0, "166->167": 0, "167->166": 0, "165->168": 0, "168->165": 0, "168->169": 0, "169->168": 0, "168->170": 0, "170->168": 0, "163->171": 0, "171->163": 0, "112->172": 0, "172->112": 0, "172->173": 0, "173->172": 0, "173->174": 0, "174->173": 0, "174->175": 0, "175->174": 0, "175->176": 0, "176->175": 0, "175->177": 0, "177->175": 0, "177->178": 0, "178->177": 0, "175->179": 0, "179->175": 0, "179->180": 0, "180->179": 0, "174->181": 0, "181->174": 0, "173->182": 0, "182->173": 0, "112->183": 0, "183->112": 0, "183->184": 0, "184->183": 0, "184->185": 0, "185->184": 0, "184->186": 0, "186->184": 0, "186->187": 0, "187->186": 0, "187->188": 0, "188->187": 0, "183->189": 0, "189->183": 0, "189->190": 0, "190->189": 0, "189->191": 0, "191->189": 0, "191->192": 0, "192->191": 0, "191->193": 0, "193->191": 0, "193->194": 0, "194->193": 0, "191->195": 0, "195->191": 0, "112->196": 0, "196->112": 0, "196->197": 0, "197->196": 0, "197->198": 0, "198->197": 0, "197->199": 0, "199->197": 0, "199->200": 0, "200->199": 0, "199->201": 0, "201->199": 0, "201->202": 0, "202->201": 0, "199->203": 0, "203->199": 0, "203->204": 0, "204->203": 0, "197->205": 0, "205->197": 0, "205->206": 0, "206->205": 0, "205->207": 0, "207->205": 0, "196->208": 0, "208->196": 0, "208->209": 0, "209->208": 0, "209->210": 0, "210->209": 0, "210->211": 0, "211->210": 0, "211->212": 0, "212->211": 0, "212->213": 0, "213->212": 0, "212->214": 0, "214->212": 0, "214->215": 0, "215->214": 0, "214->216": 0, "216->214": 0, "216->217": 0, "217->216": 0, "214->218": 0, "218->214": 0, "218->219": 0, "219->218": 0, "212->220": 0, "220->212": 0, "220->221": 0, "221->220": 0, "211->222": 0, "222->211": 0, "210->223": 0, "223->210": 0, "208->224": 0, "224->208": 0, "112->225": 0, "225->112": 0, "225->226": 0, "226->225": 0, "226->227": 0, "227->226": 0, "226->228": 0, "228->226": 0, "228->229": 0, "229->228": 0, "226->230": 0, "230->226": 0, "112->231": 0, "231->112": 0, "231->232": 0, "232->231": 0, "232->233": 0, "233->232": 0, "231->234": 0, "234->231": 0, "234->235": 0, "235->234": 0, "234->236": 0, "236->234": 0, "236->237": 0, "237->236": 0, "236->238": 0, "238->236": 0, "112->239": 0, "239->112": 0, "239->240": 0, "240->239": 0, "240->241": 0, "241->240": 0, "241->242": 0, "242->241": 0, "242->243": 0, "243->242": 0, "241->244": 0, "244->241": 0, "244->245": 0, "245->244": 0, "240->246": 0, "246->240": 0, "246->247": 0, "247->246": 0, "239->248": 0, "248->239": 0, "248->249": 0, "249->248": 0, "249->250": 0, "250->249": 0, "250->251": 0, "251->250": 0, "250->252": 0, "252->250": 0, "249->253": 0, "253->249": 0, "253->254": 0, "254->253": 0, "248->255": 0, "255->248": 0, "255->256": 0, "256->255": 0, "256->257": 0, "257->256": 0, "257->258": 0, "258->257": 0, "256->259": 0, "259->256": 0, "259->260": 0, "260->259": 0, "259->261": 0, "261->259": 0, "261->262": 0, "262->261": 0, "262->263": 0, "263->262": 0, "263->264": 0, "264->263": 0, "263->265": 0, "265->263": 0, "265->266": 0, "266->265": 0, "265->267": 0, "267->265": 0, "263->268": 0, "268->263": 0, "261->269": 0, "269->261": 0, "269->270": 0, "270->269": 0, "261->271": 0, "271->261": 0, "255->272": 0, "272->255": 0, "272->273": 0, "273->272": 0, "273->274": 0, "274->273": 0, "274->275": 0, "275->274": 0, "275->276": 0, "276->275": 0, "275->277": 0, "277->275": 0, "277->278": 0, "278->277": 0, "277->279": 0, "279->277": 0, "279->280": 0, "280->279": 0, "279->281": 0, "281->279": 0, "281->282": 0, "282->281": 0, "279->283": 0, "283->279": 0, "283->284": 0, "284->283": 0, "283->285": 0, "285->283": 0, "277->286": 0, "286->277": 0, "286->287": 0, "287->286": 0, "275->288": 0, "288->275": 0, "288->289": 0, "289->288": 0, "274->290": 0, "290->274": 0, "273->291": 0, "291->273": 0, "255->292": 0, "292->255": 0, "292->293": 0, "293->292": 0, "293->294": 0, "294->293": 0, "293->295": 0, "295->293": 0, "295->296": 0, "296->295": 0, "295->297": 0, "297->295": 0, "293->298": 0, "298->293": 0, "298->299": 0, "299->298": 0, "298->300": 0, "300->298": 0, "300->301": 0, "301->300": 0, "298->302": 0, "302->298": 0, "293->303": 0, "303->293": 0, "255->304": 0, "304->255": 0, "304->305": 0, "305->304": 0, "305->306": 0, "306->305": 0, "305->307": 0, "307->305": 0, "304->308": 0, "308->304": 0, "308->309": 0, "309->308": 0, "309->310": 0, "310->309": 0, "310->311": 0, "311->310": 0, "311->312": 0, "312->311": 0, "311->313": 0, "313->311": 0, "313->314": 0, "314->313": 0, "311->315": 0, "315->311": 0, "315->316": 0, "316->315": 0, "315->317": 0, "317->315": 0, "310->318": 0, "318->310": 0, "309->319": 0, "319->309": 0, "248->320": 0, "320->248": 0, "320->321": 0, "321->320": 0, "321->322": 0, "322->321": 0, "321->323": 0, "323->321": 0, "323->324": 0, "324->323": 0, "321->325": 0, "325->321": 0, "325->326": 0, "326->325": 0, "320->327": 0, "327->320": 0, "327->328": 0, "328->327": 0, "328->329": 0, "329->328": 0, "329->330": 0, "330->329": 0, "329->331": 0, "331->329": 0, "331->332": 0, "332->331": 0, "329->333": 0, "333->329": 0, "248->334": 0, "334->248": 0, "334->335": 0, "335->334": 0, "335->336": 0, "336->335": 0, "335->337": 0, "337->335": 0, "337->338": 0, "338->337": 0, "337->339": 0, "339->337": 0, "339->340": 0, "340->339": 0, "339->341": 0, "341->339": 0, "337->342": 0, "342->337": 0, "342->343": 0, "343->342": 0, "335->344": 0, "344->335": 0, "344->345": 0, "345->344": 0, "334->346": 0, "346->334": 0, "346->347": 0, "347->346": 0, "0->348": 0, "348->0": 0, "348->349": 0, "349->348": 0, "1->3": 1, "3->1": 12, "3->4": 1, "4->3": 12, "4->19": 1, "19->4": 12, "19->27": 1, "27->19": 12, "27->35": 1, "35->27": 12, "35->43": 1, "43->35": 12, "43->61": 1, "61->43": 12, "61->72": 1, "72->61": 12, "72->112": 1, "112->72": 12, "112->348": 1, "348->112": 12, "5->9": 1, "9->5": 12, "9->11": 1, "11->9": 12, "6->7": 2, "7->6": 3, "7->8": 2, "8->7": 3, "12->13": 1, "13->12": 12, "14->15": 1, "15->14": 12, "15->18": 1, "18->15": 12, "20->23": 1, "23->20": 12, "23->25": 1, "25->23": 12, "21->22": 2, "22->21": 3, "28->31": 1, "31->28": 12, "31->33": 1, "33->31": 12, "29->30": 2, "30->29": 3, "36->39": 1, "39->36": 12, "39->41": 1, "41->39": 12, "37->38": 2, "38->37": 3, "44->46": 1, "46->44": 12, "46->47": 1, "47->46": 12, "47->51": 1, "51->47": 12, "48->50": 1, "50->48": 12, "53->56": 1, "56->53": 12, "56->59": 1, "59->56": 12, "54->55": 2, "55->54": 3, "57->58": 2, "58->57": 3, "62->64": 1, "64->62": 12, "64->66": 1, "66->64": 12, "66->68": 1, "68->66": 12, "68->69": 1, "69->68": 12, "73->75": 1, "75->73": 12, "75->76": 1, "76->75": 12, "76->80": 1, "80->76": 12, "80->84": 1, "84->80": 12, "84->88": 1, "88->84": 12, "88->96": 1, "96->88": 12, "96->104": 1, "104->96": 12, "77->79": 1, "79->77": 12, "81->83": 1, "83->81": 12, "85->87": 1, "87->85": 12, "90->93": 1, "93->90": 12, "93->95": 1, "95->93": 12, "98->101": 1, "101->98": 12, "101->103": 1, "103->101": 12, "106->109": 1, "109->106": 12, "109->111": 1, "111->109": 12, "113->115": 1, "115->113": 12, "115->117": 1, "117->115": 12, "117->118": 2, "118->117": 3, "118->119": 1, "119->118": 12, "119->133": 1, "133->119": 12, "133->145": 1, "145->133": 12, "145->158": 1, "158->145": 12, "158->172": 1, "172->158": 12, "172->183": 1, "183->172": 12, "183->196": 1, "196->183": 12, "196->225": 1, "225->196": 12, "225->231": 1, "231->225": 12, "231->239": 1, "239->231": 12, "120->126": 6, "126->120": 6, "121->122": 1, "122->121": 12, "122->124": 1, "124->122": 12, "129->130": 1, "130->129": 12, "130->132": 1, "132->130": 12, "134->136": 1, "136->134": 12, "137->138": 1, "138->137": 12, "139->141": 1, "141->139": 12, "141->143": 1, "143->141": 12, "146->151": 1, "151->146": 12, "147->148": 1, "148->147": 12, "152->153": 1, "153->152": 12, "154->155": 1, "155->154": 12, "155->157": 1, "157->155": 12, "159->161": 1, "161->159": 12, "162->163": 1, "163->162": 12, "164->165": 1, "165->164": 12, "165->171": 1, "171->165": 12, "166->168": 1, "168->166": 12, "169->170": 2, "170->169": 3, "174->182": 1, "182->174": 12, "175->181": 1, "181->175": 12, "176->177": 1, "177->176": 12, "177->179": 1, "179->177": 12, "184->189": 1, "189->184": 12, "185->186": 1, "186->185": 12, "190->191": 1, "191->190": 12, "192->193": 1, "193->192": 12, "193->195": 1, "195->193": 12, "197->208": 6, "208->197": 6, "198->199": 1, "199->198": 12, "199->205": 1, "205->199": 12, "200->201": 1, "201->200": 12, "201->203": 1, "203->201": 12, "206->207": 2, "207->206": 3, "209->224": 10, "224->209": 11, "211->223": 1, "223->211": 12, "212->222": 1, "222->212": 12, "213->214": 1, "214->213": 12, "214->220": 1, "220->214": 12, "215->216": 1, "216->215": 12, "216->218": 1, "218->216": 12, "227->228": 1, "228->227": 12, "228->230": 1, "230->228": 12, "232->234": 1, "234->232": 12, "235->236": 1, "236->235": 12, "237->238": 2, "238->237": 3, "240->248": 9, "248->240": 9, "241->246": 1, "246->241": 12, "242->244": 1, "244->242": 12, "249->255": 10, "255->249": 11, "255->320": 10, "320->255": 11, "320->334": 10, "334->320": 11, "250->253": 6, "253->250": 6, "251->252": 2, "252->251": 3, "256->272": 1, "272->256": 12, "272->292": 1, "292->272": 12, "292->304": 1, "304->292": 12, "257->259": 1, "259->257": 12, "260->261": 1, "261->260": 12, "262->269": 1, "269->262": 12, "269->271": 1, "271->269": 12, "264->265": 1, "265->264": 12, "265->268": 1, "268->265": 12, "266->267": 2, "267->266": 3, "274->291": 1, "291->274": 12, "275->290": 1, "290->275": 12, "276->277": 1, "277->276": 12, "277->288": 1, "288->277": 12, "278->279": 1, "279->278": 12, "279->286": 1, "286->279": 12, "280->281": 1, "281->280": 12, "281->283": 1, "283->281": 12, "284->285": 2, "285->284": 3, "294->295": 1, "295->294": 12, "295->298": 1, "298->295": 12, "298->303": 1, "303->298": 12, "296->297": 2, "297->296": 3, "299->300": 1, "300->299": 12, "300->302": 1, "302->300": 12, "305->308": 1, "308->305": 12, "306->307": 2, "307->306": 3, "310->319": 1, "319->310": 12, "311->318": 1, "318->311": 12, "312->313": 1, "313->312": 12, "313->315": 1, "315->313": 12, "316->317": 2, "317->316": 3, "321->327": 6, "327->321": 6, "322->323": 1, "323->322": 12, "323->325": 1, "325->323": 12, "330->331": 1, "331->330": 12, "331->333": 1, "333->331": 12, "335->346": 6, "346->335": 6, "336->337": 1, "337->336": 12, "337->344": 1, "344->337": 12, "338->339": 1, "339->338": 12, "339->342": 1, "342->339": 12, "340->341": 2, "341->340": 3, "2->3": 2, "3->2": 3, "3->6": 2, "6->3": 3, "8->10": 2, "10->8": 3, "10->12": 2, "12->10": 3, "12->14": 2, "14->12": 3, "14->17": 2, "17->14": 3, "17->18": 2, "18->17": 3, "18->21": 2, "21->18": 3, "22->24": 2, "24->22": 3, "24->26": 2, "26->24": 3, "26->29": 2, "29->26": 3, "30->32": 2, "32->30": 3, "32->34": 2, "34->32": 3, "34->37": 2, "37->34": 3, "38->40": 2, "40->38": 3, "40->42": 2, "42->40": 3, "42->45": 2, "45->42": 3, "45->46": 2, "46->45": 3, "46->49": 2, "49->46": 3, "49->50": 2, "50->49": 3, "50->54": 2, "54->50": 3, "55->57": 2, "57->55": 3, "58->60": 2, "60->58": 3, "60->63": 2, "63->60": 3, "63->65": 2, "65->63": 3, "65->67": 2, "67->65": 3, "67->68": 2, "68->67": 3, "68->71": 2, "71->68": 3, "71->74": 2, "74->71": 3, "74->75": 2, "75->74": 3, "75->78": 2, "78->75": 3, "78->79": 2, "79->78": 3, "79->82": 2, "82->79": 3, "82->83": 2, "83->82": 3, "83->86": 2, "86->83": 3, "86->87": 2, "87->86": 3, "87->92": 2, "92->87": 3, "92->94": 4, "94->92": 5, "94->95": 2, "95->94": 3, "95->100": 2, "100->95": 3, "100->102": 4, "102->100": 5, "102->103": 2, "103->102": 3, "103->108": 2, "108->103": 3, "108->110": 2, "110->108": 3, "110->111": 2, "111->110": 3, "111->114": 2, "114->111": 3, "114->116": 2, "116->114": 3, "116->117": 2, "117->116": 3, "118->121": 2, "121->118": 3, "121->123": 2, "123->121": 3, "123->125": 2, "125->123": 3, "125->129": 2, "129->125": 3, "129->131": 2, "131->129": 3, "131->132": 2, "132->131": 3, "132->135": 2, "135->132": 3, "135->137": 2, "137->135": 3, "137->140": 2, "140->137": 3, "140->142": 2, "142->140": 3, "142->144": 2, "144->142": 3, "144->147": 2, "147->144": 3, "147->150": 2, "150->147": 3, "150->152": 2, "152->150": 3, "152->154": 2, "154->152": 3, "154->156": 2, "156->154": 3, "156->157": 2, "157->156": 3, "157->160": 2, "160->157": 3, "160->162": 2, "162->160": 3, "162->164": 2, "164->162": 3, "164->167": 2, "167->164": 3, "167->169": 2, "169->167": 3, "170->171": 2, "171->170": 3, "171->176": 2, "176->171": 3, "176->178": 2, "178->176": 3, "178->180": 2, "180->178": 3, "180->181": 2, "181->180": 3, "181->182": 2, "182->181": 3, "182->185": 2, "185->182": 3, "185->188": 2, "188->185": 3, "188->190": 2, "190->188": 3, "190->192": 2, "192->190": 3, "192->194": 2, "194->192": 3, "194->195": 2, "195->194": 3, "195->198": 2, "198->195": 3, "198->200": 2, "200->198": 3, "200->202": 2, "202->200": 3, "202->204": 2, "204->202": 3, "204->206": 2, "206->204": 3, "207->213": 2, "213->207": 3, "213->215": 2, "215->213": 3, "215->217": 2, "217->215": 3, "217->219": 2, "219->217": 3, "219->221": 2, "221->219": 3, "221->222": 2, "222->221": 3, "222->223": 2, "223->222": 3, "223->224": 2, "224->223": 3, "224->227": 2, "227->224": 3, "227->229": 2, "229->227": 3, "229->230": 2, "230->229": 3, "230->233": 2, "233->230": 3, "233->235": 2, "235->233": 3, "235->237": 2, "237->235": 3, "238->243": 2, "243->238": 3, "243->245": 2, "245->243": 3, "245->247": 2, "247->245": 3, "247->251": 2, "251->247": 3, "252->254": 2, "254->252": 3, "254->258": 2, "258->254": 3, "258->260": 2, "260->258": 3, "260->264": 2, "264->260": 3, "264->266": 2, "266->264": 3, "267->268": 2, "268->267": 3, "268->270": 2, "270->268": 3, "270->271": 2, "271->270": 3, "271->276": 2, "276->271": 3, "276->278": 2, "278->276": 3, "278->280": 2, "280->278": 3, "280->282": 2, "282->280": 3, "282->284": 2, "284->282": 3, "285->287": 2, "287->285": 3, "287->289": 2, "289->287": 3, "289->290": 2, "290->289": 3, "290->291": 2, "291->290": 3, "291->294": 2, "294->291": 3, "294->296": 2, "296->294": 3, "297->299": 2, "299->297": 3, "299->301": 2, "301->299": 3, "301->302": 2, "302->301": 3, "302->303": 2, "303->302": 3, "303->306": 2, "306->303": 3, "307->312": 2, "312->307": 3, "312->314": 2, "314->312": 3, "314->316": 2, "316->314": 3, "317->318": 2, "318->317": 3, "318->319": 2, "319->318": 3, "319->322": 2, "322->319": 3, "322->324": 2, "324->322": 3, "324->326": 2, "326->324": 3, "326->330": 2, "330->326": 3, "330->332": 2, "332->330": 3, "332->333": 2, "333->332": 3, "333->336": 2, "336->333": 3, "336->338": 2, "338->336": 3, "338->340": 2, "340->338": 3, "341->343": 2, "343->341": 3, "343->345": 2, "345->343": 3, "345->347": 2, "347->345": 3, "347->349": 2, "349->347": 3, "60->100": 4, "100->60": 5, "102->180": 4, "180->102": 5, "180->194": 4, "194->180": 5, "194->219": 4, "219->194": 5, "94->123": 4, "123->94": 5, "123->131": 4, "131->123": 5, "131->324": 4, "324->131": 5, "324->332": 4, "332->324": 5, "108->345": 4, "345->108": 5, "202->229": 4, "229->202": 5, "229->247": 4, "247->229": 5, "289->301": 4, "301->289": 5}, "metrics": [4.0, 0.0, 4.0, 3.0, 55.0, 10.0, 0.0, 1.0, 0.0, 0.0, 5.0]}