{"nodelist": ["ClassDeclaration", "{'public', 'static'}", "public", "static", "incrementRows_call", "FieldDeclaration", "{'private'}", "private", "ReferenceType", "List", "TypeArgument", "ReferenceType", "TIncrement", "VariableDeclarator", "increments", "ConstructorDeclaration", "{'public'}", "public", "incrementRows_call", "FormalParameter", "ReferenceType", "List", "TypeArgument", "ReferenceType", "TIncrement", "increments", "FormalParameter", "ReferenceType", "org", "ReferenceType", "apache", "ReferenceType", "thrift", "ReferenceType", "async", "ReferenceType", "AsyncMethodCallback", "TypeArgument", "ReferenceType", "incrementRows_call", "resultHandler", "FormalParameter", "ReferenceType", "org", "ReferenceType", "apache", "ReferenceType", "thrift", "ReferenceType", "async", "ReferenceType", "TAsyncClient", "client", "FormalParameter", "ReferenceType", "org", "ReferenceType", "apache", "ReferenceType", "thrift", "ReferenceType", "protocol", "ReferenceType", "TProtocolFactory", "protocolFactory", "FormalParameter", "ReferenceType", "org", "ReferenceType", "apache", "ReferenceType", "thrift", "ReferenceType", "transport", "ReferenceType", "TNonblockingTransport", "transport", "org.apache.thrift.TException", "StatementExpression", "SuperConstructorInvocation", "MemberReference", "client", "MemberReference", "protocolFactory", "MemberReference", "transport", "MemberReference", "resultHandler", "Literal", "false", "StatementExpression", "Assignment", "This", "MemberReference", "increments", "MemberReference", "increments", "=", "MethodDeclaration", "{'public'}", "public", "write_args", "FormalParameter", "ReferenceType", "org", "ReferenceType", "apache", "ReferenceType", "thrift", "ReferenceType", "protocol", "ReferenceType", "TProtocol", "prot", "org.apache.thrift.TException", "StatementExpression", "MethodInvocation", "prot", "ClassCreator", "ReferenceType", "org", "ReferenceType", "apache", "ReferenceType", "thrift", "ReferenceType", "protocol", "ReferenceType", "TMessage", "Literal", "\"incrementRows\"", "MemberReference", "org.apache.thrift.protocol.TMessageType", "CALL", "Literal", "0", "writeMessageBegin", "LocalVariableDeclaration", "ReferenceType", "incrementRows_args", "VariableDeclarator", "args", "ClassCreator", "ReferenceType", "incrementRows_args", "StatementExpression", "MethodInvocation", "args", "MemberReference", "increments", "setIncrements", "StatementExpression", "MethodInvocation", "args", "MemberReference", "prot", "write", "StatementExpression", "MethodInvocation", "prot", "writeMessageEnd", "MethodDeclaration", "{'public'}", "public", "getResult", "IOError", "org.apache.thrift.TException", "IfStatement", "BinaryOperation", "!=", "MethodInvocation", "getState", "MemberReference", "org.apache.thrift.async.TAsyncMethodCall.State", "RESPONSE_READ", "BlockStatement", "ThrowStatement", "ClassCreator", "ReferenceType", "IllegalStateException", "Literal", "\"Method call not finished!\"", "LocalVariableDeclaration", "ReferenceType", "org", "ReferenceType", "apache", "ReferenceType", "thrift", "ReferenceType", "transport", "ReferenceType", "TMemoryInputTransport", "VariableDeclarator", "memoryTransport", "ClassCreator", "ReferenceType", "org", "ReferenceType", "apache", "ReferenceType", "thrift", "ReferenceType", "transport", "ReferenceType", "TMemoryInputTransport", "MethodInvocation", "MethodInvocation", "array", "getFrameBuffer", "LocalVariableDeclaration", "ReferenceType", "org", "ReferenceType", "apache", "ReferenceType", "thrift", "ReferenceType", "protocol", "ReferenceType", "TProtocol", "VariableDeclarator", "prot", "MethodInvocation", "client", "MethodInvocation", "MemberReference", "memoryTransport", "getProtocol", "getProtocolFactory", "StatementExpression", "ClassCreator", "MethodInvocation", "recv_incrementRows", "ReferenceType", "Client", "MemberReference", "prot", "ReferenceType", "org", "ReferenceType", "apache", "ReferenceType", "thrift", "ReferenceType", "async", "ReferenceType", "TAsyncMethodCall"], "nodes": {"0": "ClassDeclaration", "1": "Modifier", "2": "public", "3": "static", "4": "incrementRows_call", "5": "FieldDeclaration", "6": "Modifier", "7": "private", "8": "ReferenceType", "9": "List", "10": "TypeArgument", "11": "ReferenceType", "12": "TIncrement", "13": "VariableDeclarator", "14": "increments", "15": "ConstructorDeclaration", "16": "Modifier", "17": "public", "18": "incrementRows_call", "19": "FormalParameter", "20": "ReferenceType", "21": "List", "22": "TypeArgument", "23": "ReferenceType", "24": "TIncrement", "25": "increments", "26": "FormalParameter", "27": "ReferenceType", "28": "org", "29": "ReferenceType", "30": "apache", "31": "ReferenceType", "32": "thrift", "33": "ReferenceType", "34": "async", "35": "ReferenceType", "36": "AsyncMethodCallback", "37": "TypeArgument", "38": "ReferenceType", "39": "incrementRows_call", "40": "resultHandler", "41": "FormalParameter", "42": "ReferenceType", "43": "org", "44": "ReferenceType", "45": "apache", "46": "ReferenceType", "47": "thrift", "48": "ReferenceType", "49": "async", "50": "ReferenceType", "51": "TAsyncClient", "52": "client", "53": "FormalParameter", "54": "ReferenceType", "55": "org", "56": "ReferenceType", "57": "apache", "58": "ReferenceType", "59": "thrift", "60": "ReferenceType", "61": "protocol", "62": "ReferenceType", "63": "TProtocolFactory", "64": "protocolFactory", "65": "FormalParameter", "66": "ReferenceType", "67": "org", "68": "ReferenceType", "69": "apache", "70": "ReferenceType", "71": "thrift", "72": "ReferenceType", "73": "transport", "74": "ReferenceType", "75": "TNonblockingTransport", "76": "transport", "77": "org.apache.thrift.TException", "78": "StatementExpression", "79": "SuperConstructorInvocation", "80": "MemberReference", "81": "client", "82": "MemberReference", "83": "protocolFactory", "84": "MemberReference", "85": "transport", "86": "MemberReference", "87": "resultHandler", "88": "Literal", "89": "false", "90": "StatementExpression", "91": "Assignment", "92": "This", "93": "MemberReference", "94": "increments", "95": "MemberReference", "96": "increments", "97": "=", "98": "MethodDeclaration", "99": "Modifier", "100": "public", "101": "write_args", "102": "FormalParameter", "103": "ReferenceType", "104": "org", "105": "ReferenceType", "106": "apache", "107": "ReferenceType", "108": "thrift", "109": "ReferenceType", "110": "protocol", "111": "ReferenceType", "112": "TProtocol", "113": "prot", "114": "org.apache.thrift.TException", "115": "StatementExpression", "116": "MethodInvocation", "117": "prot", "118": "ClassCreator", "119": "ReferenceType", "120": "org", "121": "ReferenceType", "122": "apache", "123": "ReferenceType", "124": "thrift", "125": "ReferenceType", "126": "protocol", "127": "ReferenceType", "128": "TMessage", "129": "Literal", "130": "\"incrementRows\"", "131": "MemberReference", "132": "org.apache.thrift.protocol.TMessageType", "133": "CALL", "134": "Literal", "135": "0", "136": "writeMessageBegin", "137": "LocalVariableDeclaration", "138": "ReferenceType", "139": "incrementRows_args", "140": "VariableDeclarator", "141": "args", "142": "ClassCreator", "143": "ReferenceType", "144": "incrementRows_args", "145": "StatementExpression", "146": "MethodInvocation", "147": "args", "148": "MemberReference", "149": "increments", "150": "setIncrements", "151": "StatementExpression", "152": "MethodInvocation", "153": "args", "154": "MemberReference", "155": "prot", "156": "write", "157": "StatementExpression", "158": "MethodInvocation", "159": "prot", "160": "writeMessageEnd", "161": "MethodDeclaration", "162": "Modifier", "163": "public", "164": "getResult", "165": "IOError", "166": "org.apache.thrift.TException", "167": "IfStatement", "168": "BinaryOperation", "169": "!=", "170": "MethodInvocation", "171": "getState", "172": "MemberReference", "173": "org.apache.thrift.async.TAsyncMethodCall.State", "174": "RESPONSE_READ", "175": "BlockStatement", "176": "ThrowStatement", "177": "ClassCreator", "178": "ReferenceType", "179": "IllegalStateException", "180": "Literal", "181": "\"Method call not finished!\"", "182": "LocalVariableDeclaration", "183": "ReferenceType", "184": "org", "185": "ReferenceType", "186": "apache", "187": "ReferenceType", "188": "thrift", "189": "ReferenceType", "190": "transport", "191": "ReferenceType", "192": "TMemoryInputTransport", "193": "VariableDeclarator", "194": "memoryTransport", "195": "ClassCreator", "196": "ReferenceType", "197": "org", "198": "ReferenceType", "199": "apache", "200": "ReferenceType", "201": "thrift", "202": "ReferenceType", "203": "transport", "204": "ReferenceType", "205": "TMemoryInputTransport", "206": "MethodInvocation", "207": "MethodInvocation", "208": "array", "209": "getFrameBuffer", "210": "LocalVariableDeclaration", "211": "ReferenceType", "212": "org", "213": "ReferenceType", "214": "apache", "215": "ReferenceType", "216": "thrift", "217": "ReferenceType", "218": "protocol", "219": "ReferenceType", "220": "TProtocol", "221": "VariableDeclarator", "222": "prot", "223": "MethodInvocation", "224": "client", "225": "MethodInvocation", "226": "MemberReference", "227": "memoryTransport", "228": "getProtocol", "229": "getProtocolFactory", "230": "StatementExpression", "231": "ClassCreator", "232": "MethodInvocation", "233": "recv_incrementRows", "234": "ReferenceType", "235": "Client", "236": "MemberReference", "237": "prot", "238": "ReferenceType", "239": "org", "240": "ReferenceType", "241": "apache", "242": "ReferenceType", "243": "thrift", "244": "ReferenceType", "245": "async", "246": "ReferenceType", "247": "TAsyncMethodCall"}, "edges": {"0->1": 0, "1->0": 0, "1->2": 0, "2->1": 0, "1->3": 0, "3->1": 0, "0->4": 0, "4->0": 0, "0->5": 0, "5->0": 0, "5->6": 0, "6->5": 0, "6->7": 0, "7->6": 0, "5->8": 0, "8->5": 0, "8->9": 0, "9->8": 0, "8->10": 0, "10->8": 0, "10->11": 0, "11->10": 0, "11->12": 0, "12->11": 0, "5->13": 0, "13->5": 0, "13->14": 0, "14->13": 0, "0->15": 0, "15->0": 0, "15->16": 0, "16->15": 0, "16->17": 0, "17->16": 0, "15->18": 0, "18->15": 0, "15->19": 0, "19->15": 0, "19->20": 0, "20->19": 0, "20->21": 0, "21->20": 0, "20->22": 0, "22->20": 0, "22->23": 0, "23->22": 0, "23->24": 0, "24->23": 0, "19->25": 0, "25->19": 0, "15->26": 0, "26->15": 0, "26->27": 0, "27->26": 0, "27->28": 0, "28->27": 0, "27->29": 0, "29->27": 0, "29->30": 0, "30->29": 0, "29->31": 0, "31->29": 0, "31->32": 0, "32->31": 0, "31->33": 0, "33->31": 0, "33->34": 0, "34->33": 0, "33->35": 0, "35->33": 0, "35->36": 0, "36->35": 0, "35->37": 0, "37->35": 0, "37->38": 0, "38->37": 0, "38->39": 0, "39->38": 0, "26->40": 0, "40->26": 0, "15->41": 0, "41->15": 0, "41->42": 0, "42->41": 0, "42->43": 0, "43->42": 0, "42->44": 0, "44->42": 0, "44->45": 0, "45->44": 0, "44->46": 0, "46->44": 0, "46->47": 0, "47->46": 0, "46->48": 0, "48->46": 0, "48->49": 0, "49->48": 0, "48->50": 0, "50->48": 0, "50->51": 0, "51->50": 0, "41->52": 0, "52->41": 0, "15->53": 0, "53->15": 0, "53->54": 0, "54->53": 0, "54->55": 0, "55->54": 0, "54->56": 0, "56->54": 0, "56->57": 0, "57->56": 0, "56->58": 0, "58->56": 0, "58->59": 0, "59->58": 0, "58->60": 0, "60->58": 0, "60->61": 0, "61->60": 0, "60->62": 0, "62->60": 0, "62->63": 0, "63->62": 0, "53->64": 0, "64->53": 0, "15->65": 0, "65->15": 0, "65->66": 0, "66->65": 0, "66->67": 0, "67->66": 0, "66->68": 0, "68->66": 0, "68->69": 0, "69->68": 0, "68->70": 0, "70->68": 0, "70->71": 0, "71->70": 0, "70->72": 0, "72->70": 0, "72->73": 0, "73->72": 0, "72->74": 0, "74->72": 0, "74->75": 0, "75->74": 0, "65->76": 0, "76->65": 0, "15->77": 0, "77->15": 0, "15->78": 0, "78->15": 0, "78->79": 0, "79->78": 0, "79->80": 0, "80->79": 0, "80->81": 0, "81->80": 0, "79->82": 0, "82->79": 0, "82->83": 0, "83->82": 0, "79->84": 0, "84->79": 0, "84->85": 0, "85->84": 0, "79->86": 0, "86->79": 0, "86->87": 0, "87->86": 0, "79->88": 0, "88->79": 0, "88->89": 0, "89->88": 0, "15->90": 0, "90->15": 0, "90->91": 0, "91->90": 0, "91->92": 0, "92->91": 0, "92->93": 0, "93->92": 0, "93->94": 0, "94->93": 0, "91->95": 0, "95->91": 0, "95->96": 0, "96->95": 0, "91->97": 0, "97->91": 0, "0->98": 0, "98->0": 0, "98->99": 0, "99->98": 0, "99->100": 0, "100->99": 0, "98->101": 0, "101->98": 0, "98->102": 0, "102->98": 0, "102->103": 0, "103->102": 0, "103->104": 0, "104->103": 0, "103->105": 0, "105->103": 0, "105->106": 0, "106->105": 0, "105->107": 0, "107->105": 0, "107->108": 0, "108->107": 0, "107->109": 0, "109->107": 0, "109->110": 0, "110->109": 0, "109->111": 0, "111->109": 0, "111->112": 0, "112->111": 0, "102->113": 0, "113->102": 0, "98->114": 0, "114->98": 0, "98->115": 0, "115->98": 0, "115->116": 0, "116->115": 0, "116->117": 0, "117->116": 0, "116->118": 0, "118->116": 0, "118->119": 0, "119->118": 0, "119->120": 0, "120->119": 0, "119->121": 0, "121->119": 0, "121->122": 0, "122->121": 0, "121->123": 0, "123->121": 0, "123->124": 0, "124->123": 0, "123->125": 0, "125->123": 0, "125->126": 0, "126->125": 0, "125->127": 0, "127->125": 0, "127->128": 0, "128->127": 0, "118->129": 0, "129->118": 0, "129->130": 0, "130->129": 0, "118->131": 0, "131->118": 0, "131->132": 0, "132->131": 0, "131->133": 0, "133->131": 0, "118->134": 0, "134->118": 0, "134->135": 0, "135->134": 0, "116->136": 0, "136->116": 0, "98->137": 0, "137->98": 0, "137->138": 0, "138->137": 0, "138->139": 0, "139->138": 0, "137->140": 0, "140->137": 0, "140->141": 0, "141->140": 0, "140->142": 0, "142->140": 0, "142->143": 0, "143->142": 0, "143->144": 0, "144->143": 0, "98->145": 0, "145->98": 0, "145->146": 0, "146->145": 0, "146->147": 0, "147->146": 0, "146->148": 0, "148->146": 0, "148->149": 0, "149->148": 0, "146->150": 0, "150->146": 0, "98->151": 0, "151->98": 0, "151->152": 0, "152->151": 0, "152->153": 0, "153->152": 0, "152->154": 0, "154->152": 0, "154->155": 0, "155->154": 0, "152->156": 0, "156->152": 0, "98->157": 0, "157->98": 0, "157->158": 0, "158->157": 0, "158->159": 0, "159->158": 0, "158->160": 0, "160->158": 0, "0->161": 0, "161->0": 0, "161->162": 0, "162->161": 0, "162->163": 0, "163->162": 0, "161->164": 0, "164->161": 0, "161->165": 0, "165->161": 0, "161->166": 0, "166->161": 0, "161->167": 0, "167->161": 0, "167->168": 0, "168->167": 0, "168->169": 0, "169->168": 0, "168->170": 0, "170->168": 0, "170->171": 0, "171->170": 0, "168->172": 0, "172->168": 0, "172->173": 0, "173->172": 0, "172->174": 0, "174->172": 0, "167->175": 0, "175->167": 0, "175->176": 0, "176->175": 0, "176->177": 0, "177->176": 0, "177->178": 0, "178->177": 0, "178->179": 0, "179->178": 0, "177->180": 0, "180->177": 0, "180->181": 0, "181->180": 0, "161->182": 0, "182->161": 0, "182->183": 0, "183->182": 0, "183->184": 0, "184->183": 0, "183->185": 0, "185->183": 0, "185->186": 0, "186->185": 0, "185->187": 0, "187->185": 0, "187->188": 0, "188->187": 0, "187->189": 0, "189->187": 0, "189->190": 0, "190->189": 0, "189->191": 0, "191->189": 0, "191->192": 0, "192->191": 0, "182->193": 0, "193->182": 0, "193->194": 0, "194->193": 0, "193->195": 0, "195->193": 0, "195->196": 0, "196->195": 0, "196->197": 0, "197->196": 0, "196->198": 0, "198->196": 0, "198->199": 0, "199->198": 0, "198->200": 0, "200->198": 0, "200->201": 0, "201->200": 0, "200->202": 0, "202->200": 0, "202->203": 0, "203->202": 0, "202->204": 0, "204->202": 0, "204->205": 0, "205->204": 0, "195->206": 0, "206->195": 0, "206->207": 0, "207->206": 0, "207->208": 0, "208->207": 0, "206->209": 0, "209->206": 0, "161->210": 0, "210->161": 0, "210->211": 0, "211->210": 0, "211->212": 0, "212->211": 0, "211->213": 0, "213->211": 0, "213->214": 0, "214->213": 0, "213->215": 0, "215->213": 0, "215->216": 0, "216->215": 0, "215->217": 0, "217->215": 0, "217->218": 0, "218->217": 0, "217->219": 0, "219->217": 0, "219->220": 0, "220->219": 0, "210->221": 0, "221->210": 0, "221->222": 0, "222->221": 0, "221->223": 0, "223->221": 0, "223->224": 0, "224->223": 0, "223->225": 0, "225->223": 0, "225->226": 0, "226->225": 0, "226->227": 0, "227->226": 0, "225->228": 0, "228->225": 0, "223->229": 0, "229->223": 0, "161->230": 0, "230->161": 0, "230->231": 0, "231->230": 0, "231->232": 0, "232->231": 0, "232->233": 0, "233->232": 0, "231->234": 0, "234->231": 0, "234->235": 0, "235->234": 0, "231->236": 0, "236->231": 0, "236->237": 0, "237->236": 0, "0->238": 0, "238->0": 0, "238->239": 0, "239->238": 0, "238->240": 0, "240->238": 0, "240->241": 0, "241->240": 0, "240->242": 0, "242->240": 0, "242->243": 0, "243->242": 0, "242->244": 0, "244->242": 0, "244->245": 0, "245->244": 0, "244->246": 0, "246->244": 0, "246->247": 0, "247->246": 0, "1->4": 1, "4->1": 12, "4->5": 1, "5->4": 12, "5->15": 1, "15->5": 12, "15->98": 1, "98->15": 12, "98->161": 1, "161->98": 12, "161->238": 1, "238->161": 12, "2->3": 2, "3->2": 3, "6->8": 1, "8->6": 12, "8->13": 1, "13->8": 12, "9->10": 1, "10->9": 12, "16->18": 1, "18->16": 12, "18->19": 1, "19->18": 12, "19->26": 1, "26->19": 12, "26->41": 1, "41->26": 12, "41->53": 1, "53->41": 12, "53->65": 1, "65->53": 12, "65->77": 1, "77->65": 12, "77->78": 1, "78->77": 12, "78->90": 1, "90->78": 12, "20->25": 1, "25->20": 12, "21->22": 1, "22->21": 12, "27->40": 1, "40->27": 12, "28->29": 1, "29->28": 12, "30->31": 1, "31->30": 12, "32->33": 1, "33->32": 12, "34->35": 1, "35->34": 12, "36->37": 1, "37->36": 12, "42->52": 1, "52->42": 12, "43->44": 1, "44->43": 12, "45->46": 1, "46->45": 12, "47->48": 1, "48->47": 12, "49->50": 1, "50->49": 12, "54->64": 1, "64->54": 12, "55->56": 1, "56->55": 12, "57->58": 1, "58->57": 12, "59->60": 1, "60->59": 12, "61->62": 1, "62->61": 12, "66->76": 1, "76->66": 12, "67->68": 1, "68->67": 12, "69->70": 1, "70->69": 12, "71->72": 1, "72->71": 12, "73->74": 1, "74->73": 12, "80->82": 1, "82->80": 12, "82->84": 1, "84->82": 12, "84->86": 1, "86->84": 12, "86->88": 1, "88->86": 12, "92->95": 1, "95->92": 12, "95->97": 1, "97->95": 12, "99->101": 1, "101->99": 12, "101->102": 1, "102->101": 12, "102->114": 1, "114->102": 12, "114->115": 1, "115->114": 12, "115->137": 1, "137->115": 12, "137->145": 1, "145->137": 12, "145->151": 1, "151->145": 12, "151->157": 1, "157->151": 12, "103->113": 1, "113->103": 12, "104->105": 1, "105->104": 12, "106->107": 1, "107->106": 12, "108->109": 1, "109->108": 12, "110->111": 1, "111->110": 12, "117->118": 1, "118->117": 12, "118->136": 1, "136->118": 12, "119->129": 1, "129->119": 12, "129->131": 1, "131->129": 12, "131->134": 1, "134->131": 12, "120->121": 1, "121->120": 12, "122->123": 1, "123->122": 12, "124->125": 1, "125->124": 12, "126->127": 1, "127->126": 12, "132->133": 2, "133->132": 3, "138->140": 1, "140->138": 12, "141->142": 1, "142->141": 12, "147->148": 1, "148->147": 12, "148->150": 1, "150->148": 12, "153->154": 1, "154->153": 12, "154->156": 1, "156->154": 12, "159->160": 2, "160->159": 3, "162->164": 1, "164->162": 12, "164->165": 2, "165->164": 3, "165->166": 2, "166->165": 3, "166->167": 1, "167->166": 12, "167->182": 1, "182->167": 12, "182->210": 1, "210->182": 12, "210->230": 1, "230->210": 12, "168->175": 6, "175->168": 6, "169->170": 1, "170->169": 12, "170->172": 1, "172->170": 12, "173->174": 2, "174->173": 3, "178->180": 1, "180->178": 12, "183->193": 1, "193->183": 12, "184->185": 1, "185->184": 12, "186->187": 1, "187->186": 12, "188->189": 1, "189->188": 12, "190->191": 1, "191->190": 12, "194->195": 1, "195->194": 12, "196->206": 1, "206->196": 12, "197->198": 1, "198->197": 12, "199->200": 1, "200->199": 12, "201->202": 1, "202->201": 12, "203->204": 1, "204->203": 12, "207->209": 1, "209->207": 12, "211->221": 1, "221->211": 12, "212->213": 1, "213->212": 12, "214->215": 1, "215->214": 12, "216->217": 1, "217->216": 12, "218->219": 1, "219->218": 12, "222->223": 1, "223->222": 12, "224->225": 1, "225->224": 12, "225->229": 1, "229->225": 12, "226->228": 1, "228->226": 12, "232->234": 1, "234->232": 12, "234->236": 1, "236->234": 12, "239->240": 1, "240->239": 12, "241->242": 1, "242->241": 12, "243->244": 1, "244->243": 12, "245->246": 1, "246->245": 12, "3->4": 2, "4->3": 3, "4->7": 2, "7->4": 3, "7->9": 2, "9->7": 3, "9->12": 2, "12->9": 3, "12->14": 2, "14->12": 3, "14->17": 2, "17->14": 3, "17->18": 2, "18->17": 3, "18->21": 2, "21->18": 3, "21->24": 2, "24->21": 3, "24->25": 2, "25->24": 3, "25->28": 2, "28->25": 3, "28->30": 2, "30->28": 3, "30->32": 2, "32->30": 3, "32->34": 2, "34->32": 3, "34->36": 2, "36->34": 3, "36->39": 2, "39->36": 3, "39->40": 2, "40->39": 3, "40->43": 2, "43->40": 3, "43->45": 2, "45->43": 3, "45->47": 2, "47->45": 3, "47->49": 2, "49->47": 3, "49->51": 2, "51->49": 3, "51->52": 2, "52->51": 3, "52->55": 2, "55->52": 3, "55->57": 2, "57->55": 3, "57->59": 2, "59->57": 3, "59->61": 2, "61->59": 3, "61->63": 2, "63->61": 3, "63->64": 2, "64->63": 3, "64->67": 2, "67->64": 3, "67->69": 2, "69->67": 3, "69->71": 2, "71->69": 3, "71->73": 2, "73->71": 3, "73->75": 2, "75->73": 3, "75->76": 2, "76->75": 3, "76->77": 2, "77->76": 3, "77->81": 2, "81->77": 3, "81->83": 2, "83->81": 3, "83->85": 2, "85->83": 3, "85->87": 2, "87->85": 3, "87->89": 2, "89->87": 3, "89->94": 2, "94->89": 3, "94->96": 4, "96->94": 5, "96->97": 2, "97->96": 3, "97->100": 2, "100->97": 3, "100->101": 2, "101->100": 3, "101->104": 2, "104->101": 3, "104->106": 2, "106->104": 3, "106->108": 2, "108->106": 3, "108->110": 2, "110->108": 3, "110->112": 2, "112->110": 3, "112->113": 2, "113->112": 3, "113->114": 2, "114->113": 3, "114->117": 2, "117->114": 3, "117->120": 2, "120->117": 3, "120->122": 2, "122->120": 3, "122->124": 2, "124->122": 3, "124->126": 2, "126->124": 3, "126->128": 2, "128->126": 3, "128->130": 2, "130->128": 3, "130->132": 2, "132->130": 3, "133->135": 2, "135->133": 3, "135->136": 2, "136->135": 3, "136->139": 2, "139->136": 3, "139->141": 2, "141->139": 3, "141->144": 2, "144->141": 3, "144->147": 2, "147->144": 3, "147->149": 2, "149->147": 3, "149->150": 2, "150->149": 3, "150->153": 2, "153->150": 3, "153->155": 2, "155->153": 3, "155->156": 2, "156->155": 3, "156->159": 2, "159->156": 3, "160->163": 2, "163->160": 3, "163->164": 2, "164->163": 3, "166->169": 2, "169->166": 3, "169->171": 2, "171->169": 3, "171->173": 2, "173->171": 3, "174->179": 2, "179->174": 3, "179->181": 2, "181->179": 3, "181->184": 2, "184->181": 3, "184->186": 2, "186->184": 3, "186->188": 2, "188->186": 3, "188->190": 2, "190->188": 3, "190->192": 2, "192->190": 3, "192->194": 2, "194->192": 3, "194->197": 2, "197->194": 3, "197->199": 2, "199->197": 3, "199->201": 2, "201->199": 3, "201->203": 2, "203->201": 3, "203->205": 2, "205->203": 3, "205->208": 2, "208->205": 3, "208->209": 2, "209->208": 3, "209->212": 2, "212->209": 3, "212->214": 2, "214->212": 3, "214->216": 2, "216->214": 3, "216->218": 2, "218->216": 3, "218->220": 2, "220->218": 3, "220->222": 2, "222->220": 3, "222->224": 2, "224->222": 3, "224->227": 2, "227->224": 3, "227->228": 2, "228->227": 3, "228->229": 2, "229->228": 3, "229->233": 2, "233->229": 3, "233->235": 2, "235->233": 3, "235->237": 2, "237->235": 3, "237->239": 2, "239->237": 3, "239->241": 2, "241->239": 3, "241->243": 2, "243->241": 3, "243->245": 2, "245->243": 3, "245->247": 2, "247->245": 3, "96->149": 4, "149->96": 5, "155->237": 4, "237->155": 5}, "metrics": [1.0, 0.0, 3.0, 3.0, 22.0, 4.0, 0.0, 0.0, 0.6666666666666666, 0.0, 1.0]}