{"nodelist": ["ClassDeclaration", "{'public'}", "public", "Annotation", "InterfaceAudience.Public", "Annotation", "InterfaceStability.Evolving", "RegionTooBusyException", "FieldDeclaration", "{'final', 'private', 'static'}", "final", "private", "static", "BasicType", "long", "VariableDeclarator", "serialVersionUID", "Literal", "1728345723728342L", "ConstructorDeclaration", "{'public'}", "public", "RegionTooBusyException", "StatementExpression", "SuperConstructorInvocation", "ConstructorDeclaration", "{'public'}", "public", "RegionTooBusyException", "FormalParameter", "{'final'}", "final", "ReferenceType", "String", "msg", "StatementExpression", "SuperConstructorInvocation", "MemberReference", "msg", "ReferenceType", "IOException"], "nodes": {"0": "ClassDeclaration", "1": "Modifier", "2": "public", "3": "Annotation", "4": "InterfaceAudience.Public", "5": "Annotation", "6": "InterfaceStability.Evolving", "7": "RegionTooBusyException", "8": "FieldDeclaration", "9": "Modifier", "10": "final", "11": "private", "12": "static", "13": "BasicType", "14": "long", "15": "VariableDeclarator", "16": "serialVersionUID", "17": "Literal", "18": "1728345723728342L", "19": "ConstructorDeclaration", "20": "Modifier", "21": "public", "22": "RegionTooBusyException", "23": "StatementExpression", "24": "SuperConstructorInvocation", "25": "ConstructorDeclaration", "26": "Modifier", "27": "public", "28": "RegionTooBusyException", "29": "FormalParameter", "30": "Modifier", "31": "final", "32": "ReferenceType", "33": "String", "34": "msg", "35": "StatementExpression", "36": "SuperConstructorInvocation", "37": "MemberReference", "38": "msg", "39": "ReferenceType", "40": "IOException"}, "edges": {"0->1": 0, "1->0": 0, "1->2": 0, "2->1": 0, "0->3": 0, "3->0": 0, "3->4": 0, "4->3": 0, "0->5": 0, "5->0": 0, "5->6": 0, "6->5": 0, "0->7": 0, "7->0": 0, "0->8": 0, "8->0": 0, "8->9": 0, "9->8": 0, "9->10": 0, "10->9": 0, "9->11": 0, "11->9": 0, "9->12": 0, "12->9": 0, "8->13": 0, "13->8": 0, "13->14": 0, "14->13": 0, "8->15": 0, "15->8": 0, "15->16": 0, "16->15": 0, "15->17": 0, "17->15": 0, "17->18": 0, "18->17": 0, "0->19": 0, "19->0": 0, "19->20": 0, "20->19": 0, "20->21": 0, "21->20": 0, "19->22": 0, "22->19": 0, "19->23": 0, "23->19": 0, "23->24": 0, "24->23": 0, "0->25": 0, "25->0": 0, "25->26": 0, "26->25": 0, "26->27": 0, "27->26": 0, "25->28": 0, "28->25": 0, "25->29": 0, "29->25": 0, "29->30": 0, "30->29": 0, "30->31": 0, "31->30": 0, "29->32": 0, "32->29": 0, "32->33": 0, "33->32": 0, "29->34": 0, "34->29": 0, "25->35": 0, "35->25": 0, "35->36": 0, "36->35": 0, "36->37": 0, "37->36": 0, "37->38": 0, "38->37": 0, "0->39": 0, "39->0": 0, "39->40": 0, "40->39": 0, "1->3": 1, "3->1": 12, "3->5": 1, "5->3": 12, "5->7": 1, "7->5": 12, "7->8": 1, "8->7": 12, "8->19": 1, "19->8": 12, "19->25": 1, "25->19": 12, "25->39": 1, "39->25": 12, "9->13": 1, "13->9": 12, "13->15": 1, "15->13": 12, "10->11": 2, "11->10": 3, "11->12": 2, "12->11": 3, "16->17": 1, "17->16": 12, "20->22": 1, "22->20": 12, "22->23": 1, "23->22": 12, "26->28": 1, "28->26": 12, "28->29": 1, "29->28": 12, "29->35": 1, "35->29": 12, "30->32": 1, "32->30": 12, "32->34": 1, "34->32": 12, "2->4": 2, "4->2": 3, "4->6": 2, "6->4": 3, "6->7": 2, "7->6": 3, "7->10": 2, "10->7": 3, "12->14": 2, "14->12": 3, "14->16": 2, "16->14": 3, "16->18": 2, "18->16": 3, "18->21": 2, "21->18": 3, "21->22": 2, "22->21": 3, "22->24": 2, "24->22": 3, "24->27": 2, "27->24": 3, "27->28": 2, "28->27": 3, "28->31": 2, "31->28": 3, "31->33": 2, "33->31": 3, "33->34": 2, "34->33": 3, "34->38": 2, "38->34": 3, "38->40": 2, "40->38": 3}, "metrics": [1.0, 0.0, 2.0, 2.0, 19.0, 2.0, 0.0, 0.0, 1.0, 0.0, 0.0]}