{"nodelist": ["InterfaceDeclaration", "{'public', 'static'}", "public", "static", "Incommon", "MethodDeclaration", "{'public'}", "public", "delete", "FormalParameter", "ReferenceType", "Delete", "delete", "FormalParameter", "ReferenceType", "Integer", "lockid", "FormalParameter", "BasicType", "boolean", "writeToWAL", "IOException", "MethodDeclaration", "{'public'}", "public", "put", "FormalParameter", "ReferenceType", "Put", "put", "IOException", "MethodDeclaration", "{'public'}", "public", "ReferenceType", "Result", "get", "FormalParameter", "ReferenceType", "Get", "get", "IOException", "MethodDeclaration", "{'public'}", "public", "ReferenceType", "ScannerIncommon", "getScanner", "FormalParameter", "BasicType", "byte", "family", "FormalParameter", "BasicType", "byte", "qualifiers", "FormalParameter", "BasicType", "byte", "firstRow", "FormalParameter", "BasicType", "long", "ts", "IOException"], "nodes": {"0": "InterfaceDeclaration", "1": "Modifier", "2": "public", "3": "static", "4": "Incommon", "5": "MethodDeclaration", "6": "Modifier", "7": "public", "8": "delete", "9": "FormalParameter", "10": "ReferenceType", "11": "Delete", "12": "delete", "13": "FormalParameter", "14": "ReferenceType", "15": "Integer", "16": "lockid", "17": "FormalParameter", "18": "BasicType", "19": "boolean", "20": "writeToWAL", "21": "IOException", "22": "MethodDeclaration", "23": "Modifier", "24": "public", "25": "put", "26": "FormalParameter", "27": "ReferenceType", "28": "Put", "29": "put", "30": "IOException", "31": "MethodDeclaration", "32": "Modifier", "33": "public", "34": "ReferenceType", "35": "Result", "36": "get", "37": "FormalParameter", "38": "ReferenceType", "39": "Get", "40": "get", "41": "IOException", "42": "MethodDeclaration", "43": "Modifier", "44": "public", "45": "ReferenceType", "46": "ScannerIncommon", "47": "getScanner", "48": "FormalParameter", "49": "BasicType", "50": "byte", "51": "family", "52": "FormalParameter", "53": "BasicType", "54": "byte", "55": "qualifiers", "56": "FormalParameter", "57": "BasicType", "58": "byte", "59": "firstRow", "60": "FormalParameter", "61": "BasicType", "62": "long", "63": "ts", "64": "IOException"}, "edges": {"0->1": 0, "1->0": 0, "1->2": 0, "2->1": 0, "1->3": 0, "3->1": 0, "0->4": 0, "4->0": 0, "0->5": 0, "5->0": 0, "5->6": 0, "6->5": 0, "6->7": 0, "7->6": 0, "5->8": 0, "8->5": 0, "5->9": 0, "9->5": 0, "9->10": 0, "10->9": 0, "10->11": 0, "11->10": 0, "9->12": 0, "12->9": 0, "5->13": 0, "13->5": 0, "13->14": 0, "14->13": 0, "14->15": 0, "15->14": 0, "13->16": 0, "16->13": 0, "5->17": 0, "17->5": 0, "17->18": 0, "18->17": 0, "18->19": 0, "19->18": 0, "17->20": 0, "20->17": 0, "5->21": 0, "21->5": 0, "0->22": 0, "22->0": 0, "22->23": 0, "23->22": 0, "23->24": 0, "24->23": 0, "22->25": 0, "25->22": 0, "22->26": 0, "26->22": 0, "26->27": 0, "27->26": 0, "27->28": 0, "28->27": 0, "26->29": 0, "29->26": 0, "22->30": 0, "30->22": 0, "0->31": 0, "31->0": 0, "31->32": 0, "32->31": 0, "32->33": 0, "33->32": 0, "31->34": 0, "34->31": 0, "34->35": 0, "35->34": 0, "31->36": 0, "36->31": 0, "31->37": 0, "37->31": 0, "37->38": 0, "38->37": 0, "38->39": 0, "39->38": 0, "37->40": 0, "40->37": 0, "31->41": 0, "41->31": 0, "0->42": 0, "42->0": 0, "42->43": 0, "43->42": 0, "43->44": 0, "44->43": 0, "42->45": 0, "45->42": 0, "45->46": 0, "46->45": 0, "42->47": 0, "47->42": 0, "42->48": 0, "48->42": 0, "48->49": 0, "49->48": 0, "49->50": 0, "50->49": 0, "48->51": 0, "51->48": 0, "42->52": 0, "52->42": 0, "52->53": 0, "53->52": 0, "53->54": 0, "54->53": 0, "52->55": 0, "55->52": 0, "42->56": 0, "56->42": 0, "56->57": 0, "57->56": 0, "57->58": 0, "58->57": 0, "56->59": 0, "59->56": 0, "42->60": 0, "60->42": 0, "60->61": 0, "61->60": 0, "61->62": 0, "62->61": 0, "60->63": 0, "63->60": 0, "42->64": 0, "64->42": 0, "1->4": 1, "4->1": 12, "4->5": 1, "5->4": 12, "5->22": 1, "22->5": 12, "22->31": 1, "31->22": 12, "31->42": 1, "42->31": 12, "2->3": 2, "3->2": 3, "6->8": 1, "8->6": 12, "8->9": 1, "9->8": 12, "9->13": 1, "13->9": 12, "13->17": 1, "17->13": 12, "17->21": 1, "21->17": 12, "10->12": 1, "12->10": 12, "14->16": 1, "16->14": 12, "18->20": 1, "20->18": 12, "23->25": 1, "25->23": 12, "25->26": 1, "26->25": 12, "26->30": 1, "30->26": 12, "27->29": 1, "29->27": 12, "32->34": 1, "34->32": 12, "34->36": 1, "36->34": 12, "36->37": 1, "37->36": 12, "37->41": 1, "41->37": 12, "38->40": 1, "40->38": 12, "43->45": 1, "45->43": 12, "45->47": 1, "47->45": 12, "47->48": 1, "48->47": 12, "48->52": 1, "52->48": 12, "52->56": 1, "56->52": 12, "56->60": 1, "60->56": 12, "60->64": 1, "64->60": 12, "49->51": 1, "51->49": 12, "53->55": 1, "55->53": 12, "57->59": 1, "59->57": 12, "61->63": 1, "63->61": 12, "3->4": 2, "4->3": 3, "4->7": 2, "7->4": 3, "7->8": 2, "8->7": 3, "8->11": 2, "11->8": 3, "11->12": 2, "12->11": 3, "12->15": 2, "15->12": 3, "15->16": 2, "16->15": 3, "16->19": 2, "19->16": 3, "19->20": 2, "20->19": 3, "20->21": 2, "21->20": 3, "21->24": 2, "24->21": 3, "24->25": 2, "25->24": 3, "25->28": 2, "28->25": 3, "28->29": 2, "29->28": 3, "29->30": 2, "30->29": 3, "30->33": 2, "33->30": 3, "33->35": 2, "35->33": 3, "35->36": 2, "36->35": 3, "36->39": 2, "39->36": 3, "39->40": 2, "40->39": 3, "40->41": 2, "41->40": 3, "41->44": 2, "44->41": 3, "44->46": 2, "46->44": 3, "46->47": 2, "47->46": 3, "47->50": 2, "50->47": 3, "50->51": 2, "51->50": 3, "51->54": 2, "54->51": 3, "54->55": 2, "55->54": 3, "55->58": 2, "58->55": 3, "58->59": 2, "59->58": 3, "59->62": 2, "62->59": 3, "62->63": 2, "63->62": 3, "63->64": 2, "64->63": 3}, "metrics": [0.0, 0.0, 4.0, 4.0, 27.0, 4.0, 0.0, 0.0, -1.0, 0.0, 3.0]}