{"nodelist": ["ClassDeclaration", "{'public'}", "public", "GZIPResponseStream", "FieldDeclaration", "{'private'}", "private", "ReferenceType", "HttpServletResponse", "VariableDeclarator", "response", "FieldDeclaration", "{'private'}", "private", "ReferenceType", "GZIPOutputStream", "VariableDeclarator", "out", "ConstructorDeclaration", "{'public'}", "public", "GZIPResponseStream", "FormalParameter", "ReferenceType", "HttpServletResponse", "response", "IOException", "StatementExpression", "Assignment", "This", "MemberReference", "response", "MemberReference", "response", "=", "StatementExpression", "Assignment", "This", "MemberReference", "out", "ClassCreator", "ReferenceType", "GZIPOutputStream", "MethodInvocation", "response", "getOutputStream", "=", "StatementExpression", "MethodInvocation", "response", "Literal", "\"Content-Encoding\"", "Literal", "\"gzip\"", "addHeader", "MethodDeclaration", "{'public'}", "public", "resetBuffer", "IfStatement", "BinaryOperation", "&&", "BinaryOperation", "!=", "MemberReference", "out", "Literal", "null", "MethodInvocation", "!", "response", "isCommitted", "BlockStatement", "StatementExpression", "MethodInvocation", "response", "Literal", "\"Content-Encoding\"", "Literal", "null", "setHeader", "StatementExpression", "Assignment", "MemberReference", "out", "Literal", "null", "=", "MethodDeclaration", "{'public'}", "public", "Annotation", "Override", "write", "FormalParameter", "BasicType", "int", "b", "IOException", "StatementExpression", "MethodInvocation", "out", "MemberReference", "b", "write", "MethodDeclaration", "{'public'}", "public", "Annotation", "Override", "write", "FormalParameter", "BasicType", "byte", "b", "IOException", "StatementExpression", "MethodInvocation", "out", "MemberReference", "b", "write", "MethodDeclaration", "{'public'}", "public", "Annotation", "Override", "write", "FormalParameter", "BasicType", "byte", "b", "FormalParameter", "BasicType", "int", "off", "FormalParameter", "BasicType", "int", "len", "IOException", "StatementExpression", "MethodInvocation", "out", "MemberReference", "b", "MemberReference", "off", "MemberReference", "len", "write", "MethodDeclaration", "{'public'}", "public", "Annotation", "Override", "close", "IOException", "StatementExpression", "MethodInvocation", "finish", "StatementExpression", "MethodInvocation", "out", "close", "MethodDeclaration", "{'public'}", "public", "Annotation", "Override", "flush", "IOException", "StatementExpression", "MethodInvocation", "out", "flush", "MethodDeclaration", "{'public'}", "public", "finish", "IOException", "StatementExpression", "MethodInvocation", "out", "finish", "ReferenceType", "ServletOutputStream"], "nodes": {"0": "ClassDeclaration", "1": "Modifier", "2": "public", "3": "GZIPResponseStream", "4": "FieldDeclaration", "5": "Modifier", "6": "private", "7": "ReferenceType", "8": "HttpServletResponse", "9": "VariableDeclarator", "10": "response", "11": "FieldDeclaration", "12": "Modifier", "13": "private", "14": "ReferenceType", "15": "GZIPOutputStream", "16": "VariableDeclarator", "17": "out", "18": "ConstructorDeclaration", "19": "Modifier", "20": "public", "21": "GZIPResponseStream", "22": "FormalParameter", "23": "ReferenceType", "24": "HttpServletResponse", "25": "response", "26": "IOException", "27": "StatementExpression", "28": "Assignment", "29": "This", "30": "MemberReference", "31": "response", "32": "MemberReference", "33": "response", "34": "=", "35": "StatementExpression", "36": "Assignment", "37": "This", "38": "MemberReference", "39": "out", "40": "ClassCreator", "41": "ReferenceType", "42": "GZIPOutputStream", "43": "MethodInvocation", "44": "response", "45": "getOutputStream", "46": "=", "47": "StatementExpression", "48": "MethodInvocation", "49": "response", "50": "Literal", "51": "\"Content-Encoding\"", "52": "Literal", "53": "\"gzip\"", "54": "addHeader", "55": "MethodDeclaration", "56": "Modifier", "57": "public", "58": "resetBuffer", "59": "IfStatement", "60": "BinaryOperation", "61": "&&", "62": "BinaryOperation", "63": "!=", "64": "MemberReference", "65": "out", "66": "Literal", "67": "null", "68": "MethodInvocation", "69": "!", "70": "response", "71": "isCommitted", "72": "BlockStatement", "73": "StatementExpression", "74": "MethodInvocation", "75": "response", "76": "Literal", "77": "\"Content-Encoding\"", "78": "Literal", "79": "null", "80": "setHeader", "81": "StatementExpression", "82": "Assignment", "83": "MemberReference", "84": "out", "85": "Literal", "86": "null", "87": "=", "88": "MethodDeclaration", "89": "Modifier", "90": "public", "91": "Annotation", "92": "Override", "93": "write", "94": "FormalParameter", "95": "BasicType", "96": "int", "97": "b", "98": "IOException", "99": "StatementExpression", "100": "MethodInvocation", "101": "out", "102": "MemberReference", "103": "b", "104": "write", "105": "MethodDeclaration", "106": "Modifier", "107": "public", "108": "Annotation", "109": "Override", "110": "write", "111": "FormalParameter", "112": "BasicType", "113": "byte", "114": "b", "115": "IOException", "116": "StatementExpression", "117": "MethodInvocation", "118": "out", "119": "MemberReference", "120": "b", "121": "write", "122": "MethodDeclaration", "123": "Modifier", "124": "public", "125": "Annotation", "126": "Override", "127": "write", "128": "FormalParameter", "129": "BasicType", "130": "byte", "131": "b", "132": "FormalParameter", "133": "BasicType", "134": "int", "135": "off", "136": "FormalParameter", "137": "BasicType", "138": "int", "139": "len", "140": "IOException", "141": "StatementExpression", "142": "MethodInvocation", "143": "out", "144": "MemberReference", "145": "b", "146": "MemberReference", "147": "off", "148": "MemberReference", "149": "len", "150": "write", "151": "MethodDeclaration", "152": "Modifier", "153": "public", "154": "Annotation", "155": "Override", "156": "close", "157": "IOException", "158": "StatementExpression", "159": "MethodInvocation", "160": "finish", "161": "StatementExpression", "162": "MethodInvocation", "163": "out", "164": "close", "165": "MethodDeclaration", "166": "Modifier", "167": "public", "168": "Annotation", "169": "Override", "170": "flush", "171": "IOException", "172": "StatementExpression", "173": "MethodInvocation", "174": "out", "175": "flush", "176": "MethodDeclaration", "177": "Modifier", "178": "public", "179": "finish", "180": "IOException", "181": "StatementExpression", "182": "MethodInvocation", "183": "out", "184": "finish", "185": "ReferenceType", "186": "ServletOutputStream"}, "edges": {"0->1": 0, "1->0": 0, "1->2": 0, "2->1": 0, "0->3": 0, "3->0": 0, "0->4": 0, "4->0": 0, "4->5": 0, "5->4": 0, "5->6": 0, "6->5": 0, "4->7": 0, "7->4": 0, "7->8": 0, "8->7": 0, "4->9": 0, "9->4": 0, "9->10": 0, "10->9": 0, "0->11": 0, "11->0": 0, "11->12": 0, "12->11": 0, "12->13": 0, "13->12": 0, "11->14": 0, "14->11": 0, "14->15": 0, "15->14": 0, "11->16": 0, "16->11": 0, "16->17": 0, "17->16": 0, "0->18": 0, "18->0": 0, "18->19": 0, "19->18": 0, "19->20": 0, "20->19": 0, "18->21": 0, "21->18": 0, "18->22": 0, "22->18": 0, "22->23": 0, "23->22": 0, "23->24": 0, "24->23": 0, "22->25": 0, "25->22": 0, "18->26": 0, "26->18": 0, "18->27": 0, "27->18": 0, "27->28": 0, "28->27": 0, "28->29": 0, "29->28": 0, "29->30": 0, "30->29": 0, "30->31": 0, "31->30": 0, "28->32": 0, "32->28": 0, "32->33": 0, "33->32": 0, "28->34": 0, "34->28": 0, "18->35": 0, "35->18": 0, "35->36": 0, "36->35": 0, "36->37": 0, "37->36": 0, "37->38": 0, "38->37": 0, "38->39": 0, "39->38": 0, "36->40": 0, "40->36": 0, "40->41": 0, "41->40": 0, "41->42": 0, "42->41": 0, "40->43": 0, "43->40": 0, "43->44": 0, "44->43": 0, "43->45": 0, "45->43": 0, "36->46": 0, "46->36": 0, "18->47": 0, "47->18": 0, "47->48": 0, "48->47": 0, "48->49": 0, "49->48": 0, "48->50": 0, "50->48": 0, "50->51": 0, "51->50": 0, "48->52": 0, "52->48": 0, "52->53": 0, "53->52": 0, "48->54": 0, "54->48": 0, "0->55": 0, "55->0": 0, "55->56": 0, "56->55": 0, "56->57": 0, "57->56": 0, "55->58": 0, "58->55": 0, "55->59": 0, "59->55": 0, "59->60": 0, "60->59": 0, "60->61": 0, "61->60": 0, "60->62": 0, "62->60": 0, "62->63": 0, "63->62": 0, "62->64": 0, "64->62": 0, "64->65": 0, "65->64": 0, "62->66": 0, "66->62": 0, "66->67": 0, "67->66": 0, "60->68": 0, "68->60": 0, "68->69": 0, "69->68": 0, "68->70": 0, "70->68": 0, "68->71": 0, "71->68": 0, "59->72": 0, "72->59": 0, "72->73": 0, "73->72": 0, "73->74": 0, "74->73": 0, "74->75": 0, "75->74": 0, "74->76": 0, "76->74": 0, "76->77": 0, "77->76": 0, "74->78": 0, "78->74": 0, "78->79": 0, "79->78": 0, "74->80": 0, "80->74": 0, "55->81": 0, "81->55": 0, "81->82": 0, "82->81": 0, "82->83": 0, "83->82": 0, "83->84": 0, "84->83": 0, "82->85": 0, "85->82": 0, "85->86": 0, "86->85": 0, "82->87": 0, "87->82": 0, "0->88": 0, "88->0": 0, "88->89": 0, "89->88": 0, "89->90": 0, "90->89": 0, "88->91": 0, "91->88": 0, "91->92": 0, "92->91": 0, "88->93": 0, "93->88": 0, "88->94": 0, "94->88": 0, "94->95": 0, "95->94": 0, "95->96": 0, "96->95": 0, "94->97": 0, "97->94": 0, "88->98": 0, "98->88": 0, "88->99": 0, "99->88": 0, "99->100": 0, "100->99": 0, "100->101": 0, "101->100": 0, "100->102": 0, "102->100": 0, "102->103": 0, "103->102": 0, "100->104": 0, "104->100": 0, "0->105": 0, "105->0": 0, "105->106": 0, "106->105": 0, "106->107": 0, "107->106": 0, "105->108": 0, "108->105": 0, "108->109": 0, "109->108": 0, "105->110": 0, "110->105": 0, "105->111": 0, "111->105": 0, "111->112": 0, "112->111": 0, "112->113": 0, "113->112": 0, "111->114": 0, "114->111": 0, "105->115": 0, "115->105": 0, "105->116": 0, "116->105": 0, "116->117": 0, "117->116": 0, "117->118": 0, "118->117": 0, "117->119": 0, "119->117": 0, "119->120": 0, "120->119": 0, "117->121": 0, "121->117": 0, "0->122": 0, "122->0": 0, "122->123": 0, "123->122": 0, "123->124": 0, "124->123": 0, "122->125": 0, "125->122": 0, "125->126": 0, "126->125": 0, "122->127": 0, "127->122": 0, "122->128": 0, "128->122": 0, "128->129": 0, "129->128": 0, "129->130": 0, "130->129": 0, "128->131": 0, "131->128": 0, "122->132": 0, "132->122": 0, "132->133": 0, "133->132": 0, "133->134": 0, "134->133": 0, "132->135": 0, "135->132": 0, "122->136": 0, "136->122": 0, "136->137": 0, "137->136": 0, "137->138": 0, "138->137": 0, "136->139": 0, "139->136": 0, "122->140": 0, "140->122": 0, "122->141": 0, "141->122": 0, "141->142": 0, "142->141": 0, "142->143": 0, "143->142": 0, "142->144": 0, "144->142": 0, "144->145": 0, "145->144": 0, "142->146": 0, "146->142": 0, "146->147": 0, "147->146": 0, "142->148": 0, "148->142": 0, "148->149": 0, "149->148": 0, "142->150": 0, "150->142": 0, "0->151": 0, "151->0": 0, "151->152": 0, "152->151": 0, "152->153": 0, "153->152": 0, "151->154": 0, "154->151": 0, "154->155": 0, "155->154": 0, "151->156": 0, "156->151": 0, "151->157": 0, "157->151": 0, "151->158": 0, "158->151": 0, "158->159": 0, "159->158": 0, "159->160": 0, "160->159": 0, "151->161": 0, "161->151": 0, "161->162": 0, "162->161": 0, "162->163": 0, "163->162": 0, "162->164": 0, "164->162": 0, "0->165": 0, "165->0": 0, "165->166": 0, "166->165": 0, "166->167": 0, "167->166": 0, "165->168": 0, "168->165": 0, "168->169": 0, "169->168": 0, "165->170": 0, "170->165": 0, "165->171": 0, "171->165": 0, "165->172": 0, "172->165": 0, "172->173": 0, "173->172": 0, "173->174": 0, "174->173": 0, "173->175": 0, "175->173": 0, "0->176": 0, "176->0": 0, "176->177": 0, "177->176": 0, "177->178": 0, "178->177": 0, "176->179": 0, "179->176": 0, "176->180": 0, "180->176": 0, "176->181": 0, "181->176": 0, "181->182": 0, "182->181": 0, "182->183": 0, "183->182": 0, "182->184": 0, "184->182": 0, "0->185": 0, "185->0": 0, "185->186": 0, "186->185": 0, "1->3": 1, "3->1": 12, "3->4": 1, "4->3": 12, "4->11": 1, "11->4": 12, "11->18": 1, "18->11": 12, "18->55": 1, "55->18": 12, "55->88": 1, "88->55": 12, "88->105": 1, "105->88": 12, "105->122": 1, "122->105": 12, "122->151": 1, "151->122": 12, "151->165": 1, "165->151": 12, "165->176": 1, "176->165": 12, "176->185": 1, "185->176": 12, "5->7": 1, "7->5": 12, "7->9": 1, "9->7": 12, "12->14": 1, "14->12": 12, "14->16": 1, "16->14": 12, "19->21": 1, "21->19": 12, "21->22": 1, "22->21": 12, "22->26": 1, "26->22": 12, "26->27": 1, "27->26": 12, "27->35": 1, "35->27": 12, "35->47": 1, "47->35": 12, "23->25": 1, "25->23": 12, "29->32": 1, "32->29": 12, "32->34": 1, "34->32": 12, "37->40": 1, "40->37": 12, "40->46": 1, "46->40": 12, "41->43": 1, "43->41": 12, "44->45": 2, "45->44": 3, "49->50": 1, "50->49": 12, "50->52": 1, "52->50": 12, "52->54": 1, "54->52": 12, "56->58": 1, "58->56": 12, "58->59": 1, "59->58": 12, "59->81": 1, "81->59": 12, "60->72": 6, "72->60": 6, "61->62": 1, "62->61": 12, "62->68": 1, "68->62": 12, "63->64": 1, "64->63": 12, "64->66": 1, "66->64": 12, "69->70": 2, "70->69": 3, "70->71": 2, "71->70": 3, "75->76": 1, "76->75": 12, "76->78": 1, "78->76": 12, "78->80": 1, "80->78": 12, "83->85": 1, "85->83": 12, "85->87": 1, "87->85": 12, "89->91": 1, "91->89": 12, "91->93": 1, "93->91": 12, "93->94": 1, "94->93": 12, "94->98": 1, "98->94": 12, "98->99": 1, "99->98": 12, "95->97": 1, "97->95": 12, "101->102": 1, "102->101": 12, "102->104": 1, "104->102": 12, "106->108": 1, "108->106": 12, "108->110": 1, "110->108": 12, "110->111": 1, "111->110": 12, "111->115": 1, "115->111": 12, "115->116": 1, "116->115": 12, "112->114": 1, "114->112": 12, "118->119": 1, "119->118": 12, "119->121": 1, "121->119": 12, "123->125": 1, "125->123": 12, "125->127": 1, "127->125": 12, "127->128": 1, "128->127": 12, "128->132": 1, "132->128": 12, "132->136": 1, "136->132": 12, "136->140": 1, "140->136": 12, "140->141": 1, "141->140": 12, "129->131": 1, "131->129": 12, "133->135": 1, "135->133": 12, "137->139": 1, "139->137": 12, "143->144": 1, "144->143": 12, "144->146": 1, "146->144": 12, "146->148": 1, "148->146": 12, "148->150": 1, "150->148": 12, "152->154": 1, "154->152": 12, "154->156": 1, "156->154": 12, "156->157": 2, "157->156": 3, "157->158": 1, "158->157": 12, "158->161": 1, "161->158": 12, "163->164": 2, "164->163": 3, "166->168": 1, "168->166": 12, "168->170": 1, "170->168": 12, "170->171": 2, "171->170": 3, "171->172": 1, "172->171": 12, "174->175": 2, "175->174": 3, "177->179": 1, "179->177": 12, "179->180": 2, "180->179": 3, "180->181": 1, "181->180": 12, "183->184": 2, "184->183": 3, "2->3": 2, "3->2": 3, "3->6": 2, "6->3": 3, "6->8": 2, "8->6": 3, "8->10": 2, "10->8": 3, "10->13": 2, "13->10": 3, "13->15": 2, "15->13": 3, "15->17": 2, "17->15": 3, "17->20": 2, "20->17": 3, "20->21": 2, "21->20": 3, "21->24": 2, "24->21": 3, "24->25": 2, "25->24": 3, "25->26": 2, "26->25": 3, "26->31": 2, "31->26": 3, "31->33": 4, "33->31": 5, "33->34": 2, "34->33": 3, "34->39": 2, "39->34": 3, "39->42": 2, "42->39": 3, "42->44": 2, "44->42": 3, "45->46": 2, "46->45": 3, "46->49": 2, "49->46": 3, "49->51": 2, "51->49": 3, "51->53": 2, "53->51": 3, "53->54": 2, "54->53": 3, "54->57": 2, "57->54": 3, "57->58": 2, "58->57": 3, "58->61": 2, "61->58": 3, "61->63": 2, "63->61": 3, "63->65": 2, "65->63": 3, "65->67": 2, "67->65": 3, "67->69": 2, "69->67": 3, "71->75": 2, "75->71": 3, "75->77": 2, "77->75": 3, "77->79": 2, "79->77": 3, "79->80": 2, "80->79": 3, "80->84": 2, "84->80": 3, "84->86": 2, "86->84": 3, "86->87": 2, "87->86": 3, "87->90": 2, "90->87": 3, "90->92": 2, "92->90": 3, "92->93": 2, "93->92": 3, "93->96": 2, "96->93": 3, "96->97": 2, "97->96": 3, "97->98": 2, "98->97": 3, "98->101": 2, "101->98": 3, "101->103": 2, "103->101": 3, "103->104": 2, "104->103": 3, "104->107": 2, "107->104": 3, "107->109": 2, "109->107": 3, "109->110": 2, "110->109": 3, "110->113": 2, "113->110": 3, "113->114": 2, "114->113": 3, "114->115": 2, "115->114": 3, "115->118": 2, "118->115": 3, "118->120": 2, "120->118": 3, "120->121": 2, "121->120": 3, "121->124": 2, "124->121": 3, "124->126": 2, "126->124": 3, "126->127": 2, "127->126": 3, "127->130": 2, "130->127": 3, "130->131": 2, "131->130": 3, "131->134": 2, "134->131": 3, "134->135": 2, "135->134": 3, "135->138": 2, "138->135": 3, "138->139": 2, "139->138": 3, "139->140": 2, "140->139": 3, "140->143": 2, "143->140": 3, "143->145": 2, "145->143": 3, "145->147": 2, "147->145": 3, "147->149": 2, "149->147": 3, "149->150": 2, "150->149": 3, "150->153": 2, "153->150": 3, "153->155": 2, "155->153": 3, "155->156": 2, "156->155": 3, "157->160": 2, "160->157": 3, "160->163": 2, "163->160": 3, "164->167": 2, "167->164": 3, "167->169": 2, "169->167": 3, "169->170": 2, "170->169": 3, "171->174": 2, "174->171": 3, "175->178": 2, "178->175": 3, "178->179": 2, "179->178": 3, "180->183": 2, "183->180": 3, "184->186": 2, "186->184": 3, "39->65": 4, "65->39": 5, "65->84": 4, "84->65": 5, "103->120": 4, "120->103": 5, "120->145": 4, "145->120": 5}, "metrics": [2.0, 0.0, 8.0, 8.0, 34.0, 9.0, 0.0, 0.0, 0.0, 0.0, 0.0]}