{"nodelist": ["ClassDeclaration", "{'private'}", "private", "CompactionRequest", "FieldDeclaration", "{'final', 'private'}", "final", "private", "ReferenceType", "HRegion", "VariableDeclarator", "r", "FieldDeclaration", "{'final', 'private'}", "final", "private", "BasicType", "int", "VariableDeclarator", "p", "FieldDeclaration", "{'final', 'private'}", "final", "private", "ReferenceType", "Long", "VariableDeclarator", "timeInNanos", "ConstructorDeclaration", "{'public'}", "public", "CompactionRequest", "FormalParameter", "ReferenceType", "HRegion", "r", "FormalParameter", "BasicType", "int", "p", "StatementExpression", "ExplicitConstructorInvocation", "MemberReference", "r", "MemberReference", "p", "Literal", "null", "ConstructorDeclaration", "{'public'}", "public", "CompactionRequest", "FormalParameter", "ReferenceType", "HRegion", "r", "FormalParameter", "BasicType", "int", "p", "FormalParameter", "ReferenceType", "Long", "time", "IfStatement", "BinaryOperation", "==", "MemberReference", "r", "Literal", "null", "BlockStatement", "ThrowStatement", "ClassCreator", "ReferenceType", "NullPointerException", "Literal", "\"HRegion cannot be null\"", "IfStatement", "BinaryOperation", "==", "MemberReference", "time", "Literal", "null", "BlockStatement", "StatementExpression", "Assignment", "MemberReference", "time", "MethodInvocation", "System", "nanoTime", "=", "StatementExpression", "Assignment", "This", "MemberReference", "r", "MemberReference", "r", "=", "StatementExpression", "Assignment", "This", "MemberReference", "p", "MemberReference", "p", "=", "StatementExpression", "Assignment", "This", "MemberReference", "timeInNanos", "MemberReference", "time", "=", "MethodDeclaration", "{'public'}", "public", "Annotation", "Override", "BasicType", "int", "compareTo", "FormalParameter", "ReferenceType", "CompactionRequest", "request", "IfStatement", "This", "MethodInvocation", "MemberReference", "request", "equals", "BlockStatement", "ReturnStatement", "Literal", "0", "LocalVariableDeclaration", "BasicType", "int", "VariableDeclarator", "compareVal", "StatementExpression", "Assignment", "MemberReference", "compareVal", "BinaryOperation", "-", "MemberReference", "p", "MemberReference", "request", "p", "=", "IfStatement", "BinaryOperation", "!=", "MemberReference", "compareVal", "Literal", "0", "BlockStatement", "ReturnStatement", "MemberReference", "compareVal", "StatementExpression", "Assignment", "MemberReference", "compareVal", "MethodInvocation", "timeInNanos", "MemberReference", "request", "timeInNanos", "compareTo", "=", "IfStatement", "BinaryOperation", "!=", "MemberReference", "compareVal", "Literal", "0", "BlockStatement", "ReturnStatement", "MemberReference", "compareVal", "ReturnStatement", "Literal", "-", "1", "MethodDeclaration", "ReferenceType", "HRegion", "getHRegion", "ReturnStatement", "MemberReference", "r", "MethodDeclaration", "BasicType", "int", "getPriority", "ReturnStatement", "MemberReference", "p", "MethodDeclaration", "{'public'}", "public", "ReferenceType", "String", "toString", "ReturnStatement", "BinaryOperation", "+", "BinaryOperation", "+", "BinaryOperation", "+", "BinaryOperation", "+", "BinaryOperation", "+", "Literal", "\"regionName=\"", "MethodInvocation", "r", "getRegionNameAsString", "Literal", "\", priority=\"", "MemberReference", "p", "Literal", "\", time=\"", "MemberReference", "timeInNanos", "ReferenceType", "Comparable", "TypeArgument", "ReferenceType", "CompactionRequest"], "nodes": {"0": "ClassDeclaration", "1": "Modifier", "2": "private", "3": "CompactionRequest", "4": "FieldDeclaration", "5": "Modifier", "6": "final", "7": "private", "8": "ReferenceType", "9": "HRegion", "10": "VariableDeclarator", "11": "r", "12": "FieldDeclaration", "13": "Modifier", "14": "final", "15": "private", "16": "BasicType", "17": "int", "18": "VariableDeclarator", "19": "p", "20": "FieldDeclaration", "21": "Modifier", "22": "final", "23": "private", "24": "ReferenceType", "25": "Long", "26": "VariableDeclarator", "27": "timeInNanos", "28": "ConstructorDeclaration", "29": "Modifier", "30": "public", "31": "CompactionRequest", "32": "FormalParameter", "33": "ReferenceType", "34": "HRegion", "35": "r", "36": "FormalParameter", "37": "BasicType", "38": "int", "39": "p", "40": "StatementExpression", "41": "ExplicitConstructorInvocation", "42": "MemberReference", "43": "r", "44": "MemberReference", "45": "p", "46": "Literal", "47": "null", "48": "ConstructorDeclaration", "49": "Modifier", "50": "public", "51": "CompactionRequest", "52": "FormalParameter", "53": "ReferenceType", "54": "HRegion", "55": "r", "56": "FormalParameter", "57": "BasicType", "58": "int", "59": "p", "60": "FormalParameter", "61": "ReferenceType", "62": "Long", "63": "time", "64": "IfStatement", "65": "BinaryOperation", "66": "==", "67": "MemberReference", "68": "r", "69": "Literal", "70": "null", "71": "BlockStatement", "72": "ThrowStatement", "73": "ClassCreator", "74": "ReferenceType", "75": "NullPointerException", "76": "Literal", "77": "\"HRegion cannot be null\"", "78": "IfStatement", "79": "BinaryOperation", "80": "==", "81": "MemberReference", "82": "time", "83": "Literal", "84": "null", "85": "BlockStatement", "86": "StatementExpression", "87": "Assignment", "88": "MemberReference", "89": "time", "90": "MethodInvocation", "91": "System", "92": "nanoTime", "93": "=", "94": "StatementExpression", "95": "Assignment", "96": "This", "97": "MemberReference", "98": "r", "99": "MemberReference", "100": "r", "101": "=", "102": "StatementExpression", "103": "Assignment", "104": "This", "105": "MemberReference", "106": "p", "107": "MemberReference", "108": "p", "109": "=", "110": "StatementExpression", "111": "Assignment", "112": "This", "113": "MemberReference", "114": "timeInNanos", "115": "MemberReference", "116": "time", "117": "=", "118": "MethodDeclaration", "119": "Modifier", "120": "public", "121": "Annotation", "122": "Override", "123": "BasicType", "124": "int", "125": "compareTo", "126": "FormalParameter", "127": "ReferenceType", "128": "CompactionRequest", "129": "request", "130": "IfStatement", "131": "This", "132": "MethodInvocation", "133": "MemberReference", "134": "request", "135": "equals", "136": "BlockStatement", "137": "ReturnStatement", "138": "Literal", "139": "0", "140": "LocalVariableDeclaration", "141": "BasicType", "142": "int", "143": "VariableDeclarator", "144": "compareVal", "145": "StatementExpression", "146": "Assignment", "147": "MemberReference", "148": "compareVal", "149": "BinaryOperation", "150": "-", "151": "MemberReference", "152": "p", "153": "MemberReference", "154": "request", "155": "p", "156": "=", "157": "IfStatement", "158": "BinaryOperation", "159": "!=", "160": "MemberReference", "161": "compareVal", "162": "Literal", "163": "0", "164": "BlockStatement", "165": "ReturnStatement", "166": "MemberReference", "167": "compareVal", "168": "StatementExpression", "169": "Assignment", "170": "MemberReference", "171": "compareVal", "172": "MethodInvocation", "173": "timeInNanos", "174": "MemberReference", "175": "request", "176": "timeInNanos", "177": "compareTo", "178": "=", "179": "IfStatement", "180": "BinaryOperation", "181": "!=", "182": "MemberReference", "183": "compareVal", "184": "Literal", "185": "0", "186": "BlockStatement", "187": "ReturnStatement", "188": "MemberReference", "189": "compareVal", "190": "ReturnStatement", "191": "Literal", "192": "-", "193": "1", "194": "MethodDeclaration", "195": "ReferenceType", "196": "HRegion", "197": "getHRegion", "198": "ReturnStatement", "199": "MemberReference", "200": "r", "201": "MethodDeclaration", "202": "BasicType", "203": "int", "204": "getPriority", "205": "ReturnStatement", "206": "MemberReference", "207": "p", "208": "MethodDeclaration", "209": "Modifier", "210": "public", "211": "ReferenceType", "212": "String", "213": "toString", "214": "ReturnStatement", "215": "BinaryOperation", "216": "+", "217": "BinaryOperation", "218": "+", "219": "BinaryOperation", "220": "+", "221": "BinaryOperation", "222": "+", "223": "BinaryOperation", "224": "+", "225": "Literal", "226": "\"regionName=\"", "227": "MethodInvocation", "228": "r", "229": "getRegionNameAsString", "230": "Literal", "231": "\", priority=\"", "232": "MemberReference", "233": "p", "234": "Literal", "235": "\", time=\"", "236": "MemberReference", "237": "timeInNanos", "238": "ReferenceType", "239": "Comparable", "240": "TypeArgument", "241": "ReferenceType", "242": "CompactionRequest"}, "edges": {"0->1": 0, "1->0": 0, "1->2": 0, "2->1": 0, "0->3": 0, "3->0": 0, "0->4": 0, "4->0": 0, "4->5": 0, "5->4": 0, "5->6": 0, "6->5": 0, "5->7": 0, "7->5": 0, "4->8": 0, "8->4": 0, "8->9": 0, "9->8": 0, "4->10": 0, "10->4": 0, "10->11": 0, "11->10": 0, "0->12": 0, "12->0": 0, "12->13": 0, "13->12": 0, "13->14": 0, "14->13": 0, "13->15": 0, "15->13": 0, "12->16": 0, "16->12": 0, "16->17": 0, "17->16": 0, "12->18": 0, "18->12": 0, "18->19": 0, "19->18": 0, "0->20": 0, "20->0": 0, "20->21": 0, "21->20": 0, "21->22": 0, "22->21": 0, "21->23": 0, "23->21": 0, "20->24": 0, "24->20": 0, "24->25": 0, "25->24": 0, "20->26": 0, "26->20": 0, "26->27": 0, "27->26": 0, "0->28": 0, "28->0": 0, "28->29": 0, "29->28": 0, "29->30": 0, "30->29": 0, "28->31": 0, "31->28": 0, "28->32": 0, "32->28": 0, "32->33": 0, "33->32": 0, "33->34": 0, "34->33": 0, "32->35": 0, "35->32": 0, "28->36": 0, "36->28": 0, "36->37": 0, "37->36": 0, "37->38": 0, "38->37": 0, "36->39": 0, "39->36": 0, "28->40": 0, "40->28": 0, "40->41": 0, "41->40": 0, "41->42": 0, "42->41": 0, "42->43": 0, "43->42": 0, "41->44": 0, "44->41": 0, "44->45": 0, "45->44": 0, "41->46": 0, "46->41": 0, "46->47": 0, "47->46": 0, "0->48": 0, "48->0": 0, "48->49": 0, "49->48": 0, "49->50": 0, "50->49": 0, "48->51": 0, "51->48": 0, "48->52": 0, "52->48": 0, "52->53": 0, "53->52": 0, "53->54": 0, "54->53": 0, "52->55": 0, "55->52": 0, "48->56": 0, "56->48": 0, "56->57": 0, "57->56": 0, "57->58": 0, "58->57": 0, "56->59": 0, "59->56": 0, "48->60": 0, "60->48": 0, "60->61": 0, "61->60": 0, "61->62": 0, "62->61": 0, "60->63": 0, "63->60": 0, "48->64": 0, "64->48": 0, "64->65": 0, "65->64": 0, "65->66": 0, "66->65": 0, "65->67": 0, "67->65": 0, "67->68": 0, "68->67": 0, "65->69": 0, "69->65": 0, "69->70": 0, "70->69": 0, "64->71": 0, "71->64": 0, "71->72": 0, "72->71": 0, "72->73": 0, "73->72": 0, "73->74": 0, "74->73": 0, "74->75": 0, "75->74": 0, "73->76": 0, "76->73": 0, "76->77": 0, "77->76": 0, "48->78": 0, "78->48": 0, "78->79": 0, "79->78": 0, "79->80": 0, "80->79": 0, "79->81": 0, "81->79": 0, "81->82": 0, "82->81": 0, "79->83": 0, "83->79": 0, "83->84": 0, "84->83": 0, "78->85": 0, "85->78": 0, "85->86": 0, "86->85": 0, "86->87": 0, "87->86": 0, "87->88": 0, "88->87": 0, "88->89": 0, "89->88": 0, "87->90": 0, "90->87": 0, "90->91": 0, "91->90": 0, "90->92": 0, "92->90": 0, "87->93": 0, "93->87": 0, "48->94": 0, "94->48": 0, "94->95": 0, "95->94": 0, "95->96": 0, "96->95": 0, "96->97": 0, "97->96": 0, "97->98": 0, "98->97": 0, "95->99": 0, "99->95": 0, "99->100": 0, "100->99": 0, "95->101": 0, "101->95": 0, "48->102": 0, "102->48": 0, "102->103": 0, "103->102": 0, "103->104": 0, "104->103": 0, "104->105": 0, "105->104": 0, "105->106": 0, "106->105": 0, "103->107": 0, "107->103": 0, "107->108": 0, "108->107": 0, "103->109": 0, "109->103": 0, "48->110": 0, "110->48": 0, "110->111": 0, "111->110": 0, "111->112": 0, "112->111": 0, "112->113": 0, "113->112": 0, "113->114": 0, "114->113": 0, "111->115": 0, "115->111": 0, "115->116": 0, "116->115": 0, "111->117": 0, "117->111": 0, "0->118": 0, "118->0": 0, "118->119": 0, "119->118": 0, "119->120": 0, "120->119": 0, "118->121": 0, "121->118": 0, "121->122": 0, "122->121": 0, "118->123": 0, "123->118": 0, "123->124": 0, "124->123": 0, "118->125": 0, "125->118": 0, "118->126": 0, "126->118": 0, "126->127": 0, "127->126": 0, "127->128": 0, "128->127": 0, "126->129": 0, "129->126": 0, "118->130": 0, "130->118": 0, "130->131": 0, "131->130": 0, "131->132": 0, "132->131": 0, "132->133": 0, "133->132": 0, "133->134": 0, "134->133": 0, "132->135": 0, "135->132": 0, "130->136": 0, "136->130": 0, "136->137": 0, "137->136": 0, "137->138": 0, "138->137": 0, "138->139": 0, "139->138": 0, "118->140": 0, "140->118": 0, "140->141": 0, "141->140": 0, "141->142": 0, "142->141": 0, "140->143": 0, "143->140": 0, "143->144": 0, "144->143": 0, "118->145": 0, "145->118": 0, "145->146": 0, "146->145": 0, "146->147": 0, "147->146": 0, "147->148": 0, "148->147": 0, "146->149": 0, "149->146": 0, "149->150": 0, "150->149": 0, "149->151": 0, "151->149": 0, "151->152": 0, "152->151": 0, "149->153": 0, "153->149": 0, "153->154": 0, "154->153": 0, "153->155": 0, "155->153": 0, "146->156": 0, "156->146": 0, "118->157": 0, "157->118": 0, "157->158": 0, "158->157": 0, "158->159": 0, "159->158": 0, "158->160": 0, "160->158": 0, "160->161": 0, "161->160": 0, "158->162": 0, "162->158": 0, "162->163": 0, "163->162": 0, "157->164": 0, "164->157": 0, "164->165": 0, "165->164": 0, "165->166": 0, "166->165": 0, "166->167": 0, "167->166": 0, "118->168": 0, "168->118": 0, "168->169": 0, "169->168": 0, "169->170": 0, "170->169": 0, "170->171": 0, "171->170": 0, "169->172": 0, "172->169": 0, "172->173": 0, "173->172": 0, "172->174": 0, "174->172": 0, "174->175": 0, "175->174": 0, "174->176": 0, "176->174": 0, "172->177": 0, "177->172": 0, "169->178": 0, "178->169": 0, "118->179": 0, "179->118": 0, "179->180": 0, "180->179": 0, "180->181": 0, "181->180": 0, "180->182": 0, "182->180": 0, "182->183": 0, "183->182": 0, "180->184": 0, "184->180": 0, "184->185": 0, "185->184": 0, "179->186": 0, "186->179": 0, "186->187": 0, "187->186": 0, "187->188": 0, "188->187": 0, "188->189": 0, "189->188": 0, "118->190": 0, "190->118": 0, "190->191": 0, "191->190": 0, "191->192": 0, "192->191": 0, "191->193": 0, "193->191": 0, "0->194": 0, "194->0": 0, "194->195": 0, "195->194": 0, "195->196": 0, "196->195": 0, "194->197": 0, "197->194": 0, "194->198": 0, "198->194": 0, "198->199": 0, "199->198": 0, "199->200": 0, "200->199": 0, "0->201": 0, "201->0": 0, "201->202": 0, "202->201": 0, "202->203": 0, "203->202": 0, "201->204": 0, "204->201": 0, "201->205": 0, "205->201": 0, "205->206": 0, "206->205": 0, "206->207": 0, "207->206": 0, "0->208": 0, "208->0": 0, "208->209": 0, "209->208": 0, "209->210": 0, "210->209": 0, "208->211": 0, "211->208": 0, "211->212": 0, "212->211": 0, "208->213": 0, "213->208": 0, "208->214": 0, "214->208": 0, "214->215": 0, "215->214": 0, "215->216": 0, "216->215": 0, "215->217": 0, "217->215": 0, "217->218": 0, "218->217": 0, "217->219": 0, "219->217": 0, "219->220": 0, "220->219": 0, "219->221": 0, "221->219": 0, "221->222": 0, "222->221": 0, "221->223": 0, "223->221": 0, "223->224": 0, "224->223": 0, "223->225": 0, "225->223": 0, "225->226": 0, "226->225": 0, "223->227": 0, "227->223": 0, "227->228": 0, "228->227": 0, "227->229": 0, "229->227": 0, "221->230": 0, "230->221": 0, "230->231": 0, "231->230": 0, "219->232": 0, "232->219": 0, "232->233": 0, "233->232": 0, "217->234": 0, "234->217": 0, "234->235": 0, "235->234": 0, "215->236": 0, "236->215": 0, "236->237": 0, "237->236": 0, "0->238": 0, "238->0": 0, "238->239": 0, "239->238": 0, "238->240": 0, "240->238": 0, "240->241": 0, "241->240": 0, "241->242": 0, "242->241": 0, "1->3": 1, "3->1": 12, "3->4": 1, "4->3": 12, "4->12": 1, "12->4": 12, "12->20": 1, "20->12": 12, "20->28": 1, "28->20": 12, "28->48": 1, "48->28": 12, "48->118": 1, "118->48": 12, "118->194": 1, "194->118": 12, "194->201": 1, "201->194": 12, "201->208": 1, "208->201": 12, "208->238": 1, "238->208": 12, "5->8": 1, "8->5": 12, "8->10": 1, "10->8": 12, "6->7": 2, "7->6": 3, "13->16": 1, "16->13": 12, "16->18": 1, "18->16": 12, "14->15": 2, "15->14": 3, "21->24": 1, "24->21": 12, "24->26": 1, "26->24": 12, "22->23": 2, "23->22": 3, "29->31": 1, "31->29": 12, "31->32": 1, "32->31": 12, "32->36": 1, "36->32": 12, "36->40": 1, "40->36": 12, "33->35": 1, "35->33": 12, "37->39": 1, "39->37": 12, "42->44": 1, "44->42": 12, "44->46": 1, "46->44": 12, "49->51": 1, "51->49": 12, "51->52": 1, "52->51": 12, "52->56": 1, "56->52": 12, "56->60": 1, "60->56": 12, "60->64": 1, "64->60": 12, "64->78": 1, "78->64": 12, "78->94": 1, "94->78": 12, "94->102": 1, "102->94": 12, "102->110": 1, "110->102": 12, "53->55": 1, "55->53": 12, "57->59": 1, "59->57": 12, "61->63": 1, "63->61": 12, "65->71": 6, "71->65": 6, "66->67": 1, "67->66": 12, "67->69": 1, "69->67": 12, "74->76": 1, "76->74": 12, "79->85": 6, "85->79": 6, "80->81": 1, "81->80": 12, "81->83": 1, "83->81": 12, "88->90": 1, "90->88": 12, "90->93": 1, "93->90": 12, "91->92": 2, "92->91": 3, "96->99": 1, "99->96": 12, "99->101": 1, "101->99": 12, "104->107": 1, "107->104": 12, "107->109": 1, "109->107": 12, "112->115": 1, "115->112": 12, "115->117": 1, "117->115": 12, "119->121": 1, "121->119": 12, "121->123": 1, "123->121": 12, "123->125": 1, "125->123": 12, "125->126": 1, "126->125": 12, "126->130": 1, "130->126": 12, "130->140": 1, "140->130": 12, "140->145": 1, "145->140": 12, "145->157": 1, "157->145": 12, "157->168": 1, "168->157": 12, "168->179": 1, "179->168": 12, "179->190": 1, "190->179": 12, "127->129": 1, "129->127": 12, "131->136": 6, "136->131": 6, "133->135": 1, "135->133": 12, "141->143": 1, "143->141": 12, "147->149": 1, "149->147": 12, "149->156": 1, "156->149": 12, "150->151": 1, "151->150": 12, "151->153": 1, "153->151": 12, "154->155": 2, "155->154": 3, "158->164": 6, "164->158": 6, "159->160": 1, "160->159": 12, "160->162": 1, "162->160": 12, "170->172": 1, "172->170": 12, "172->178": 1, "178->172": 12, "173->174": 1, "174->173": 12, "174->177": 1, "177->174": 12, "175->176": 2, "176->175": 3, "180->186": 6, "186->180": 6, "181->182": 1, "182->181": 12, "182->184": 1, "184->182": 12, "192->193": 2, "193->192": 3, "195->197": 1, "197->195": 12, "197->198": 1, "198->197": 12, "202->204": 1, "204->202": 12, "204->205": 1, "205->204": 12, "209->211": 1, "211->209": 12, "211->213": 1, "213->211": 12, "213->214": 1, "214->213": 12, "216->217": 1, "217->216": 12, "217->236": 1, "236->217": 12, "218->219": 1, "219->218": 12, "219->234": 1, "234->219": 12, "220->221": 1, "221->220": 12, "221->232": 1, "232->221": 12, "222->223": 1, "223->222": 12, "223->230": 1, "230->223": 12, "224->225": 1, "225->224": 12, "225->227": 1, "227->225": 12, "228->229": 2, "229->228": 3, "239->240": 1, "240->239": 12, "2->3": 2, "3->2": 3, "3->6": 2, "6->3": 3, "7->9": 2, "9->7": 3, "9->11": 2, "11->9": 3, "11->14": 2, "14->11": 3, "15->17": 2, "17->15": 3, "17->19": 2, "19->17": 3, "19->22": 2, "22->19": 3, "23->25": 2, "25->23": 3, "25->27": 2, "27->25": 3, "27->30": 2, "30->27": 3, "30->31": 2, "31->30": 3, "31->34": 2, "34->31": 3, "34->35": 2, "35->34": 3, "35->38": 2, "38->35": 3, "38->39": 2, "39->38": 3, "39->43": 2, "43->39": 3, "43->45": 2, "45->43": 3, "45->47": 2, "47->45": 3, "47->50": 2, "50->47": 3, "50->51": 2, "51->50": 3, "51->54": 2, "54->51": 3, "54->55": 2, "55->54": 3, "55->58": 2, "58->55": 3, "58->59": 2, "59->58": 3, "59->62": 2, "62->59": 3, "62->63": 2, "63->62": 3, "63->66": 2, "66->63": 3, "66->68": 2, "68->66": 3, "68->70": 2, "70->68": 3, "70->75": 2, "75->70": 3, "75->77": 2, "77->75": 3, "77->80": 2, "80->77": 3, "80->82": 2, "82->80": 3, "82->84": 2, "84->82": 3, "84->89": 2, "89->84": 3, "89->91": 2, "91->89": 3, "92->93": 2, "93->92": 3, "93->98": 2, "98->93": 3, "98->100": 4, "100->98": 5, "100->101": 2, "101->100": 3, "101->106": 2, "106->101": 3, "106->108": 4, "108->106": 5, "108->109": 2, "109->108": 3, "109->114": 2, "114->109": 3, "114->116": 2, "116->114": 3, "116->117": 2, "117->116": 3, "117->120": 2, "120->117": 3, "120->122": 2, "122->120": 3, "122->124": 2, "124->122": 3, "124->125": 2, "125->124": 3, "125->128": 2, "128->125": 3, "128->129": 2, "129->128": 3, "129->134": 2, "134->129": 3, "134->135": 2, "135->134": 3, "135->139": 2, "139->135": 3, "139->142": 2, "142->139": 3, "142->144": 2, "144->142": 3, "144->148": 2, "148->144": 3, "148->150": 2, "150->148": 3, "150->152": 2, "152->150": 3, "152->154": 2, "154->152": 3, "155->156": 2, "156->155": 3, "156->159": 2, "159->156": 3, "159->161": 2, "161->159": 3, "161->163": 2, "163->161": 3, "163->167": 2, "167->163": 3, "167->171": 4, "171->167": 5, "171->173": 2, "173->171": 3, "173->175": 2, "175->173": 3, "176->177": 2, "177->176": 3, "177->178": 2, "178->177": 3, "178->181": 2, "181->178": 3, "181->183": 2, "183->181": 3, "183->185": 2, "185->183": 3, "185->189": 2, "189->185": 3, "189->192": 2, "192->189": 3, "193->196": 2, "196->193": 3, "196->197": 2, "197->196": 3, "197->200": 2, "200->197": 3, "200->203": 2, "203->200": 3, "203->204": 2, "204->203": 3, "204->207": 2, "207->204": 3, "207->210": 2, "210->207": 3, "210->212": 2, "212->210": 3, "212->213": 2, "213->212": 3, "213->216": 2, "216->213": 3, "216->218": 2, "218->216": 3, "218->220": 2, "220->218": 3, "220->222": 2, "222->220": 3, "222->224": 2, "224->222": 3, "224->226": 2, "226->224": 3, "226->228": 2, "228->226": 3, "229->231": 2, "231->229": 3, "231->233": 2, "233->231": 3, "233->235": 2, "235->233": 3, "235->237": 2, "237->235": 3, "237->239": 2, "239->237": 3, "239->242": 2, "242->239": 3, "43->68": 4, "68->43": 5, "68->98": 4, "98->68": 5, "100->200": 4, "200->100": 5, "45->106": 4, "106->45": 5, "108->152": 4, "152->108": 5, "152->155": 4, "155->152": 5, "155->207": 4, "207->155": 5, "207->233": 4, "233->207": 5, "82->89": 4, "89->82": 5, "89->116": 4, "116->89": 5, "114->176": 4, "176->114": 5, "176->237": 4, "237->176": 5, "148->161": 4, "161->148": 5, "161->167": 4, "167->161": 5, "171->183": 4, "183->171": 5, "183->189": 4, "189->183": 5}, "metrics": [3.0, 0.0, 6.0, 4.0, 55.0, 11.0, 0.0, 0.0, 0.0, 2.0, 2.0]}