{"nodelist": ["ClassDeclaration", "{'public'}", "public", "SkipFilter", "FieldDeclaration", "{'private'}", "private", "BasicType", "boolean", "VariableDeclarator", "filterRow", "Literal", "false", "FieldDeclaration", "{'private'}", "private", "ReferenceType", "Filter", "VariableDeclarator", "filter", "ConstructorDeclaration", "{'public'}", "public", "SkipFilter", "StatementExpression", "SuperConstructorInvocation", "ConstructorDeclaration", "{'public'}", "public", "SkipFilter", "FormalParameter", "ReferenceType", "Filter", "filter", "StatementExpression", "Assignment", "This", "MemberReference", "filter", "MemberReference", "filter", "=", "MethodDeclaration", "{'public'}", "public", "ReferenceType", "Filter", "getFilter", "ReturnStatement", "MemberReference", "filter", "MethodDeclaration", "{'public'}", "public", "reset", "StatementExpression", "MethodInvocation", "filter", "reset", "StatementExpression", "Assignment", "MemberReference", "filterRow", "Literal", "false", "=", "MethodDeclaration", "{'private'}", "private", "changeFR", "FormalParameter", "BasicType", "boolean", "value", "StatementExpression", "Assignment", "MemberReference", "filterRow", "BinaryOperation", "||", "MemberReference", "filterRow", "MemberReference", "value", "=", "MethodDeclaration", "{'public'}", "public", "ReferenceType", "ReturnCode", "filterKeyValue", "FormalParameter", "ReferenceType", "KeyValue", "v", "LocalVariableDeclaration", "ReferenceType", "ReturnCode", "VariableDeclarator", "c", "MethodInvocation", "filter", "MemberReference", "v", "filterKeyValue", "StatementExpression", "MethodInvocation", "BinaryOperation", "!=", "MemberReference", "c", "MemberReference", "ReturnCode", "INCLUDE", "changeFR", "ReturnStatement", "MemberReference", "c", "MethodDeclaration", "{'public'}", "public", "Annotation", "Override", "ReferenceType", "KeyValue", "transform", "FormalParameter", "ReferenceType", "KeyValue", "v", "ReturnStatement", "MethodInvocation", "filter", "MemberReference", "v", "transform", "MethodDeclaration", "{'public'}", "public", "BasicType", "boolean", "filterRow", "ReturnStatement", "MemberReference", "filterRow", "MethodDeclaration", "{'public'}", "public", "write", "FormalParameter", "ReferenceType", "DataOutput", "out", "IOException", "StatementExpression", "MethodInvocation", "out", "This", "MemberReference", "filter", "MethodInvocation", "getClass", "MethodInvocation", "getName", "writeUTF", "StatementExpression", "This", "MemberReference", "filter", "MethodInvocation", "MemberReference", "out", "write", "MethodDeclaration", "{'public'}", "public", "readFields", "FormalParameter", "ReferenceType", "DataInput", "in", "IOException", "LocalVariableDeclaration", "ReferenceType", "String", "VariableDeclarator", "className", "MethodInvocation", "in", "readUTF", "TryStatement", "StatementExpression", "Assignment", "This", "MemberReference", "filter", "Cast", "ReferenceType", "Filter", "MethodInvocation", "Class", "MemberReference", "className", "forName", "=", "StatementExpression", "This", "MemberReference", "filter", "MethodInvocation", "MemberReference", "in", "readFields", "CatchClause", "CatchClauseParameter", "InstantiationException", "e", "ThrowStatement", "ClassCreator", "ReferenceType", "RuntimeException", "Literal", "\"Failed deserialize.\"", "MemberReference", "e", "CatchClause", "CatchClauseParameter", "IllegalAccessException", "e", "ThrowStatement", "ClassCreator", "ReferenceType", "RuntimeException", "Literal", "\"Failed deserialize.\"", "MemberReference", "e", "CatchClause", "CatchClauseParameter", "ClassNotFoundException", "e", "ThrowStatement", "ClassCreator", "ReferenceType", "RuntimeException", "Literal", "\"Failed deserialize.\"", "MemberReference", "e", "MethodDeclaration", "{'public'}", "public", "Annotation", "Override", "ReferenceType", "String", "toString", "ReturnStatement", "BinaryOperation", "+", "BinaryOperation", "+", "This", "MethodInvocation", "getClass", "MethodInvocation", "getSimpleName", "Literal", "\" \"", "This", "MemberReference", "filter", "MethodInvocation", "toString", "ReferenceType", "FilterBase"], "nodes": {"0": "ClassDeclaration", "1": "Modifier", "2": "public", "3": "SkipFilter", "4": "FieldDeclaration", "5": "Modifier", "6": "private", "7": "BasicType", "8": "boolean", "9": "VariableDeclarator", "10": "filterRow", "11": "Literal", "12": "false", "13": "FieldDeclaration", "14": "Modifier", "15": "private", "16": "ReferenceType", "17": "Filter", "18": "VariableDeclarator", "19": "filter", "20": "ConstructorDeclaration", "21": "Modifier", "22": "public", "23": "SkipFilter", "24": "StatementExpression", "25": "SuperConstructorInvocation", "26": "ConstructorDeclaration", "27": "Modifier", "28": "public", "29": "SkipFilter", "30": "FormalParameter", "31": "ReferenceType", "32": "Filter", "33": "filter", "34": "StatementExpression", "35": "Assignment", "36": "This", "37": "MemberReference", "38": "filter", "39": "MemberReference", "40": "filter", "41": "=", "42": "MethodDeclaration", "43": "Modifier", "44": "public", "45": "ReferenceType", "46": "Filter", "47": "getFilter", "48": "ReturnStatement", "49": "MemberReference", "50": "filter", "51": "MethodDeclaration", "52": "Modifier", "53": "public", "54": "reset", "55": "StatementExpression", "56": "MethodInvocation", "57": "filter", "58": "reset", "59": "StatementExpression", "60": "Assignment", "61": "MemberReference", "62": "filterRow", "63": "Literal", "64": "false", "65": "=", "66": "MethodDeclaration", "67": "Modifier", "68": "private", "69": "changeFR", "70": "FormalParameter", "71": "BasicType", "72": "boolean", "73": "value", "74": "StatementExpression", "75": "Assignment", "76": "MemberReference", "77": "filterRow", "78": "BinaryOperation", "79": "||", "80": "MemberReference", "81": "filterRow", "82": "MemberReference", "83": "value", "84": "=", "85": "MethodDeclaration", "86": "Modifier", "87": "public", "88": "ReferenceType", "89": "ReturnCode", "90": "filterKeyValue", "91": "FormalParameter", "92": "ReferenceType", "93": "KeyValue", "94": "v", "95": "LocalVariableDeclaration", "96": "ReferenceType", "97": "ReturnCode", "98": "VariableDeclarator", "99": "c", "100": "MethodInvocation", "101": "filter", "102": "MemberReference", "103": "v", "104": "filterKeyValue", "105": "StatementExpression", "106": "MethodInvocation", "107": "BinaryOperation", "108": "!=", "109": "MemberReference", "110": "c", "111": "MemberReference", "112": "ReturnCode", "113": "INCLUDE", "114": "changeFR", "115": "ReturnStatement", "116": "MemberReference", "117": "c", "118": "MethodDeclaration", "119": "Modifier", "120": "public", "121": "Annotation", "122": "Override", "123": "ReferenceType", "124": "KeyValue", "125": "transform", "126": "FormalParameter", "127": "ReferenceType", "128": "KeyValue", "129": "v", "130": "ReturnStatement", "131": "MethodInvocation", "132": "filter", "133": "MemberReference", "134": "v", "135": "transform", "136": "MethodDeclaration", "137": "Modifier", "138": "public", "139": "BasicType", "140": "boolean", "141": "filterRow", "142": "ReturnStatement", "143": "MemberReference", "144": "filterRow", "145": "MethodDeclaration", "146": "Modifier", "147": "public", "148": "write", "149": "FormalParameter", "150": "ReferenceType", "151": "DataOutput", "152": "out", "153": "IOException", "154": "StatementExpression", "155": "MethodInvocation", "156": "out", "157": "This", "158": "MemberReference", "159": "filter", "160": "MethodInvocation", "161": "getClass", "162": "MethodInvocation", "163": "getName", "164": "writeUTF", "165": "StatementExpression", "166": "This", "167": "MemberReference", "168": "filter", "169": "MethodInvocation", "170": "MemberReference", "171": "out", "172": "write", "173": "MethodDeclaration", "174": "Modifier", "175": "public", "176": "readFields", "177": "FormalParameter", "178": "ReferenceType", "179": "DataInput", "180": "in", "181": "IOException", "182": "LocalVariableDeclaration", "183": "ReferenceType", "184": "String", "185": "VariableDeclarator", "186": "className", "187": "MethodInvocation", "188": "in", "189": "readUTF", "190": "TryStatement", "191": "StatementExpression", "192": "Assignment", "193": "This", "194": "MemberReference", "195": "filter", "196": "Cast", "197": "ReferenceType", "198": "Filter", "199": "MethodInvocation", "200": "Class", "201": "MemberReference", "202": "className", "203": "forName", "204": "=", "205": "StatementExpression", "206": "This", "207": "MemberReference", "208": "filter", "209": "MethodInvocation", "210": "MemberReference", "211": "in", "212": "readFields", "213": "CatchClause", "214": "CatchClauseParameter", "215": "InstantiationException", "216": "e", "217": "ThrowStatement", "218": "ClassCreator", "219": "ReferenceType", "220": "RuntimeException", "221": "Literal", "222": "\"Failed deserialize.\"", "223": "MemberReference", "224": "e", "225": "CatchClause", "226": "CatchClauseParameter", "227": "IllegalAccessException", "228": "e", "229": "ThrowStatement", "230": "ClassCreator", "231": "ReferenceType", "232": "RuntimeException", "233": "Literal", "234": "\"Failed deserialize.\"", "235": "MemberReference", "236": "e", "237": "CatchClause", "238": "CatchClauseParameter", "239": "ClassNotFoundException", "240": "e", "241": "ThrowStatement", "242": "ClassCreator", "243": "ReferenceType", "244": "RuntimeException", "245": "Literal", "246": "\"Failed deserialize.\"", "247": "MemberReference", "248": "e", "249": "MethodDeclaration", "250": "Modifier", "251": "public", "252": "Annotation", "253": "Override", "254": "ReferenceType", "255": "String", "256": "toString", "257": "ReturnStatement", "258": "BinaryOperation", "259": "+", "260": "BinaryOperation", "261": "+", "262": "This", "263": "MethodInvocation", "264": "getClass", "265": "MethodInvocation", "266": "getSimpleName", "267": "Literal", "268": "\" \"", "269": "This", "270": "MemberReference", "271": "filter", "272": "MethodInvocation", "273": "toString", "274": "ReferenceType", "275": "FilterBase"}, "edges": {"0->1": 0, "1->0": 0, "1->2": 0, "2->1": 0, "0->3": 0, "3->0": 0, "0->4": 0, "4->0": 0, "4->5": 0, "5->4": 0, "5->6": 0, "6->5": 0, "4->7": 0, "7->4": 0, "7->8": 0, "8->7": 0, "4->9": 0, "9->4": 0, "9->10": 0, "10->9": 0, "9->11": 0, "11->9": 0, "11->12": 0, "12->11": 0, "0->13": 0, "13->0": 0, "13->14": 0, "14->13": 0, "14->15": 0, "15->14": 0, "13->16": 0, "16->13": 0, "16->17": 0, "17->16": 0, "13->18": 0, "18->13": 0, "18->19": 0, "19->18": 0, "0->20": 0, "20->0": 0, "20->21": 0, "21->20": 0, "21->22": 0, "22->21": 0, "20->23": 0, "23->20": 0, "20->24": 0, "24->20": 0, "24->25": 0, "25->24": 0, "0->26": 0, "26->0": 0, "26->27": 0, "27->26": 0, "27->28": 0, "28->27": 0, "26->29": 0, "29->26": 0, "26->30": 0, "30->26": 0, "30->31": 0, "31->30": 0, "31->32": 0, "32->31": 0, "30->33": 0, "33->30": 0, "26->34": 0, "34->26": 0, "34->35": 0, "35->34": 0, "35->36": 0, "36->35": 0, "36->37": 0, "37->36": 0, "37->38": 0, "38->37": 0, "35->39": 0, "39->35": 0, "39->40": 0, "40->39": 0, "35->41": 0, "41->35": 0, "0->42": 0, "42->0": 0, "42->43": 0, "43->42": 0, "43->44": 0, "44->43": 0, "42->45": 0, "45->42": 0, "45->46": 0, "46->45": 0, "42->47": 0, "47->42": 0, "42->48": 0, "48->42": 0, "48->49": 0, "49->48": 0, "49->50": 0, "50->49": 0, "0->51": 0, "51->0": 0, "51->52": 0, "52->51": 0, "52->53": 0, "53->52": 0, "51->54": 0, "54->51": 0, "51->55": 0, "55->51": 0, "55->56": 0, "56->55": 0, "56->57": 0, "57->56": 0, "56->58": 0, "58->56": 0, "51->59": 0, "59->51": 0, "59->60": 0, "60->59": 0, "60->61": 0, "61->60": 0, "61->62": 0, "62->61": 0, "60->63": 0, "63->60": 0, "63->64": 0, "64->63": 0, "60->65": 0, "65->60": 0, "0->66": 0, "66->0": 0, "66->67": 0, "67->66": 0, "67->68": 0, "68->67": 0, "66->69": 0, "69->66": 0, "66->70": 0, "70->66": 0, "70->71": 0, "71->70": 0, "71->72": 0, "72->71": 0, "70->73": 0, "73->70": 0, "66->74": 0, "74->66": 0, "74->75": 0, "75->74": 0, "75->76": 0, "76->75": 0, "76->77": 0, "77->76": 0, "75->78": 0, "78->75": 0, "78->79": 0, "79->78": 0, "78->80": 0, "80->78": 0, "80->81": 0, "81->80": 0, "78->82": 0, "82->78": 0, "82->83": 0, "83->82": 0, "75->84": 0, "84->75": 0, "0->85": 0, "85->0": 0, "85->86": 0, "86->85": 0, "86->87": 0, "87->86": 0, "85->88": 0, "88->85": 0, "88->89": 0, "89->88": 0, "85->90": 0, "90->85": 0, "85->91": 0, "91->85": 0, "91->92": 0, "92->91": 0, "92->93": 0, "93->92": 0, "91->94": 0, "94->91": 0, "85->95": 0, "95->85": 0, "95->96": 0, "96->95": 0, "96->97": 0, "97->96": 0, "95->98": 0, "98->95": 0, "98->99": 0, "99->98": 0, "98->100": 0, "100->98": 0, "100->101": 0, "101->100": 0, "100->102": 0, "102->100": 0, "102->103": 0, "103->102": 0, "100->104": 0, "104->100": 0, "85->105": 0, "105->85": 0, "105->106": 0, "106->105": 0, "106->107": 0, "107->106": 0, "107->108": 0, "108->107": 0, "107->109": 0, "109->107": 0, "109->110": 0, "110->109": 0, "107->111": 0, "111->107": 0, "111->112": 0, "112->111": 0, "111->113": 0, "113->111": 0, "106->114": 0, "114->106": 0, "85->115": 0, "115->85": 0, "115->116": 0, "116->115": 0, "116->117": 0, "117->116": 0, "0->118": 0, "118->0": 0, "118->119": 0, "119->118": 0, "119->120": 0, "120->119": 0, "118->121": 0, "121->118": 0, "121->122": 0, "122->121": 0, "118->123": 0, "123->118": 0, "123->124": 0, "124->123": 0, "118->125": 0, "125->118": 0, "118->126": 0, "126->118": 0, "126->127": 0, "127->126": 0, "127->128": 0, "128->127": 0, "126->129": 0, "129->126": 0, "118->130": 0, "130->118": 0, "130->131": 0, "131->130": 0, "131->132": 0, "132->131": 0, "131->133": 0, "133->131": 0, "133->134": 0, "134->133": 0, "131->135": 0, "135->131": 0, "0->136": 0, "136->0": 0, "136->137": 0, "137->136": 0, "137->138": 0, "138->137": 0, "136->139": 0, "139->136": 0, "139->140": 0, "140->139": 0, "136->141": 0, "141->136": 0, "136->142": 0, "142->136": 0, "142->143": 0, "143->142": 0, "143->144": 0, "144->143": 0, "0->145": 0, "145->0": 0, "145->146": 0, "146->145": 0, "146->147": 0, "147->146": 0, "145->148": 0, "148->145": 0, "145->149": 0, "149->145": 0, "149->150": 0, "150->149": 0, "150->151": 0, "151->150": 0, "149->152": 0, "152->149": 0, "145->153": 0, "153->145": 0, "145->154": 0, "154->145": 0, "154->155": 0, "155->154": 0, "155->156": 0, "156->155": 0, "155->157": 0, "157->155": 0, "157->158": 0, "158->157": 0, "158->159": 0, "159->158": 0, "157->160": 0, "160->157": 0, "160->161": 0, "161->160": 0, "157->162": 0, "162->157": 0, "162->163": 0, "163->162": 0, "155->164": 0, "164->155": 0, "145->165": 0, "165->145": 0, "165->166": 0, "166->165": 0, "166->167": 0, "167->166": 0, "167->168": 0, "168->167": 0, "166->169": 0, "169->166": 0, "169->170": 0, "170->169": 0, "170->171": 0, "171->170": 0, "169->172": 0, "172->169": 0, "0->173": 0, "173->0": 0, "173->174": 0, "174->173": 0, "174->175": 0, "175->174": 0, "173->176": 0, "176->173": 0, "173->177": 0, "177->173": 0, "177->178": 0, "178->177": 0, "178->179": 0, "179->178": 0, "177->180": 0, "180->177": 0, "173->181": 0, "181->173": 0, "173->182": 0, "182->173": 0, "182->183": 0, "183->182": 0, "183->184": 0, "184->183": 0, "182->185": 0, "185->182": 0, "185->186": 0, "186->185": 0, "185->187": 0, "187->185": 0, "187->188": 0, "188->187": 0, "187->189": 0, "189->187": 0, "173->190": 0, "190->173": 0, "190->191": 0, "191->190": 0, "191->192": 0, "192->191": 0, "192->193": 0, "193->192": 0, "193->194": 0, "194->193": 0, "194->195": 0, "195->194": 0, "192->196": 0, "196->192": 0, "196->197": 0, "197->196": 0, "197->198": 0, "198->197": 0, "196->199": 0, "199->196": 0, "199->200": 0, "200->199": 0, "199->201": 0, "201->199": 0, "201->202": 0, "202->201": 0, "199->203": 0, "203->199": 0, "192->204": 0, "204->192": 0, "190->205": 0, "205->190": 0, "205->206": 0, "206->205": 0, "206->207": 0, "207->206": 0, "207->208": 0, "208->207": 0, "206->209": 0, "209->206": 0, "209->210": 0, "210->209": 0, "210->211": 0, "211->210": 0, "209->212": 0, "212->209": 0, "190->213": 0, "213->190": 0, "213->214": 0, "214->213": 0, "214->215": 0, "215->214": 0, "214->216": 0, "216->214": 0, "213->217": 0, "217->213": 0, "217->218": 0, "218->217": 0, "218->219": 0, "219->218": 0, "219->220": 0, "220->219": 0, "218->221": 0, "221->218": 0, "221->222": 0, "222->221": 0, "218->223": 0, "223->218": 0, "223->224": 0, "224->223": 0, "190->225": 0, "225->190": 0, "225->226": 0, "226->225": 0, "226->227": 0, "227->226": 0, "226->228": 0, "228->226": 0, "225->229": 0, "229->225": 0, "229->230": 0, "230->229": 0, "230->231": 0, "231->230": 0, "231->232": 0, "232->231": 0, "230->233": 0, "233->230": 0, "233->234": 0, "234->233": 0, "230->235": 0, "235->230": 0, "235->236": 0, "236->235": 0, "190->237": 0, "237->190": 0, "237->238": 0, "238->237": 0, "238->239": 0, "239->238": 0, "238->240": 0, "240->238": 0, "237->241": 0, "241->237": 0, "241->242": 0, "242->241": 0, "242->243": 0, "243->242": 0, "243->244": 0, "244->243": 0, "242->245": 0, "245->242": 0, "245->246": 0, "246->245": 0, "242->247": 0, "247->242": 0, "247->248": 0, "248->247": 0, "0->249": 0, "249->0": 0, "249->250": 0, "250->249": 0, "250->251": 0, "251->250": 0, "249->252": 0, "252->249": 0, "252->253": 0, "253->252": 0, "249->254": 0, "254->249": 0, "254->255": 0, "255->254": 0, "249->256": 0, "256->249": 0, "249->257": 0, "257->249": 0, "257->258": 0, "258->257": 0, "258->259": 0, "259->258": 0, "258->260": 0, "260->258": 0, "260->261": 0, "261->260": 0, "260->262": 0, "262->260": 0, "262->263": 0, "263->262": 0, "263->264": 0, "264->263": 0, "262->265": 0, "265->262": 0, "265->266": 0, "266->265": 0, "260->267": 0, "267->260": 0, "267->268": 0, "268->267": 0, "258->269": 0, "269->258": 0, "269->270": 0, "270->269": 0, "270->271": 0, "271->270": 0, "269->272": 0, "272->269": 0, "272->273": 0, "273->272": 0, "0->274": 0, "274->0": 0, "274->275": 0, "275->274": 0, "1->3": 1, "3->1": 12, "3->4": 1, "4->3": 12, "4->13": 1, "13->4": 12, "13->20": 1, "20->13": 12, "20->26": 1, "26->20": 12, "26->42": 1, "42->26": 12, "42->51": 1, "51->42": 12, "51->66": 1, "66->51": 12, "66->85": 1, "85->66": 12, "85->118": 1, "118->85": 12, "118->136": 1, "136->118": 12, "136->145": 1, "145->136": 12, "145->173": 1, "173->145": 12, "173->249": 1, "249->173": 12, "249->274": 1, "274->249": 12, "5->7": 1, "7->5": 12, "7->9": 1, "9->7": 12, "10->11": 1, "11->10": 12, "14->16": 1, "16->14": 12, "16->18": 1, "18->16": 12, "21->23": 1, "23->21": 12, "23->24": 1, "24->23": 12, "27->29": 1, "29->27": 12, "29->30": 1, "30->29": 12, "30->34": 1, "34->30": 12, "31->33": 1, "33->31": 12, "36->39": 1, "39->36": 12, "39->41": 1, "41->39": 12, "43->45": 1, "45->43": 12, "45->47": 1, "47->45": 12, "47->48": 1, "48->47": 12, "52->54": 1, "54->52": 12, "54->55": 1, "55->54": 12, "55->59": 1, "59->55": 12, "57->58": 2, "58->57": 3, "61->63": 1, "63->61": 12, "63->65": 1, "65->63": 12, "67->69": 1, "69->67": 12, "69->70": 1, "70->69": 12, "70->74": 1, "74->70": 12, "71->73": 1, "73->71": 12, "76->78": 1, "78->76": 12, "78->84": 1, "84->78": 12, "79->80": 1, "80->79": 12, "80->82": 1, "82->80": 12, "86->88": 1, "88->86": 12, "88->90": 1, "90->88": 12, "90->91": 1, "91->90": 12, "91->95": 1, "95->91": 12, "95->105": 1, "105->95": 12, "105->115": 1, "115->105": 12, "92->94": 1, "94->92": 12, "96->98": 1, "98->96": 12, "99->100": 1, "100->99": 12, "101->102": 1, "102->101": 12, "102->104": 1, "104->102": 12, "107->114": 1, "114->107": 12, "108->109": 1, "109->108": 12, "109->111": 1, "111->109": 12, "112->113": 2, "113->112": 3, "119->121": 1, "121->119": 12, "121->123": 1, "123->121": 12, "123->125": 1, "125->123": 12, "125->126": 1, "126->125": 12, "126->130": 1, "130->126": 12, "127->129": 1, "129->127": 12, "132->133": 1, "133->132": 12, "133->135": 1, "135->133": 12, "137->139": 1, "139->137": 12, "139->141": 1, "141->139": 12, "141->142": 1, "142->141": 12, "146->148": 1, "148->146": 12, "148->149": 1, "149->148": 12, "149->153": 1, "153->149": 12, "153->154": 1, "154->153": 12, "154->165": 1, "165->154": 12, "150->152": 1, "152->150": 12, "156->157": 1, "157->156": 12, "157->164": 1, "164->157": 12, "158->160": 1, "160->158": 12, "160->162": 1, "162->160": 12, "167->169": 1, "169->167": 12, "170->172": 1, "172->170": 12, "174->176": 1, "176->174": 12, "176->177": 1, "177->176": 12, "177->181": 1, "181->177": 12, "181->182": 1, "182->181": 12, "182->190": 1, "190->182": 12, "178->180": 1, "180->178": 12, "183->185": 1, "185->183": 12, "186->187": 1, "187->186": 12, "188->189": 2, "189->188": 3, "191->205": 1, "205->191": 12, "205->213": 1, "213->205": 12, "213->225": 1, "225->213": 12, "225->237": 1, "237->225": 12, "193->196": 1, "196->193": 12, "196->204": 1, "204->196": 12, "197->199": 1, "199->197": 12, "200->201": 1, "201->200": 12, "201->203": 1, "203->201": 12, "207->209": 1, "209->207": 12, "210->212": 1, "212->210": 12, "214->217": 1, "217->214": 12, "215->216": 2, "216->215": 3, "219->221": 1, "221->219": 12, "221->223": 1, "223->221": 12, "226->229": 1, "229->226": 12, "227->228": 2, "228->227": 3, "231->233": 1, "233->231": 12, "233->235": 1, "235->233": 12, "238->241": 1, "241->238": 12, "239->240": 2, "240->239": 3, "243->245": 1, "245->243": 12, "245->247": 1, "247->245": 12, "250->252": 1, "252->250": 12, "252->254": 1, "254->252": 12, "254->256": 1, "256->254": 12, "256->257": 1, "257->256": 12, "259->260": 1, "260->259": 12, "260->269": 1, "269->260": 12, "261->262": 1, "262->261": 12, "262->267": 1, "267->262": 12, "263->265": 1, "265->263": 12, "270->272": 1, "272->270": 12, "2->3": 2, "3->2": 3, "3->6": 2, "6->3": 3, "6->8": 2, "8->6": 3, "8->10": 2, "10->8": 3, "10->12": 2, "12->10": 3, "12->15": 2, "15->12": 3, "15->17": 2, "17->15": 3, "17->19": 2, "19->17": 3, "19->22": 2, "22->19": 3, "22->23": 2, "23->22": 3, "23->25": 2, "25->23": 3, "25->28": 2, "28->25": 3, "28->29": 2, "29->28": 3, "29->32": 2, "32->29": 3, "32->33": 2, "33->32": 3, "33->38": 2, "38->33": 3, "38->40": 4, "40->38": 5, "40->41": 2, "41->40": 3, "41->44": 2, "44->41": 3, "44->46": 2, "46->44": 3, "46->47": 2, "47->46": 3, "47->50": 2, "50->47": 3, "50->53": 2, "53->50": 3, "53->54": 2, "54->53": 3, "54->57": 2, "57->54": 3, "58->62": 2, "62->58": 3, "62->64": 2, "64->62": 3, "64->65": 2, "65->64": 3, "65->68": 2, "68->65": 3, "68->69": 2, "69->68": 3, "69->72": 2, "72->69": 3, "72->73": 2, "73->72": 3, "73->77": 2, "77->73": 3, "77->79": 2, "79->77": 3, "79->81": 2, "81->79": 3, "81->83": 2, "83->81": 3, "83->84": 2, "84->83": 3, "84->87": 2, "87->84": 3, "87->89": 2, "89->87": 3, "89->90": 2, "90->89": 3, "90->93": 2, "93->90": 3, "93->94": 2, "94->93": 3, "94->97": 2, "97->94": 3, "97->99": 2, "99->97": 3, "99->101": 2, "101->99": 3, "101->103": 2, "103->101": 3, "103->104": 2, "104->103": 3, "104->108": 2, "108->104": 3, "108->110": 2, "110->108": 3, "110->112": 2, "112->110": 3, "113->114": 2, "114->113": 3, "114->117": 2, "117->114": 3, "117->120": 2, "120->117": 3, "120->122": 2, "122->120": 3, "122->124": 2, "124->122": 3, "124->125": 2, "125->124": 3, "125->128": 2, "128->125": 3, "128->129": 2, "129->128": 3, "129->132": 2, "132->129": 3, "132->134": 2, "134->132": 3, "134->135": 2, "135->134": 3, "135->138": 2, "138->135": 3, "138->140": 2, "140->138": 3, "140->141": 2, "141->140": 3, "141->144": 2, "144->141": 3, "144->147": 2, "147->144": 3, "147->148": 2, "148->147": 3, "148->151": 2, "151->148": 3, "151->152": 2, "152->151": 3, "152->153": 2, "153->152": 3, "153->156": 2, "156->153": 3, "156->159": 2, "159->156": 3, "159->161": 2, "161->159": 3, "161->163": 2, "163->161": 3, "163->164": 2, "164->163": 3, "164->168": 2, "168->164": 3, "168->171": 2, "171->168": 3, "171->172": 2, "172->171": 3, "172->175": 2, "175->172": 3, "175->176": 2, "176->175": 3, "176->179": 2, "179->176": 3, "179->180": 2, "180->179": 3, "180->181": 2, "181->180": 3, "181->184": 2, "184->181": 3, "184->186": 2, "186->184": 3, "186->188": 2, "188->186": 3, "189->195": 2, "195->189": 3, "195->198": 2, "198->195": 3, "198->200": 2, "200->198": 3, "200->202": 2, "202->200": 3, "202->203": 2, "203->202": 3, "203->204": 2, "204->203": 3, "204->208": 2, "208->204": 3, "208->211": 2, "211->208": 3, "211->212": 2, "212->211": 3, "212->215": 2, "215->212": 3, "216->220": 2, "220->216": 3, "220->222": 2, "222->220": 3, "222->224": 2, "224->222": 3, "224->227": 2, "227->224": 3, "228->232": 2, "232->228": 3, "232->234": 2, "234->232": 3, "234->236": 2, "236->234": 3, "236->239": 2, "239->236": 3, "240->244": 2, "244->240": 3, "244->246": 2, "246->244": 3, "246->248": 2, "248->246": 3, "248->251": 2, "251->248": 3, "251->253": 2, "253->251": 3, "253->255": 2, "255->253": 3, "255->256": 2, "256->255": 3, "256->259": 2, "259->256": 3, "259->261": 2, "261->259": 3, "261->264": 2, "264->261": 3, "264->266": 2, "266->264": 3, "266->268": 2, "268->266": 3, "268->271": 2, "271->268": 3, "271->273": 2, "273->271": 3, "273->275": 2, "275->273": 3, "40->50": 4, "50->40": 5, "50->159": 4, "159->50": 5, "159->168": 4, "168->159": 5, "168->195": 4, "195->168": 5, "195->208": 4, "208->195": 5, "208->271": 4, "271->208": 5, "62->77": 4, "77->62": 5, "77->81": 4, "81->77": 5, "81->144": 4, "144->81": 5, "103->134": 4, "134->103": 5, "110->117": 4, "117->110": 5, "224->236": 4, "236->224": 5, "236->248": 4, "248->236": 5}, "metrics": [2.0, 0.0, 11.0, 10.0, 57.0, 11.0, 0.0, 2.0, 0.18181818181818182, 3.0, 2.0]}