{"nodelist": ["ClassDeclaration", "{'public'}", "public", "Keying", "FieldDeclaration", "{'final', 'private', 'static'}", "final", "private", "static", "ReferenceType", "String", "VariableDeclarator", "SCHEME", "Literal", "\"r:\"", "FieldDeclaration", "{'final', 'private', 'static'}", "final", "private", "static", "ReferenceType", "Pattern", "VariableDeclarator", "URI_RE_PARSER", "MethodInvocation", "Pattern", "Literal", "\"^([^:/?#]+://(?:[^/?#@]+@)?)([^:/?#]+)(.*)$\"", "compile", "MethodDeclaration", "{'public', 'static'}", "public", "static", "ReferenceType", "String", "createKey", "FormalParameter", "{'final'}", "final", "ReferenceType", "String", "u", "IfStatement", "MethodInvocation", "u", "MemberReference", "SCHEME", "startsWith", "BlockStatement", "ThrowStatement", "ClassCreator", "ReferenceType", "IllegalArgumentException", "BinaryOperation", "+", "Literal", "\"Starts with \"", "MemberReference", "SCHEME", "LocalVariableDeclaration", "ReferenceType", "Matcher", "VariableDeclarator", "m", "MethodInvocation", "MemberReference", "u", "getMatcher", "IfStatement", "BinaryOperation", "||", "BinaryOperation", "==", "MemberReference", "m", "Literal", "null", "MethodInvocation", "!", "m", "matches", "BlockStatement", "ReturnStatement", "MemberReference", "u", "ReturnStatement", "BinaryOperation", "+", "BinaryOperation", "+", "BinaryOperation", "+", "MemberReference", "SCHEME", "MethodInvocation", "m", "Literal", "1", "group", "MethodInvocation", "MethodInvocation", "m", "Literal", "2", "group", "reverseHostname", "MethodInvocation", "m", "Literal", "3", "group", "MethodDeclaration", "{'public', 'static'}", "public", "static", "ReferenceType", "String", "keyToUri", "FormalParameter", "{'final'}", "final", "ReferenceType", "String", "s", "IfStatement", "MethodInvocation", "!", "s", "MemberReference", "SCHEME", "startsWith", "BlockStatement", "ReturnStatement", "MemberReference", "s", "LocalVariableDeclaration", "ReferenceType", "Matcher", "VariableDeclarator", "m", "MethodInvocation", "MethodInvocation", "s", "MethodInvocation", "SCHEME", "length", "substring", "getMatcher", "IfStatement", "BinaryOperation", "||", "BinaryOperation", "==", "MemberReference", "m", "Literal", "null", "MethodInvocation", "!", "m", "matches", "BlockStatement", "ReturnStatement", "MemberReference", "s", "ReturnStatement", "BinaryOperation", "+", "BinaryOperation", "+", "MethodInvocation", "m", "Literal", "1", "group", "MethodInvocation", "MethodInvocation", "m", "Literal", "2", "group", "reverseHostname", "MethodInvocation", "m", "Literal", "3", "group", "MethodDeclaration", "{'private', 'static'}", "private", "static", "ReferenceType", "Matcher", "getMatcher", "FormalParameter", "{'final'}", "final", "ReferenceType", "String", "u", "IfStatement", "BinaryOperation", "||", "BinaryOperation", "==", "MemberReference", "u", "Literal", "null", "BinaryOperation", "<=", "MethodInvocation", "u", "length", "Literal", "0", "BlockStatement", "ReturnStatement", "Literal", "null", "ReturnStatement", "MethodInvocation", "URI_RE_PARSER", "MemberReference", "u", "matcher", "MethodDeclaration", "{'private', 'static'}", "private", "static", "ReferenceType", "String", "reverseHostname", "FormalParameter", "{'final'}", "final", "ReferenceType", "String", "hostname", "IfStatement", "BinaryOperation", "==", "MemberReference", "hostname", "Literal", "null", "BlockStatement", "ReturnStatement", "Literal", "\"\"", "LocalVariableDeclaration", "ReferenceType", "StringBuilder", "VariableDeclarator", "sb", "ClassCreator", "ReferenceType", "StringBuilder", "MethodInvocation", "hostname", "length", "ForStatement", "ForControl", "VariableDeclaration", "ReferenceType", "StringTokenizer", "VariableDeclarator", "st", "ClassCreator", "ReferenceType", "StringTokenizer", "MemberReference", "hostname", "Literal", "\".\"", "Literal", "false", "MethodInvocation", "st", "hasMoreElements", "BlockStatement", "LocalVariableDeclaration", "ReferenceType", "Object", "VariableDeclarator", "next", "MethodInvocation", "st", "nextElement", "IfStatement", "BinaryOperation", ">", "MethodInvocation", "sb", "length", "Literal", "0", "BlockStatement", "StatementExpression", "MethodInvocation", "sb", "Literal", "0", "Literal", "\".\"", "insert", "StatementExpression", "MethodInvocation", "sb", "Literal", "0", "MemberReference", "next", "insert", "ReturnStatement", "MethodInvocation", "sb", "toString"], "nodes": {"0": "ClassDeclaration", "1": "Modifier", "2": "public", "3": "Keying", "4": "FieldDeclaration", "5": "Modifier", "6": "final", "7": "private", "8": "static", "9": "ReferenceType", "10": "String", "11": "VariableDeclarator", "12": "SCHEME", "13": "Literal", "14": "\"r:\"", "15": "FieldDeclaration", "16": "Modifier", "17": "final", "18": "private", "19": "static", "20": "ReferenceType", "21": "Pattern", "22": "VariableDeclarator", "23": "URI_RE_PARSER", "24": "MethodInvocation", "25": "Pattern", "26": "Literal", "27": "\"^([^:/?#]+://(?:[^/?#@]+@)?)([^:/?#]+)(.*)$\"", "28": "compile", "29": "MethodDeclaration", "30": "Modifier", "31": "public", "32": "static", "33": "ReferenceType", "34": "String", "35": "createKey", "36": "FormalParameter", "37": "Modifier", "38": "final", "39": "ReferenceType", "40": "String", "41": "u", "42": "IfStatement", "43": "MethodInvocation", "44": "u", "45": "MemberReference", "46": "SCHEME", "47": "startsWith", "48": "BlockStatement", "49": "ThrowStatement", "50": "ClassCreator", "51": "ReferenceType", "52": "IllegalArgumentException", "53": "BinaryOperation", "54": "+", "55": "Literal", "56": "\"Starts with \"", "57": "MemberReference", "58": "SCHEME", "59": "LocalVariableDeclaration", "60": "ReferenceType", "61": "Matcher", "62": "VariableDeclarator", "63": "m", "64": "MethodInvocation", "65": "MemberReference", "66": "u", "67": "getMatcher", "68": "IfStatement", "69": "BinaryOperation", "70": "||", "71": "BinaryOperation", "72": "==", "73": "MemberReference", "74": "m", "75": "Literal", "76": "null", "77": "MethodInvocation", "78": "!", "79": "m", "80": "matches", "81": "BlockStatement", "82": "ReturnStatement", "83": "MemberReference", "84": "u", "85": "ReturnStatement", "86": "BinaryOperation", "87": "+", "88": "BinaryOperation", "89": "+", "90": "BinaryOperation", "91": "+", "92": "MemberReference", "93": "SCHEME", "94": "MethodInvocation", "95": "m", "96": "Literal", "97": "1", "98": "group", "99": "MethodInvocation", "100": "MethodInvocation", "101": "m", "102": "Literal", "103": "2", "104": "group", "105": "reverseHostname", "106": "MethodInvocation", "107": "m", "108": "Literal", "109": "3", "110": "group", "111": "MethodDeclaration", "112": "Modifier", "113": "public", "114": "static", "115": "ReferenceType", "116": "String", "117": "keyToUri", "118": "FormalParameter", "119": "Modifier", "120": "final", "121": "ReferenceType", "122": "String", "123": "s", "124": "IfStatement", "125": "MethodInvocation", "126": "!", "127": "s", "128": "MemberReference", "129": "SCHEME", "130": "startsWith", "131": "BlockStatement", "132": "ReturnStatement", "133": "MemberReference", "134": "s", "135": "LocalVariableDeclaration", "136": "ReferenceType", "137": "Matcher", "138": "VariableDeclarator", "139": "m", "140": "MethodInvocation", "141": "MethodInvocation", "142": "s", "143": "MethodInvocation", "144": "SCHEME", "145": "length", "146": "substring", "147": "getMatcher", "148": "IfStatement", "149": "BinaryOperation", "150": "||", "151": "BinaryOperation", "152": "==", "153": "MemberReference", "154": "m", "155": "Literal", "156": "null", "157": "MethodInvocation", "158": "!", "159": "m", "160": "matches", "161": "BlockStatement", "162": "ReturnStatement", "163": "MemberReference", "164": "s", "165": "ReturnStatement", "166": "BinaryOperation", "167": "+", "168": "BinaryOperation", "169": "+", "170": "MethodInvocation", "171": "m", "172": "Literal", "173": "1", "174": "group", "175": "MethodInvocation", "176": "MethodInvocation", "177": "m", "178": "Literal", "179": "2", "180": "group", "181": "reverseHostname", "182": "MethodInvocation", "183": "m", "184": "Literal", "185": "3", "186": "group", "187": "MethodDeclaration", "188": "Modifier", "189": "private", "190": "static", "191": "ReferenceType", "192": "Matcher", "193": "getMatcher", "194": "FormalParameter", "195": "Modifier", "196": "final", "197": "ReferenceType", "198": "String", "199": "u", "200": "IfStatement", "201": "BinaryOperation", "202": "||", "203": "BinaryOperation", "204": "==", "205": "MemberReference", "206": "u", "207": "Literal", "208": "null", "209": "BinaryOperation", "210": "<=", "211": "MethodInvocation", "212": "u", "213": "length", "214": "Literal", "215": "0", "216": "BlockStatement", "217": "ReturnStatement", "218": "Literal", "219": "null", "220": "ReturnStatement", "221": "MethodInvocation", "222": "URI_RE_PARSER", "223": "MemberReference", "224": "u", "225": "matcher", "226": "MethodDeclaration", "227": "Modifier", "228": "private", "229": "static", "230": "ReferenceType", "231": "String", "232": "reverseHostname", "233": "FormalParameter", "234": "Modifier", "235": "final", "236": "ReferenceType", "237": "String", "238": "hostname", "239": "IfStatement", "240": "BinaryOperation", "241": "==", "242": "MemberReference", "243": "hostname", "244": "Literal", "245": "null", "246": "BlockStatement", "247": "ReturnStatement", "248": "Literal", "249": "\"\"", "250": "LocalVariableDeclaration", "251": "ReferenceType", "252": "StringBuilder", "253": "VariableDeclarator", "254": "sb", "255": "ClassCreator", "256": "ReferenceType", "257": "StringBuilder", "258": "MethodInvocation", "259": "hostname", "260": "length", "261": "ForStatement", "262": "ForControl", "263": "VariableDeclaration", "264": "ReferenceType", "265": "StringTokenizer", "266": "VariableDeclarator", "267": "st", "268": "ClassCreator", "269": "ReferenceType", "270": "StringTokenizer", "271": "MemberReference", "272": "hostname", "273": "Literal", "274": "\".\"", "275": "Literal", "276": "false", "277": "MethodInvocation", "278": "st", "279": "hasMoreElements", "280": "BlockStatement", "281": "LocalVariableDeclaration", "282": "ReferenceType", "283": "Object", "284": "VariableDeclarator", "285": "next", "286": "MethodInvocation", "287": "st", "288": "nextElement", "289": "IfStatement", "290": "BinaryOperation", "291": ">", "292": "MethodInvocation", "293": "sb", "294": "length", "295": "Literal", "296": "0", "297": "BlockStatement", "298": "StatementExpression", "299": "MethodInvocation", "300": "sb", "301": "Literal", "302": "0", "303": "Literal", "304": "\".\"", "305": "insert", "306": "StatementExpression", "307": "MethodInvocation", "308": "sb", "309": "Literal", "310": "0", "311": "MemberReference", "312": "next", "313": "insert", "314": "ReturnStatement", "315": "MethodInvocation", "316": "sb", "317": "toString"}, "edges": {"0->1": 0, "1->0": 0, "1->2": 0, "2->1": 0, "0->3": 0, "3->0": 0, "0->4": 0, "4->0": 0, "4->5": 0, "5->4": 0, "5->6": 0, "6->5": 0, "5->7": 0, "7->5": 0, "5->8": 0, "8->5": 0, "4->9": 0, "9->4": 0, "9->10": 0, "10->9": 0, "4->11": 0, "11->4": 0, "11->12": 0, "12->11": 0, "11->13": 0, "13->11": 0, "13->14": 0, "14->13": 0, "0->15": 0, "15->0": 0, "15->16": 0, "16->15": 0, "16->17": 0, "17->16": 0, "16->18": 0, "18->16": 0, "16->19": 0, "19->16": 0, "15->20": 0, "20->15": 0, "20->21": 0, "21->20": 0, "15->22": 0, "22->15": 0, "22->23": 0, "23->22": 0, "22->24": 0, "24->22": 0, "24->25": 0, "25->24": 0, "24->26": 0, "26->24": 0, "26->27": 0, "27->26": 0, "24->28": 0, "28->24": 0, "0->29": 0, "29->0": 0, "29->30": 0, "30->29": 0, "30->31": 0, "31->30": 0, "30->32": 0, "32->30": 0, "29->33": 0, "33->29": 0, "33->34": 0, "34->33": 0, "29->35": 0, "35->29": 0, "29->36": 0, "36->29": 0, "36->37": 0, "37->36": 0, "37->38": 0, "38->37": 0, "36->39": 0, "39->36": 0, "39->40": 0, "40->39": 0, "36->41": 0, "41->36": 0, "29->42": 0, "42->29": 0, "42->43": 0, "43->42": 0, "43->44": 0, "44->43": 0, "43->45": 0, "45->43": 0, "45->46": 0, "46->45": 0, "43->47": 0, "47->43": 0, "42->48": 0, "48->42": 0, "48->49": 0, "49->48": 0, "49->50": 0, "50->49": 0, "50->51": 0, "51->50": 0, "51->52": 0, "52->51": 0, "50->53": 0, "53->50": 0, "53->54": 0, "54->53": 0, "53->55": 0, "55->53": 0, "55->56": 0, "56->55": 0, "53->57": 0, "57->53": 0, "57->58": 0, "58->57": 0, "29->59": 0, "59->29": 0, "59->60": 0, "60->59": 0, "60->61": 0, "61->60": 0, "59->62": 0, "62->59": 0, "62->63": 0, "63->62": 0, "62->64": 0, "64->62": 0, "64->65": 0, "65->64": 0, "65->66": 0, "66->65": 0, "64->67": 0, "67->64": 0, "29->68": 0, "68->29": 0, "68->69": 0, "69->68": 0, "69->70": 0, "70->69": 0, "69->71": 0, "71->69": 0, "71->72": 0, "72->71": 0, "71->73": 0, "73->71": 0, "73->74": 0, "74->73": 0, "71->75": 0, "75->71": 0, "75->76": 0, "76->75": 0, "69->77": 0, "77->69": 0, "77->78": 0, "78->77": 0, "77->79": 0, "79->77": 0, "77->80": 0, "80->77": 0, "68->81": 0, "81->68": 0, "81->82": 0, "82->81": 0, "82->83": 0, "83->82": 0, "83->84": 0, "84->83": 0, "29->85": 0, "85->29": 0, "85->86": 0, "86->85": 0, "86->87": 0, "87->86": 0, "86->88": 0, "88->86": 0, "88->89": 0, "89->88": 0, "88->90": 0, "90->88": 0, "90->91": 0, "91->90": 0, "90->92": 0, "92->90": 0, "92->93": 0, "93->92": 0, "90->94": 0, "94->90": 0, "94->95": 0, "95->94": 0, "94->96": 0, "96->94": 0, "96->97": 0, "97->96": 0, "94->98": 0, "98->94": 0, "88->99": 0, "99->88": 0, "99->100": 0, "100->99": 0, "100->101": 0, "101->100": 0, "100->102": 0, "102->100": 0, "102->103": 0, "103->102": 0, "100->104": 0, "104->100": 0, "99->105": 0, "105->99": 0, "86->106": 0, "106->86": 0, "106->107": 0, "107->106": 0, "106->108": 0, "108->106": 0, "108->109": 0, "109->108": 0, "106->110": 0, "110->106": 0, "0->111": 0, "111->0": 0, "111->112": 0, "112->111": 0, "112->113": 0, "113->112": 0, "112->114": 0, "114->112": 0, "111->115": 0, "115->111": 0, "115->116": 0, "116->115": 0, "111->117": 0, "117->111": 0, "111->118": 0, "118->111": 0, "118->119": 0, "119->118": 0, "119->120": 0, "120->119": 0, "118->121": 0, "121->118": 0, "121->122": 0, "122->121": 0, "118->123": 0, "123->118": 0, "111->124": 0, "124->111": 0, "124->125": 0, "125->124": 0, "125->126": 0, "126->125": 0, "125->127": 0, "127->125": 0, "125->128": 0, "128->125": 0, "128->129": 0, "129->128": 0, "125->130": 0, "130->125": 0, "124->131": 0, "131->124": 0, "131->132": 0, "132->131": 0, "132->133": 0, "133->132": 0, "133->134": 0, "134->133": 0, "111->135": 0, "135->111": 0, "135->136": 0, "136->135": 0, "136->137": 0, "137->136": 0, "135->138": 0, "138->135": 0, "138->139": 0, "139->138": 0, "138->140": 0, "140->138": 0, "140->141": 0, "141->140": 0, "141->142": 0, "142->141": 0, "141->143": 0, "143->141": 0, "143->144": 0, "144->143": 0, "143->145": 0, "145->143": 0, "141->146": 0, "146->141": 0, "140->147": 0, "147->140": 0, "111->148": 0, "148->111": 0, "148->149": 0, "149->148": 0, "149->150": 0, "150->149": 0, "149->151": 0, "151->149": 0, "151->152": 0, "152->151": 0, "151->153": 0, "153->151": 0, "153->154": 0, "154->153": 0, "151->155": 0, "155->151": 0, "155->156": 0, "156->155": 0, "149->157": 0, "157->149": 0, "157->158": 0, "158->157": 0, "157->159": 0, "159->157": 0, "157->160": 0, "160->157": 0, "148->161": 0, "161->148": 0, "161->162": 0, "162->161": 0, "162->163": 0, "163->162": 0, "163->164": 0, "164->163": 0, "111->165": 0, "165->111": 0, "165->166": 0, "166->165": 0, "166->167": 0, "167->166": 0, "166->168": 0, "168->166": 0, "168->169": 0, "169->168": 0, "168->170": 0, "170->168": 0, "170->171": 0, "171->170": 0, "170->172": 0, "172->170": 0, "172->173": 0, "173->172": 0, "170->174": 0, "174->170": 0, "168->175": 0, "175->168": 0, "175->176": 0, "176->175": 0, "176->177": 0, "177->176": 0, "176->178": 0, "178->176": 0, "178->179": 0, "179->178": 0, "176->180": 0, "180->176": 0, "175->181": 0, "181->175": 0, "166->182": 0, "182->166": 0, "182->183": 0, "183->182": 0, "182->184": 0, "184->182": 0, "184->185": 0, "185->184": 0, "182->186": 0, "186->182": 0, "0->187": 0, "187->0": 0, "187->188": 0, "188->187": 0, "188->189": 0, "189->188": 0, "188->190": 0, "190->188": 0, "187->191": 0, "191->187": 0, "191->192": 0, "192->191": 0, "187->193": 0, "193->187": 0, "187->194": 0, "194->187": 0, "194->195": 0, "195->194": 0, "195->196": 0, "196->195": 0, "194->197": 0, "197->194": 0, "197->198": 0, "198->197": 0, "194->199": 0, "199->194": 0, "187->200": 0, "200->187": 0, "200->201": 0, "201->200": 0, "201->202": 0, "202->201": 0, "201->203": 0, "203->201": 0, "203->204": 0, "204->203": 0, "203->205": 0, "205->203": 0, "205->206": 0, "206->205": 0, "203->207": 0, "207->203": 0, "207->208": 0, "208->207": 0, "201->209": 0, "209->201": 0, "209->210": 0, "210->209": 0, "209->211": 0, "211->209": 0, "211->212": 0, "212->211": 0, "211->213": 0, "213->211": 0, "209->214": 0, "214->209": 0, "214->215": 0, "215->214": 0, "200->216": 0, "216->200": 0, "216->217": 0, "217->216": 0, "217->218": 0, "218->217": 0, "218->219": 0, "219->218": 0, "187->220": 0, "220->187": 0, "220->221": 0, "221->220": 0, "221->222": 0, "222->221": 0, "221->223": 0, "223->221": 0, "223->224": 0, "224->223": 0, "221->225": 0, "225->221": 0, "0->226": 0, "226->0": 0, "226->227": 0, "227->226": 0, "227->228": 0, "228->227": 0, "227->229": 0, "229->227": 0, "226->230": 0, "230->226": 0, "230->231": 0, "231->230": 0, "226->232": 0, "232->226": 0, "226->233": 0, "233->226": 0, "233->234": 0, "234->233": 0, "234->235": 0, "235->234": 0, "233->236": 0, "236->233": 0, "236->237": 0, "237->236": 0, "233->238": 0, "238->233": 0, "226->239": 0, "239->226": 0, "239->240": 0, "240->239": 0, "240->241": 0, "241->240": 0, "240->242": 0, "242->240": 0, "242->243": 0, "243->242": 0, "240->244": 0, "244->240": 0, "244->245": 0, "245->244": 0, "239->246": 0, "246->239": 0, "246->247": 0, "247->246": 0, "247->248": 0, "248->247": 0, "248->249": 0, "249->248": 0, "226->250": 0, "250->226": 0, "250->251": 0, "251->250": 0, "251->252": 0, "252->251": 0, "250->253": 0, "253->250": 0, "253->254": 0, "254->253": 0, "253->255": 0, "255->253": 0, "255->256": 0, "256->255": 0, "256->257": 0, "257->256": 0, "255->258": 0, "258->255": 0, "258->259": 0, "259->258": 0, "258->260": 0, "260->258": 0, "226->261": 0, "261->226": 0, "261->262": 0, "262->261": 0, "262->263": 0, "263->262": 0, "263->264": 0, "264->263": 0, "264->265": 0, "265->264": 0, "263->266": 0, "266->263": 0, "266->267": 0, "267->266": 0, "266->268": 0, "268->266": 0, "268->269": 0, "269->268": 0, "269->270": 0, "270->269": 0, "268->271": 0, "271->268": 0, "271->272": 0, "272->271": 0, "268->273": 0, "273->268": 0, "273->274": 0, "274->273": 0, "268->275": 0, "275->268": 0, "275->276": 0, "276->275": 0, "262->277": 0, "277->262": 0, "277->278": 0, "278->277": 0, "277->279": 0, "279->277": 0, "261->280": 0, "280->261": 0, "280->281": 0, "281->280": 0, "281->282": 0, "282->281": 0, "282->283": 0, "283->282": 0, "281->284": 0, "284->281": 0, "284->285": 0, "285->284": 0, "284->286": 0, "286->284": 0, "286->287": 0, "287->286": 0, "286->288": 0, "288->286": 0, "280->289": 0, "289->280": 0, "289->290": 0, "290->289": 0, "290->291": 0, "291->290": 0, "290->292": 0, "292->290": 0, "292->293": 0, "293->292": 0, "292->294": 0, "294->292": 0, "290->295": 0, "295->290": 0, "295->296": 0, "296->295": 0, "289->297": 0, "297->289": 0, "297->298": 0, "298->297": 0, "298->299": 0, "299->298": 0, "299->300": 0, "300->299": 0, "299->301": 0, "301->299": 0, "301->302": 0, "302->301": 0, "299->303": 0, "303->299": 0, "303->304": 0, "304->303": 0, "299->305": 0, "305->299": 0, "280->306": 0, "306->280": 0, "306->307": 0, "307->306": 0, "307->308": 0, "308->307": 0, "307->309": 0, "309->307": 0, "309->310": 0, "310->309": 0, "307->311": 0, "311->307": 0, "311->312": 0, "312->311": 0, "307->313": 0, "313->307": 0, "226->314": 0, "314->226": 0, "314->315": 0, "315->314": 0, "315->316": 0, "316->315": 0, "315->317": 0, "317->315": 0, "1->3": 1, "3->1": 12, "3->4": 1, "4->3": 12, "4->15": 1, "15->4": 12, "15->29": 1, "29->15": 12, "29->111": 1, "111->29": 12, "111->187": 1, "187->111": 12, "187->226": 1, "226->187": 12, "5->9": 1, "9->5": 12, "9->11": 1, "11->9": 12, "6->7": 2, "7->6": 3, "7->8": 2, "8->7": 3, "12->13": 1, "13->12": 12, "16->20": 1, "20->16": 12, "20->22": 1, "22->20": 12, "17->18": 2, "18->17": 3, "18->19": 2, "19->18": 3, "23->24": 1, "24->23": 12, "25->26": 1, "26->25": 12, "26->28": 1, "28->26": 12, "30->33": 1, "33->30": 12, "33->35": 1, "35->33": 12, "35->36": 1, "36->35": 12, "36->42": 1, "42->36": 12, "42->59": 1, "59->42": 12, "59->68": 1, "68->59": 12, "68->85": 1, "85->68": 12, "31->32": 2, "32->31": 3, "37->39": 1, "39->37": 12, "39->41": 1, "41->39": 12, "43->48": 6, "48->43": 6, "44->45": 1, "45->44": 12, "45->47": 1, "47->45": 12, "51->53": 1, "53->51": 12, "54->55": 1, "55->54": 12, "55->57": 1, "57->55": 12, "60->62": 1, "62->60": 12, "63->64": 1, "64->63": 12, "65->67": 1, "67->65": 12, "69->81": 6, "81->69": 6, "70->71": 1, "71->70": 12, "71->77": 1, "77->71": 12, "72->73": 1, "73->72": 12, "73->75": 1, "75->73": 12, "78->79": 2, "79->78": 3, "79->80": 2, "80->79": 3, "87->88": 1, "88->87": 12, "88->106": 1, "106->88": 12, "89->90": 1, "90->89": 12, "90->99": 1, "99->90": 12, "91->92": 1, "92->91": 12, "92->94": 1, "94->92": 12, "95->96": 1, "96->95": 12, "96->98": 1, "98->96": 12, "100->105": 1, "105->100": 12, "101->102": 1, "102->101": 12, "102->104": 1, "104->102": 12, "107->108": 1, "108->107": 12, "108->110": 1, "110->108": 12, "112->115": 1, "115->112": 12, "115->117": 1, "117->115": 12, "117->118": 1, "118->117": 12, "118->124": 1, "124->118": 12, "124->135": 1, "135->124": 12, "135->148": 1, "148->135": 12, "148->165": 1, "165->148": 12, "113->114": 2, "114->113": 3, "119->121": 1, "121->119": 12, "121->123": 1, "123->121": 12, "125->131": 6, "131->125": 6, "126->127": 2, "127->126": 3, "127->128": 1, "128->127": 12, "128->130": 1, "130->128": 12, "136->138": 1, "138->136": 12, "139->140": 1, "140->139": 12, "141->147": 1, "147->141": 12, "142->143": 1, "143->142": 12, "143->146": 1, "146->143": 12, "144->145": 2, "145->144": 3, "149->161": 6, "161->149": 6, "150->151": 1, "151->150": 12, "151->157": 1, "157->151": 12, "152->153": 1, "153->152": 12, "153->155": 1, "155->153": 12, "158->159": 2, "159->158": 3, "159->160": 2, "160->159": 3, "167->168": 1, "168->167": 12, "168->182": 1, "182->168": 12, "169->170": 1, "170->169": 12, "170->175": 1, "175->170": 12, "171->172": 1, "172->171": 12, "172->174": 1, "174->172": 12, "176->181": 1, "181->176": 12, "177->178": 1, "178->177": 12, "178->180": 1, "180->178": 12, "183->184": 1, "184->183": 12, "184->186": 1, "186->184": 12, "188->191": 1, "191->188": 12, "191->193": 1, "193->191": 12, "193->194": 1, "194->193": 12, "194->200": 1, "200->194": 12, "200->220": 1, "220->200": 12, "189->190": 2, "190->189": 3, "195->197": 1, "197->195": 12, "197->199": 1, "199->197": 12, "201->216": 6, "216->201": 6, "202->203": 1, "203->202": 12, "203->209": 1, "209->203": 12, "204->205": 1, "205->204": 12, "205->207": 1, "207->205": 12, "210->211": 1, "211->210": 12, "211->214": 1, "214->211": 12, "212->213": 2, "213->212": 3, "222->223": 1, "223->222": 12, "223->225": 1, "225->223": 12, "227->230": 1, "230->227": 12, "230->232": 1, "232->230": 12, "232->233": 1, "233->232": 12, "233->239": 1, "239->233": 12, "239->250": 1, "250->239": 12, "250->261": 1, "261->250": 12, "261->314": 1, "314->261": 12, "228->229": 2, "229->228": 3, "234->236": 1, "236->234": 12, "236->238": 1, "238->236": 12, "240->246": 6, "246->240": 6, "241->242": 1, "242->241": 12, "242->244": 1, "244->242": 12, "251->253": 1, "253->251": 12, "254->255": 1, "255->254": 12, "256->258": 1, "258->256": 12, "259->260": 2, "260->259": 3, "262->280": 9, "280->262": 9, "263->277": 1, "277->263": 12, "264->266": 1, "266->264": 12, "267->268": 1, "268->267": 12, "269->271": 1, "271->269": 12, "271->273": 1, "273->271": 12, "273->275": 1, "275->273": 12, "278->279": 2, "279->278": 3, "281->289": 10, "289->281": 11, "289->306": 10, "306->289": 11, "282->284": 1, "284->282": 12, "285->286": 1, "286->285": 12, "287->288": 2, "288->287": 3, "290->297": 6, "297->290": 6, "291->292": 1, "292->291": 12, "292->295": 1, "295->292": 12, "293->294": 2, "294->293": 3, "300->301": 1, "301->300": 12, "301->303": 1, "303->301": 12, "303->305": 1, "305->303": 12, "308->309": 1, "309->308": 12, "309->311": 1, "311->309": 12, "311->313": 1, "313->311": 12, "316->317": 2, "317->316": 3, "2->3": 2, "3->2": 3, "3->6": 2, "6->3": 3, "8->10": 2, "10->8": 3, "10->12": 2, "12->10": 3, "12->14": 2, "14->12": 3, "14->17": 2, "17->14": 3, "19->21": 2, "21->19": 3, "21->23": 2, "23->21": 3, "23->25": 2, "25->23": 3, "25->27": 2, "27->25": 3, "27->28": 2, "28->27": 3, "28->31": 2, "31->28": 3, "32->34": 2, "34->32": 3, "34->35": 2, "35->34": 3, "35->38": 2, "38->35": 3, "38->40": 2, "40->38": 3, "40->41": 2, "41->40": 3, "41->44": 2, "44->41": 3, "44->46": 2, "46->44": 3, "46->47": 2, "47->46": 3, "47->52": 2, "52->47": 3, "52->54": 2, "54->52": 3, "54->56": 2, "56->54": 3, "56->58": 2, "58->56": 3, "58->61": 2, "61->58": 3, "61->63": 2, "63->61": 3, "63->66": 2, "66->63": 3, "66->67": 2, "67->66": 3, "67->70": 2, "70->67": 3, "70->72": 2, "72->70": 3, "72->74": 2, "74->72": 3, "74->76": 2, "76->74": 3, "76->78": 2, "78->76": 3, "80->84": 2, "84->80": 3, "84->87": 2, "87->84": 3, "87->89": 2, "89->87": 3, "89->91": 2, "91->89": 3, "91->93": 2, "93->91": 3, "93->95": 2, "95->93": 3, "95->97": 2, "97->95": 3, "97->98": 2, "98->97": 3, "98->101": 2, "101->98": 3, "101->103": 2, "103->101": 3, "103->104": 2, "104->103": 3, "104->105": 2, "105->104": 3, "105->107": 2, "107->105": 3, "107->109": 2, "109->107": 3, "109->110": 2, "110->109": 3, "110->113": 2, "113->110": 3, "114->116": 2, "116->114": 3, "116->117": 2, "117->116": 3, "117->120": 2, "120->117": 3, "120->122": 2, "122->120": 3, "122->123": 2, "123->122": 3, "123->126": 2, "126->123": 3, "127->129": 2, "129->127": 3, "129->130": 2, "130->129": 3, "130->134": 2, "134->130": 3, "134->137": 2, "137->134": 3, "137->139": 2, "139->137": 3, "139->142": 2, "142->139": 3, "142->144": 2, "144->142": 3, "145->146": 2, "146->145": 3, "146->147": 2, "147->146": 3, "147->150": 2, "150->147": 3, "150->152": 2, "152->150": 3, "152->154": 2, "154->152": 3, "154->156": 2, "156->154": 3, "156->158": 2, "158->156": 3, "160->164": 2, "164->160": 3, "164->167": 2, "167->164": 3, "167->169": 2, "169->167": 3, "169->171": 2, "171->169": 3, "171->173": 2, "173->171": 3, "173->174": 2, "174->173": 3, "174->177": 2, "177->174": 3, "177->179": 2, "179->177": 3, "179->180": 2, "180->179": 3, "180->181": 2, "181->180": 3, "181->183": 2, "183->181": 3, "183->185": 2, "185->183": 3, "185->186": 2, "186->185": 3, "186->189": 2, "189->186": 3, "190->192": 2, "192->190": 3, "192->193": 2, "193->192": 3, "193->196": 2, "196->193": 3, "196->198": 2, "198->196": 3, "198->199": 2, "199->198": 3, "199->202": 2, "202->199": 3, "202->204": 2, "204->202": 3, "204->206": 2, "206->204": 3, "206->208": 2, "208->206": 3, "208->210": 2, "210->208": 3, "210->212": 2, "212->210": 3, "213->215": 2, "215->213": 3, "215->219": 2, "219->215": 3, "219->222": 2, "222->219": 3, "222->224": 2, "224->222": 3, "224->225": 2, "225->224": 3, "225->228": 2, "228->225": 3, "229->231": 2, "231->229": 3, "231->232": 2, "232->231": 3, "232->235": 2, "235->232": 3, "235->237": 2, "237->235": 3, "237->238": 2, "238->237": 3, "238->241": 2, "241->238": 3, "241->243": 2, "243->241": 3, "243->245": 2, "245->243": 3, "245->249": 2, "249->245": 3, "249->252": 2, "252->249": 3, "252->254": 2, "254->252": 3, "254->257": 2, "257->254": 3, "257->259": 2, "259->257": 3, "260->265": 2, "265->260": 3, "265->267": 2, "267->265": 3, "267->270": 2, "270->267": 3, "270->272": 2, "272->270": 3, "272->274": 2, "274->272": 3, "274->276": 2, "276->274": 3, "276->278": 2, "278->276": 3, "279->283": 2, "283->279": 3, "283->285": 2, "285->283": 3, "285->287": 2, "287->285": 3, "288->291": 2, "291->288": 3, "291->293": 2, "293->291": 3, "294->296": 2, "296->294": 3, "296->300": 2, "300->296": 3, "300->302": 2, "302->300": 3, "302->304": 2, "304->302": 3, "304->305": 2, "305->304": 3, "305->308": 2, "308->305": 3, "308->310": 2, "310->308": 3, "310->312": 2, "312->310": 3, "312->313": 2, "313->312": 3, "313->316": 2, "316->313": 3, "46->58": 4, "58->46": 5, "58->93": 4, "93->58": 5, "93->129": 4, "129->93": 5, "66->84": 4, "84->66": 5, "84->206": 4, "206->84": 5, "206->224": 4, "224->206": 5, "74->154": 4, "154->74": 5, "134->164": 4, "164->134": 5, "243->272": 4, "272->243": 5}, "metrics": [2.0, 0.0, 4.0, 2.0, 60.0, 12.0, 0.0, 0.0, 0.0, 2.0, 1.0]}