{"nodelist": ["ClassDeclaration", "{'public'}", "public", "Annotation", "Deprecated", "TableSplit", "FieldDeclaration", "{'private'}", "private", "BasicType", "byte", "VariableDeclarator", "m_tableName", "FieldDeclaration", "{'private'}", "private", "BasicType", "byte", "VariableDeclarator", "m_startRow", "FieldDeclaration", "{'private'}", "private", "BasicType", "byte", "VariableDeclarator", "m_endRow", "FieldDeclaration", "{'private'}", "private", "ReferenceType", "String", "VariableDeclarator", "m_regionLocation", "ConstructorDeclaration", "{'public'}", "public", "TableSplit", "StatementExpression", "ExplicitConstructorInvocation", "MemberReference", "HConstants", "EMPTY_BYTE_ARRAY", "MemberReference", "HConstants", "EMPTY_BYTE_ARRAY", "MemberReference", "HConstants", "EMPTY_BYTE_ARRAY", "Literal", "\"\"", "ConstructorDeclaration", "{'public'}", "public", "TableSplit", "FormalParameter", "BasicType", "byte", "tableName", "FormalParameter", "BasicType", "byte", "startRow", "FormalParameter", "BasicType", "byte", "endRow", "FormalParameter", "{'final'}", "final", "ReferenceType", "String", "location", "StatementExpression", "Assignment", "This", "MemberReference", "m_tableName", "MemberReference", "tableName", "=", "StatementExpression", "Assignment", "This", "MemberReference", "m_startRow", "MemberReference", "startRow", "=", "StatementExpression", "Assignment", "This", "MemberReference", "m_endRow", "MemberReference", "endRow", "=", "StatementExpression", "Assignment", "This", "MemberReference", "m_regionLocation", "MemberReference", "location", "=", "MethodDeclaration", "{'public'}", "public", "BasicType", "byte", "getTableName", "ReturnStatement", "This", "MemberReference", "m_tableName", "MethodDeclaration", "{'public'}", "public", "BasicType", "byte", "getStartRow", "ReturnStatement", "This", "MemberReference", "m_startRow", "MethodDeclaration", "{'public'}", "public", "BasicType", "byte", "getEndRow", "ReturnStatement", "This", "MemberReference", "m_endRow", "MethodDeclaration", "{'public'}", "public", "ReferenceType", "String", "getRegionLocation", "ReturnStatement", "This", "MemberReference", "m_regionLocation", "MethodDeclaration", "{'public'}", "public", "ReferenceType", "String", "getLocations", "ReturnStatement", "ArrayCreator", "ReferenceType", "String", "ArrayInitializer", "This", "MemberReference", "m_regionLocation", "MethodDeclaration", "{'public'}", "public", "BasicType", "long", "getLength", "ReturnStatement", "Literal", "0", "MethodDeclaration", "{'public'}", "public", "readFields", "FormalParameter", "ReferenceType", "DataInput", "in", "IOException", "StatementExpression", "Assignment", "This", "MemberReference", "m_tableName", "MethodInvocation", "Bytes", "MemberReference", "in", "readByteArray", "=", "StatementExpression", "Assignment", "This", "MemberReference", "m_startRow", "MethodInvocation", "Bytes", "MemberReference", "in", "readByteArray", "=", "StatementExpression", "Assignment", "This", "MemberReference", "m_endRow", "MethodInvocation", "Bytes", "MemberReference", "in", "readByteArray", "=", "StatementExpression", "Assignment", "This", "MemberReference", "m_regionLocation", "MethodInvocation", "Bytes", "MethodInvocation", "Bytes", "MemberReference", "in", "readByteArray", "toString", "=", "MethodDeclaration", "{'public'}", "public", "write", "FormalParameter", "ReferenceType", "DataOutput", "out", "IOException", "StatementExpression", "MethodInvocation", "Bytes", "MemberReference", "out", "This", "MemberReference", "m_tableName", "writeByteArray", "StatementExpression", "MethodInvocation", "Bytes", "MemberReference", "out", "This", "MemberReference", "m_startRow", "writeByteArray", "StatementExpression", "MethodInvocation", "Bytes", "MemberReference", "out", "This", "MemberReference", "m_endRow", "writeByteArray", "StatementExpression", "MethodInvocation", "Bytes", "MemberReference", "out", "MethodInvocation", "Bytes", "This", "MemberReference", "m_regionLocation", "toBytes", "writeByteArray", "MethodDeclaration", "{'public'}", "public", "Annotation", "Override", "ReferenceType", "String", "toString", "ReturnStatement", "BinaryOperation", "+", "BinaryOperation", "+", "BinaryOperation", "+", "BinaryOperation", "+", "MemberReference", "m_regionLocation", "Literal", "\":\"", "MethodInvocation", "Bytes", "MemberReference", "m_startRow", "toStringBinary", "Literal", "\",\"", "MethodInvocation", "Bytes", "MemberReference", "m_endRow", "toStringBinary", "MethodDeclaration", "{'public'}", "public", "BasicType", "int", "compareTo", "FormalParameter", "ReferenceType", "TableSplit", "o", "ReturnStatement", "MethodInvocation", "Bytes", "MethodInvocation", "getStartRow", "MethodInvocation", "o", "getStartRow", "compareTo", "ReferenceType", "InputSplit", "ReferenceType", "Comparable", "TypeArgument", "ReferenceType", "TableSplit"], "nodes": {"0": "ClassDeclaration", "1": "Modifier", "2": "public", "3": "Annotation", "4": "Deprecated", "5": "TableSplit", "6": "FieldDeclaration", "7": "Modifier", "8": "private", "9": "BasicType", "10": "byte", "11": "VariableDeclarator", "12": "m_tableName", "13": "FieldDeclaration", "14": "Modifier", "15": "private", "16": "BasicType", "17": "byte", "18": "VariableDeclarator", "19": "m_startRow", "20": "FieldDeclaration", "21": "Modifier", "22": "private", "23": "BasicType", "24": "byte", "25": "VariableDeclarator", "26": "m_endRow", "27": "FieldDeclaration", "28": "Modifier", "29": "private", "30": "ReferenceType", "31": "String", "32": "VariableDeclarator", "33": "m_regionLocation", "34": "ConstructorDeclaration", "35": "Modifier", "36": "public", "37": "TableSplit", "38": "StatementExpression", "39": "ExplicitConstructorInvocation", "40": "MemberReference", "41": "HConstants", "42": "EMPTY_BYTE_ARRAY", "43": "MemberReference", "44": "HConstants", "45": "EMPTY_BYTE_ARRAY", "46": "MemberReference", "47": "HConstants", "48": "EMPTY_BYTE_ARRAY", "49": "Literal", "50": "\"\"", "51": "ConstructorDeclaration", "52": "Modifier", "53": "public", "54": "TableSplit", "55": "FormalParameter", "56": "BasicType", "57": "byte", "58": "tableName", "59": "FormalParameter", "60": "BasicType", "61": "byte", "62": "startRow", "63": "FormalParameter", "64": "BasicType", "65": "byte", "66": "endRow", "67": "FormalParameter", "68": "Modifier", "69": "final", "70": "ReferenceType", "71": "String", "72": "location", "73": "StatementExpression", "74": "Assignment", "75": "This", "76": "MemberReference", "77": "m_tableName", "78": "MemberReference", "79": "tableName", "80": "=", "81": "StatementExpression", "82": "Assignment", "83": "This", "84": "MemberReference", "85": "m_startRow", "86": "MemberReference", "87": "startRow", "88": "=", "89": "StatementExpression", "90": "Assignment", "91": "This", "92": "MemberReference", "93": "m_endRow", "94": "MemberReference", "95": "endRow", "96": "=", "97": "StatementExpression", "98": "Assignment", "99": "This", "100": "MemberReference", "101": "m_regionLocation", "102": "MemberReference", "103": "location", "104": "=", "105": "MethodDeclaration", "106": "Modifier", "107": "public", "108": "BasicType", "109": "byte", "110": "getTableName", "111": "ReturnStatement", "112": "This", "113": "MemberReference", "114": "m_tableName", "115": "MethodDeclaration", "116": "Modifier", "117": "public", "118": "BasicType", "119": "byte", "120": "getStartRow", "121": "ReturnStatement", "122": "This", "123": "MemberReference", "124": "m_startRow", "125": "MethodDeclaration", "126": "Modifier", "127": "public", "128": "BasicType", "129": "byte", "130": "getEndRow", "131": "ReturnStatement", "132": "This", "133": "MemberReference", "134": "m_endRow", "135": "MethodDeclaration", "136": "Modifier", "137": "public", "138": "ReferenceType", "139": "String", "140": "getRegionLocation", "141": "ReturnStatement", "142": "This", "143": "MemberReference", "144": "m_regionLocation", "145": "MethodDeclaration", "146": "Modifier", "147": "public", "148": "ReferenceType", "149": "String", "150": "getLocations", "151": "ReturnStatement", "152": "ArrayCreator", "153": "ReferenceType", "154": "String", "155": "ArrayInitializer", "156": "This", "157": "MemberReference", "158": "m_regionLocation", "159": "MethodDeclaration", "160": "Modifier", "161": "public", "162": "BasicType", "163": "long", "164": "getLength", "165": "ReturnStatement", "166": "Literal", "167": "0", "168": "MethodDeclaration", "169": "Modifier", "170": "public", "171": "readFields", "172": "FormalParameter", "173": "ReferenceType", "174": "DataInput", "175": "in", "176": "IOException", "177": "StatementExpression", "178": "Assignment", "179": "This", "180": "MemberReference", "181": "m_tableName", "182": "MethodInvocation", "183": "Bytes", "184": "MemberReference", "185": "in", "186": "readByteArray", "187": "=", "188": "StatementExpression", "189": "Assignment", "190": "This", "191": "MemberReference", "192": "m_startRow", "193": "MethodInvocation", "194": "Bytes", "195": "MemberReference", "196": "in", "197": "readByteArray", "198": "=", "199": "StatementExpression", "200": "Assignment", "201": "This", "202": "MemberReference", "203": "m_endRow", "204": "MethodInvocation", "205": "Bytes", "206": "MemberReference", "207": "in", "208": "readByteArray", "209": "=", "210": "StatementExpression", "211": "Assignment", "212": "This", "213": "MemberReference", "214": "m_regionLocation", "215": "MethodInvocation", "216": "Bytes", "217": "MethodInvocation", "218": "Bytes", "219": "MemberReference", "220": "in", "221": "readByteArray", "222": "toString", "223": "=", "224": "MethodDeclaration", "225": "Modifier", "226": "public", "227": "write", "228": "FormalParameter", "229": "ReferenceType", "230": "DataOutput", "231": "out", "232": "IOException", "233": "StatementExpression", "234": "MethodInvocation", "235": "Bytes", "236": "MemberReference", "237": "out", "238": "This", "239": "MemberReference", "240": "m_tableName", "241": "writeByteArray", "242": "StatementExpression", "243": "MethodInvocation", "244": "Bytes", "245": "MemberReference", "246": "out", "247": "This", "248": "MemberReference", "249": "m_startRow", "250": "writeByteArray", "251": "StatementExpression", "252": "MethodInvocation", "253": "Bytes", "254": "MemberReference", "255": "out", "256": "This", "257": "MemberReference", "258": "m_endRow", "259": "writeByteArray", "260": "StatementExpression", "261": "MethodInvocation", "262": "Bytes", "263": "MemberReference", "264": "out", "265": "MethodInvocation", "266": "Bytes", "267": "This", "268": "MemberReference", "269": "m_regionLocation", "270": "toBytes", "271": "writeByteArray", "272": "MethodDeclaration", "273": "Modifier", "274": "public", "275": "Annotation", "276": "Override", "277": "ReferenceType", "278": "String", "279": "toString", "280": "ReturnStatement", "281": "BinaryOperation", "282": "+", "283": "BinaryOperation", "284": "+", "285": "BinaryOperation", "286": "+", "287": "BinaryOperation", "288": "+", "289": "MemberReference", "290": "m_regionLocation", "291": "Literal", "292": "\":\"", "293": "MethodInvocation", "294": "Bytes", "295": "MemberReference", "296": "m_startRow", "297": "toStringBinary", "298": "Literal", "299": "\",\"", "300": "MethodInvocation", "301": "Bytes", "302": "MemberReference", "303": "m_endRow", "304": "toStringBinary", "305": "MethodDeclaration", "306": "Modifier", "307": "public", "308": "BasicType", "309": "int", "310": "compareTo", "311": "FormalParameter", "312": "ReferenceType", "313": "TableSplit", "314": "o", "315": "ReturnStatement", "316": "MethodInvocation", "317": "Bytes", "318": "MethodInvocation", "319": "getStartRow", "320": "MethodInvocation", "321": "o", "322": "getStartRow", "323": "compareTo", "324": "ReferenceType", "325": "InputSplit", "326": "ReferenceType", "327": "Comparable", "328": "TypeArgument", "329": "ReferenceType", "330": "TableSplit"}, "edges": {"0->1": 0, "1->0": 0, "1->2": 0, "2->1": 0, "0->3": 0, "3->0": 0, "3->4": 0, "4->3": 0, "0->5": 0, "5->0": 0, "0->6": 0, "6->0": 0, "6->7": 0, "7->6": 0, "7->8": 0, "8->7": 0, "6->9": 0, "9->6": 0, "9->10": 0, "10->9": 0, "6->11": 0, "11->6": 0, "11->12": 0, "12->11": 0, "0->13": 0, "13->0": 0, "13->14": 0, "14->13": 0, "14->15": 0, "15->14": 0, "13->16": 0, "16->13": 0, "16->17": 0, "17->16": 0, "13->18": 0, "18->13": 0, "18->19": 0, "19->18": 0, "0->20": 0, "20->0": 0, "20->21": 0, "21->20": 0, "21->22": 0, "22->21": 0, "20->23": 0, "23->20": 0, "23->24": 0, "24->23": 0, "20->25": 0, "25->20": 0, "25->26": 0, "26->25": 0, "0->27": 0, "27->0": 0, "27->28": 0, "28->27": 0, "28->29": 0, "29->28": 0, "27->30": 0, "30->27": 0, "30->31": 0, "31->30": 0, "27->32": 0, "32->27": 0, "32->33": 0, "33->32": 0, "0->34": 0, "34->0": 0, "34->35": 0, "35->34": 0, "35->36": 0, "36->35": 0, "34->37": 0, "37->34": 0, "34->38": 0, "38->34": 0, "38->39": 0, "39->38": 0, "39->40": 0, "40->39": 0, "40->41": 0, "41->40": 0, "40->42": 0, "42->40": 0, "39->43": 0, "43->39": 0, "43->44": 0, "44->43": 0, "43->45": 0, "45->43": 0, "39->46": 0, "46->39": 0, "46->47": 0, "47->46": 0, "46->48": 0, "48->46": 0, "39->49": 0, "49->39": 0, "49->50": 0, "50->49": 0, "0->51": 0, "51->0": 0, "51->52": 0, "52->51": 0, "52->53": 0, "53->52": 0, "51->54": 0, "54->51": 0, "51->55": 0, "55->51": 0, "55->56": 0, "56->55": 0, "56->57": 0, "57->56": 0, "55->58": 0, "58->55": 0, "51->59": 0, "59->51": 0, "59->60": 0, "60->59": 0, "60->61": 0, "61->60": 0, "59->62": 0, "62->59": 0, "51->63": 0, "63->51": 0, "63->64": 0, "64->63": 0, "64->65": 0, "65->64": 0, "63->66": 0, "66->63": 0, "51->67": 0, "67->51": 0, "67->68": 0, "68->67": 0, "68->69": 0, "69->68": 0, "67->70": 0, "70->67": 0, "70->71": 0, "71->70": 0, "67->72": 0, "72->67": 0, "51->73": 0, "73->51": 0, "73->74": 0, "74->73": 0, "74->75": 0, "75->74": 0, "75->76": 0, "76->75": 0, "76->77": 0, "77->76": 0, "74->78": 0, "78->74": 0, "78->79": 0, "79->78": 0, "74->80": 0, "80->74": 0, "51->81": 0, "81->51": 0, "81->82": 0, "82->81": 0, "82->83": 0, "83->82": 0, "83->84": 0, "84->83": 0, "84->85": 0, "85->84": 0, "82->86": 0, "86->82": 0, "86->87": 0, "87->86": 0, "82->88": 0, "88->82": 0, "51->89": 0, "89->51": 0, "89->90": 0, "90->89": 0, "90->91": 0, "91->90": 0, "91->92": 0, "92->91": 0, "92->93": 0, "93->92": 0, "90->94": 0, "94->90": 0, "94->95": 0, "95->94": 0, "90->96": 0, "96->90": 0, "51->97": 0, "97->51": 0, "97->98": 0, "98->97": 0, "98->99": 0, "99->98": 0, "99->100": 0, "100->99": 0, "100->101": 0, "101->100": 0, "98->102": 0, "102->98": 0, "102->103": 0, "103->102": 0, "98->104": 0, "104->98": 0, "0->105": 0, "105->0": 0, "105->106": 0, "106->105": 0, "106->107": 0, "107->106": 0, "105->108": 0, "108->105": 0, "108->109": 0, "109->108": 0, "105->110": 0, "110->105": 0, "105->111": 0, "111->105": 0, "111->112": 0, "112->111": 0, "112->113": 0, "113->112": 0, "113->114": 0, "114->113": 0, "0->115": 0, "115->0": 0, "115->116": 0, "116->115": 0, "116->117": 0, "117->116": 0, "115->118": 0, "118->115": 0, "118->119": 0, "119->118": 0, "115->120": 0, "120->115": 0, "115->121": 0, "121->115": 0, "121->122": 0, "122->121": 0, "122->123": 0, "123->122": 0, "123->124": 0, "124->123": 0, "0->125": 0, "125->0": 0, "125->126": 0, "126->125": 0, "126->127": 0, "127->126": 0, "125->128": 0, "128->125": 0, "128->129": 0, "129->128": 0, "125->130": 0, "130->125": 0, "125->131": 0, "131->125": 0, "131->132": 0, "132->131": 0, "132->133": 0, "133->132": 0, "133->134": 0, "134->133": 0, "0->135": 0, "135->0": 0, "135->136": 0, "136->135": 0, "136->137": 0, "137->136": 0, "135->138": 0, "138->135": 0, "138->139": 0, "139->138": 0, "135->140": 0, "140->135": 0, "135->141": 0, "141->135": 0, "141->142": 0, "142->141": 0, "142->143": 0, "143->142": 0, "143->144": 0, "144->143": 0, "0->145": 0, "145->0": 0, "145->146": 0, "146->145": 0, "146->147": 0, "147->146": 0, "145->148": 0, "148->145": 0, "148->149": 0, "149->148": 0, "145->150": 0, "150->145": 0, "145->151": 0, "151->145": 0, "151->152": 0, "152->151": 0, "152->153": 0, "153->152": 0, "153->154": 0, "154->153": 0, "152->155": 0, "155->152": 0, "155->156": 0, "156->155": 0, "156->157": 0, "157->156": 0, "157->158": 0, "158->157": 0, "0->159": 0, "159->0": 0, "159->160": 0, "160->159": 0, "160->161": 0, "161->160": 0, "159->162": 0, "162->159": 0, "162->163": 0, "163->162": 0, "159->164": 0, "164->159": 0, "159->165": 0, "165->159": 0, "165->166": 0, "166->165": 0, "166->167": 0, "167->166": 0, "0->168": 0, "168->0": 0, "168->169": 0, "169->168": 0, "169->170": 0, "170->169": 0, "168->171": 0, "171->168": 0, "168->172": 0, "172->168": 0, "172->173": 0, "173->172": 0, "173->174": 0, "174->173": 0, "172->175": 0, "175->172": 0, "168->176": 0, "176->168": 0, "168->177": 0, "177->168": 0, "177->178": 0, "178->177": 0, "178->179": 0, "179->178": 0, "179->180": 0, "180->179": 0, "180->181": 0, "181->180": 0, "178->182": 0, "182->178": 0, "182->183": 0, "183->182": 0, "182->184": 0, "184->182": 0, "184->185": 0, "185->184": 0, "182->186": 0, "186->182": 0, "178->187": 0, "187->178": 0, "168->188": 0, "188->168": 0, "188->189": 0, "189->188": 0, "189->190": 0, "190->189": 0, "190->191": 0, "191->190": 0, "191->192": 0, "192->191": 0, "189->193": 0, "193->189": 0, "193->194": 0, "194->193": 0, "193->195": 0, "195->193": 0, "195->196": 0, "196->195": 0, "193->197": 0, "197->193": 0, "189->198": 0, "198->189": 0, "168->199": 0, "199->168": 0, "199->200": 0, "200->199": 0, "200->201": 0, "201->200": 0, "201->202": 0, "202->201": 0, "202->203": 0, "203->202": 0, "200->204": 0, "204->200": 0, "204->205": 0, "205->204": 0, "204->206": 0, "206->204": 0, "206->207": 0, "207->206": 0, "204->208": 0, "208->204": 0, "200->209": 0, "209->200": 0, "168->210": 0, "210->168": 0, "210->211": 0, "211->210": 0, "211->212": 0, "212->211": 0, "212->213": 0, "213->212": 0, "213->214": 0, "214->213": 0, "211->215": 0, "215->211": 0, "215->216": 0, "216->215": 0, "215->217": 0, "217->215": 0, "217->218": 0, "218->217": 0, "217->219": 0, "219->217": 0, "219->220": 0, "220->219": 0, "217->221": 0, "221->217": 0, "215->222": 0, "222->215": 0, "211->223": 0, "223->211": 0, "0->224": 0, "224->0": 0, "224->225": 0, "225->224": 0, "225->226": 0, "226->225": 0, "224->227": 0, "227->224": 0, "224->228": 0, "228->224": 0, "228->229": 0, "229->228": 0, "229->230": 0, "230->229": 0, "228->231": 0, "231->228": 0, "224->232": 0, "232->224": 0, "224->233": 0, "233->224": 0, "233->234": 0, "234->233": 0, "234->235": 0, "235->234": 0, "234->236": 0, "236->234": 0, "236->237": 0, "237->236": 0, "234->238": 0, "238->234": 0, "238->239": 0, "239->238": 0, "239->240": 0, "240->239": 0, "234->241": 0, "241->234": 0, "224->242": 0, "242->224": 0, "242->243": 0, "243->242": 0, "243->244": 0, "244->243": 0, "243->245": 0, "245->243": 0, "245->246": 0, "246->245": 0, "243->247": 0, "247->243": 0, "247->248": 0, "248->247": 0, "248->249": 0, "249->248": 0, "243->250": 0, "250->243": 0, "224->251": 0, "251->224": 0, "251->252": 0, "252->251": 0, "252->253": 0, "253->252": 0, "252->254": 0, "254->252": 0, "254->255": 0, "255->254": 0, "252->256": 0, "256->252": 0, "256->257": 0, "257->256": 0, "257->258": 0, "258->257": 0, "252->259": 0, "259->252": 0, "224->260": 0, "260->224": 0, "260->261": 0, "261->260": 0, "261->262": 0, "262->261": 0, "261->263": 0, "263->261": 0, "263->264": 0, "264->263": 0, "261->265": 0, "265->261": 0, "265->266": 0, "266->265": 0, "265->267": 0, "267->265": 0, "267->268": 0, "268->267": 0, "268->269": 0, "269->268": 0, "265->270": 0, "270->265": 0, "261->271": 0, "271->261": 0, "0->272": 0, "272->0": 0, "272->273": 0, "273->272": 0, "273->274": 0, "274->273": 0, "272->275": 0, "275->272": 0, "275->276": 0, "276->275": 0, "272->277": 0, "277->272": 0, "277->278": 0, "278->277": 0, "272->279": 0, "279->272": 0, "272->280": 0, "280->272": 0, "280->281": 0, "281->280": 0, "281->282": 0, "282->281": 0, "281->283": 0, "283->281": 0, "283->284": 0, "284->283": 0, "283->285": 0, "285->283": 0, "285->286": 0, "286->285": 0, "285->287": 0, "287->285": 0, "287->288": 0, "288->287": 0, "287->289": 0, "289->287": 0, "289->290": 0, "290->289": 0, "287->291": 0, "291->287": 0, "291->292": 0, "292->291": 0, "285->293": 0, "293->285": 0, "293->294": 0, "294->293": 0, "293->295": 0, "295->293": 0, "295->296": 0, "296->295": 0, "293->297": 0, "297->293": 0, "283->298": 0, "298->283": 0, "298->299": 0, "299->298": 0, "281->300": 0, "300->281": 0, "300->301": 0, "301->300": 0, "300->302": 0, "302->300": 0, "302->303": 0, "303->302": 0, "300->304": 0, "304->300": 0, "0->305": 0, "305->0": 0, "305->306": 0, "306->305": 0, "306->307": 0, "307->306": 0, "305->308": 0, "308->305": 0, "308->309": 0, "309->308": 0, "305->310": 0, "310->305": 0, "305->311": 0, "311->305": 0, "311->312": 0, "312->311": 0, "312->313": 0, "313->312": 0, "311->314": 0, "314->311": 0, "305->315": 0, "315->305": 0, "315->316": 0, "316->315": 0, "316->317": 0, "317->316": 0, "316->318": 0, "318->316": 0, "318->319": 0, "319->318": 0, "316->320": 0, "320->316": 0, "320->321": 0, "321->320": 0, "320->322": 0, "322->320": 0, "316->323": 0, "323->316": 0, "0->324": 0, "324->0": 0, "324->325": 0, "325->324": 0, "0->326": 0, "326->0": 0, "326->327": 0, "327->326": 0, "326->328": 0, "328->326": 0, "328->329": 0, "329->328": 0, "329->330": 0, "330->329": 0, "1->3": 1, "3->1": 12, "3->5": 1, "5->3": 12, "5->6": 1, "6->5": 12, "6->13": 1, "13->6": 12, "13->20": 1, "20->13": 12, "20->27": 1, "27->20": 12, "27->34": 1, "34->27": 12, "34->51": 1, "51->34": 12, "51->105": 1, "105->51": 12, "105->115": 1, "115->105": 12, "115->125": 1, "125->115": 12, "125->135": 1, "135->125": 12, "135->145": 1, "145->135": 12, "145->159": 1, "159->145": 12, "159->168": 1, "168->159": 12, "168->224": 1, "224->168": 12, "224->272": 1, "272->224": 12, "272->305": 1, "305->272": 12, "305->324": 1, "324->305": 12, "324->326": 1, "326->324": 12, "7->9": 1, "9->7": 12, "9->11": 1, "11->9": 12, "14->16": 1, "16->14": 12, "16->18": 1, "18->16": 12, "21->23": 1, "23->21": 12, "23->25": 1, "25->23": 12, "28->30": 1, "30->28": 12, "30->32": 1, "32->30": 12, "35->37": 1, "37->35": 12, "37->38": 1, "38->37": 12, "40->43": 1, "43->40": 12, "43->46": 1, "46->43": 12, "46->49": 1, "49->46": 12, "41->42": 2, "42->41": 3, "44->45": 2, "45->44": 3, "47->48": 2, "48->47": 3, "52->54": 1, "54->52": 12, "54->55": 1, "55->54": 12, "55->59": 1, "59->55": 12, "59->63": 1, "63->59": 12, "63->67": 1, "67->63": 12, "67->73": 1, "73->67": 12, "73->81": 1, "81->73": 12, "81->89": 1, "89->81": 12, "89->97": 1, "97->89": 12, "56->58": 1, "58->56": 12, "60->62": 1, "62->60": 12, "64->66": 1, "66->64": 12, "68->70": 1, "70->68": 12, "70->72": 1, "72->70": 12, "75->78": 1, "78->75": 12, "78->80": 1, "80->78": 12, "83->86": 1, "86->83": 12, "86->88": 1, "88->86": 12, "91->94": 1, "94->91": 12, "94->96": 1, "96->94": 12, "99->102": 1, "102->99": 12, "102->104": 1, "104->102": 12, "106->108": 1, "108->106": 12, "108->110": 1, "110->108": 12, "110->111": 1, "111->110": 12, "116->118": 1, "118->116": 12, "118->120": 1, "120->118": 12, "120->121": 1, "121->120": 12, "126->128": 1, "128->126": 12, "128->130": 1, "130->128": 12, "130->131": 1, "131->130": 12, "136->138": 1, "138->136": 12, "138->140": 1, "140->138": 12, "140->141": 1, "141->140": 12, "146->148": 1, "148->146": 12, "148->150": 1, "150->148": 12, "150->151": 1, "151->150": 12, "153->155": 1, "155->153": 12, "160->162": 1, "162->160": 12, "162->164": 1, "164->162": 12, "164->165": 1, "165->164": 12, "169->171": 1, "171->169": 12, "171->172": 1, "172->171": 12, "172->176": 1, "176->172": 12, "176->177": 1, "177->176": 12, "177->188": 1, "188->177": 12, "188->199": 1, "199->188": 12, "199->210": 1, "210->199": 12, "173->175": 1, "175->173": 12, "179->182": 1, "182->179": 12, "182->187": 1, "187->182": 12, "183->184": 1, "184->183": 12, "184->186": 1, "186->184": 12, "190->193": 1, "193->190": 12, "193->198": 1, "198->193": 12, "194->195": 1, "195->194": 12, "195->197": 1, "197->195": 12, "201->204": 1, "204->201": 12, "204->209": 1, "209->204": 12, "205->206": 1, "206->205": 12, "206->208": 1, "208->206": 12, "212->215": 1, "215->212": 12, "215->223": 1, "223->215": 12, "216->217": 1, "217->216": 12, "217->222": 1, "222->217": 12, "218->219": 1, "219->218": 12, "219->221": 1, "221->219": 12, "225->227": 1, "227->225": 12, "227->228": 1, "228->227": 12, "228->232": 1, "232->228": 12, "232->233": 1, "233->232": 12, "233->242": 1, "242->233": 12, "242->251": 1, "251->242": 12, "251->260": 1, "260->251": 12, "229->231": 1, "231->229": 12, "235->236": 1, "236->235": 12, "236->238": 1, "238->236": 12, "238->241": 1, "241->238": 12, "244->245": 1, "245->244": 12, "245->247": 1, "247->245": 12, "247->250": 1, "250->247": 12, "253->254": 1, "254->253": 12, "254->256": 1, "256->254": 12, "256->259": 1, "259->256": 12, "262->263": 1, "263->262": 12, "263->265": 1, "265->263": 12, "265->271": 1, "271->265": 12, "266->267": 1, "267->266": 12, "267->270": 1, "270->267": 12, "273->275": 1, "275->273": 12, "275->277": 1, "277->275": 12, "277->279": 1, "279->277": 12, "279->280": 1, "280->279": 12, "282->283": 1, "283->282": 12, "283->300": 1, "300->283": 12, "284->285": 1, "285->284": 12, "285->298": 1, "298->285": 12, "286->287": 1, "287->286": 12, "287->293": 1, "293->287": 12, "288->289": 1, "289->288": 12, "289->291": 1, "291->289": 12, "294->295": 1, "295->294": 12, "295->297": 1, "297->295": 12, "301->302": 1, "302->301": 12, "302->304": 1, "304->302": 12, "306->308": 1, "308->306": 12, "308->310": 1, "310->308": 12, "310->311": 1, "311->310": 12, "311->315": 1, "315->311": 12, "312->314": 1, "314->312": 12, "317->318": 1, "318->317": 12, "318->320": 1, "320->318": 12, "320->323": 1, "323->320": 12, "321->322": 2, "322->321": 3, "327->328": 1, "328->327": 12, "2->4": 2, "4->2": 3, "4->5": 2, "5->4": 3, "5->8": 2, "8->5": 3, "8->10": 2, "10->8": 3, "10->12": 2, "12->10": 3, "12->15": 2, "15->12": 3, "15->17": 2, "17->15": 3, "17->19": 2, "19->17": 3, "19->22": 2, "22->19": 3, "22->24": 2, "24->22": 3, "24->26": 2, "26->24": 3, "26->29": 2, "29->26": 3, "29->31": 2, "31->29": 3, "31->33": 2, "33->31": 3, "33->36": 2, "36->33": 3, "36->37": 2, "37->36": 3, "37->41": 2, "41->37": 3, "42->44": 2, "44->42": 3, "45->47": 2, "47->45": 3, "48->50": 2, "50->48": 3, "50->53": 2, "53->50": 3, "53->54": 2, "54->53": 3, "54->57": 2, "57->54": 3, "57->58": 2, "58->57": 3, "58->61": 2, "61->58": 3, "61->62": 2, "62->61": 3, "62->65": 2, "65->62": 3, "65->66": 2, "66->65": 3, "66->69": 2, "69->66": 3, "69->71": 2, "71->69": 3, "71->72": 2, "72->71": 3, "72->77": 2, "77->72": 3, "77->79": 2, "79->77": 3, "79->80": 2, "80->79": 3, "80->85": 2, "85->80": 3, "85->87": 2, "87->85": 3, "87->88": 2, "88->87": 3, "88->93": 2, "93->88": 3, "93->95": 2, "95->93": 3, "95->96": 2, "96->95": 3, "96->101": 2, "101->96": 3, "101->103": 2, "103->101": 3, "103->104": 2, "104->103": 3, "104->107": 2, "107->104": 3, "107->109": 2, "109->107": 3, "109->110": 2, "110->109": 3, "110->114": 2, "114->110": 3, "114->117": 2, "117->114": 3, "117->119": 2, "119->117": 3, "119->120": 2, "120->119": 3, "120->124": 2, "124->120": 3, "124->127": 2, "127->124": 3, "127->129": 2, "129->127": 3, "129->130": 2, "130->129": 3, "130->134": 2, "134->130": 3, "134->137": 2, "137->134": 3, "137->139": 2, "139->137": 3, "139->140": 2, "140->139": 3, "140->144": 2, "144->140": 3, "144->147": 2, "147->144": 3, "147->149": 2, "149->147": 3, "149->150": 2, "150->149": 3, "150->154": 2, "154->150": 3, "154->158": 2, "158->154": 3, "158->161": 2, "161->158": 3, "161->163": 2, "163->161": 3, "163->164": 2, "164->163": 3, "164->167": 2, "167->164": 3, "167->170": 2, "170->167": 3, "170->171": 2, "171->170": 3, "171->174": 2, "174->171": 3, "174->175": 2, "175->174": 3, "175->176": 2, "176->175": 3, "176->181": 2, "181->176": 3, "181->183": 2, "183->181": 3, "183->185": 2, "185->183": 3, "185->186": 2, "186->185": 3, "186->187": 2, "187->186": 3, "187->192": 2, "192->187": 3, "192->194": 2, "194->192": 3, "194->196": 2, "196->194": 3, "196->197": 2, "197->196": 3, "197->198": 2, "198->197": 3, "198->203": 2, "203->198": 3, "203->205": 2, "205->203": 3, "205->207": 2, "207->205": 3, "207->208": 2, "208->207": 3, "208->209": 2, "209->208": 3, "209->214": 2, "214->209": 3, "214->216": 2, "216->214": 3, "216->218": 2, "218->216": 3, "218->220": 2, "220->218": 3, "220->221": 2, "221->220": 3, "221->222": 2, "222->221": 3, "222->223": 2, "223->222": 3, "223->226": 2, "226->223": 3, "226->227": 2, "227->226": 3, "227->230": 2, "230->227": 3, "230->231": 2, "231->230": 3, "231->232": 2, "232->231": 3, "232->235": 2, "235->232": 3, "235->237": 2, "237->235": 3, "237->240": 2, "240->237": 3, "240->241": 2, "241->240": 3, "241->244": 2, "244->241": 3, "244->246": 2, "246->244": 3, "246->249": 2, "249->246": 3, "249->250": 2, "250->249": 3, "250->253": 2, "253->250": 3, "253->255": 2, "255->253": 3, "255->258": 2, "258->255": 3, "258->259": 2, "259->258": 3, "259->262": 2, "262->259": 3, "262->264": 2, "264->262": 3, "264->266": 2, "266->264": 3, "266->269": 2, "269->266": 3, "269->270": 2, "270->269": 3, "270->271": 2, "271->270": 3, "271->274": 2, "274->271": 3, "274->276": 2, "276->274": 3, "276->278": 2, "278->276": 3, "278->279": 2, "279->278": 3, "279->282": 2, "282->279": 3, "282->284": 2, "284->282": 3, "284->286": 2, "286->284": 3, "286->288": 2, "288->286": 3, "288->290": 2, "290->288": 3, "290->292": 2, "292->290": 3, "292->294": 2, "294->292": 3, "294->296": 2, "296->294": 3, "296->297": 2, "297->296": 3, "297->299": 2, "299->297": 3, "299->301": 2, "301->299": 3, "301->303": 2, "303->301": 3, "303->304": 2, "304->303": 3, "304->307": 2, "307->304": 3, "307->309": 2, "309->307": 3, "309->310": 2, "310->309": 3, "310->313": 2, "313->310": 3, "313->314": 2, "314->313": 3, "314->317": 2, "317->314": 3, "317->319": 2, "319->317": 3, "319->321": 2, "321->319": 3, "322->323": 2, "323->322": 3, "323->325": 2, "325->323": 3, "325->327": 2, "327->325": 3, "327->330": 2, "330->327": 3, "42->45": 4, "45->42": 5, "45->48": 4, "48->45": 5, "77->114": 4, "114->77": 5, "114->181": 4, "181->114": 5, "181->240": 4, "240->181": 5, "85->124": 4, "124->85": 5, "124->192": 4, "192->124": 5, "192->249": 4, "249->192": 5, "249->296": 4, "296->249": 5, "93->134": 4, "134->93": 5, "134->203": 4, "203->134": 5, "203->258": 4, "258->203": 5, "258->303": 4, "303->258": 5, "101->144": 4, "144->101": 5, "144->158": 4, "158->144": 5, "158->214": 4, "214->158": 5, "214->269": 4, "269->214": 5, "269->290": 4, "290->269": 5, "185->196": 4, "196->185": 5, "196->207": 4, "207->196": 5, "207->220": 4, "220->207": 5, "237->246": 4, "246->237": 5, "246->255": 4, "255->246": 5, "255->264": 4, "264->255": 5}, "metrics": [4.0, 0.0, 12.0, 12.0, 76.0, 12.0, 0.0, 0.0, 0.25, 2.0, 3.0]}