{"nodelist": ["ClassDeclaration", "{'public'}", "public", "Annotation", "XmlRootElement", "ElementValuePair", "name", "Literal", "\"TableList\"", "TableListModel", "FieldDeclaration", "{'final', 'private', 'static'}", "final", "private", "static", "BasicType", "long", "VariableDeclarator", "serialVersionUID", "Literal", "1L", "FieldDeclaration", "{'private'}", "private", "ReferenceType", "List", "TypeArgument", "ReferenceType", "TableModel", "VariableDeclarator", "tables", "ClassCreator", "ReferenceType", "ArrayList", "TypeArgument", "ReferenceType", "TableModel", "ConstructorDeclaration", "{'public'}", "public", "TableListModel", "MethodDeclaration", "{'public'}", "public", "add", "FormalParameter", "ReferenceType", "TableModel", "table", "StatementExpression", "MethodInvocation", "tables", "MemberReference", "table", "add", "MethodDeclaration", "{'public'}", "public", "ReferenceType", "TableModel", "get", "FormalParameter", "BasicType", "int", "index", "ReturnStatement", "MethodInvocation", "tables", "MemberReference", "index", "get", "MethodDeclaration", "{'public'}", "public", "Annotation", "XmlElementRef", "ElementValuePair", "name", "Literal", "\"table\"", "ReferenceType", "List", "TypeArgument", "ReferenceType", "TableModel", "getTables", "ReturnStatement", "MemberReference", "tables", "MethodDeclaration", "{'public'}", "public", "setTables", "FormalParameter", "ReferenceType", "List", "TypeArgument", "ReferenceType", "TableModel", "tables", "StatementExpression", "Assignment", "This", "MemberReference", "tables", "MemberReference", "tables", "=", "MethodDeclaration", "{'public'}", "public", "Annotation", "Override", "ReferenceType", "String", "toString", "LocalVariableDeclaration", "ReferenceType", "StringBuilder", "VariableDeclarator", "sb", "ClassCreator", "ReferenceType", "StringBuilder", "ForStatement", "EnhancedForControl", "VariableDeclaration", "ReferenceType", "TableModel", "VariableDeclarator", "aTable", "MemberReference", "tables", "BlockStatement", "StatementExpression", "MethodInvocation", "sb", "MethodInvocation", "aTable", "toString", "append", "StatementExpression", "MethodInvocation", "sb", "Literal", "'\\n'", "append", "ReturnStatement", "MethodInvocation", "sb", "toString", "MethodDeclaration", "{'public'}", "public", "Annotation", "Override", "BasicType", "byte", "createProtobufOutput", "LocalVariableDeclaration", "ReferenceType", "TableList", "ReferenceType", "Builder", "VariableDeclarator", "builder", "MethodInvocation", "TableList", "newBuilder", "ForStatement", "EnhancedForControl", "VariableDeclaration", "ReferenceType", "TableModel", "VariableDeclarator", "aTable", "MemberReference", "tables", "BlockStatement", "StatementExpression", "MethodInvocation", "builder", "MethodInvocation", "aTable", "getName", "addName", "ReturnStatement", "MethodInvocation", "builder", "MethodInvocation", "toByteArray", "build", "MethodDeclaration", "{'public'}", "public", "Annotation", "Override", "ReferenceType", "ProtobufMessageHandler", "getObjectFromMessage", "FormalParameter", "BasicType", "byte", "message", "IOException", "LocalVariableDeclaration", "ReferenceType", "TableList", "ReferenceType", "Builder", "VariableDeclarator", "builder", "MethodInvocation", "TableList", "newBuilder", "StatementExpression", "MethodInvocation", "builder", "MemberReference", "message", "mergeFrom", "ForStatement", "EnhancedForControl", "VariableDeclaration", "ReferenceType", "String", "VariableDeclarator", "table", "MethodInvocation", "builder", "getNameList", "BlockStatement", "StatementExpression", "This", "MethodInvocation", "ClassCreator", "ReferenceType", "TableModel", "MemberReference", "table", "add", "ReturnStatement", "This", "ReferenceType", "Serializable", "ReferenceType", "ProtobufMessageHandler"], "nodes": {"0": "ClassDeclaration", "1": "Modifier", "2": "public", "3": "Annotation", "4": "XmlRootElement", "5": "ElementValuePair", "6": "name", "7": "Literal", "8": "\"TableList\"", "9": "TableListModel", "10": "FieldDeclaration", "11": "Modifier", "12": "final", "13": "private", "14": "static", "15": "BasicType", "16": "long", "17": "VariableDeclarator", "18": "serialVersionUID", "19": "Literal", "20": "1L", "21": "FieldDeclaration", "22": "Modifier", "23": "private", "24": "ReferenceType", "25": "List", "26": "TypeArgument", "27": "ReferenceType", "28": "TableModel", "29": "VariableDeclarator", "30": "tables", "31": "ClassCreator", "32": "ReferenceType", "33": "ArrayList", "34": "TypeArgument", "35": "ReferenceType", "36": "TableModel", "37": "ConstructorDeclaration", "38": "Modifier", "39": "public", "40": "TableListModel", "41": "MethodDeclaration", "42": "Modifier", "43": "public", "44": "add", "45": "FormalParameter", "46": "ReferenceType", "47": "TableModel", "48": "table", "49": "StatementExpression", "50": "MethodInvocation", "51": "tables", "52": "MemberReference", "53": "table", "54": "add", "55": "MethodDeclaration", "56": "Modifier", "57": "public", "58": "ReferenceType", "59": "TableModel", "60": "get", "61": "FormalParameter", "62": "BasicType", "63": "int", "64": "index", "65": "ReturnStatement", "66": "MethodInvocation", "67": "tables", "68": "MemberReference", "69": "index", "70": "get", "71": "MethodDeclaration", "72": "Modifier", "73": "public", "74": "Annotation", "75": "XmlElementRef", "76": "ElementValuePair", "77": "name", "78": "Literal", "79": "\"table\"", "80": "ReferenceType", "81": "List", "82": "TypeArgument", "83": "ReferenceType", "84": "TableModel", "85": "getTables", "86": "ReturnStatement", "87": "MemberReference", "88": "tables", "89": "MethodDeclaration", "90": "Modifier", "91": "public", "92": "setTables", "93": "FormalParameter", "94": "ReferenceType", "95": "List", "96": "TypeArgument", "97": "ReferenceType", "98": "TableModel", "99": "tables", "100": "StatementExpression", "101": "Assignment", "102": "This", "103": "MemberReference", "104": "tables", "105": "MemberReference", "106": "tables", "107": "=", "108": "MethodDeclaration", "109": "Modifier", "110": "public", "111": "Annotation", "112": "Override", "113": "ReferenceType", "114": "String", "115": "toString", "116": "LocalVariableDeclaration", "117": "ReferenceType", "118": "StringBuilder", "119": "VariableDeclarator", "120": "sb", "121": "ClassCreator", "122": "ReferenceType", "123": "StringBuilder", "124": "ForStatement", "125": "EnhancedForControl", "126": "VariableDeclaration", "127": "ReferenceType", "128": "TableModel", "129": "VariableDeclarator", "130": "aTable", "131": "MemberReference", "132": "tables", "133": "BlockStatement", "134": "StatementExpression", "135": "MethodInvocation", "136": "sb", "137": "MethodInvocation", "138": "aTable", "139": "toString", "140": "append", "141": "StatementExpression", "142": "MethodInvocation", "143": "sb", "144": "Literal", "145": "'\\n'", "146": "append", "147": "ReturnStatement", "148": "MethodInvocation", "149": "sb", "150": "toString", "151": "MethodDeclaration", "152": "Modifier", "153": "public", "154": "Annotation", "155": "Override", "156": "BasicType", "157": "byte", "158": "createProtobufOutput", "159": "LocalVariableDeclaration", "160": "ReferenceType", "161": "TableList", "162": "ReferenceType", "163": "Builder", "164": "VariableDeclarator", "165": "builder", "166": "MethodInvocation", "167": "TableList", "168": "newBuilder", "169": "ForStatement", "170": "EnhancedForControl", "171": "VariableDeclaration", "172": "ReferenceType", "173": "TableModel", "174": "VariableDeclarator", "175": "aTable", "176": "MemberReference", "177": "tables", "178": "BlockStatement", "179": "StatementExpression", "180": "MethodInvocation", "181": "builder", "182": "MethodInvocation", "183": "aTable", "184": "getName", "185": "addName", "186": "ReturnStatement", "187": "MethodInvocation", "188": "builder", "189": "MethodInvocation", "190": "toByteArray", "191": "build", "192": "MethodDeclaration", "193": "Modifier", "194": "public", "195": "Annotation", "196": "Override", "197": "ReferenceType", "198": "ProtobufMessageHandler", "199": "getObjectFromMessage", "200": "FormalParameter", "201": "BasicType", "202": "byte", "203": "message", "204": "IOException", "205": "LocalVariableDeclaration", "206": "ReferenceType", "207": "TableList", "208": "ReferenceType", "209": "Builder", "210": "VariableDeclarator", "211": "builder", "212": "MethodInvocation", "213": "TableList", "214": "newBuilder", "215": "StatementExpression", "216": "MethodInvocation", "217": "builder", "218": "MemberReference", "219": "message", "220": "mergeFrom", "221": "ForStatement", "222": "EnhancedForControl", "223": "VariableDeclaration", "224": "ReferenceType", "225": "String", "226": "VariableDeclarator", "227": "table", "228": "MethodInvocation", "229": "builder", "230": "getNameList", "231": "BlockStatement", "232": "StatementExpression", "233": "This", "234": "MethodInvocation", "235": "ClassCreator", "236": "ReferenceType", "237": "TableModel", "238": "MemberReference", "239": "table", "240": "add", "241": "ReturnStatement", "242": "This", "243": "ReferenceType", "244": "Serializable", "245": "ReferenceType", "246": "ProtobufMessageHandler"}, "edges": {"0->1": 0, "1->0": 0, "1->2": 0, "2->1": 0, "0->3": 0, "3->0": 0, "3->4": 0, "4->3": 0, "3->5": 0, "5->3": 0, "5->6": 0, "6->5": 0, "5->7": 0, "7->5": 0, "7->8": 0, "8->7": 0, "0->9": 0, "9->0": 0, "0->10": 0, "10->0": 0, "10->11": 0, "11->10": 0, "11->12": 0, "12->11": 0, "11->13": 0, "13->11": 0, "11->14": 0, "14->11": 0, "10->15": 0, "15->10": 0, "15->16": 0, "16->15": 0, "10->17": 0, "17->10": 0, "17->18": 0, "18->17": 0, "17->19": 0, "19->17": 0, "19->20": 0, "20->19": 0, "0->21": 0, "21->0": 0, "21->22": 0, "22->21": 0, "22->23": 0, "23->22": 0, "21->24": 0, "24->21": 0, "24->25": 0, "25->24": 0, "24->26": 0, "26->24": 0, "26->27": 0, "27->26": 0, "27->28": 0, "28->27": 0, "21->29": 0, "29->21": 0, "29->30": 0, "30->29": 0, "29->31": 0, "31->29": 0, "31->32": 0, "32->31": 0, "32->33": 0, "33->32": 0, "32->34": 0, "34->32": 0, "34->35": 0, "35->34": 0, "35->36": 0, "36->35": 0, "0->37": 0, "37->0": 0, "37->38": 0, "38->37": 0, "38->39": 0, "39->38": 0, "37->40": 0, "40->37": 0, "0->41": 0, "41->0": 0, "41->42": 0, "42->41": 0, "42->43": 0, "43->42": 0, "41->44": 0, "44->41": 0, "41->45": 0, "45->41": 0, "45->46": 0, "46->45": 0, "46->47": 0, "47->46": 0, "45->48": 0, "48->45": 0, "41->49": 0, "49->41": 0, "49->50": 0, "50->49": 0, "50->51": 0, "51->50": 0, "50->52": 0, "52->50": 0, "52->53": 0, "53->52": 0, "50->54": 0, "54->50": 0, "0->55": 0, "55->0": 0, "55->56": 0, "56->55": 0, "56->57": 0, "57->56": 0, "55->58": 0, "58->55": 0, "58->59": 0, "59->58": 0, "55->60": 0, "60->55": 0, "55->61": 0, "61->55": 0, "61->62": 0, "62->61": 0, "62->63": 0, "63->62": 0, "61->64": 0, "64->61": 0, "55->65": 0, "65->55": 0, "65->66": 0, "66->65": 0, "66->67": 0, "67->66": 0, "66->68": 0, "68->66": 0, "68->69": 0, "69->68": 0, "66->70": 0, "70->66": 0, "0->71": 0, "71->0": 0, "71->72": 0, "72->71": 0, "72->73": 0, "73->72": 0, "71->74": 0, "74->71": 0, "74->75": 0, "75->74": 0, "74->76": 0, "76->74": 0, "76->77": 0, "77->76": 0, "76->78": 0, "78->76": 0, "78->79": 0, "79->78": 0, "71->80": 0, "80->71": 0, "80->81": 0, "81->80": 0, "80->82": 0, "82->80": 0, "82->83": 0, "83->82": 0, "83->84": 0, "84->83": 0, "71->85": 0, "85->71": 0, "71->86": 0, "86->71": 0, "86->87": 0, "87->86": 0, "87->88": 0, "88->87": 0, "0->89": 0, "89->0": 0, "89->90": 0, "90->89": 0, "90->91": 0, "91->90": 0, "89->92": 0, "92->89": 0, "89->93": 0, "93->89": 0, "93->94": 0, "94->93": 0, "94->95": 0, "95->94": 0, "94->96": 0, "96->94": 0, "96->97": 0, "97->96": 0, "97->98": 0, "98->97": 0, "93->99": 0, "99->93": 0, "89->100": 0, "100->89": 0, "100->101": 0, "101->100": 0, "101->102": 0, "102->101": 0, "102->103": 0, "103->102": 0, "103->104": 0, "104->103": 0, "101->105": 0, "105->101": 0, "105->106": 0, "106->105": 0, "101->107": 0, "107->101": 0, "0->108": 0, "108->0": 0, "108->109": 0, "109->108": 0, "109->110": 0, "110->109": 0, "108->111": 0, "111->108": 0, "111->112": 0, "112->111": 0, "108->113": 0, "113->108": 0, "113->114": 0, "114->113": 0, "108->115": 0, "115->108": 0, "108->116": 0, "116->108": 0, "116->117": 0, "117->116": 0, "117->118": 0, "118->117": 0, "116->119": 0, "119->116": 0, "119->120": 0, "120->119": 0, "119->121": 0, "121->119": 0, "121->122": 0, "122->121": 0, "122->123": 0, "123->122": 0, "108->124": 0, "124->108": 0, "124->125": 0, "125->124": 0, "125->126": 0, "126->125": 0, "126->127": 0, "127->126": 0, "127->128": 0, "128->127": 0, "126->129": 0, "129->126": 0, "129->130": 0, "130->129": 0, "125->131": 0, "131->125": 0, "131->132": 0, "132->131": 0, "124->133": 0, "133->124": 0, "133->134": 0, "134->133": 0, "134->135": 0, "135->134": 0, "135->136": 0, "136->135": 0, "135->137": 0, "137->135": 0, "137->138": 0, "138->137": 0, "137->139": 0, "139->137": 0, "135->140": 0, "140->135": 0, "133->141": 0, "141->133": 0, "141->142": 0, "142->141": 0, "142->143": 0, "143->142": 0, "142->144": 0, "144->142": 0, "144->145": 0, "145->144": 0, "142->146": 0, "146->142": 0, "108->147": 0, "147->108": 0, "147->148": 0, "148->147": 0, "148->149": 0, "149->148": 0, "148->150": 0, "150->148": 0, "0->151": 0, "151->0": 0, "151->152": 0, "152->151": 0, "152->153": 0, "153->152": 0, "151->154": 0, "154->151": 0, "154->155": 0, "155->154": 0, "151->156": 0, "156->151": 0, "156->157": 0, "157->156": 0, "151->158": 0, "158->151": 0, "151->159": 0, "159->151": 0, "159->160": 0, "160->159": 0, "160->161": 0, "161->160": 0, "160->162": 0, "162->160": 0, "162->163": 0, "163->162": 0, "159->164": 0, "164->159": 0, "164->165": 0, "165->164": 0, "164->166": 0, "166->164": 0, "166->167": 0, "167->166": 0, "166->168": 0, "168->166": 0, "151->169": 0, "169->151": 0, "169->170": 0, "170->169": 0, "170->171": 0, "171->170": 0, "171->172": 0, "172->171": 0, "172->173": 0, "173->172": 0, "171->174": 0, "174->171": 0, "174->175": 0, "175->174": 0, "170->176": 0, "176->170": 0, "176->177": 0, "177->176": 0, "169->178": 0, "178->169": 0, "178->179": 0, "179->178": 0, "179->180": 0, "180->179": 0, "180->181": 0, "181->180": 0, "180->182": 0, "182->180": 0, "182->183": 0, "183->182": 0, "182->184": 0, "184->182": 0, "180->185": 0, "185->180": 0, "151->186": 0, "186->151": 0, "186->187": 0, "187->186": 0, "187->188": 0, "188->187": 0, "187->189": 0, "189->187": 0, "189->190": 0, "190->189": 0, "187->191": 0, "191->187": 0, "0->192": 0, "192->0": 0, "192->193": 0, "193->192": 0, "193->194": 0, "194->193": 0, "192->195": 0, "195->192": 0, "195->196": 0, "196->195": 0, "192->197": 0, "197->192": 0, "197->198": 0, "198->197": 0, "192->199": 0, "199->192": 0, "192->200": 0, "200->192": 0, "200->201": 0, "201->200": 0, "201->202": 0, "202->201": 0, "200->203": 0, "203->200": 0, "192->204": 0, "204->192": 0, "192->205": 0, "205->192": 0, "205->206": 0, "206->205": 0, "206->207": 0, "207->206": 0, "206->208": 0, "208->206": 0, "208->209": 0, "209->208": 0, "205->210": 0, "210->205": 0, "210->211": 0, "211->210": 0, "210->212": 0, "212->210": 0, "212->213": 0, "213->212": 0, "212->214": 0, "214->212": 0, "192->215": 0, "215->192": 0, "215->216": 0, "216->215": 0, "216->217": 0, "217->216": 0, "216->218": 0, "218->216": 0, "218->219": 0, "219->218": 0, "216->220": 0, "220->216": 0, "192->221": 0, "221->192": 0, "221->222": 0, "222->221": 0, "222->223": 0, "223->222": 0, "223->224": 0, "224->223": 0, "224->225": 0, "225->224": 0, "223->226": 0, "226->223": 0, "226->227": 0, "227->226": 0, "222->228": 0, "228->222": 0, "228->229": 0, "229->228": 0, "228->230": 0, "230->228": 0, "221->231": 0, "231->221": 0, "231->232": 0, "232->231": 0, "232->233": 0, "233->232": 0, "233->234": 0, "234->233": 0, "234->235": 0, "235->234": 0, "235->236": 0, "236->235": 0, "236->237": 0, "237->236": 0, "235->238": 0, "238->235": 0, "238->239": 0, "239->238": 0, "234->240": 0, "240->234": 0, "192->241": 0, "241->192": 0, "241->242": 0, "242->241": 0, "0->243": 0, "243->0": 0, "243->244": 0, "244->243": 0, "0->245": 0, "245->0": 0, "245->246": 0, "246->245": 0, "1->3": 1, "3->1": 12, "3->9": 1, "9->3": 12, "9->10": 1, "10->9": 12, "10->21": 1, "21->10": 12, "21->37": 1, "37->21": 12, "37->41": 1, "41->37": 12, "41->55": 1, "55->41": 12, "55->71": 1, "71->55": 12, "71->89": 1, "89->71": 12, "89->108": 1, "108->89": 12, "108->151": 1, "151->108": 12, "151->192": 1, "192->151": 12, "192->243": 1, "243->192": 12, "243->245": 1, "245->243": 12, "4->5": 1, "5->4": 12, "6->7": 1, "7->6": 12, "11->15": 1, "15->11": 12, "15->17": 1, "17->15": 12, "12->13": 2, "13->12": 3, "13->14": 2, "14->13": 3, "18->19": 1, "19->18": 12, "22->24": 1, "24->22": 12, "24->29": 1, "29->24": 12, "25->26": 1, "26->25": 12, "30->31": 1, "31->30": 12, "33->34": 1, "34->33": 12, "38->40": 1, "40->38": 12, "42->44": 1, "44->42": 12, "44->45": 1, "45->44": 12, "45->49": 1, "49->45": 12, "46->48": 1, "48->46": 12, "51->52": 1, "52->51": 12, "52->54": 1, "54->52": 12, "56->58": 1, "58->56": 12, "58->60": 1, "60->58": 12, "60->61": 1, "61->60": 12, "61->65": 1, "65->61": 12, "62->64": 1, "64->62": 12, "67->68": 1, "68->67": 12, "68->70": 1, "70->68": 12, "72->74": 1, "74->72": 12, "74->80": 1, "80->74": 12, "80->85": 1, "85->80": 12, "85->86": 1, "86->85": 12, "75->76": 1, "76->75": 12, "77->78": 1, "78->77": 12, "81->82": 1, "82->81": 12, "90->92": 1, "92->90": 12, "92->93": 1, "93->92": 12, "93->100": 1, "100->93": 12, "94->99": 1, "99->94": 12, "95->96": 1, "96->95": 12, "102->105": 1, "105->102": 12, "105->107": 1, "107->105": 12, "109->111": 1, "111->109": 12, "111->113": 1, "113->111": 12, "113->115": 1, "115->113": 12, "115->116": 1, "116->115": 12, "116->124": 1, "124->116": 12, "124->147": 1, "147->124": 12, "117->119": 1, "119->117": 12, "120->121": 1, "121->120": 12, "125->133": 9, "133->125": 9, "126->131": 1, "131->126": 12, "127->129": 1, "129->127": 12, "134->141": 10, "141->134": 11, "136->137": 1, "137->136": 12, "137->140": 1, "140->137": 12, "138->139": 2, "139->138": 3, "143->144": 1, "144->143": 12, "144->146": 1, "146->144": 12, "149->150": 2, "150->149": 3, "152->154": 1, "154->152": 12, "154->156": 1, "156->154": 12, "156->158": 1, "158->156": 12, "158->159": 1, "159->158": 12, "159->169": 1, "169->159": 12, "169->186": 1, "186->169": 12, "160->164": 1, "164->160": 12, "161->162": 1, "162->161": 12, "165->166": 1, "166->165": 12, "167->168": 2, "168->167": 3, "170->178": 9, "178->170": 9, "171->176": 1, "176->171": 12, "172->174": 1, "174->172": 12, "181->182": 1, "182->181": 12, "182->185": 1, "185->182": 12, "183->184": 2, "184->183": 3, "188->189": 1, "189->188": 12, "189->191": 1, "191->189": 12, "193->195": 1, "195->193": 12, "195->197": 1, "197->195": 12, "197->199": 1, "199->197": 12, "199->200": 1, "200->199": 12, "200->204": 1, "204->200": 12, "204->205": 1, "205->204": 12, "205->215": 1, "215->205": 12, "215->221": 1, "221->215": 12, "221->241": 1, "241->221": 12, "201->203": 1, "203->201": 12, "206->210": 1, "210->206": 12, "207->208": 1, "208->207": 12, "211->212": 1, "212->211": 12, "213->214": 2, "214->213": 3, "217->218": 1, "218->217": 12, "218->220": 1, "220->218": 12, "222->231": 9, "231->222": 9, "223->228": 1, "228->223": 12, "224->226": 1, "226->224": 12, "229->230": 2, "230->229": 3, "235->240": 1, "240->235": 12, "236->238": 1, "238->236": 12, "2->4": 2, "4->2": 3, "4->6": 2, "6->4": 3, "6->8": 2, "8->6": 3, "8->9": 2, "9->8": 3, "9->12": 2, "12->9": 3, "14->16": 2, "16->14": 3, "16->18": 2, "18->16": 3, "18->20": 2, "20->18": 3, "20->23": 2, "23->20": 3, "23->25": 2, "25->23": 3, "25->28": 2, "28->25": 3, "28->30": 2, "30->28": 3, "30->33": 2, "33->30": 3, "33->36": 2, "36->33": 3, "36->39": 2, "39->36": 3, "39->40": 2, "40->39": 3, "40->43": 2, "43->40": 3, "43->44": 2, "44->43": 3, "44->47": 2, "47->44": 3, "47->48": 2, "48->47": 3, "48->51": 2, "51->48": 3, "51->53": 2, "53->51": 3, "53->54": 2, "54->53": 3, "54->57": 2, "57->54": 3, "57->59": 2, "59->57": 3, "59->60": 2, "60->59": 3, "60->63": 2, "63->60": 3, "63->64": 2, "64->63": 3, "64->67": 2, "67->64": 3, "67->69": 2, "69->67": 3, "69->70": 2, "70->69": 3, "70->73": 2, "73->70": 3, "73->75": 2, "75->73": 3, "75->77": 2, "77->75": 3, "77->79": 2, "79->77": 3, "79->81": 2, "81->79": 3, "81->84": 2, "84->81": 3, "84->85": 2, "85->84": 3, "85->88": 2, "88->85": 3, "88->91": 2, "91->88": 3, "91->92": 2, "92->91": 3, "92->95": 2, "95->92": 3, "95->98": 2, "98->95": 3, "98->99": 2, "99->98": 3, "99->104": 2, "104->99": 3, "104->106": 4, "106->104": 5, "106->107": 2, "107->106": 3, "107->110": 2, "110->107": 3, "110->112": 2, "112->110": 3, "112->114": 2, "114->112": 3, "114->115": 2, "115->114": 3, "115->118": 2, "118->115": 3, "118->120": 2, "120->118": 3, "120->123": 2, "123->120": 3, "123->128": 2, "128->123": 3, "128->130": 2, "130->128": 3, "130->132": 2, "132->130": 3, "132->136": 2, "136->132": 3, "136->138": 2, "138->136": 3, "139->140": 2, "140->139": 3, "140->143": 2, "143->140": 3, "143->145": 2, "145->143": 3, "145->146": 2, "146->145": 3, "146->149": 2, "149->146": 3, "150->153": 2, "153->150": 3, "153->155": 2, "155->153": 3, "155->157": 2, "157->155": 3, "157->158": 2, "158->157": 3, "158->161": 2, "161->158": 3, "161->163": 2, "163->161": 3, "163->165": 2, "165->163": 3, "165->167": 2, "167->165": 3, "168->173": 2, "173->168": 3, "173->175": 2, "175->173": 3, "175->177": 2, "177->175": 3, "177->181": 2, "181->177": 3, "181->183": 2, "183->181": 3, "184->185": 2, "185->184": 3, "185->188": 2, "188->185": 3, "188->190": 2, "190->188": 3, "190->191": 2, "191->190": 3, "191->194": 2, "194->191": 3, "194->196": 2, "196->194": 3, "196->198": 2, "198->196": 3, "198->199": 2, "199->198": 3, "199->202": 2, "202->199": 3, "202->203": 2, "203->202": 3, "203->204": 2, "204->203": 3, "204->207": 2, "207->204": 3, "207->209": 2, "209->207": 3, "209->211": 2, "211->209": 3, "211->213": 2, "213->211": 3, "214->217": 2, "217->214": 3, "217->219": 2, "219->217": 3, "219->220": 2, "220->219": 3, "220->225": 2, "225->220": 3, "225->227": 2, "227->225": 3, "227->229": 2, "229->227": 3, "230->237": 2, "237->230": 3, "237->239": 2, "239->237": 3, "239->240": 2, "240->239": 3, "240->242": 2, "242->240": 3, "242->244": 2, "244->242": 3, "244->246": 2, "246->244": 3, "53->239": 4, "239->53": 5, "88->104": 4, "104->88": 5, "106->132": 4, "132->106": 5, "132->177": 4, "177->132": 5}, "metrics": [2.0, 0.0, 8.0, 8.0, 61.0, 11.0, 0.0, 0.0, 0.375, 0.0, 1.0]}