{"nodelist": ["ClassDeclaration", "{'public', 'static'}", "public", "static", "HRegionIncommon", "FieldDeclaration", "{'final'}", "final", "ReferenceType", "HRegion", "VariableDeclarator", "region", "ConstructorDeclaration", "{'public'}", "public", "HRegionIncommon", "FormalParameter", "{'final'}", "final", "ReferenceType", "HRegion", "HRegion", "StatementExpression", "Assignment", "This", "MemberReference", "region", "MemberReference", "HRegion", "=", "MethodDeclaration", "{'public'}", "public", "put", "FormalParameter", "ReferenceType", "Put", "put", "IOException", "StatementExpression", "MethodInvocation", "region", "MemberReference", "put", "put", "MethodDeclaration", "{'public'}", "public", "delete", "FormalParameter", "ReferenceType", "Delete", "delete", "FormalParameter", "ReferenceType", "Integer", "lockid", "FormalParameter", "BasicType", "boolean", "writeToWAL", "IOException", "StatementExpression", "This", "MemberReference", "region", "MethodInvocation", "MemberReference", "delete", "MemberReference", "lockid", "MemberReference", "writeToWAL", "delete", "MethodDeclaration", "{'public'}", "public", "ReferenceType", "Result", "get", "FormalParameter", "ReferenceType", "Get", "get", "IOException", "ReturnStatement", "MethodInvocation", "region", "MemberReference", "get", "Literal", "null", "get", "MethodDeclaration", "{'public'}", "public", "ReferenceType", "ScannerIncommon", "getScanner", "FormalParameter", "BasicType", "byte", "family", "FormalParameter", "BasicType", "byte", "qualifiers", "FormalParameter", "BasicType", "byte", "firstRow", "FormalParameter", "BasicType", "long", "ts", "IOException", "LocalVariableDeclaration", "ReferenceType", "Scan", "VariableDeclarator", "scan", "ClassCreator", "ReferenceType", "Scan", "MemberReference", "firstRow", "IfStatement", "BinaryOperation", "||", "BinaryOperation", "==", "MemberReference", "qualifiers", "Literal", "null", "BinaryOperation", "==", "MemberReference", "qualifiers", "length", "Literal", "0", "BlockStatement", "StatementExpression", "MethodInvocation", "scan", "MemberReference", "family", "addFamily", "BlockStatement", "ForStatement", "ForControl", "VariableDeclaration", "BasicType", "int", "VariableDeclarator", "i", "Literal", "0", "BinaryOperation", "<", "MemberReference", "i", "MemberReference", "qualifiers", "length", "MemberReference", "++", "i", "BlockStatement", "StatementExpression", "MethodInvocation", "scan", "MemberReference", "HConstants", "CATALOG_FAMILY", "MemberReference", "ArraySelector", "MemberReference", "i", "qualifiers", "addColumn", "StatementExpression", "MethodInvocation", "scan", "Literal", "0", "MemberReference", "ts", "setTimeRange", "ReturnStatement", "ClassCreator", "ReferenceType", "InternalScannerIncommon", "MethodInvocation", "region", "MemberReference", "scan", "getScanner", "MethodDeclaration", "{'public'}", "public", "ReferenceType", "Result", "get", "FormalParameter", "ReferenceType", "Get", "get", "FormalParameter", "ReferenceType", "Integer", "lockid", "IOException", "ReturnStatement", "This", "MemberReference", "region", "MethodInvocation", "MemberReference", "get", "MemberReference", "lockid", "get", "MethodDeclaration", "{'public'}", "public", "flushcache", "IOException", "StatementExpression", "This", "MemberReference", "region", "MethodInvocation", "flushcache", "ReferenceType", "Incommon", "ReferenceType", "FlushCache"], "nodes": {"0": "ClassDeclaration", "1": "Modifier", "2": "public", "3": "static", "4": "HRegionIncommon", "5": "FieldDeclaration", "6": "Modifier", "7": "final", "8": "ReferenceType", "9": "HRegion", "10": "VariableDeclarator", "11": "region", "12": "ConstructorDeclaration", "13": "Modifier", "14": "public", "15": "HRegionIncommon", "16": "FormalParameter", "17": "Modifier", "18": "final", "19": "ReferenceType", "20": "HRegion", "21": "HRegion", "22": "StatementExpression", "23": "Assignment", "24": "This", "25": "MemberReference", "26": "region", "27": "MemberReference", "28": "HRegion", "29": "=", "30": "MethodDeclaration", "31": "Modifier", "32": "public", "33": "put", "34": "FormalParameter", "35": "ReferenceType", "36": "Put", "37": "put", "38": "IOException", "39": "StatementExpression", "40": "MethodInvocation", "41": "region", "42": "MemberReference", "43": "put", "44": "put", "45": "MethodDeclaration", "46": "Modifier", "47": "public", "48": "delete", "49": "FormalParameter", "50": "ReferenceType", "51": "Delete", "52": "delete", "53": "FormalParameter", "54": "ReferenceType", "55": "Integer", "56": "lockid", "57": "FormalParameter", "58": "BasicType", "59": "boolean", "60": "writeToWAL", "61": "IOException", "62": "StatementExpression", "63": "This", "64": "MemberReference", "65": "region", "66": "MethodInvocation", "67": "MemberReference", "68": "delete", "69": "MemberReference", "70": "lockid", "71": "MemberReference", "72": "writeToWAL", "73": "delete", "74": "MethodDeclaration", "75": "Modifier", "76": "public", "77": "ReferenceType", "78": "Result", "79": "get", "80": "FormalParameter", "81": "ReferenceType", "82": "Get", "83": "get", "84": "IOException", "85": "ReturnStatement", "86": "MethodInvocation", "87": "region", "88": "MemberReference", "89": "get", "90": "Literal", "91": "null", "92": "get", "93": "MethodDeclaration", "94": "Modifier", "95": "public", "96": "ReferenceType", "97": "ScannerIncommon", "98": "getScanner", "99": "FormalParameter", "100": "BasicType", "101": "byte", "102": "family", "103": "FormalParameter", "104": "BasicType", "105": "byte", "106": "qualifiers", "107": "FormalParameter", "108": "BasicType", "109": "byte", "110": "firstRow", "111": "FormalParameter", "112": "BasicType", "113": "long", "114": "ts", "115": "IOException", "116": "LocalVariableDeclaration", "117": "ReferenceType", "118": "Scan", "119": "VariableDeclarator", "120": "scan", "121": "ClassCreator", "122": "ReferenceType", "123": "Scan", "124": "MemberReference", "125": "firstRow", "126": "IfStatement", "127": "BinaryOperation", "128": "||", "129": "BinaryOperation", "130": "==", "131": "MemberReference", "132": "qualifiers", "133": "Literal", "134": "null", "135": "BinaryOperation", "136": "==", "137": "MemberReference", "138": "qualifiers", "139": "length", "140": "Literal", "141": "0", "142": "BlockStatement", "143": "StatementExpression", "144": "MethodInvocation", "145": "scan", "146": "MemberReference", "147": "family", "148": "addFamily", "149": "BlockStatement", "150": "ForStatement", "151": "ForControl", "152": "VariableDeclaration", "153": "BasicType", "154": "int", "155": "VariableDeclarator", "156": "i", "157": "Literal", "158": "0", "159": "BinaryOperation", "160": "<", "161": "MemberReference", "162": "i", "163": "MemberReference", "164": "qualifiers", "165": "length", "166": "MemberReference", "167": "++", "168": "i", "169": "BlockStatement", "170": "StatementExpression", "171": "MethodInvocation", "172": "scan", "173": "MemberReference", "174": "HConstants", "175": "CATALOG_FAMILY", "176": "MemberReference", "177": "ArraySelector", "178": "MemberReference", "179": "i", "180": "qualifiers", "181": "addColumn", "182": "StatementExpression", "183": "MethodInvocation", "184": "scan", "185": "Literal", "186": "0", "187": "MemberReference", "188": "ts", "189": "setTimeRange", "190": "ReturnStatement", "191": "ClassCreator", "192": "ReferenceType", "193": "InternalScannerIncommon", "194": "MethodInvocation", "195": "region", "196": "MemberReference", "197": "scan", "198": "getScanner", "199": "MethodDeclaration", "200": "Modifier", "201": "public", "202": "ReferenceType", "203": "Result", "204": "get", "205": "FormalParameter", "206": "ReferenceType", "207": "Get", "208": "get", "209": "FormalParameter", "210": "ReferenceType", "211": "Integer", "212": "lockid", "213": "IOException", "214": "ReturnStatement", "215": "This", "216": "MemberReference", "217": "region", "218": "MethodInvocation", "219": "MemberReference", "220": "get", "221": "MemberReference", "222": "lockid", "223": "get", "224": "MethodDeclaration", "225": "Modifier", "226": "public", "227": "flushcache", "228": "IOException", "229": "StatementExpression", "230": "This", "231": "MemberReference", "232": "region", "233": "MethodInvocation", "234": "flushcache", "235": "ReferenceType", "236": "Incommon", "237": "ReferenceType", "238": "FlushCache"}, "edges": {"0->1": 0, "1->0": 0, "1->2": 0, "2->1": 0, "1->3": 0, "3->1": 0, "0->4": 0, "4->0": 0, "0->5": 0, "5->0": 0, "5->6": 0, "6->5": 0, "6->7": 0, "7->6": 0, "5->8": 0, "8->5": 0, "8->9": 0, "9->8": 0, "5->10": 0, "10->5": 0, "10->11": 0, "11->10": 0, "0->12": 0, "12->0": 0, "12->13": 0, "13->12": 0, "13->14": 0, "14->13": 0, "12->15": 0, "15->12": 0, "12->16": 0, "16->12": 0, "16->17": 0, "17->16": 0, "17->18": 0, "18->17": 0, "16->19": 0, "19->16": 0, "19->20": 0, "20->19": 0, "16->21": 0, "21->16": 0, "12->22": 0, "22->12": 0, "22->23": 0, "23->22": 0, "23->24": 0, "24->23": 0, "24->25": 0, "25->24": 0, "25->26": 0, "26->25": 0, "23->27": 0, "27->23": 0, "27->28": 0, "28->27": 0, "23->29": 0, "29->23": 0, "0->30": 0, "30->0": 0, "30->31": 0, "31->30": 0, "31->32": 0, "32->31": 0, "30->33": 0, "33->30": 0, "30->34": 0, "34->30": 0, "34->35": 0, "35->34": 0, "35->36": 0, "36->35": 0, "34->37": 0, "37->34": 0, "30->38": 0, "38->30": 0, "30->39": 0, "39->30": 0, "39->40": 0, "40->39": 0, "40->41": 0, "41->40": 0, "40->42": 0, "42->40": 0, "42->43": 0, "43->42": 0, "40->44": 0, "44->40": 0, "0->45": 0, "45->0": 0, "45->46": 0, "46->45": 0, "46->47": 0, "47->46": 0, "45->48": 0, "48->45": 0, "45->49": 0, "49->45": 0, "49->50": 0, "50->49": 0, "50->51": 0, "51->50": 0, "49->52": 0, "52->49": 0, "45->53": 0, "53->45": 0, "53->54": 0, "54->53": 0, "54->55": 0, "55->54": 0, "53->56": 0, "56->53": 0, "45->57": 0, "57->45": 0, "57->58": 0, "58->57": 0, "58->59": 0, "59->58": 0, "57->60": 0, "60->57": 0, "45->61": 0, "61->45": 0, "45->62": 0, "62->45": 0, "62->63": 0, "63->62": 0, "63->64": 0, "64->63": 0, "64->65": 0, "65->64": 0, "63->66": 0, "66->63": 0, "66->67": 0, "67->66": 0, "67->68": 0, "68->67": 0, "66->69": 0, "69->66": 0, "69->70": 0, "70->69": 0, "66->71": 0, "71->66": 0, "71->72": 0, "72->71": 0, "66->73": 0, "73->66": 0, "0->74": 0, "74->0": 0, "74->75": 0, "75->74": 0, "75->76": 0, "76->75": 0, "74->77": 0, "77->74": 0, "77->78": 0, "78->77": 0, "74->79": 0, "79->74": 0, "74->80": 0, "80->74": 0, "80->81": 0, "81->80": 0, "81->82": 0, "82->81": 0, "80->83": 0, "83->80": 0, "74->84": 0, "84->74": 0, "74->85": 0, "85->74": 0, "85->86": 0, "86->85": 0, "86->87": 0, "87->86": 0, "86->88": 0, "88->86": 0, "88->89": 0, "89->88": 0, "86->90": 0, "90->86": 0, "90->91": 0, "91->90": 0, "86->92": 0, "92->86": 0, "0->93": 0, "93->0": 0, "93->94": 0, "94->93": 0, "94->95": 0, "95->94": 0, "93->96": 0, "96->93": 0, "96->97": 0, "97->96": 0, "93->98": 0, "98->93": 0, "93->99": 0, "99->93": 0, "99->100": 0, "100->99": 0, "100->101": 0, "101->100": 0, "99->102": 0, "102->99": 0, "93->103": 0, "103->93": 0, "103->104": 0, "104->103": 0, "104->105": 0, "105->104": 0, "103->106": 0, "106->103": 0, "93->107": 0, "107->93": 0, "107->108": 0, "108->107": 0, "108->109": 0, "109->108": 0, "107->110": 0, "110->107": 0, "93->111": 0, "111->93": 0, "111->112": 0, "112->111": 0, "112->113": 0, "113->112": 0, "111->114": 0, "114->111": 0, "93->115": 0, "115->93": 0, "93->116": 0, "116->93": 0, "116->117": 0, "117->116": 0, "117->118": 0, "118->117": 0, "116->119": 0, "119->116": 0, "119->120": 0, "120->119": 0, "119->121": 0, "121->119": 0, "121->122": 0, "122->121": 0, "122->123": 0, "123->122": 0, "121->124": 0, "124->121": 0, "124->125": 0, "125->124": 0, "93->126": 0, "126->93": 0, "126->127": 0, "127->126": 0, "127->128": 0, "128->127": 0, "127->129": 0, "129->127": 0, "129->130": 0, "130->129": 0, "129->131": 0, "131->129": 0, "131->132": 0, "132->131": 0, "129->133": 0, "133->129": 0, "133->134": 0, "134->133": 0, "127->135": 0, "135->127": 0, "135->136": 0, "136->135": 0, "135->137": 0, "137->135": 0, "137->138": 0, "138->137": 0, "137->139": 0, "139->137": 0, "135->140": 0, "140->135": 0, "140->141": 0, "141->140": 0, "126->142": 0, "142->126": 0, "142->143": 0, "143->142": 0, "143->144": 0, "144->143": 0, "144->145": 0, "145->144": 0, "144->146": 0, "146->144": 0, "146->147": 0, "147->146": 0, "144->148": 0, "148->144": 0, "126->149": 0, "149->126": 0, "149->150": 0, "150->149": 0, "150->151": 0, "151->150": 0, "151->152": 0, "152->151": 0, "152->153": 0, "153->152": 0, "153->154": 0, "154->153": 0, "152->155": 0, "155->152": 0, "155->156": 0, "156->155": 0, "155->157": 0, "157->155": 0, "157->158": 0, "158->157": 0, "151->159": 0, "159->151": 0, "159->160": 0, "160->159": 0, "159->161": 0, "161->159": 0, "161->162": 0, "162->161": 0, "159->163": 0, "163->159": 0, "163->164": 0, "164->163": 0, "163->165": 0, "165->163": 0, "151->166": 0, "166->151": 0, "166->167": 0, "167->166": 0, "166->168": 0, "168->166": 0, "150->169": 0, "169->150": 0, "169->170": 0, "170->169": 0, "170->171": 0, "171->170": 0, "171->172": 0, "172->171": 0, "171->173": 0, "173->171": 0, "173->174": 0, "174->173": 0, "173->175": 0, "175->173": 0, "171->176": 0, "176->171": 0, "176->177": 0, "177->176": 0, "177->178": 0, "178->177": 0, "178->179": 0, "179->178": 0, "176->180": 0, "180->176": 0, "171->181": 0, "181->171": 0, "93->182": 0, "182->93": 0, "182->183": 0, "183->182": 0, "183->184": 0, "184->183": 0, "183->185": 0, "185->183": 0, "185->186": 0, "186->185": 0, "183->187": 0, "187->183": 0, "187->188": 0, "188->187": 0, "183->189": 0, "189->183": 0, "93->190": 0, "190->93": 0, "190->191": 0, "191->190": 0, "191->192": 0, "192->191": 0, "192->193": 0, "193->192": 0, "191->194": 0, "194->191": 0, "194->195": 0, "195->194": 0, "194->196": 0, "196->194": 0, "196->197": 0, "197->196": 0, "194->198": 0, "198->194": 0, "0->199": 0, "199->0": 0, "199->200": 0, "200->199": 0, "200->201": 0, "201->200": 0, "199->202": 0, "202->199": 0, "202->203": 0, "203->202": 0, "199->204": 0, "204->199": 0, "199->205": 0, "205->199": 0, "205->206": 0, "206->205": 0, "206->207": 0, "207->206": 0, "205->208": 0, "208->205": 0, "199->209": 0, "209->199": 0, "209->210": 0, "210->209": 0, "210->211": 0, "211->210": 0, "209->212": 0, "212->209": 0, "199->213": 0, "213->199": 0, "199->214": 0, "214->199": 0, "214->215": 0, "215->214": 0, "215->216": 0, "216->215": 0, "216->217": 0, "217->216": 0, "215->218": 0, "218->215": 0, "218->219": 0, "219->218": 0, "219->220": 0, "220->219": 0, "218->221": 0, "221->218": 0, "221->222": 0, "222->221": 0, "218->223": 0, "223->218": 0, "0->224": 0, "224->0": 0, "224->225": 0, "225->224": 0, "225->226": 0, "226->225": 0, "224->227": 0, "227->224": 0, "224->228": 0, "228->224": 0, "224->229": 0, "229->224": 0, "229->230": 0, "230->229": 0, "230->231": 0, "231->230": 0, "231->232": 0, "232->231": 0, "230->233": 0, "233->230": 0, "233->234": 0, "234->233": 0, "0->235": 0, "235->0": 0, "235->236": 0, "236->235": 0, "0->237": 0, "237->0": 0, "237->238": 0, "238->237": 0, "1->4": 1, "4->1": 12, "4->5": 1, "5->4": 12, "5->12": 1, "12->5": 12, "12->30": 1, "30->12": 12, "30->45": 1, "45->30": 12, "45->74": 1, "74->45": 12, "74->93": 1, "93->74": 12, "93->199": 1, "199->93": 12, "199->224": 1, "224->199": 12, "224->235": 1, "235->224": 12, "235->237": 1, "237->235": 12, "2->3": 2, "3->2": 3, "6->8": 1, "8->6": 12, "8->10": 1, "10->8": 12, "13->15": 1, "15->13": 12, "15->16": 1, "16->15": 12, "16->22": 1, "22->16": 12, "17->19": 1, "19->17": 12, "19->21": 1, "21->19": 12, "24->27": 1, "27->24": 12, "27->29": 1, "29->27": 12, "31->33": 1, "33->31": 12, "33->34": 1, "34->33": 12, "34->38": 1, "38->34": 12, "38->39": 1, "39->38": 12, "35->37": 1, "37->35": 12, "41->42": 1, "42->41": 12, "42->44": 1, "44->42": 12, "46->48": 1, "48->46": 12, "48->49": 1, "49->48": 12, "49->53": 1, "53->49": 12, "53->57": 1, "57->53": 12, "57->61": 1, "61->57": 12, "61->62": 1, "62->61": 12, "50->52": 1, "52->50": 12, "54->56": 1, "56->54": 12, "58->60": 1, "60->58": 12, "64->66": 1, "66->64": 12, "67->69": 1, "69->67": 12, "69->71": 1, "71->69": 12, "71->73": 1, "73->71": 12, "75->77": 1, "77->75": 12, "77->79": 1, "79->77": 12, "79->80": 1, "80->79": 12, "80->84": 1, "84->80": 12, "84->85": 1, "85->84": 12, "81->83": 1, "83->81": 12, "87->88": 1, "88->87": 12, "88->90": 1, "90->88": 12, "90->92": 1, "92->90": 12, "94->96": 1, "96->94": 12, "96->98": 1, "98->96": 12, "98->99": 1, "99->98": 12, "99->103": 1, "103->99": 12, "103->107": 1, "107->103": 12, "107->111": 1, "111->107": 12, "111->115": 1, "115->111": 12, "115->116": 1, "116->115": 12, "116->126": 1, "126->116": 12, "126->182": 1, "182->126": 12, "182->190": 1, "190->182": 12, "100->102": 1, "102->100": 12, "104->106": 1, "106->104": 12, "108->110": 1, "110->108": 12, "112->114": 1, "114->112": 12, "117->119": 1, "119->117": 12, "120->121": 1, "121->120": 12, "122->124": 1, "124->122": 12, "127->142": 6, "142->127": 6, "142->149": 1, "149->142": 12, "128->129": 1, "129->128": 12, "129->135": 1, "135->129": 12, "130->131": 1, "131->130": 12, "131->133": 1, "133->131": 12, "136->137": 1, "137->136": 12, "137->140": 1, "140->137": 12, "138->139": 2, "139->138": 3, "145->146": 1, "146->145": 12, "146->148": 1, "148->146": 12, "151->169": 9, "169->151": 9, "152->159": 1, "159->152": 12, "159->166": 1, "166->159": 12, "153->155": 1, "155->153": 12, "156->157": 1, "157->156": 12, "160->161": 1, "161->160": 12, "161->163": 1, "163->161": 12, "164->165": 2, "165->164": 3, "167->168": 2, "168->167": 3, "172->173": 1, "173->172": 12, "173->176": 1, "176->173": 12, "176->181": 1, "181->176": 12, "174->175": 2, "175->174": 3, "177->180": 1, "180->177": 12, "184->185": 1, "185->184": 12, "185->187": 1, "187->185": 12, "187->189": 1, "189->187": 12, "192->194": 1, "194->192": 12, "195->196": 1, "196->195": 12, "196->198": 1, "198->196": 12, "200->202": 1, "202->200": 12, "202->204": 1, "204->202": 12, "204->205": 1, "205->204": 12, "205->209": 1, "209->205": 12, "209->213": 1, "213->209": 12, "213->214": 1, "214->213": 12, "206->208": 1, "208->206": 12, "210->212": 1, "212->210": 12, "216->218": 1, "218->216": 12, "219->221": 1, "221->219": 12, "221->223": 1, "223->221": 12, "225->227": 1, "227->225": 12, "227->228": 2, "228->227": 3, "228->229": 1, "229->228": 12, "231->233": 1, "233->231": 12, "127->149": 7, "149->127": 7, "3->4": 2, "4->3": 3, "4->7": 2, "7->4": 3, "7->9": 2, "9->7": 3, "9->11": 2, "11->9": 3, "11->14": 2, "14->11": 3, "14->15": 2, "15->14": 3, "15->18": 2, "18->15": 3, "18->20": 2, "20->18": 3, "20->21": 2, "21->20": 3, "21->26": 2, "26->21": 3, "26->28": 2, "28->26": 3, "28->29": 2, "29->28": 3, "29->32": 2, "32->29": 3, "32->33": 2, "33->32": 3, "33->36": 2, "36->33": 3, "36->37": 2, "37->36": 3, "37->38": 2, "38->37": 3, "38->41": 2, "41->38": 3, "41->43": 2, "43->41": 3, "43->44": 2, "44->43": 3, "44->47": 2, "47->44": 3, "47->48": 2, "48->47": 3, "48->51": 2, "51->48": 3, "51->52": 2, "52->51": 3, "52->55": 2, "55->52": 3, "55->56": 2, "56->55": 3, "56->59": 2, "59->56": 3, "59->60": 2, "60->59": 3, "60->61": 2, "61->60": 3, "61->65": 2, "65->61": 3, "65->68": 2, "68->65": 3, "68->70": 2, "70->68": 3, "70->72": 2, "72->70": 3, "72->73": 2, "73->72": 3, "73->76": 2, "76->73": 3, "76->78": 2, "78->76": 3, "78->79": 2, "79->78": 3, "79->82": 2, "82->79": 3, "82->83": 2, "83->82": 3, "83->84": 2, "84->83": 3, "84->87": 2, "87->84": 3, "87->89": 2, "89->87": 3, "89->91": 2, "91->89": 3, "91->92": 2, "92->91": 3, "92->95": 2, "95->92": 3, "95->97": 2, "97->95": 3, "97->98": 2, "98->97": 3, "98->101": 2, "101->98": 3, "101->102": 2, "102->101": 3, "102->105": 2, "105->102": 3, "105->106": 2, "106->105": 3, "106->109": 2, "109->106": 3, "109->110": 2, "110->109": 3, "110->113": 2, "113->110": 3, "113->114": 2, "114->113": 3, "114->115": 2, "115->114": 3, "115->118": 2, "118->115": 3, "118->120": 2, "120->118": 3, "120->123": 2, "123->120": 3, "123->125": 2, "125->123": 3, "125->128": 2, "128->125": 3, "128->130": 2, "130->128": 3, "130->132": 2, "132->130": 3, "132->134": 2, "134->132": 3, "134->136": 2, "136->134": 3, "136->138": 2, "138->136": 3, "139->141": 2, "141->139": 3, "141->145": 2, "145->141": 3, "145->147": 2, "147->145": 3, "147->148": 2, "148->147": 3, "148->154": 2, "154->148": 3, "154->156": 2, "156->154": 3, "156->158": 2, "158->156": 3, "158->160": 2, "160->158": 3, "160->162": 2, "162->160": 3, "162->164": 2, "164->162": 3, "165->167": 2, "167->165": 3, "168->172": 2, "172->168": 3, "172->174": 2, "174->172": 3, "175->179": 2, "179->175": 3, "179->180": 2, "180->179": 3, "180->181": 2, "181->180": 3, "181->184": 2, "184->181": 3, "184->186": 2, "186->184": 3, "186->188": 2, "188->186": 3, "188->189": 2, "189->188": 3, "189->193": 2, "193->189": 3, "193->195": 2, "195->193": 3, "195->197": 2, "197->195": 3, "197->198": 2, "198->197": 3, "198->201": 2, "201->198": 3, "201->203": 2, "203->201": 3, "203->204": 2, "204->203": 3, "204->207": 2, "207->204": 3, "207->208": 2, "208->207": 3, "208->211": 2, "211->208": 3, "211->212": 2, "212->211": 3, "212->213": 2, "213->212": 3, "213->217": 2, "217->213": 3, "217->220": 2, "220->217": 3, "220->222": 2, "222->220": 3, "222->223": 2, "223->222": 3, "223->226": 2, "226->223": 3, "226->227": 2, "227->226": 3, "228->232": 2, "232->228": 3, "232->234": 2, "234->232": 3, "234->236": 2, "236->234": 3, "236->238": 2, "238->236": 3, "26->65": 4, "65->26": 5, "65->217": 4, "217->65": 5, "217->232": 4, "232->217": 5, "70->222": 4, "222->70": 5, "89->220": 4, "220->89": 5, "132->180": 4, "180->132": 5, "139->165": 4, "165->139": 5, "162->168": 4, "168->162": 5, "168->179": 4, "179->168": 5}, "metrics": [1.0, 0.0, 7.0, 7.0, 40.0, 9.0, 0.0, 1.0, 0.0, 2.0, 6.0]}