{"nodelist": ["ClassDeclaration", "{'abstract'}", "abstract", "Annotation", "InterfaceAudience.Private", "Queue", "MethodDeclaration", "{'abstract'}", "abstract", "BasicType", "boolean", "requireExclusiveLock", "FormalParameter", "ReferenceType", "Procedure", "TypeArgument", "?", "proc", "FieldDeclaration", "{'final', 'private'}", "final", "private", "ReferenceType", "TKey", "VariableDeclarator", "key", "FieldDeclaration", "{'final', 'private'}", "final", "private", "BasicType", "int", "VariableDeclarator", "priority", "FieldDeclaration", "{'final', 'private'}", "final", "private", "ReferenceType", "ProcedureDeque", "VariableDeclarator", "runnables", "ClassCreator", "ReferenceType", "ProcedureDeque", "FieldDeclaration", "{'final', 'private'}", "final", "private", "ReferenceType", "LockStatus", "VariableDeclarator", "lockStatus", "ConstructorDeclaration", "{'protected'}", "protected", "Queue", "FormalParameter", "ReferenceType", "TKey", "key", "FormalParameter", "ReferenceType", "LockStatus", "lockStatus", "StatementExpression", "ExplicitConstructorInvocation", "MemberReference", "key", "Literal", "1", "MemberReference", "lockStatus", "ConstructorDeclaration", "{'protected'}", "protected", "Queue", "FormalParameter", "ReferenceType", "TKey", "key", "FormalParameter", "BasicType", "int", "priority", "FormalParameter", "ReferenceType", "LockStatus", "lockStatus", "AssertStatement", "BinaryOperation", ">=", "MemberReference", "priority", "Literal", "1", "Literal", "\"priority must be greater than or equal to 1\"", "StatementExpression", "Assignment", "This", "MemberReference", "key", "MemberReference", "key", "=", "StatementExpression", "Assignment", "This", "MemberReference", "priority", "MemberReference", "priority", "=", "StatementExpression", "Assignment", "This", "MemberReference", "lockStatus", "MemberReference", "lockStatus", "=", "MethodDeclaration", "{'protected'}", "protected", "ReferenceType", "TKey", "getKey", "ReturnStatement", "MemberReference", "key", "MethodDeclaration", "{'public'}", "public", "BasicType", "int", "getPriority", "ReturnStatement", "MemberReference", "priority", "MethodDeclaration", "{'protected'}", "protected", "ReferenceType", "LockStatus", "getLockStatus", "ReturnStatement", "MemberReference", "lockStatus", "MethodDeclaration", "{'public'}", "public", "BasicType", "boolean", "isAvailable", "ReturnStatement", "BinaryOperation", "&&", "MethodInvocation", "!", "lockStatus", "hasExclusiveLock", "MethodInvocation", "!", "isEmpty", "MethodDeclaration", "{'public'}", "public", "add", "FormalParameter", "ReferenceType", "Procedure", "TypeArgument", "?", "proc", "FormalParameter", "BasicType", "boolean", "addToFront", "IfStatement", "MemberReference", "addToFront", "BlockStatement", "StatementExpression", "MethodInvocation", "runnables", "MemberReference", "proc", "addFirst", "BlockStatement", "StatementExpression", "MethodInvocation", "runnables", "MemberReference", "proc", "addLast", "MethodDeclaration", "{'public'}", "public", "ReferenceType", "Procedure", "TypeArgument", "?", "peek", "ReturnStatement", "MethodInvocation", "runnables", "peek", "MethodDeclaration", "{'public'}", "public", "ReferenceType", "Procedure", "TypeArgument", "?", "poll", "ReturnStatement", "MethodInvocation", "runnables", "poll", "MethodDeclaration", "{'public'}", "public", "BasicType", "boolean", "isEmpty", "ReturnStatement", "MethodInvocation", "runnables", "isEmpty", "MethodDeclaration", "{'public'}", "public", "BasicType", "int", "size", "ReturnStatement", "MethodInvocation", "runnables", "size", "MethodDeclaration", "{'public'}", "public", "BasicType", "int", "compareKey", "FormalParameter", "ReferenceType", "TKey", "cmpKey", "ReturnStatement", "MethodInvocation", "key", "MemberReference", "cmpKey", "compareTo", "MethodDeclaration", "{'public'}", "public", "Annotation", "Override", "BasicType", "int", "compareTo", "FormalParameter", "ReferenceType", "Queue", "TypeArgument", "ReferenceType", "TKey", "other", "ReturnStatement", "MethodInvocation", "MemberReference", "other", "key", "compareKey", "MethodDeclaration", "{'public'}", "public", "Annotation", "Override", "ReferenceType", "String", "toString", "ReturnStatement", "MethodInvocation", "String", "Literal", "\"%s(%s, xlock=%s sharedLock=%s size=%s)\"", "MethodInvocation", "MethodInvocation", "getSimpleName", "getClass", "MemberReference", "key", "TernaryExpression", "MethodInvocation", "lockStatus", "hasExclusiveLock", "BinaryOperation", "+", "BinaryOperation", "+", "Literal", "\"true (\"", "MethodInvocation", "lockStatus", "getExclusiveLockProcIdOwner", "Literal", "\")\"", "Literal", "\"false\"", "MethodInvocation", "lockStatus", "getSharedLockCount", "MethodInvocation", "size", "format", "TypeParameter", "TKey", "ReferenceType", "Comparable", "TypeArgument", "ReferenceType", "TKey", "ReferenceType", "AvlLinkedNode", "TypeArgument", "ReferenceType", "Queue", "TypeArgument", "ReferenceType", "TKey"], "nodes": {"0": "ClassDeclaration", "1": "Modifier", "2": "abstract", "3": "Annotation", "4": "InterfaceAudience.Private", "5": "Queue", "6": "MethodDeclaration", "7": "Modifier", "8": "abstract", "9": "BasicType", "10": "boolean", "11": "requireExclusiveLock", "12": "FormalParameter", "13": "ReferenceType", "14": "Procedure", "15": "TypeArgument", "16": "?", "17": "proc", "18": "FieldDeclaration", "19": "Modifier", "20": "final", "21": "private", "22": "ReferenceType", "23": "TKey", "24": "VariableDeclarator", "25": "key", "26": "FieldDeclaration", "27": "Modifier", "28": "final", "29": "private", "30": "BasicType", "31": "int", "32": "VariableDeclarator", "33": "priority", "34": "FieldDeclaration", "35": "Modifier", "36": "final", "37": "private", "38": "ReferenceType", "39": "ProcedureDeque", "40": "VariableDeclarator", "41": "runnables", "42": "ClassCreator", "43": "ReferenceType", "44": "ProcedureDeque", "45": "FieldDeclaration", "46": "Modifier", "47": "final", "48": "private", "49": "ReferenceType", "50": "LockStatus", "51": "VariableDeclarator", "52": "lockStatus", "53": "ConstructorDeclaration", "54": "Modifier", "55": "protected", "56": "Queue", "57": "FormalParameter", "58": "ReferenceType", "59": "TKey", "60": "key", "61": "FormalParameter", "62": "ReferenceType", "63": "LockStatus", "64": "lockStatus", "65": "StatementExpression", "66": "ExplicitConstructorInvocation", "67": "MemberReference", "68": "key", "69": "Literal", "70": "1", "71": "MemberReference", "72": "lockStatus", "73": "ConstructorDeclaration", "74": "Modifier", "75": "protected", "76": "Queue", "77": "FormalParameter", "78": "ReferenceType", "79": "TKey", "80": "key", "81": "FormalParameter", "82": "BasicType", "83": "int", "84": "priority", "85": "FormalParameter", "86": "ReferenceType", "87": "LockStatus", "88": "lockStatus", "89": "AssertStatement", "90": "BinaryOperation", "91": ">=", "92": "MemberReference", "93": "priority", "94": "Literal", "95": "1", "96": "Literal", "97": "\"priority must be greater than or equal to 1\"", "98": "StatementExpression", "99": "Assignment", "100": "This", "101": "MemberReference", "102": "key", "103": "MemberReference", "104": "key", "105": "=", "106": "StatementExpression", "107": "Assignment", "108": "This", "109": "MemberReference", "110": "priority", "111": "MemberReference", "112": "priority", "113": "=", "114": "StatementExpression", "115": "Assignment", "116": "This", "117": "MemberReference", "118": "lockStatus", "119": "MemberReference", "120": "lockStatus", "121": "=", "122": "MethodDeclaration", "123": "Modifier", "124": "protected", "125": "ReferenceType", "126": "TKey", "127": "getKey", "128": "ReturnStatement", "129": "MemberReference", "130": "key", "131": "MethodDeclaration", "132": "Modifier", "133": "public", "134": "BasicType", "135": "int", "136": "getPriority", "137": "ReturnStatement", "138": "MemberReference", "139": "priority", "140": "MethodDeclaration", "141": "Modifier", "142": "protected", "143": "ReferenceType", "144": "LockStatus", "145": "getLockStatus", "146": "ReturnStatement", "147": "MemberReference", "148": "lockStatus", "149": "MethodDeclaration", "150": "Modifier", "151": "public", "152": "BasicType", "153": "boolean", "154": "isAvailable", "155": "ReturnStatement", "156": "BinaryOperation", "157": "&&", "158": "MethodInvocation", "159": "!", "160": "lockStatus", "161": "hasExclusiveLock", "162": "MethodInvocation", "163": "!", "164": "isEmpty", "165": "MethodDeclaration", "166": "Modifier", "167": "public", "168": "add", "169": "FormalParameter", "170": "ReferenceType", "171": "Procedure", "172": "TypeArgument", "173": "?", "174": "proc", "175": "FormalParameter", "176": "BasicType", "177": "boolean", "178": "addToFront", "179": "IfStatement", "180": "MemberReference", "181": "addToFront", "182": "BlockStatement", "183": "StatementExpression", "184": "MethodInvocation", "185": "runnables", "186": "MemberReference", "187": "proc", "188": "addFirst", "189": "BlockStatement", "190": "StatementExpression", "191": "MethodInvocation", "192": "runnables", "193": "MemberReference", "194": "proc", "195": "addLast", "196": "MethodDeclaration", "197": "Modifier", "198": "public", "199": "ReferenceType", "200": "Procedure", "201": "TypeArgument", "202": "?", "203": "peek", "204": "ReturnStatement", "205": "MethodInvocation", "206": "runnables", "207": "peek", "208": "MethodDeclaration", "209": "Modifier", "210": "public", "211": "ReferenceType", "212": "Procedure", "213": "TypeArgument", "214": "?", "215": "poll", "216": "ReturnStatement", "217": "MethodInvocation", "218": "runnables", "219": "poll", "220": "MethodDeclaration", "221": "Modifier", "222": "public", "223": "BasicType", "224": "boolean", "225": "isEmpty", "226": "ReturnStatement", "227": "MethodInvocation", "228": "runnables", "229": "isEmpty", "230": "MethodDeclaration", "231": "Modifier", "232": "public", "233": "BasicType", "234": "int", "235": "size", "236": "ReturnStatement", "237": "MethodInvocation", "238": "runnables", "239": "size", "240": "MethodDeclaration", "241": "Modifier", "242": "public", "243": "BasicType", "244": "int", "245": "compareKey", "246": "FormalParameter", "247": "ReferenceType", "248": "TKey", "249": "cmpKey", "250": "ReturnStatement", "251": "MethodInvocation", "252": "key", "253": "MemberReference", "254": "cmpKey", "255": "compareTo", "256": "MethodDeclaration", "257": "Modifier", "258": "public", "259": "Annotation", "260": "Override", "261": "BasicType", "262": "int", "263": "compareTo", "264": "FormalParameter", "265": "ReferenceType", "266": "Queue", "267": "TypeArgument", "268": "ReferenceType", "269": "TKey", "270": "other", "271": "ReturnStatement", "272": "MethodInvocation", "273": "MemberReference", "274": "other", "275": "key", "276": "compareKey", "277": "MethodDeclaration", "278": "Modifier", "279": "public", "280": "Annotation", "281": "Override", "282": "ReferenceType", "283": "String", "284": "toString", "285": "ReturnStatement", "286": "MethodInvocation", "287": "String", "288": "Literal", "289": "\"%s(%s, xlock=%s sharedLock=%s size=%s)\"", "290": "MethodInvocation", "291": "MethodInvocation", "292": "getSimpleName", "293": "getClass", "294": "MemberReference", "295": "key", "296": "TernaryExpression", "297": "MethodInvocation", "298": "lockStatus", "299": "hasExclusiveLock", "300": "BinaryOperation", "301": "+", "302": "BinaryOperation", "303": "+", "304": "Literal", "305": "\"true (\"", "306": "MethodInvocation", "307": "lockStatus", "308": "getExclusiveLockProcIdOwner", "309": "Literal", "310": "\")\"", "311": "Literal", "312": "\"false\"", "313": "MethodInvocation", "314": "lockStatus", "315": "getSharedLockCount", "316": "MethodInvocation", "317": "size", "318": "format", "319": "TypeParameter", "320": "TKey", "321": "ReferenceType", "322": "Comparable", "323": "TypeArgument", "324": "ReferenceType", "325": "TKey", "326": "ReferenceType", "327": "AvlLinkedNode", "328": "TypeArgument", "329": "ReferenceType", "330": "Queue", "331": "TypeArgument", "332": "ReferenceType", "333": "TKey"}, "edges": {"0->1": 0, "1->0": 0, "1->2": 0, "2->1": 0, "0->3": 0, "3->0": 0, "3->4": 0, "4->3": 0, "0->5": 0, "5->0": 0, "0->6": 0, "6->0": 0, "6->7": 0, "7->6": 0, "7->8": 0, "8->7": 0, "6->9": 0, "9->6": 0, "9->10": 0, "10->9": 0, "6->11": 0, "11->6": 0, "6->12": 0, "12->6": 0, "12->13": 0, "13->12": 0, "13->14": 0, "14->13": 0, "13->15": 0, "15->13": 0, "15->16": 0, "16->15": 0, "12->17": 0, "17->12": 0, "0->18": 0, "18->0": 0, "18->19": 0, "19->18": 0, "19->20": 0, "20->19": 0, "19->21": 0, "21->19": 0, "18->22": 0, "22->18": 0, "22->23": 0, "23->22": 0, "18->24": 0, "24->18": 0, "24->25": 0, "25->24": 0, "0->26": 0, "26->0": 0, "26->27": 0, "27->26": 0, "27->28": 0, "28->27": 0, "27->29": 0, "29->27": 0, "26->30": 0, "30->26": 0, "30->31": 0, "31->30": 0, "26->32": 0, "32->26": 0, "32->33": 0, "33->32": 0, "0->34": 0, "34->0": 0, "34->35": 0, "35->34": 0, "35->36": 0, "36->35": 0, "35->37": 0, "37->35": 0, "34->38": 0, "38->34": 0, "38->39": 0, "39->38": 0, "34->40": 0, "40->34": 0, "40->41": 0, "41->40": 0, "40->42": 0, "42->40": 0, "42->43": 0, "43->42": 0, "43->44": 0, "44->43": 0, "0->45": 0, "45->0": 0, "45->46": 0, "46->45": 0, "46->47": 0, "47->46": 0, "46->48": 0, "48->46": 0, "45->49": 0, "49->45": 0, "49->50": 0, "50->49": 0, "45->51": 0, "51->45": 0, "51->52": 0, "52->51": 0, "0->53": 0, "53->0": 0, "53->54": 0, "54->53": 0, "54->55": 0, "55->54": 0, "53->56": 0, "56->53": 0, "53->57": 0, "57->53": 0, "57->58": 0, "58->57": 0, "58->59": 0, "59->58": 0, "57->60": 0, "60->57": 0, "53->61": 0, "61->53": 0, "61->62": 0, "62->61": 0, "62->63": 0, "63->62": 0, "61->64": 0, "64->61": 0, "53->65": 0, "65->53": 0, "65->66": 0, "66->65": 0, "66->67": 0, "67->66": 0, "67->68": 0, "68->67": 0, "66->69": 0, "69->66": 0, "69->70": 0, "70->69": 0, "66->71": 0, "71->66": 0, "71->72": 0, "72->71": 0, "0->73": 0, "73->0": 0, "73->74": 0, "74->73": 0, "74->75": 0, "75->74": 0, "73->76": 0, "76->73": 0, "73->77": 0, "77->73": 0, "77->78": 0, "78->77": 0, "78->79": 0, "79->78": 0, "77->80": 0, "80->77": 0, "73->81": 0, "81->73": 0, "81->82": 0, "82->81": 0, "82->83": 0, "83->82": 0, "81->84": 0, "84->81": 0, "73->85": 0, "85->73": 0, "85->86": 0, "86->85": 0, "86->87": 0, "87->86": 0, "85->88": 0, "88->85": 0, "73->89": 0, "89->73": 0, "89->90": 0, "90->89": 0, "90->91": 0, "91->90": 0, "90->92": 0, "92->90": 0, "92->93": 0, "93->92": 0, "90->94": 0, "94->90": 0, "94->95": 0, "95->94": 0, "89->96": 0, "96->89": 0, "96->97": 0, "97->96": 0, "73->98": 0, "98->73": 0, "98->99": 0, "99->98": 0, "99->100": 0, "100->99": 0, "100->101": 0, "101->100": 0, "101->102": 0, "102->101": 0, "99->103": 0, "103->99": 0, "103->104": 0, "104->103": 0, "99->105": 0, "105->99": 0, "73->106": 0, "106->73": 0, "106->107": 0, "107->106": 0, "107->108": 0, "108->107": 0, "108->109": 0, "109->108": 0, "109->110": 0, "110->109": 0, "107->111": 0, "111->107": 0, "111->112": 0, "112->111": 0, "107->113": 0, "113->107": 0, "73->114": 0, "114->73": 0, "114->115": 0, "115->114": 0, "115->116": 0, "116->115": 0, "116->117": 0, "117->116": 0, "117->118": 0, "118->117": 0, "115->119": 0, "119->115": 0, "119->120": 0, "120->119": 0, "115->121": 0, "121->115": 0, "0->122": 0, "122->0": 0, "122->123": 0, "123->122": 0, "123->124": 0, "124->123": 0, "122->125": 0, "125->122": 0, "125->126": 0, "126->125": 0, "122->127": 0, "127->122": 0, "122->128": 0, "128->122": 0, "128->129": 0, "129->128": 0, "129->130": 0, "130->129": 0, "0->131": 0, "131->0": 0, "131->132": 0, "132->131": 0, "132->133": 0, "133->132": 0, "131->134": 0, "134->131": 0, "134->135": 0, "135->134": 0, "131->136": 0, "136->131": 0, "131->137": 0, "137->131": 0, "137->138": 0, "138->137": 0, "138->139": 0, "139->138": 0, "0->140": 0, "140->0": 0, "140->141": 0, "141->140": 0, "141->142": 0, "142->141": 0, "140->143": 0, "143->140": 0, "143->144": 0, "144->143": 0, "140->145": 0, "145->140": 0, "140->146": 0, "146->140": 0, "146->147": 0, "147->146": 0, "147->148": 0, "148->147": 0, "0->149": 0, "149->0": 0, "149->150": 0, "150->149": 0, "150->151": 0, "151->150": 0, "149->152": 0, "152->149": 0, "152->153": 0, "153->152": 0, "149->154": 0, "154->149": 0, "149->155": 0, "155->149": 0, "155->156": 0, "156->155": 0, "156->157": 0, "157->156": 0, "156->158": 0, "158->156": 0, "158->159": 0, "159->158": 0, "158->160": 0, "160->158": 0, "158->161": 0, "161->158": 0, "156->162": 0, "162->156": 0, "162->163": 0, "163->162": 0, "162->164": 0, "164->162": 0, "0->165": 0, "165->0": 0, "165->166": 0, "166->165": 0, "166->167": 0, "167->166": 0, "165->168": 0, "168->165": 0, "165->169": 0, "169->165": 0, "169->170": 0, "170->169": 0, "170->171": 0, "171->170": 0, "170->172": 0, "172->170": 0, "172->173": 0, "173->172": 0, "169->174": 0, "174->169": 0, "165->175": 0, "175->165": 0, "175->176": 0, "176->175": 0, "176->177": 0, "177->176": 0, "175->178": 0, "178->175": 0, "165->179": 0, "179->165": 0, "179->180": 0, "180->179": 0, "180->181": 0, "181->180": 0, "179->182": 0, "182->179": 0, "182->183": 0, "183->182": 0, "183->184": 0, "184->183": 0, "184->185": 0, "185->184": 0, "184->186": 0, "186->184": 0, "186->187": 0, "187->186": 0, "184->188": 0, "188->184": 0, "179->189": 0, "189->179": 0, "189->190": 0, "190->189": 0, "190->191": 0, "191->190": 0, "191->192": 0, "192->191": 0, "191->193": 0, "193->191": 0, "193->194": 0, "194->193": 0, "191->195": 0, "195->191": 0, "0->196": 0, "196->0": 0, "196->197": 0, "197->196": 0, "197->198": 0, "198->197": 0, "196->199": 0, "199->196": 0, "199->200": 0, "200->199": 0, "199->201": 0, "201->199": 0, "201->202": 0, "202->201": 0, "196->203": 0, "203->196": 0, "196->204": 0, "204->196": 0, "204->205": 0, "205->204": 0, "205->206": 0, "206->205": 0, "205->207": 0, "207->205": 0, "0->208": 0, "208->0": 0, "208->209": 0, "209->208": 0, "209->210": 0, "210->209": 0, "208->211": 0, "211->208": 0, "211->212": 0, "212->211": 0, "211->213": 0, "213->211": 0, "213->214": 0, "214->213": 0, "208->215": 0, "215->208": 0, "208->216": 0, "216->208": 0, "216->217": 0, "217->216": 0, "217->218": 0, "218->217": 0, "217->219": 0, "219->217": 0, "0->220": 0, "220->0": 0, "220->221": 0, "221->220": 0, "221->222": 0, "222->221": 0, "220->223": 0, "223->220": 0, "223->224": 0, "224->223": 0, "220->225": 0, "225->220": 0, "220->226": 0, "226->220": 0, "226->227": 0, "227->226": 0, "227->228": 0, "228->227": 0, "227->229": 0, "229->227": 0, "0->230": 0, "230->0": 0, "230->231": 0, "231->230": 0, "231->232": 0, "232->231": 0, "230->233": 0, "233->230": 0, "233->234": 0, "234->233": 0, "230->235": 0, "235->230": 0, "230->236": 0, "236->230": 0, "236->237": 0, "237->236": 0, "237->238": 0, "238->237": 0, "237->239": 0, "239->237": 0, "0->240": 0, "240->0": 0, "240->241": 0, "241->240": 0, "241->242": 0, "242->241": 0, "240->243": 0, "243->240": 0, "243->244": 0, "244->243": 0, "240->245": 0, "245->240": 0, "240->246": 0, "246->240": 0, "246->247": 0, "247->246": 0, "247->248": 0, "248->247": 0, "246->249": 0, "249->246": 0, "240->250": 0, "250->240": 0, "250->251": 0, "251->250": 0, "251->252": 0, "252->251": 0, "251->253": 0, "253->251": 0, "253->254": 0, "254->253": 0, "251->255": 0, "255->251": 0, "0->256": 0, "256->0": 0, "256->257": 0, "257->256": 0, "257->258": 0, "258->257": 0, "256->259": 0, "259->256": 0, "259->260": 0, "260->259": 0, "256->261": 0, "261->256": 0, "261->262": 0, "262->261": 0, "256->263": 0, "263->256": 0, "256->264": 0, "264->256": 0, "264->265": 0, "265->264": 0, "265->266": 0, "266->265": 0, "265->267": 0, "267->265": 0, "267->268": 0, "268->267": 0, "268->269": 0, "269->268": 0, "264->270": 0, "270->264": 0, "256->271": 0, "271->256": 0, "271->272": 0, "272->271": 0, "272->273": 0, "273->272": 0, "273->274": 0, "274->273": 0, "273->275": 0, "275->273": 0, "272->276": 0, "276->272": 0, "0->277": 0, "277->0": 0, "277->278": 0, "278->277": 0, "278->279": 0, "279->278": 0, "277->280": 0, "280->277": 0, "280->281": 0, "281->280": 0, "277->282": 0, "282->277": 0, "282->283": 0, "283->282": 0, "277->284": 0, "284->277": 0, "277->285": 0, "285->277": 0, "285->286": 0, "286->285": 0, "286->287": 0, "287->286": 0, "286->288": 0, "288->286": 0, "288->289": 0, "289->288": 0, "286->290": 0, "290->286": 0, "290->291": 0, "291->290": 0, "291->292": 0, "292->291": 0, "290->293": 0, "293->290": 0, "286->294": 0, "294->286": 0, "294->295": 0, "295->294": 0, "286->296": 0, "296->286": 0, "296->297": 0, "297->296": 0, "297->298": 0, "298->297": 0, "297->299": 0, "299->297": 0, "296->300": 0, "300->296": 0, "300->301": 0, "301->300": 0, "300->302": 0, "302->300": 0, "302->303": 0, "303->302": 0, "302->304": 0, "304->302": 0, "304->305": 0, "305->304": 0, "302->306": 0, "306->302": 0, "306->307": 0, "307->306": 0, "306->308": 0, "308->306": 0, "300->309": 0, "309->300": 0, "309->310": 0, "310->309": 0, "296->311": 0, "311->296": 0, "311->312": 0, "312->311": 0, "286->313": 0, "313->286": 0, "313->314": 0, "314->313": 0, "313->315": 0, "315->313": 0, "286->316": 0, "316->286": 0, "316->317": 0, "317->316": 0, "286->318": 0, "318->286": 0, "0->319": 0, "319->0": 0, "319->320": 0, "320->319": 0, "319->321": 0, "321->319": 0, "321->322": 0, "322->321": 0, "321->323": 0, "323->321": 0, "323->324": 0, "324->323": 0, "324->325": 0, "325->324": 0, "0->326": 0, "326->0": 0, "326->327": 0, "327->326": 0, "326->328": 0, "328->326": 0, "328->329": 0, "329->328": 0, "329->330": 0, "330->329": 0, "329->331": 0, "331->329": 0, "331->332": 0, "332->331": 0, "332->333": 0, "333->332": 0, "1->3": 1, "3->1": 12, "3->5": 1, "5->3": 12, "5->6": 1, "6->5": 12, "6->18": 1, "18->6": 12, "18->26": 1, "26->18": 12, "26->34": 1, "34->26": 12, "34->45": 1, "45->34": 12, "45->53": 1, "53->45": 12, "53->73": 1, "73->53": 12, "73->122": 1, "122->73": 12, "122->131": 1, "131->122": 12, "131->140": 1, "140->131": 12, "140->149": 1, "149->140": 12, "149->165": 1, "165->149": 12, "165->196": 1, "196->165": 12, "196->208": 1, "208->196": 12, "208->220": 1, "220->208": 12, "220->230": 1, "230->220": 12, "230->240": 1, "240->230": 12, "240->256": 1, "256->240": 12, "256->277": 1, "277->256": 12, "277->319": 1, "319->277": 12, "319->326": 1, "326->319": 12, "7->9": 1, "9->7": 12, "9->11": 1, "11->9": 12, "11->12": 1, "12->11": 12, "13->17": 1, "17->13": 12, "14->15": 1, "15->14": 12, "19->22": 1, "22->19": 12, "22->24": 1, "24->22": 12, "20->21": 2, "21->20": 3, "27->30": 1, "30->27": 12, "30->32": 1, "32->30": 12, "28->29": 2, "29->28": 3, "35->38": 1, "38->35": 12, "38->40": 1, "40->38": 12, "36->37": 2, "37->36": 3, "41->42": 1, "42->41": 12, "46->49": 1, "49->46": 12, "49->51": 1, "51->49": 12, "47->48": 2, "48->47": 3, "54->56": 1, "56->54": 12, "56->57": 1, "57->56": 12, "57->61": 1, "61->57": 12, "61->65": 1, "65->61": 12, "58->60": 1, "60->58": 12, "62->64": 1, "64->62": 12, "67->69": 1, "69->67": 12, "69->71": 1, "71->69": 12, "74->76": 1, "76->74": 12, "76->77": 1, "77->76": 12, "77->81": 1, "81->77": 12, "81->85": 1, "85->81": 12, "85->89": 1, "89->85": 12, "89->98": 1, "98->89": 12, "98->106": 1, "106->98": 12, "106->114": 1, "114->106": 12, "78->80": 1, "80->78": 12, "82->84": 1, "84->82": 12, "86->88": 1, "88->86": 12, "90->96": 1, "96->90": 12, "91->92": 1, "92->91": 12, "92->94": 1, "94->92": 12, "100->103": 1, "103->100": 12, "103->105": 1, "105->103": 12, "108->111": 1, "111->108": 12, "111->113": 1, "113->111": 12, "116->119": 1, "119->116": 12, "119->121": 1, "121->119": 12, "123->125": 1, "125->123": 12, "125->127": 1, "127->125": 12, "127->128": 1, "128->127": 12, "132->134": 1, "134->132": 12, "134->136": 1, "136->134": 12, "136->137": 1, "137->136": 12, "141->143": 1, "143->141": 12, "143->145": 1, "145->143": 12, "145->146": 1, "146->145": 12, "150->152": 1, "152->150": 12, "152->154": 1, "154->152": 12, "154->155": 1, "155->154": 12, "157->158": 1, "158->157": 12, "158->162": 1, "162->158": 12, "159->160": 2, "160->159": 3, "160->161": 2, "161->160": 3, "163->164": 2, "164->163": 3, "166->168": 1, "168->166": 12, "168->169": 1, "169->168": 12, "169->175": 1, "175->169": 12, "175->179": 1, "179->175": 12, "170->174": 1, "174->170": 12, "171->172": 1, "172->171": 12, "176->178": 1, "178->176": 12, "180->182": 6, "182->180": 6, "182->189": 1, "189->182": 12, "185->186": 1, "186->185": 12, "186->188": 1, "188->186": 12, "192->193": 1, "193->192": 12, "193->195": 1, "195->193": 12, "197->199": 1, "199->197": 12, "199->203": 1, "203->199": 12, "203->204": 1, "204->203": 12, "200->201": 1, "201->200": 12, "206->207": 2, "207->206": 3, "209->211": 1, "211->209": 12, "211->215": 1, "215->211": 12, "215->216": 1, "216->215": 12, "212->213": 1, "213->212": 12, "218->219": 2, "219->218": 3, "221->223": 1, "223->221": 12, "223->225": 1, "225->223": 12, "225->226": 1, "226->225": 12, "228->229": 2, "229->228": 3, "231->233": 1, "233->231": 12, "233->235": 1, "235->233": 12, "235->236": 1, "236->235": 12, "238->239": 2, "239->238": 3, "241->243": 1, "243->241": 12, "243->245": 1, "245->243": 12, "245->246": 1, "246->245": 12, "246->250": 1, "250->246": 12, "247->249": 1, "249->247": 12, "252->253": 1, "253->252": 12, "253->255": 1, "255->253": 12, "257->259": 1, "259->257": 12, "259->261": 1, "261->259": 12, "261->263": 1, "263->261": 12, "263->264": 1, "264->263": 12, "264->271": 1, "271->264": 12, "265->270": 1, "270->265": 12, "266->267": 1, "267->266": 12, "273->276": 1, "276->273": 12, "274->275": 2, "275->274": 3, "278->280": 1, "280->278": 12, "280->282": 1, "282->280": 12, "282->284": 1, "284->282": 12, "284->285": 1, "285->284": 12, "287->288": 1, "288->287": 12, "288->290": 1, "290->288": 12, "290->294": 1, "294->290": 12, "294->296": 1, "296->294": 12, "296->313": 1, "313->296": 12, "313->316": 1, "316->313": 12, "316->318": 1, "318->316": 12, "291->293": 1, "293->291": 12, "297->300": 1, "300->297": 12, "300->311": 1, "311->300": 12, "298->299": 2, "299->298": 3, "301->302": 1, "302->301": 12, "302->309": 1, "309->302": 12, "303->304": 1, "304->303": 12, "304->306": 1, "306->304": 12, "307->308": 2, "308->307": 3, "314->315": 2, "315->314": 3, "320->321": 1, "321->320": 12, "322->323": 1, "323->322": 12, "327->328": 1, "328->327": 12, "330->331": 1, "331->330": 12, "180->189": 7, "189->180": 7, "2->4": 2, "4->2": 3, "4->5": 2, "5->4": 3, "5->8": 2, "8->5": 3, "8->10": 2, "10->8": 3, "10->11": 2, "11->10": 3, "11->14": 2, "14->11": 3, "14->16": 2, "16->14": 3, "16->17": 2, "17->16": 3, "17->20": 2, "20->17": 3, "21->23": 2, "23->21": 3, "23->25": 2, "25->23": 3, "25->28": 2, "28->25": 3, "29->31": 2, "31->29": 3, "31->33": 2, "33->31": 3, "33->36": 2, "36->33": 3, "37->39": 2, "39->37": 3, "39->41": 2, "41->39": 3, "41->44": 2, "44->41": 3, "44->47": 2, "47->44": 3, "48->50": 2, "50->48": 3, "50->52": 2, "52->50": 3, "52->55": 2, "55->52": 3, "55->56": 2, "56->55": 3, "56->59": 2, "59->56": 3, "59->60": 2, "60->59": 3, "60->63": 2, "63->60": 3, "63->64": 2, "64->63": 3, "64->68": 2, "68->64": 3, "68->70": 2, "70->68": 3, "70->72": 2, "72->70": 3, "72->75": 2, "75->72": 3, "75->76": 2, "76->75": 3, "76->79": 2, "79->76": 3, "79->80": 2, "80->79": 3, "80->83": 2, "83->80": 3, "83->84": 2, "84->83": 3, "84->87": 2, "87->84": 3, "87->88": 2, "88->87": 3, "88->91": 2, "91->88": 3, "91->93": 2, "93->91": 3, "93->95": 2, "95->93": 3, "95->97": 2, "97->95": 3, "97->102": 2, "102->97": 3, "102->104": 4, "104->102": 5, "104->105": 2, "105->104": 3, "105->110": 2, "110->105": 3, "110->112": 4, "112->110": 5, "112->113": 2, "113->112": 3, "113->118": 2, "118->113": 3, "118->120": 4, "120->118": 5, "120->121": 2, "121->120": 3, "121->124": 2, "124->121": 3, "124->126": 2, "126->124": 3, "126->127": 2, "127->126": 3, "127->130": 2, "130->127": 3, "130->133": 2, "133->130": 3, "133->135": 2, "135->133": 3, "135->136": 2, "136->135": 3, "136->139": 2, "139->136": 3, "139->142": 2, "142->139": 3, "142->144": 2, "144->142": 3, "144->145": 2, "145->144": 3, "145->148": 2, "148->145": 3, "148->151": 2, "151->148": 3, "151->153": 2, "153->151": 3, "153->154": 2, "154->153": 3, "154->157": 2, "157->154": 3, "157->159": 2, "159->157": 3, "161->163": 2, "163->161": 3, "164->167": 2, "167->164": 3, "167->168": 2, "168->167": 3, "168->171": 2, "171->168": 3, "171->173": 2, "173->171": 3, "173->174": 2, "174->173": 3, "174->177": 2, "177->174": 3, "177->178": 2, "178->177": 3, "178->181": 2, "181->178": 3, "181->185": 2, "185->181": 3, "185->187": 2, "187->185": 3, "187->188": 2, "188->187": 3, "188->192": 2, "192->188": 3, "192->194": 2, "194->192": 3, "194->195": 2, "195->194": 3, "195->198": 2, "198->195": 3, "198->200": 2, "200->198": 3, "200->202": 2, "202->200": 3, "202->203": 2, "203->202": 3, "203->206": 2, "206->203": 3, "207->210": 2, "210->207": 3, "210->212": 2, "212->210": 3, "212->214": 2, "214->212": 3, "214->215": 2, "215->214": 3, "215->218": 2, "218->215": 3, "219->222": 2, "222->219": 3, "222->224": 2, "224->222": 3, "224->225": 2, "225->224": 3, "225->228": 2, "228->225": 3, "229->232": 2, "232->229": 3, "232->234": 2, "234->232": 3, "234->235": 2, "235->234": 3, "235->238": 2, "238->235": 3, "239->242": 2, "242->239": 3, "242->244": 2, "244->242": 3, "244->245": 2, "245->244": 3, "245->248": 2, "248->245": 3, "248->249": 2, "249->248": 3, "249->252": 2, "252->249": 3, "252->254": 2, "254->252": 3, "254->255": 2, "255->254": 3, "255->258": 2, "258->255": 3, "258->260": 2, "260->258": 3, "260->262": 2, "262->260": 3, "262->263": 2, "263->262": 3, "263->266": 2, "266->263": 3, "266->269": 2, "269->266": 3, "269->270": 2, "270->269": 3, "270->274": 2, "274->270": 3, "275->276": 2, "276->275": 3, "276->279": 2, "279->276": 3, "279->281": 2, "281->279": 3, "281->283": 2, "283->281": 3, "283->284": 2, "284->283": 3, "284->287": 2, "287->284": 3, "287->289": 2, "289->287": 3, "289->292": 2, "292->289": 3, "292->293": 2, "293->292": 3, "293->295": 2, "295->293": 3, "295->298": 2, "298->295": 3, "299->301": 2, "301->299": 3, "301->303": 2, "303->301": 3, "303->305": 2, "305->303": 3, "305->307": 2, "307->305": 3, "308->310": 2, "310->308": 3, "310->312": 2, "312->310": 3, "312->314": 2, "314->312": 3, "315->317": 2, "317->315": 3, "317->318": 2, "318->317": 3, "318->320": 2, "320->318": 3, "320->322": 2, "322->320": 3, "322->325": 2, "325->322": 3, "325->327": 2, "327->325": 3, "327->330": 2, "330->327": 3, "330->333": 2, "333->330": 3, "68->102": 4, "102->68": 5, "104->130": 4, "130->104": 5, "130->275": 4, "275->130": 5, "275->295": 4, "295->275": 5, "72->118": 4, "118->72": 5, "120->148": 4, "148->120": 5, "93->110": 4, "110->93": 5, "112->139": 4, "139->112": 5, "187->194": 4, "194->187": 5}, "metrics": [4.0, 0.0, 15.0, 10.0, 60.0, 16.0, 2.0, 0.0, 0.13333333333333333, 3.0, 4.0]}