{"nodelist": ["ClassDeclaration", "{'private'}", "private", "BlockBucket", "FieldDeclaration", "{'private'}", "private", "ReferenceType", "CachedBlockQueue", "VariableDeclarator", "queue", "FieldDeclaration", "{'private'}", "private", "BasicType", "long", "VariableDeclarator", "totalSize", "Literal", "0", "FieldDeclaration", "{'private'}", "private", "BasicType", "long", "VariableDeclarator", "bucketSize", "ConstructorDeclaration", "{'public'}", "public", "BlockBucket", "FormalParameter", "BasicType", "long", "bytesToFree", "FormalParameter", "BasicType", "long", "blockSize", "FormalParameter", "BasicType", "long", "bucketSize", "StatementExpression", "Assignment", "This", "MemberReference", "bucketSize", "MemberReference", "bucketSize", "=", "StatementExpression", "Assignment", "MemberReference", "queue", "ClassCreator", "ReferenceType", "CachedBlockQueue", "MemberReference", "bytesToFree", "MemberReference", "blockSize", "=", "StatementExpression", "Assignment", "MemberReference", "totalSize", "Literal", "0", "=", "MethodDeclaration", "{'public'}", "public", "add", "FormalParameter", "ReferenceType", "CachedBlock", "block", "StatementExpression", "Assignment", "MemberReference", "totalSize", "MethodInvocation", "block", "heapSize", "+=", "StatementExpression", "MethodInvocation", "queue", "MemberReference", "block", "add", "MethodDeclaration", "{'public'}", "public", "BasicType", "long", "free", "FormalParameter", "BasicType", "long", "toFree", "LocalVariableDeclaration", "ReferenceType", "LinkedList", "TypeArgument", "ReferenceType", "CachedBlock", "VariableDeclarator", "blocks", "MethodInvocation", "queue", "get", "LocalVariableDeclaration", "BasicType", "long", "VariableDeclarator", "freedBytes", "Literal", "0", "ForStatement", "EnhancedForControl", "VariableDeclaration", "ReferenceType", "CachedBlock", "VariableDeclarator", "cb", "MemberReference", "blocks", "BlockStatement", "StatementExpression", "Assignment", "MemberReference", "freedBytes", "MethodInvocation", "MemberReference", "cb", "evictBlock", "+=", "IfStatement", "BinaryOperation", ">=", "MemberReference", "freedBytes", "MemberReference", "toFree", "BlockStatement", "ReturnStatement", "MemberReference", "freedBytes", "ReturnStatement", "MemberReference", "freedBytes", "MethodDeclaration", "{'public'}", "public", "BasicType", "long", "overflow", "ReturnStatement", "BinaryOperation", "-", "MemberReference", "totalSize", "MemberReference", "bucketSize", "MethodDeclaration", "{'public'}", "public", "BasicType", "long", "totalSize", "ReturnStatement", "MemberReference", "totalSize", "MethodDeclaration", "{'public'}", "public", "BasicType", "int", "compareTo", "FormalParameter", "ReferenceType", "BlockBucket", "that", "IfStatement", "BinaryOperation", "==", "This", "MethodInvocation", "overflow", "MethodInvocation", "that", "overflow", "ReturnStatement", "Literal", "0", "ReturnStatement", "TernaryExpression", "BinaryOperation", ">", "This", "MethodInvocation", "overflow", "MethodInvocation", "that", "overflow", "Literal", "1", "Literal", "-", "1", "ReferenceType", "Comparable", "TypeArgument", "ReferenceType", "BlockBucket"], "nodes": {"0": "ClassDeclaration", "1": "Modifier", "2": "private", "3": "BlockBucket", "4": "FieldDeclaration", "5": "Modifier", "6": "private", "7": "ReferenceType", "8": "CachedBlockQueue", "9": "VariableDeclarator", "10": "queue", "11": "FieldDeclaration", "12": "Modifier", "13": "private", "14": "BasicType", "15": "long", "16": "VariableDeclarator", "17": "totalSize", "18": "Literal", "19": "0", "20": "FieldDeclaration", "21": "Modifier", "22": "private", "23": "BasicType", "24": "long", "25": "VariableDeclarator", "26": "bucketSize", "27": "ConstructorDeclaration", "28": "Modifier", "29": "public", "30": "BlockBucket", "31": "FormalParameter", "32": "BasicType", "33": "long", "34": "bytesToFree", "35": "FormalParameter", "36": "BasicType", "37": "long", "38": "blockSize", "39": "FormalParameter", "40": "BasicType", "41": "long", "42": "bucketSize", "43": "StatementExpression", "44": "Assignment", "45": "This", "46": "MemberReference", "47": "bucketSize", "48": "MemberReference", "49": "bucketSize", "50": "=", "51": "StatementExpression", "52": "Assignment", "53": "MemberReference", "54": "queue", "55": "ClassCreator", "56": "ReferenceType", "57": "CachedBlockQueue", "58": "MemberReference", "59": "bytesToFree", "60": "MemberReference", "61": "blockSize", "62": "=", "63": "StatementExpression", "64": "Assignment", "65": "MemberReference", "66": "totalSize", "67": "Literal", "68": "0", "69": "=", "70": "MethodDeclaration", "71": "Modifier", "72": "public", "73": "add", "74": "FormalParameter", "75": "ReferenceType", "76": "CachedBlock", "77": "block", "78": "StatementExpression", "79": "Assignment", "80": "MemberReference", "81": "totalSize", "82": "MethodInvocation", "83": "block", "84": "heapSize", "85": "+=", "86": "StatementExpression", "87": "MethodInvocation", "88": "queue", "89": "MemberReference", "90": "block", "91": "add", "92": "MethodDeclaration", "93": "Modifier", "94": "public", "95": "BasicType", "96": "long", "97": "free", "98": "FormalParameter", "99": "BasicType", "100": "long", "101": "toFree", "102": "LocalVariableDeclaration", "103": "ReferenceType", "104": "LinkedList", "105": "TypeArgument", "106": "ReferenceType", "107": "CachedBlock", "108": "VariableDeclarator", "109": "blocks", "110": "MethodInvocation", "111": "queue", "112": "get", "113": "LocalVariableDeclaration", "114": "BasicType", "115": "long", "116": "VariableDeclarator", "117": "freedBytes", "118": "Literal", "119": "0", "120": "ForStatement", "121": "EnhancedForControl", "122": "VariableDeclaration", "123": "ReferenceType", "124": "CachedBlock", "125": "VariableDeclarator", "126": "cb", "127": "MemberReference", "128": "blocks", "129": "BlockStatement", "130": "StatementExpression", "131": "Assignment", "132": "MemberReference", "133": "freedBytes", "134": "MethodInvocation", "135": "MemberReference", "136": "cb", "137": "evictBlock", "138": "+=", "139": "IfStatement", "140": "BinaryOperation", "141": ">=", "142": "MemberReference", "143": "freedBytes", "144": "MemberReference", "145": "toFree", "146": "BlockStatement", "147": "ReturnStatement", "148": "MemberReference", "149": "freedBytes", "150": "ReturnStatement", "151": "MemberReference", "152": "freedBytes", "153": "MethodDeclaration", "154": "Modifier", "155": "public", "156": "BasicType", "157": "long", "158": "overflow", "159": "ReturnStatement", "160": "BinaryOperation", "161": "-", "162": "MemberReference", "163": "totalSize", "164": "MemberReference", "165": "bucketSize", "166": "MethodDeclaration", "167": "Modifier", "168": "public", "169": "BasicType", "170": "long", "171": "totalSize", "172": "ReturnStatement", "173": "MemberReference", "174": "totalSize", "175": "MethodDeclaration", "176": "Modifier", "177": "public", "178": "BasicType", "179": "int", "180": "compareTo", "181": "FormalParameter", "182": "ReferenceType", "183": "BlockBucket", "184": "that", "185": "IfStatement", "186": "BinaryOperation", "187": "==", "188": "This", "189": "MethodInvocation", "190": "overflow", "191": "MethodInvocation", "192": "that", "193": "overflow", "194": "ReturnStatement", "195": "Literal", "196": "0", "197": "ReturnStatement", "198": "TernaryExpression", "199": "BinaryOperation", "200": ">", "201": "This", "202": "MethodInvocation", "203": "overflow", "204": "MethodInvocation", "205": "that", "206": "overflow", "207": "Literal", "208": "1", "209": "Literal", "210": "-", "211": "1", "212": "ReferenceType", "213": "Comparable", "214": "TypeArgument", "215": "ReferenceType", "216": "BlockBucket"}, "edges": {"0->1": 0, "1->0": 0, "1->2": 0, "2->1": 0, "0->3": 0, "3->0": 0, "0->4": 0, "4->0": 0, "4->5": 0, "5->4": 0, "5->6": 0, "6->5": 0, "4->7": 0, "7->4": 0, "7->8": 0, "8->7": 0, "4->9": 0, "9->4": 0, "9->10": 0, "10->9": 0, "0->11": 0, "11->0": 0, "11->12": 0, "12->11": 0, "12->13": 0, "13->12": 0, "11->14": 0, "14->11": 0, "14->15": 0, "15->14": 0, "11->16": 0, "16->11": 0, "16->17": 0, "17->16": 0, "16->18": 0, "18->16": 0, "18->19": 0, "19->18": 0, "0->20": 0, "20->0": 0, "20->21": 0, "21->20": 0, "21->22": 0, "22->21": 0, "20->23": 0, "23->20": 0, "23->24": 0, "24->23": 0, "20->25": 0, "25->20": 0, "25->26": 0, "26->25": 0, "0->27": 0, "27->0": 0, "27->28": 0, "28->27": 0, "28->29": 0, "29->28": 0, "27->30": 0, "30->27": 0, "27->31": 0, "31->27": 0, "31->32": 0, "32->31": 0, "32->33": 0, "33->32": 0, "31->34": 0, "34->31": 0, "27->35": 0, "35->27": 0, "35->36": 0, "36->35": 0, "36->37": 0, "37->36": 0, "35->38": 0, "38->35": 0, "27->39": 0, "39->27": 0, "39->40": 0, "40->39": 0, "40->41": 0, "41->40": 0, "39->42": 0, "42->39": 0, "27->43": 0, "43->27": 0, "43->44": 0, "44->43": 0, "44->45": 0, "45->44": 0, "45->46": 0, "46->45": 0, "46->47": 0, "47->46": 0, "44->48": 0, "48->44": 0, "48->49": 0, "49->48": 0, "44->50": 0, "50->44": 0, "27->51": 0, "51->27": 0, "51->52": 0, "52->51": 0, "52->53": 0, "53->52": 0, "53->54": 0, "54->53": 0, "52->55": 0, "55->52": 0, "55->56": 0, "56->55": 0, "56->57": 0, "57->56": 0, "55->58": 0, "58->55": 0, "58->59": 0, "59->58": 0, "55->60": 0, "60->55": 0, "60->61": 0, "61->60": 0, "52->62": 0, "62->52": 0, "27->63": 0, "63->27": 0, "63->64": 0, "64->63": 0, "64->65": 0, "65->64": 0, "65->66": 0, "66->65": 0, "64->67": 0, "67->64": 0, "67->68": 0, "68->67": 0, "64->69": 0, "69->64": 0, "0->70": 0, "70->0": 0, "70->71": 0, "71->70": 0, "71->72": 0, "72->71": 0, "70->73": 0, "73->70": 0, "70->74": 0, "74->70": 0, "74->75": 0, "75->74": 0, "75->76": 0, "76->75": 0, "74->77": 0, "77->74": 0, "70->78": 0, "78->70": 0, "78->79": 0, "79->78": 0, "79->80": 0, "80->79": 0, "80->81": 0, "81->80": 0, "79->82": 0, "82->79": 0, "82->83": 0, "83->82": 0, "82->84": 0, "84->82": 0, "79->85": 0, "85->79": 0, "70->86": 0, "86->70": 0, "86->87": 0, "87->86": 0, "87->88": 0, "88->87": 0, "87->89": 0, "89->87": 0, "89->90": 0, "90->89": 0, "87->91": 0, "91->87": 0, "0->92": 0, "92->0": 0, "92->93": 0, "93->92": 0, "93->94": 0, "94->93": 0, "92->95": 0, "95->92": 0, "95->96": 0, "96->95": 0, "92->97": 0, "97->92": 0, "92->98": 0, "98->92": 0, "98->99": 0, "99->98": 0, "99->100": 0, "100->99": 0, "98->101": 0, "101->98": 0, "92->102": 0, "102->92": 0, "102->103": 0, "103->102": 0, "103->104": 0, "104->103": 0, "103->105": 0, "105->103": 0, "105->106": 0, "106->105": 0, "106->107": 0, "107->106": 0, "102->108": 0, "108->102": 0, "108->109": 0, "109->108": 0, "108->110": 0, "110->108": 0, "110->111": 0, "111->110": 0, "110->112": 0, "112->110": 0, "92->113": 0, "113->92": 0, "113->114": 0, "114->113": 0, "114->115": 0, "115->114": 0, "113->116": 0, "116->113": 0, "116->117": 0, "117->116": 0, "116->118": 0, "118->116": 0, "118->119": 0, "119->118": 0, "92->120": 0, "120->92": 0, "120->121": 0, "121->120": 0, "121->122": 0, "122->121": 0, "122->123": 0, "123->122": 0, "123->124": 0, "124->123": 0, "122->125": 0, "125->122": 0, "125->126": 0, "126->125": 0, "121->127": 0, "127->121": 0, "127->128": 0, "128->127": 0, "120->129": 0, "129->120": 0, "129->130": 0, "130->129": 0, "130->131": 0, "131->130": 0, "131->132": 0, "132->131": 0, "132->133": 0, "133->132": 0, "131->134": 0, "134->131": 0, "134->135": 0, "135->134": 0, "135->136": 0, "136->135": 0, "134->137": 0, "137->134": 0, "131->138": 0, "138->131": 0, "129->139": 0, "139->129": 0, "139->140": 0, "140->139": 0, "140->141": 0, "141->140": 0, "140->142": 0, "142->140": 0, "142->143": 0, "143->142": 0, "140->144": 0, "144->140": 0, "144->145": 0, "145->144": 0, "139->146": 0, "146->139": 0, "146->147": 0, "147->146": 0, "147->148": 0, "148->147": 0, "148->149": 0, "149->148": 0, "92->150": 0, "150->92": 0, "150->151": 0, "151->150": 0, "151->152": 0, "152->151": 0, "0->153": 0, "153->0": 0, "153->154": 0, "154->153": 0, "154->155": 0, "155->154": 0, "153->156": 0, "156->153": 0, "156->157": 0, "157->156": 0, "153->158": 0, "158->153": 0, "153->159": 0, "159->153": 0, "159->160": 0, "160->159": 0, "160->161": 0, "161->160": 0, "160->162": 0, "162->160": 0, "162->163": 0, "163->162": 0, "160->164": 0, "164->160": 0, "164->165": 0, "165->164": 0, "0->166": 0, "166->0": 0, "166->167": 0, "167->166": 0, "167->168": 0, "168->167": 0, "166->169": 0, "169->166": 0, "169->170": 0, "170->169": 0, "166->171": 0, "171->166": 0, "166->172": 0, "172->166": 0, "172->173": 0, "173->172": 0, "173->174": 0, "174->173": 0, "0->175": 0, "175->0": 0, "175->176": 0, "176->175": 0, "176->177": 0, "177->176": 0, "175->178": 0, "178->175": 0, "178->179": 0, "179->178": 0, "175->180": 0, "180->175": 0, "175->181": 0, "181->175": 0, "181->182": 0, "182->181": 0, "182->183": 0, "183->182": 0, "181->184": 0, "184->181": 0, "175->185": 0, "185->175": 0, "185->186": 0, "186->185": 0, "186->187": 0, "187->186": 0, "186->188": 0, "188->186": 0, "188->189": 0, "189->188": 0, "189->190": 0, "190->189": 0, "186->191": 0, "191->186": 0, "191->192": 0, "192->191": 0, "191->193": 0, "193->191": 0, "185->194": 0, "194->185": 0, "194->195": 0, "195->194": 0, "195->196": 0, "196->195": 0, "175->197": 0, "197->175": 0, "197->198": 0, "198->197": 0, "198->199": 0, "199->198": 0, "199->200": 0, "200->199": 0, "199->201": 0, "201->199": 0, "201->202": 0, "202->201": 0, "202->203": 0, "203->202": 0, "199->204": 0, "204->199": 0, "204->205": 0, "205->204": 0, "204->206": 0, "206->204": 0, "198->207": 0, "207->198": 0, "207->208": 0, "208->207": 0, "198->209": 0, "209->198": 0, "209->210": 0, "210->209": 0, "209->211": 0, "211->209": 0, "0->212": 0, "212->0": 0, "212->213": 0, "213->212": 0, "212->214": 0, "214->212": 0, "214->215": 0, "215->214": 0, "215->216": 0, "216->215": 0, "1->3": 1, "3->1": 12, "3->4": 1, "4->3": 12, "4->11": 1, "11->4": 12, "11->20": 1, "20->11": 12, "20->27": 1, "27->20": 12, "27->70": 1, "70->27": 12, "70->92": 1, "92->70": 12, "92->153": 1, "153->92": 12, "153->166": 1, "166->153": 12, "166->175": 1, "175->166": 12, "175->212": 1, "212->175": 12, "5->7": 1, "7->5": 12, "7->9": 1, "9->7": 12, "12->14": 1, "14->12": 12, "14->16": 1, "16->14": 12, "17->18": 1, "18->17": 12, "21->23": 1, "23->21": 12, "23->25": 1, "25->23": 12, "28->30": 1, "30->28": 12, "30->31": 1, "31->30": 12, "31->35": 1, "35->31": 12, "35->39": 1, "39->35": 12, "39->43": 1, "43->39": 12, "43->51": 1, "51->43": 12, "51->63": 1, "63->51": 12, "32->34": 1, "34->32": 12, "36->38": 1, "38->36": 12, "40->42": 1, "42->40": 12, "45->48": 1, "48->45": 12, "48->50": 1, "50->48": 12, "53->55": 1, "55->53": 12, "55->62": 1, "62->55": 12, "56->58": 1, "58->56": 12, "58->60": 1, "60->58": 12, "65->67": 1, "67->65": 12, "67->69": 1, "69->67": 12, "71->73": 1, "73->71": 12, "73->74": 1, "74->73": 12, "74->78": 1, "78->74": 12, "78->86": 1, "86->78": 12, "75->77": 1, "77->75": 12, "80->82": 1, "82->80": 12, "82->85": 1, "85->82": 12, "83->84": 2, "84->83": 3, "88->89": 1, "89->88": 12, "89->91": 1, "91->89": 12, "93->95": 1, "95->93": 12, "95->97": 1, "97->95": 12, "97->98": 1, "98->97": 12, "98->102": 1, "102->98": 12, "102->113": 1, "113->102": 12, "113->120": 1, "120->113": 12, "120->150": 1, "150->120": 12, "99->101": 1, "101->99": 12, "103->108": 1, "108->103": 12, "104->105": 1, "105->104": 12, "109->110": 1, "110->109": 12, "111->112": 2, "112->111": 3, "114->116": 1, "116->114": 12, "117->118": 1, "118->117": 12, "121->129": 9, "129->121": 9, "122->127": 1, "127->122": 12, "123->125": 1, "125->123": 12, "130->139": 10, "139->130": 11, "132->134": 1, "134->132": 12, "134->138": 1, "138->134": 12, "135->137": 1, "137->135": 12, "140->146": 6, "146->140": 6, "141->142": 1, "142->141": 12, "142->144": 1, "144->142": 12, "154->156": 1, "156->154": 12, "156->158": 1, "158->156": 12, "158->159": 1, "159->158": 12, "161->162": 1, "162->161": 12, "162->164": 1, "164->162": 12, "167->169": 1, "169->167": 12, "169->171": 1, "171->169": 12, "171->172": 1, "172->171": 12, "176->178": 1, "178->176": 12, "178->180": 1, "180->178": 12, "180->181": 1, "181->180": 12, "181->185": 1, "185->181": 12, "185->197": 1, "197->185": 12, "182->184": 1, "184->182": 12, "186->194": 6, "194->186": 6, "187->188": 1, "188->187": 12, "188->191": 1, "191->188": 12, "192->193": 2, "193->192": 3, "199->207": 1, "207->199": 12, "207->209": 1, "209->207": 12, "200->201": 1, "201->200": 12, "201->204": 1, "204->201": 12, "205->206": 2, "206->205": 3, "210->211": 2, "211->210": 3, "213->214": 1, "214->213": 12, "2->3": 2, "3->2": 3, "3->6": 2, "6->3": 3, "6->8": 2, "8->6": 3, "8->10": 2, "10->8": 3, "10->13": 2, "13->10": 3, "13->15": 2, "15->13": 3, "15->17": 2, "17->15": 3, "17->19": 2, "19->17": 3, "19->22": 2, "22->19": 3, "22->24": 2, "24->22": 3, "24->26": 2, "26->24": 3, "26->29": 2, "29->26": 3, "29->30": 2, "30->29": 3, "30->33": 2, "33->30": 3, "33->34": 2, "34->33": 3, "34->37": 2, "37->34": 3, "37->38": 2, "38->37": 3, "38->41": 2, "41->38": 3, "41->42": 2, "42->41": 3, "42->47": 2, "47->42": 3, "47->49": 4, "49->47": 5, "49->50": 2, "50->49": 3, "50->54": 2, "54->50": 3, "54->57": 2, "57->54": 3, "57->59": 2, "59->57": 3, "59->61": 2, "61->59": 3, "61->62": 2, "62->61": 3, "62->66": 2, "66->62": 3, "66->68": 2, "68->66": 3, "68->69": 2, "69->68": 3, "69->72": 2, "72->69": 3, "72->73": 2, "73->72": 3, "73->76": 2, "76->73": 3, "76->77": 2, "77->76": 3, "77->81": 2, "81->77": 3, "81->83": 2, "83->81": 3, "84->85": 2, "85->84": 3, "85->88": 2, "88->85": 3, "88->90": 2, "90->88": 3, "90->91": 2, "91->90": 3, "91->94": 2, "94->91": 3, "94->96": 2, "96->94": 3, "96->97": 2, "97->96": 3, "97->100": 2, "100->97": 3, "100->101": 2, "101->100": 3, "101->104": 2, "104->101": 3, "104->107": 2, "107->104": 3, "107->109": 2, "109->107": 3, "109->111": 2, "111->109": 3, "112->115": 2, "115->112": 3, "115->117": 2, "117->115": 3, "117->119": 2, "119->117": 3, "119->124": 2, "124->119": 3, "124->126": 2, "126->124": 3, "126->128": 2, "128->126": 3, "128->133": 2, "133->128": 3, "133->136": 2, "136->133": 3, "136->137": 2, "137->136": 3, "137->138": 2, "138->137": 3, "138->141": 2, "141->138": 3, "141->143": 2, "143->141": 3, "143->145": 2, "145->143": 3, "145->149": 2, "149->145": 3, "149->152": 4, "152->149": 5, "152->155": 2, "155->152": 3, "155->157": 2, "157->155": 3, "157->158": 2, "158->157": 3, "158->161": 2, "161->158": 3, "161->163": 2, "163->161": 3, "163->165": 2, "165->163": 3, "165->168": 2, "168->165": 3, "168->170": 2, "170->168": 3, "170->171": 2, "171->170": 3, "171->174": 2, "174->171": 3, "174->177": 2, "177->174": 3, "177->179": 2, "179->177": 3, "179->180": 2, "180->179": 3, "180->183": 2, "183->180": 3, "183->184": 2, "184->183": 3, "184->187": 2, "187->184": 3, "187->190": 2, "190->187": 3, "190->192": 2, "192->190": 3, "193->196": 2, "196->193": 3, "196->200": 2, "200->196": 3, "200->203": 2, "203->200": 3, "203->205": 2, "205->203": 3, "206->208": 2, "208->206": 3, "208->210": 2, "210->208": 3, "211->213": 2, "213->211": 3, "213->216": 2, "216->213": 3, "49->165": 4, "165->49": 5, "66->81": 4, "81->66": 5, "81->163": 4, "163->81": 5, "163->174": 4, "174->163": 5, "133->143": 4, "143->133": 5, "143->149": 4, "149->143": 5}, "metrics": [3.0, 0.0, 6.0, 6.0, 38.0, 9.0, 0.0, 0.0, 0.3333333333333333, 0.0, 3.0]}