{"nodelist": ["ClassDeclaration", "{'public', 'abstract'}", "public", "abstract", "Annotation", "InterfaceAudience.Private", "Annotation", "InterfaceStability.Evolving", "JobUtil", "FieldDeclaration", "{'final', 'private', 'static'}", "final", "private", "static", "ReferenceType", "Log", "VariableDeclarator", "LOG", "MethodInvocation", "LogFactory", "ClassReference", "ReferenceType", "JobUtil", "getLog", "ConstructorDeclaration", "{'protected'}", "protected", "JobUtil", "StatementExpression", "SuperConstructorInvocation", "MethodDeclaration", "{'public', 'static'}", "public", "static", "ReferenceType", "Path", "getStagingDir", "FormalParameter", "ReferenceType", "Configuration", "conf", "IOException", "InterruptedException", "LocalVariableDeclaration", "ReferenceType", "JobClient", "VariableDeclarator", "jobClient", "ClassCreator", "ReferenceType", "JobClient", "ClassCreator", "ReferenceType", "JobConf", "MemberReference", "conf", "ReturnStatement", "MethodInvocation", "JobSubmissionFiles", "MemberReference", "jobClient", "MemberReference", "conf", "getStagingDir"], "nodes": {"0": "ClassDeclaration", "1": "Modifier", "2": "public", "3": "abstract", "4": "Annotation", "5": "InterfaceAudience.Private", "6": "Annotation", "7": "InterfaceStability.Evolving", "8": "JobUtil", "9": "FieldDeclaration", "10": "Modifier", "11": "final", "12": "private", "13": "static", "14": "ReferenceType", "15": "Log", "16": "VariableDeclarator", "17": "LOG", "18": "MethodInvocation", "19": "LogFactory", "20": "ClassReference", "21": "ReferenceType", "22": "JobUtil", "23": "getLog", "24": "ConstructorDeclaration", "25": "Modifier", "26": "protected", "27": "JobUtil", "28": "StatementExpression", "29": "SuperConstructorInvocation", "30": "MethodDeclaration", "31": "Modifier", "32": "public", "33": "static", "34": "ReferenceType", "35": "Path", "36": "getStagingDir", "37": "FormalParameter", "38": "ReferenceType", "39": "Configuration", "40": "conf", "41": "IOException", "42": "InterruptedException", "43": "LocalVariableDeclaration", "44": "ReferenceType", "45": "JobClient", "46": "VariableDeclarator", "47": "jobClient", "48": "ClassCreator", "49": "ReferenceType", "50": "JobClient", "51": "ClassCreator", "52": "ReferenceType", "53": "JobConf", "54": "MemberReference", "55": "conf", "56": "ReturnStatement", "57": "MethodInvocation", "58": "JobSubmissionFiles", "59": "MemberReference", "60": "jobClient", "61": "MemberReference", "62": "conf", "63": "getStagingDir"}, "edges": {"0->1": 0, "1->0": 0, "1->2": 0, "2->1": 0, "1->3": 0, "3->1": 0, "0->4": 0, "4->0": 0, "4->5": 0, "5->4": 0, "0->6": 0, "6->0": 0, "6->7": 0, "7->6": 0, "0->8": 0, "8->0": 0, "0->9": 0, "9->0": 0, "9->10": 0, "10->9": 0, "10->11": 0, "11->10": 0, "10->12": 0, "12->10": 0, "10->13": 0, "13->10": 0, "9->14": 0, "14->9": 0, "14->15": 0, "15->14": 0, "9->16": 0, "16->9": 0, "16->17": 0, "17->16": 0, "16->18": 0, "18->16": 0, "18->19": 0, "19->18": 0, "18->20": 0, "20->18": 0, "20->21": 0, "21->20": 0, "21->22": 0, "22->21": 0, "18->23": 0, "23->18": 0, "0->24": 0, "24->0": 0, "24->25": 0, "25->24": 0, "25->26": 0, "26->25": 0, "24->27": 0, "27->24": 0, "24->28": 0, "28->24": 0, "28->29": 0, "29->28": 0, "0->30": 0, "30->0": 0, "30->31": 0, "31->30": 0, "31->32": 0, "32->31": 0, "31->33": 0, "33->31": 0, "30->34": 0, "34->30": 0, "34->35": 0, "35->34": 0, "30->36": 0, "36->30": 0, "30->37": 0, "37->30": 0, "37->38": 0, "38->37": 0, "38->39": 0, "39->38": 0, "37->40": 0, "40->37": 0, "30->41": 0, "41->30": 0, "30->42": 0, "42->30": 0, "30->43": 0, "43->30": 0, "43->44": 0, "44->43": 0, "44->45": 0, "45->44": 0, "43->46": 0, "46->43": 0, "46->47": 0, "47->46": 0, "46->48": 0, "48->46": 0, "48->49": 0, "49->48": 0, "49->50": 0, "50->49": 0, "48->51": 0, "51->48": 0, "51->52": 0, "52->51": 0, "52->53": 0, "53->52": 0, "51->54": 0, "54->51": 0, "54->55": 0, "55->54": 0, "30->56": 0, "56->30": 0, "56->57": 0, "57->56": 0, "57->58": 0, "58->57": 0, "57->59": 0, "59->57": 0, "59->60": 0, "60->59": 0, "57->61": 0, "61->57": 0, "61->62": 0, "62->61": 0, "57->63": 0, "63->57": 0, "1->4": 1, "4->1": 12, "4->6": 1, "6->4": 12, "6->8": 1, "8->6": 12, "8->9": 1, "9->8": 12, "9->24": 1, "24->9": 12, "24->30": 1, "30->24": 12, "2->3": 2, "3->2": 3, "10->14": 1, "14->10": 12, "14->16": 1, "16->14": 12, "11->12": 2, "12->11": 3, "12->13": 2, "13->12": 3, "17->18": 1, "18->17": 12, "19->20": 1, "20->19": 12, "20->23": 1, "23->20": 12, "25->27": 1, "27->25": 12, "27->28": 1, "28->27": 12, "31->34": 1, "34->31": 12, "34->36": 1, "36->34": 12, "36->37": 1, "37->36": 12, "37->41": 1, "41->37": 12, "41->42": 2, "42->41": 3, "42->43": 1, "43->42": 12, "43->56": 1, "56->43": 12, "32->33": 2, "33->32": 3, "38->40": 1, "40->38": 12, "44->46": 1, "46->44": 12, "47->48": 1, "48->47": 12, "49->51": 1, "51->49": 12, "52->54": 1, "54->52": 12, "58->59": 1, "59->58": 12, "59->61": 1, "61->59": 12, "61->63": 1, "63->61": 12, "3->5": 2, "5->3": 3, "5->7": 2, "7->5": 3, "7->8": 2, "8->7": 3, "8->11": 2, "11->8": 3, "13->15": 2, "15->13": 3, "15->17": 2, "17->15": 3, "17->19": 2, "19->17": 3, "19->22": 2, "22->19": 3, "22->23": 2, "23->22": 3, "23->26": 2, "26->23": 3, "26->27": 2, "27->26": 3, "27->29": 2, "29->27": 3, "29->32": 2, "32->29": 3, "33->35": 2, "35->33": 3, "35->36": 2, "36->35": 3, "36->39": 2, "39->36": 3, "39->40": 2, "40->39": 3, "40->41": 2, "41->40": 3, "42->45": 2, "45->42": 3, "45->47": 2, "47->45": 3, "47->50": 2, "50->47": 3, "50->53": 2, "53->50": 3, "53->55": 2, "55->53": 3, "55->58": 2, "58->55": 3, "58->60": 2, "60->58": 3, "60->62": 2, "62->60": 3, "62->63": 2, "63->62": 3, "55->62": 4, "62->55": 5}, "metrics": [1.0, 0.0, 2.0, 1.0, 20.0, 2.0, 0.0, 0.0, 1.0, 0.0, 0.0]}