{"nodelist": ["ClassDeclaration", "{'public', 'static'}", "public", "static", "ObserverA", "FieldDeclaration", "BasicType", "long", "VariableDeclarator", "id", "MethodDeclaration", "{'public'}", "public", "Annotation", "Override", "ReferenceType", "Optional", "TypeArgument", "ReferenceType", "RegionObserver", "getRegionObserver", "ReturnStatement", "MethodInvocation", "Optional", "This", "of", "MethodDeclaration", "{'public'}", "public", "Annotation", "Override", "postPut", "FormalParameter", "{'final'}", "final", "ReferenceType", "ObserverContext", "TypeArgument", "ReferenceType", "RegionCoprocessorEnvironment", "c", "FormalParameter", "{'final'}", "final", "ReferenceType", "Put", "put", "FormalParameter", "{'final'}", "final", "ReferenceType", "WALEdit", "edit", "FormalParameter", "{'final'}", "final", "ReferenceType", "Durability", "durability", "IOException", "StatementExpression", "Assignment", "MemberReference", "id", "MethodInvocation", "System", "currentTimeMillis", "=", "TryStatement", "StatementExpression", "MethodInvocation", "Thread", "Literal", "10", "sleep", "CatchClause", "CatchClauseParameter", "InterruptedException", "ex", "ReferenceType", "RegionCoprocessor", "ReferenceType", "RegionObserver"], "nodes": {"0": "ClassDeclaration", "1": "Modifier", "2": "public", "3": "static", "4": "ObserverA", "5": "FieldDeclaration", "6": "BasicType", "7": "long", "8": "VariableDeclarator", "9": "id", "10": "MethodDeclaration", "11": "Modifier", "12": "public", "13": "Annotation", "14": "Override", "15": "ReferenceType", "16": "Optional", "17": "TypeArgument", "18": "ReferenceType", "19": "RegionObserver", "20": "getRegionObserver", "21": "ReturnStatement", "22": "MethodInvocation", "23": "Optional", "24": "This", "25": "of", "26": "MethodDeclaration", "27": "Modifier", "28": "public", "29": "Annotation", "30": "Override", "31": "postPut", "32": "FormalParameter", "33": "Modifier", "34": "final", "35": "ReferenceType", "36": "ObserverContext", "37": "TypeArgument", "38": "ReferenceType", "39": "RegionCoprocessorEnvironment", "40": "c", "41": "FormalParameter", "42": "Modifier", "43": "final", "44": "ReferenceType", "45": "Put", "46": "put", "47": "FormalParameter", "48": "Modifier", "49": "final", "50": "ReferenceType", "51": "WALEdit", "52": "edit", "53": "FormalParameter", "54": "Modifier", "55": "final", "56": "ReferenceType", "57": "Durability", "58": "durability", "59": "IOException", "60": "StatementExpression", "61": "Assignment", "62": "MemberReference", "63": "id", "64": "MethodInvocation", "65": "System", "66": "currentTimeMillis", "67": "=", "68": "TryStatement", "69": "StatementExpression", "70": "MethodInvocation", "71": "Thread", "72": "Literal", "73": "10", "74": "sleep", "75": "CatchClause", "76": "CatchClauseParameter", "77": "InterruptedException", "78": "ex", "79": "ReferenceType", "80": "RegionCoprocessor", "81": "ReferenceType", "82": "RegionObserver"}, "edges": {"0->1": 0, "1->0": 0, "1->2": 0, "2->1": 0, "1->3": 0, "3->1": 0, "0->4": 0, "4->0": 0, "0->5": 0, "5->0": 0, "5->6": 0, "6->5": 0, "6->7": 0, "7->6": 0, "5->8": 0, "8->5": 0, "8->9": 0, "9->8": 0, "0->10": 0, "10->0": 0, "10->11": 0, "11->10": 0, "11->12": 0, "12->11": 0, "10->13": 0, "13->10": 0, "13->14": 0, "14->13": 0, "10->15": 0, "15->10": 0, "15->16": 0, "16->15": 0, "15->17": 0, "17->15": 0, "17->18": 0, "18->17": 0, "18->19": 0, "19->18": 0, "10->20": 0, "20->10": 0, "10->21": 0, "21->10": 0, "21->22": 0, "22->21": 0, "22->23": 0, "23->22": 0, "22->24": 0, "24->22": 0, "22->25": 0, "25->22": 0, "0->26": 0, "26->0": 0, "26->27": 0, "27->26": 0, "27->28": 0, "28->27": 0, "26->29": 0, "29->26": 0, "29->30": 0, "30->29": 0, "26->31": 0, "31->26": 0, "26->32": 0, "32->26": 0, "32->33": 0, "33->32": 0, "33->34": 0, "34->33": 0, "32->35": 0, "35->32": 0, "35->36": 0, "36->35": 0, "35->37": 0, "37->35": 0, "37->38": 0, "38->37": 0, "38->39": 0, "39->38": 0, "32->40": 0, "40->32": 0, "26->41": 0, "41->26": 0, "41->42": 0, "42->41": 0, "42->43": 0, "43->42": 0, "41->44": 0, "44->41": 0, "44->45": 0, "45->44": 0, "41->46": 0, "46->41": 0, "26->47": 0, "47->26": 0, "47->48": 0, "48->47": 0, "48->49": 0, "49->48": 0, "47->50": 0, "50->47": 0, "50->51": 0, "51->50": 0, "47->52": 0, "52->47": 0, "26->53": 0, "53->26": 0, "53->54": 0, "54->53": 0, "54->55": 0, "55->54": 0, "53->56": 0, "56->53": 0, "56->57": 0, "57->56": 0, "53->58": 0, "58->53": 0, "26->59": 0, "59->26": 0, "26->60": 0, "60->26": 0, "60->61": 0, "61->60": 0, "61->62": 0, "62->61": 0, "62->63": 0, "63->62": 0, "61->64": 0, "64->61": 0, "64->65": 0, "65->64": 0, "64->66": 0, "66->64": 0, "61->67": 0, "67->61": 0, "26->68": 0, "68->26": 0, "68->69": 0, "69->68": 0, "69->70": 0, "70->69": 0, "70->71": 0, "71->70": 0, "70->72": 0, "72->70": 0, "72->73": 0, "73->72": 0, "70->74": 0, "74->70": 0, "68->75": 0, "75->68": 0, "75->76": 0, "76->75": 0, "76->77": 0, "77->76": 0, "76->78": 0, "78->76": 0, "0->79": 0, "79->0": 0, "79->80": 0, "80->79": 0, "0->81": 0, "81->0": 0, "81->82": 0, "82->81": 0, "1->4": 1, "4->1": 12, "4->5": 1, "5->4": 12, "5->10": 1, "10->5": 12, "10->26": 1, "26->10": 12, "26->79": 1, "79->26": 12, "79->81": 1, "81->79": 12, "2->3": 2, "3->2": 3, "6->8": 1, "8->6": 12, "11->13": 1, "13->11": 12, "13->15": 1, "15->13": 12, "15->20": 1, "20->15": 12, "20->21": 1, "21->20": 12, "16->17": 1, "17->16": 12, "23->24": 2, "24->23": 3, "24->25": 2, "25->24": 3, "27->29": 1, "29->27": 12, "29->31": 1, "31->29": 12, "31->32": 1, "32->31": 12, "32->41": 1, "41->32": 12, "41->47": 1, "47->41": 12, "47->53": 1, "53->47": 12, "53->59": 1, "59->53": 12, "59->60": 1, "60->59": 12, "60->68": 1, "68->60": 12, "33->35": 1, "35->33": 12, "35->40": 1, "40->35": 12, "36->37": 1, "37->36": 12, "42->44": 1, "44->42": 12, "44->46": 1, "46->44": 12, "48->50": 1, "50->48": 12, "50->52": 1, "52->50": 12, "54->56": 1, "56->54": 12, "56->58": 1, "58->56": 12, "62->64": 1, "64->62": 12, "64->67": 1, "67->64": 12, "65->66": 2, "66->65": 3, "69->75": 1, "75->69": 12, "71->72": 1, "72->71": 12, "72->74": 1, "74->72": 12, "77->78": 2, "78->77": 3, "3->4": 2, "4->3": 3, "4->7": 2, "7->4": 3, "7->9": 2, "9->7": 3, "9->12": 2, "12->9": 3, "12->14": 2, "14->12": 3, "14->16": 2, "16->14": 3, "16->19": 2, "19->16": 3, "19->20": 2, "20->19": 3, "20->23": 2, "23->20": 3, "25->28": 2, "28->25": 3, "28->30": 2, "30->28": 3, "30->31": 2, "31->30": 3, "31->34": 2, "34->31": 3, "34->36": 2, "36->34": 3, "36->39": 2, "39->36": 3, "39->40": 2, "40->39": 3, "40->43": 2, "43->40": 3, "43->45": 2, "45->43": 3, "45->46": 2, "46->45": 3, "46->49": 2, "49->46": 3, "49->51": 2, "51->49": 3, "51->52": 2, "52->51": 3, "52->55": 2, "55->52": 3, "55->57": 2, "57->55": 3, "57->58": 2, "58->57": 3, "58->59": 2, "59->58": 3, "59->63": 2, "63->59": 3, "63->65": 2, "65->63": 3, "66->67": 2, "67->66": 3, "67->71": 2, "71->67": 3, "71->73": 2, "73->71": 3, "73->74": 2, "74->73": 3, "74->77": 2, "77->74": 3, "78->80": 2, "80->78": 3, "80->82": 2, "82->80": 3}, "metrics": [1.0, 0.0, 2.0, 2.0, 14.0, 2.0, 0.0, 1.0, 1.0, 1.0, 3.0]}