{"nodelist": ["ClassDeclaration", "{'static'}", "static", "CreateUnassignedAsyncCallback", "FieldDeclaration", "{'final', 'private'}", "final", "private", "ReferenceType", "Log", "VariableDeclarator", "LOG", "MethodInvocation", "LogFactory", "ClassReference", "ReferenceType", "CreateUnassignedAsyncCallback", "getLog", "FieldDeclaration", "{'final', 'private'}", "final", "private", "ReferenceType", "ZooKeeperWatcher", "VariableDeclarator", "zkw", "FieldDeclaration", "{'final', 'private'}", "final", "private", "ReferenceType", "HServerInfo", "VariableDeclarator", "destination", "FieldDeclaration", "{'final', 'private'}", "final", "private", "ReferenceType", "AtomicInteger", "VariableDeclarator", "counter", "ConstructorDeclaration", "CreateUnassignedAsyncCallback", "FormalParameter", "{'final'}", "final", "ReferenceType", "ZooKeeperWatcher", "zkw", "FormalParameter", "{'final'}", "final", "ReferenceType", "HServerInfo", "destination", "FormalParameter", "{'final'}", "final", "ReferenceType", "AtomicInteger", "counter", "StatementExpression", "Assignment", "This", "MemberReference", "zkw", "MemberReference", "zkw", "=", "StatementExpression", "Assignment", "This", "MemberReference", "destination", "MemberReference", "destination", "=", "StatementExpression", "Assignment", "This", "MemberReference", "counter", "MemberReference", "counter", "=", "MethodDeclaration", "{'public'}", "public", "Annotation", "Override", "processResult", "FormalParameter", "BasicType", "int", "rc", "FormalParameter", "ReferenceType", "String", "path", "FormalParameter", "ReferenceType", "Object", "ctx", "FormalParameter", "ReferenceType", "String", "name", "IfStatement", "BinaryOperation", "!=", "MemberReference", "rc", "Literal", "0", "BlockStatement", "StatementExpression", "MethodInvocation", "LOG", "BinaryOperation", "+", "BinaryOperation", "+", "BinaryOperation", "+", "Literal", "\"rc != 0 for \"", "MemberReference", "path", "Literal", "\" -- retryable connectionloss -- \"", "Literal", "\"FIX see http://wiki.apache.org/hadoop/ZooKeeper/FAQ#A2\"", "warn", "StatementExpression", "This", "MemberReference", "zkw", "MethodInvocation", "BinaryOperation", "+", "BinaryOperation", "+", "BinaryOperation", "+", "Literal", "\"Connectionloss writing unassigned at \"", "MemberReference", "path", "Literal", "\", rc=\"", "MemberReference", "rc", "Literal", "null", "abort", "ReturnStatement", "StatementExpression", "MethodInvocation", "LOG", "BinaryOperation", "+", "BinaryOperation", "+", "BinaryOperation", "+", "Literal", "\"rs=\"", "Cast", "ReferenceType", "RegionState", "MemberReference", "ctx", "Literal", "\", server=\"", "This", "MemberReference", "destination", "MethodInvocation", "getServerName", "debug", "StatementExpression", "This", "MemberReference", "zkw", "MethodInvocation", "getZooKeeper", "MethodInvocation", "MemberReference", "path", "This", "MemberReference", "zkw", "ClassCreator", "ReferenceType", "ExistsUnassignedAsyncCallback", "This", "MemberReference", "counter", "MemberReference", "ctx", "exists", "ReferenceType", "AsyncCallback", "ReferenceType", "StringCallback"], "nodes": {"0": "ClassDeclaration", "1": "Modifier", "2": "static", "3": "CreateUnassignedAsyncCallback", "4": "FieldDeclaration", "5": "Modifier", "6": "final", "7": "private", "8": "ReferenceType", "9": "Log", "10": "VariableDeclarator", "11": "LOG", "12": "MethodInvocation", "13": "LogFactory", "14": "ClassReference", "15": "ReferenceType", "16": "CreateUnassignedAsyncCallback", "17": "getLog", "18": "FieldDeclaration", "19": "Modifier", "20": "final", "21": "private", "22": "ReferenceType", "23": "ZooKeeperWatcher", "24": "VariableDeclarator", "25": "zkw", "26": "FieldDeclaration", "27": "Modifier", "28": "final", "29": "private", "30": "ReferenceType", "31": "HServerInfo", "32": "VariableDeclarator", "33": "destination", "34": "FieldDeclaration", "35": "Modifier", "36": "final", "37": "private", "38": "ReferenceType", "39": "AtomicInteger", "40": "VariableDeclarator", "41": "counter", "42": "ConstructorDeclaration", "43": "CreateUnassignedAsyncCallback", "44": "FormalParameter", "45": "Modifier", "46": "final", "47": "ReferenceType", "48": "ZooKeeperWatcher", "49": "zkw", "50": "FormalParameter", "51": "Modifier", "52": "final", "53": "ReferenceType", "54": "HServerInfo", "55": "destination", "56": "FormalParameter", "57": "Modifier", "58": "final", "59": "ReferenceType", "60": "AtomicInteger", "61": "counter", "62": "StatementExpression", "63": "Assignment", "64": "This", "65": "MemberReference", "66": "zkw", "67": "MemberReference", "68": "zkw", "69": "=", "70": "StatementExpression", "71": "Assignment", "72": "This", "73": "MemberReference", "74": "destination", "75": "MemberReference", "76": "destination", "77": "=", "78": "StatementExpression", "79": "Assignment", "80": "This", "81": "MemberReference", "82": "counter", "83": "MemberReference", "84": "counter", "85": "=", "86": "MethodDeclaration", "87": "Modifier", "88": "public", "89": "Annotation", "90": "Override", "91": "processResult", "92": "FormalParameter", "93": "BasicType", "94": "int", "95": "rc", "96": "FormalParameter", "97": "ReferenceType", "98": "String", "99": "path", "100": "FormalParameter", "101": "ReferenceType", "102": "Object", "103": "ctx", "104": "FormalParameter", "105": "ReferenceType", "106": "String", "107": "name", "108": "IfStatement", "109": "BinaryOperation", "110": "!=", "111": "MemberReference", "112": "rc", "113": "Literal", "114": "0", "115": "BlockStatement", "116": "StatementExpression", "117": "MethodInvocation", "118": "LOG", "119": "BinaryOperation", "120": "+", "121": "BinaryOperation", "122": "+", "123": "BinaryOperation", "124": "+", "125": "Literal", "126": "\"rc != 0 for \"", "127": "MemberReference", "128": "path", "129": "Literal", "130": "\" -- retryable connectionloss -- \"", "131": "Literal", "132": "\"FIX see http://wiki.apache.org/hadoop/ZooKeeper/FAQ#A2\"", "133": "warn", "134": "StatementExpression", "135": "This", "136": "MemberReference", "137": "zkw", "138": "MethodInvocation", "139": "BinaryOperation", "140": "+", "141": "BinaryOperation", "142": "+", "143": "BinaryOperation", "144": "+", "145": "Literal", "146": "\"Connectionloss writing unassigned at \"", "147": "MemberReference", "148": "path", "149": "Literal", "150": "\", rc=\"", "151": "MemberReference", "152": "rc", "153": "Literal", "154": "null", "155": "abort", "156": "ReturnStatement", "157": "StatementExpression", "158": "MethodInvocation", "159": "LOG", "160": "BinaryOperation", "161": "+", "162": "BinaryOperation", "163": "+", "164": "BinaryOperation", "165": "+", "166": "Literal", "167": "\"rs=\"", "168": "Cast", "169": "ReferenceType", "170": "RegionState", "171": "MemberReference", "172": "ctx", "173": "Literal", "174": "\", server=\"", "175": "This", "176": "MemberReference", "177": "destination", "178": "MethodInvocation", "179": "getServerName", "180": "debug", "181": "StatementExpression", "182": "This", "183": "MemberReference", "184": "zkw", "185": "MethodInvocation", "186": "getZooKeeper", "187": "MethodInvocation", "188": "MemberReference", "189": "path", "190": "This", "191": "MemberReference", "192": "zkw", "193": "ClassCreator", "194": "ReferenceType", "195": "ExistsUnassignedAsyncCallback", "196": "This", "197": "MemberReference", "198": "counter", "199": "MemberReference", "200": "ctx", "201": "exists", "202": "ReferenceType", "203": "AsyncCallback", "204": "ReferenceType", "205": "StringCallback"}, "edges": {"0->1": 0, "1->0": 0, "1->2": 0, "2->1": 0, "0->3": 0, "3->0": 0, "0->4": 0, "4->0": 0, "4->5": 0, "5->4": 0, "5->6": 0, "6->5": 0, "5->7": 0, "7->5": 0, "4->8": 0, "8->4": 0, "8->9": 0, "9->8": 0, "4->10": 0, "10->4": 0, "10->11": 0, "11->10": 0, "10->12": 0, "12->10": 0, "12->13": 0, "13->12": 0, "12->14": 0, "14->12": 0, "14->15": 0, "15->14": 0, "15->16": 0, "16->15": 0, "12->17": 0, "17->12": 0, "0->18": 0, "18->0": 0, "18->19": 0, "19->18": 0, "19->20": 0, "20->19": 0, "19->21": 0, "21->19": 0, "18->22": 0, "22->18": 0, "22->23": 0, "23->22": 0, "18->24": 0, "24->18": 0, "24->25": 0, "25->24": 0, "0->26": 0, "26->0": 0, "26->27": 0, "27->26": 0, "27->28": 0, "28->27": 0, "27->29": 0, "29->27": 0, "26->30": 0, "30->26": 0, "30->31": 0, "31->30": 0, "26->32": 0, "32->26": 0, "32->33": 0, "33->32": 0, "0->34": 0, "34->0": 0, "34->35": 0, "35->34": 0, "35->36": 0, "36->35": 0, "35->37": 0, "37->35": 0, "34->38": 0, "38->34": 0, "38->39": 0, "39->38": 0, "34->40": 0, "40->34": 0, "40->41": 0, "41->40": 0, "0->42": 0, "42->0": 0, "42->43": 0, "43->42": 0, "42->44": 0, "44->42": 0, "44->45": 0, "45->44": 0, "45->46": 0, "46->45": 0, "44->47": 0, "47->44": 0, "47->48": 0, "48->47": 0, "44->49": 0, "49->44": 0, "42->50": 0, "50->42": 0, "50->51": 0, "51->50": 0, "51->52": 0, "52->51": 0, "50->53": 0, "53->50": 0, "53->54": 0, "54->53": 0, "50->55": 0, "55->50": 0, "42->56": 0, "56->42": 0, "56->57": 0, "57->56": 0, "57->58": 0, "58->57": 0, "56->59": 0, "59->56": 0, "59->60": 0, "60->59": 0, "56->61": 0, "61->56": 0, "42->62": 0, "62->42": 0, "62->63": 0, "63->62": 0, "63->64": 0, "64->63": 0, "64->65": 0, "65->64": 0, "65->66": 0, "66->65": 0, "63->67": 0, "67->63": 0, "67->68": 0, "68->67": 0, "63->69": 0, "69->63": 0, "42->70": 0, "70->42": 0, "70->71": 0, "71->70": 0, "71->72": 0, "72->71": 0, "72->73": 0, "73->72": 0, "73->74": 0, "74->73": 0, "71->75": 0, "75->71": 0, "75->76": 0, "76->75": 0, "71->77": 0, "77->71": 0, "42->78": 0, "78->42": 0, "78->79": 0, "79->78": 0, "79->80": 0, "80->79": 0, "80->81": 0, "81->80": 0, "81->82": 0, "82->81": 0, "79->83": 0, "83->79": 0, "83->84": 0, "84->83": 0, "79->85": 0, "85->79": 0, "0->86": 0, "86->0": 0, "86->87": 0, "87->86": 0, "87->88": 0, "88->87": 0, "86->89": 0, "89->86": 0, "89->90": 0, "90->89": 0, "86->91": 0, "91->86": 0, "86->92": 0, "92->86": 0, "92->93": 0, "93->92": 0, "93->94": 0, "94->93": 0, "92->95": 0, "95->92": 0, "86->96": 0, "96->86": 0, "96->97": 0, "97->96": 0, "97->98": 0, "98->97": 0, "96->99": 0, "99->96": 0, "86->100": 0, "100->86": 0, "100->101": 0, "101->100": 0, "101->102": 0, "102->101": 0, "100->103": 0, "103->100": 0, "86->104": 0, "104->86": 0, "104->105": 0, "105->104": 0, "105->106": 0, "106->105": 0, "104->107": 0, "107->104": 0, "86->108": 0, "108->86": 0, "108->109": 0, "109->108": 0, "109->110": 0, "110->109": 0, "109->111": 0, "111->109": 0, "111->112": 0, "112->111": 0, "109->113": 0, "113->109": 0, "113->114": 0, "114->113": 0, "108->115": 0, "115->108": 0, "115->116": 0, "116->115": 0, "116->117": 0, "117->116": 0, "117->118": 0, "118->117": 0, "117->119": 0, "119->117": 0, "119->120": 0, "120->119": 0, "119->121": 0, "121->119": 0, "121->122": 0, "122->121": 0, "121->123": 0, "123->121": 0, "123->124": 0, "124->123": 0, "123->125": 0, "125->123": 0, "125->126": 0, "126->125": 0, "123->127": 0, "127->123": 0, "127->128": 0, "128->127": 0, "121->129": 0, "129->121": 0, "129->130": 0, "130->129": 0, "119->131": 0, "131->119": 0, "131->132": 0, "132->131": 0, "117->133": 0, "133->117": 0, "115->134": 0, "134->115": 0, "134->135": 0, "135->134": 0, "135->136": 0, "136->135": 0, "136->137": 0, "137->136": 0, "135->138": 0, "138->135": 0, "138->139": 0, "139->138": 0, "139->140": 0, "140->139": 0, "139->141": 0, "141->139": 0, "141->142": 0, "142->141": 0, "141->143": 0, "143->141": 0, "143->144": 0, "144->143": 0, "143->145": 0, "145->143": 0, "145->146": 0, "146->145": 0, "143->147": 0, "147->143": 0, "147->148": 0, "148->147": 0, "141->149": 0, "149->141": 0, "149->150": 0, "150->149": 0, "139->151": 0, "151->139": 0, "151->152": 0, "152->151": 0, "138->153": 0, "153->138": 0, "153->154": 0, "154->153": 0, "138->155": 0, "155->138": 0, "115->156": 0, "156->115": 0, "86->157": 0, "157->86": 0, "157->158": 0, "158->157": 0, "158->159": 0, "159->158": 0, "158->160": 0, "160->158": 0, "160->161": 0, "161->160": 0, "160->162": 0, "162->160": 0, "162->163": 0, "163->162": 0, "162->164": 0, "164->162": 0, "164->165": 0, "165->164": 0, "164->166": 0, "166->164": 0, "166->167": 0, "167->166": 0, "164->168": 0, "168->164": 0, "168->169": 0, "169->168": 0, "169->170": 0, "170->169": 0, "168->171": 0, "171->168": 0, "171->172": 0, "172->171": 0, "162->173": 0, "173->162": 0, "173->174": 0, "174->173": 0, "160->175": 0, "175->160": 0, "175->176": 0, "176->175": 0, "176->177": 0, "177->176": 0, "175->178": 0, "178->175": 0, "178->179": 0, "179->178": 0, "158->180": 0, "180->158": 0, "86->181": 0, "181->86": 0, "181->182": 0, "182->181": 0, "182->183": 0, "183->182": 0, "183->184": 0, "184->183": 0, "182->185": 0, "185->182": 0, "185->186": 0, "186->185": 0, "182->187": 0, "187->182": 0, "187->188": 0, "188->187": 0, "188->189": 0, "189->188": 0, "187->190": 0, "190->187": 0, "190->191": 0, "191->190": 0, "191->192": 0, "192->191": 0, "187->193": 0, "193->187": 0, "193->194": 0, "194->193": 0, "194->195": 0, "195->194": 0, "193->196": 0, "196->193": 0, "196->197": 0, "197->196": 0, "197->198": 0, "198->197": 0, "187->199": 0, "199->187": 0, "199->200": 0, "200->199": 0, "187->201": 0, "201->187": 0, "0->202": 0, "202->0": 0, "202->203": 0, "203->202": 0, "202->204": 0, "204->202": 0, "204->205": 0, "205->204": 0, "1->3": 1, "3->1": 12, "3->4": 1, "4->3": 12, "4->18": 1, "18->4": 12, "18->26": 1, "26->18": 12, "26->34": 1, "34->26": 12, "34->42": 1, "42->34": 12, "42->86": 1, "86->42": 12, "86->202": 1, "202->86": 12, "5->8": 1, "8->5": 12, "8->10": 1, "10->8": 12, "6->7": 2, "7->6": 3, "11->12": 1, "12->11": 12, "13->14": 1, "14->13": 12, "14->17": 1, "17->14": 12, "19->22": 1, "22->19": 12, "22->24": 1, "24->22": 12, "20->21": 2, "21->20": 3, "27->30": 1, "30->27": 12, "30->32": 1, "32->30": 12, "28->29": 2, "29->28": 3, "35->38": 1, "38->35": 12, "38->40": 1, "40->38": 12, "36->37": 2, "37->36": 3, "43->44": 1, "44->43": 12, "44->50": 1, "50->44": 12, "50->56": 1, "56->50": 12, "56->62": 1, "62->56": 12, "62->70": 1, "70->62": 12, "70->78": 1, "78->70": 12, "45->47": 1, "47->45": 12, "47->49": 1, "49->47": 12, "51->53": 1, "53->51": 12, "53->55": 1, "55->53": 12, "57->59": 1, "59->57": 12, "59->61": 1, "61->59": 12, "64->67": 1, "67->64": 12, "67->69": 1, "69->67": 12, "72->75": 1, "75->72": 12, "75->77": 1, "77->75": 12, "80->83": 1, "83->80": 12, "83->85": 1, "85->83": 12, "87->89": 1, "89->87": 12, "89->91": 1, "91->89": 12, "91->92": 1, "92->91": 12, "92->96": 1, "96->92": 12, "96->100": 1, "100->96": 12, "100->104": 1, "104->100": 12, "104->108": 1, "108->104": 12, "108->157": 1, "157->108": 12, "157->181": 1, "181->157": 12, "93->95": 1, "95->93": 12, "97->99": 1, "99->97": 12, "101->103": 1, "103->101": 12, "105->107": 1, "107->105": 12, "109->115": 6, "115->109": 6, "110->111": 1, "111->110": 12, "111->113": 1, "113->111": 12, "116->134": 10, "134->116": 11, "134->156": 10, "156->134": 11, "118->119": 1, "119->118": 12, "119->133": 1, "133->119": 12, "120->121": 1, "121->120": 12, "121->131": 1, "131->121": 12, "122->123": 1, "123->122": 12, "123->129": 1, "129->123": 12, "124->125": 1, "125->124": 12, "125->127": 1, "127->125": 12, "136->138": 1, "138->136": 12, "139->153": 1, "153->139": 12, "153->155": 1, "155->153": 12, "140->141": 1, "141->140": 12, "141->151": 1, "151->141": 12, "142->143": 1, "143->142": 12, "143->149": 1, "149->143": 12, "144->145": 1, "145->144": 12, "145->147": 1, "147->145": 12, "159->160": 1, "160->159": 12, "160->180": 1, "180->160": 12, "161->162": 1, "162->161": 12, "162->175": 1, "175->162": 12, "163->164": 1, "164->163": 12, "164->173": 1, "173->164": 12, "165->166": 1, "166->165": 12, "166->168": 1, "168->166": 12, "169->171": 1, "171->169": 12, "176->178": 1, "178->176": 12, "183->185": 1, "185->183": 12, "185->187": 1, "187->185": 12, "188->190": 1, "190->188": 12, "190->193": 1, "193->190": 12, "193->199": 1, "199->193": 12, "199->201": 1, "201->199": 12, "194->196": 1, "196->194": 12, "203->204": 1, "204->203": 12, "2->3": 2, "3->2": 3, "3->6": 2, "6->3": 3, "7->9": 2, "9->7": 3, "9->11": 2, "11->9": 3, "11->13": 2, "13->11": 3, "13->16": 2, "16->13": 3, "16->17": 2, "17->16": 3, "17->20": 2, "20->17": 3, "21->23": 2, "23->21": 3, "23->25": 2, "25->23": 3, "25->28": 2, "28->25": 3, "29->31": 2, "31->29": 3, "31->33": 2, "33->31": 3, "33->36": 2, "36->33": 3, "37->39": 2, "39->37": 3, "39->41": 2, "41->39": 3, "41->43": 2, "43->41": 3, "43->46": 2, "46->43": 3, "46->48": 2, "48->46": 3, "48->49": 2, "49->48": 3, "49->52": 2, "52->49": 3, "52->54": 2, "54->52": 3, "54->55": 2, "55->54": 3, "55->58": 2, "58->55": 3, "58->60": 2, "60->58": 3, "60->61": 2, "61->60": 3, "61->66": 2, "66->61": 3, "66->68": 4, "68->66": 5, "68->69": 2, "69->68": 3, "69->74": 2, "74->69": 3, "74->76": 4, "76->74": 5, "76->77": 2, "77->76": 3, "77->82": 2, "82->77": 3, "82->84": 4, "84->82": 5, "84->85": 2, "85->84": 3, "85->88": 2, "88->85": 3, "88->90": 2, "90->88": 3, "90->91": 2, "91->90": 3, "91->94": 2, "94->91": 3, "94->95": 2, "95->94": 3, "95->98": 2, "98->95": 3, "98->99": 2, "99->98": 3, "99->102": 2, "102->99": 3, "102->103": 2, "103->102": 3, "103->106": 2, "106->103": 3, "106->107": 2, "107->106": 3, "107->110": 2, "110->107": 3, "110->112": 2, "112->110": 3, "112->114": 2, "114->112": 3, "114->118": 2, "118->114": 3, "118->120": 2, "120->118": 3, "120->122": 2, "122->120": 3, "122->124": 2, "124->122": 3, "124->126": 2, "126->124": 3, "126->128": 2, "128->126": 3, "128->130": 2, "130->128": 3, "130->132": 2, "132->130": 3, "132->133": 2, "133->132": 3, "133->137": 2, "137->133": 3, "137->140": 2, "140->137": 3, "140->142": 2, "142->140": 3, "142->144": 2, "144->142": 3, "144->146": 2, "146->144": 3, "146->148": 2, "148->146": 3, "148->150": 2, "150->148": 3, "150->152": 2, "152->150": 3, "152->154": 2, "154->152": 3, "154->155": 2, "155->154": 3, "155->156": 2, "156->155": 3, "156->159": 2, "159->156": 3, "159->161": 2, "161->159": 3, "161->163": 2, "163->161": 3, "163->165": 2, "165->163": 3, "165->167": 2, "167->165": 3, "167->170": 2, "170->167": 3, "170->172": 2, "172->170": 3, "172->174": 2, "174->172": 3, "174->177": 2, "177->174": 3, "177->179": 2, "179->177": 3, "179->180": 2, "180->179": 3, "180->184": 2, "184->180": 3, "184->186": 2, "186->184": 3, "186->189": 2, "189->186": 3, "189->192": 2, "192->189": 3, "192->195": 2, "195->192": 3, "195->198": 2, "198->195": 3, "198->200": 2, "200->198": 3, "200->201": 2, "201->200": 3, "201->203": 2, "203->201": 3, "203->205": 2, "205->203": 3, "68->137": 4, "137->68": 5, "137->184": 4, "184->137": 5, "184->192": 4, "192->184": 5, "76->177": 4, "177->76": 5, "84->198": 4, "198->84": 5, "112->152": 4, "152->112": 5, "128->148": 4, "148->128": 5, "148->189": 4, "189->148": 5, "172->200": 4, "200->172": 5}, "metrics": [4.0, 0.0, 2.0, 1.0, 23.0, 3.0, 0.0, 0.0, 0.0, 1.0, 2.0]}