{"nodelist": ["ClassDeclaration", "{'public'}", "public", "DroppedSnapshotException", "FieldDeclaration", "{'final', 'private', 'static'}", "final", "private", "static", "BasicType", "long", "VariableDeclarator", "serialVersionUID", "Literal", "-", "5463156580831677374L", "ConstructorDeclaration", "{'public'}", "public", "DroppedSnapshotException", "FormalParameter", "ReferenceType", "String", "msg", "StatementExpression", "SuperConstructorInvocation", "MemberReference", "msg", "ConstructorDeclaration", "{'public'}", "public", "DroppedSnapshotException", "StatementExpression", "SuperConstructorInvocation", "ReferenceType", "IOException"], "nodes": {"0": "ClassDeclaration", "1": "Modifier", "2": "public", "3": "DroppedSnapshotException", "4": "FieldDeclaration", "5": "Modifier", "6": "final", "7": "private", "8": "static", "9": "BasicType", "10": "long", "11": "VariableDeclarator", "12": "serialVersionUID", "13": "Literal", "14": "-", "15": "5463156580831677374L", "16": "ConstructorDeclaration", "17": "Modifier", "18": "public", "19": "DroppedSnapshotException", "20": "FormalParameter", "21": "ReferenceType", "22": "String", "23": "msg", "24": "StatementExpression", "25": "SuperConstructorInvocation", "26": "MemberReference", "27": "msg", "28": "ConstructorDeclaration", "29": "Modifier", "30": "public", "31": "DroppedSnapshotException", "32": "StatementExpression", "33": "SuperConstructorInvocation", "34": "ReferenceType", "35": "IOException"}, "edges": {"0->1": 0, "1->0": 0, "1->2": 0, "2->1": 0, "0->3": 0, "3->0": 0, "0->4": 0, "4->0": 0, "4->5": 0, "5->4": 0, "5->6": 0, "6->5": 0, "5->7": 0, "7->5": 0, "5->8": 0, "8->5": 0, "4->9": 0, "9->4": 0, "9->10": 0, "10->9": 0, "4->11": 0, "11->4": 0, "11->12": 0, "12->11": 0, "11->13": 0, "13->11": 0, "13->14": 0, "14->13": 0, "13->15": 0, "15->13": 0, "0->16": 0, "16->0": 0, "16->17": 0, "17->16": 0, "17->18": 0, "18->17": 0, "16->19": 0, "19->16": 0, "16->20": 0, "20->16": 0, "20->21": 0, "21->20": 0, "21->22": 0, "22->21": 0, "20->23": 0, "23->20": 0, "16->24": 0, "24->16": 0, "24->25": 0, "25->24": 0, "25->26": 0, "26->25": 0, "26->27": 0, "27->26": 0, "0->28": 0, "28->0": 0, "28->29": 0, "29->28": 0, "29->30": 0, "30->29": 0, "28->31": 0, "31->28": 0, "28->32": 0, "32->28": 0, "32->33": 0, "33->32": 0, "0->34": 0, "34->0": 0, "34->35": 0, "35->34": 0, "1->3": 1, "3->1": 12, "3->4": 1, "4->3": 12, "4->16": 1, "16->4": 12, "16->28": 1, "28->16": 12, "28->34": 1, "34->28": 12, "5->9": 1, "9->5": 12, "9->11": 1, "11->9": 12, "6->7": 2, "7->6": 3, "7->8": 2, "8->7": 3, "12->13": 1, "13->12": 12, "14->15": 2, "15->14": 3, "17->19": 1, "19->17": 12, "19->20": 1, "20->19": 12, "20->24": 1, "24->20": 12, "21->23": 1, "23->21": 12, "29->31": 1, "31->29": 12, "31->32": 1, "32->31": 12, "2->3": 2, "3->2": 3, "3->6": 2, "6->3": 3, "8->10": 2, "10->8": 3, "10->12": 2, "12->10": 3, "12->14": 2, "14->12": 3, "15->18": 2, "18->15": 3, "18->19": 2, "19->18": 3, "19->22": 2, "22->19": 3, "22->23": 2, "23->22": 3, "23->27": 2, "27->23": 3, "27->30": 2, "30->27": 3, "30->31": 2, "31->30": 3, "31->33": 2, "33->31": 3, "33->35": 2, "35->33": 3}, "metrics": [1.0, 0.0, 2.0, 2.0, 18.0, 2.0, 0.0, 0.0, 1.0, 0.0, 0.0]}