{"nodelist": ["ClassDeclaration", "{'public', 'static'}", "public", "static", "MyRegionServer", "FieldDeclaration", "{'volatile', 'static'}", "volatile", "static", "ReferenceType", "ServerName", "VariableDeclarator", "abortedServer", "Literal", "null", "FieldDeclaration", "{'volatile', 'static'}", "volatile", "static", "BasicType", "boolean", "VariableDeclarator", "simulateRetry", "Literal", "false", "ConstructorDeclaration", "{'public'}", "public", "MyRegionServer", "FormalParameter", "ReferenceType", "Configuration", "conf", "FormalParameter", "ReferenceType", "CoordinatedStateManager", "cp", "IOException", "KeeperException", "InterruptedException", "StatementExpression", "SuperConstructorInvocation", "MemberReference", "conf", "MemberReference", "cp", "MethodDeclaration", "{'public'}", "public", "Annotation", "Override", "BasicType", "boolean", "reportRegionStateTransition", "FormalParameter", "ReferenceType", "TransitionCode", "code", "FormalParameter", "BasicType", "long", "openSeqNum", "FormalParameter", "ReferenceType", "HRegionInfo", "hris", "True", "IfStatement", "MemberReference", "simulateRetry", "BlockStatement", "StatementExpression", "SuperMethodInvocation", "MemberReference", "code", "MemberReference", "openSeqNum", "MemberReference", "hris", "reportRegionStateTransition", "ReturnStatement", "SuperMethodInvocation", "MemberReference", "code", "MemberReference", "openSeqNum", "MemberReference", "hris", "reportRegionStateTransition", "ReturnStatement", "SuperMethodInvocation", "MemberReference", "code", "MemberReference", "openSeqNum", "MemberReference", "hris", "reportRegionStateTransition", "MethodDeclaration", "{'public'}", "public", "Annotation", "Override", "BasicType", "boolean", "isAborted", "ReturnStatement", "BinaryOperation", "||", "MethodInvocation", "MethodInvocation", "MemberReference", "abortedServer", "equals", "getServerName", "SuperMethodInvocation", "isAborted", "ReferenceType", "MiniHBaseClusterRegionServer"], "nodes": {"0": "ClassDeclaration", "1": "Modifier", "2": "public", "3": "static", "4": "MyRegionServer", "5": "FieldDeclaration", "6": "Modifier", "7": "volatile", "8": "static", "9": "ReferenceType", "10": "ServerName", "11": "VariableDeclarator", "12": "abortedServer", "13": "Literal", "14": "null", "15": "FieldDeclaration", "16": "Modifier", "17": "volatile", "18": "static", "19": "BasicType", "20": "boolean", "21": "VariableDeclarator", "22": "simulateRetry", "23": "Literal", "24": "false", "25": "ConstructorDeclaration", "26": "Modifier", "27": "public", "28": "MyRegionServer", "29": "FormalParameter", "30": "ReferenceType", "31": "Configuration", "32": "conf", "33": "FormalParameter", "34": "ReferenceType", "35": "CoordinatedStateManager", "36": "cp", "37": "IOException", "38": "KeeperException", "39": "InterruptedException", "40": "StatementExpression", "41": "SuperConstructorInvocation", "42": "MemberReference", "43": "conf", "44": "MemberReference", "45": "cp", "46": "MethodDeclaration", "47": "Modifier", "48": "public", "49": "Annotation", "50": "Override", "51": "BasicType", "52": "boolean", "53": "reportRegionStateTransition", "54": "FormalParameter", "55": "ReferenceType", "56": "TransitionCode", "57": "code", "58": "FormalParameter", "59": "BasicType", "60": "long", "61": "openSeqNum", "62": "FormalParameter", "63": "ReferenceType", "64": "HRegionInfo", "65": "hris", "66": "", "67": "IfStatement", "68": "MemberReference", "69": "simulateRetry", "70": "BlockStatement", "71": "StatementExpression", "72": "SuperMethodInvocation", "73": "MemberReference", "74": "code", "75": "MemberReference", "76": "openSeqNum", "77": "MemberReference", "78": "hris", "79": "reportRegionStateTransition", "80": "ReturnStatement", "81": "SuperMethodInvocation", "82": "MemberReference", "83": "code", "84": "MemberReference", "85": "openSeqNum", "86": "MemberReference", "87": "hris", "88": "reportRegionStateTransition", "89": "ReturnStatement", "90": "SuperMethodInvocation", "91": "MemberReference", "92": "code", "93": "MemberReference", "94": "openSeqNum", "95": "MemberReference", "96": "hris", "97": "reportRegionStateTransition", "98": "MethodDeclaration", "99": "Modifier", "100": "public", "101": "Annotation", "102": "Override", "103": "BasicType", "104": "boolean", "105": "isAborted", "106": "ReturnStatement", "107": "BinaryOperation", "108": "||", "109": "MethodInvocation", "110": "MethodInvocation", "111": "MemberReference", "112": "abortedServer", "113": "equals", "114": "getServerName", "115": "SuperMethodInvocation", "116": "isAborted", "117": "ReferenceType", "118": "MiniHBaseClusterRegionServer"}, "edges": {"0->1": 0, "1->0": 0, "1->2": 0, "2->1": 0, "1->3": 0, "3->1": 0, "0->4": 0, "4->0": 0, "0->5": 0, "5->0": 0, "5->6": 0, "6->5": 0, "6->7": 0, "7->6": 0, "6->8": 0, "8->6": 0, "5->9": 0, "9->5": 0, "9->10": 0, "10->9": 0, "5->11": 0, "11->5": 0, "11->12": 0, "12->11": 0, "11->13": 0, "13->11": 0, "13->14": 0, "14->13": 0, "0->15": 0, "15->0": 0, "15->16": 0, "16->15": 0, "16->17": 0, "17->16": 0, "16->18": 0, "18->16": 0, "15->19": 0, "19->15": 0, "19->20": 0, "20->19": 0, "15->21": 0, "21->15": 0, "21->22": 0, "22->21": 0, "21->23": 0, "23->21": 0, "23->24": 0, "24->23": 0, "0->25": 0, "25->0": 0, "25->26": 0, "26->25": 0, "26->27": 0, "27->26": 0, "25->28": 0, "28->25": 0, "25->29": 0, "29->25": 0, "29->30": 0, "30->29": 0, "30->31": 0, "31->30": 0, "29->32": 0, "32->29": 0, "25->33": 0, "33->25": 0, "33->34": 0, "34->33": 0, "34->35": 0, "35->34": 0, "33->36": 0, "36->33": 0, "25->37": 0, "37->25": 0, "25->38": 0, "38->25": 0, "25->39": 0, "39->25": 0, "25->40": 0, "40->25": 0, "40->41": 0, "41->40": 0, "41->42": 0, "42->41": 0, "42->43": 0, "43->42": 0, "41->44": 0, "44->41": 0, "44->45": 0, "45->44": 0, "0->46": 0, "46->0": 0, "46->47": 0, "47->46": 0, "47->48": 0, "48->47": 0, "46->49": 0, "49->46": 0, "49->50": 0, "50->49": 0, "46->51": 0, "51->46": 0, "51->52": 0, "52->51": 0, "46->53": 0, "53->46": 0, "46->54": 0, "54->46": 0, "54->55": 0, "55->54": 0, "55->56": 0, "56->55": 0, "54->57": 0, "57->54": 0, "46->58": 0, "58->46": 0, "58->59": 0, "59->58": 0, "59->60": 0, "60->59": 0, "58->61": 0, "61->58": 0, "46->62": 0, "62->46": 0, "62->63": 0, "63->62": 0, "63->64": 0, "64->63": 0, "62->65": 0, "65->62": 0, "62->66": 0, "66->62": 0, "46->67": 0, "67->46": 0, "67->68": 0, "68->67": 0, "68->69": 0, "69->68": 0, "67->70": 0, "70->67": 0, "70->71": 0, "71->70": 0, "71->72": 0, "72->71": 0, "72->73": 0, "73->72": 0, "73->74": 0, "74->73": 0, "72->75": 0, "75->72": 0, "75->76": 0, "76->75": 0, "72->77": 0, "77->72": 0, "77->78": 0, "78->77": 0, "72->79": 0, "79->72": 0, "70->80": 0, "80->70": 0, "80->81": 0, "81->80": 0, "81->82": 0, "82->81": 0, "82->83": 0, "83->82": 0, "81->84": 0, "84->81": 0, "84->85": 0, "85->84": 0, "81->86": 0, "86->81": 0, "86->87": 0, "87->86": 0, "81->88": 0, "88->81": 0, "46->89": 0, "89->46": 0, "89->90": 0, "90->89": 0, "90->91": 0, "91->90": 0, "91->92": 0, "92->91": 0, "90->93": 0, "93->90": 0, "93->94": 0, "94->93": 0, "90->95": 0, "95->90": 0, "95->96": 0, "96->95": 0, "90->97": 0, "97->90": 0, "0->98": 0, "98->0": 0, "98->99": 0, "99->98": 0, "99->100": 0, "100->99": 0, "98->101": 0, "101->98": 0, "101->102": 0, "102->101": 0, "98->103": 0, "103->98": 0, "103->104": 0, "104->103": 0, "98->105": 0, "105->98": 0, "98->106": 0, "106->98": 0, "106->107": 0, "107->106": 0, "107->108": 0, "108->107": 0, "107->109": 0, "109->107": 0, "109->110": 0, "110->109": 0, "110->111": 0, "111->110": 0, "111->112": 0, "112->111": 0, "110->113": 0, "113->110": 0, "109->114": 0, "114->109": 0, "107->115": 0, "115->107": 0, "115->116": 0, "116->115": 0, "0->117": 0, "117->0": 0, "117->118": 0, "118->117": 0, "1->4": 1, "4->1": 12, "4->5": 1, "5->4": 12, "5->15": 1, "15->5": 12, "15->25": 1, "25->15": 12, "25->46": 1, "46->25": 12, "46->98": 1, "98->46": 12, "98->117": 1, "117->98": 12, "2->3": 2, "3->2": 3, "6->9": 1, "9->6": 12, "9->11": 1, "11->9": 12, "7->8": 2, "8->7": 3, "12->13": 1, "13->12": 12, "16->19": 1, "19->16": 12, "19->21": 1, "21->19": 12, "17->18": 2, "18->17": 3, "22->23": 1, "23->22": 12, "26->28": 1, "28->26": 12, "28->29": 1, "29->28": 12, "29->33": 1, "33->29": 12, "33->37": 1, "37->33": 12, "37->38": 2, "38->37": 3, "38->39": 2, "39->38": 3, "39->40": 1, "40->39": 12, "30->32": 1, "32->30": 12, "34->36": 1, "36->34": 12, "42->44": 1, "44->42": 12, "47->49": 1, "49->47": 12, "49->51": 1, "51->49": 12, "51->53": 1, "53->51": 12, "53->54": 1, "54->53": 12, "54->58": 1, "58->54": 12, "58->62": 1, "62->58": 12, "62->67": 1, "67->62": 12, "67->89": 1, "89->67": 12, "55->57": 1, "57->55": 12, "59->61": 1, "61->59": 12, "63->65": 1, "65->63": 12, "65->66": 2, "66->65": 3, "68->70": 6, "70->68": 6, "71->80": 10, "80->71": 11, "73->75": 1, "75->73": 12, "75->77": 1, "77->75": 12, "77->79": 1, "79->77": 12, "82->84": 1, "84->82": 12, "84->86": 1, "86->84": 12, "86->88": 1, "88->86": 12, "91->93": 1, "93->91": 12, "93->95": 1, "95->93": 12, "95->97": 1, "97->95": 12, "99->101": 1, "101->99": 12, "101->103": 1, "103->101": 12, "103->105": 1, "105->103": 12, "105->106": 1, "106->105": 12, "108->109": 1, "109->108": 12, "109->115": 1, "115->109": 12, "110->114": 1, "114->110": 12, "111->113": 1, "113->111": 12, "3->4": 2, "4->3": 3, "4->7": 2, "7->4": 3, "8->10": 2, "10->8": 3, "10->12": 2, "12->10": 3, "12->14": 2, "14->12": 3, "14->17": 2, "17->14": 3, "18->20": 2, "20->18": 3, "20->22": 2, "22->20": 3, "22->24": 2, "24->22": 3, "24->27": 2, "27->24": 3, "27->28": 2, "28->27": 3, "28->31": 2, "31->28": 3, "31->32": 2, "32->31": 3, "32->35": 2, "35->32": 3, "35->36": 2, "36->35": 3, "36->37": 2, "37->36": 3, "39->43": 2, "43->39": 3, "43->45": 2, "45->43": 3, "45->48": 2, "48->45": 3, "48->50": 2, "50->48": 3, "50->52": 2, "52->50": 3, "52->53": 2, "53->52": 3, "53->56": 2, "56->53": 3, "56->57": 2, "57->56": 3, "57->60": 2, "60->57": 3, "60->61": 2, "61->60": 3, "61->64": 2, "64->61": 3, "64->65": 2, "65->64": 3, "66->69": 2, "69->66": 3, "69->74": 2, "74->69": 3, "74->76": 2, "76->74": 3, "76->78": 2, "78->76": 3, "78->79": 2, "79->78": 3, "79->83": 2, "83->79": 3, "83->85": 2, "85->83": 3, "85->87": 2, "87->85": 3, "87->88": 2, "88->87": 3, "88->92": 2, "92->88": 3, "92->94": 2, "94->92": 3, "94->96": 2, "96->94": 3, "96->97": 2, "97->96": 3, "97->100": 2, "100->97": 3, "100->102": 2, "102->100": 3, "102->104": 2, "104->102": 3, "104->105": 2, "105->104": 3, "105->108": 2, "108->105": 3, "108->112": 2, "112->108": 3, "112->113": 2, "113->112": 3, "113->114": 2, "114->113": 3, "114->116": 2, "116->114": 3, "116->118": 2, "118->116": 3, "74->83": 4, "83->74": 5, "83->92": 4, "92->83": 5, "76->85": 4, "85->76": 5, "85->94": 4, "94->85": 5, "78->87": 4, "87->78": 5, "87->96": 4, "96->87": 5}, "metrics": [2.0, 0.0, 3.0, 3.0, 17.0, 4.0, 0.0, 0.0, 1.0, 0.0, 3.0]}