{"nodelist": ["ClassDeclaration", "{'static'}", "static", "FaultyInputStream", "FieldDeclaration", "BasicType", "boolean", "VariableDeclarator", "faultsStarted", "Literal", "false", "ConstructorDeclaration", "{'public'}", "public", "FaultyInputStream", "FormalParameter", "ReferenceType", "InputStream", "in", "IOException", "StatementExpression", "SuperConstructorInvocation", "MemberReference", "in", "MethodDeclaration", "{'public'}", "public", "startFaults", "StatementExpression", "Assignment", "MemberReference", "faultsStarted", "Literal", "true", "=", "MethodDeclaration", "{'public'}", "public", "BasicType", "int", "read", "FormalParameter", "BasicType", "long", "position", "FormalParameter", "BasicType", "byte", "buffer", "FormalParameter", "BasicType", "int", "offset", "FormalParameter", "BasicType", "int", "length", "IOException", "StatementExpression", "MethodInvocation", "injectFault", "ReturnStatement", "Cast", "ReferenceType", "PositionedReadable", "MemberReference", "in", "MethodDeclaration", "{'private'}", "private", "injectFault", "IOException", "IfStatement", "MemberReference", "faultsStarted", "BlockStatement", "ThrowStatement", "ClassCreator", "ReferenceType", "IOException", "Literal", "\"Fault injected\"", "ReferenceType", "FSDataInputStream"], "nodes": {"0": "ClassDeclaration", "1": "Modifier", "2": "static", "3": "FaultyInputStream", "4": "FieldDeclaration", "5": "BasicType", "6": "boolean", "7": "VariableDeclarator", "8": "faultsStarted", "9": "Literal", "10": "false", "11": "ConstructorDeclaration", "12": "Modifier", "13": "public", "14": "FaultyInputStream", "15": "FormalParameter", "16": "ReferenceType", "17": "InputStream", "18": "in", "19": "IOException", "20": "StatementExpression", "21": "SuperConstructorInvocation", "22": "MemberReference", "23": "in", "24": "MethodDeclaration", "25": "Modifier", "26": "public", "27": "startFaults", "28": "StatementExpression", "29": "Assignment", "30": "MemberReference", "31": "faultsStarted", "32": "Literal", "33": "true", "34": "=", "35": "MethodDeclaration", "36": "Modifier", "37": "public", "38": "BasicType", "39": "int", "40": "read", "41": "FormalParameter", "42": "BasicType", "43": "long", "44": "position", "45": "FormalParameter", "46": "BasicType", "47": "byte", "48": "buffer", "49": "FormalParameter", "50": "BasicType", "51": "int", "52": "offset", "53": "FormalParameter", "54": "BasicType", "55": "int", "56": "length", "57": "IOException", "58": "StatementExpression", "59": "MethodInvocation", "60": "injectFault", "61": "ReturnStatement", "62": "Cast", "63": "ReferenceType", "64": "PositionedReadable", "65": "MemberReference", "66": "in", "67": "MethodDeclaration", "68": "Modifier", "69": "private", "70": "injectFault", "71": "IOException", "72": "IfStatement", "73": "MemberReference", "74": "faultsStarted", "75": "BlockStatement", "76": "ThrowStatement", "77": "ClassCreator", "78": "ReferenceType", "79": "IOException", "80": "Literal", "81": "\"Fault injected\"", "82": "ReferenceType", "83": "FSDataInputStream"}, "edges": {"0->1": 0, "1->0": 0, "1->2": 0, "2->1": 0, "0->3": 0, "3->0": 0, "0->4": 0, "4->0": 0, "4->5": 0, "5->4": 0, "5->6": 0, "6->5": 0, "4->7": 0, "7->4": 0, "7->8": 0, "8->7": 0, "7->9": 0, "9->7": 0, "9->10": 0, "10->9": 0, "0->11": 0, "11->0": 0, "11->12": 0, "12->11": 0, "12->13": 0, "13->12": 0, "11->14": 0, "14->11": 0, "11->15": 0, "15->11": 0, "15->16": 0, "16->15": 0, "16->17": 0, "17->16": 0, "15->18": 0, "18->15": 0, "11->19": 0, "19->11": 0, "11->20": 0, "20->11": 0, "20->21": 0, "21->20": 0, "21->22": 0, "22->21": 0, "22->23": 0, "23->22": 0, "0->24": 0, "24->0": 0, "24->25": 0, "25->24": 0, "25->26": 0, "26->25": 0, "24->27": 0, "27->24": 0, "24->28": 0, "28->24": 0, "28->29": 0, "29->28": 0, "29->30": 0, "30->29": 0, "30->31": 0, "31->30": 0, "29->32": 0, "32->29": 0, "32->33": 0, "33->32": 0, "29->34": 0, "34->29": 0, "0->35": 0, "35->0": 0, "35->36": 0, "36->35": 0, "36->37": 0, "37->36": 0, "35->38": 0, "38->35": 0, "38->39": 0, "39->38": 0, "35->40": 0, "40->35": 0, "35->41": 0, "41->35": 0, "41->42": 0, "42->41": 0, "42->43": 0, "43->42": 0, "41->44": 0, "44->41": 0, "35->45": 0, "45->35": 0, "45->46": 0, "46->45": 0, "46->47": 0, "47->46": 0, "45->48": 0, "48->45": 0, "35->49": 0, "49->35": 0, "49->50": 0, "50->49": 0, "50->51": 0, "51->50": 0, "49->52": 0, "52->49": 0, "35->53": 0, "53->35": 0, "53->54": 0, "54->53": 0, "54->55": 0, "55->54": 0, "53->56": 0, "56->53": 0, "35->57": 0, "57->35": 0, "35->58": 0, "58->35": 0, "58->59": 0, "59->58": 0, "59->60": 0, "60->59": 0, "35->61": 0, "61->35": 0, "61->62": 0, "62->61": 0, "62->63": 0, "63->62": 0, "63->64": 0, "64->63": 0, "62->65": 0, "65->62": 0, "65->66": 0, "66->65": 0, "0->67": 0, "67->0": 0, "67->68": 0, "68->67": 0, "68->69": 0, "69->68": 0, "67->70": 0, "70->67": 0, "67->71": 0, "71->67": 0, "67->72": 0, "72->67": 0, "72->73": 0, "73->72": 0, "73->74": 0, "74->73": 0, "72->75": 0, "75->72": 0, "75->76": 0, "76->75": 0, "76->77": 0, "77->76": 0, "77->78": 0, "78->77": 0, "78->79": 0, "79->78": 0, "77->80": 0, "80->77": 0, "80->81": 0, "81->80": 0, "0->82": 0, "82->0": 0, "82->83": 0, "83->82": 0, "1->3": 1, "3->1": 12, "3->4": 1, "4->3": 12, "4->11": 1, "11->4": 12, "11->24": 1, "24->11": 12, "24->35": 1, "35->24": 12, "35->67": 1, "67->35": 12, "67->82": 1, "82->67": 12, "5->7": 1, "7->5": 12, "8->9": 1, "9->8": 12, "12->14": 1, "14->12": 12, "14->15": 1, "15->14": 12, "15->19": 1, "19->15": 12, "19->20": 1, "20->19": 12, "16->18": 1, "18->16": 12, "25->27": 1, "27->25": 12, "27->28": 1, "28->27": 12, "30->32": 1, "32->30": 12, "32->34": 1, "34->32": 12, "36->38": 1, "38->36": 12, "38->40": 1, "40->38": 12, "40->41": 1, "41->40": 12, "41->45": 1, "45->41": 12, "45->49": 1, "49->45": 12, "49->53": 1, "53->49": 12, "53->57": 1, "57->53": 12, "57->58": 1, "58->57": 12, "58->61": 1, "61->58": 12, "42->44": 1, "44->42": 12, "46->48": 1, "48->46": 12, "50->52": 1, "52->50": 12, "54->56": 1, "56->54": 12, "63->65": 1, "65->63": 12, "68->70": 1, "70->68": 12, "70->71": 2, "71->70": 3, "71->72": 1, "72->71": 12, "73->75": 6, "75->73": 6, "78->80": 1, "80->78": 12, "2->3": 2, "3->2": 3, "3->6": 2, "6->3": 3, "6->8": 2, "8->6": 3, "8->10": 2, "10->8": 3, "10->13": 2, "13->10": 3, "13->14": 2, "14->13": 3, "14->17": 2, "17->14": 3, "17->18": 2, "18->17": 3, "18->19": 2, "19->18": 3, "19->23": 2, "23->19": 3, "23->26": 2, "26->23": 3, "26->27": 2, "27->26": 3, "27->31": 2, "31->27": 3, "31->33": 2, "33->31": 3, "33->34": 2, "34->33": 3, "34->37": 2, "37->34": 3, "37->39": 2, "39->37": 3, "39->40": 2, "40->39": 3, "40->43": 2, "43->40": 3, "43->44": 2, "44->43": 3, "44->47": 2, "47->44": 3, "47->48": 2, "48->47": 3, "48->51": 2, "51->48": 3, "51->52": 2, "52->51": 3, "52->55": 2, "55->52": 3, "55->56": 2, "56->55": 3, "56->57": 2, "57->56": 3, "57->60": 2, "60->57": 3, "60->64": 2, "64->60": 3, "64->66": 2, "66->64": 3, "66->69": 2, "69->66": 3, "69->70": 2, "70->69": 3, "71->74": 2, "74->71": 3, "74->79": 2, "79->74": 3, "79->81": 2, "81->79": 3, "81->83": 2, "83->81": 3, "23->66": 4, "66->23": 5, "31->74": 4, "74->31": 5}, "metrics": [1.0, 0.0, 4.0, 3.0, 18.0, 5.0, 0.0, 0.0, 0.5, 2.0, 0.0]}