{"nodelist": ["ClassDeclaration", "{'static'}", "static", "Annotation", "VisibleForTesting", "SaslClientCallbackHandler", "FieldDeclaration", "{'final', 'private'}", "final", "private", "ReferenceType", "String", "VariableDeclarator", "userName", "FieldDeclaration", "{'final', 'private'}", "final", "private", "BasicType", "char", "VariableDeclarator", "userPassword", "ConstructorDeclaration", "{'public'}", "public", "SaslClientCallbackHandler", "FormalParameter", "ReferenceType", "Token", "TypeArgument", "ReferenceType", "TokenIdentifier", "extends", "token", "StatementExpression", "Assignment", "This", "MemberReference", "userName", "MethodInvocation", "SaslUtil", "MethodInvocation", "token", "getIdentifier", "encodeIdentifier", "=", "StatementExpression", "Assignment", "This", "MemberReference", "userPassword", "MethodInvocation", "SaslUtil", "MethodInvocation", "token", "getPassword", "encodePassword", "=", "MethodDeclaration", "{'public'}", "public", "handle", "FormalParameter", "ReferenceType", "Callback", "callbacks", "UnsupportedCallbackException", "LocalVariableDeclaration", "ReferenceType", "NameCallback", "VariableDeclarator", "nc", "Literal", "null", "LocalVariableDeclaration", "ReferenceType", "PasswordCallback", "VariableDeclarator", "pc", "Literal", "null", "LocalVariableDeclaration", "ReferenceType", "RealmCallback", "VariableDeclarator", "rc", "Literal", "null", "ForStatement", "EnhancedForControl", "VariableDeclaration", "ReferenceType", "Callback", "VariableDeclarator", "callback", "MemberReference", "callbacks", "BlockStatement", "IfStatement", "BinaryOperation", "instanceof", "MemberReference", "callback", "ReferenceType", "RealmChoiceCallback", "BlockStatement", "ContinueStatement", "IfStatement", "BinaryOperation", "instanceof", "MemberReference", "callback", "ReferenceType", "NameCallback", "BlockStatement", "StatementExpression", "Assignment", "MemberReference", "nc", "Cast", "ReferenceType", "NameCallback", "MemberReference", "callback", "=", "IfStatement", "BinaryOperation", "instanceof", "MemberReference", "callback", "ReferenceType", "PasswordCallback", "BlockStatement", "StatementExpression", "Assignment", "MemberReference", "pc", "Cast", "ReferenceType", "PasswordCallback", "MemberReference", "callback", "=", "IfStatement", "BinaryOperation", "instanceof", "MemberReference", "callback", "ReferenceType", "RealmCallback", "BlockStatement", "StatementExpression", "Assignment", "MemberReference", "rc", "Cast", "ReferenceType", "RealmCallback", "MemberReference", "callback", "=", "BlockStatement", "ThrowStatement", "ClassCreator", "ReferenceType", "UnsupportedCallbackException", "MemberReference", "callback", "Literal", "\"Unrecognized SASL client callback\"", "IfStatement", "BinaryOperation", "!=", "MemberReference", "nc", "Literal", "null", "BlockStatement", "IfStatement", "MethodInvocation", "LOG", "isDebugEnabled", "StatementExpression", "MethodInvocation", "LOG", "BinaryOperation", "+", "Literal", "\"SASL client callback: setting username: \"", "MemberReference", "userName", "debug", "StatementExpression", "MethodInvocation", "nc", "MemberReference", "userName", "setName", "IfStatement", "BinaryOperation", "!=", "MemberReference", "pc", "Literal", "null", "BlockStatement", "IfStatement", "MethodInvocation", "LOG", "isDebugEnabled", "StatementExpression", "MethodInvocation", "LOG", "Literal", "\"SASL client callback: setting userPassword\"", "debug", "StatementExpression", "MethodInvocation", "pc", "MemberReference", "userPassword", "setPassword", "IfStatement", "BinaryOperation", "!=", "MemberReference", "rc", "Literal", "null", "BlockStatement", "IfStatement", "MethodInvocation", "LOG", "isDebugEnabled", "StatementExpression", "MethodInvocation", "LOG", "BinaryOperation", "+", "Literal", "\"SASL client callback: setting realm: \"", "MethodInvocation", "rc", "getDefaultText", "debug", "StatementExpression", "MethodInvocation", "rc", "MethodInvocation", "rc", "getDefaultText", "setText", "ReferenceType", "CallbackHandler"], "nodes": {"0": "ClassDeclaration", "1": "Modifier", "2": "static", "3": "Annotation", "4": "VisibleForTesting", "5": "SaslClientCallbackHandler", "6": "FieldDeclaration", "7": "Modifier", "8": "final", "9": "private", "10": "ReferenceType", "11": "String", "12": "VariableDeclarator", "13": "userName", "14": "FieldDeclaration", "15": "Modifier", "16": "final", "17": "private", "18": "BasicType", "19": "char", "20": "VariableDeclarator", "21": "userPassword", "22": "ConstructorDeclaration", "23": "Modifier", "24": "public", "25": "SaslClientCallbackHandler", "26": "FormalParameter", "27": "ReferenceType", "28": "Token", "29": "TypeArgument", "30": "ReferenceType", "31": "TokenIdentifier", "32": "extends", "33": "token", "34": "StatementExpression", "35": "Assignment", "36": "This", "37": "MemberReference", "38": "userName", "39": "MethodInvocation", "40": "SaslUtil", "41": "MethodInvocation", "42": "token", "43": "getIdentifier", "44": "encodeIdentifier", "45": "=", "46": "StatementExpression", "47": "Assignment", "48": "This", "49": "MemberReference", "50": "userPassword", "51": "MethodInvocation", "52": "SaslUtil", "53": "MethodInvocation", "54": "token", "55": "getPassword", "56": "encodePassword", "57": "=", "58": "MethodDeclaration", "59": "Modifier", "60": "public", "61": "handle", "62": "FormalParameter", "63": "ReferenceType", "64": "Callback", "65": "callbacks", "66": "UnsupportedCallbackException", "67": "LocalVariableDeclaration", "68": "ReferenceType", "69": "NameCallback", "70": "VariableDeclarator", "71": "nc", "72": "Literal", "73": "null", "74": "LocalVariableDeclaration", "75": "ReferenceType", "76": "PasswordCallback", "77": "VariableDeclarator", "78": "pc", "79": "Literal", "80": "null", "81": "LocalVariableDeclaration", "82": "ReferenceType", "83": "RealmCallback", "84": "VariableDeclarator", "85": "rc", "86": "Literal", "87": "null", "88": "ForStatement", "89": "EnhancedForControl", "90": "VariableDeclaration", "91": "ReferenceType", "92": "Callback", "93": "VariableDeclarator", "94": "callback", "95": "MemberReference", "96": "callbacks", "97": "BlockStatement", "98": "IfStatement", "99": "BinaryOperation", "100": "instanceof", "101": "MemberReference", "102": "callback", "103": "ReferenceType", "104": "RealmChoiceCallback", "105": "BlockStatement", "106": "ContinueStatement", "107": "IfStatement", "108": "BinaryOperation", "109": "instanceof", "110": "MemberReference", "111": "callback", "112": "ReferenceType", "113": "NameCallback", "114": "BlockStatement", "115": "StatementExpression", "116": "Assignment", "117": "MemberReference", "118": "nc", "119": "Cast", "120": "ReferenceType", "121": "NameCallback", "122": "MemberReference", "123": "callback", "124": "=", "125": "IfStatement", "126": "BinaryOperation", "127": "instanceof", "128": "MemberReference", "129": "callback", "130": "ReferenceType", "131": "PasswordCallback", "132": "BlockStatement", "133": "StatementExpression", "134": "Assignment", "135": "MemberReference", "136": "pc", "137": "Cast", "138": "ReferenceType", "139": "PasswordCallback", "140": "MemberReference", "141": "callback", "142": "=", "143": "IfStatement", "144": "BinaryOperation", "145": "instanceof", "146": "MemberReference", "147": "callback", "148": "ReferenceType", "149": "RealmCallback", "150": "BlockStatement", "151": "StatementExpression", "152": "Assignment", "153": "MemberReference", "154": "rc", "155": "Cast", "156": "ReferenceType", "157": "RealmCallback", "158": "MemberReference", "159": "callback", "160": "=", "161": "BlockStatement", "162": "ThrowStatement", "163": "ClassCreator", "164": "ReferenceType", "165": "UnsupportedCallbackException", "166": "MemberReference", "167": "callback", "168": "Literal", "169": "\"Unrecognized SASL client callback\"", "170": "IfStatement", "171": "BinaryOperation", "172": "!=", "173": "MemberReference", "174": "nc", "175": "Literal", "176": "null", "177": "BlockStatement", "178": "IfStatement", "179": "MethodInvocation", "180": "LOG", "181": "isDebugEnabled", "182": "StatementExpression", "183": "MethodInvocation", "184": "LOG", "185": "BinaryOperation", "186": "+", "187": "Literal", "188": "\"SASL client callback: setting username: \"", "189": "MemberReference", "190": "userName", "191": "debug", "192": "StatementExpression", "193": "MethodInvocation", "194": "nc", "195": "MemberReference", "196": "userName", "197": "setName", "198": "IfStatement", "199": "BinaryOperation", "200": "!=", "201": "MemberReference", "202": "pc", "203": "Literal", "204": "null", "205": "BlockStatement", "206": "IfStatement", "207": "MethodInvocation", "208": "LOG", "209": "isDebugEnabled", "210": "StatementExpression", "211": "MethodInvocation", "212": "LOG", "213": "Literal", "214": "\"SASL client callback: setting userPassword\"", "215": "debug", "216": "StatementExpression", "217": "MethodInvocation", "218": "pc", "219": "MemberReference", "220": "userPassword", "221": "setPassword", "222": "IfStatement", "223": "BinaryOperation", "224": "!=", "225": "MemberReference", "226": "rc", "227": "Literal", "228": "null", "229": "BlockStatement", "230": "IfStatement", "231": "MethodInvocation", "232": "LOG", "233": "isDebugEnabled", "234": "StatementExpression", "235": "MethodInvocation", "236": "LOG", "237": "BinaryOperation", "238": "+", "239": "Literal", "240": "\"SASL client callback: setting realm: \"", "241": "MethodInvocation", "242": "rc", "243": "getDefaultText", "244": "debug", "245": "StatementExpression", "246": "MethodInvocation", "247": "rc", "248": "MethodInvocation", "249": "rc", "250": "getDefaultText", "251": "setText", "252": "ReferenceType", "253": "CallbackHandler"}, "edges": {"0->1": 0, "1->0": 0, "1->2": 0, "2->1": 0, "0->3": 0, "3->0": 0, "3->4": 0, "4->3": 0, "0->5": 0, "5->0": 0, "0->6": 0, "6->0": 0, "6->7": 0, "7->6": 0, "7->8": 0, "8->7": 0, "7->9": 0, "9->7": 0, "6->10": 0, "10->6": 0, "10->11": 0, "11->10": 0, "6->12": 0, "12->6": 0, "12->13": 0, "13->12": 0, "0->14": 0, "14->0": 0, "14->15": 0, "15->14": 0, "15->16": 0, "16->15": 0, "15->17": 0, "17->15": 0, "14->18": 0, "18->14": 0, "18->19": 0, "19->18": 0, "14->20": 0, "20->14": 0, "20->21": 0, "21->20": 0, "0->22": 0, "22->0": 0, "22->23": 0, "23->22": 0, "23->24": 0, "24->23": 0, "22->25": 0, "25->22": 0, "22->26": 0, "26->22": 0, "26->27": 0, "27->26": 0, "27->28": 0, "28->27": 0, "27->29": 0, "29->27": 0, "29->30": 0, "30->29": 0, "30->31": 0, "31->30": 0, "29->32": 0, "32->29": 0, "26->33": 0, "33->26": 0, "22->34": 0, "34->22": 0, "34->35": 0, "35->34": 0, "35->36": 0, "36->35": 0, "36->37": 0, "37->36": 0, "37->38": 0, "38->37": 0, "35->39": 0, "39->35": 0, "39->40": 0, "40->39": 0, "39->41": 0, "41->39": 0, "41->42": 0, "42->41": 0, "41->43": 0, "43->41": 0, "39->44": 0, "44->39": 0, "35->45": 0, "45->35": 0, "22->46": 0, "46->22": 0, "46->47": 0, "47->46": 0, "47->48": 0, "48->47": 0, "48->49": 0, "49->48": 0, "49->50": 0, "50->49": 0, "47->51": 0, "51->47": 0, "51->52": 0, "52->51": 0, "51->53": 0, "53->51": 0, "53->54": 0, "54->53": 0, "53->55": 0, "55->53": 0, "51->56": 0, "56->51": 0, "47->57": 0, "57->47": 0, "0->58": 0, "58->0": 0, "58->59": 0, "59->58": 0, "59->60": 0, "60->59": 0, "58->61": 0, "61->58": 0, "58->62": 0, "62->58": 0, "62->63": 0, "63->62": 0, "63->64": 0, "64->63": 0, "62->65": 0, "65->62": 0, "58->66": 0, "66->58": 0, "58->67": 0, "67->58": 0, "67->68": 0, "68->67": 0, "68->69": 0, "69->68": 0, "67->70": 0, "70->67": 0, "70->71": 0, "71->70": 0, "70->72": 0, "72->70": 0, "72->73": 0, "73->72": 0, "58->74": 0, "74->58": 0, "74->75": 0, "75->74": 0, "75->76": 0, "76->75": 0, "74->77": 0, "77->74": 0, "77->78": 0, "78->77": 0, "77->79": 0, "79->77": 0, "79->80": 0, "80->79": 0, "58->81": 0, "81->58": 0, "81->82": 0, "82->81": 0, "82->83": 0, "83->82": 0, "81->84": 0, "84->81": 0, "84->85": 0, "85->84": 0, "84->86": 0, "86->84": 0, "86->87": 0, "87->86": 0, "58->88": 0, "88->58": 0, "88->89": 0, "89->88": 0, "89->90": 0, "90->89": 0, "90->91": 0, "91->90": 0, "91->92": 0, "92->91": 0, "90->93": 0, "93->90": 0, "93->94": 0, "94->93": 0, "89->95": 0, "95->89": 0, "95->96": 0, "96->95": 0, "88->97": 0, "97->88": 0, "97->98": 0, "98->97": 0, "98->99": 0, "99->98": 0, "99->100": 0, "100->99": 0, "99->101": 0, "101->99": 0, "101->102": 0, "102->101": 0, "99->103": 0, "103->99": 0, "103->104": 0, "104->103": 0, "98->105": 0, "105->98": 0, "105->106": 0, "106->105": 0, "98->107": 0, "107->98": 0, "107->108": 0, "108->107": 0, "108->109": 0, "109->108": 0, "108->110": 0, "110->108": 0, "110->111": 0, "111->110": 0, "108->112": 0, "112->108": 0, "112->113": 0, "113->112": 0, "107->114": 0, "114->107": 0, "114->115": 0, "115->114": 0, "115->116": 0, "116->115": 0, "116->117": 0, "117->116": 0, "117->118": 0, "118->117": 0, "116->119": 0, "119->116": 0, "119->120": 0, "120->119": 0, "120->121": 0, "121->120": 0, "119->122": 0, "122->119": 0, "122->123": 0, "123->122": 0, "116->124": 0, "124->116": 0, "107->125": 0, "125->107": 0, "125->126": 0, "126->125": 0, "126->127": 0, "127->126": 0, "126->128": 0, "128->126": 0, "128->129": 0, "129->128": 0, "126->130": 0, "130->126": 0, "130->131": 0, "131->130": 0, "125->132": 0, "132->125": 0, "132->133": 0, "133->132": 0, "133->134": 0, "134->133": 0, "134->135": 0, "135->134": 0, "135->136": 0, "136->135": 0, "134->137": 0, "137->134": 0, "137->138": 0, "138->137": 0, "138->139": 0, "139->138": 0, "137->140": 0, "140->137": 0, "140->141": 0, "141->140": 0, "134->142": 0, "142->134": 0, "125->143": 0, "143->125": 0, "143->144": 0, "144->143": 0, "144->145": 0, "145->144": 0, "144->146": 0, "146->144": 0, "146->147": 0, "147->146": 0, "144->148": 0, "148->144": 0, "148->149": 0, "149->148": 0, "143->150": 0, "150->143": 0, "150->151": 0, "151->150": 0, "151->152": 0, "152->151": 0, "152->153": 0, "153->152": 0, "153->154": 0, "154->153": 0, "152->155": 0, "155->152": 0, "155->156": 0, "156->155": 0, "156->157": 0, "157->156": 0, "155->158": 0, "158->155": 0, "158->159": 0, "159->158": 0, "152->160": 0, "160->152": 0, "143->161": 0, "161->143": 0, "161->162": 0, "162->161": 0, "162->163": 0, "163->162": 0, "163->164": 0, "164->163": 0, "164->165": 0, "165->164": 0, "163->166": 0, "166->163": 0, "166->167": 0, "167->166": 0, "163->168": 0, "168->163": 0, "168->169": 0, "169->168": 0, "58->170": 0, "170->58": 0, "170->171": 0, "171->170": 0, "171->172": 0, "172->171": 0, "171->173": 0, "173->171": 0, "173->174": 0, "174->173": 0, "171->175": 0, "175->171": 0, "175->176": 0, "176->175": 0, "170->177": 0, "177->170": 0, "177->178": 0, "178->177": 0, "178->179": 0, "179->178": 0, "179->180": 0, "180->179": 0, "179->181": 0, "181->179": 0, "178->182": 0, "182->178": 0, "182->183": 0, "183->182": 0, "183->184": 0, "184->183": 0, "183->185": 0, "185->183": 0, "185->186": 0, "186->185": 0, "185->187": 0, "187->185": 0, "187->188": 0, "188->187": 0, "185->189": 0, "189->185": 0, "189->190": 0, "190->189": 0, "183->191": 0, "191->183": 0, "177->192": 0, "192->177": 0, "192->193": 0, "193->192": 0, "193->194": 0, "194->193": 0, "193->195": 0, "195->193": 0, "195->196": 0, "196->195": 0, "193->197": 0, "197->193": 0, "58->198": 0, "198->58": 0, "198->199": 0, "199->198": 0, "199->200": 0, "200->199": 0, "199->201": 0, "201->199": 0, "201->202": 0, "202->201": 0, "199->203": 0, "203->199": 0, "203->204": 0, "204->203": 0, "198->205": 0, "205->198": 0, "205->206": 0, "206->205": 0, "206->207": 0, "207->206": 0, "207->208": 0, "208->207": 0, "207->209": 0, "209->207": 0, "206->210": 0, "210->206": 0, "210->211": 0, "211->210": 0, "211->212": 0, "212->211": 0, "211->213": 0, "213->211": 0, "213->214": 0, "214->213": 0, "211->215": 0, "215->211": 0, "205->216": 0, "216->205": 0, "216->217": 0, "217->216": 0, "217->218": 0, "218->217": 0, "217->219": 0, "219->217": 0, "219->220": 0, "220->219": 0, "217->221": 0, "221->217": 0, "58->222": 0, "222->58": 0, "222->223": 0, "223->222": 0, "223->224": 0, "224->223": 0, "223->225": 0, "225->223": 0, "225->226": 0, "226->225": 0, "223->227": 0, "227->223": 0, "227->228": 0, "228->227": 0, "222->229": 0, "229->222": 0, "229->230": 0, "230->229": 0, "230->231": 0, "231->230": 0, "231->232": 0, "232->231": 0, "231->233": 0, "233->231": 0, "230->234": 0, "234->230": 0, "234->235": 0, "235->234": 0, "235->236": 0, "236->235": 0, "235->237": 0, "237->235": 0, "237->238": 0, "238->237": 0, "237->239": 0, "239->237": 0, "239->240": 0, "240->239": 0, "237->241": 0, "241->237": 0, "241->242": 0, "242->241": 0, "241->243": 0, "243->241": 0, "235->244": 0, "244->235": 0, "229->245": 0, "245->229": 0, "245->246": 0, "246->245": 0, "246->247": 0, "247->246": 0, "246->248": 0, "248->246": 0, "248->249": 0, "249->248": 0, "248->250": 0, "250->248": 0, "246->251": 0, "251->246": 0, "0->252": 0, "252->0": 0, "252->253": 0, "253->252": 0, "1->3": 1, "3->1": 12, "3->5": 1, "5->3": 12, "5->6": 1, "6->5": 12, "6->14": 1, "14->6": 12, "14->22": 1, "22->14": 12, "22->58": 1, "58->22": 12, "58->252": 1, "252->58": 12, "7->10": 1, "10->7": 12, "10->12": 1, "12->10": 12, "8->9": 2, "9->8": 3, "15->18": 1, "18->15": 12, "18->20": 1, "20->18": 12, "16->17": 2, "17->16": 3, "23->25": 1, "25->23": 12, "25->26": 1, "26->25": 12, "26->34": 1, "34->26": 12, "34->46": 1, "46->34": 12, "27->33": 1, "33->27": 12, "28->29": 1, "29->28": 12, "30->32": 1, "32->30": 12, "36->39": 1, "39->36": 12, "39->45": 1, "45->39": 12, "40->41": 1, "41->40": 12, "41->44": 1, "44->41": 12, "42->43": 2, "43->42": 3, "48->51": 1, "51->48": 12, "51->57": 1, "57->51": 12, "52->53": 1, "53->52": 12, "53->56": 1, "56->53": 12, "54->55": 2, "55->54": 3, "59->61": 1, "61->59": 12, "61->62": 1, "62->61": 12, "62->66": 1, "66->62": 12, "66->67": 1, "67->66": 12, "67->74": 1, "74->67": 12, "74->81": 1, "81->74": 12, "81->88": 1, "88->81": 12, "88->170": 1, "170->88": 12, "170->198": 1, "198->170": 12, "198->222": 1, "222->198": 12, "63->65": 1, "65->63": 12, "68->70": 1, "70->68": 12, "71->72": 1, "72->71": 12, "75->77": 1, "77->75": 12, "78->79": 1, "79->78": 12, "82->84": 1, "84->82": 12, "85->86": 1, "86->85": 12, "89->97": 9, "97->89": 9, "90->95": 1, "95->90": 12, "91->93": 1, "93->91": 12, "99->105": 6, "105->99": 6, "105->107": 1, "107->105": 12, "100->101": 1, "101->100": 12, "101->103": 1, "103->101": 12, "108->114": 6, "114->108": 6, "114->125": 1, "125->114": 12, "109->110": 1, "110->109": 12, "110->112": 1, "112->110": 12, "117->119": 1, "119->117": 12, "119->124": 1, "124->119": 12, "120->122": 1, "122->120": 12, "126->132": 6, "132->126": 6, "132->143": 1, "143->132": 12, "127->128": 1, "128->127": 12, "128->130": 1, "130->128": 12, "135->137": 1, "137->135": 12, "137->142": 1, "142->137": 12, "138->140": 1, "140->138": 12, "144->150": 6, "150->144": 6, "150->161": 1, "161->150": 12, "145->146": 1, "146->145": 12, "146->148": 1, "148->146": 12, "153->155": 1, "155->153": 12, "155->160": 1, "160->155": 12, "156->158": 1, "158->156": 12, "164->166": 1, "166->164": 12, "166->168": 1, "168->166": 12, "171->177": 6, "177->171": 6, "172->173": 1, "173->172": 12, "173->175": 1, "175->173": 12, "178->192": 10, "192->178": 11, "179->182": 6, "182->179": 6, "180->181": 2, "181->180": 3, "184->185": 1, "185->184": 12, "185->191": 1, "191->185": 12, "186->187": 1, "187->186": 12, "187->189": 1, "189->187": 12, "194->195": 1, "195->194": 12, "195->197": 1, "197->195": 12, "199->205": 6, "205->199": 6, "200->201": 1, "201->200": 12, "201->203": 1, "203->201": 12, "206->216": 10, "216->206": 11, "207->210": 6, "210->207": 6, "208->209": 2, "209->208": 3, "212->213": 1, "213->212": 12, "213->215": 1, "215->213": 12, "218->219": 1, "219->218": 12, "219->221": 1, "221->219": 12, "223->229": 6, "229->223": 6, "224->225": 1, "225->224": 12, "225->227": 1, "227->225": 12, "230->245": 10, "245->230": 11, "231->234": 6, "234->231": 6, "232->233": 2, "233->232": 3, "236->237": 1, "237->236": 12, "237->244": 1, "244->237": 12, "238->239": 1, "239->238": 12, "239->241": 1, "241->239": 12, "242->243": 2, "243->242": 3, "247->248": 1, "248->247": 12, "248->251": 1, "251->248": 12, "249->250": 2, "250->249": 3, "99->107": 7, "107->99": 7, "108->125": 7, "125->108": 7, "126->143": 7, "143->126": 7, "144->161": 7, "161->144": 7, "2->4": 2, "4->2": 3, "4->5": 2, "5->4": 3, "5->8": 2, "8->5": 3, "9->11": 2, "11->9": 3, "11->13": 2, "13->11": 3, "13->16": 2, "16->13": 3, "17->19": 2, "19->17": 3, "19->21": 2, "21->19": 3, "21->24": 2, "24->21": 3, "24->25": 2, "25->24": 3, "25->28": 2, "28->25": 3, "28->31": 2, "31->28": 3, "31->32": 2, "32->31": 3, "32->33": 2, "33->32": 3, "33->38": 2, "38->33": 3, "38->40": 2, "40->38": 3, "40->42": 2, "42->40": 3, "43->44": 2, "44->43": 3, "44->45": 2, "45->44": 3, "45->50": 2, "50->45": 3, "50->52": 2, "52->50": 3, "52->54": 2, "54->52": 3, "55->56": 2, "56->55": 3, "56->57": 2, "57->56": 3, "57->60": 2, "60->57": 3, "60->61": 2, "61->60": 3, "61->64": 2, "64->61": 3, "64->65": 2, "65->64": 3, "65->66": 2, "66->65": 3, "66->69": 2, "69->66": 3, "69->71": 2, "71->69": 3, "71->73": 2, "73->71": 3, "73->76": 2, "76->73": 3, "76->78": 2, "78->76": 3, "78->80": 2, "80->78": 3, "80->83": 2, "83->80": 3, "83->85": 2, "85->83": 3, "85->87": 2, "87->85": 3, "87->92": 2, "92->87": 3, "92->94": 2, "94->92": 3, "94->96": 2, "96->94": 3, "96->100": 2, "100->96": 3, "100->102": 2, "102->100": 3, "102->104": 2, "104->102": 3, "104->106": 2, "106->104": 3, "106->109": 2, "109->106": 3, "109->111": 2, "111->109": 3, "111->113": 2, "113->111": 3, "113->118": 2, "118->113": 3, "118->121": 2, "121->118": 3, "121->123": 2, "123->121": 3, "123->124": 2, "124->123": 3, "124->127": 2, "127->124": 3, "127->129": 2, "129->127": 3, "129->131": 2, "131->129": 3, "131->136": 2, "136->131": 3, "136->139": 2, "139->136": 3, "139->141": 2, "141->139": 3, "141->142": 2, "142->141": 3, "142->145": 2, "145->142": 3, "145->147": 2, "147->145": 3, "147->149": 2, "149->147": 3, "149->154": 2, "154->149": 3, "154->157": 2, "157->154": 3, "157->159": 2, "159->157": 3, "159->160": 2, "160->159": 3, "160->165": 2, "165->160": 3, "165->167": 2, "167->165": 3, "167->169": 2, "169->167": 3, "169->172": 2, "172->169": 3, "172->174": 2, "174->172": 3, "174->176": 2, "176->174": 3, "176->180": 2, "180->176": 3, "181->184": 2, "184->181": 3, "184->186": 2, "186->184": 3, "186->188": 2, "188->186": 3, "188->190": 2, "190->188": 3, "190->191": 2, "191->190": 3, "191->194": 2, "194->191": 3, "194->196": 2, "196->194": 3, "196->197": 2, "197->196": 3, "197->200": 2, "200->197": 3, "200->202": 2, "202->200": 3, "202->204": 2, "204->202": 3, "204->208": 2, "208->204": 3, "209->212": 2, "212->209": 3, "212->214": 2, "214->212": 3, "214->215": 2, "215->214": 3, "215->218": 2, "218->215": 3, "218->220": 2, "220->218": 3, "220->221": 2, "221->220": 3, "221->224": 2, "224->221": 3, "224->226": 2, "226->224": 3, "226->228": 2, "228->226": 3, "228->232": 2, "232->228": 3, "233->236": 2, "236->233": 3, "236->238": 2, "238->236": 3, "238->240": 2, "240->238": 3, "240->242": 2, "242->240": 3, "243->244": 2, "244->243": 3, "244->247": 2, "247->244": 3, "247->249": 2, "249->247": 3, "250->251": 2, "251->250": 3, "251->253": 2, "253->251": 3, "38->190": 4, "190->38": 5, "190->196": 4, "196->190": 5, "50->220": 4, "220->50": 5, "102->111": 4, "111->102": 5, "111->123": 4, "123->111": 5, "123->129": 4, "129->123": 5, "129->141": 4, "141->129": 5, "141->147": 4, "147->141": 5, "147->159": 4, "159->147": 5, "159->167": 4, "167->159": 5, "118->174": 4, "174->118": 5, "136->202": 4, "202->136": 5, "154->226": 4, "226->154": 5}, "metrics": [2.0, 0.0, 2.0, 2.0, 42.0, 13.0, 0.0, 0.0, 0.0, 1.0, 1.0]}