{"nodelist": ["ClassDeclaration", "{'public', 'static'}", "public", "static", "scannerOpenTs_call", "FieldDeclaration", "{'private'}", "private", "ReferenceType", "ByteBuffer", "VariableDeclarator", "tableName", "FieldDeclaration", "{'private'}", "private", "ReferenceType", "ByteBuffer", "VariableDeclarator", "startRow", "FieldDeclaration", "{'private'}", "private", "ReferenceType", "List", "TypeArgument", "ReferenceType", "ByteBuffer", "VariableDeclarator", "columns", "FieldDeclaration", "{'private'}", "private", "BasicType", "long", "VariableDeclarator", "timestamp", "FieldDeclaration", "{'private'}", "private", "ReferenceType", "Map", "TypeArgument", "ReferenceType", "ByteBuffer", "TypeArgument", "ReferenceType", "ByteBuffer", "VariableDeclarator", "attributes", "ConstructorDeclaration", "{'public'}", "public", "scannerOpenTs_call", "FormalParameter", "ReferenceType", "ByteBuffer", "tableName", "FormalParameter", "ReferenceType", "ByteBuffer", "startRow", "FormalParameter", "ReferenceType", "List", "TypeArgument", "ReferenceType", "ByteBuffer", "columns", "FormalParameter", "BasicType", "long", "timestamp", "FormalParameter", "ReferenceType", "Map", "TypeArgument", "ReferenceType", "ByteBuffer", "TypeArgument", "ReferenceType", "ByteBuffer", "attributes", "FormalParameter", "ReferenceType", "org", "ReferenceType", "apache", "ReferenceType", "thrift", "ReferenceType", "async", "ReferenceType", "AsyncMethodCallback", "TypeArgument", "ReferenceType", "scannerOpenTs_call", "resultHandler", "FormalParameter", "ReferenceType", "org", "ReferenceType", "apache", "ReferenceType", "thrift", "ReferenceType", "async", "ReferenceType", "TAsyncClient", "client", "FormalParameter", "ReferenceType", "org", "ReferenceType", "apache", "ReferenceType", "thrift", "ReferenceType", "protocol", "ReferenceType", "TProtocolFactory", "protocolFactory", "FormalParameter", "ReferenceType", "org", "ReferenceType", "apache", "ReferenceType", "thrift", "ReferenceType", "transport", "ReferenceType", "TNonblockingTransport", "transport", "org.apache.thrift.TException", "StatementExpression", "SuperConstructorInvocation", "MemberReference", "client", "MemberReference", "protocolFactory", "MemberReference", "transport", "MemberReference", "resultHandler", "Literal", "false", "StatementExpression", "Assignment", "This", "MemberReference", "tableName", "MemberReference", "tableName", "=", "StatementExpression", "Assignment", "This", "MemberReference", "startRow", "MemberReference", "startRow", "=", "StatementExpression", "Assignment", "This", "MemberReference", "columns", "MemberReference", "columns", "=", "StatementExpression", "Assignment", "This", "MemberReference", "timestamp", "MemberReference", "timestamp", "=", "StatementExpression", "Assignment", "This", "MemberReference", "attributes", "MemberReference", "attributes", "=", "MethodDeclaration", "{'public'}", "public", "write_args", "FormalParameter", "ReferenceType", "org", "ReferenceType", "apache", "ReferenceType", "thrift", "ReferenceType", "protocol", "ReferenceType", "TProtocol", "prot", "org.apache.thrift.TException", "StatementExpression", "MethodInvocation", "prot", "ClassCreator", "ReferenceType", "org", "ReferenceType", "apache", "ReferenceType", "thrift", "ReferenceType", "protocol", "ReferenceType", "TMessage", "Literal", "\"scannerOpenTs\"", "MemberReference", "org.apache.thrift.protocol.TMessageType", "CALL", "Literal", "0", "writeMessageBegin", "LocalVariableDeclaration", "ReferenceType", "scannerOpenTs_args", "VariableDeclarator", "args", "ClassCreator", "ReferenceType", "scannerOpenTs_args", "StatementExpression", "MethodInvocation", "args", "MemberReference", "tableName", "setTableName", "StatementExpression", "MethodInvocation", "args", "MemberReference", "startRow", "setStartRow", "StatementExpression", "MethodInvocation", "args", "MemberReference", "columns", "setColumns", "StatementExpression", "MethodInvocation", "args", "MemberReference", "timestamp", "setTimestamp", "StatementExpression", "MethodInvocation", "args", "MemberReference", "attributes", "setAttributes", "StatementExpression", "MethodInvocation", "args", "MemberReference", "prot", "write", "StatementExpression", "MethodInvocation", "prot", "writeMessageEnd", "MethodDeclaration", "{'public'}", "public", "BasicType", "int", "getResult", "IOError", "org.apache.thrift.TException", "IfStatement", "BinaryOperation", "!=", "MethodInvocation", "getState", "MemberReference", "org.apache.thrift.async.TAsyncMethodCall.State", "RESPONSE_READ", "BlockStatement", "ThrowStatement", "ClassCreator", "ReferenceType", "IllegalStateException", "Literal", "\"Method call not finished!\"", "LocalVariableDeclaration", "ReferenceType", "org", "ReferenceType", "apache", "ReferenceType", "thrift", "ReferenceType", "transport", "ReferenceType", "TMemoryInputTransport", "VariableDeclarator", "memoryTransport", "ClassCreator", "ReferenceType", "org", "ReferenceType", "apache", "ReferenceType", "thrift", "ReferenceType", "transport", "ReferenceType", "TMemoryInputTransport", "MethodInvocation", "MethodInvocation", "array", "getFrameBuffer", "LocalVariableDeclaration", "ReferenceType", "org", "ReferenceType", "apache", "ReferenceType", "thrift", "ReferenceType", "protocol", "ReferenceType", "TProtocol", "VariableDeclarator", "prot", "MethodInvocation", "client", "MethodInvocation", "MemberReference", "memoryTransport", "getProtocol", "getProtocolFactory", "ReturnStatement", "ClassCreator", "MethodInvocation", "recv_scannerOpenTs", "ReferenceType", "Client", "MemberReference", "prot", "ReferenceType", "org", "ReferenceType", "apache", "ReferenceType", "thrift", "ReferenceType", "async", "ReferenceType", "TAsyncMethodCall"], "nodes": {"0": "ClassDeclaration", "1": "Modifier", "2": "public", "3": "static", "4": "scannerOpenTs_call", "5": "FieldDeclaration", "6": "Modifier", "7": "private", "8": "ReferenceType", "9": "ByteBuffer", "10": "VariableDeclarator", "11": "tableName", "12": "FieldDeclaration", "13": "Modifier", "14": "private", "15": "ReferenceType", "16": "ByteBuffer", "17": "VariableDeclarator", "18": "startRow", "19": "FieldDeclaration", "20": "Modifier", "21": "private", "22": "ReferenceType", "23": "List", "24": "TypeArgument", "25": "ReferenceType", "26": "ByteBuffer", "27": "VariableDeclarator", "28": "columns", "29": "FieldDeclaration", "30": "Modifier", "31": "private", "32": "BasicType", "33": "long", "34": "VariableDeclarator", "35": "timestamp", "36": "FieldDeclaration", "37": "Modifier", "38": "private", "39": "ReferenceType", "40": "Map", "41": "TypeArgument", "42": "ReferenceType", "43": "ByteBuffer", "44": "TypeArgument", "45": "ReferenceType", "46": "ByteBuffer", "47": "VariableDeclarator", "48": "attributes", "49": "ConstructorDeclaration", "50": "Modifier", "51": "public", "52": "scannerOpenTs_call", "53": "FormalParameter", "54": "ReferenceType", "55": "ByteBuffer", "56": "tableName", "57": "FormalParameter", "58": "ReferenceType", "59": "ByteBuffer", "60": "startRow", "61": "FormalParameter", "62": "ReferenceType", "63": "List", "64": "TypeArgument", "65": "ReferenceType", "66": "ByteBuffer", "67": "columns", "68": "FormalParameter", "69": "BasicType", "70": "long", "71": "timestamp", "72": "FormalParameter", "73": "ReferenceType", "74": "Map", "75": "TypeArgument", "76": "ReferenceType", "77": "ByteBuffer", "78": "TypeArgument", "79": "ReferenceType", "80": "ByteBuffer", "81": "attributes", "82": "FormalParameter", "83": "ReferenceType", "84": "org", "85": "ReferenceType", "86": "apache", "87": "ReferenceType", "88": "thrift", "89": "ReferenceType", "90": "async", "91": "ReferenceType", "92": "AsyncMethodCallback", "93": "TypeArgument", "94": "ReferenceType", "95": "scannerOpenTs_call", "96": "resultHandler", "97": "FormalParameter", "98": "ReferenceType", "99": "org", "100": "ReferenceType", "101": "apache", "102": "ReferenceType", "103": "thrift", "104": "ReferenceType", "105": "async", "106": "ReferenceType", "107": "TAsyncClient", "108": "client", "109": "FormalParameter", "110": "ReferenceType", "111": "org", "112": "ReferenceType", "113": "apache", "114": "ReferenceType", "115": "thrift", "116": "ReferenceType", "117": "protocol", "118": "ReferenceType", "119": "TProtocolFactory", "120": "protocolFactory", "121": "FormalParameter", "122": "ReferenceType", "123": "org", "124": "ReferenceType", "125": "apache", "126": "ReferenceType", "127": "thrift", "128": "ReferenceType", "129": "transport", "130": "ReferenceType", "131": "TNonblockingTransport", "132": "transport", "133": "org.apache.thrift.TException", "134": "StatementExpression", "135": "SuperConstructorInvocation", "136": "MemberReference", "137": "client", "138": "MemberReference", "139": "protocolFactory", "140": "MemberReference", "141": "transport", "142": "MemberReference", "143": "resultHandler", "144": "Literal", "145": "false", "146": "StatementExpression", "147": "Assignment", "148": "This", "149": "MemberReference", "150": "tableName", "151": "MemberReference", "152": "tableName", "153": "=", "154": "StatementExpression", "155": "Assignment", "156": "This", "157": "MemberReference", "158": "startRow", "159": "MemberReference", "160": "startRow", "161": "=", "162": "StatementExpression", "163": "Assignment", "164": "This", "165": "MemberReference", "166": "columns", "167": "MemberReference", "168": "columns", "169": "=", "170": "StatementExpression", "171": "Assignment", "172": "This", "173": "MemberReference", "174": "timestamp", "175": "MemberReference", "176": "timestamp", "177": "=", "178": "StatementExpression", "179": "Assignment", "180": "This", "181": "MemberReference", "182": "attributes", "183": "MemberReference", "184": "attributes", "185": "=", "186": "MethodDeclaration", "187": "Modifier", "188": "public", "189": "write_args", "190": "FormalParameter", "191": "ReferenceType", "192": "org", "193": "ReferenceType", "194": "apache", "195": "ReferenceType", "196": "thrift", "197": "ReferenceType", "198": "protocol", "199": "ReferenceType", "200": "TProtocol", "201": "prot", "202": "org.apache.thrift.TException", "203": "StatementExpression", "204": "MethodInvocation", "205": "prot", "206": "ClassCreator", "207": "ReferenceType", "208": "org", "209": "ReferenceType", "210": "apache", "211": "ReferenceType", "212": "thrift", "213": "ReferenceType", "214": "protocol", "215": "ReferenceType", "216": "TMessage", "217": "Literal", "218": "\"scannerOpenTs\"", "219": "MemberReference", "220": "org.apache.thrift.protocol.TMessageType", "221": "CALL", "222": "Literal", "223": "0", "224": "writeMessageBegin", "225": "LocalVariableDeclaration", "226": "ReferenceType", "227": "scannerOpenTs_args", "228": "VariableDeclarator", "229": "args", "230": "ClassCreator", "231": "ReferenceType", "232": "scannerOpenTs_args", "233": "StatementExpression", "234": "MethodInvocation", "235": "args", "236": "MemberReference", "237": "tableName", "238": "setTableName", "239": "StatementExpression", "240": "MethodInvocation", "241": "args", "242": "MemberReference", "243": "startRow", "244": "setStartRow", "245": "StatementExpression", "246": "MethodInvocation", "247": "args", "248": "MemberReference", "249": "columns", "250": "setColumns", "251": "StatementExpression", "252": "MethodInvocation", "253": "args", "254": "MemberReference", "255": "timestamp", "256": "setTimestamp", "257": "StatementExpression", "258": "MethodInvocation", "259": "args", "260": "MemberReference", "261": "attributes", "262": "setAttributes", "263": "StatementExpression", "264": "MethodInvocation", "265": "args", "266": "MemberReference", "267": "prot", "268": "write", "269": "StatementExpression", "270": "MethodInvocation", "271": "prot", "272": "writeMessageEnd", "273": "MethodDeclaration", "274": "Modifier", "275": "public", "276": "BasicType", "277": "int", "278": "getResult", "279": "IOError", "280": "org.apache.thrift.TException", "281": "IfStatement", "282": "BinaryOperation", "283": "!=", "284": "MethodInvocation", "285": "getState", "286": "MemberReference", "287": "org.apache.thrift.async.TAsyncMethodCall.State", "288": "RESPONSE_READ", "289": "BlockStatement", "290": "ThrowStatement", "291": "ClassCreator", "292": "ReferenceType", "293": "IllegalStateException", "294": "Literal", "295": "\"Method call not finished!\"", "296": "LocalVariableDeclaration", "297": "ReferenceType", "298": "org", "299": "ReferenceType", "300": "apache", "301": "ReferenceType", "302": "thrift", "303": "ReferenceType", "304": "transport", "305": "ReferenceType", "306": "TMemoryInputTransport", "307": "VariableDeclarator", "308": "memoryTransport", "309": "ClassCreator", "310": "ReferenceType", "311": "org", "312": "ReferenceType", "313": "apache", "314": "ReferenceType", "315": "thrift", "316": "ReferenceType", "317": "transport", "318": "ReferenceType", "319": "TMemoryInputTransport", "320": "MethodInvocation", "321": "MethodInvocation", "322": "array", "323": "getFrameBuffer", "324": "LocalVariableDeclaration", "325": "ReferenceType", "326": "org", "327": "ReferenceType", "328": "apache", "329": "ReferenceType", "330": "thrift", "331": "ReferenceType", "332": "protocol", "333": "ReferenceType", "334": "TProtocol", "335": "VariableDeclarator", "336": "prot", "337": "MethodInvocation", "338": "client", "339": "MethodInvocation", "340": "MemberReference", "341": "memoryTransport", "342": "getProtocol", "343": "getProtocolFactory", "344": "ReturnStatement", "345": "ClassCreator", "346": "MethodInvocation", "347": "recv_scannerOpenTs", "348": "ReferenceType", "349": "Client", "350": "MemberReference", "351": "prot", "352": "ReferenceType", "353": "org", "354": "ReferenceType", "355": "apache", "356": "ReferenceType", "357": "thrift", "358": "ReferenceType", "359": "async", "360": "ReferenceType", "361": "TAsyncMethodCall"}, "edges": {"0->1": 0, "1->0": 0, "1->2": 0, "2->1": 0, "1->3": 0, "3->1": 0, "0->4": 0, "4->0": 0, "0->5": 0, "5->0": 0, "5->6": 0, "6->5": 0, "6->7": 0, "7->6": 0, "5->8": 0, "8->5": 0, "8->9": 0, "9->8": 0, "5->10": 0, "10->5": 0, "10->11": 0, "11->10": 0, "0->12": 0, "12->0": 0, "12->13": 0, "13->12": 0, "13->14": 0, "14->13": 0, "12->15": 0, "15->12": 0, "15->16": 0, "16->15": 0, "12->17": 0, "17->12": 0, "17->18": 0, "18->17": 0, "0->19": 0, "19->0": 0, "19->20": 0, "20->19": 0, "20->21": 0, "21->20": 0, "19->22": 0, "22->19": 0, "22->23": 0, "23->22": 0, "22->24": 0, "24->22": 0, "24->25": 0, "25->24": 0, "25->26": 0, "26->25": 0, "19->27": 0, "27->19": 0, "27->28": 0, "28->27": 0, "0->29": 0, "29->0": 0, "29->30": 0, "30->29": 0, "30->31": 0, "31->30": 0, "29->32": 0, "32->29": 0, "32->33": 0, "33->32": 0, "29->34": 0, "34->29": 0, "34->35": 0, "35->34": 0, "0->36": 0, "36->0": 0, "36->37": 0, "37->36": 0, "37->38": 0, "38->37": 0, "36->39": 0, "39->36": 0, "39->40": 0, "40->39": 0, "39->41": 0, "41->39": 0, "41->42": 0, "42->41": 0, "42->43": 0, "43->42": 0, "39->44": 0, "44->39": 0, "44->45": 0, "45->44": 0, "45->46": 0, "46->45": 0, "36->47": 0, "47->36": 0, "47->48": 0, "48->47": 0, "0->49": 0, "49->0": 0, "49->50": 0, "50->49": 0, "50->51": 0, "51->50": 0, "49->52": 0, "52->49": 0, "49->53": 0, "53->49": 0, "53->54": 0, "54->53": 0, "54->55": 0, "55->54": 0, "53->56": 0, "56->53": 0, "49->57": 0, "57->49": 0, "57->58": 0, "58->57": 0, "58->59": 0, "59->58": 0, "57->60": 0, "60->57": 0, "49->61": 0, "61->49": 0, "61->62": 0, "62->61": 0, "62->63": 0, "63->62": 0, "62->64": 0, "64->62": 0, "64->65": 0, "65->64": 0, "65->66": 0, "66->65": 0, "61->67": 0, "67->61": 0, "49->68": 0, "68->49": 0, "68->69": 0, "69->68": 0, "69->70": 0, "70->69": 0, "68->71": 0, "71->68": 0, "49->72": 0, "72->49": 0, "72->73": 0, "73->72": 0, "73->74": 0, "74->73": 0, "73->75": 0, "75->73": 0, "75->76": 0, "76->75": 0, "76->77": 0, "77->76": 0, "73->78": 0, "78->73": 0, "78->79": 0, "79->78": 0, "79->80": 0, "80->79": 0, "72->81": 0, "81->72": 0, "49->82": 0, "82->49": 0, "82->83": 0, "83->82": 0, "83->84": 0, "84->83": 0, "83->85": 0, "85->83": 0, "85->86": 0, "86->85": 0, "85->87": 0, "87->85": 0, "87->88": 0, "88->87": 0, "87->89": 0, "89->87": 0, "89->90": 0, "90->89": 0, "89->91": 0, "91->89": 0, "91->92": 0, "92->91": 0, "91->93": 0, "93->91": 0, "93->94": 0, "94->93": 0, "94->95": 0, "95->94": 0, "82->96": 0, "96->82": 0, "49->97": 0, "97->49": 0, "97->98": 0, "98->97": 0, "98->99": 0, "99->98": 0, "98->100": 0, "100->98": 0, "100->101": 0, "101->100": 0, "100->102": 0, "102->100": 0, "102->103": 0, "103->102": 0, "102->104": 0, "104->102": 0, "104->105": 0, "105->104": 0, "104->106": 0, "106->104": 0, "106->107": 0, "107->106": 0, "97->108": 0, "108->97": 0, "49->109": 0, "109->49": 0, "109->110": 0, "110->109": 0, "110->111": 0, "111->110": 0, "110->112": 0, "112->110": 0, "112->113": 0, "113->112": 0, "112->114": 0, "114->112": 0, "114->115": 0, "115->114": 0, "114->116": 0, "116->114": 0, "116->117": 0, "117->116": 0, "116->118": 0, "118->116": 0, "118->119": 0, "119->118": 0, "109->120": 0, "120->109": 0, "49->121": 0, "121->49": 0, "121->122": 0, "122->121": 0, "122->123": 0, "123->122": 0, "122->124": 0, "124->122": 0, "124->125": 0, "125->124": 0, "124->126": 0, "126->124": 0, "126->127": 0, "127->126": 0, "126->128": 0, "128->126": 0, "128->129": 0, "129->128": 0, "128->130": 0, "130->128": 0, "130->131": 0, "131->130": 0, "121->132": 0, "132->121": 0, "49->133": 0, "133->49": 0, "49->134": 0, "134->49": 0, "134->135": 0, "135->134": 0, "135->136": 0, "136->135": 0, "136->137": 0, "137->136": 0, "135->138": 0, "138->135": 0, "138->139": 0, "139->138": 0, "135->140": 0, "140->135": 0, "140->141": 0, "141->140": 0, "135->142": 0, "142->135": 0, "142->143": 0, "143->142": 0, "135->144": 0, "144->135": 0, "144->145": 0, "145->144": 0, "49->146": 0, "146->49": 0, "146->147": 0, "147->146": 0, "147->148": 0, "148->147": 0, "148->149": 0, "149->148": 0, "149->150": 0, "150->149": 0, "147->151": 0, "151->147": 0, "151->152": 0, "152->151": 0, "147->153": 0, "153->147": 0, "49->154": 0, "154->49": 0, "154->155": 0, "155->154": 0, "155->156": 0, "156->155": 0, "156->157": 0, "157->156": 0, "157->158": 0, "158->157": 0, "155->159": 0, "159->155": 0, "159->160": 0, "160->159": 0, "155->161": 0, "161->155": 0, "49->162": 0, "162->49": 0, "162->163": 0, "163->162": 0, "163->164": 0, "164->163": 0, "164->165": 0, "165->164": 0, "165->166": 0, "166->165": 0, "163->167": 0, "167->163": 0, "167->168": 0, "168->167": 0, "163->169": 0, "169->163": 0, "49->170": 0, "170->49": 0, "170->171": 0, "171->170": 0, "171->172": 0, "172->171": 0, "172->173": 0, "173->172": 0, "173->174": 0, "174->173": 0, "171->175": 0, "175->171": 0, "175->176": 0, "176->175": 0, "171->177": 0, "177->171": 0, "49->178": 0, "178->49": 0, "178->179": 0, "179->178": 0, "179->180": 0, "180->179": 0, "180->181": 0, "181->180": 0, "181->182": 0, "182->181": 0, "179->183": 0, "183->179": 0, "183->184": 0, "184->183": 0, "179->185": 0, "185->179": 0, "0->186": 0, "186->0": 0, "186->187": 0, "187->186": 0, "187->188": 0, "188->187": 0, "186->189": 0, "189->186": 0, "186->190": 0, "190->186": 0, "190->191": 0, "191->190": 0, "191->192": 0, "192->191": 0, "191->193": 0, "193->191": 0, "193->194": 0, "194->193": 0, "193->195": 0, "195->193": 0, "195->196": 0, "196->195": 0, "195->197": 0, "197->195": 0, "197->198": 0, "198->197": 0, "197->199": 0, "199->197": 0, "199->200": 0, "200->199": 0, "190->201": 0, "201->190": 0, "186->202": 0, "202->186": 0, "186->203": 0, "203->186": 0, "203->204": 0, "204->203": 0, "204->205": 0, "205->204": 0, "204->206": 0, "206->204": 0, "206->207": 0, "207->206": 0, "207->208": 0, "208->207": 0, "207->209": 0, "209->207": 0, "209->210": 0, "210->209": 0, "209->211": 0, "211->209": 0, "211->212": 0, "212->211": 0, "211->213": 0, "213->211": 0, "213->214": 0, "214->213": 0, "213->215": 0, "215->213": 0, "215->216": 0, "216->215": 0, "206->217": 0, "217->206": 0, "217->218": 0, "218->217": 0, "206->219": 0, "219->206": 0, "219->220": 0, "220->219": 0, "219->221": 0, "221->219": 0, "206->222": 0, "222->206": 0, "222->223": 0, "223->222": 0, "204->224": 0, "224->204": 0, "186->225": 0, "225->186": 0, "225->226": 0, "226->225": 0, "226->227": 0, "227->226": 0, "225->228": 0, "228->225": 0, "228->229": 0, "229->228": 0, "228->230": 0, "230->228": 0, "230->231": 0, "231->230": 0, "231->232": 0, "232->231": 0, "186->233": 0, "233->186": 0, "233->234": 0, "234->233": 0, "234->235": 0, "235->234": 0, "234->236": 0, "236->234": 0, "236->237": 0, "237->236": 0, "234->238": 0, "238->234": 0, "186->239": 0, "239->186": 0, "239->240": 0, "240->239": 0, "240->241": 0, "241->240": 0, "240->242": 0, "242->240": 0, "242->243": 0, "243->242": 0, "240->244": 0, "244->240": 0, "186->245": 0, "245->186": 0, "245->246": 0, "246->245": 0, "246->247": 0, "247->246": 0, "246->248": 0, "248->246": 0, "248->249": 0, "249->248": 0, "246->250": 0, "250->246": 0, "186->251": 0, "251->186": 0, "251->252": 0, "252->251": 0, "252->253": 0, "253->252": 0, "252->254": 0, "254->252": 0, "254->255": 0, "255->254": 0, "252->256": 0, "256->252": 0, "186->257": 0, "257->186": 0, "257->258": 0, "258->257": 0, "258->259": 0, "259->258": 0, "258->260": 0, "260->258": 0, "260->261": 0, "261->260": 0, "258->262": 0, "262->258": 0, "186->263": 0, "263->186": 0, "263->264": 0, "264->263": 0, "264->265": 0, "265->264": 0, "264->266": 0, "266->264": 0, "266->267": 0, "267->266": 0, "264->268": 0, "268->264": 0, "186->269": 0, "269->186": 0, "269->270": 0, "270->269": 0, "270->271": 0, "271->270": 0, "270->272": 0, "272->270": 0, "0->273": 0, "273->0": 0, "273->274": 0, "274->273": 0, "274->275": 0, "275->274": 0, "273->276": 0, "276->273": 0, "276->277": 0, "277->276": 0, "273->278": 0, "278->273": 0, "273->279": 0, "279->273": 0, "273->280": 0, "280->273": 0, "273->281": 0, "281->273": 0, "281->282": 0, "282->281": 0, "282->283": 0, "283->282": 0, "282->284": 0, "284->282": 0, "284->285": 0, "285->284": 0, "282->286": 0, "286->282": 0, "286->287": 0, "287->286": 0, "286->288": 0, "288->286": 0, "281->289": 0, "289->281": 0, "289->290": 0, "290->289": 0, "290->291": 0, "291->290": 0, "291->292": 0, "292->291": 0, "292->293": 0, "293->292": 0, "291->294": 0, "294->291": 0, "294->295": 0, "295->294": 0, "273->296": 0, "296->273": 0, "296->297": 0, "297->296": 0, "297->298": 0, "298->297": 0, "297->299": 0, "299->297": 0, "299->300": 0, "300->299": 0, "299->301": 0, "301->299": 0, "301->302": 0, "302->301": 0, "301->303": 0, "303->301": 0, "303->304": 0, "304->303": 0, "303->305": 0, "305->303": 0, "305->306": 0, "306->305": 0, "296->307": 0, "307->296": 0, "307->308": 0, "308->307": 0, "307->309": 0, "309->307": 0, "309->310": 0, "310->309": 0, "310->311": 0, "311->310": 0, "310->312": 0, "312->310": 0, "312->313": 0, "313->312": 0, "312->314": 0, "314->312": 0, "314->315": 0, "315->314": 0, "314->316": 0, "316->314": 0, "316->317": 0, "317->316": 0, "316->318": 0, "318->316": 0, "318->319": 0, "319->318": 0, "309->320": 0, "320->309": 0, "320->321": 0, "321->320": 0, "321->322": 0, "322->321": 0, "320->323": 0, "323->320": 0, "273->324": 0, "324->273": 0, "324->325": 0, "325->324": 0, "325->326": 0, "326->325": 0, "325->327": 0, "327->325": 0, "327->328": 0, "328->327": 0, "327->329": 0, "329->327": 0, "329->330": 0, "330->329": 0, "329->331": 0, "331->329": 0, "331->332": 0, "332->331": 0, "331->333": 0, "333->331": 0, "333->334": 0, "334->333": 0, "324->335": 0, "335->324": 0, "335->336": 0, "336->335": 0, "335->337": 0, "337->335": 0, "337->338": 0, "338->337": 0, "337->339": 0, "339->337": 0, "339->340": 0, "340->339": 0, "340->341": 0, "341->340": 0, "339->342": 0, "342->339": 0, "337->343": 0, "343->337": 0, "273->344": 0, "344->273": 0, "344->345": 0, "345->344": 0, "345->346": 0, "346->345": 0, "346->347": 0, "347->346": 0, "345->348": 0, "348->345": 0, "348->349": 0, "349->348": 0, "345->350": 0, "350->345": 0, "350->351": 0, "351->350": 0, "0->352": 0, "352->0": 0, "352->353": 0, "353->352": 0, "352->354": 0, "354->352": 0, "354->355": 0, "355->354": 0, "354->356": 0, "356->354": 0, "356->357": 0, "357->356": 0, "356->358": 0, "358->356": 0, "358->359": 0, "359->358": 0, "358->360": 0, "360->358": 0, "360->361": 0, "361->360": 0, "1->4": 1, "4->1": 12, "4->5": 1, "5->4": 12, "5->12": 1, "12->5": 12, "12->19": 1, "19->12": 12, "19->29": 1, "29->19": 12, "29->36": 1, "36->29": 12, "36->49": 1, "49->36": 12, "49->186": 1, "186->49": 12, "186->273": 1, "273->186": 12, "273->352": 1, "352->273": 12, "2->3": 2, "3->2": 3, "6->8": 1, "8->6": 12, "8->10": 1, "10->8": 12, "13->15": 1, "15->13": 12, "15->17": 1, "17->15": 12, "20->22": 1, "22->20": 12, "22->27": 1, "27->22": 12, "23->24": 1, "24->23": 12, "30->32": 1, "32->30": 12, "32->34": 1, "34->32": 12, "37->39": 1, "39->37": 12, "39->47": 1, "47->39": 12, "40->41": 1, "41->40": 12, "41->44": 1, "44->41": 12, "50->52": 1, "52->50": 12, "52->53": 1, "53->52": 12, "53->57": 1, "57->53": 12, "57->61": 1, "61->57": 12, "61->68": 1, "68->61": 12, "68->72": 1, "72->68": 12, "72->82": 1, "82->72": 12, "82->97": 1, "97->82": 12, "97->109": 1, "109->97": 12, "109->121": 1, "121->109": 12, "121->133": 1, "133->121": 12, "133->134": 1, "134->133": 12, "134->146": 1, "146->134": 12, "146->154": 1, "154->146": 12, "154->162": 1, "162->154": 12, "162->170": 1, "170->162": 12, "170->178": 1, "178->170": 12, "54->56": 1, "56->54": 12, "58->60": 1, "60->58": 12, "62->67": 1, "67->62": 12, "63->64": 1, "64->63": 12, "69->71": 1, "71->69": 12, "73->81": 1, "81->73": 12, "74->75": 1, "75->74": 12, "75->78": 1, "78->75": 12, "83->96": 1, "96->83": 12, "84->85": 1, "85->84": 12, "86->87": 1, "87->86": 12, "88->89": 1, "89->88": 12, "90->91": 1, "91->90": 12, "92->93": 1, "93->92": 12, "98->108": 1, "108->98": 12, "99->100": 1, "100->99": 12, "101->102": 1, "102->101": 12, "103->104": 1, "104->103": 12, "105->106": 1, "106->105": 12, "110->120": 1, "120->110": 12, "111->112": 1, "112->111": 12, "113->114": 1, "114->113": 12, "115->116": 1, "116->115": 12, "117->118": 1, "118->117": 12, "122->132": 1, "132->122": 12, "123->124": 1, "124->123": 12, "125->126": 1, "126->125": 12, "127->128": 1, "128->127": 12, "129->130": 1, "130->129": 12, "136->138": 1, "138->136": 12, "138->140": 1, "140->138": 12, "140->142": 1, "142->140": 12, "142->144": 1, "144->142": 12, "148->151": 1, "151->148": 12, "151->153": 1, "153->151": 12, "156->159": 1, "159->156": 12, "159->161": 1, "161->159": 12, "164->167": 1, "167->164": 12, "167->169": 1, "169->167": 12, "172->175": 1, "175->172": 12, "175->177": 1, "177->175": 12, "180->183": 1, "183->180": 12, "183->185": 1, "185->183": 12, "187->189": 1, "189->187": 12, "189->190": 1, "190->189": 12, "190->202": 1, "202->190": 12, "202->203": 1, "203->202": 12, "203->225": 1, "225->203": 12, "225->233": 1, "233->225": 12, "233->239": 1, "239->233": 12, "239->245": 1, "245->239": 12, "245->251": 1, "251->245": 12, "251->257": 1, "257->251": 12, "257->263": 1, "263->257": 12, "263->269": 1, "269->263": 12, "191->201": 1, "201->191": 12, "192->193": 1, "193->192": 12, "194->195": 1, "195->194": 12, "196->197": 1, "197->196": 12, "198->199": 1, "199->198": 12, "205->206": 1, "206->205": 12, "206->224": 1, "224->206": 12, "207->217": 1, "217->207": 12, "217->219": 1, "219->217": 12, "219->222": 1, "222->219": 12, "208->209": 1, "209->208": 12, "210->211": 1, "211->210": 12, "212->213": 1, "213->212": 12, "214->215": 1, "215->214": 12, "220->221": 2, "221->220": 3, "226->228": 1, "228->226": 12, "229->230": 1, "230->229": 12, "235->236": 1, "236->235": 12, "236->238": 1, "238->236": 12, "241->242": 1, "242->241": 12, "242->244": 1, "244->242": 12, "247->248": 1, "248->247": 12, "248->250": 1, "250->248": 12, "253->254": 1, "254->253": 12, "254->256": 1, "256->254": 12, "259->260": 1, "260->259": 12, "260->262": 1, "262->260": 12, "265->266": 1, "266->265": 12, "266->268": 1, "268->266": 12, "271->272": 2, "272->271": 3, "274->276": 1, "276->274": 12, "276->278": 1, "278->276": 12, "278->279": 2, "279->278": 3, "279->280": 2, "280->279": 3, "280->281": 1, "281->280": 12, "281->296": 1, "296->281": 12, "296->324": 1, "324->296": 12, "324->344": 1, "344->324": 12, "282->289": 6, "289->282": 6, "283->284": 1, "284->283": 12, "284->286": 1, "286->284": 12, "287->288": 2, "288->287": 3, "292->294": 1, "294->292": 12, "297->307": 1, "307->297": 12, "298->299": 1, "299->298": 12, "300->301": 1, "301->300": 12, "302->303": 1, "303->302": 12, "304->305": 1, "305->304": 12, "308->309": 1, "309->308": 12, "310->320": 1, "320->310": 12, "311->312": 1, "312->311": 12, "313->314": 1, "314->313": 12, "315->316": 1, "316->315": 12, "317->318": 1, "318->317": 12, "321->323": 1, "323->321": 12, "325->335": 1, "335->325": 12, "326->327": 1, "327->326": 12, "328->329": 1, "329->328": 12, "330->331": 1, "331->330": 12, "332->333": 1, "333->332": 12, "336->337": 1, "337->336": 12, "338->339": 1, "339->338": 12, "339->343": 1, "343->339": 12, "340->342": 1, "342->340": 12, "346->348": 1, "348->346": 12, "348->350": 1, "350->348": 12, "353->354": 1, "354->353": 12, "355->356": 1, "356->355": 12, "357->358": 1, "358->357": 12, "359->360": 1, "360->359": 12, "3->4": 2, "4->3": 3, "4->7": 2, "7->4": 3, "7->9": 2, "9->7": 3, "9->11": 2, "11->9": 3, "11->14": 2, "14->11": 3, "14->16": 2, "16->14": 3, "16->18": 2, "18->16": 3, "18->21": 2, "21->18": 3, "21->23": 2, "23->21": 3, "23->26": 2, "26->23": 3, "26->28": 2, "28->26": 3, "28->31": 2, "31->28": 3, "31->33": 2, "33->31": 3, "33->35": 2, "35->33": 3, "35->38": 2, "38->35": 3, "38->40": 2, "40->38": 3, "40->43": 2, "43->40": 3, "43->46": 2, "46->43": 3, "46->48": 2, "48->46": 3, "48->51": 2, "51->48": 3, "51->52": 2, "52->51": 3, "52->55": 2, "55->52": 3, "55->56": 2, "56->55": 3, "56->59": 2, "59->56": 3, "59->60": 2, "60->59": 3, "60->63": 2, "63->60": 3, "63->66": 2, "66->63": 3, "66->67": 2, "67->66": 3, "67->70": 2, "70->67": 3, "70->71": 2, "71->70": 3, "71->74": 2, "74->71": 3, "74->77": 2, "77->74": 3, "77->80": 2, "80->77": 3, "80->81": 2, "81->80": 3, "81->84": 2, "84->81": 3, "84->86": 2, "86->84": 3, "86->88": 2, "88->86": 3, "88->90": 2, "90->88": 3, "90->92": 2, "92->90": 3, "92->95": 2, "95->92": 3, "95->96": 2, "96->95": 3, "96->99": 2, "99->96": 3, "99->101": 2, "101->99": 3, "101->103": 2, "103->101": 3, "103->105": 2, "105->103": 3, "105->107": 2, "107->105": 3, "107->108": 2, "108->107": 3, "108->111": 2, "111->108": 3, "111->113": 2, "113->111": 3, "113->115": 2, "115->113": 3, "115->117": 2, "117->115": 3, "117->119": 2, "119->117": 3, "119->120": 2, "120->119": 3, "120->123": 2, "123->120": 3, "123->125": 2, "125->123": 3, "125->127": 2, "127->125": 3, "127->129": 2, "129->127": 3, "129->131": 2, "131->129": 3, "131->132": 2, "132->131": 3, "132->133": 2, "133->132": 3, "133->137": 2, "137->133": 3, "137->139": 2, "139->137": 3, "139->141": 2, "141->139": 3, "141->143": 2, "143->141": 3, "143->145": 2, "145->143": 3, "145->150": 2, "150->145": 3, "150->152": 4, "152->150": 5, "152->153": 2, "153->152": 3, "153->158": 2, "158->153": 3, "158->160": 4, "160->158": 5, "160->161": 2, "161->160": 3, "161->166": 2, "166->161": 3, "166->168": 4, "168->166": 5, "168->169": 2, "169->168": 3, "169->174": 2, "174->169": 3, "174->176": 4, "176->174": 5, "176->177": 2, "177->176": 3, "177->182": 2, "182->177": 3, "182->184": 4, "184->182": 5, "184->185": 2, "185->184": 3, "185->188": 2, "188->185": 3, "188->189": 2, "189->188": 3, "189->192": 2, "192->189": 3, "192->194": 2, "194->192": 3, "194->196": 2, "196->194": 3, "196->198": 2, "198->196": 3, "198->200": 2, "200->198": 3, "200->201": 2, "201->200": 3, "201->202": 2, "202->201": 3, "202->205": 2, "205->202": 3, "205->208": 2, "208->205": 3, "208->210": 2, "210->208": 3, "210->212": 2, "212->210": 3, "212->214": 2, "214->212": 3, "214->216": 2, "216->214": 3, "216->218": 2, "218->216": 3, "218->220": 2, "220->218": 3, "221->223": 2, "223->221": 3, "223->224": 2, "224->223": 3, "224->227": 2, "227->224": 3, "227->229": 2, "229->227": 3, "229->232": 2, "232->229": 3, "232->235": 2, "235->232": 3, "235->237": 2, "237->235": 3, "237->238": 2, "238->237": 3, "238->241": 2, "241->238": 3, "241->243": 2, "243->241": 3, "243->244": 2, "244->243": 3, "244->247": 2, "247->244": 3, "247->249": 2, "249->247": 3, "249->250": 2, "250->249": 3, "250->253": 2, "253->250": 3, "253->255": 2, "255->253": 3, "255->256": 2, "256->255": 3, "256->259": 2, "259->256": 3, "259->261": 2, "261->259": 3, "261->262": 2, "262->261": 3, "262->265": 2, "265->262": 3, "265->267": 2, "267->265": 3, "267->268": 2, "268->267": 3, "268->271": 2, "271->268": 3, "272->275": 2, "275->272": 3, "275->277": 2, "277->275": 3, "277->278": 2, "278->277": 3, "280->283": 2, "283->280": 3, "283->285": 2, "285->283": 3, "285->287": 2, "287->285": 3, "288->293": 2, "293->288": 3, "293->295": 2, "295->293": 3, "295->298": 2, "298->295": 3, "298->300": 2, "300->298": 3, "300->302": 2, "302->300": 3, "302->304": 2, "304->302": 3, "304->306": 2, "306->304": 3, "306->308": 2, "308->306": 3, "308->311": 2, "311->308": 3, "311->313": 2, "313->311": 3, "313->315": 2, "315->313": 3, "315->317": 2, "317->315": 3, "317->319": 2, "319->317": 3, "319->322": 2, "322->319": 3, "322->323": 2, "323->322": 3, "323->326": 2, "326->323": 3, "326->328": 2, "328->326": 3, "328->330": 2, "330->328": 3, "330->332": 2, "332->330": 3, "332->334": 2, "334->332": 3, "334->336": 2, "336->334": 3, "336->338": 2, "338->336": 3, "338->341": 2, "341->338": 3, "341->342": 2, "342->341": 3, "342->343": 2, "343->342": 3, "343->347": 2, "347->343": 3, "347->349": 2, "349->347": 3, "349->351": 2, "351->349": 3, "351->353": 2, "353->351": 3, "353->355": 2, "355->353": 3, "355->357": 2, "357->355": 3, "357->359": 2, "359->357": 3, "359->361": 2, "361->359": 3, "152->237": 4, "237->152": 5, "160->243": 4, "243->160": 5, "168->249": 4, "249->168": 5, "176->255": 4, "255->176": 5, "184->261": 4, "261->184": 5, "267->351": 4, "351->267": 5}, "metrics": [5.0, 0.0, 3.0, 3.0, 34.0, 4.0, 0.0, 0.0, 0.6666666666666666, 0.0, 1.0]}