{"nodelist": ["ClassDeclaration", "LatchedProcedure", "FieldDeclaration", "ReferenceType", "CountDownLatch", "VariableDeclarator", "startedAcquireBarrier", "ClassCreator", "ReferenceType", "CountDownLatch", "Literal", "1", "FieldDeclaration", "ReferenceType", "CountDownLatch", "VariableDeclarator", "startedDuringBarrier", "ClassCreator", "ReferenceType", "CountDownLatch", "Literal", "1", "FieldDeclaration", "ReferenceType", "CountDownLatch", "VariableDeclarator", "completedProcedure", "ClassCreator", "ReferenceType", "CountDownLatch", "Literal", "1", "ConstructorDeclaration", "{'public'}", "public", "LatchedProcedure", "FormalParameter", "ReferenceType", "ProcedureCoordinator", "coord", "FormalParameter", "ReferenceType", "ForeignExceptionDispatcher", "monitor", "FormalParameter", "BasicType", "long", "wakeFreq", "FormalParameter", "BasicType", "long", "timeout", "FormalParameter", "ReferenceType", "String", "opName", "FormalParameter", "BasicType", "byte", "data", "FormalParameter", "ReferenceType", "List", "TypeArgument", "ReferenceType", "String", "expectedMembers", "StatementExpression", "SuperConstructorInvocation", "MemberReference", "coord", "MemberReference", "monitor", "MemberReference", "wakeFreq", "MemberReference", "timeout", "MemberReference", "opName", "MemberReference", "data", "MemberReference", "expectedMembers", "MethodDeclaration", "{'public'}", "public", "Annotation", "Override", "sendGlobalBarrierStart", "StatementExpression", "MethodInvocation", "startedAcquireBarrier", "countDown", "MethodDeclaration", "{'public'}", "public", "Annotation", "Override", "sendGlobalBarrierReached", "StatementExpression", "MethodInvocation", "startedDuringBarrier", "countDown", "MethodDeclaration", "{'public'}", "public", "Annotation", "Override", "sendGlobalBarrierComplete", "StatementExpression", "MethodInvocation", "completedProcedure", "countDown", "ReferenceType", "Procedure"], "nodes": {"0": "ClassDeclaration", "1": "LatchedProcedure", "2": "FieldDeclaration", "3": "ReferenceType", "4": "CountDownLatch", "5": "VariableDeclarator", "6": "startedAcquireBarrier", "7": "ClassCreator", "8": "ReferenceType", "9": "CountDownLatch", "10": "Literal", "11": "1", "12": "FieldDeclaration", "13": "ReferenceType", "14": "CountDownLatch", "15": "VariableDeclarator", "16": "startedDuringBarrier", "17": "ClassCreator", "18": "ReferenceType", "19": "CountDownLatch", "20": "Literal", "21": "1", "22": "FieldDeclaration", "23": "ReferenceType", "24": "CountDownLatch", "25": "VariableDeclarator", "26": "completedProcedure", "27": "ClassCreator", "28": "ReferenceType", "29": "CountDownLatch", "30": "Literal", "31": "1", "32": "ConstructorDeclaration", "33": "Modifier", "34": "public", "35": "LatchedProcedure", "36": "FormalParameter", "37": "ReferenceType", "38": "ProcedureCoordinator", "39": "coord", "40": "FormalParameter", "41": "ReferenceType", "42": "ForeignExceptionDispatcher", "43": "monitor", "44": "FormalParameter", "45": "BasicType", "46": "long", "47": "wakeFreq", "48": "FormalParameter", "49": "BasicType", "50": "long", "51": "timeout", "52": "FormalParameter", "53": "ReferenceType", "54": "String", "55": "opName", "56": "FormalParameter", "57": "BasicType", "58": "byte", "59": "data", "60": "FormalParameter", "61": "ReferenceType", "62": "List", "63": "TypeArgument", "64": "ReferenceType", "65": "String", "66": "expectedMembers", "67": "StatementExpression", "68": "SuperConstructorInvocation", "69": "MemberReference", "70": "coord", "71": "MemberReference", "72": "monitor", "73": "MemberReference", "74": "wakeFreq", "75": "MemberReference", "76": "timeout", "77": "MemberReference", "78": "opName", "79": "MemberReference", "80": "data", "81": "MemberReference", "82": "expectedMembers", "83": "MethodDeclaration", "84": "Modifier", "85": "public", "86": "Annotation", "87": "Override", "88": "sendGlobalBarrierStart", "89": "StatementExpression", "90": "MethodInvocation", "91": "startedAcquireBarrier", "92": "countDown", "93": "MethodDeclaration", "94": "Modifier", "95": "public", "96": "Annotation", "97": "Override", "98": "sendGlobalBarrierReached", "99": "StatementExpression", "100": "MethodInvocation", "101": "startedDuringBarrier", "102": "countDown", "103": "MethodDeclaration", "104": "Modifier", "105": "public", "106": "Annotation", "107": "Override", "108": "sendGlobalBarrierComplete", "109": "StatementExpression", "110": "MethodInvocation", "111": "completedProcedure", "112": "countDown", "113": "ReferenceType", "114": "Procedure"}, "edges": {"0->1": 0, "1->0": 0, "0->2": 0, "2->0": 0, "2->3": 0, "3->2": 0, "3->4": 0, "4->3": 0, "2->5": 0, "5->2": 0, "5->6": 0, "6->5": 0, "5->7": 0, "7->5": 0, "7->8": 0, "8->7": 0, "8->9": 0, "9->8": 0, "7->10": 0, "10->7": 0, "10->11": 0, "11->10": 0, "0->12": 0, "12->0": 0, "12->13": 0, "13->12": 0, "13->14": 0, "14->13": 0, "12->15": 0, "15->12": 0, "15->16": 0, "16->15": 0, "15->17": 0, "17->15": 0, "17->18": 0, "18->17": 0, "18->19": 0, "19->18": 0, "17->20": 0, "20->17": 0, "20->21": 0, "21->20": 0, "0->22": 0, "22->0": 0, "22->23": 0, "23->22": 0, "23->24": 0, "24->23": 0, "22->25": 0, "25->22": 0, "25->26": 0, "26->25": 0, "25->27": 0, "27->25": 0, "27->28": 0, "28->27": 0, "28->29": 0, "29->28": 0, "27->30": 0, "30->27": 0, "30->31": 0, "31->30": 0, "0->32": 0, "32->0": 0, "32->33": 0, "33->32": 0, "33->34": 0, "34->33": 0, "32->35": 0, "35->32": 0, "32->36": 0, "36->32": 0, "36->37": 0, "37->36": 0, "37->38": 0, "38->37": 0, "36->39": 0, "39->36": 0, "32->40": 0, "40->32": 0, "40->41": 0, "41->40": 0, "41->42": 0, "42->41": 0, "40->43": 0, "43->40": 0, "32->44": 0, "44->32": 0, "44->45": 0, "45->44": 0, "45->46": 0, "46->45": 0, "44->47": 0, "47->44": 0, "32->48": 0, "48->32": 0, "48->49": 0, "49->48": 0, "49->50": 0, "50->49": 0, "48->51": 0, "51->48": 0, "32->52": 0, "52->32": 0, "52->53": 0, "53->52": 0, "53->54": 0, "54->53": 0, "52->55": 0, "55->52": 0, "32->56": 0, "56->32": 0, "56->57": 0, "57->56": 0, "57->58": 0, "58->57": 0, "56->59": 0, "59->56": 0, "32->60": 0, "60->32": 0, "60->61": 0, "61->60": 0, "61->62": 0, "62->61": 0, "61->63": 0, "63->61": 0, "63->64": 0, "64->63": 0, "64->65": 0, "65->64": 0, "60->66": 0, "66->60": 0, "32->67": 0, "67->32": 0, "67->68": 0, "68->67": 0, "68->69": 0, "69->68": 0, "69->70": 0, "70->69": 0, "68->71": 0, "71->68": 0, "71->72": 0, "72->71": 0, "68->73": 0, "73->68": 0, "73->74": 0, "74->73": 0, "68->75": 0, "75->68": 0, "75->76": 0, "76->75": 0, "68->77": 0, "77->68": 0, "77->78": 0, "78->77": 0, "68->79": 0, "79->68": 0, "79->80": 0, "80->79": 0, "68->81": 0, "81->68": 0, "81->82": 0, "82->81": 0, "0->83": 0, "83->0": 0, "83->84": 0, "84->83": 0, "84->85": 0, "85->84": 0, "83->86": 0, "86->83": 0, "86->87": 0, "87->86": 0, "83->88": 0, "88->83": 0, "83->89": 0, "89->83": 0, "89->90": 0, "90->89": 0, "90->91": 0, "91->90": 0, "90->92": 0, "92->90": 0, "0->93": 0, "93->0": 0, "93->94": 0, "94->93": 0, "94->95": 0, "95->94": 0, "93->96": 0, "96->93": 0, "96->97": 0, "97->96": 0, "93->98": 0, "98->93": 0, "93->99": 0, "99->93": 0, "99->100": 0, "100->99": 0, "100->101": 0, "101->100": 0, "100->102": 0, "102->100": 0, "0->103": 0, "103->0": 0, "103->104": 0, "104->103": 0, "104->105": 0, "105->104": 0, "103->106": 0, "106->103": 0, "106->107": 0, "107->106": 0, "103->108": 0, "108->103": 0, "103->109": 0, "109->103": 0, "109->110": 0, "110->109": 0, "110->111": 0, "111->110": 0, "110->112": 0, "112->110": 0, "0->113": 0, "113->0": 0, "113->114": 0, "114->113": 0, "1->2": 1, "2->1": 12, "2->12": 1, "12->2": 12, "12->22": 1, "22->12": 12, "22->32": 1, "32->22": 12, "32->83": 1, "83->32": 12, "83->93": 1, "93->83": 12, "93->103": 1, "103->93": 12, "103->113": 1, "113->103": 12, "3->5": 1, "5->3": 12, "6->7": 1, "7->6": 12, "8->10": 1, "10->8": 12, "13->15": 1, "15->13": 12, "16->17": 1, "17->16": 12, "18->20": 1, "20->18": 12, "23->25": 1, "25->23": 12, "26->27": 1, "27->26": 12, "28->30": 1, "30->28": 12, "33->35": 1, "35->33": 12, "35->36": 1, "36->35": 12, "36->40": 1, "40->36": 12, "40->44": 1, "44->40": 12, "44->48": 1, "48->44": 12, "48->52": 1, "52->48": 12, "52->56": 1, "56->52": 12, "56->60": 1, "60->56": 12, "60->67": 1, "67->60": 12, "37->39": 1, "39->37": 12, "41->43": 1, "43->41": 12, "45->47": 1, "47->45": 12, "49->51": 1, "51->49": 12, "53->55": 1, "55->53": 12, "57->59": 1, "59->57": 12, "61->66": 1, "66->61": 12, "62->63": 1, "63->62": 12, "69->71": 1, "71->69": 12, "71->73": 1, "73->71": 12, "73->75": 1, "75->73": 12, "75->77": 1, "77->75": 12, "77->79": 1, "79->77": 12, "79->81": 1, "81->79": 12, "84->86": 1, "86->84": 12, "86->88": 1, "88->86": 12, "88->89": 1, "89->88": 12, "91->92": 2, "92->91": 3, "94->96": 1, "96->94": 12, "96->98": 1, "98->96": 12, "98->99": 1, "99->98": 12, "101->102": 2, "102->101": 3, "104->106": 1, "106->104": 12, "106->108": 1, "108->106": 12, "108->109": 1, "109->108": 12, "111->112": 2, "112->111": 3, "1->4": 2, "4->1": 3, "4->6": 2, "6->4": 3, "6->9": 2, "9->6": 3, "9->11": 2, "11->9": 3, "11->14": 2, "14->11": 3, "14->16": 2, "16->14": 3, "16->19": 2, "19->16": 3, "19->21": 2, "21->19": 3, "21->24": 2, "24->21": 3, "24->26": 2, "26->24": 3, "26->29": 2, "29->26": 3, "29->31": 2, "31->29": 3, "31->34": 2, "34->31": 3, "34->35": 2, "35->34": 3, "35->38": 2, "38->35": 3, "38->39": 2, "39->38": 3, "39->42": 2, "42->39": 3, "42->43": 2, "43->42": 3, "43->46": 2, "46->43": 3, "46->47": 2, "47->46": 3, "47->50": 2, "50->47": 3, "50->51": 2, "51->50": 3, "51->54": 2, "54->51": 3, "54->55": 2, "55->54": 3, "55->58": 2, "58->55": 3, "58->59": 2, "59->58": 3, "59->62": 2, "62->59": 3, "62->65": 2, "65->62": 3, "65->66": 2, "66->65": 3, "66->70": 2, "70->66": 3, "70->72": 2, "72->70": 3, "72->74": 2, "74->72": 3, "74->76": 2, "76->74": 3, "76->78": 2, "78->76": 3, "78->80": 2, "80->78": 3, "80->82": 2, "82->80": 3, "82->85": 2, "85->82": 3, "85->87": 2, "87->85": 3, "87->88": 2, "88->87": 3, "88->91": 2, "91->88": 3, "92->95": 2, "95->92": 3, "95->97": 2, "97->95": 3, "97->98": 2, "98->97": 3, "98->101": 2, "101->98": 3, "102->105": 2, "105->102": 3, "105->107": 2, "107->105": 3, "107->108": 2, "108->107": 3, "108->111": 2, "111->108": 3, "112->114": 2, "114->112": 3}, "metrics": [3.0, 0.0, 4.0, 4.0, 17.0, 4.0, 0.0, 1.0, 1.0, 0.0, 2.0]}