{"nodelist": ["InterfaceDeclaration", "{'public'}", "public", "Annotation", "InterfaceAudience.Private", "MetricsReplicationTableSource", "MethodDeclaration", "setLastShippedAge", "FormalParameter", "BasicType", "long", "age", "MethodDeclaration", "incrShippedBytes", "FormalParameter", "BasicType", "long", "size", "MethodDeclaration", "BasicType", "long", "getShippedBytes", "MethodDeclaration", "clear", "MethodDeclaration", "BasicType", "long", "getLastShippedAge", "ReferenceType", "BaseSource"], "nodes": {"0": "InterfaceDeclaration", "1": "Modifier", "2": "public", "3": "Annotation", "4": "InterfaceAudience.Private", "5": "MetricsReplicationTableSource", "6": "MethodDeclaration", "7": "setLastShippedAge", "8": "FormalParameter", "9": "BasicType", "10": "long", "11": "age", "12": "MethodDeclaration", "13": "incrShippedBytes", "14": "FormalParameter", "15": "BasicType", "16": "long", "17": "size", "18": "MethodDeclaration", "19": "BasicType", "20": "long", "21": "getShippedBytes", "22": "MethodDeclaration", "23": "clear", "24": "MethodDeclaration", "25": "BasicType", "26": "long", "27": "getLastShippedAge", "28": "ReferenceType", "29": "BaseSource"}, "edges": {"0->1": 0, "1->0": 0, "1->2": 0, "2->1": 0, "0->3": 0, "3->0": 0, "3->4": 0, "4->3": 0, "0->5": 0, "5->0": 0, "0->6": 0, "6->0": 0, "6->7": 0, "7->6": 0, "6->8": 0, "8->6": 0, "8->9": 0, "9->8": 0, "9->10": 0, "10->9": 0, "8->11": 0, "11->8": 0, "0->12": 0, "12->0": 0, "12->13": 0, "13->12": 0, "12->14": 0, "14->12": 0, "14->15": 0, "15->14": 0, "15->16": 0, "16->15": 0, "14->17": 0, "17->14": 0, "0->18": 0, "18->0": 0, "18->19": 0, "19->18": 0, "19->20": 0, "20->19": 0, "18->21": 0, "21->18": 0, "0->22": 0, "22->0": 0, "22->23": 0, "23->22": 0, "0->24": 0, "24->0": 0, "24->25": 0, "25->24": 0, "25->26": 0, "26->25": 0, "24->27": 0, "27->24": 0, "0->28": 0, "28->0": 0, "28->29": 0, "29->28": 0, "1->3": 1, "3->1": 12, "3->5": 1, "5->3": 12, "5->6": 1, "6->5": 12, "6->12": 1, "12->6": 12, "12->18": 1, "18->12": 12, "18->22": 1, "22->18": 12, "22->24": 1, "24->22": 12, "24->28": 1, "28->24": 12, "7->8": 1, "8->7": 12, "9->11": 1, "11->9": 12, "13->14": 1, "14->13": 12, "15->17": 1, "17->15": 12, "19->21": 1, "21->19": 12, "25->27": 1, "27->25": 12, "2->4": 2, "4->2": 3, "4->5": 2, "5->4": 3, "5->7": 2, "7->5": 3, "7->10": 2, "10->7": 3, "10->11": 2, "11->10": 3, "11->13": 2, "13->11": 3, "13->16": 2, "16->13": 3, "16->17": 2, "17->16": 3, "17->20": 2, "20->17": 3, "20->21": 2, "21->20": 3, "21->23": 2, "23->21": 3, "23->26": 2, "26->23": 3, "26->27": 2, "27->26": 3, "27->29": 2, "29->27": 3}, "metrics": [0.0, 0.0, 5.0, 0.0, 7.0, 5.0, 1.0, 0.0, -1.0, 2.0, 0.0]}