{"nodelist": ["ClassDeclaration", "{'public', 'static'}", "public", "static", "MyObserver", "FieldDeclaration", "{'final', 'private', 'static'}", "final", "private", "static", "ReferenceType", "AtomicInteger", "VariableDeclarator", "PRE_COUNT", "ClassCreator", "ReferenceType", "AtomicInteger", "Literal", "0", "FieldDeclaration", "{'final', 'private', 'static'}", "final", "private", "static", "ReferenceType", "AtomicInteger", "VariableDeclarator", "POST_COUNT", "ClassCreator", "ReferenceType", "AtomicInteger", "Literal", "0", "MethodDeclaration", "{'public'}", "public", "Annotation", "Override", "preGetClusterStatus", "FormalParameter", "ReferenceType", "ObserverContext", "TypeArgument", "ReferenceType", "MasterCoprocessorEnvironment", "ctx", "IOException", "StatementExpression", "MethodInvocation", "PRE_COUNT", "incrementAndGet", "MethodDeclaration", "{'public'}", "public", "Annotation", "Override", "postGetClusterStatus", "FormalParameter", "ReferenceType", "ObserverContext", "TypeArgument", "ReferenceType", "MasterCoprocessorEnvironment", "ctx", "FormalParameter", "ReferenceType", "ClusterStatus", "status", "IOException", "StatementExpression", "MethodInvocation", "POST_COUNT", "incrementAndGet", "ReferenceType", "BaseMasterObserver"], "nodes": {"0": "ClassDeclaration", "1": "Modifier", "2": "public", "3": "static", "4": "MyObserver", "5": "FieldDeclaration", "6": "Modifier", "7": "final", "8": "private", "9": "static", "10": "ReferenceType", "11": "AtomicInteger", "12": "VariableDeclarator", "13": "PRE_COUNT", "14": "ClassCreator", "15": "ReferenceType", "16": "AtomicInteger", "17": "Literal", "18": "0", "19": "FieldDeclaration", "20": "Modifier", "21": "final", "22": "private", "23": "static", "24": "ReferenceType", "25": "AtomicInteger", "26": "VariableDeclarator", "27": "POST_COUNT", "28": "ClassCreator", "29": "ReferenceType", "30": "AtomicInteger", "31": "Literal", "32": "0", "33": "MethodDeclaration", "34": "Modifier", "35": "public", "36": "Annotation", "37": "Override", "38": "preGetClusterStatus", "39": "FormalParameter", "40": "ReferenceType", "41": "ObserverContext", "42": "TypeArgument", "43": "ReferenceType", "44": "MasterCoprocessorEnvironment", "45": "ctx", "46": "IOException", "47": "StatementExpression", "48": "MethodInvocation", "49": "PRE_COUNT", "50": "incrementAndGet", "51": "MethodDeclaration", "52": "Modifier", "53": "public", "54": "Annotation", "55": "Override", "56": "postGetClusterStatus", "57": "FormalParameter", "58": "ReferenceType", "59": "ObserverContext", "60": "TypeArgument", "61": "ReferenceType", "62": "MasterCoprocessorEnvironment", "63": "ctx", "64": "FormalParameter", "65": "ReferenceType", "66": "ClusterStatus", "67": "status", "68": "IOException", "69": "StatementExpression", "70": "MethodInvocation", "71": "POST_COUNT", "72": "incrementAndGet", "73": "ReferenceType", "74": "BaseMasterObserver"}, "edges": {"0->1": 0, "1->0": 0, "1->2": 0, "2->1": 0, "1->3": 0, "3->1": 0, "0->4": 0, "4->0": 0, "0->5": 0, "5->0": 0, "5->6": 0, "6->5": 0, "6->7": 0, "7->6": 0, "6->8": 0, "8->6": 0, "6->9": 0, "9->6": 0, "5->10": 0, "10->5": 0, "10->11": 0, "11->10": 0, "5->12": 0, "12->5": 0, "12->13": 0, "13->12": 0, "12->14": 0, "14->12": 0, "14->15": 0, "15->14": 0, "15->16": 0, "16->15": 0, "14->17": 0, "17->14": 0, "17->18": 0, "18->17": 0, "0->19": 0, "19->0": 0, "19->20": 0, "20->19": 0, "20->21": 0, "21->20": 0, "20->22": 0, "22->20": 0, "20->23": 0, "23->20": 0, "19->24": 0, "24->19": 0, "24->25": 0, "25->24": 0, "19->26": 0, "26->19": 0, "26->27": 0, "27->26": 0, "26->28": 0, "28->26": 0, "28->29": 0, "29->28": 0, "29->30": 0, "30->29": 0, "28->31": 0, "31->28": 0, "31->32": 0, "32->31": 0, "0->33": 0, "33->0": 0, "33->34": 0, "34->33": 0, "34->35": 0, "35->34": 0, "33->36": 0, "36->33": 0, "36->37": 0, "37->36": 0, "33->38": 0, "38->33": 0, "33->39": 0, "39->33": 0, "39->40": 0, "40->39": 0, "40->41": 0, "41->40": 0, "40->42": 0, "42->40": 0, "42->43": 0, "43->42": 0, "43->44": 0, "44->43": 0, "39->45": 0, "45->39": 0, "33->46": 0, "46->33": 0, "33->47": 0, "47->33": 0, "47->48": 0, "48->47": 0, "48->49": 0, "49->48": 0, "48->50": 0, "50->48": 0, "0->51": 0, "51->0": 0, "51->52": 0, "52->51": 0, "52->53": 0, "53->52": 0, "51->54": 0, "54->51": 0, "54->55": 0, "55->54": 0, "51->56": 0, "56->51": 0, "51->57": 0, "57->51": 0, "57->58": 0, "58->57": 0, "58->59": 0, "59->58": 0, "58->60": 0, "60->58": 0, "60->61": 0, "61->60": 0, "61->62": 0, "62->61": 0, "57->63": 0, "63->57": 0, "51->64": 0, "64->51": 0, "64->65": 0, "65->64": 0, "65->66": 0, "66->65": 0, "64->67": 0, "67->64": 0, "51->68": 0, "68->51": 0, "51->69": 0, "69->51": 0, "69->70": 0, "70->69": 0, "70->71": 0, "71->70": 0, "70->72": 0, "72->70": 0, "0->73": 0, "73->0": 0, "73->74": 0, "74->73": 0, "1->4": 1, "4->1": 12, "4->5": 1, "5->4": 12, "5->19": 1, "19->5": 12, "19->33": 1, "33->19": 12, "33->51": 1, "51->33": 12, "51->73": 1, "73->51": 12, "2->3": 2, "3->2": 3, "6->10": 1, "10->6": 12, "10->12": 1, "12->10": 12, "7->8": 2, "8->7": 3, "8->9": 2, "9->8": 3, "13->14": 1, "14->13": 12, "15->17": 1, "17->15": 12, "20->24": 1, "24->20": 12, "24->26": 1, "26->24": 12, "21->22": 2, "22->21": 3, "22->23": 2, "23->22": 3, "27->28": 1, "28->27": 12, "29->31": 1, "31->29": 12, "34->36": 1, "36->34": 12, "36->38": 1, "38->36": 12, "38->39": 1, "39->38": 12, "39->46": 1, "46->39": 12, "46->47": 1, "47->46": 12, "40->45": 1, "45->40": 12, "41->42": 1, "42->41": 12, "49->50": 2, "50->49": 3, "52->54": 1, "54->52": 12, "54->56": 1, "56->54": 12, "56->57": 1, "57->56": 12, "57->64": 1, "64->57": 12, "64->68": 1, "68->64": 12, "68->69": 1, "69->68": 12, "58->63": 1, "63->58": 12, "59->60": 1, "60->59": 12, "65->67": 1, "67->65": 12, "71->72": 2, "72->71": 3, "3->4": 2, "4->3": 3, "4->7": 2, "7->4": 3, "9->11": 2, "11->9": 3, "11->13": 2, "13->11": 3, "13->16": 2, "16->13": 3, "16->18": 2, "18->16": 3, "18->21": 2, "21->18": 3, "23->25": 2, "25->23": 3, "25->27": 2, "27->25": 3, "27->30": 2, "30->27": 3, "30->32": 2, "32->30": 3, "32->35": 2, "35->32": 3, "35->37": 2, "37->35": 3, "37->38": 2, "38->37": 3, "38->41": 2, "41->38": 3, "41->44": 2, "44->41": 3, "44->45": 2, "45->44": 3, "45->46": 2, "46->45": 3, "46->49": 2, "49->46": 3, "50->53": 2, "53->50": 3, "53->55": 2, "55->53": 3, "55->56": 2, "56->55": 3, "56->59": 2, "59->56": 3, "59->62": 2, "62->59": 3, "62->63": 2, "63->62": 3, "63->66": 2, "66->63": 3, "66->67": 2, "67->66": 3, "67->68": 2, "68->67": 3, "68->71": 2, "71->68": 3, "72->74": 2, "74->72": 3}, "metrics": [2.0, 0.0, 2.0, 2.0, 10.0, 2.0, 0.0, 0.0, 1.0, 0.0, 2.0]}