{"nodelist": ["ClassDeclaration", "{'public'}", "public", "Annotation", "InterfaceAudience.Private", "EncodingState", "FieldDeclaration", "{'protected'}", "protected", "ReferenceType", "Cell", "VariableDeclarator", "prevCell", "Literal", "null"], "nodes": {"0": "ClassDeclaration", "1": "Modifier", "2": "public", "3": "Annotation", "4": "InterfaceAudience.Private", "5": "EncodingState", "6": "FieldDeclaration", "7": "Modifier", "8": "protected", "9": "ReferenceType", "10": "Cell", "11": "VariableDeclarator", "12": "prevCell", "13": "Literal", "14": "null"}, "edges": {"0->1": 0, "1->0": 0, "1->2": 0, "2->1": 0, "0->3": 0, "3->0": 0, "3->4": 0, "4->3": 0, "0->5": 0, "5->0": 0, "0->6": 0, "6->0": 0, "6->7": 0, "7->6": 0, "7->8": 0, "8->7": 0, "6->9": 0, "9->6": 0, "9->10": 0, "10->9": 0, "6->11": 0, "11->6": 0, "11->12": 0, "12->11": 0, "11->13": 0, "13->11": 0, "13->14": 0, "14->13": 0, "1->3": 1, "3->1": 12, "3->5": 1, "5->3": 12, "5->6": 1, "6->5": 12, "7->9": 1, "9->7": 12, "9->11": 1, "11->9": 12, "12->13": 1, "13->12": 12, "2->4": 2, "4->2": 3, "4->5": 2, "5->4": 3, "5->8": 2, "8->5": 3, "8->10": 2, "10->8": 3, "10->12": 2, "12->10": 3, "12->14": 2, "14->12": 3}, "metrics": [1.0, 0.0, 0.0, 0.0, 9.0, 0.0, 3.0, 0.0, -1.0, 5.0, 1.0]}