{"nodelist": ["ClassDeclaration", "{'public', 'static'}", "public", "static", "getTableNames_call", "ConstructorDeclaration", "{'public'}", "public", "getTableNames_call", "FormalParameter", "ReferenceType", "org", "ReferenceType", "apache", "ReferenceType", "thrift", "ReferenceType", "async", "ReferenceType", "AsyncMethodCallback", "TypeArgument", "ReferenceType", "getTableNames_call", "resultHandler", "FormalParameter", "ReferenceType", "org", "ReferenceType", "apache", "ReferenceType", "thrift", "ReferenceType", "async", "ReferenceType", "TAsyncClient", "client", "FormalParameter", "ReferenceType", "org", "ReferenceType", "apache", "ReferenceType", "thrift", "ReferenceType", "protocol", "ReferenceType", "TProtocolFactory", "protocolFactory", "FormalParameter", "ReferenceType", "org", "ReferenceType", "apache", "ReferenceType", "thrift", "ReferenceType", "transport", "ReferenceType", "TNonblockingTransport", "transport", "org.apache.thrift.TException", "StatementExpression", "SuperConstructorInvocation", "MemberReference", "client", "MemberReference", "protocolFactory", "MemberReference", "transport", "MemberReference", "resultHandler", "Literal", "false", "MethodDeclaration", "{'public'}", "public", "write_args", "FormalParameter", "ReferenceType", "org", "ReferenceType", "apache", "ReferenceType", "thrift", "ReferenceType", "protocol", "ReferenceType", "TProtocol", "prot", "org.apache.thrift.TException", "StatementExpression", "MethodInvocation", "prot", "ClassCreator", "ReferenceType", "org", "ReferenceType", "apache", "ReferenceType", "thrift", "ReferenceType", "protocol", "ReferenceType", "TMessage", "Literal", "\"getTableNames\"", "MemberReference", "org.apache.thrift.protocol.TMessageType", "CALL", "Literal", "0", "writeMessageBegin", "LocalVariableDeclaration", "ReferenceType", "getTableNames_args", "VariableDeclarator", "args", "ClassCreator", "ReferenceType", "getTableNames_args", "StatementExpression", "MethodInvocation", "args", "MemberReference", "prot", "write", "StatementExpression", "MethodInvocation", "prot", "writeMessageEnd", "MethodDeclaration", "{'public'}", "public", "ReferenceType", "List", "TypeArgument", "ReferenceType", "ByteBuffer", "getResult", "IOError", "org.apache.thrift.TException", "IfStatement", "BinaryOperation", "!=", "MethodInvocation", "getState", "MemberReference", "org.apache.thrift.async.TAsyncMethodCall.State", "RESPONSE_READ", "BlockStatement", "ThrowStatement", "ClassCreator", "ReferenceType", "IllegalStateException", "Literal", "\"Method call not finished!\"", "LocalVariableDeclaration", "ReferenceType", "org", "ReferenceType", "apache", "ReferenceType", "thrift", "ReferenceType", "transport", "ReferenceType", "TMemoryInputTransport", "VariableDeclarator", "memoryTransport", "ClassCreator", "ReferenceType", "org", "ReferenceType", "apache", "ReferenceType", "thrift", "ReferenceType", "transport", "ReferenceType", "TMemoryInputTransport", "MethodInvocation", "MethodInvocation", "array", "getFrameBuffer", "LocalVariableDeclaration", "ReferenceType", "org", "ReferenceType", "apache", "ReferenceType", "thrift", "ReferenceType", "protocol", "ReferenceType", "TProtocol", "VariableDeclarator", "prot", "MethodInvocation", "client", "MethodInvocation", "MemberReference", "memoryTransport", "getProtocol", "getProtocolFactory", "ReturnStatement", "ClassCreator", "MethodInvocation", "recv_getTableNames", "ReferenceType", "Client", "MemberReference", "prot", "ReferenceType", "org", "ReferenceType", "apache", "ReferenceType", "thrift", "ReferenceType", "async", "ReferenceType", "TAsyncMethodCall"], "nodes": {"0": "ClassDeclaration", "1": "Modifier", "2": "public", "3": "static", "4": "getTableNames_call", "5": "ConstructorDeclaration", "6": "Modifier", "7": "public", "8": "getTableNames_call", "9": "FormalParameter", "10": "ReferenceType", "11": "org", "12": "ReferenceType", "13": "apache", "14": "ReferenceType", "15": "thrift", "16": "ReferenceType", "17": "async", "18": "ReferenceType", "19": "AsyncMethodCallback", "20": "TypeArgument", "21": "ReferenceType", "22": "getTableNames_call", "23": "resultHandler", "24": "FormalParameter", "25": "ReferenceType", "26": "org", "27": "ReferenceType", "28": "apache", "29": "ReferenceType", "30": "thrift", "31": "ReferenceType", "32": "async", "33": "ReferenceType", "34": "TAsyncClient", "35": "client", "36": "FormalParameter", "37": "ReferenceType", "38": "org", "39": "ReferenceType", "40": "apache", "41": "ReferenceType", "42": "thrift", "43": "ReferenceType", "44": "protocol", "45": "ReferenceType", "46": "TProtocolFactory", "47": "protocolFactory", "48": "FormalParameter", "49": "ReferenceType", "50": "org", "51": "ReferenceType", "52": "apache", "53": "ReferenceType", "54": "thrift", "55": "ReferenceType", "56": "transport", "57": "ReferenceType", "58": "TNonblockingTransport", "59": "transport", "60": "org.apache.thrift.TException", "61": "StatementExpression", "62": "SuperConstructorInvocation", "63": "MemberReference", "64": "client", "65": "MemberReference", "66": "protocolFactory", "67": "MemberReference", "68": "transport", "69": "MemberReference", "70": "resultHandler", "71": "Literal", "72": "false", "73": "MethodDeclaration", "74": "Modifier", "75": "public", "76": "write_args", "77": "FormalParameter", "78": "ReferenceType", "79": "org", "80": "ReferenceType", "81": "apache", "82": "ReferenceType", "83": "thrift", "84": "ReferenceType", "85": "protocol", "86": "ReferenceType", "87": "TProtocol", "88": "prot", "89": "org.apache.thrift.TException", "90": "StatementExpression", "91": "MethodInvocation", "92": "prot", "93": "ClassCreator", "94": "ReferenceType", "95": "org", "96": "ReferenceType", "97": "apache", "98": "ReferenceType", "99": "thrift", "100": "ReferenceType", "101": "protocol", "102": "ReferenceType", "103": "TMessage", "104": "Literal", "105": "\"getTableNames\"", "106": "MemberReference", "107": "org.apache.thrift.protocol.TMessageType", "108": "CALL", "109": "Literal", "110": "0", "111": "writeMessageBegin", "112": "LocalVariableDeclaration", "113": "ReferenceType", "114": "getTableNames_args", "115": "VariableDeclarator", "116": "args", "117": "ClassCreator", "118": "ReferenceType", "119": "getTableNames_args", "120": "StatementExpression", "121": "MethodInvocation", "122": "args", "123": "MemberReference", "124": "prot", "125": "write", "126": "StatementExpression", "127": "MethodInvocation", "128": "prot", "129": "writeMessageEnd", "130": "MethodDeclaration", "131": "Modifier", "132": "public", "133": "ReferenceType", "134": "List", "135": "TypeArgument", "136": "ReferenceType", "137": "ByteBuffer", "138": "getResult", "139": "IOError", "140": "org.apache.thrift.TException", "141": "IfStatement", "142": "BinaryOperation", "143": "!=", "144": "MethodInvocation", "145": "getState", "146": "MemberReference", "147": "org.apache.thrift.async.TAsyncMethodCall.State", "148": "RESPONSE_READ", "149": "BlockStatement", "150": "ThrowStatement", "151": "ClassCreator", "152": "ReferenceType", "153": "IllegalStateException", "154": "Literal", "155": "\"Method call not finished!\"", "156": "LocalVariableDeclaration", "157": "ReferenceType", "158": "org", "159": "ReferenceType", "160": "apache", "161": "ReferenceType", "162": "thrift", "163": "ReferenceType", "164": "transport", "165": "ReferenceType", "166": "TMemoryInputTransport", "167": "VariableDeclarator", "168": "memoryTransport", "169": "ClassCreator", "170": "ReferenceType", "171": "org", "172": "ReferenceType", "173": "apache", "174": "ReferenceType", "175": "thrift", "176": "ReferenceType", "177": "transport", "178": "ReferenceType", "179": "TMemoryInputTransport", "180": "MethodInvocation", "181": "MethodInvocation", "182": "array", "183": "getFrameBuffer", "184": "LocalVariableDeclaration", "185": "ReferenceType", "186": "org", "187": "ReferenceType", "188": "apache", "189": "ReferenceType", "190": "thrift", "191": "ReferenceType", "192": "protocol", "193": "ReferenceType", "194": "TProtocol", "195": "VariableDeclarator", "196": "prot", "197": "MethodInvocation", "198": "client", "199": "MethodInvocation", "200": "MemberReference", "201": "memoryTransport", "202": "getProtocol", "203": "getProtocolFactory", "204": "ReturnStatement", "205": "ClassCreator", "206": "MethodInvocation", "207": "recv_getTableNames", "208": "ReferenceType", "209": "Client", "210": "MemberReference", "211": "prot", "212": "ReferenceType", "213": "org", "214": "ReferenceType", "215": "apache", "216": "ReferenceType", "217": "thrift", "218": "ReferenceType", "219": "async", "220": "ReferenceType", "221": "TAsyncMethodCall"}, "edges": {"0->1": 0, "1->0": 0, "1->2": 0, "2->1": 0, "1->3": 0, "3->1": 0, "0->4": 0, "4->0": 0, "0->5": 0, "5->0": 0, "5->6": 0, "6->5": 0, "6->7": 0, "7->6": 0, "5->8": 0, "8->5": 0, "5->9": 0, "9->5": 0, "9->10": 0, "10->9": 0, "10->11": 0, "11->10": 0, "10->12": 0, "12->10": 0, "12->13": 0, "13->12": 0, "12->14": 0, "14->12": 0, "14->15": 0, "15->14": 0, "14->16": 0, "16->14": 0, "16->17": 0, "17->16": 0, "16->18": 0, "18->16": 0, "18->19": 0, "19->18": 0, "18->20": 0, "20->18": 0, "20->21": 0, "21->20": 0, "21->22": 0, "22->21": 0, "9->23": 0, "23->9": 0, "5->24": 0, "24->5": 0, "24->25": 0, "25->24": 0, "25->26": 0, "26->25": 0, "25->27": 0, "27->25": 0, "27->28": 0, "28->27": 0, "27->29": 0, "29->27": 0, "29->30": 0, "30->29": 0, "29->31": 0, "31->29": 0, "31->32": 0, "32->31": 0, "31->33": 0, "33->31": 0, "33->34": 0, "34->33": 0, "24->35": 0, "35->24": 0, "5->36": 0, "36->5": 0, "36->37": 0, "37->36": 0, "37->38": 0, "38->37": 0, "37->39": 0, "39->37": 0, "39->40": 0, "40->39": 0, "39->41": 0, "41->39": 0, "41->42": 0, "42->41": 0, "41->43": 0, "43->41": 0, "43->44": 0, "44->43": 0, "43->45": 0, "45->43": 0, "45->46": 0, "46->45": 0, "36->47": 0, "47->36": 0, "5->48": 0, "48->5": 0, "48->49": 0, "49->48": 0, "49->50": 0, "50->49": 0, "49->51": 0, "51->49": 0, "51->52": 0, "52->51": 0, "51->53": 0, "53->51": 0, "53->54": 0, "54->53": 0, "53->55": 0, "55->53": 0, "55->56": 0, "56->55": 0, "55->57": 0, "57->55": 0, "57->58": 0, "58->57": 0, "48->59": 0, "59->48": 0, "5->60": 0, "60->5": 0, "5->61": 0, "61->5": 0, "61->62": 0, "62->61": 0, "62->63": 0, "63->62": 0, "63->64": 0, "64->63": 0, "62->65": 0, "65->62": 0, "65->66": 0, "66->65": 0, "62->67": 0, "67->62": 0, "67->68": 0, "68->67": 0, "62->69": 0, "69->62": 0, "69->70": 0, "70->69": 0, "62->71": 0, "71->62": 0, "71->72": 0, "72->71": 0, "0->73": 0, "73->0": 0, "73->74": 0, "74->73": 0, "74->75": 0, "75->74": 0, "73->76": 0, "76->73": 0, "73->77": 0, "77->73": 0, "77->78": 0, "78->77": 0, "78->79": 0, "79->78": 0, "78->80": 0, "80->78": 0, "80->81": 0, "81->80": 0, "80->82": 0, "82->80": 0, "82->83": 0, "83->82": 0, "82->84": 0, "84->82": 0, "84->85": 0, "85->84": 0, "84->86": 0, "86->84": 0, "86->87": 0, "87->86": 0, "77->88": 0, "88->77": 0, "73->89": 0, "89->73": 0, "73->90": 0, "90->73": 0, "90->91": 0, "91->90": 0, "91->92": 0, "92->91": 0, "91->93": 0, "93->91": 0, "93->94": 0, "94->93": 0, "94->95": 0, "95->94": 0, "94->96": 0, "96->94": 0, "96->97": 0, "97->96": 0, "96->98": 0, "98->96": 0, "98->99": 0, "99->98": 0, "98->100": 0, "100->98": 0, "100->101": 0, "101->100": 0, "100->102": 0, "102->100": 0, "102->103": 0, "103->102": 0, "93->104": 0, "104->93": 0, "104->105": 0, "105->104": 0, "93->106": 0, "106->93": 0, "106->107": 0, "107->106": 0, "106->108": 0, "108->106": 0, "93->109": 0, "109->93": 0, "109->110": 0, "110->109": 0, "91->111": 0, "111->91": 0, "73->112": 0, "112->73": 0, "112->113": 0, "113->112": 0, "113->114": 0, "114->113": 0, "112->115": 0, "115->112": 0, "115->116": 0, "116->115": 0, "115->117": 0, "117->115": 0, "117->118": 0, "118->117": 0, "118->119": 0, "119->118": 0, "73->120": 0, "120->73": 0, "120->121": 0, "121->120": 0, "121->122": 0, "122->121": 0, "121->123": 0, "123->121": 0, "123->124": 0, "124->123": 0, "121->125": 0, "125->121": 0, "73->126": 0, "126->73": 0, "126->127": 0, "127->126": 0, "127->128": 0, "128->127": 0, "127->129": 0, "129->127": 0, "0->130": 0, "130->0": 0, "130->131": 0, "131->130": 0, "131->132": 0, "132->131": 0, "130->133": 0, "133->130": 0, "133->134": 0, "134->133": 0, "133->135": 0, "135->133": 0, "135->136": 0, "136->135": 0, "136->137": 0, "137->136": 0, "130->138": 0, "138->130": 0, "130->139": 0, "139->130": 0, "130->140": 0, "140->130": 0, "130->141": 0, "141->130": 0, "141->142": 0, "142->141": 0, "142->143": 0, "143->142": 0, "142->144": 0, "144->142": 0, "144->145": 0, "145->144": 0, "142->146": 0, "146->142": 0, "146->147": 0, "147->146": 0, "146->148": 0, "148->146": 0, "141->149": 0, "149->141": 0, "149->150": 0, "150->149": 0, "150->151": 0, "151->150": 0, "151->152": 0, "152->151": 0, "152->153": 0, "153->152": 0, "151->154": 0, "154->151": 0, "154->155": 0, "155->154": 0, "130->156": 0, "156->130": 0, "156->157": 0, "157->156": 0, "157->158": 0, "158->157": 0, "157->159": 0, "159->157": 0, "159->160": 0, "160->159": 0, "159->161": 0, "161->159": 0, "161->162": 0, "162->161": 0, "161->163": 0, "163->161": 0, "163->164": 0, "164->163": 0, "163->165": 0, "165->163": 0, "165->166": 0, "166->165": 0, "156->167": 0, "167->156": 0, "167->168": 0, "168->167": 0, "167->169": 0, "169->167": 0, "169->170": 0, "170->169": 0, "170->171": 0, "171->170": 0, "170->172": 0, "172->170": 0, "172->173": 0, "173->172": 0, "172->174": 0, "174->172": 0, "174->175": 0, "175->174": 0, "174->176": 0, "176->174": 0, "176->177": 0, "177->176": 0, "176->178": 0, "178->176": 0, "178->179": 0, "179->178": 0, "169->180": 0, "180->169": 0, "180->181": 0, "181->180": 0, "181->182": 0, "182->181": 0, "180->183": 0, "183->180": 0, "130->184": 0, "184->130": 0, "184->185": 0, "185->184": 0, "185->186": 0, "186->185": 0, "185->187": 0, "187->185": 0, "187->188": 0, "188->187": 0, "187->189": 0, "189->187": 0, "189->190": 0, "190->189": 0, "189->191": 0, "191->189": 0, "191->192": 0, "192->191": 0, "191->193": 0, "193->191": 0, "193->194": 0, "194->193": 0, "184->195": 0, "195->184": 0, "195->196": 0, "196->195": 0, "195->197": 0, "197->195": 0, "197->198": 0, "198->197": 0, "197->199": 0, "199->197": 0, "199->200": 0, "200->199": 0, "200->201": 0, "201->200": 0, "199->202": 0, "202->199": 0, "197->203": 0, "203->197": 0, "130->204": 0, "204->130": 0, "204->205": 0, "205->204": 0, "205->206": 0, "206->205": 0, "206->207": 0, "207->206": 0, "205->208": 0, "208->205": 0, "208->209": 0, "209->208": 0, "205->210": 0, "210->205": 0, "210->211": 0, "211->210": 0, "0->212": 0, "212->0": 0, "212->213": 0, "213->212": 0, "212->214": 0, "214->212": 0, "214->215": 0, "215->214": 0, "214->216": 0, "216->214": 0, "216->217": 0, "217->216": 0, "216->218": 0, "218->216": 0, "218->219": 0, "219->218": 0, "218->220": 0, "220->218": 0, "220->221": 0, "221->220": 0, "1->4": 1, "4->1": 12, "4->5": 1, "5->4": 12, "5->73": 1, "73->5": 12, "73->130": 1, "130->73": 12, "130->212": 1, "212->130": 12, "2->3": 2, "3->2": 3, "6->8": 1, "8->6": 12, "8->9": 1, "9->8": 12, "9->24": 1, "24->9": 12, "24->36": 1, "36->24": 12, "36->48": 1, "48->36": 12, "48->60": 1, "60->48": 12, "60->61": 1, "61->60": 12, "10->23": 1, "23->10": 12, "11->12": 1, "12->11": 12, "13->14": 1, "14->13": 12, "15->16": 1, "16->15": 12, "17->18": 1, "18->17": 12, "19->20": 1, "20->19": 12, "25->35": 1, "35->25": 12, "26->27": 1, "27->26": 12, "28->29": 1, "29->28": 12, "30->31": 1, "31->30": 12, "32->33": 1, "33->32": 12, "37->47": 1, "47->37": 12, "38->39": 1, "39->38": 12, "40->41": 1, "41->40": 12, "42->43": 1, "43->42": 12, "44->45": 1, "45->44": 12, "49->59": 1, "59->49": 12, "50->51": 1, "51->50": 12, "52->53": 1, "53->52": 12, "54->55": 1, "55->54": 12, "56->57": 1, "57->56": 12, "63->65": 1, "65->63": 12, "65->67": 1, "67->65": 12, "67->69": 1, "69->67": 12, "69->71": 1, "71->69": 12, "74->76": 1, "76->74": 12, "76->77": 1, "77->76": 12, "77->89": 1, "89->77": 12, "89->90": 1, "90->89": 12, "90->112": 1, "112->90": 12, "112->120": 1, "120->112": 12, "120->126": 1, "126->120": 12, "78->88": 1, "88->78": 12, "79->80": 1, "80->79": 12, "81->82": 1, "82->81": 12, "83->84": 1, "84->83": 12, "85->86": 1, "86->85": 12, "92->93": 1, "93->92": 12, "93->111": 1, "111->93": 12, "94->104": 1, "104->94": 12, "104->106": 1, "106->104": 12, "106->109": 1, "109->106": 12, "95->96": 1, "96->95": 12, "97->98": 1, "98->97": 12, "99->100": 1, "100->99": 12, "101->102": 1, "102->101": 12, "107->108": 2, "108->107": 3, "113->115": 1, "115->113": 12, "116->117": 1, "117->116": 12, "122->123": 1, "123->122": 12, "123->125": 1, "125->123": 12, "128->129": 2, "129->128": 3, "131->133": 1, "133->131": 12, "133->138": 1, "138->133": 12, "138->139": 2, "139->138": 3, "139->140": 2, "140->139": 3, "140->141": 1, "141->140": 12, "141->156": 1, "156->141": 12, "156->184": 1, "184->156": 12, "184->204": 1, "204->184": 12, "134->135": 1, "135->134": 12, "142->149": 6, "149->142": 6, "143->144": 1, "144->143": 12, "144->146": 1, "146->144": 12, "147->148": 2, "148->147": 3, "152->154": 1, "154->152": 12, "157->167": 1, "167->157": 12, "158->159": 1, "159->158": 12, "160->161": 1, "161->160": 12, "162->163": 1, "163->162": 12, "164->165": 1, "165->164": 12, "168->169": 1, "169->168": 12, "170->180": 1, "180->170": 12, "171->172": 1, "172->171": 12, "173->174": 1, "174->173": 12, "175->176": 1, "176->175": 12, "177->178": 1, "178->177": 12, "181->183": 1, "183->181": 12, "185->195": 1, "195->185": 12, "186->187": 1, "187->186": 12, "188->189": 1, "189->188": 12, "190->191": 1, "191->190": 12, "192->193": 1, "193->192": 12, "196->197": 1, "197->196": 12, "198->199": 1, "199->198": 12, "199->203": 1, "203->199": 12, "200->202": 1, "202->200": 12, "206->208": 1, "208->206": 12, "208->210": 1, "210->208": 12, "213->214": 1, "214->213": 12, "215->216": 1, "216->215": 12, "217->218": 1, "218->217": 12, "219->220": 1, "220->219": 12, "3->4": 2, "4->3": 3, "4->7": 2, "7->4": 3, "7->8": 2, "8->7": 3, "8->11": 2, "11->8": 3, "11->13": 2, "13->11": 3, "13->15": 2, "15->13": 3, "15->17": 2, "17->15": 3, "17->19": 2, "19->17": 3, "19->22": 2, "22->19": 3, "22->23": 2, "23->22": 3, "23->26": 2, "26->23": 3, "26->28": 2, "28->26": 3, "28->30": 2, "30->28": 3, "30->32": 2, "32->30": 3, "32->34": 2, "34->32": 3, "34->35": 2, "35->34": 3, "35->38": 2, "38->35": 3, "38->40": 2, "40->38": 3, "40->42": 2, "42->40": 3, "42->44": 2, "44->42": 3, "44->46": 2, "46->44": 3, "46->47": 2, "47->46": 3, "47->50": 2, "50->47": 3, "50->52": 2, "52->50": 3, "52->54": 2, "54->52": 3, "54->56": 2, "56->54": 3, "56->58": 2, "58->56": 3, "58->59": 2, "59->58": 3, "59->60": 2, "60->59": 3, "60->64": 2, "64->60": 3, "64->66": 2, "66->64": 3, "66->68": 2, "68->66": 3, "68->70": 2, "70->68": 3, "70->72": 2, "72->70": 3, "72->75": 2, "75->72": 3, "75->76": 2, "76->75": 3, "76->79": 2, "79->76": 3, "79->81": 2, "81->79": 3, "81->83": 2, "83->81": 3, "83->85": 2, "85->83": 3, "85->87": 2, "87->85": 3, "87->88": 2, "88->87": 3, "88->89": 2, "89->88": 3, "89->92": 2, "92->89": 3, "92->95": 2, "95->92": 3, "95->97": 2, "97->95": 3, "97->99": 2, "99->97": 3, "99->101": 2, "101->99": 3, "101->103": 2, "103->101": 3, "103->105": 2, "105->103": 3, "105->107": 2, "107->105": 3, "108->110": 2, "110->108": 3, "110->111": 2, "111->110": 3, "111->114": 2, "114->111": 3, "114->116": 2, "116->114": 3, "116->119": 2, "119->116": 3, "119->122": 2, "122->119": 3, "122->124": 2, "124->122": 3, "124->125": 2, "125->124": 3, "125->128": 2, "128->125": 3, "129->132": 2, "132->129": 3, "132->134": 2, "134->132": 3, "134->137": 2, "137->134": 3, "137->138": 2, "138->137": 3, "140->143": 2, "143->140": 3, "143->145": 2, "145->143": 3, "145->147": 2, "147->145": 3, "148->153": 2, "153->148": 3, "153->155": 2, "155->153": 3, "155->158": 2, "158->155": 3, "158->160": 2, "160->158": 3, "160->162": 2, "162->160": 3, "162->164": 2, "164->162": 3, "164->166": 2, "166->164": 3, "166->168": 2, "168->166": 3, "168->171": 2, "171->168": 3, "171->173": 2, "173->171": 3, "173->175": 2, "175->173": 3, "175->177": 2, "177->175": 3, "177->179": 2, "179->177": 3, "179->182": 2, "182->179": 3, "182->183": 2, "183->182": 3, "183->186": 2, "186->183": 3, "186->188": 2, "188->186": 3, "188->190": 2, "190->188": 3, "190->192": 2, "192->190": 3, "192->194": 2, "194->192": 3, "194->196": 2, "196->194": 3, "196->198": 2, "198->196": 3, "198->201": 2, "201->198": 3, "201->202": 2, "202->201": 3, "202->203": 2, "203->202": 3, "203->207": 2, "207->203": 3, "207->209": 2, "209->207": 3, "209->211": 2, "211->209": 3, "211->213": 2, "213->211": 3, "213->215": 2, "215->213": 3, "215->217": 2, "217->215": 3, "217->219": 2, "219->217": 3, "219->221": 2, "221->219": 3, "124->211": 4, "211->124": 5}, "metrics": [0.0, 0.0, 3.0, 3.0, 19.0, 4.0, 0.0, 0.0, -1.0, 2.0, 1.0]}