{"nodelist": ["ClassDeclaration", "{'public'}", "public", "PageFilter", "FieldDeclaration", "{'private'}", "private", "BasicType", "long", "VariableDeclarator", "pageSize", "MemberReference", "Long", "MAX_VALUE", "FieldDeclaration", "{'private'}", "private", "BasicType", "int", "VariableDeclarator", "rowsAccepted", "Literal", "0", "ConstructorDeclaration", "{'public'}", "public", "PageFilter", "StatementExpression", "SuperConstructorInvocation", "ConstructorDeclaration", "{'public'}", "public", "PageFilter", "FormalParameter", "{'final'}", "final", "BasicType", "long", "pageSize", "StatementExpression", "MethodInvocation", "Preconditions", "BinaryOperation", ">=", "MemberReference", "pageSize", "Literal", "0", "Literal", "\"must be positive %s\"", "MemberReference", "pageSize", "checkArgument", "StatementExpression", "Assignment", "This", "MemberReference", "pageSize", "MemberReference", "pageSize", "=", "MethodDeclaration", "{'public'}", "public", "BasicType", "long", "getPageSize", "ReturnStatement", "MemberReference", "pageSize", "MethodDeclaration", "{'public'}", "public", "BasicType", "boolean", "filterAllRemaining", "ReturnStatement", "BinaryOperation", ">=", "This", "MemberReference", "rowsAccepted", "This", "MemberReference", "pageSize", "MethodDeclaration", "{'public'}", "public", "BasicType", "boolean", "filterRow", "StatementExpression", "This", "++", "MemberReference", "rowsAccepted", "ReturnStatement", "BinaryOperation", ">", "This", "MemberReference", "rowsAccepted", "This", "MemberReference", "pageSize", "MethodDeclaration", "{'public', 'static'}", "public", "static", "ReferenceType", "Filter", "createFilterFromArguments", "FormalParameter", "ReferenceType", "ArrayList", "TypeArgument", "BasicType", "byte", "filterArguments", "StatementExpression", "MethodInvocation", "Preconditions", "BinaryOperation", "==", "MethodInvocation", "filterArguments", "size", "Literal", "1", "Literal", "\"Expected 1 but got: %s\"", "MethodInvocation", "filterArguments", "size", "checkArgument", "LocalVariableDeclaration", "BasicType", "long", "VariableDeclarator", "pageSize", "MethodInvocation", "ParseFilter", "MethodInvocation", "filterArguments", "Literal", "0", "get", "convertByteArrayToLong", "ReturnStatement", "ClassCreator", "ReferenceType", "PageFilter", "MemberReference", "pageSize", "MethodDeclaration", "{'public'}", "public", "readFields", "FormalParameter", "{'final'}", "final", "ReferenceType", "DataInput", "in", "IOException", "StatementExpression", "Assignment", "This", "MemberReference", "pageSize", "MethodInvocation", "in", "readLong", "=", "MethodDeclaration", "{'public'}", "public", "write", "FormalParameter", "{'final'}", "final", "ReferenceType", "DataOutput", "out", "IOException", "StatementExpression", "MethodInvocation", "out", "MemberReference", "pageSize", "writeLong", "MethodDeclaration", "{'public'}", "public", "Annotation", "Override", "ReferenceType", "String", "toString", "ReturnStatement", "BinaryOperation", "+", "BinaryOperation", "+", "This", "MethodInvocation", "getClass", "MethodInvocation", "getSimpleName", "Literal", "\" \"", "This", "MemberReference", "pageSize", "ReferenceType", "FilterBase"], "nodes": {"0": "ClassDeclaration", "1": "Modifier", "2": "public", "3": "PageFilter", "4": "FieldDeclaration", "5": "Modifier", "6": "private", "7": "BasicType", "8": "long", "9": "VariableDeclarator", "10": "pageSize", "11": "MemberReference", "12": "Long", "13": "MAX_VALUE", "14": "FieldDeclaration", "15": "Modifier", "16": "private", "17": "BasicType", "18": "int", "19": "VariableDeclarator", "20": "rowsAccepted", "21": "Literal", "22": "0", "23": "ConstructorDeclaration", "24": "Modifier", "25": "public", "26": "PageFilter", "27": "StatementExpression", "28": "SuperConstructorInvocation", "29": "ConstructorDeclaration", "30": "Modifier", "31": "public", "32": "PageFilter", "33": "FormalParameter", "34": "Modifier", "35": "final", "36": "BasicType", "37": "long", "38": "pageSize", "39": "StatementExpression", "40": "MethodInvocation", "41": "Preconditions", "42": "BinaryOperation", "43": ">=", "44": "MemberReference", "45": "pageSize", "46": "Literal", "47": "0", "48": "Literal", "49": "\"must be positive %s\"", "50": "MemberReference", "51": "pageSize", "52": "checkArgument", "53": "StatementExpression", "54": "Assignment", "55": "This", "56": "MemberReference", "57": "pageSize", "58": "MemberReference", "59": "pageSize", "60": "=", "61": "MethodDeclaration", "62": "Modifier", "63": "public", "64": "BasicType", "65": "long", "66": "getPageSize", "67": "ReturnStatement", "68": "MemberReference", "69": "pageSize", "70": "MethodDeclaration", "71": "Modifier", "72": "public", "73": "BasicType", "74": "boolean", "75": "filterAllRemaining", "76": "ReturnStatement", "77": "BinaryOperation", "78": ">=", "79": "This", "80": "MemberReference", "81": "rowsAccepted", "82": "This", "83": "MemberReference", "84": "pageSize", "85": "MethodDeclaration", "86": "Modifier", "87": "public", "88": "BasicType", "89": "boolean", "90": "filterRow", "91": "StatementExpression", "92": "This", "93": "++", "94": "MemberReference", "95": "rowsAccepted", "96": "ReturnStatement", "97": "BinaryOperation", "98": ">", "99": "This", "100": "MemberReference", "101": "rowsAccepted", "102": "This", "103": "MemberReference", "104": "pageSize", "105": "MethodDeclaration", "106": "Modifier", "107": "public", "108": "static", "109": "ReferenceType", "110": "Filter", "111": "createFilterFromArguments", "112": "FormalParameter", "113": "ReferenceType", "114": "ArrayList", "115": "TypeArgument", "116": "BasicType", "117": "byte", "118": "filterArguments", "119": "StatementExpression", "120": "MethodInvocation", "121": "Preconditions", "122": "BinaryOperation", "123": "==", "124": "MethodInvocation", "125": "filterArguments", "126": "size", "127": "Literal", "128": "1", "129": "Literal", "130": "\"Expected 1 but got: %s\"", "131": "MethodInvocation", "132": "filterArguments", "133": "size", "134": "checkArgument", "135": "LocalVariableDeclaration", "136": "BasicType", "137": "long", "138": "VariableDeclarator", "139": "pageSize", "140": "MethodInvocation", "141": "ParseFilter", "142": "MethodInvocation", "143": "filterArguments", "144": "Literal", "145": "0", "146": "get", "147": "convertByteArrayToLong", "148": "ReturnStatement", "149": "ClassCreator", "150": "ReferenceType", "151": "PageFilter", "152": "MemberReference", "153": "pageSize", "154": "MethodDeclaration", "155": "Modifier", "156": "public", "157": "readFields", "158": "FormalParameter", "159": "Modifier", "160": "final", "161": "ReferenceType", "162": "DataInput", "163": "in", "164": "IOException", "165": "StatementExpression", "166": "Assignment", "167": "This", "168": "MemberReference", "169": "pageSize", "170": "MethodInvocation", "171": "in", "172": "readLong", "173": "=", "174": "MethodDeclaration", "175": "Modifier", "176": "public", "177": "write", "178": "FormalParameter", "179": "Modifier", "180": "final", "181": "ReferenceType", "182": "DataOutput", "183": "out", "184": "IOException", "185": "StatementExpression", "186": "MethodInvocation", "187": "out", "188": "MemberReference", "189": "pageSize", "190": "writeLong", "191": "MethodDeclaration", "192": "Modifier", "193": "public", "194": "Annotation", "195": "Override", "196": "ReferenceType", "197": "String", "198": "toString", "199": "ReturnStatement", "200": "BinaryOperation", "201": "+", "202": "BinaryOperation", "203": "+", "204": "This", "205": "MethodInvocation", "206": "getClass", "207": "MethodInvocation", "208": "getSimpleName", "209": "Literal", "210": "\" \"", "211": "This", "212": "MemberReference", "213": "pageSize", "214": "ReferenceType", "215": "FilterBase"}, "edges": {"0->1": 0, "1->0": 0, "1->2": 0, "2->1": 0, "0->3": 0, "3->0": 0, "0->4": 0, "4->0": 0, "4->5": 0, "5->4": 0, "5->6": 0, "6->5": 0, "4->7": 0, "7->4": 0, "7->8": 0, "8->7": 0, "4->9": 0, "9->4": 0, "9->10": 0, "10->9": 0, "9->11": 0, "11->9": 0, "11->12": 0, "12->11": 0, "11->13": 0, "13->11": 0, "0->14": 0, "14->0": 0, "14->15": 0, "15->14": 0, "15->16": 0, "16->15": 0, "14->17": 0, "17->14": 0, "17->18": 0, "18->17": 0, "14->19": 0, "19->14": 0, "19->20": 0, "20->19": 0, "19->21": 0, "21->19": 0, "21->22": 0, "22->21": 0, "0->23": 0, "23->0": 0, "23->24": 0, "24->23": 0, "24->25": 0, "25->24": 0, "23->26": 0, "26->23": 0, "23->27": 0, "27->23": 0, "27->28": 0, "28->27": 0, "0->29": 0, "29->0": 0, "29->30": 0, "30->29": 0, "30->31": 0, "31->30": 0, "29->32": 0, "32->29": 0, "29->33": 0, "33->29": 0, "33->34": 0, "34->33": 0, "34->35": 0, "35->34": 0, "33->36": 0, "36->33": 0, "36->37": 0, "37->36": 0, "33->38": 0, "38->33": 0, "29->39": 0, "39->29": 0, "39->40": 0, "40->39": 0, "40->41": 0, "41->40": 0, "40->42": 0, "42->40": 0, "42->43": 0, "43->42": 0, "42->44": 0, "44->42": 0, "44->45": 0, "45->44": 0, "42->46": 0, "46->42": 0, "46->47": 0, "47->46": 0, "40->48": 0, "48->40": 0, "48->49": 0, "49->48": 0, "40->50": 0, "50->40": 0, "50->51": 0, "51->50": 0, "40->52": 0, "52->40": 0, "29->53": 0, "53->29": 0, "53->54": 0, "54->53": 0, "54->55": 0, "55->54": 0, "55->56": 0, "56->55": 0, "56->57": 0, "57->56": 0, "54->58": 0, "58->54": 0, "58->59": 0, "59->58": 0, "54->60": 0, "60->54": 0, "0->61": 0, "61->0": 0, "61->62": 0, "62->61": 0, "62->63": 0, "63->62": 0, "61->64": 0, "64->61": 0, "64->65": 0, "65->64": 0, "61->66": 0, "66->61": 0, "61->67": 0, "67->61": 0, "67->68": 0, "68->67": 0, "68->69": 0, "69->68": 0, "0->70": 0, "70->0": 0, "70->71": 0, "71->70": 0, "71->72": 0, "72->71": 0, "70->73": 0, "73->70": 0, "73->74": 0, "74->73": 0, "70->75": 0, "75->70": 0, "70->76": 0, "76->70": 0, "76->77": 0, "77->76": 0, "77->78": 0, "78->77": 0, "77->79": 0, "79->77": 0, "79->80": 0, "80->79": 0, "80->81": 0, "81->80": 0, "77->82": 0, "82->77": 0, "82->83": 0, "83->82": 0, "83->84": 0, "84->83": 0, "0->85": 0, "85->0": 0, "85->86": 0, "86->85": 0, "86->87": 0, "87->86": 0, "85->88": 0, "88->85": 0, "88->89": 0, "89->88": 0, "85->90": 0, "90->85": 0, "85->91": 0, "91->85": 0, "91->92": 0, "92->91": 0, "92->93": 0, "93->92": 0, "92->94": 0, "94->92": 0, "94->95": 0, "95->94": 0, "85->96": 0, "96->85": 0, "96->97": 0, "97->96": 0, "97->98": 0, "98->97": 0, "97->99": 0, "99->97": 0, "99->100": 0, "100->99": 0, "100->101": 0, "101->100": 0, "97->102": 0, "102->97": 0, "102->103": 0, "103->102": 0, "103->104": 0, "104->103": 0, "0->105": 0, "105->0": 0, "105->106": 0, "106->105": 0, "106->107": 0, "107->106": 0, "106->108": 0, "108->106": 0, "105->109": 0, "109->105": 0, "109->110": 0, "110->109": 0, "105->111": 0, "111->105": 0, "105->112": 0, "112->105": 0, "112->113": 0, "113->112": 0, "113->114": 0, "114->113": 0, "113->115": 0, "115->113": 0, "115->116": 0, "116->115": 0, "116->117": 0, "117->116": 0, "112->118": 0, "118->112": 0, "105->119": 0, "119->105": 0, "119->120": 0, "120->119": 0, "120->121": 0, "121->120": 0, "120->122": 0, "122->120": 0, "122->123": 0, "123->122": 0, "122->124": 0, "124->122": 0, "124->125": 0, "125->124": 0, "124->126": 0, "126->124": 0, "122->127": 0, "127->122": 0, "127->128": 0, "128->127": 0, "120->129": 0, "129->120": 0, "129->130": 0, "130->129": 0, "120->131": 0, "131->120": 0, "131->132": 0, "132->131": 0, "131->133": 0, "133->131": 0, "120->134": 0, "134->120": 0, "105->135": 0, "135->105": 0, "135->136": 0, "136->135": 0, "136->137": 0, "137->136": 0, "135->138": 0, "138->135": 0, "138->139": 0, "139->138": 0, "138->140": 0, "140->138": 0, "140->141": 0, "141->140": 0, "140->142": 0, "142->140": 0, "142->143": 0, "143->142": 0, "142->144": 0, "144->142": 0, "144->145": 0, "145->144": 0, "142->146": 0, "146->142": 0, "140->147": 0, "147->140": 0, "105->148": 0, "148->105": 0, "148->149": 0, "149->148": 0, "149->150": 0, "150->149": 0, "150->151": 0, "151->150": 0, "149->152": 0, "152->149": 0, "152->153": 0, "153->152": 0, "0->154": 0, "154->0": 0, "154->155": 0, "155->154": 0, "155->156": 0, "156->155": 0, "154->157": 0, "157->154": 0, "154->158": 0, "158->154": 0, "158->159": 0, "159->158": 0, "159->160": 0, "160->159": 0, "158->161": 0, "161->158": 0, "161->162": 0, "162->161": 0, "158->163": 0, "163->158": 0, "154->164": 0, "164->154": 0, "154->165": 0, "165->154": 0, "165->166": 0, "166->165": 0, "166->167": 0, "167->166": 0, "167->168": 0, "168->167": 0, "168->169": 0, "169->168": 0, "166->170": 0, "170->166": 0, "170->171": 0, "171->170": 0, "170->172": 0, "172->170": 0, "166->173": 0, "173->166": 0, "0->174": 0, "174->0": 0, "174->175": 0, "175->174": 0, "175->176": 0, "176->175": 0, "174->177": 0, "177->174": 0, "174->178": 0, "178->174": 0, "178->179": 0, "179->178": 0, "179->180": 0, "180->179": 0, "178->181": 0, "181->178": 0, "181->182": 0, "182->181": 0, "178->183": 0, "183->178": 0, "174->184": 0, "184->174": 0, "174->185": 0, "185->174": 0, "185->186": 0, "186->185": 0, "186->187": 0, "187->186": 0, "186->188": 0, "188->186": 0, "188->189": 0, "189->188": 0, "186->190": 0, "190->186": 0, "0->191": 0, "191->0": 0, "191->192": 0, "192->191": 0, "192->193": 0, "193->192": 0, "191->194": 0, "194->191": 0, "194->195": 0, "195->194": 0, "191->196": 0, "196->191": 0, "196->197": 0, "197->196": 0, "191->198": 0, "198->191": 0, "191->199": 0, "199->191": 0, "199->200": 0, "200->199": 0, "200->201": 0, "201->200": 0, "200->202": 0, "202->200": 0, "202->203": 0, "203->202": 0, "202->204": 0, "204->202": 0, "204->205": 0, "205->204": 0, "205->206": 0, "206->205": 0, "204->207": 0, "207->204": 0, "207->208": 0, "208->207": 0, "202->209": 0, "209->202": 0, "209->210": 0, "210->209": 0, "200->211": 0, "211->200": 0, "211->212": 0, "212->211": 0, "212->213": 0, "213->212": 0, "0->214": 0, "214->0": 0, "214->215": 0, "215->214": 0, "1->3": 1, "3->1": 12, "3->4": 1, "4->3": 12, "4->14": 1, "14->4": 12, "14->23": 1, "23->14": 12, "23->29": 1, "29->23": 12, "29->61": 1, "61->29": 12, "61->70": 1, "70->61": 12, "70->85": 1, "85->70": 12, "85->105": 1, "105->85": 12, "105->154": 1, "154->105": 12, "154->174": 1, "174->154": 12, "174->191": 1, "191->174": 12, "191->214": 1, "214->191": 12, "5->7": 1, "7->5": 12, "7->9": 1, "9->7": 12, "10->11": 1, "11->10": 12, "12->13": 2, "13->12": 3, "15->17": 1, "17->15": 12, "17->19": 1, "19->17": 12, "20->21": 1, "21->20": 12, "24->26": 1, "26->24": 12, "26->27": 1, "27->26": 12, "30->32": 1, "32->30": 12, "32->33": 1, "33->32": 12, "33->39": 1, "39->33": 12, "39->53": 1, "53->39": 12, "34->36": 1, "36->34": 12, "36->38": 1, "38->36": 12, "41->42": 1, "42->41": 12, "42->48": 1, "48->42": 12, "48->50": 1, "50->48": 12, "50->52": 1, "52->50": 12, "43->44": 1, "44->43": 12, "44->46": 1, "46->44": 12, "55->58": 1, "58->55": 12, "58->60": 1, "60->58": 12, "62->64": 1, "64->62": 12, "64->66": 1, "66->64": 12, "66->67": 1, "67->66": 12, "71->73": 1, "73->71": 12, "73->75": 1, "75->73": 12, "75->76": 1, "76->75": 12, "78->79": 1, "79->78": 12, "79->82": 1, "82->79": 12, "86->88": 1, "88->86": 12, "88->90": 1, "90->88": 12, "90->91": 1, "91->90": 12, "91->96": 1, "96->91": 12, "93->94": 1, "94->93": 12, "98->99": 1, "99->98": 12, "99->102": 1, "102->99": 12, "106->109": 1, "109->106": 12, "109->111": 1, "111->109": 12, "111->112": 1, "112->111": 12, "112->119": 1, "119->112": 12, "119->135": 1, "135->119": 12, "135->148": 1, "148->135": 12, "107->108": 2, "108->107": 3, "113->118": 1, "118->113": 12, "114->115": 1, "115->114": 12, "121->122": 1, "122->121": 12, "122->129": 1, "129->122": 12, "129->131": 1, "131->129": 12, "131->134": 1, "134->131": 12, "123->124": 1, "124->123": 12, "124->127": 1, "127->124": 12, "125->126": 2, "126->125": 3, "132->133": 2, "133->132": 3, "136->138": 1, "138->136": 12, "139->140": 1, "140->139": 12, "141->142": 1, "142->141": 12, "142->147": 1, "147->142": 12, "143->144": 1, "144->143": 12, "144->146": 1, "146->144": 12, "150->152": 1, "152->150": 12, "155->157": 1, "157->155": 12, "157->158": 1, "158->157": 12, "158->164": 1, "164->158": 12, "164->165": 1, "165->164": 12, "159->161": 1, "161->159": 12, "161->163": 1, "163->161": 12, "167->170": 1, "170->167": 12, "170->173": 1, "173->170": 12, "171->172": 2, "172->171": 3, "175->177": 1, "177->175": 12, "177->178": 1, "178->177": 12, "178->184": 1, "184->178": 12, "184->185": 1, "185->184": 12, "179->181": 1, "181->179": 12, "181->183": 1, "183->181": 12, "187->188": 1, "188->187": 12, "188->190": 1, "190->188": 12, "192->194": 1, "194->192": 12, "194->196": 1, "196->194": 12, "196->198": 1, "198->196": 12, "198->199": 1, "199->198": 12, "201->202": 1, "202->201": 12, "202->211": 1, "211->202": 12, "203->204": 1, "204->203": 12, "204->209": 1, "209->204": 12, "205->207": 1, "207->205": 12, "2->3": 2, "3->2": 3, "3->6": 2, "6->3": 3, "6->8": 2, "8->6": 3, "8->10": 2, "10->8": 3, "10->12": 2, "12->10": 3, "13->16": 2, "16->13": 3, "16->18": 2, "18->16": 3, "18->20": 2, "20->18": 3, "20->22": 2, "22->20": 3, "22->25": 2, "25->22": 3, "25->26": 2, "26->25": 3, "26->28": 2, "28->26": 3, "28->31": 2, "31->28": 3, "31->32": 2, "32->31": 3, "32->35": 2, "35->32": 3, "35->37": 2, "37->35": 3, "37->38": 2, "38->37": 3, "38->41": 2, "41->38": 3, "41->43": 2, "43->41": 3, "43->45": 2, "45->43": 3, "45->47": 2, "47->45": 3, "47->49": 2, "49->47": 3, "49->51": 2, "51->49": 3, "51->52": 2, "52->51": 3, "52->57": 2, "57->52": 3, "57->59": 4, "59->57": 5, "59->60": 2, "60->59": 3, "60->63": 2, "63->60": 3, "63->65": 2, "65->63": 3, "65->66": 2, "66->65": 3, "66->69": 2, "69->66": 3, "69->72": 2, "72->69": 3, "72->74": 2, "74->72": 3, "74->75": 2, "75->74": 3, "75->78": 2, "78->75": 3, "78->81": 2, "81->78": 3, "81->84": 2, "84->81": 3, "84->87": 2, "87->84": 3, "87->89": 2, "89->87": 3, "89->90": 2, "90->89": 3, "90->93": 2, "93->90": 3, "93->95": 2, "95->93": 3, "95->98": 2, "98->95": 3, "98->101": 2, "101->98": 3, "101->104": 2, "104->101": 3, "104->107": 2, "107->104": 3, "108->110": 2, "110->108": 3, "110->111": 2, "111->110": 3, "111->114": 2, "114->111": 3, "114->117": 2, "117->114": 3, "117->118": 2, "118->117": 3, "118->121": 2, "121->118": 3, "121->123": 2, "123->121": 3, "123->125": 2, "125->123": 3, "126->128": 2, "128->126": 3, "128->130": 2, "130->128": 3, "130->132": 2, "132->130": 3, "133->134": 2, "134->133": 3, "134->137": 2, "137->134": 3, "137->139": 2, "139->137": 3, "139->141": 2, "141->139": 3, "141->143": 2, "143->141": 3, "143->145": 2, "145->143": 3, "145->146": 2, "146->145": 3, "146->147": 2, "147->146": 3, "147->151": 2, "151->147": 3, "151->153": 2, "153->151": 3, "153->156": 2, "156->153": 3, "156->157": 2, "157->156": 3, "157->160": 2, "160->157": 3, "160->162": 2, "162->160": 3, "162->163": 2, "163->162": 3, "163->164": 2, "164->163": 3, "164->169": 2, "169->164": 3, "169->171": 2, "171->169": 3, "172->173": 2, "173->172": 3, "173->176": 2, "176->173": 3, "176->177": 2, "177->176": 3, "177->180": 2, "180->177": 3, "180->182": 2, "182->180": 3, "182->183": 2, "183->182": 3, "183->184": 2, "184->183": 3, "184->187": 2, "187->184": 3, "187->189": 2, "189->187": 3, "189->190": 2, "190->189": 3, "190->193": 2, "193->190": 3, "193->195": 2, "195->193": 3, "195->197": 2, "197->195": 3, "197->198": 2, "198->197": 3, "198->201": 2, "201->198": 3, "201->203": 2, "203->201": 3, "203->206": 2, "206->203": 3, "206->208": 2, "208->206": 3, "208->210": 2, "210->208": 3, "210->213": 2, "213->210": 3, "213->215": 2, "215->213": 3, "45->51": 4, "51->45": 5, "51->57": 4, "57->51": 5, "59->69": 4, "69->59": 5, "69->84": 4, "84->69": 5, "84->104": 4, "104->84": 5, "104->153": 4, "153->104": 5, "153->169": 4, "169->153": 5, "169->189": 4, "189->169": 5, "189->213": 4, "213->189": 5, "81->95": 4, "95->81": 5, "95->101": 4, "101->95": 5}, "metrics": [2.0, 0.0, 9.0, 9.0, 45.0, 9.0, 0.0, 2.0, 0.3333333333333333, 3.0, 1.0]}