{"nodelist": ["ClassDeclaration", "{'public', 'static'}", "public", "static", "RegionServerStdOutSink", "MethodDeclaration", "{'public'}", "public", "Annotation", "Override", "publishReadFailure", "FormalParameter", "ReferenceType", "String", "table", "FormalParameter", "ReferenceType", "String", "server", "StatementExpression", "MethodInvocation", "LOG", "MethodInvocation", "String", "Literal", "\"Read from table:%s on region server:%s\"", "MemberReference", "table", "MemberReference", "server", "format", "error", "MethodDeclaration", "{'public'}", "public", "Annotation", "Override", "publishReadTiming", "FormalParameter", "ReferenceType", "String", "table", "FormalParameter", "ReferenceType", "String", "server", "FormalParameter", "BasicType", "long", "msTime", "StatementExpression", "MethodInvocation", "LOG", "MethodInvocation", "String", "Literal", "\"Read from table:%s on region server:%s in %dms\"", "MemberReference", "table", "MemberReference", "server", "MemberReference", "msTime", "format", "info", "ReferenceType", "StdOutSink", "ReferenceType", "ExtendedSink"], "nodes": {"0": "ClassDeclaration", "1": "Modifier", "2": "public", "3": "static", "4": "RegionServerStdOutSink", "5": "MethodDeclaration", "6": "Modifier", "7": "public", "8": "Annotation", "9": "Override", "10": "publishReadFailure", "11": "FormalParameter", "12": "ReferenceType", "13": "String", "14": "table", "15": "FormalParameter", "16": "ReferenceType", "17": "String", "18": "server", "19": "StatementExpression", "20": "MethodInvocation", "21": "LOG", "22": "MethodInvocation", "23": "String", "24": "Literal", "25": "\"Read from table:%s on region server:%s\"", "26": "MemberReference", "27": "table", "28": "MemberReference", "29": "server", "30": "format", "31": "error", "32": "MethodDeclaration", "33": "Modifier", "34": "public", "35": "Annotation", "36": "Override", "37": "publishReadTiming", "38": "FormalParameter", "39": "ReferenceType", "40": "String", "41": "table", "42": "FormalParameter", "43": "ReferenceType", "44": "String", "45": "server", "46": "FormalParameter", "47": "BasicType", "48": "long", "49": "msTime", "50": "StatementExpression", "51": "MethodInvocation", "52": "LOG", "53": "MethodInvocation", "54": "String", "55": "Literal", "56": "\"Read from table:%s on region server:%s in %dms\"", "57": "MemberReference", "58": "table", "59": "MemberReference", "60": "server", "61": "MemberReference", "62": "msTime", "63": "format", "64": "info", "65": "ReferenceType", "66": "StdOutSink", "67": "ReferenceType", "68": "ExtendedSink"}, "edges": {"0->1": 0, "1->0": 0, "1->2": 0, "2->1": 0, "1->3": 0, "3->1": 0, "0->4": 0, "4->0": 0, "0->5": 0, "5->0": 0, "5->6": 0, "6->5": 0, "6->7": 0, "7->6": 0, "5->8": 0, "8->5": 0, "8->9": 0, "9->8": 0, "5->10": 0, "10->5": 0, "5->11": 0, "11->5": 0, "11->12": 0, "12->11": 0, "12->13": 0, "13->12": 0, "11->14": 0, "14->11": 0, "5->15": 0, "15->5": 0, "15->16": 0, "16->15": 0, "16->17": 0, "17->16": 0, "15->18": 0, "18->15": 0, "5->19": 0, "19->5": 0, "19->20": 0, "20->19": 0, "20->21": 0, "21->20": 0, "20->22": 0, "22->20": 0, "22->23": 0, "23->22": 0, "22->24": 0, "24->22": 0, "24->25": 0, "25->24": 0, "22->26": 0, "26->22": 0, "26->27": 0, "27->26": 0, "22->28": 0, "28->22": 0, "28->29": 0, "29->28": 0, "22->30": 0, "30->22": 0, "20->31": 0, "31->20": 0, "0->32": 0, "32->0": 0, "32->33": 0, "33->32": 0, "33->34": 0, "34->33": 0, "32->35": 0, "35->32": 0, "35->36": 0, "36->35": 0, "32->37": 0, "37->32": 0, "32->38": 0, "38->32": 0, "38->39": 0, "39->38": 0, "39->40": 0, "40->39": 0, "38->41": 0, "41->38": 0, "32->42": 0, "42->32": 0, "42->43": 0, "43->42": 0, "43->44": 0, "44->43": 0, "42->45": 0, "45->42": 0, "32->46": 0, "46->32": 0, "46->47": 0, "47->46": 0, "47->48": 0, "48->47": 0, "46->49": 0, "49->46": 0, "32->50": 0, "50->32": 0, "50->51": 0, "51->50": 0, "51->52": 0, "52->51": 0, "51->53": 0, "53->51": 0, "53->54": 0, "54->53": 0, "53->55": 0, "55->53": 0, "55->56": 0, "56->55": 0, "53->57": 0, "57->53": 0, "57->58": 0, "58->57": 0, "53->59": 0, "59->53": 0, "59->60": 0, "60->59": 0, "53->61": 0, "61->53": 0, "61->62": 0, "62->61": 0, "53->63": 0, "63->53": 0, "51->64": 0, "64->51": 0, "0->65": 0, "65->0": 0, "65->66": 0, "66->65": 0, "0->67": 0, "67->0": 0, "67->68": 0, "68->67": 0, "1->4": 1, "4->1": 12, "4->5": 1, "5->4": 12, "5->32": 1, "32->5": 12, "32->65": 1, "65->32": 12, "65->67": 1, "67->65": 12, "2->3": 2, "3->2": 3, "6->8": 1, "8->6": 12, "8->10": 1, "10->8": 12, "10->11": 1, "11->10": 12, "11->15": 1, "15->11": 12, "15->19": 1, "19->15": 12, "12->14": 1, "14->12": 12, "16->18": 1, "18->16": 12, "21->22": 1, "22->21": 12, "22->31": 1, "31->22": 12, "23->24": 1, "24->23": 12, "24->26": 1, "26->24": 12, "26->28": 1, "28->26": 12, "28->30": 1, "30->28": 12, "33->35": 1, "35->33": 12, "35->37": 1, "37->35": 12, "37->38": 1, "38->37": 12, "38->42": 1, "42->38": 12, "42->46": 1, "46->42": 12, "46->50": 1, "50->46": 12, "39->41": 1, "41->39": 12, "43->45": 1, "45->43": 12, "47->49": 1, "49->47": 12, "52->53": 1, "53->52": 12, "53->64": 1, "64->53": 12, "54->55": 1, "55->54": 12, "55->57": 1, "57->55": 12, "57->59": 1, "59->57": 12, "59->61": 1, "61->59": 12, "61->63": 1, "63->61": 12, "3->4": 2, "4->3": 3, "4->7": 2, "7->4": 3, "7->9": 2, "9->7": 3, "9->10": 2, "10->9": 3, "10->13": 2, "13->10": 3, "13->14": 2, "14->13": 3, "14->17": 2, "17->14": 3, "17->18": 2, "18->17": 3, "18->21": 2, "21->18": 3, "21->23": 2, "23->21": 3, "23->25": 2, "25->23": 3, "25->27": 2, "27->25": 3, "27->29": 2, "29->27": 3, "29->30": 2, "30->29": 3, "30->31": 2, "31->30": 3, "31->34": 2, "34->31": 3, "34->36": 2, "36->34": 3, "36->37": 2, "37->36": 3, "37->40": 2, "40->37": 3, "40->41": 2, "41->40": 3, "41->44": 2, "44->41": 3, "44->45": 2, "45->44": 3, "45->48": 2, "48->45": 3, "48->49": 2, "49->48": 3, "49->52": 2, "52->49": 3, "52->54": 2, "54->52": 3, "54->56": 2, "56->54": 3, "56->58": 2, "58->56": 3, "58->60": 2, "60->58": 3, "60->62": 2, "62->60": 3, "62->63": 2, "63->62": 3, "63->64": 2, "64->63": 3, "64->66": 2, "66->64": 3, "66->68": 2, "68->66": 3, "27->58": 4, "58->27": 5, "29->60": 4, "60->29": 5}, "metrics": [0.0, 0.0, 2.0, 2.0, 8.0, 2.0, 0.0, 2.0, -1.0, 1.0, 0.0]}