{"nodelist": ["ClassDeclaration", "{'public', 'static'}", "public", "static", "WaitToBeMasterThread", "FieldDeclaration", "ReferenceType", "ActiveMasterManager", "VariableDeclarator", "manager", "FieldDeclaration", "BasicType", "boolean", "VariableDeclarator", "isActiveMaster", "ConstructorDeclaration", "{'public'}", "public", "WaitToBeMasterThread", "FormalParameter", "ReferenceType", "ZooKeeperWatcher", "zk", "FormalParameter", "ReferenceType", "HServerAddress", "address", "StatementExpression", "Assignment", "This", "MemberReference", "manager", "ClassCreator", "ReferenceType", "ActiveMasterManager", "MemberReference", "zk", "MemberReference", "address", "ClassCreator", "ReferenceType", "DummyMaster", "=", "StatementExpression", "Assignment", "MemberReference", "isActiveMaster", "Literal", "false", "=", "MethodDeclaration", "{'public'}", "public", "Annotation", "Override", "run", "StatementExpression", "MethodInvocation", "manager", "blockUntilBecomingActiveMaster", "StatementExpression", "MethodInvocation", "LOG", "Literal", "\"Second master has become the active master!\"", "info", "StatementExpression", "Assignment", "MemberReference", "isActiveMaster", "Literal", "true", "=", "ReferenceType", "Thread"], "nodes": {"0": "ClassDeclaration", "1": "Modifier", "2": "public", "3": "static", "4": "WaitToBeMasterThread", "5": "FieldDeclaration", "6": "ReferenceType", "7": "ActiveMasterManager", "8": "VariableDeclarator", "9": "manager", "10": "FieldDeclaration", "11": "BasicType", "12": "boolean", "13": "VariableDeclarator", "14": "isActiveMaster", "15": "ConstructorDeclaration", "16": "Modifier", "17": "public", "18": "WaitToBeMasterThread", "19": "FormalParameter", "20": "ReferenceType", "21": "ZooKeeperWatcher", "22": "zk", "23": "FormalParameter", "24": "ReferenceType", "25": "HServerAddress", "26": "address", "27": "StatementExpression", "28": "Assignment", "29": "This", "30": "MemberReference", "31": "manager", "32": "ClassCreator", "33": "ReferenceType", "34": "ActiveMasterManager", "35": "MemberReference", "36": "zk", "37": "MemberReference", "38": "address", "39": "ClassCreator", "40": "ReferenceType", "41": "DummyMaster", "42": "=", "43": "StatementExpression", "44": "Assignment", "45": "MemberReference", "46": "isActiveMaster", "47": "Literal", "48": "false", "49": "=", "50": "MethodDeclaration", "51": "Modifier", "52": "public", "53": "Annotation", "54": "Override", "55": "run", "56": "StatementExpression", "57": "MethodInvocation", "58": "manager", "59": "blockUntilBecomingActiveMaster", "60": "StatementExpression", "61": "MethodInvocation", "62": "LOG", "63": "Literal", "64": "\"Second master has become the active master!\"", "65": "info", "66": "StatementExpression", "67": "Assignment", "68": "MemberReference", "69": "isActiveMaster", "70": "Literal", "71": "true", "72": "=", "73": "ReferenceType", "74": "Thread"}, "edges": {"0->1": 0, "1->0": 0, "1->2": 0, "2->1": 0, "1->3": 0, "3->1": 0, "0->4": 0, "4->0": 0, "0->5": 0, "5->0": 0, "5->6": 0, "6->5": 0, "6->7": 0, "7->6": 0, "5->8": 0, "8->5": 0, "8->9": 0, "9->8": 0, "0->10": 0, "10->0": 0, "10->11": 0, "11->10": 0, "11->12": 0, "12->11": 0, "10->13": 0, "13->10": 0, "13->14": 0, "14->13": 0, "0->15": 0, "15->0": 0, "15->16": 0, "16->15": 0, "16->17": 0, "17->16": 0, "15->18": 0, "18->15": 0, "15->19": 0, "19->15": 0, "19->20": 0, "20->19": 0, "20->21": 0, "21->20": 0, "19->22": 0, "22->19": 0, "15->23": 0, "23->15": 0, "23->24": 0, "24->23": 0, "24->25": 0, "25->24": 0, "23->26": 0, "26->23": 0, "15->27": 0, "27->15": 0, "27->28": 0, "28->27": 0, "28->29": 0, "29->28": 0, "29->30": 0, "30->29": 0, "30->31": 0, "31->30": 0, "28->32": 0, "32->28": 0, "32->33": 0, "33->32": 0, "33->34": 0, "34->33": 0, "32->35": 0, "35->32": 0, "35->36": 0, "36->35": 0, "32->37": 0, "37->32": 0, "37->38": 0, "38->37": 0, "32->39": 0, "39->32": 0, "39->40": 0, "40->39": 0, "40->41": 0, "41->40": 0, "28->42": 0, "42->28": 0, "15->43": 0, "43->15": 0, "43->44": 0, "44->43": 0, "44->45": 0, "45->44": 0, "45->46": 0, "46->45": 0, "44->47": 0, "47->44": 0, "47->48": 0, "48->47": 0, "44->49": 0, "49->44": 0, "0->50": 0, "50->0": 0, "50->51": 0, "51->50": 0, "51->52": 0, "52->51": 0, "50->53": 0, "53->50": 0, "53->54": 0, "54->53": 0, "50->55": 0, "55->50": 0, "50->56": 0, "56->50": 0, "56->57": 0, "57->56": 0, "57->58": 0, "58->57": 0, "57->59": 0, "59->57": 0, "50->60": 0, "60->50": 0, "60->61": 0, "61->60": 0, "61->62": 0, "62->61": 0, "61->63": 0, "63->61": 0, "63->64": 0, "64->63": 0, "61->65": 0, "65->61": 0, "50->66": 0, "66->50": 0, "66->67": 0, "67->66": 0, "67->68": 0, "68->67": 0, "68->69": 0, "69->68": 0, "67->70": 0, "70->67": 0, "70->71": 0, "71->70": 0, "67->72": 0, "72->67": 0, "0->73": 0, "73->0": 0, "73->74": 0, "74->73": 0, "1->4": 1, "4->1": 12, "4->5": 1, "5->4": 12, "5->10": 1, "10->5": 12, "10->15": 1, "15->10": 12, "15->50": 1, "50->15": 12, "50->73": 1, "73->50": 12, "2->3": 2, "3->2": 3, "6->8": 1, "8->6": 12, "11->13": 1, "13->11": 12, "16->18": 1, "18->16": 12, "18->19": 1, "19->18": 12, "19->23": 1, "23->19": 12, "23->27": 1, "27->23": 12, "27->43": 1, "43->27": 12, "20->22": 1, "22->20": 12, "24->26": 1, "26->24": 12, "29->32": 1, "32->29": 12, "32->42": 1, "42->32": 12, "33->35": 1, "35->33": 12, "35->37": 1, "37->35": 12, "37->39": 1, "39->37": 12, "45->47": 1, "47->45": 12, "47->49": 1, "49->47": 12, "51->53": 1, "53->51": 12, "53->55": 1, "55->53": 12, "55->56": 1, "56->55": 12, "56->60": 1, "60->56": 12, "60->66": 1, "66->60": 12, "58->59": 2, "59->58": 3, "62->63": 1, "63->62": 12, "63->65": 1, "65->63": 12, "68->70": 1, "70->68": 12, "70->72": 1, "72->70": 12, "3->4": 2, "4->3": 3, "4->7": 2, "7->4": 3, "7->9": 2, "9->7": 3, "9->12": 2, "12->9": 3, "12->14": 2, "14->12": 3, "14->17": 2, "17->14": 3, "17->18": 2, "18->17": 3, "18->21": 2, "21->18": 3, "21->22": 2, "22->21": 3, "22->25": 2, "25->22": 3, "25->26": 2, "26->25": 3, "26->31": 2, "31->26": 3, "31->34": 2, "34->31": 3, "34->36": 2, "36->34": 3, "36->38": 2, "38->36": 3, "38->41": 2, "41->38": 3, "41->42": 2, "42->41": 3, "42->46": 2, "46->42": 3, "46->48": 2, "48->46": 3, "48->49": 2, "49->48": 3, "49->52": 2, "52->49": 3, "52->54": 2, "54->52": 3, "54->55": 2, "55->54": 3, "55->58": 2, "58->55": 3, "59->62": 2, "62->59": 3, "62->64": 2, "64->62": 3, "64->65": 2, "65->64": 3, "65->69": 2, "69->65": 3, "69->71": 2, "71->69": 3, "71->72": 2, "72->71": 3, "72->74": 2, "74->72": 3, "46->69": 4, "69->46": 5}, "metrics": [2.0, 0.0, 2.0, 2.0, 13.0, 2.0, 0.0, 0.0, 0.0, 1.0, 3.0]}