{"nodelist": ["ClassDeclaration", "{'public', 'static'}", "public", "static", "AtomicityWriter", "FieldDeclaration", "ReferenceType", "Random", "VariableDeclarator", "rand", "ClassCreator", "ReferenceType", "Random", "FieldDeclaration", "BasicType", "byte", "VariableDeclarator", "data", "ArrayCreator", "BasicType", "byte", "Literal", "10", "FieldDeclaration", "BasicType", "byte", "VariableDeclarator", "targetRows", "FieldDeclaration", "BasicType", "byte", "VariableDeclarator", "targetFamilies", "FieldDeclaration", "ReferenceType", "HTable", "VariableDeclarator", "table", "FieldDeclaration", "ReferenceType", "AtomicLong", "VariableDeclarator", "numWritten", "ClassCreator", "ReferenceType", "AtomicLong", "ConstructorDeclaration", "{'public'}", "public", "AtomicityWriter", "FormalParameter", "ReferenceType", "TestContext", "ctx", "FormalParameter", "BasicType", "byte", "targetRows", "FormalParameter", "BasicType", "byte", "targetFamilies", "IOException", "StatementExpression", "SuperConstructorInvocation", "MemberReference", "ctx", "StatementExpression", "Assignment", "This", "MemberReference", "targetRows", "MemberReference", "targetRows", "=", "StatementExpression", "Assignment", "This", "MemberReference", "targetFamilies", "MemberReference", "targetFamilies", "=", "StatementExpression", "Assignment", "MemberReference", "table", "ClassCreator", "ReferenceType", "HTable", "MethodInvocation", "ctx", "getConf", "MemberReference", "TABLE_NAME", "=", "MethodDeclaration", "{'public'}", "public", "doAnAction", "Exception", "LocalVariableDeclaration", "BasicType", "byte", "VariableDeclarator", "targetRow", "MemberReference", "ArraySelector", "MethodInvocation", "rand", "MemberReference", "targetRows", "length", "nextInt", "targetRows", "LocalVariableDeclaration", "ReferenceType", "Put", "VariableDeclarator", "p", "ClassCreator", "ReferenceType", "Put", "MemberReference", "targetRow", "StatementExpression", "MethodInvocation", "rand", "MemberReference", "data", "nextBytes", "ForStatement", "EnhancedForControl", "VariableDeclaration", "BasicType", "byte", "VariableDeclarator", "family", "MemberReference", "targetFamilies", "BlockStatement", "ForStatement", "ForControl", "VariableDeclaration", "BasicType", "int", "VariableDeclarator", "i", "Literal", "0", "BinaryOperation", "<", "MemberReference", "i", "MemberReference", "NUM_COLS_TO_CHECK", "MemberReference", "++", "i", "BlockStatement", "LocalVariableDeclaration", "BasicType", "byte", "VariableDeclarator", "qualifier", "MethodInvocation", "Bytes", "BinaryOperation", "+", "Literal", "\"col\"", "MemberReference", "i", "toBytes", "StatementExpression", "MethodInvocation", "p", "MemberReference", "family", "MemberReference", "qualifier", "MemberReference", "data", "add", "StatementExpression", "MethodInvocation", "table", "MemberReference", "p", "put", "StatementExpression", "MethodInvocation", "numWritten", "getAndIncrement", "ReferenceType", "RepeatingTestThread"], "nodes": {"0": "ClassDeclaration", "1": "Modifier", "2": "public", "3": "static", "4": "AtomicityWriter", "5": "FieldDeclaration", "6": "ReferenceType", "7": "Random", "8": "VariableDeclarator", "9": "rand", "10": "ClassCreator", "11": "ReferenceType", "12": "Random", "13": "FieldDeclaration", "14": "BasicType", "15": "byte", "16": "VariableDeclarator", "17": "data", "18": "ArrayCreator", "19": "BasicType", "20": "byte", "21": "Literal", "22": "10", "23": "FieldDeclaration", "24": "BasicType", "25": "byte", "26": "VariableDeclarator", "27": "targetRows", "28": "FieldDeclaration", "29": "BasicType", "30": "byte", "31": "VariableDeclarator", "32": "targetFamilies", "33": "FieldDeclaration", "34": "ReferenceType", "35": "HTable", "36": "VariableDeclarator", "37": "table", "38": "FieldDeclaration", "39": "ReferenceType", "40": "AtomicLong", "41": "VariableDeclarator", "42": "numWritten", "43": "ClassCreator", "44": "ReferenceType", "45": "AtomicLong", "46": "ConstructorDeclaration", "47": "Modifier", "48": "public", "49": "AtomicityWriter", "50": "FormalParameter", "51": "ReferenceType", "52": "TestContext", "53": "ctx", "54": "FormalParameter", "55": "BasicType", "56": "byte", "57": "targetRows", "58": "FormalParameter", "59": "BasicType", "60": "byte", "61": "targetFamilies", "62": "IOException", "63": "StatementExpression", "64": "SuperConstructorInvocation", "65": "MemberReference", "66": "ctx", "67": "StatementExpression", "68": "Assignment", "69": "This", "70": "MemberReference", "71": "targetRows", "72": "MemberReference", "73": "targetRows", "74": "=", "75": "StatementExpression", "76": "Assignment", "77": "This", "78": "MemberReference", "79": "targetFamilies", "80": "MemberReference", "81": "targetFamilies", "82": "=", "83": "StatementExpression", "84": "Assignment", "85": "MemberReference", "86": "table", "87": "ClassCreator", "88": "ReferenceType", "89": "HTable", "90": "MethodInvocation", "91": "ctx", "92": "getConf", "93": "MemberReference", "94": "TABLE_NAME", "95": "=", "96": "MethodDeclaration", "97": "Modifier", "98": "public", "99": "doAnAction", "100": "Exception", "101": "LocalVariableDeclaration", "102": "BasicType", "103": "byte", "104": "VariableDeclarator", "105": "targetRow", "106": "MemberReference", "107": "ArraySelector", "108": "MethodInvocation", "109": "rand", "110": "MemberReference", "111": "targetRows", "112": "length", "113": "nextInt", "114": "targetRows", "115": "LocalVariableDeclaration", "116": "ReferenceType", "117": "Put", "118": "VariableDeclarator", "119": "p", "120": "ClassCreator", "121": "ReferenceType", "122": "Put", "123": "MemberReference", "124": "targetRow", "125": "StatementExpression", "126": "MethodInvocation", "127": "rand", "128": "MemberReference", "129": "data", "130": "nextBytes", "131": "ForStatement", "132": "EnhancedForControl", "133": "VariableDeclaration", "134": "BasicType", "135": "byte", "136": "VariableDeclarator", "137": "family", "138": "MemberReference", "139": "targetFamilies", "140": "BlockStatement", "141": "ForStatement", "142": "ForControl", "143": "VariableDeclaration", "144": "BasicType", "145": "int", "146": "VariableDeclarator", "147": "i", "148": "Literal", "149": "0", "150": "BinaryOperation", "151": "<", "152": "MemberReference", "153": "i", "154": "MemberReference", "155": "NUM_COLS_TO_CHECK", "156": "MemberReference", "157": "++", "158": "i", "159": "BlockStatement", "160": "LocalVariableDeclaration", "161": "BasicType", "162": "byte", "163": "VariableDeclarator", "164": "qualifier", "165": "MethodInvocation", "166": "Bytes", "167": "BinaryOperation", "168": "+", "169": "Literal", "170": "\"col\"", "171": "MemberReference", "172": "i", "173": "toBytes", "174": "StatementExpression", "175": "MethodInvocation", "176": "p", "177": "MemberReference", "178": "family", "179": "MemberReference", "180": "qualifier", "181": "MemberReference", "182": "data", "183": "add", "184": "StatementExpression", "185": "MethodInvocation", "186": "table", "187": "MemberReference", "188": "p", "189": "put", "190": "StatementExpression", "191": "MethodInvocation", "192": "numWritten", "193": "getAndIncrement", "194": "ReferenceType", "195": "RepeatingTestThread"}, "edges": {"0->1": 0, "1->0": 0, "1->2": 0, "2->1": 0, "1->3": 0, "3->1": 0, "0->4": 0, "4->0": 0, "0->5": 0, "5->0": 0, "5->6": 0, "6->5": 0, "6->7": 0, "7->6": 0, "5->8": 0, "8->5": 0, "8->9": 0, "9->8": 0, "8->10": 0, "10->8": 0, "10->11": 0, "11->10": 0, "11->12": 0, "12->11": 0, "0->13": 0, "13->0": 0, "13->14": 0, "14->13": 0, "14->15": 0, "15->14": 0, "13->16": 0, "16->13": 0, "16->17": 0, "17->16": 0, "16->18": 0, "18->16": 0, "18->19": 0, "19->18": 0, "19->20": 0, "20->19": 0, "18->21": 0, "21->18": 0, "21->22": 0, "22->21": 0, "0->23": 0, "23->0": 0, "23->24": 0, "24->23": 0, "24->25": 0, "25->24": 0, "23->26": 0, "26->23": 0, "26->27": 0, "27->26": 0, "0->28": 0, "28->0": 0, "28->29": 0, "29->28": 0, "29->30": 0, "30->29": 0, "28->31": 0, "31->28": 0, "31->32": 0, "32->31": 0, "0->33": 0, "33->0": 0, "33->34": 0, "34->33": 0, "34->35": 0, "35->34": 0, "33->36": 0, "36->33": 0, "36->37": 0, "37->36": 0, "0->38": 0, "38->0": 0, "38->39": 0, "39->38": 0, "39->40": 0, "40->39": 0, "38->41": 0, "41->38": 0, "41->42": 0, "42->41": 0, "41->43": 0, "43->41": 0, "43->44": 0, "44->43": 0, "44->45": 0, "45->44": 0, "0->46": 0, "46->0": 0, "46->47": 0, "47->46": 0, "47->48": 0, "48->47": 0, "46->49": 0, "49->46": 0, "46->50": 0, "50->46": 0, "50->51": 0, "51->50": 0, "51->52": 0, "52->51": 0, "50->53": 0, "53->50": 0, "46->54": 0, "54->46": 0, "54->55": 0, "55->54": 0, "55->56": 0, "56->55": 0, "54->57": 0, "57->54": 0, "46->58": 0, "58->46": 0, "58->59": 0, "59->58": 0, "59->60": 0, "60->59": 0, "58->61": 0, "61->58": 0, "46->62": 0, "62->46": 0, "46->63": 0, "63->46": 0, "63->64": 0, "64->63": 0, "64->65": 0, "65->64": 0, "65->66": 0, "66->65": 0, "46->67": 0, "67->46": 0, "67->68": 0, "68->67": 0, "68->69": 0, "69->68": 0, "69->70": 0, "70->69": 0, "70->71": 0, "71->70": 0, "68->72": 0, "72->68": 0, "72->73": 0, "73->72": 0, "68->74": 0, "74->68": 0, "46->75": 0, "75->46": 0, "75->76": 0, "76->75": 0, "76->77": 0, "77->76": 0, "77->78": 0, "78->77": 0, "78->79": 0, "79->78": 0, "76->80": 0, "80->76": 0, "80->81": 0, "81->80": 0, "76->82": 0, "82->76": 0, "46->83": 0, "83->46": 0, "83->84": 0, "84->83": 0, "84->85": 0, "85->84": 0, "85->86": 0, "86->85": 0, "84->87": 0, "87->84": 0, "87->88": 0, "88->87": 0, "88->89": 0, "89->88": 0, "87->90": 0, "90->87": 0, "90->91": 0, "91->90": 0, "90->92": 0, "92->90": 0, "87->93": 0, "93->87": 0, "93->94": 0, "94->93": 0, "84->95": 0, "95->84": 0, "0->96": 0, "96->0": 0, "96->97": 0, "97->96": 0, "97->98": 0, "98->97": 0, "96->99": 0, "99->96": 0, "96->100": 0, "100->96": 0, "96->101": 0, "101->96": 0, "101->102": 0, "102->101": 0, "102->103": 0, "103->102": 0, "101->104": 0, "104->101": 0, "104->105": 0, "105->104": 0, "104->106": 0, "106->104": 0, "106->107": 0, "107->106": 0, "107->108": 0, "108->107": 0, "108->109": 0, "109->108": 0, "108->110": 0, "110->108": 0, "110->111": 0, "111->110": 0, "110->112": 0, "112->110": 0, "108->113": 0, "113->108": 0, "106->114": 0, "114->106": 0, "96->115": 0, "115->96": 0, "115->116": 0, "116->115": 0, "116->117": 0, "117->116": 0, "115->118": 0, "118->115": 0, "118->119": 0, "119->118": 0, "118->120": 0, "120->118": 0, "120->121": 0, "121->120": 0, "121->122": 0, "122->121": 0, "120->123": 0, "123->120": 0, "123->124": 0, "124->123": 0, "96->125": 0, "125->96": 0, "125->126": 0, "126->125": 0, "126->127": 0, "127->126": 0, "126->128": 0, "128->126": 0, "128->129": 0, "129->128": 0, "126->130": 0, "130->126": 0, "96->131": 0, "131->96": 0, "131->132": 0, "132->131": 0, "132->133": 0, "133->132": 0, "133->134": 0, "134->133": 0, "134->135": 0, "135->134": 0, "133->136": 0, "136->133": 0, "136->137": 0, "137->136": 0, "132->138": 0, "138->132": 0, "138->139": 0, "139->138": 0, "131->140": 0, "140->131": 0, "140->141": 0, "141->140": 0, "141->142": 0, "142->141": 0, "142->143": 0, "143->142": 0, "143->144": 0, "144->143": 0, "144->145": 0, "145->144": 0, "143->146": 0, "146->143": 0, "146->147": 0, "147->146": 0, "146->148": 0, "148->146": 0, "148->149": 0, "149->148": 0, "142->150": 0, "150->142": 0, "150->151": 0, "151->150": 0, "150->152": 0, "152->150": 0, "152->153": 0, "153->152": 0, "150->154": 0, "154->150": 0, "154->155": 0, "155->154": 0, "142->156": 0, "156->142": 0, "156->157": 0, "157->156": 0, "156->158": 0, "158->156": 0, "141->159": 0, "159->141": 0, "159->160": 0, "160->159": 0, "160->161": 0, "161->160": 0, "161->162": 0, "162->161": 0, "160->163": 0, "163->160": 0, "163->164": 0, "164->163": 0, "163->165": 0, "165->163": 0, "165->166": 0, "166->165": 0, "165->167": 0, "167->165": 0, "167->168": 0, "168->167": 0, "167->169": 0, "169->167": 0, "169->170": 0, "170->169": 0, "167->171": 0, "171->167": 0, "171->172": 0, "172->171": 0, "165->173": 0, "173->165": 0, "159->174": 0, "174->159": 0, "174->175": 0, "175->174": 0, "175->176": 0, "176->175": 0, "175->177": 0, "177->175": 0, "177->178": 0, "178->177": 0, "175->179": 0, "179->175": 0, "179->180": 0, "180->179": 0, "175->181": 0, "181->175": 0, "181->182": 0, "182->181": 0, "175->183": 0, "183->175": 0, "96->184": 0, "184->96": 0, "184->185": 0, "185->184": 0, "185->186": 0, "186->185": 0, "185->187": 0, "187->185": 0, "187->188": 0, "188->187": 0, "185->189": 0, "189->185": 0, "96->190": 0, "190->96": 0, "190->191": 0, "191->190": 0, "191->192": 0, "192->191": 0, "191->193": 0, "193->191": 0, "0->194": 0, "194->0": 0, "194->195": 0, "195->194": 0, "1->4": 1, "4->1": 12, "4->5": 1, "5->4": 12, "5->13": 1, "13->5": 12, "13->23": 1, "23->13": 12, "23->28": 1, "28->23": 12, "28->33": 1, "33->28": 12, "33->38": 1, "38->33": 12, "38->46": 1, "46->38": 12, "46->96": 1, "96->46": 12, "96->194": 1, "194->96": 12, "2->3": 2, "3->2": 3, "6->8": 1, "8->6": 12, "9->10": 1, "10->9": 12, "14->16": 1, "16->14": 12, "17->18": 1, "18->17": 12, "19->21": 1, "21->19": 12, "24->26": 1, "26->24": 12, "29->31": 1, "31->29": 12, "34->36": 1, "36->34": 12, "39->41": 1, "41->39": 12, "42->43": 1, "43->42": 12, "47->49": 1, "49->47": 12, "49->50": 1, "50->49": 12, "50->54": 1, "54->50": 12, "54->58": 1, "58->54": 12, "58->62": 1, "62->58": 12, "62->63": 1, "63->62": 12, "63->67": 1, "67->63": 12, "67->75": 1, "75->67": 12, "75->83": 1, "83->75": 12, "51->53": 1, "53->51": 12, "55->57": 1, "57->55": 12, "59->61": 1, "61->59": 12, "69->72": 1, "72->69": 12, "72->74": 1, "74->72": 12, "77->80": 1, "80->77": 12, "80->82": 1, "82->80": 12, "85->87": 1, "87->85": 12, "87->95": 1, "95->87": 12, "88->90": 1, "90->88": 12, "90->93": 1, "93->90": 12, "91->92": 2, "92->91": 3, "97->99": 1, "99->97": 12, "99->100": 2, "100->99": 3, "100->101": 1, "101->100": 12, "101->115": 1, "115->101": 12, "115->125": 1, "125->115": 12, "125->131": 1, "131->125": 12, "131->184": 1, "184->131": 12, "184->190": 1, "190->184": 12, "102->104": 1, "104->102": 12, "105->106": 1, "106->105": 12, "107->114": 1, "114->107": 12, "109->110": 1, "110->109": 12, "110->113": 1, "113->110": 12, "111->112": 2, "112->111": 3, "116->118": 1, "118->116": 12, "119->120": 1, "120->119": 12, "121->123": 1, "123->121": 12, "127->128": 1, "128->127": 12, "128->130": 1, "130->128": 12, "132->140": 9, "140->132": 9, "133->138": 1, "138->133": 12, "134->136": 1, "136->134": 12, "142->159": 9, "159->142": 9, "143->150": 1, "150->143": 12, "150->156": 1, "156->150": 12, "144->146": 1, "146->144": 12, "147->148": 1, "148->147": 12, "151->152": 1, "152->151": 12, "152->154": 1, "154->152": 12, "157->158": 2, "158->157": 3, "160->174": 10, "174->160": 11, "161->163": 1, "163->161": 12, "164->165": 1, "165->164": 12, "166->167": 1, "167->166": 12, "167->173": 1, "173->167": 12, "168->169": 1, "169->168": 12, "169->171": 1, "171->169": 12, "176->177": 1, "177->176": 12, "177->179": 1, "179->177": 12, "179->181": 1, "181->179": 12, "181->183": 1, "183->181": 12, "186->187": 1, "187->186": 12, "187->189": 1, "189->187": 12, "192->193": 2, "193->192": 3, "3->4": 2, "4->3": 3, "4->7": 2, "7->4": 3, "7->9": 2, "9->7": 3, "9->12": 2, "12->9": 3, "12->15": 2, "15->12": 3, "15->17": 2, "17->15": 3, "17->20": 2, "20->17": 3, "20->22": 2, "22->20": 3, "22->25": 2, "25->22": 3, "25->27": 2, "27->25": 3, "27->30": 2, "30->27": 3, "30->32": 2, "32->30": 3, "32->35": 2, "35->32": 3, "35->37": 2, "37->35": 3, "37->40": 2, "40->37": 3, "40->42": 2, "42->40": 3, "42->45": 2, "45->42": 3, "45->48": 2, "48->45": 3, "48->49": 2, "49->48": 3, "49->52": 2, "52->49": 3, "52->53": 2, "53->52": 3, "53->56": 2, "56->53": 3, "56->57": 2, "57->56": 3, "57->60": 2, "60->57": 3, "60->61": 2, "61->60": 3, "61->62": 2, "62->61": 3, "62->66": 2, "66->62": 3, "66->71": 2, "71->66": 3, "71->73": 4, "73->71": 5, "73->74": 2, "74->73": 3, "74->79": 2, "79->74": 3, "79->81": 4, "81->79": 5, "81->82": 2, "82->81": 3, "82->86": 2, "86->82": 3, "86->89": 2, "89->86": 3, "89->91": 2, "91->89": 3, "92->94": 2, "94->92": 3, "94->95": 2, "95->94": 3, "95->98": 2, "98->95": 3, "98->99": 2, "99->98": 3, "100->103": 2, "103->100": 3, "103->105": 2, "105->103": 3, "105->109": 2, "109->105": 3, "109->111": 2, "111->109": 3, "112->113": 2, "113->112": 3, "113->114": 2, "114->113": 3, "114->117": 2, "117->114": 3, "117->119": 2, "119->117": 3, "119->122": 2, "122->119": 3, "122->124": 2, "124->122": 3, "124->127": 2, "127->124": 3, "127->129": 2, "129->127": 3, "129->130": 2, "130->129": 3, "130->135": 2, "135->130": 3, "135->137": 2, "137->135": 3, "137->139": 2, "139->137": 3, "139->145": 2, "145->139": 3, "145->147": 2, "147->145": 3, "147->149": 2, "149->147": 3, "149->151": 2, "151->149": 3, "151->153": 2, "153->151": 3, "153->155": 2, "155->153": 3, "155->157": 2, "157->155": 3, "158->162": 2, "162->158": 3, "162->164": 2, "164->162": 3, "164->166": 2, "166->164": 3, "166->168": 2, "168->166": 3, "168->170": 2, "170->168": 3, "170->172": 2, "172->170": 3, "172->173": 2, "173->172": 3, "173->176": 2, "176->173": 3, "176->178": 2, "178->176": 3, "178->180": 2, "180->178": 3, "180->182": 2, "182->180": 3, "182->183": 2, "183->182": 3, "183->186": 2, "186->183": 3, "186->188": 2, "188->186": 3, "188->189": 2, "189->188": 3, "189->192": 2, "192->189": 3, "193->195": 2, "195->193": 3, "73->114": 4, "114->73": 5, "81->139": 4, "139->81": 5, "129->182": 4, "182->129": 5, "153->158": 4, "158->153": 5, "158->172": 4, "172->158": 5}, "metrics": [6.0, 0.0, 2.0, 2.0, 30.0, 4.0, 0.0, 2.0, 0.0, 1.0, 4.0]}