{"nodelist": ["ClassDeclaration", "{'public', 'static'}", "public", "static", "scannerGet_call", "FieldDeclaration", "{'private'}", "private", "BasicType", "int", "VariableDeclarator", "id", "ConstructorDeclaration", "{'public'}", "public", "scannerGet_call", "FormalParameter", "BasicType", "int", "id", "FormalParameter", "ReferenceType", "org", "ReferenceType", "apache", "ReferenceType", "thrift", "ReferenceType", "async", "ReferenceType", "AsyncMethodCallback", "TypeArgument", "ReferenceType", "scannerGet_call", "resultHandler", "FormalParameter", "ReferenceType", "org", "ReferenceType", "apache", "ReferenceType", "thrift", "ReferenceType", "async", "ReferenceType", "TAsyncClient", "client", "FormalParameter", "ReferenceType", "org", "ReferenceType", "apache", "ReferenceType", "thrift", "ReferenceType", "protocol", "ReferenceType", "TProtocolFactory", "protocolFactory", "FormalParameter", "ReferenceType", "org", "ReferenceType", "apache", "ReferenceType", "thrift", "ReferenceType", "transport", "ReferenceType", "TNonblockingTransport", "transport", "org.apache.thrift.TException", "StatementExpression", "SuperConstructorInvocation", "MemberReference", "client", "MemberReference", "protocolFactory", "MemberReference", "transport", "MemberReference", "resultHandler", "Literal", "false", "StatementExpression", "Assignment", "This", "MemberReference", "id", "MemberReference", "id", "=", "MethodDeclaration", "{'public'}", "public", "write_args", "FormalParameter", "ReferenceType", "org", "ReferenceType", "apache", "ReferenceType", "thrift", "ReferenceType", "protocol", "ReferenceType", "TProtocol", "prot", "org.apache.thrift.TException", "StatementExpression", "MethodInvocation", "prot", "ClassCreator", "ReferenceType", "org", "ReferenceType", "apache", "ReferenceType", "thrift", "ReferenceType", "protocol", "ReferenceType", "TMessage", "Literal", "\"scannerGet\"", "MemberReference", "org.apache.thrift.protocol.TMessageType", "CALL", "Literal", "0", "writeMessageBegin", "LocalVariableDeclaration", "ReferenceType", "scannerGet_args", "VariableDeclarator", "args", "ClassCreator", "ReferenceType", "scannerGet_args", "StatementExpression", "MethodInvocation", "args", "MemberReference", "id", "setId", "StatementExpression", "MethodInvocation", "args", "MemberReference", "prot", "write", "StatementExpression", "MethodInvocation", "prot", "writeMessageEnd", "MethodDeclaration", "{'public'}", "public", "ReferenceType", "List", "TypeArgument", "ReferenceType", "TRowResult", "getResult", "IOError", "IllegalArgument", "org.apache.thrift.TException", "IfStatement", "BinaryOperation", "!=", "MethodInvocation", "getState", "MemberReference", "org.apache.thrift.async.TAsyncMethodCall.State", "RESPONSE_READ", "BlockStatement", "ThrowStatement", "ClassCreator", "ReferenceType", "IllegalStateException", "Literal", "\"Method call not finished!\"", "LocalVariableDeclaration", "ReferenceType", "org", "ReferenceType", "apache", "ReferenceType", "thrift", "ReferenceType", "transport", "ReferenceType", "TMemoryInputTransport", "VariableDeclarator", "memoryTransport", "ClassCreator", "ReferenceType", "org", "ReferenceType", "apache", "ReferenceType", "thrift", "ReferenceType", "transport", "ReferenceType", "TMemoryInputTransport", "MethodInvocation", "MethodInvocation", "array", "getFrameBuffer", "LocalVariableDeclaration", "ReferenceType", "org", "ReferenceType", "apache", "ReferenceType", "thrift", "ReferenceType", "protocol", "ReferenceType", "TProtocol", "VariableDeclarator", "prot", "MethodInvocation", "client", "MethodInvocation", "MemberReference", "memoryTransport", "getProtocol", "getProtocolFactory", "ReturnStatement", "ClassCreator", "MethodInvocation", "recv_scannerGet", "ReferenceType", "Client", "MemberReference", "prot", "ReferenceType", "org", "ReferenceType", "apache", "ReferenceType", "thrift", "ReferenceType", "async", "ReferenceType", "TAsyncMethodCall"], "nodes": {"0": "ClassDeclaration", "1": "Modifier", "2": "public", "3": "static", "4": "scannerGet_call", "5": "FieldDeclaration", "6": "Modifier", "7": "private", "8": "BasicType", "9": "int", "10": "VariableDeclarator", "11": "id", "12": "ConstructorDeclaration", "13": "Modifier", "14": "public", "15": "scannerGet_call", "16": "FormalParameter", "17": "BasicType", "18": "int", "19": "id", "20": "FormalParameter", "21": "ReferenceType", "22": "org", "23": "ReferenceType", "24": "apache", "25": "ReferenceType", "26": "thrift", "27": "ReferenceType", "28": "async", "29": "ReferenceType", "30": "AsyncMethodCallback", "31": "TypeArgument", "32": "ReferenceType", "33": "scannerGet_call", "34": "resultHandler", "35": "FormalParameter", "36": "ReferenceType", "37": "org", "38": "ReferenceType", "39": "apache", "40": "ReferenceType", "41": "thrift", "42": "ReferenceType", "43": "async", "44": "ReferenceType", "45": "TAsyncClient", "46": "client", "47": "FormalParameter", "48": "ReferenceType", "49": "org", "50": "ReferenceType", "51": "apache", "52": "ReferenceType", "53": "thrift", "54": "ReferenceType", "55": "protocol", "56": "ReferenceType", "57": "TProtocolFactory", "58": "protocolFactory", "59": "FormalParameter", "60": "ReferenceType", "61": "org", "62": "ReferenceType", "63": "apache", "64": "ReferenceType", "65": "thrift", "66": "ReferenceType", "67": "transport", "68": "ReferenceType", "69": "TNonblockingTransport", "70": "transport", "71": "org.apache.thrift.TException", "72": "StatementExpression", "73": "SuperConstructorInvocation", "74": "MemberReference", "75": "client", "76": "MemberReference", "77": "protocolFactory", "78": "MemberReference", "79": "transport", "80": "MemberReference", "81": "resultHandler", "82": "Literal", "83": "false", "84": "StatementExpression", "85": "Assignment", "86": "This", "87": "MemberReference", "88": "id", "89": "MemberReference", "90": "id", "91": "=", "92": "MethodDeclaration", "93": "Modifier", "94": "public", "95": "write_args", "96": "FormalParameter", "97": "ReferenceType", "98": "org", "99": "ReferenceType", "100": "apache", "101": "ReferenceType", "102": "thrift", "103": "ReferenceType", "104": "protocol", "105": "ReferenceType", "106": "TProtocol", "107": "prot", "108": "org.apache.thrift.TException", "109": "StatementExpression", "110": "MethodInvocation", "111": "prot", "112": "ClassCreator", "113": "ReferenceType", "114": "org", "115": "ReferenceType", "116": "apache", "117": "ReferenceType", "118": "thrift", "119": "ReferenceType", "120": "protocol", "121": "ReferenceType", "122": "TMessage", "123": "Literal", "124": "\"scannerGet\"", "125": "MemberReference", "126": "org.apache.thrift.protocol.TMessageType", "127": "CALL", "128": "Literal", "129": "0", "130": "writeMessageBegin", "131": "LocalVariableDeclaration", "132": "ReferenceType", "133": "scannerGet_args", "134": "VariableDeclarator", "135": "args", "136": "ClassCreator", "137": "ReferenceType", "138": "scannerGet_args", "139": "StatementExpression", "140": "MethodInvocation", "141": "args", "142": "MemberReference", "143": "id", "144": "setId", "145": "StatementExpression", "146": "MethodInvocation", "147": "args", "148": "MemberReference", "149": "prot", "150": "write", "151": "StatementExpression", "152": "MethodInvocation", "153": "prot", "154": "writeMessageEnd", "155": "MethodDeclaration", "156": "Modifier", "157": "public", "158": "ReferenceType", "159": "List", "160": "TypeArgument", "161": "ReferenceType", "162": "TRowResult", "163": "getResult", "164": "IOError", "165": "IllegalArgument", "166": "org.apache.thrift.TException", "167": "IfStatement", "168": "BinaryOperation", "169": "!=", "170": "MethodInvocation", "171": "getState", "172": "MemberReference", "173": "org.apache.thrift.async.TAsyncMethodCall.State", "174": "RESPONSE_READ", "175": "BlockStatement", "176": "ThrowStatement", "177": "ClassCreator", "178": "ReferenceType", "179": "IllegalStateException", "180": "Literal", "181": "\"Method call not finished!\"", "182": "LocalVariableDeclaration", "183": "ReferenceType", "184": "org", "185": "ReferenceType", "186": "apache", "187": "ReferenceType", "188": "thrift", "189": "ReferenceType", "190": "transport", "191": "ReferenceType", "192": "TMemoryInputTransport", "193": "VariableDeclarator", "194": "memoryTransport", "195": "ClassCreator", "196": "ReferenceType", "197": "org", "198": "ReferenceType", "199": "apache", "200": "ReferenceType", "201": "thrift", "202": "ReferenceType", "203": "transport", "204": "ReferenceType", "205": "TMemoryInputTransport", "206": "MethodInvocation", "207": "MethodInvocation", "208": "array", "209": "getFrameBuffer", "210": "LocalVariableDeclaration", "211": "ReferenceType", "212": "org", "213": "ReferenceType", "214": "apache", "215": "ReferenceType", "216": "thrift", "217": "ReferenceType", "218": "protocol", "219": "ReferenceType", "220": "TProtocol", "221": "VariableDeclarator", "222": "prot", "223": "MethodInvocation", "224": "client", "225": "MethodInvocation", "226": "MemberReference", "227": "memoryTransport", "228": "getProtocol", "229": "getProtocolFactory", "230": "ReturnStatement", "231": "ClassCreator", "232": "MethodInvocation", "233": "recv_scannerGet", "234": "ReferenceType", "235": "Client", "236": "MemberReference", "237": "prot", "238": "ReferenceType", "239": "org", "240": "ReferenceType", "241": "apache", "242": "ReferenceType", "243": "thrift", "244": "ReferenceType", "245": "async", "246": "ReferenceType", "247": "TAsyncMethodCall"}, "edges": {"0->1": 0, "1->0": 0, "1->2": 0, "2->1": 0, "1->3": 0, "3->1": 0, "0->4": 0, "4->0": 0, "0->5": 0, "5->0": 0, "5->6": 0, "6->5": 0, "6->7": 0, "7->6": 0, "5->8": 0, "8->5": 0, "8->9": 0, "9->8": 0, "5->10": 0, "10->5": 0, "10->11": 0, "11->10": 0, "0->12": 0, "12->0": 0, "12->13": 0, "13->12": 0, "13->14": 0, "14->13": 0, "12->15": 0, "15->12": 0, "12->16": 0, "16->12": 0, "16->17": 0, "17->16": 0, "17->18": 0, "18->17": 0, "16->19": 0, "19->16": 0, "12->20": 0, "20->12": 0, "20->21": 0, "21->20": 0, "21->22": 0, "22->21": 0, "21->23": 0, "23->21": 0, "23->24": 0, "24->23": 0, "23->25": 0, "25->23": 0, "25->26": 0, "26->25": 0, "25->27": 0, "27->25": 0, "27->28": 0, "28->27": 0, "27->29": 0, "29->27": 0, "29->30": 0, "30->29": 0, "29->31": 0, "31->29": 0, "31->32": 0, "32->31": 0, "32->33": 0, "33->32": 0, "20->34": 0, "34->20": 0, "12->35": 0, "35->12": 0, "35->36": 0, "36->35": 0, "36->37": 0, "37->36": 0, "36->38": 0, "38->36": 0, "38->39": 0, "39->38": 0, "38->40": 0, "40->38": 0, "40->41": 0, "41->40": 0, "40->42": 0, "42->40": 0, "42->43": 0, "43->42": 0, "42->44": 0, "44->42": 0, "44->45": 0, "45->44": 0, "35->46": 0, "46->35": 0, "12->47": 0, "47->12": 0, "47->48": 0, "48->47": 0, "48->49": 0, "49->48": 0, "48->50": 0, "50->48": 0, "50->51": 0, "51->50": 0, "50->52": 0, "52->50": 0, "52->53": 0, "53->52": 0, "52->54": 0, "54->52": 0, "54->55": 0, "55->54": 0, "54->56": 0, "56->54": 0, "56->57": 0, "57->56": 0, "47->58": 0, "58->47": 0, "12->59": 0, "59->12": 0, "59->60": 0, "60->59": 0, "60->61": 0, "61->60": 0, "60->62": 0, "62->60": 0, "62->63": 0, "63->62": 0, "62->64": 0, "64->62": 0, "64->65": 0, "65->64": 0, "64->66": 0, "66->64": 0, "66->67": 0, "67->66": 0, "66->68": 0, "68->66": 0, "68->69": 0, "69->68": 0, "59->70": 0, "70->59": 0, "12->71": 0, "71->12": 0, "12->72": 0, "72->12": 0, "72->73": 0, "73->72": 0, "73->74": 0, "74->73": 0, "74->75": 0, "75->74": 0, "73->76": 0, "76->73": 0, "76->77": 0, "77->76": 0, "73->78": 0, "78->73": 0, "78->79": 0, "79->78": 0, "73->80": 0, "80->73": 0, "80->81": 0, "81->80": 0, "73->82": 0, "82->73": 0, "82->83": 0, "83->82": 0, "12->84": 0, "84->12": 0, "84->85": 0, "85->84": 0, "85->86": 0, "86->85": 0, "86->87": 0, "87->86": 0, "87->88": 0, "88->87": 0, "85->89": 0, "89->85": 0, "89->90": 0, "90->89": 0, "85->91": 0, "91->85": 0, "0->92": 0, "92->0": 0, "92->93": 0, "93->92": 0, "93->94": 0, "94->93": 0, "92->95": 0, "95->92": 0, "92->96": 0, "96->92": 0, "96->97": 0, "97->96": 0, "97->98": 0, "98->97": 0, "97->99": 0, "99->97": 0, "99->100": 0, "100->99": 0, "99->101": 0, "101->99": 0, "101->102": 0, "102->101": 0, "101->103": 0, "103->101": 0, "103->104": 0, "104->103": 0, "103->105": 0, "105->103": 0, "105->106": 0, "106->105": 0, "96->107": 0, "107->96": 0, "92->108": 0, "108->92": 0, "92->109": 0, "109->92": 0, "109->110": 0, "110->109": 0, "110->111": 0, "111->110": 0, "110->112": 0, "112->110": 0, "112->113": 0, "113->112": 0, "113->114": 0, "114->113": 0, "113->115": 0, "115->113": 0, "115->116": 0, "116->115": 0, "115->117": 0, "117->115": 0, "117->118": 0, "118->117": 0, "117->119": 0, "119->117": 0, "119->120": 0, "120->119": 0, "119->121": 0, "121->119": 0, "121->122": 0, "122->121": 0, "112->123": 0, "123->112": 0, "123->124": 0, "124->123": 0, "112->125": 0, "125->112": 0, "125->126": 0, "126->125": 0, "125->127": 0, "127->125": 0, "112->128": 0, "128->112": 0, "128->129": 0, "129->128": 0, "110->130": 0, "130->110": 0, "92->131": 0, "131->92": 0, "131->132": 0, "132->131": 0, "132->133": 0, "133->132": 0, "131->134": 0, "134->131": 0, "134->135": 0, "135->134": 0, "134->136": 0, "136->134": 0, "136->137": 0, "137->136": 0, "137->138": 0, "138->137": 0, "92->139": 0, "139->92": 0, "139->140": 0, "140->139": 0, "140->141": 0, "141->140": 0, "140->142": 0, "142->140": 0, "142->143": 0, "143->142": 0, "140->144": 0, "144->140": 0, "92->145": 0, "145->92": 0, "145->146": 0, "146->145": 0, "146->147": 0, "147->146": 0, "146->148": 0, "148->146": 0, "148->149": 0, "149->148": 0, "146->150": 0, "150->146": 0, "92->151": 0, "151->92": 0, "151->152": 0, "152->151": 0, "152->153": 0, "153->152": 0, "152->154": 0, "154->152": 0, "0->155": 0, "155->0": 0, "155->156": 0, "156->155": 0, "156->157": 0, "157->156": 0, "155->158": 0, "158->155": 0, "158->159": 0, "159->158": 0, "158->160": 0, "160->158": 0, "160->161": 0, "161->160": 0, "161->162": 0, "162->161": 0, "155->163": 0, "163->155": 0, "155->164": 0, "164->155": 0, "155->165": 0, "165->155": 0, "155->166": 0, "166->155": 0, "155->167": 0, "167->155": 0, "167->168": 0, "168->167": 0, "168->169": 0, "169->168": 0, "168->170": 0, "170->168": 0, "170->171": 0, "171->170": 0, "168->172": 0, "172->168": 0, "172->173": 0, "173->172": 0, "172->174": 0, "174->172": 0, "167->175": 0, "175->167": 0, "175->176": 0, "176->175": 0, "176->177": 0, "177->176": 0, "177->178": 0, "178->177": 0, "178->179": 0, "179->178": 0, "177->180": 0, "180->177": 0, "180->181": 0, "181->180": 0, "155->182": 0, "182->155": 0, "182->183": 0, "183->182": 0, "183->184": 0, "184->183": 0, "183->185": 0, "185->183": 0, "185->186": 0, "186->185": 0, "185->187": 0, "187->185": 0, "187->188": 0, "188->187": 0, "187->189": 0, "189->187": 0, "189->190": 0, "190->189": 0, "189->191": 0, "191->189": 0, "191->192": 0, "192->191": 0, "182->193": 0, "193->182": 0, "193->194": 0, "194->193": 0, "193->195": 0, "195->193": 0, "195->196": 0, "196->195": 0, "196->197": 0, "197->196": 0, "196->198": 0, "198->196": 0, "198->199": 0, "199->198": 0, "198->200": 0, "200->198": 0, "200->201": 0, "201->200": 0, "200->202": 0, "202->200": 0, "202->203": 0, "203->202": 0, "202->204": 0, "204->202": 0, "204->205": 0, "205->204": 0, "195->206": 0, "206->195": 0, "206->207": 0, "207->206": 0, "207->208": 0, "208->207": 0, "206->209": 0, "209->206": 0, "155->210": 0, "210->155": 0, "210->211": 0, "211->210": 0, "211->212": 0, "212->211": 0, "211->213": 0, "213->211": 0, "213->214": 0, "214->213": 0, "213->215": 0, "215->213": 0, "215->216": 0, "216->215": 0, "215->217": 0, "217->215": 0, "217->218": 0, "218->217": 0, "217->219": 0, "219->217": 0, "219->220": 0, "220->219": 0, "210->221": 0, "221->210": 0, "221->222": 0, "222->221": 0, "221->223": 0, "223->221": 0, "223->224": 0, "224->223": 0, "223->225": 0, "225->223": 0, "225->226": 0, "226->225": 0, "226->227": 0, "227->226": 0, "225->228": 0, "228->225": 0, "223->229": 0, "229->223": 0, "155->230": 0, "230->155": 0, "230->231": 0, "231->230": 0, "231->232": 0, "232->231": 0, "232->233": 0, "233->232": 0, "231->234": 0, "234->231": 0, "234->235": 0, "235->234": 0, "231->236": 0, "236->231": 0, "236->237": 0, "237->236": 0, "0->238": 0, "238->0": 0, "238->239": 0, "239->238": 0, "238->240": 0, "240->238": 0, "240->241": 0, "241->240": 0, "240->242": 0, "242->240": 0, "242->243": 0, "243->242": 0, "242->244": 0, "244->242": 0, "244->245": 0, "245->244": 0, "244->246": 0, "246->244": 0, "246->247": 0, "247->246": 0, "1->4": 1, "4->1": 12, "4->5": 1, "5->4": 12, "5->12": 1, "12->5": 12, "12->92": 1, "92->12": 12, "92->155": 1, "155->92": 12, "155->238": 1, "238->155": 12, "2->3": 2, "3->2": 3, "6->8": 1, "8->6": 12, "8->10": 1, "10->8": 12, "13->15": 1, "15->13": 12, "15->16": 1, "16->15": 12, "16->20": 1, "20->16": 12, "20->35": 1, "35->20": 12, "35->47": 1, "47->35": 12, "47->59": 1, "59->47": 12, "59->71": 1, "71->59": 12, "71->72": 1, "72->71": 12, "72->84": 1, "84->72": 12, "17->19": 1, "19->17": 12, "21->34": 1, "34->21": 12, "22->23": 1, "23->22": 12, "24->25": 1, "25->24": 12, "26->27": 1, "27->26": 12, "28->29": 1, "29->28": 12, "30->31": 1, "31->30": 12, "36->46": 1, "46->36": 12, "37->38": 1, "38->37": 12, "39->40": 1, "40->39": 12, "41->42": 1, "42->41": 12, "43->44": 1, "44->43": 12, "48->58": 1, "58->48": 12, "49->50": 1, "50->49": 12, "51->52": 1, "52->51": 12, "53->54": 1, "54->53": 12, "55->56": 1, "56->55": 12, "60->70": 1, "70->60": 12, "61->62": 1, "62->61": 12, "63->64": 1, "64->63": 12, "65->66": 1, "66->65": 12, "67->68": 1, "68->67": 12, "74->76": 1, "76->74": 12, "76->78": 1, "78->76": 12, "78->80": 1, "80->78": 12, "80->82": 1, "82->80": 12, "86->89": 1, "89->86": 12, "89->91": 1, "91->89": 12, "93->95": 1, "95->93": 12, "95->96": 1, "96->95": 12, "96->108": 1, "108->96": 12, "108->109": 1, "109->108": 12, "109->131": 1, "131->109": 12, "131->139": 1, "139->131": 12, "139->145": 1, "145->139": 12, "145->151": 1, "151->145": 12, "97->107": 1, "107->97": 12, "98->99": 1, "99->98": 12, "100->101": 1, "101->100": 12, "102->103": 1, "103->102": 12, "104->105": 1, "105->104": 12, "111->112": 1, "112->111": 12, "112->130": 1, "130->112": 12, "113->123": 1, "123->113": 12, "123->125": 1, "125->123": 12, "125->128": 1, "128->125": 12, "114->115": 1, "115->114": 12, "116->117": 1, "117->116": 12, "118->119": 1, "119->118": 12, "120->121": 1, "121->120": 12, "126->127": 2, "127->126": 3, "132->134": 1, "134->132": 12, "135->136": 1, "136->135": 12, "141->142": 1, "142->141": 12, "142->144": 1, "144->142": 12, "147->148": 1, "148->147": 12, "148->150": 1, "150->148": 12, "153->154": 2, "154->153": 3, "156->158": 1, "158->156": 12, "158->163": 1, "163->158": 12, "163->164": 2, "164->163": 3, "164->165": 2, "165->164": 3, "165->166": 2, "166->165": 3, "166->167": 1, "167->166": 12, "167->182": 1, "182->167": 12, "182->210": 1, "210->182": 12, "210->230": 1, "230->210": 12, "159->160": 1, "160->159": 12, "168->175": 6, "175->168": 6, "169->170": 1, "170->169": 12, "170->172": 1, "172->170": 12, "173->174": 2, "174->173": 3, "178->180": 1, "180->178": 12, "183->193": 1, "193->183": 12, "184->185": 1, "185->184": 12, "186->187": 1, "187->186": 12, "188->189": 1, "189->188": 12, "190->191": 1, "191->190": 12, "194->195": 1, "195->194": 12, "196->206": 1, "206->196": 12, "197->198": 1, "198->197": 12, "199->200": 1, "200->199": 12, "201->202": 1, "202->201": 12, "203->204": 1, "204->203": 12, "207->209": 1, "209->207": 12, "211->221": 1, "221->211": 12, "212->213": 1, "213->212": 12, "214->215": 1, "215->214": 12, "216->217": 1, "217->216": 12, "218->219": 1, "219->218": 12, "222->223": 1, "223->222": 12, "224->225": 1, "225->224": 12, "225->229": 1, "229->225": 12, "226->228": 1, "228->226": 12, "232->234": 1, "234->232": 12, "234->236": 1, "236->234": 12, "239->240": 1, "240->239": 12, "241->242": 1, "242->241": 12, "243->244": 1, "244->243": 12, "245->246": 1, "246->245": 12, "3->4": 2, "4->3": 3, "4->7": 2, "7->4": 3, "7->9": 2, "9->7": 3, "9->11": 2, "11->9": 3, "11->14": 2, "14->11": 3, "14->15": 2, "15->14": 3, "15->18": 2, "18->15": 3, "18->19": 2, "19->18": 3, "19->22": 2, "22->19": 3, "22->24": 2, "24->22": 3, "24->26": 2, "26->24": 3, "26->28": 2, "28->26": 3, "28->30": 2, "30->28": 3, "30->33": 2, "33->30": 3, "33->34": 2, "34->33": 3, "34->37": 2, "37->34": 3, "37->39": 2, "39->37": 3, "39->41": 2, "41->39": 3, "41->43": 2, "43->41": 3, "43->45": 2, "45->43": 3, "45->46": 2, "46->45": 3, "46->49": 2, "49->46": 3, "49->51": 2, "51->49": 3, "51->53": 2, "53->51": 3, "53->55": 2, "55->53": 3, "55->57": 2, "57->55": 3, "57->58": 2, "58->57": 3, "58->61": 2, "61->58": 3, "61->63": 2, "63->61": 3, "63->65": 2, "65->63": 3, "65->67": 2, "67->65": 3, "67->69": 2, "69->67": 3, "69->70": 2, "70->69": 3, "70->71": 2, "71->70": 3, "71->75": 2, "75->71": 3, "75->77": 2, "77->75": 3, "77->79": 2, "79->77": 3, "79->81": 2, "81->79": 3, "81->83": 2, "83->81": 3, "83->88": 2, "88->83": 3, "88->90": 4, "90->88": 5, "90->91": 2, "91->90": 3, "91->94": 2, "94->91": 3, "94->95": 2, "95->94": 3, "95->98": 2, "98->95": 3, "98->100": 2, "100->98": 3, "100->102": 2, "102->100": 3, "102->104": 2, "104->102": 3, "104->106": 2, "106->104": 3, "106->107": 2, "107->106": 3, "107->108": 2, "108->107": 3, "108->111": 2, "111->108": 3, "111->114": 2, "114->111": 3, "114->116": 2, "116->114": 3, "116->118": 2, "118->116": 3, "118->120": 2, "120->118": 3, "120->122": 2, "122->120": 3, "122->124": 2, "124->122": 3, "124->126": 2, "126->124": 3, "127->129": 2, "129->127": 3, "129->130": 2, "130->129": 3, "130->133": 2, "133->130": 3, "133->135": 2, "135->133": 3, "135->138": 2, "138->135": 3, "138->141": 2, "141->138": 3, "141->143": 2, "143->141": 3, "143->144": 2, "144->143": 3, "144->147": 2, "147->144": 3, "147->149": 2, "149->147": 3, "149->150": 2, "150->149": 3, "150->153": 2, "153->150": 3, "154->157": 2, "157->154": 3, "157->159": 2, "159->157": 3, "159->162": 2, "162->159": 3, "162->163": 2, "163->162": 3, "166->169": 2, "169->166": 3, "169->171": 2, "171->169": 3, "171->173": 2, "173->171": 3, "174->179": 2, "179->174": 3, "179->181": 2, "181->179": 3, "181->184": 2, "184->181": 3, "184->186": 2, "186->184": 3, "186->188": 2, "188->186": 3, "188->190": 2, "190->188": 3, "190->192": 2, "192->190": 3, "192->194": 2, "194->192": 3, "194->197": 2, "197->194": 3, "197->199": 2, "199->197": 3, "199->201": 2, "201->199": 3, "201->203": 2, "203->201": 3, "203->205": 2, "205->203": 3, "205->208": 2, "208->205": 3, "208->209": 2, "209->208": 3, "209->212": 2, "212->209": 3, "212->214": 2, "214->212": 3, "214->216": 2, "216->214": 3, "216->218": 2, "218->216": 3, "218->220": 2, "220->218": 3, "220->222": 2, "222->220": 3, "222->224": 2, "224->222": 3, "224->227": 2, "227->224": 3, "227->228": 2, "228->227": 3, "228->229": 2, "229->228": 3, "229->233": 2, "233->229": 3, "233->235": 2, "235->233": 3, "235->237": 2, "237->235": 3, "237->239": 2, "239->237": 3, "239->241": 2, "241->239": 3, "241->243": 2, "243->241": 3, "243->245": 2, "245->243": 3, "245->247": 2, "247->245": 3, "90->143": 4, "143->90": 5, "149->237": 4, "237->149": 5}, "metrics": [1.0, 0.0, 3.0, 3.0, 22.0, 4.0, 0.0, 0.0, 0.6666666666666666, 2.0, 1.0]}