{"nodelist": ["ClassDeclaration", "{'public'}", "public", "ReplicationAdmin", "FieldDeclaration", "{'final', 'private'}", "final", "private", "ReferenceType", "ReplicationZookeeper", "VariableDeclarator", "replicationZk", "FieldDeclaration", "{'final', 'private'}", "final", "private", "ReferenceType", "HConnection", "VariableDeclarator", "connection", "ConstructorDeclaration", "{'public'}", "public", "ReplicationAdmin", "FormalParameter", "ReferenceType", "Configuration", "conf", "IOException", "IfStatement", "MethodInvocation", "!", "conf", "MemberReference", "HConstants", "REPLICATION_ENABLE_KEY", "Literal", "false", "getBoolean", "BlockStatement", "ThrowStatement", "ClassCreator", "ReferenceType", "RuntimeException", "BinaryOperation", "+", "Literal", "\"hbase.replication isn't true, please \"", "Literal", "\"enable it in order to use replication\"", "StatementExpression", "Assignment", "This", "MemberReference", "connection", "MethodInvocation", "HConnectionManager", "MemberReference", "conf", "getConnection", "=", "LocalVariableDeclaration", "ReferenceType", "ZooKeeperWatcher", "VariableDeclarator", "zkw", "This", "MemberReference", "connection", "MethodInvocation", "getZooKeeperWatcher", "TryStatement", "StatementExpression", "Assignment", "This", "MemberReference", "replicationZk", "ClassCreator", "ReferenceType", "ReplicationZookeeper", "This", "MemberReference", "connection", "MemberReference", "conf", "MemberReference", "zkw", "=", "CatchClause", "CatchClauseParameter", "KeeperException", "e", "ThrowStatement", "ClassCreator", "ReferenceType", "IOException", "Literal", "\"Unable setup the ZooKeeper connection\"", "MemberReference", "e", "MethodDeclaration", "{'public'}", "public", "addPeer", "FormalParameter", "ReferenceType", "String", "id", "FormalParameter", "ReferenceType", "String", "clusterKey", "IOException", "StatementExpression", "This", "MemberReference", "replicationZk", "MethodInvocation", "MemberReference", "id", "MemberReference", "clusterKey", "addPeer", "MethodDeclaration", "{'public'}", "public", "removePeer", "FormalParameter", "ReferenceType", "String", "id", "IOException", "StatementExpression", "This", "MemberReference", "replicationZk", "MethodInvocation", "MemberReference", "id", "removePeer", "MethodDeclaration", "{'public'}", "public", "enablePeer", "FormalParameter", "ReferenceType", "String", "id", "ThrowStatement", "ClassCreator", "ReferenceType", "NotImplementedException", "Literal", "\"Not implemented\"", "MethodDeclaration", "{'public'}", "public", "disablePeer", "FormalParameter", "ReferenceType", "String", "id", "ThrowStatement", "ClassCreator", "ReferenceType", "NotImplementedException", "Literal", "\"Not implemented\"", "MethodDeclaration", "{'public'}", "public", "BasicType", "int", "getPeersCount", "ReturnStatement", "This", "MemberReference", "replicationZk", "MethodInvocation", "listPeersIdsAndWatch", "MethodInvocation", "size", "MethodDeclaration", "{'public'}", "public", "BasicType", "boolean", "getReplicating", "IOException", "TryStatement", "ReturnStatement", "This", "MemberReference", "replicationZk", "MethodInvocation", "getReplication", "CatchClause", "CatchClauseParameter", "KeeperException", "e", "ThrowStatement", "ClassCreator", "ReferenceType", "IOException", "Literal", "\"Couldn't get the replication status\"", "MethodDeclaration", "{'public'}", "public", "BasicType", "boolean", "setReplicating", "FormalParameter", "BasicType", "boolean", "newState", "IOException", "LocalVariableDeclaration", "BasicType", "boolean", "VariableDeclarator", "prev", "Literal", "true", "TryStatement", "StatementExpression", "Assignment", "MemberReference", "prev", "MethodInvocation", "getReplicating", "=", "StatementExpression", "This", "MemberReference", "replicationZk", "MethodInvocation", "MemberReference", "newState", "setReplicating", "CatchClause", "CatchClauseParameter", "KeeperException", "e", "ThrowStatement", "ClassCreator", "ReferenceType", "IOException", "Literal", "\"Unable to set the replication state\"", "MemberReference", "e", "ReturnStatement", "MemberReference", "prev", "MethodDeclaration", "ReferenceType", "ReplicationZookeeper", "getReplicationZk", "ReturnStatement", "MemberReference", "replicationZk"], "nodes": {"0": "ClassDeclaration", "1": "Modifier", "2": "public", "3": "ReplicationAdmin", "4": "FieldDeclaration", "5": "Modifier", "6": "final", "7": "private", "8": "ReferenceType", "9": "ReplicationZookeeper", "10": "VariableDeclarator", "11": "replicationZk", "12": "FieldDeclaration", "13": "Modifier", "14": "final", "15": "private", "16": "ReferenceType", "17": "HConnection", "18": "VariableDeclarator", "19": "connection", "20": "ConstructorDeclaration", "21": "Modifier", "22": "public", "23": "ReplicationAdmin", "24": "FormalParameter", "25": "ReferenceType", "26": "Configuration", "27": "conf", "28": "IOException", "29": "IfStatement", "30": "MethodInvocation", "31": "!", "32": "conf", "33": "MemberReference", "34": "HConstants", "35": "REPLICATION_ENABLE_KEY", "36": "Literal", "37": "false", "38": "getBoolean", "39": "BlockStatement", "40": "ThrowStatement", "41": "ClassCreator", "42": "ReferenceType", "43": "RuntimeException", "44": "BinaryOperation", "45": "+", "46": "Literal", "47": "\"hbase.replication isn't true, please \"", "48": "Literal", "49": "\"enable it in order to use replication\"", "50": "StatementExpression", "51": "Assignment", "52": "This", "53": "MemberReference", "54": "connection", "55": "MethodInvocation", "56": "HConnectionManager", "57": "MemberReference", "58": "conf", "59": "getConnection", "60": "=", "61": "LocalVariableDeclaration", "62": "ReferenceType", "63": "ZooKeeperWatcher", "64": "VariableDeclarator", "65": "zkw", "66": "This", "67": "MemberReference", "68": "connection", "69": "MethodInvocation", "70": "getZooKeeperWatcher", "71": "TryStatement", "72": "StatementExpression", "73": "Assignment", "74": "This", "75": "MemberReference", "76": "replicationZk", "77": "ClassCreator", "78": "ReferenceType", "79": "ReplicationZookeeper", "80": "This", "81": "MemberReference", "82": "connection", "83": "MemberReference", "84": "conf", "85": "MemberReference", "86": "zkw", "87": "=", "88": "CatchClause", "89": "CatchClauseParameter", "90": "KeeperException", "91": "e", "92": "ThrowStatement", "93": "ClassCreator", "94": "ReferenceType", "95": "IOException", "96": "Literal", "97": "\"Unable setup the ZooKeeper connection\"", "98": "MemberReference", "99": "e", "100": "MethodDeclaration", "101": "Modifier", "102": "public", "103": "addPeer", "104": "FormalParameter", "105": "ReferenceType", "106": "String", "107": "id", "108": "FormalParameter", "109": "ReferenceType", "110": "String", "111": "clusterKey", "112": "IOException", "113": "StatementExpression", "114": "This", "115": "MemberReference", "116": "replicationZk", "117": "MethodInvocation", "118": "MemberReference", "119": "id", "120": "MemberReference", "121": "clusterKey", "122": "addPeer", "123": "MethodDeclaration", "124": "Modifier", "125": "public", "126": "removePeer", "127": "FormalParameter", "128": "ReferenceType", "129": "String", "130": "id", "131": "IOException", "132": "StatementExpression", "133": "This", "134": "MemberReference", "135": "replicationZk", "136": "MethodInvocation", "137": "MemberReference", "138": "id", "139": "removePeer", "140": "MethodDeclaration", "141": "Modifier", "142": "public", "143": "enablePeer", "144": "FormalParameter", "145": "ReferenceType", "146": "String", "147": "id", "148": "ThrowStatement", "149": "ClassCreator", "150": "ReferenceType", "151": "NotImplementedException", "152": "Literal", "153": "\"Not implemented\"", "154": "MethodDeclaration", "155": "Modifier", "156": "public", "157": "disablePeer", "158": "FormalParameter", "159": "ReferenceType", "160": "String", "161": "id", "162": "ThrowStatement", "163": "ClassCreator", "164": "ReferenceType", "165": "NotImplementedException", "166": "Literal", "167": "\"Not implemented\"", "168": "MethodDeclaration", "169": "Modifier", "170": "public", "171": "BasicType", "172": "int", "173": "getPeersCount", "174": "ReturnStatement", "175": "This", "176": "MemberReference", "177": "replicationZk", "178": "MethodInvocation", "179": "listPeersIdsAndWatch", "180": "MethodInvocation", "181": "size", "182": "MethodDeclaration", "183": "Modifier", "184": "public", "185": "BasicType", "186": "boolean", "187": "getReplicating", "188": "IOException", "189": "TryStatement", "190": "ReturnStatement", "191": "This", "192": "MemberReference", "193": "replicationZk", "194": "MethodInvocation", "195": "getReplication", "196": "CatchClause", "197": "CatchClauseParameter", "198": "KeeperException", "199": "e", "200": "ThrowStatement", "201": "ClassCreator", "202": "ReferenceType", "203": "IOException", "204": "Literal", "205": "\"Couldn't get the replication status\"", "206": "MethodDeclaration", "207": "Modifier", "208": "public", "209": "BasicType", "210": "boolean", "211": "setReplicating", "212": "FormalParameter", "213": "BasicType", "214": "boolean", "215": "newState", "216": "IOException", "217": "LocalVariableDeclaration", "218": "BasicType", "219": "boolean", "220": "VariableDeclarator", "221": "prev", "222": "Literal", "223": "true", "224": "TryStatement", "225": "StatementExpression", "226": "Assignment", "227": "MemberReference", "228": "prev", "229": "MethodInvocation", "230": "getReplicating", "231": "=", "232": "StatementExpression", "233": "This", "234": "MemberReference", "235": "replicationZk", "236": "MethodInvocation", "237": "MemberReference", "238": "newState", "239": "setReplicating", "240": "CatchClause", "241": "CatchClauseParameter", "242": "KeeperException", "243": "e", "244": "ThrowStatement", "245": "ClassCreator", "246": "ReferenceType", "247": "IOException", "248": "Literal", "249": "\"Unable to set the replication state\"", "250": "MemberReference", "251": "e", "252": "ReturnStatement", "253": "MemberReference", "254": "prev", "255": "MethodDeclaration", "256": "ReferenceType", "257": "ReplicationZookeeper", "258": "getReplicationZk", "259": "ReturnStatement", "260": "MemberReference", "261": "replicationZk"}, "edges": {"0->1": 0, "1->0": 0, "1->2": 0, "2->1": 0, "0->3": 0, "3->0": 0, "0->4": 0, "4->0": 0, "4->5": 0, "5->4": 0, "5->6": 0, "6->5": 0, "5->7": 0, "7->5": 0, "4->8": 0, "8->4": 0, "8->9": 0, "9->8": 0, "4->10": 0, "10->4": 0, "10->11": 0, "11->10": 0, "0->12": 0, "12->0": 0, "12->13": 0, "13->12": 0, "13->14": 0, "14->13": 0, "13->15": 0, "15->13": 0, "12->16": 0, "16->12": 0, "16->17": 0, "17->16": 0, "12->18": 0, "18->12": 0, "18->19": 0, "19->18": 0, "0->20": 0, "20->0": 0, "20->21": 0, "21->20": 0, "21->22": 0, "22->21": 0, "20->23": 0, "23->20": 0, "20->24": 0, "24->20": 0, "24->25": 0, "25->24": 0, "25->26": 0, "26->25": 0, "24->27": 0, "27->24": 0, "20->28": 0, "28->20": 0, "20->29": 0, "29->20": 0, "29->30": 0, "30->29": 0, "30->31": 0, "31->30": 0, "30->32": 0, "32->30": 0, "30->33": 0, "33->30": 0, "33->34": 0, "34->33": 0, "33->35": 0, "35->33": 0, "30->36": 0, "36->30": 0, "36->37": 0, "37->36": 0, "30->38": 0, "38->30": 0, "29->39": 0, "39->29": 0, "39->40": 0, "40->39": 0, "40->41": 0, "41->40": 0, "41->42": 0, "42->41": 0, "42->43": 0, "43->42": 0, "41->44": 0, "44->41": 0, "44->45": 0, "45->44": 0, "44->46": 0, "46->44": 0, "46->47": 0, "47->46": 0, "44->48": 0, "48->44": 0, "48->49": 0, "49->48": 0, "20->50": 0, "50->20": 0, "50->51": 0, "51->50": 0, "51->52": 0, "52->51": 0, "52->53": 0, "53->52": 0, "53->54": 0, "54->53": 0, "51->55": 0, "55->51": 0, "55->56": 0, "56->55": 0, "55->57": 0, "57->55": 0, "57->58": 0, "58->57": 0, "55->59": 0, "59->55": 0, "51->60": 0, "60->51": 0, "20->61": 0, "61->20": 0, "61->62": 0, "62->61": 0, "62->63": 0, "63->62": 0, "61->64": 0, "64->61": 0, "64->65": 0, "65->64": 0, "64->66": 0, "66->64": 0, "66->67": 0, "67->66": 0, "67->68": 0, "68->67": 0, "66->69": 0, "69->66": 0, "69->70": 0, "70->69": 0, "20->71": 0, "71->20": 0, "71->72": 0, "72->71": 0, "72->73": 0, "73->72": 0, "73->74": 0, "74->73": 0, "74->75": 0, "75->74": 0, "75->76": 0, "76->75": 0, "73->77": 0, "77->73": 0, "77->78": 0, "78->77": 0, "78->79": 0, "79->78": 0, "77->80": 0, "80->77": 0, "80->81": 0, "81->80": 0, "81->82": 0, "82->81": 0, "77->83": 0, "83->77": 0, "83->84": 0, "84->83": 0, "77->85": 0, "85->77": 0, "85->86": 0, "86->85": 0, "73->87": 0, "87->73": 0, "71->88": 0, "88->71": 0, "88->89": 0, "89->88": 0, "89->90": 0, "90->89": 0, "89->91": 0, "91->89": 0, "88->92": 0, "92->88": 0, "92->93": 0, "93->92": 0, "93->94": 0, "94->93": 0, "94->95": 0, "95->94": 0, "93->96": 0, "96->93": 0, "96->97": 0, "97->96": 0, "93->98": 0, "98->93": 0, "98->99": 0, "99->98": 0, "0->100": 0, "100->0": 0, "100->101": 0, "101->100": 0, "101->102": 0, "102->101": 0, "100->103": 0, "103->100": 0, "100->104": 0, "104->100": 0, "104->105": 0, "105->104": 0, "105->106": 0, "106->105": 0, "104->107": 0, "107->104": 0, "100->108": 0, "108->100": 0, "108->109": 0, "109->108": 0, "109->110": 0, "110->109": 0, "108->111": 0, "111->108": 0, "100->112": 0, "112->100": 0, "100->113": 0, "113->100": 0, "113->114": 0, "114->113": 0, "114->115": 0, "115->114": 0, "115->116": 0, "116->115": 0, "114->117": 0, "117->114": 0, "117->118": 0, "118->117": 0, "118->119": 0, "119->118": 0, "117->120": 0, "120->117": 0, "120->121": 0, "121->120": 0, "117->122": 0, "122->117": 0, "0->123": 0, "123->0": 0, "123->124": 0, "124->123": 0, "124->125": 0, "125->124": 0, "123->126": 0, "126->123": 0, "123->127": 0, "127->123": 0, "127->128": 0, "128->127": 0, "128->129": 0, "129->128": 0, "127->130": 0, "130->127": 0, "123->131": 0, "131->123": 0, "123->132": 0, "132->123": 0, "132->133": 0, "133->132": 0, "133->134": 0, "134->133": 0, "134->135": 0, "135->134": 0, "133->136": 0, "136->133": 0, "136->137": 0, "137->136": 0, "137->138": 0, "138->137": 0, "136->139": 0, "139->136": 0, "0->140": 0, "140->0": 0, "140->141": 0, "141->140": 0, "141->142": 0, "142->141": 0, "140->143": 0, "143->140": 0, "140->144": 0, "144->140": 0, "144->145": 0, "145->144": 0, "145->146": 0, "146->145": 0, "144->147": 0, "147->144": 0, "140->148": 0, "148->140": 0, "148->149": 0, "149->148": 0, "149->150": 0, "150->149": 0, "150->151": 0, "151->150": 0, "149->152": 0, "152->149": 0, "152->153": 0, "153->152": 0, "0->154": 0, "154->0": 0, "154->155": 0, "155->154": 0, "155->156": 0, "156->155": 0, "154->157": 0, "157->154": 0, "154->158": 0, "158->154": 0, "158->159": 0, "159->158": 0, "159->160": 0, "160->159": 0, "158->161": 0, "161->158": 0, "154->162": 0, "162->154": 0, "162->163": 0, "163->162": 0, "163->164": 0, "164->163": 0, "164->165": 0, "165->164": 0, "163->166": 0, "166->163": 0, "166->167": 0, "167->166": 0, "0->168": 0, "168->0": 0, "168->169": 0, "169->168": 0, "169->170": 0, "170->169": 0, "168->171": 0, "171->168": 0, "171->172": 0, "172->171": 0, "168->173": 0, "173->168": 0, "168->174": 0, "174->168": 0, "174->175": 0, "175->174": 0, "175->176": 0, "176->175": 0, "176->177": 0, "177->176": 0, "175->178": 0, "178->175": 0, "178->179": 0, "179->178": 0, "175->180": 0, "180->175": 0, "180->181": 0, "181->180": 0, "0->182": 0, "182->0": 0, "182->183": 0, "183->182": 0, "183->184": 0, "184->183": 0, "182->185": 0, "185->182": 0, "185->186": 0, "186->185": 0, "182->187": 0, "187->182": 0, "182->188": 0, "188->182": 0, "182->189": 0, "189->182": 0, "189->190": 0, "190->189": 0, "190->191": 0, "191->190": 0, "191->192": 0, "192->191": 0, "192->193": 0, "193->192": 0, "191->194": 0, "194->191": 0, "194->195": 0, "195->194": 0, "189->196": 0, "196->189": 0, "196->197": 0, "197->196": 0, "197->198": 0, "198->197": 0, "197->199": 0, "199->197": 0, "196->200": 0, "200->196": 0, "200->201": 0, "201->200": 0, "201->202": 0, "202->201": 0, "202->203": 0, "203->202": 0, "201->204": 0, "204->201": 0, "204->205": 0, "205->204": 0, "0->206": 0, "206->0": 0, "206->207": 0, "207->206": 0, "207->208": 0, "208->207": 0, "206->209": 0, "209->206": 0, "209->210": 0, "210->209": 0, "206->211": 0, "211->206": 0, "206->212": 0, "212->206": 0, "212->213": 0, "213->212": 0, "213->214": 0, "214->213": 0, "212->215": 0, "215->212": 0, "206->216": 0, "216->206": 0, "206->217": 0, "217->206": 0, "217->218": 0, "218->217": 0, "218->219": 0, "219->218": 0, "217->220": 0, "220->217": 0, "220->221": 0, "221->220": 0, "220->222": 0, "222->220": 0, "222->223": 0, "223->222": 0, "206->224": 0, "224->206": 0, "224->225": 0, "225->224": 0, "225->226": 0, "226->225": 0, "226->227": 0, "227->226": 0, "227->228": 0, "228->227": 0, "226->229": 0, "229->226": 0, "229->230": 0, "230->229": 0, "226->231": 0, "231->226": 0, "224->232": 0, "232->224": 0, "232->233": 0, "233->232": 0, "233->234": 0, "234->233": 0, "234->235": 0, "235->234": 0, "233->236": 0, "236->233": 0, "236->237": 0, "237->236": 0, "237->238": 0, "238->237": 0, "236->239": 0, "239->236": 0, "224->240": 0, "240->224": 0, "240->241": 0, "241->240": 0, "241->242": 0, "242->241": 0, "241->243": 0, "243->241": 0, "240->244": 0, "244->240": 0, "244->245": 0, "245->244": 0, "245->246": 0, "246->245": 0, "246->247": 0, "247->246": 0, "245->248": 0, "248->245": 0, "248->249": 0, "249->248": 0, "245->250": 0, "250->245": 0, "250->251": 0, "251->250": 0, "206->252": 0, "252->206": 0, "252->253": 0, "253->252": 0, "253->254": 0, "254->253": 0, "0->255": 0, "255->0": 0, "255->256": 0, "256->255": 0, "256->257": 0, "257->256": 0, "255->258": 0, "258->255": 0, "255->259": 0, "259->255": 0, "259->260": 0, "260->259": 0, "260->261": 0, "261->260": 0, "1->3": 1, "3->1": 12, "3->4": 1, "4->3": 12, "4->12": 1, "12->4": 12, "12->20": 1, "20->12": 12, "20->100": 1, "100->20": 12, "100->123": 1, "123->100": 12, "123->140": 1, "140->123": 12, "140->154": 1, "154->140": 12, "154->168": 1, "168->154": 12, "168->182": 1, "182->168": 12, "182->206": 1, "206->182": 12, "206->255": 1, "255->206": 12, "5->8": 1, "8->5": 12, "8->10": 1, "10->8": 12, "6->7": 2, "7->6": 3, "13->16": 1, "16->13": 12, "16->18": 1, "18->16": 12, "14->15": 2, "15->14": 3, "21->23": 1, "23->21": 12, "23->24": 1, "24->23": 12, "24->28": 1, "28->24": 12, "28->29": 1, "29->28": 12, "29->50": 1, "50->29": 12, "50->61": 1, "61->50": 12, "61->71": 1, "71->61": 12, "25->27": 1, "27->25": 12, "30->39": 6, "39->30": 6, "31->32": 2, "32->31": 3, "32->33": 1, "33->32": 12, "33->36": 1, "36->33": 12, "36->38": 1, "38->36": 12, "34->35": 2, "35->34": 3, "42->44": 1, "44->42": 12, "45->46": 1, "46->45": 12, "46->48": 1, "48->46": 12, "52->55": 1, "55->52": 12, "55->60": 1, "60->55": 12, "56->57": 1, "57->56": 12, "57->59": 1, "59->57": 12, "62->64": 1, "64->62": 12, "65->66": 1, "66->65": 12, "67->69": 1, "69->67": 12, "72->88": 1, "88->72": 12, "74->77": 1, "77->74": 12, "77->87": 1, "87->77": 12, "78->80": 1, "80->78": 12, "80->83": 1, "83->80": 12, "83->85": 1, "85->83": 12, "89->92": 1, "92->89": 12, "90->91": 2, "91->90": 3, "94->96": 1, "96->94": 12, "96->98": 1, "98->96": 12, "101->103": 1, "103->101": 12, "103->104": 1, "104->103": 12, "104->108": 1, "108->104": 12, "108->112": 1, "112->108": 12, "112->113": 1, "113->112": 12, "105->107": 1, "107->105": 12, "109->111": 1, "111->109": 12, "115->117": 1, "117->115": 12, "118->120": 1, "120->118": 12, "120->122": 1, "122->120": 12, "124->126": 1, "126->124": 12, "126->127": 1, "127->126": 12, "127->131": 1, "131->127": 12, "131->132": 1, "132->131": 12, "128->130": 1, "130->128": 12, "134->136": 1, "136->134": 12, "137->139": 1, "139->137": 12, "141->143": 1, "143->141": 12, "143->144": 1, "144->143": 12, "144->148": 1, "148->144": 12, "145->147": 1, "147->145": 12, "150->152": 1, "152->150": 12, "155->157": 1, "157->155": 12, "157->158": 1, "158->157": 12, "158->162": 1, "162->158": 12, "159->161": 1, "161->159": 12, "164->166": 1, "166->164": 12, "169->171": 1, "171->169": 12, "171->173": 1, "173->171": 12, "173->174": 1, "174->173": 12, "176->178": 1, "178->176": 12, "178->180": 1, "180->178": 12, "183->185": 1, "185->183": 12, "185->187": 1, "187->185": 12, "187->188": 2, "188->187": 3, "188->189": 1, "189->188": 12, "190->196": 1, "196->190": 12, "192->194": 1, "194->192": 12, "197->200": 1, "200->197": 12, "198->199": 2, "199->198": 3, "202->204": 1, "204->202": 12, "207->209": 1, "209->207": 12, "209->211": 1, "211->209": 12, "211->212": 1, "212->211": 12, "212->216": 1, "216->212": 12, "216->217": 1, "217->216": 12, "217->224": 1, "224->217": 12, "224->252": 1, "252->224": 12, "213->215": 1, "215->213": 12, "218->220": 1, "220->218": 12, "221->222": 1, "222->221": 12, "225->232": 1, "232->225": 12, "232->240": 1, "240->232": 12, "227->229": 1, "229->227": 12, "229->231": 1, "231->229": 12, "234->236": 1, "236->234": 12, "237->239": 1, "239->237": 12, "241->244": 1, "244->241": 12, "242->243": 2, "243->242": 3, "246->248": 1, "248->246": 12, "248->250": 1, "250->248": 12, "256->258": 1, "258->256": 12, "258->259": 1, "259->258": 12, "2->3": 2, "3->2": 3, "3->6": 2, "6->3": 3, "7->9": 2, "9->7": 3, "9->11": 2, "11->9": 3, "11->14": 2, "14->11": 3, "15->17": 2, "17->15": 3, "17->19": 2, "19->17": 3, "19->22": 2, "22->19": 3, "22->23": 2, "23->22": 3, "23->26": 2, "26->23": 3, "26->27": 2, "27->26": 3, "27->28": 2, "28->27": 3, "28->31": 2, "31->28": 3, "32->34": 2, "34->32": 3, "35->37": 2, "37->35": 3, "37->38": 2, "38->37": 3, "38->43": 2, "43->38": 3, "43->45": 2, "45->43": 3, "45->47": 2, "47->45": 3, "47->49": 2, "49->47": 3, "49->54": 2, "54->49": 3, "54->56": 2, "56->54": 3, "56->58": 2, "58->56": 3, "58->59": 2, "59->58": 3, "59->60": 2, "60->59": 3, "60->63": 2, "63->60": 3, "63->65": 2, "65->63": 3, "65->68": 2, "68->65": 3, "68->70": 2, "70->68": 3, "70->76": 2, "76->70": 3, "76->79": 2, "79->76": 3, "79->82": 2, "82->79": 3, "82->84": 2, "84->82": 3, "84->86": 2, "86->84": 3, "86->87": 2, "87->86": 3, "87->90": 2, "90->87": 3, "91->95": 2, "95->91": 3, "95->97": 2, "97->95": 3, "97->99": 2, "99->97": 3, "99->102": 2, "102->99": 3, "102->103": 2, "103->102": 3, "103->106": 2, "106->103": 3, "106->107": 2, "107->106": 3, "107->110": 2, "110->107": 3, "110->111": 2, "111->110": 3, "111->112": 2, "112->111": 3, "112->116": 2, "116->112": 3, "116->119": 2, "119->116": 3, "119->121": 2, "121->119": 3, "121->122": 2, "122->121": 3, "122->125": 2, "125->122": 3, "125->126": 2, "126->125": 3, "126->129": 2, "129->126": 3, "129->130": 2, "130->129": 3, "130->131": 2, "131->130": 3, "131->135": 2, "135->131": 3, "135->138": 2, "138->135": 3, "138->139": 2, "139->138": 3, "139->142": 2, "142->139": 3, "142->143": 2, "143->142": 3, "143->146": 2, "146->143": 3, "146->147": 2, "147->146": 3, "147->151": 2, "151->147": 3, "151->153": 2, "153->151": 3, "153->156": 2, "156->153": 3, "156->157": 2, "157->156": 3, "157->160": 2, "160->157": 3, "160->161": 2, "161->160": 3, "161->165": 2, "165->161": 3, "165->167": 2, "167->165": 3, "167->170": 2, "170->167": 3, "170->172": 2, "172->170": 3, "172->173": 2, "173->172": 3, "173->177": 2, "177->173": 3, "177->179": 2, "179->177": 3, "179->181": 2, "181->179": 3, "181->184": 2, "184->181": 3, "184->186": 2, "186->184": 3, "186->187": 2, "187->186": 3, "188->193": 2, "193->188": 3, "193->195": 2, "195->193": 3, "195->198": 2, "198->195": 3, "199->203": 2, "203->199": 3, "203->205": 2, "205->203": 3, "205->208": 2, "208->205": 3, "208->210": 2, "210->208": 3, "210->211": 2, "211->210": 3, "211->214": 2, "214->211": 3, "214->215": 2, "215->214": 3, "215->216": 2, "216->215": 3, "216->219": 2, "219->216": 3, "219->221": 2, "221->219": 3, "221->223": 2, "223->221": 3, "223->228": 2, "228->223": 3, "228->230": 2, "230->228": 3, "230->231": 2, "231->230": 3, "231->235": 2, "235->231": 3, "235->238": 2, "238->235": 3, "238->239": 2, "239->238": 3, "239->242": 2, "242->239": 3, "243->247": 2, "247->243": 3, "247->249": 2, "249->247": 3, "249->251": 2, "251->249": 3, "251->254": 2, "254->251": 3, "254->257": 2, "257->254": 3, "257->258": 2, "258->257": 3, "258->261": 2, "261->258": 3, "54->68": 4, "68->54": 5, "68->82": 4, "82->68": 5, "58->84": 4, "84->58": 5, "76->116": 4, "116->76": 5, "116->135": 4, "135->116": 5, "135->177": 4, "177->135": 5, "177->193": 4, "193->177": 5, "193->235": 4, "235->193": 5, "235->261": 4, "261->235": 5, "99->251": 4, "251->99": 5, "119->138": 4, "138->119": 5, "228->254": 4, "254->228": 5}, "metrics": [2.0, 0.0, 9.0, 8.0, 98.0, 10.0, 0.0, 0.0, 0.3333333333333333, 0.0, 5.0]}