{"nodelist": ["ClassDeclaration", "{'private'}", "private", "get", "MethodDeclaration", "{'public'}", "public", "process", "FormalParameter", "BasicType", "int", "seqid", "FormalParameter", "ReferenceType", "TProtocol", "iprot", "FormalParameter", "ReferenceType", "TProtocol", "oprot", "TException", "LocalVariableDeclaration", "ReferenceType", "get_args", "VariableDeclarator", "args", "ClassCreator", "ReferenceType", "get_args", "StatementExpression", "MethodInvocation", "args", "MemberReference", "iprot", "read", "StatementExpression", "MethodInvocation", "iprot", "readMessageEnd", "LocalVariableDeclaration", "ReferenceType", "get_result", "VariableDeclarator", "result", "ClassCreator", "ReferenceType", "get_result", "TryStatement", "StatementExpression", "Assignment", "MemberReference", "result", "success", "MethodInvocation", "iface_", "MemberReference", "args", "tableName", "MemberReference", "args", "row", "MemberReference", "args", "column", "get", "=", "CatchClause", "CatchClauseParameter", "IOError", "io", "StatementExpression", "Assignment", "MemberReference", "result", "io", "MemberReference", "io", "=", "StatementExpression", "MethodInvocation", "oprot", "ClassCreator", "ReferenceType", "TMessage", "Literal", "\"get\"", "MemberReference", "TMessageType", "REPLY", "MemberReference", "seqid", "writeMessageBegin", "StatementExpression", "MethodInvocation", "result", "MemberReference", "oprot", "write", "StatementExpression", "MethodInvocation", "oprot", "writeMessageEnd", "StatementExpression", "MethodInvocation", "oprot", "MethodInvocation", "flush", "getTransport", "ReferenceType", "ProcessFunction"], "nodes": {"0": "ClassDeclaration", "1": "Modifier", "2": "private", "3": "get", "4": "MethodDeclaration", "5": "Modifier", "6": "public", "7": "process", "8": "FormalParameter", "9": "BasicType", "10": "int", "11": "seqid", "12": "FormalParameter", "13": "ReferenceType", "14": "TProtocol", "15": "iprot", "16": "FormalParameter", "17": "ReferenceType", "18": "TProtocol", "19": "oprot", "20": "TException", "21": "LocalVariableDeclaration", "22": "ReferenceType", "23": "get_args", "24": "VariableDeclarator", "25": "args", "26": "ClassCreator", "27": "ReferenceType", "28": "get_args", "29": "StatementExpression", "30": "MethodInvocation", "31": "args", "32": "MemberReference", "33": "iprot", "34": "read", "35": "StatementExpression", "36": "MethodInvocation", "37": "iprot", "38": "readMessageEnd", "39": "LocalVariableDeclaration", "40": "ReferenceType", "41": "get_result", "42": "VariableDeclarator", "43": "result", "44": "ClassCreator", "45": "ReferenceType", "46": "get_result", "47": "TryStatement", "48": "StatementExpression", "49": "Assignment", "50": "MemberReference", "51": "result", "52": "success", "53": "MethodInvocation", "54": "iface_", "55": "MemberReference", "56": "args", "57": "tableName", "58": "MemberReference", "59": "args", "60": "row", "61": "MemberReference", "62": "args", "63": "column", "64": "get", "65": "=", "66": "CatchClause", "67": "CatchClauseParameter", "68": "IOError", "69": "io", "70": "StatementExpression", "71": "Assignment", "72": "MemberReference", "73": "result", "74": "io", "75": "MemberReference", "76": "io", "77": "=", "78": "StatementExpression", "79": "MethodInvocation", "80": "oprot", "81": "ClassCreator", "82": "ReferenceType", "83": "TMessage", "84": "Literal", "85": "\"get\"", "86": "MemberReference", "87": "TMessageType", "88": "REPLY", "89": "MemberReference", "90": "seqid", "91": "writeMessageBegin", "92": "StatementExpression", "93": "MethodInvocation", "94": "result", "95": "MemberReference", "96": "oprot", "97": "write", "98": "StatementExpression", "99": "MethodInvocation", "100": "oprot", "101": "writeMessageEnd", "102": "StatementExpression", "103": "MethodInvocation", "104": "oprot", "105": "MethodInvocation", "106": "flush", "107": "getTransport", "108": "ReferenceType", "109": "ProcessFunction"}, "edges": {"0->1": 0, "1->0": 0, "1->2": 0, "2->1": 0, "0->3": 0, "3->0": 0, "0->4": 0, "4->0": 0, "4->5": 0, "5->4": 0, "5->6": 0, "6->5": 0, "4->7": 0, "7->4": 0, "4->8": 0, "8->4": 0, "8->9": 0, "9->8": 0, "9->10": 0, "10->9": 0, "8->11": 0, "11->8": 0, "4->12": 0, "12->4": 0, "12->13": 0, "13->12": 0, "13->14": 0, "14->13": 0, "12->15": 0, "15->12": 0, "4->16": 0, "16->4": 0, "16->17": 0, "17->16": 0, "17->18": 0, "18->17": 0, "16->19": 0, "19->16": 0, "4->20": 0, "20->4": 0, "4->21": 0, "21->4": 0, "21->22": 0, "22->21": 0, "22->23": 0, "23->22": 0, "21->24": 0, "24->21": 0, "24->25": 0, "25->24": 0, "24->26": 0, "26->24": 0, "26->27": 0, "27->26": 0, "27->28": 0, "28->27": 0, "4->29": 0, "29->4": 0, "29->30": 0, "30->29": 0, "30->31": 0, "31->30": 0, "30->32": 0, "32->30": 0, "32->33": 0, "33->32": 0, "30->34": 0, "34->30": 0, "4->35": 0, "35->4": 0, "35->36": 0, "36->35": 0, "36->37": 0, "37->36": 0, "36->38": 0, "38->36": 0, "4->39": 0, "39->4": 0, "39->40": 0, "40->39": 0, "40->41": 0, "41->40": 0, "39->42": 0, "42->39": 0, "42->43": 0, "43->42": 0, "42->44": 0, "44->42": 0, "44->45": 0, "45->44": 0, "45->46": 0, "46->45": 0, "4->47": 0, "47->4": 0, "47->48": 0, "48->47": 0, "48->49": 0, "49->48": 0, "49->50": 0, "50->49": 0, "50->51": 0, "51->50": 0, "50->52": 0, "52->50": 0, "49->53": 0, "53->49": 0, "53->54": 0, "54->53": 0, "53->55": 0, "55->53": 0, "55->56": 0, "56->55": 0, "55->57": 0, "57->55": 0, "53->58": 0, "58->53": 0, "58->59": 0, "59->58": 0, "58->60": 0, "60->58": 0, "53->61": 0, "61->53": 0, "61->62": 0, "62->61": 0, "61->63": 0, "63->61": 0, "53->64": 0, "64->53": 0, "49->65": 0, "65->49": 0, "47->66": 0, "66->47": 0, "66->67": 0, "67->66": 0, "67->68": 0, "68->67": 0, "67->69": 0, "69->67": 0, "66->70": 0, "70->66": 0, "70->71": 0, "71->70": 0, "71->72": 0, "72->71": 0, "72->73": 0, "73->72": 0, "72->74": 0, "74->72": 0, "71->75": 0, "75->71": 0, "75->76": 0, "76->75": 0, "71->77": 0, "77->71": 0, "4->78": 0, "78->4": 0, "78->79": 0, "79->78": 0, "79->80": 0, "80->79": 0, "79->81": 0, "81->79": 0, "81->82": 0, "82->81": 0, "82->83": 0, "83->82": 0, "81->84": 0, "84->81": 0, "84->85": 0, "85->84": 0, "81->86": 0, "86->81": 0, "86->87": 0, "87->86": 0, "86->88": 0, "88->86": 0, "81->89": 0, "89->81": 0, "89->90": 0, "90->89": 0, "79->91": 0, "91->79": 0, "4->92": 0, "92->4": 0, "92->93": 0, "93->92": 0, "93->94": 0, "94->93": 0, "93->95": 0, "95->93": 0, "95->96": 0, "96->95": 0, "93->97": 0, "97->93": 0, "4->98": 0, "98->4": 0, "98->99": 0, "99->98": 0, "99->100": 0, "100->99": 0, "99->101": 0, "101->99": 0, "4->102": 0, "102->4": 0, "102->103": 0, "103->102": 0, "103->104": 0, "104->103": 0, "103->105": 0, "105->103": 0, "105->106": 0, "106->105": 0, "103->107": 0, "107->103": 0, "0->108": 0, "108->0": 0, "108->109": 0, "109->108": 0, "1->3": 1, "3->1": 12, "3->4": 1, "4->3": 12, "4->108": 1, "108->4": 12, "5->7": 1, "7->5": 12, "7->8": 1, "8->7": 12, "8->12": 1, "12->8": 12, "12->16": 1, "16->12": 12, "16->20": 1, "20->16": 12, "20->21": 1, "21->20": 12, "21->29": 1, "29->21": 12, "29->35": 1, "35->29": 12, "35->39": 1, "39->35": 12, "39->47": 1, "47->39": 12, "47->78": 1, "78->47": 12, "78->92": 1, "92->78": 12, "92->98": 1, "98->92": 12, "98->102": 1, "102->98": 12, "9->11": 1, "11->9": 12, "13->15": 1, "15->13": 12, "17->19": 1, "19->17": 12, "22->24": 1, "24->22": 12, "25->26": 1, "26->25": 12, "31->32": 1, "32->31": 12, "32->34": 1, "34->32": 12, "37->38": 2, "38->37": 3, "40->42": 1, "42->40": 12, "43->44": 1, "44->43": 12, "48->66": 1, "66->48": 12, "50->53": 1, "53->50": 12, "53->65": 1, "65->53": 12, "51->52": 2, "52->51": 3, "54->55": 1, "55->54": 12, "55->58": 1, "58->55": 12, "58->61": 1, "61->58": 12, "61->64": 1, "64->61": 12, "56->57": 2, "57->56": 3, "59->60": 2, "60->59": 3, "62->63": 2, "63->62": 3, "67->70": 1, "70->67": 12, "68->69": 2, "69->68": 3, "72->75": 1, "75->72": 12, "75->77": 1, "77->75": 12, "73->74": 2, "74->73": 3, "80->81": 1, "81->80": 12, "81->91": 1, "91->81": 12, "82->84": 1, "84->82": 12, "84->86": 1, "86->84": 12, "86->89": 1, "89->86": 12, "87->88": 2, "88->87": 3, "94->95": 1, "95->94": 12, "95->97": 1, "97->95": 12, "100->101": 2, "101->100": 3, "104->105": 1, "105->104": 12, "105->107": 1, "107->105": 12, "2->3": 2, "3->2": 3, "3->6": 2, "6->3": 3, "6->7": 2, "7->6": 3, "7->10": 2, "10->7": 3, "10->11": 2, "11->10": 3, "11->14": 2, "14->11": 3, "14->15": 2, "15->14": 3, "15->18": 2, "18->15": 3, "18->19": 2, "19->18": 3, "19->20": 2, "20->19": 3, "20->23": 2, "23->20": 3, "23->25": 2, "25->23": 3, "25->28": 2, "28->25": 3, "28->31": 2, "31->28": 3, "31->33": 2, "33->31": 3, "33->34": 2, "34->33": 3, "34->37": 2, "37->34": 3, "38->41": 2, "41->38": 3, "41->43": 2, "43->41": 3, "43->46": 2, "46->43": 3, "46->51": 2, "51->46": 3, "52->54": 2, "54->52": 3, "54->56": 2, "56->54": 3, "57->59": 2, "59->57": 3, "60->62": 2, "62->60": 3, "63->64": 2, "64->63": 3, "64->65": 2, "65->64": 3, "65->68": 2, "68->65": 3, "69->73": 2, "73->69": 3, "74->76": 4, "76->74": 5, "76->77": 2, "77->76": 3, "77->80": 2, "80->77": 3, "80->83": 2, "83->80": 3, "83->85": 2, "85->83": 3, "85->87": 2, "87->85": 3, "88->90": 2, "90->88": 3, "90->91": 2, "91->90": 3, "91->94": 2, "94->91": 3, "94->96": 2, "96->94": 3, "96->97": 2, "97->96": 3, "97->100": 2, "100->97": 3, "101->104": 2, "104->101": 3, "104->106": 2, "106->104": 3, "106->107": 2, "107->106": 3, "107->109": 2, "109->107": 3}, "metrics": [0.0, 0.0, 1.0, 1.0, 18.0, 1.0, 0.0, 1.0, -1.0, 2.0, 2.0]}