{"nodelist": ["InterfaceDeclaration", "{'public'}", "public", "BlockingInterface", "MethodDeclaration", "{'public'}", "public", "ReferenceType", "org", "ReferenceType", "apache", "ReferenceType", "hadoop", "ReferenceType", "hbase", "ReferenceType", "ipc", "ReferenceType", "protobuf", "ReferenceType", "generated", "ReferenceType", "TestProtos", "ReferenceType", "EmptyResponseProto", "ping", "FormalParameter", "ReferenceType", "com", "ReferenceType", "google", "ReferenceType", "protobuf", "ReferenceType", "RpcController", "controller", "FormalParameter", "ReferenceType", "org", "ReferenceType", "apache", "ReferenceType", "hadoop", "ReferenceType", "hbase", "ReferenceType", "ipc", "ReferenceType", "protobuf", "ReferenceType", "generated", "ReferenceType", "TestProtos", "ReferenceType", "EmptyRequestProto", "request", "com.google.protobuf.ServiceException", "MethodDeclaration", "{'public'}", "public", "ReferenceType", "org", "ReferenceType", "apache", "ReferenceType", "hadoop", "ReferenceType", "hbase", "ReferenceType", "ipc", "ReferenceType", "protobuf", "ReferenceType", "generated", "ReferenceType", "TestProtos", "ReferenceType", "EchoResponseProto", "echo", "FormalParameter", "ReferenceType", "com", "ReferenceType", "google", "ReferenceType", "protobuf", "ReferenceType", "RpcController", "controller", "FormalParameter", "ReferenceType", "org", "ReferenceType", "apache", "ReferenceType", "hadoop", "ReferenceType", "hbase", "ReferenceType", "ipc", "ReferenceType", "protobuf", "ReferenceType", "generated", "ReferenceType", "TestProtos", "ReferenceType", "EchoRequestProto", "request", "com.google.protobuf.ServiceException", "MethodDeclaration", "{'public'}", "public", "ReferenceType", "org", "ReferenceType", "apache", "ReferenceType", "hadoop", "ReferenceType", "hbase", "ReferenceType", "ipc", "ReferenceType", "protobuf", "ReferenceType", "generated", "ReferenceType", "TestProtos", "ReferenceType", "EmptyResponseProto", "error", "FormalParameter", "ReferenceType", "com", "ReferenceType", "google", "ReferenceType", "protobuf", "ReferenceType", "RpcController", "controller", "FormalParameter", "ReferenceType", "org", "ReferenceType", "apache", "ReferenceType", "hadoop", "ReferenceType", "hbase", "ReferenceType", "ipc", "ReferenceType", "protobuf", "ReferenceType", "generated", "ReferenceType", "TestProtos", "ReferenceType", "EmptyRequestProto", "request", "com.google.protobuf.ServiceException"], "nodes": {"0": "InterfaceDeclaration", "1": "Modifier", "2": "public", "3": "BlockingInterface", "4": "MethodDeclaration", "5": "Modifier", "6": "public", "7": "ReferenceType", "8": "org", "9": "ReferenceType", "10": "apache", "11": "ReferenceType", "12": "hadoop", "13": "ReferenceType", "14": "hbase", "15": "ReferenceType", "16": "ipc", "17": "ReferenceType", "18": "protobuf", "19": "ReferenceType", "20": "generated", "21": "ReferenceType", "22": "TestProtos", "23": "ReferenceType", "24": "EmptyResponseProto", "25": "ping", "26": "FormalParameter", "27": "ReferenceType", "28": "com", "29": "ReferenceType", "30": "google", "31": "ReferenceType", "32": "protobuf", "33": "ReferenceType", "34": "RpcController", "35": "controller", "36": "FormalParameter", "37": "ReferenceType", "38": "org", "39": "ReferenceType", "40": "apache", "41": "ReferenceType", "42": "hadoop", "43": "ReferenceType", "44": "hbase", "45": "ReferenceType", "46": "ipc", "47": "ReferenceType", "48": "protobuf", "49": "ReferenceType", "50": "generated", "51": "ReferenceType", "52": "TestProtos", "53": "ReferenceType", "54": "EmptyRequestProto", "55": "request", "56": "com.google.protobuf.ServiceException", "57": "MethodDeclaration", "58": "Modifier", "59": "public", "60": "ReferenceType", "61": "org", "62": "ReferenceType", "63": "apache", "64": "ReferenceType", "65": "hadoop", "66": "ReferenceType", "67": "hbase", "68": "ReferenceType", "69": "ipc", "70": "ReferenceType", "71": "protobuf", "72": "ReferenceType", "73": "generated", "74": "ReferenceType", "75": "TestProtos", "76": "ReferenceType", "77": "EchoResponseProto", "78": "echo", "79": "FormalParameter", "80": "ReferenceType", "81": "com", "82": "ReferenceType", "83": "google", "84": "ReferenceType", "85": "protobuf", "86": "ReferenceType", "87": "RpcController", "88": "controller", "89": "FormalParameter", "90": "ReferenceType", "91": "org", "92": "ReferenceType", "93": "apache", "94": "ReferenceType", "95": "hadoop", "96": "ReferenceType", "97": "hbase", "98": "ReferenceType", "99": "ipc", "100": "ReferenceType", "101": "protobuf", "102": "ReferenceType", "103": "generated", "104": "ReferenceType", "105": "TestProtos", "106": "ReferenceType", "107": "EchoRequestProto", "108": "request", "109": "com.google.protobuf.ServiceException", "110": "MethodDeclaration", "111": "Modifier", "112": "public", "113": "ReferenceType", "114": "org", "115": "ReferenceType", "116": "apache", "117": "ReferenceType", "118": "hadoop", "119": "ReferenceType", "120": "hbase", "121": "ReferenceType", "122": "ipc", "123": "ReferenceType", "124": "protobuf", "125": "ReferenceType", "126": "generated", "127": "ReferenceType", "128": "TestProtos", "129": "ReferenceType", "130": "EmptyResponseProto", "131": "error", "132": "FormalParameter", "133": "ReferenceType", "134": "com", "135": "ReferenceType", "136": "google", "137": "ReferenceType", "138": "protobuf", "139": "ReferenceType", "140": "RpcController", "141": "controller", "142": "FormalParameter", "143": "ReferenceType", "144": "org", "145": "ReferenceType", "146": "apache", "147": "ReferenceType", "148": "hadoop", "149": "ReferenceType", "150": "hbase", "151": "ReferenceType", "152": "ipc", "153": "ReferenceType", "154": "protobuf", "155": "ReferenceType", "156": "generated", "157": "ReferenceType", "158": "TestProtos", "159": "ReferenceType", "160": "EmptyRequestProto", "161": "request", "162": "com.google.protobuf.ServiceException"}, "edges": {"0->1": 0, "1->0": 0, "1->2": 0, "2->1": 0, "0->3": 0, "3->0": 0, "0->4": 0, "4->0": 0, "4->5": 0, "5->4": 0, "5->6": 0, "6->5": 0, "4->7": 0, "7->4": 0, "7->8": 0, "8->7": 0, "7->9": 0, "9->7": 0, "9->10": 0, "10->9": 0, "9->11": 0, "11->9": 0, "11->12": 0, "12->11": 0, "11->13": 0, "13->11": 0, "13->14": 0, "14->13": 0, "13->15": 0, "15->13": 0, "15->16": 0, "16->15": 0, "15->17": 0, "17->15": 0, "17->18": 0, "18->17": 0, "17->19": 0, "19->17": 0, "19->20": 0, "20->19": 0, "19->21": 0, "21->19": 0, "21->22": 0, "22->21": 0, "21->23": 0, "23->21": 0, "23->24": 0, "24->23": 0, "4->25": 0, "25->4": 0, "4->26": 0, "26->4": 0, "26->27": 0, "27->26": 0, "27->28": 0, "28->27": 0, "27->29": 0, "29->27": 0, "29->30": 0, "30->29": 0, "29->31": 0, "31->29": 0, "31->32": 0, "32->31": 0, "31->33": 0, "33->31": 0, "33->34": 0, "34->33": 0, "26->35": 0, "35->26": 0, "4->36": 0, "36->4": 0, "36->37": 0, "37->36": 0, "37->38": 0, "38->37": 0, "37->39": 0, "39->37": 0, "39->40": 0, "40->39": 0, "39->41": 0, "41->39": 0, "41->42": 0, "42->41": 0, "41->43": 0, "43->41": 0, "43->44": 0, "44->43": 0, "43->45": 0, "45->43": 0, "45->46": 0, "46->45": 0, "45->47": 0, "47->45": 0, "47->48": 0, "48->47": 0, "47->49": 0, "49->47": 0, "49->50": 0, "50->49": 0, "49->51": 0, "51->49": 0, "51->52": 0, "52->51": 0, "51->53": 0, "53->51": 0, "53->54": 0, "54->53": 0, "36->55": 0, "55->36": 0, "4->56": 0, "56->4": 0, "0->57": 0, "57->0": 0, "57->58": 0, "58->57": 0, "58->59": 0, "59->58": 0, "57->60": 0, "60->57": 0, "60->61": 0, "61->60": 0, "60->62": 0, "62->60": 0, "62->63": 0, "63->62": 0, "62->64": 0, "64->62": 0, "64->65": 0, "65->64": 0, "64->66": 0, "66->64": 0, "66->67": 0, "67->66": 0, "66->68": 0, "68->66": 0, "68->69": 0, "69->68": 0, "68->70": 0, "70->68": 0, "70->71": 0, "71->70": 0, "70->72": 0, "72->70": 0, "72->73": 0, "73->72": 0, "72->74": 0, "74->72": 0, "74->75": 0, "75->74": 0, "74->76": 0, "76->74": 0, "76->77": 0, "77->76": 0, "57->78": 0, "78->57": 0, "57->79": 0, "79->57": 0, "79->80": 0, "80->79": 0, "80->81": 0, "81->80": 0, "80->82": 0, "82->80": 0, "82->83": 0, "83->82": 0, "82->84": 0, "84->82": 0, "84->85": 0, "85->84": 0, "84->86": 0, "86->84": 0, "86->87": 0, "87->86": 0, "79->88": 0, "88->79": 0, "57->89": 0, "89->57": 0, "89->90": 0, "90->89": 0, "90->91": 0, "91->90": 0, "90->92": 0, "92->90": 0, "92->93": 0, "93->92": 0, "92->94": 0, "94->92": 0, "94->95": 0, "95->94": 0, "94->96": 0, "96->94": 0, "96->97": 0, "97->96": 0, "96->98": 0, "98->96": 0, "98->99": 0, "99->98": 0, "98->100": 0, "100->98": 0, "100->101": 0, "101->100": 0, "100->102": 0, "102->100": 0, "102->103": 0, "103->102": 0, "102->104": 0, "104->102": 0, "104->105": 0, "105->104": 0, "104->106": 0, "106->104": 0, "106->107": 0, "107->106": 0, "89->108": 0, "108->89": 0, "57->109": 0, "109->57": 0, "0->110": 0, "110->0": 0, "110->111": 0, "111->110": 0, "111->112": 0, "112->111": 0, "110->113": 0, "113->110": 0, "113->114": 0, "114->113": 0, "113->115": 0, "115->113": 0, "115->116": 0, "116->115": 0, "115->117": 0, "117->115": 0, "117->118": 0, "118->117": 0, "117->119": 0, "119->117": 0, "119->120": 0, "120->119": 0, "119->121": 0, "121->119": 0, "121->122": 0, "122->121": 0, "121->123": 0, "123->121": 0, "123->124": 0, "124->123": 0, "123->125": 0, "125->123": 0, "125->126": 0, "126->125": 0, "125->127": 0, "127->125": 0, "127->128": 0, "128->127": 0, "127->129": 0, "129->127": 0, "129->130": 0, "130->129": 0, "110->131": 0, "131->110": 0, "110->132": 0, "132->110": 0, "132->133": 0, "133->132": 0, "133->134": 0, "134->133": 0, "133->135": 0, "135->133": 0, "135->136": 0, "136->135": 0, "135->137": 0, "137->135": 0, "137->138": 0, "138->137": 0, "137->139": 0, "139->137": 0, "139->140": 0, "140->139": 0, "132->141": 0, "141->132": 0, "110->142": 0, "142->110": 0, "142->143": 0, "143->142": 0, "143->144": 0, "144->143": 0, "143->145": 0, "145->143": 0, "145->146": 0, "146->145": 0, "145->147": 0, "147->145": 0, "147->148": 0, "148->147": 0, "147->149": 0, "149->147": 0, "149->150": 0, "150->149": 0, "149->151": 0, "151->149": 0, "151->152": 0, "152->151": 0, "151->153": 0, "153->151": 0, "153->154": 0, "154->153": 0, "153->155": 0, "155->153": 0, "155->156": 0, "156->155": 0, "155->157": 0, "157->155": 0, "157->158": 0, "158->157": 0, "157->159": 0, "159->157": 0, "159->160": 0, "160->159": 0, "142->161": 0, "161->142": 0, "110->162": 0, "162->110": 0, "1->3": 1, "3->1": 12, "3->4": 1, "4->3": 12, "4->57": 1, "57->4": 12, "57->110": 1, "110->57": 12, "5->7": 1, "7->5": 12, "7->25": 1, "25->7": 12, "25->26": 1, "26->25": 12, "26->36": 1, "36->26": 12, "36->56": 1, "56->36": 12, "8->9": 1, "9->8": 12, "10->11": 1, "11->10": 12, "12->13": 1, "13->12": 12, "14->15": 1, "15->14": 12, "16->17": 1, "17->16": 12, "18->19": 1, "19->18": 12, "20->21": 1, "21->20": 12, "22->23": 1, "23->22": 12, "27->35": 1, "35->27": 12, "28->29": 1, "29->28": 12, "30->31": 1, "31->30": 12, "32->33": 1, "33->32": 12, "37->55": 1, "55->37": 12, "38->39": 1, "39->38": 12, "40->41": 1, "41->40": 12, "42->43": 1, "43->42": 12, "44->45": 1, "45->44": 12, "46->47": 1, "47->46": 12, "48->49": 1, "49->48": 12, "50->51": 1, "51->50": 12, "52->53": 1, "53->52": 12, "58->60": 1, "60->58": 12, "60->78": 1, "78->60": 12, "78->79": 1, "79->78": 12, "79->89": 1, "89->79": 12, "89->109": 1, "109->89": 12, "61->62": 1, "62->61": 12, "63->64": 1, "64->63": 12, "65->66": 1, "66->65": 12, "67->68": 1, "68->67": 12, "69->70": 1, "70->69": 12, "71->72": 1, "72->71": 12, "73->74": 1, "74->73": 12, "75->76": 1, "76->75": 12, "80->88": 1, "88->80": 12, "81->82": 1, "82->81": 12, "83->84": 1, "84->83": 12, "85->86": 1, "86->85": 12, "90->108": 1, "108->90": 12, "91->92": 1, "92->91": 12, "93->94": 1, "94->93": 12, "95->96": 1, "96->95": 12, "97->98": 1, "98->97": 12, "99->100": 1, "100->99": 12, "101->102": 1, "102->101": 12, "103->104": 1, "104->103": 12, "105->106": 1, "106->105": 12, "111->113": 1, "113->111": 12, "113->131": 1, "131->113": 12, "131->132": 1, "132->131": 12, "132->142": 1, "142->132": 12, "142->162": 1, "162->142": 12, "114->115": 1, "115->114": 12, "116->117": 1, "117->116": 12, "118->119": 1, "119->118": 12, "120->121": 1, "121->120": 12, "122->123": 1, "123->122": 12, "124->125": 1, "125->124": 12, "126->127": 1, "127->126": 12, "128->129": 1, "129->128": 12, "133->141": 1, "141->133": 12, "134->135": 1, "135->134": 12, "136->137": 1, "137->136": 12, "138->139": 1, "139->138": 12, "143->161": 1, "161->143": 12, "144->145": 1, "145->144": 12, "146->147": 1, "147->146": 12, "148->149": 1, "149->148": 12, "150->151": 1, "151->150": 12, "152->153": 1, "153->152": 12, "154->155": 1, "155->154": 12, "156->157": 1, "157->156": 12, "158->159": 1, "159->158": 12, "2->3": 2, "3->2": 3, "3->6": 2, "6->3": 3, "6->8": 2, "8->6": 3, "8->10": 2, "10->8": 3, "10->12": 2, "12->10": 3, "12->14": 2, "14->12": 3, "14->16": 2, "16->14": 3, "16->18": 2, "18->16": 3, "18->20": 2, "20->18": 3, "20->22": 2, "22->20": 3, "22->24": 2, "24->22": 3, "24->25": 2, "25->24": 3, "25->28": 2, "28->25": 3, "28->30": 2, "30->28": 3, "30->32": 2, "32->30": 3, "32->34": 2, "34->32": 3, "34->35": 2, "35->34": 3, "35->38": 2, "38->35": 3, "38->40": 2, "40->38": 3, "40->42": 2, "42->40": 3, "42->44": 2, "44->42": 3, "44->46": 2, "46->44": 3, "46->48": 2, "48->46": 3, "48->50": 2, "50->48": 3, "50->52": 2, "52->50": 3, "52->54": 2, "54->52": 3, "54->55": 2, "55->54": 3, "55->56": 2, "56->55": 3, "56->59": 2, "59->56": 3, "59->61": 2, "61->59": 3, "61->63": 2, "63->61": 3, "63->65": 2, "65->63": 3, "65->67": 2, "67->65": 3, "67->69": 2, "69->67": 3, "69->71": 2, "71->69": 3, "71->73": 2, "73->71": 3, "73->75": 2, "75->73": 3, "75->77": 2, "77->75": 3, "77->78": 2, "78->77": 3, "78->81": 2, "81->78": 3, "81->83": 2, "83->81": 3, "83->85": 2, "85->83": 3, "85->87": 2, "87->85": 3, "87->88": 2, "88->87": 3, "88->91": 2, "91->88": 3, "91->93": 2, "93->91": 3, "93->95": 2, "95->93": 3, "95->97": 2, "97->95": 3, "97->99": 2, "99->97": 3, "99->101": 2, "101->99": 3, "101->103": 2, "103->101": 3, "103->105": 2, "105->103": 3, "105->107": 2, "107->105": 3, "107->108": 2, "108->107": 3, "108->109": 2, "109->108": 3, "109->112": 2, "112->109": 3, "112->114": 2, "114->112": 3, "114->116": 2, "116->114": 3, "116->118": 2, "118->116": 3, "118->120": 2, "120->118": 3, "120->122": 2, "122->120": 3, "122->124": 2, "124->122": 3, "124->126": 2, "126->124": 3, "126->128": 2, "128->126": 3, "128->130": 2, "130->128": 3, "130->131": 2, "131->130": 3, "131->134": 2, "134->131": 3, "134->136": 2, "136->134": 3, "136->138": 2, "138->136": 3, "138->140": 2, "140->138": 3, "140->141": 2, "141->140": 3, "141->144": 2, "144->141": 3, "144->146": 2, "146->144": 3, "146->148": 2, "148->146": 3, "148->150": 2, "150->148": 3, "150->152": 2, "152->150": 3, "152->154": 2, "154->152": 3, "154->156": 2, "156->154": 3, "156->158": 2, "158->156": 3, "158->160": 2, "160->158": 3, "160->161": 2, "161->160": 3, "161->162": 2, "162->161": 3}, "metrics": [0.0, 0.0, 3.0, 3.0, 5.0, 3.0, 1.0, 0.0, -1.0, 4.0, 1.0]}