{"nodelist": ["ClassDeclaration", "{'public'}", "public", "KeyValueTestUtil", "MethodDeclaration", "{'public', 'static'}", "public", "static", "ReferenceType", "KeyValue", "create", "FormalParameter", "ReferenceType", "String", "row", "FormalParameter", "ReferenceType", "String", "family", "FormalParameter", "ReferenceType", "String", "qualifier", "FormalParameter", "BasicType", "long", "timestamp", "FormalParameter", "ReferenceType", "String", "value", "ReturnStatement", "MethodInvocation", "MemberReference", "row", "MemberReference", "family", "MemberReference", "qualifier", "MemberReference", "timestamp", "MemberReference", "KeyValue.Type", "Put", "MemberReference", "value", "create", "MethodDeclaration", "{'public', 'static'}", "public", "static", "ReferenceType", "KeyValue", "create", "FormalParameter", "ReferenceType", "String", "row", "FormalParameter", "ReferenceType", "String", "family", "FormalParameter", "ReferenceType", "String", "qualifier", "FormalParameter", "BasicType", "long", "timestamp", "FormalParameter", "ReferenceType", "KeyValue", "ReferenceType", "Type", "type", "FormalParameter", "ReferenceType", "String", "value", "ReturnStatement", "ClassCreator", "ReferenceType", "KeyValue", "MethodInvocation", "Bytes", "MemberReference", "row", "toBytes", "MethodInvocation", "Bytes", "MemberReference", "family", "toBytes", "MethodInvocation", "Bytes", "MemberReference", "qualifier", "toBytes", "MemberReference", "timestamp", "MemberReference", "type", "MethodInvocation", "Bytes", "MemberReference", "value", "toBytes"], "nodes": {"0": "ClassDeclaration", "1": "Modifier", "2": "public", "3": "KeyValueTestUtil", "4": "MethodDeclaration", "5": "Modifier", "6": "public", "7": "static", "8": "ReferenceType", "9": "KeyValue", "10": "create", "11": "FormalParameter", "12": "ReferenceType", "13": "String", "14": "row", "15": "FormalParameter", "16": "ReferenceType", "17": "String", "18": "family", "19": "FormalParameter", "20": "ReferenceType", "21": "String", "22": "qualifier", "23": "FormalParameter", "24": "BasicType", "25": "long", "26": "timestamp", "27": "FormalParameter", "28": "ReferenceType", "29": "String", "30": "value", "31": "ReturnStatement", "32": "MethodInvocation", "33": "MemberReference", "34": "row", "35": "MemberReference", "36": "family", "37": "MemberReference", "38": "qualifier", "39": "MemberReference", "40": "timestamp", "41": "MemberReference", "42": "KeyValue.Type", "43": "Put", "44": "MemberReference", "45": "value", "46": "create", "47": "MethodDeclaration", "48": "Modifier", "49": "public", "50": "static", "51": "ReferenceType", "52": "KeyValue", "53": "create", "54": "FormalParameter", "55": "ReferenceType", "56": "String", "57": "row", "58": "FormalParameter", "59": "ReferenceType", "60": "String", "61": "family", "62": "FormalParameter", "63": "ReferenceType", "64": "String", "65": "qualifier", "66": "FormalParameter", "67": "BasicType", "68": "long", "69": "timestamp", "70": "FormalParameter", "71": "ReferenceType", "72": "KeyValue", "73": "ReferenceType", "74": "Type", "75": "type", "76": "FormalParameter", "77": "ReferenceType", "78": "String", "79": "value", "80": "ReturnStatement", "81": "ClassCreator", "82": "ReferenceType", "83": "KeyValue", "84": "MethodInvocation", "85": "Bytes", "86": "MemberReference", "87": "row", "88": "toBytes", "89": "MethodInvocation", "90": "Bytes", "91": "MemberReference", "92": "family", "93": "toBytes", "94": "MethodInvocation", "95": "Bytes", "96": "MemberReference", "97": "qualifier", "98": "toBytes", "99": "MemberReference", "100": "timestamp", "101": "MemberReference", "102": "type", "103": "MethodInvocation", "104": "Bytes", "105": "MemberReference", "106": "value", "107": "toBytes"}, "edges": {"0->1": 0, "1->0": 0, "1->2": 0, "2->1": 0, "0->3": 0, "3->0": 0, "0->4": 0, "4->0": 0, "4->5": 0, "5->4": 0, "5->6": 0, "6->5": 0, "5->7": 0, "7->5": 0, "4->8": 0, "8->4": 0, "8->9": 0, "9->8": 0, "4->10": 0, "10->4": 0, "4->11": 0, "11->4": 0, "11->12": 0, "12->11": 0, "12->13": 0, "13->12": 0, "11->14": 0, "14->11": 0, "4->15": 0, "15->4": 0, "15->16": 0, "16->15": 0, "16->17": 0, "17->16": 0, "15->18": 0, "18->15": 0, "4->19": 0, "19->4": 0, "19->20": 0, "20->19": 0, "20->21": 0, "21->20": 0, "19->22": 0, "22->19": 0, "4->23": 0, "23->4": 0, "23->24": 0, "24->23": 0, "24->25": 0, "25->24": 0, "23->26": 0, "26->23": 0, "4->27": 0, "27->4": 0, "27->28": 0, "28->27": 0, "28->29": 0, "29->28": 0, "27->30": 0, "30->27": 0, "4->31": 0, "31->4": 0, "31->32": 0, "32->31": 0, "32->33": 0, "33->32": 0, "33->34": 0, "34->33": 0, "32->35": 0, "35->32": 0, "35->36": 0, "36->35": 0, "32->37": 0, "37->32": 0, "37->38": 0, "38->37": 0, "32->39": 0, "39->32": 0, "39->40": 0, "40->39": 0, "32->41": 0, "41->32": 0, "41->42": 0, "42->41": 0, "41->43": 0, "43->41": 0, "32->44": 0, "44->32": 0, "44->45": 0, "45->44": 0, "32->46": 0, "46->32": 0, "0->47": 0, "47->0": 0, "47->48": 0, "48->47": 0, "48->49": 0, "49->48": 0, "48->50": 0, "50->48": 0, "47->51": 0, "51->47": 0, "51->52": 0, "52->51": 0, "47->53": 0, "53->47": 0, "47->54": 0, "54->47": 0, "54->55": 0, "55->54": 0, "55->56": 0, "56->55": 0, "54->57": 0, "57->54": 0, "47->58": 0, "58->47": 0, "58->59": 0, "59->58": 0, "59->60": 0, "60->59": 0, "58->61": 0, "61->58": 0, "47->62": 0, "62->47": 0, "62->63": 0, "63->62": 0, "63->64": 0, "64->63": 0, "62->65": 0, "65->62": 0, "47->66": 0, "66->47": 0, "66->67": 0, "67->66": 0, "67->68": 0, "68->67": 0, "66->69": 0, "69->66": 0, "47->70": 0, "70->47": 0, "70->71": 0, "71->70": 0, "71->72": 0, "72->71": 0, "71->73": 0, "73->71": 0, "73->74": 0, "74->73": 0, "70->75": 0, "75->70": 0, "47->76": 0, "76->47": 0, "76->77": 0, "77->76": 0, "77->78": 0, "78->77": 0, "76->79": 0, "79->76": 0, "47->80": 0, "80->47": 0, "80->81": 0, "81->80": 0, "81->82": 0, "82->81": 0, "82->83": 0, "83->82": 0, "81->84": 0, "84->81": 0, "84->85": 0, "85->84": 0, "84->86": 0, "86->84": 0, "86->87": 0, "87->86": 0, "84->88": 0, "88->84": 0, "81->89": 0, "89->81": 0, "89->90": 0, "90->89": 0, "89->91": 0, "91->89": 0, "91->92": 0, "92->91": 0, "89->93": 0, "93->89": 0, "81->94": 0, "94->81": 0, "94->95": 0, "95->94": 0, "94->96": 0, "96->94": 0, "96->97": 0, "97->96": 0, "94->98": 0, "98->94": 0, "81->99": 0, "99->81": 0, "99->100": 0, "100->99": 0, "81->101": 0, "101->81": 0, "101->102": 0, "102->101": 0, "81->103": 0, "103->81": 0, "103->104": 0, "104->103": 0, "103->105": 0, "105->103": 0, "105->106": 0, "106->105": 0, "103->107": 0, "107->103": 0, "1->3": 1, "3->1": 12, "3->4": 1, "4->3": 12, "4->47": 1, "47->4": 12, "5->8": 1, "8->5": 12, "8->10": 1, "10->8": 12, "10->11": 1, "11->10": 12, "11->15": 1, "15->11": 12, "15->19": 1, "19->15": 12, "19->23": 1, "23->19": 12, "23->27": 1, "27->23": 12, "27->31": 1, "31->27": 12, "6->7": 2, "7->6": 3, "12->14": 1, "14->12": 12, "16->18": 1, "18->16": 12, "20->22": 1, "22->20": 12, "24->26": 1, "26->24": 12, "28->30": 1, "30->28": 12, "33->35": 1, "35->33": 12, "35->37": 1, "37->35": 12, "37->39": 1, "39->37": 12, "39->41": 1, "41->39": 12, "41->44": 1, "44->41": 12, "44->46": 1, "46->44": 12, "42->43": 2, "43->42": 3, "48->51": 1, "51->48": 12, "51->53": 1, "53->51": 12, "53->54": 1, "54->53": 12, "54->58": 1, "58->54": 12, "58->62": 1, "62->58": 12, "62->66": 1, "66->62": 12, "66->70": 1, "70->66": 12, "70->76": 1, "76->70": 12, "76->80": 1, "80->76": 12, "49->50": 2, "50->49": 3, "55->57": 1, "57->55": 12, "59->61": 1, "61->59": 12, "63->65": 1, "65->63": 12, "67->69": 1, "69->67": 12, "71->75": 1, "75->71": 12, "72->73": 1, "73->72": 12, "77->79": 1, "79->77": 12, "82->84": 1, "84->82": 12, "84->89": 1, "89->84": 12, "89->94": 1, "94->89": 12, "94->99": 1, "99->94": 12, "99->101": 1, "101->99": 12, "101->103": 1, "103->101": 12, "85->86": 1, "86->85": 12, "86->88": 1, "88->86": 12, "90->91": 1, "91->90": 12, "91->93": 1, "93->91": 12, "95->96": 1, "96->95": 12, "96->98": 1, "98->96": 12, "104->105": 1, "105->104": 12, "105->107": 1, "107->105": 12, "2->3": 2, "3->2": 3, "3->6": 2, "6->3": 3, "7->9": 2, "9->7": 3, "9->10": 2, "10->9": 3, "10->13": 2, "13->10": 3, "13->14": 2, "14->13": 3, "14->17": 2, "17->14": 3, "17->18": 2, "18->17": 3, "18->21": 2, "21->18": 3, "21->22": 2, "22->21": 3, "22->25": 2, "25->22": 3, "25->26": 2, "26->25": 3, "26->29": 2, "29->26": 3, "29->30": 2, "30->29": 3, "30->34": 2, "34->30": 3, "34->36": 2, "36->34": 3, "36->38": 2, "38->36": 3, "38->40": 2, "40->38": 3, "40->42": 2, "42->40": 3, "43->45": 2, "45->43": 3, "45->46": 2, "46->45": 3, "46->49": 2, "49->46": 3, "50->52": 2, "52->50": 3, "52->53": 2, "53->52": 3, "53->56": 2, "56->53": 3, "56->57": 2, "57->56": 3, "57->60": 2, "60->57": 3, "60->61": 2, "61->60": 3, "61->64": 2, "64->61": 3, "64->65": 2, "65->64": 3, "65->68": 2, "68->65": 3, "68->69": 2, "69->68": 3, "69->72": 2, "72->69": 3, "72->74": 2, "74->72": 3, "74->75": 2, "75->74": 3, "75->78": 2, "78->75": 3, "78->79": 2, "79->78": 3, "79->83": 2, "83->79": 3, "83->85": 2, "85->83": 3, "85->87": 2, "87->85": 3, "87->88": 2, "88->87": 3, "88->90": 2, "90->88": 3, "90->92": 2, "92->90": 3, "92->93": 2, "93->92": 3, "93->95": 2, "95->93": 3, "95->97": 2, "97->95": 3, "97->98": 2, "98->97": 3, "98->100": 2, "100->98": 3, "100->102": 2, "102->100": 3, "102->104": 2, "104->102": 3, "104->106": 2, "106->104": 3, "106->107": 2, "107->106": 3, "34->87": 4, "87->34": 5, "36->92": 4, "92->36": 5, "38->97": 4, "97->38": 5, "40->100": 4, "100->40": 5, "45->106": 4, "106->45": 5}, "metrics": [0.0, 0.0, 2.0, 2.0, 8.0, 2.0, 0.0, 0.0, -1.0, 0.0, 2.0]}