{"nodelist": ["ClassDeclaration", "{'public', 'static'}", "public", "static", "Annotation", "SuppressWarnings", "Literal", "\"serial\"", "CallQueueTooBigException", "ConstructorDeclaration", "CallQueueTooBigException", "StatementExpression", "SuperConstructorInvocation", "ReferenceType", "IOException"], "nodes": {"0": "ClassDeclaration", "1": "Modifier", "2": "public", "3": "static", "4": "Annotation", "5": "SuppressWarnings", "6": "Literal", "7": "\"serial\"", "8": "CallQueueTooBigException", "9": "ConstructorDeclaration", "10": "CallQueueTooBigException", "11": "StatementExpression", "12": "SuperConstructorInvocation", "13": "ReferenceType", "14": "IOException"}, "edges": {"0->1": 0, "1->0": 0, "1->2": 0, "2->1": 0, "1->3": 0, "3->1": 0, "0->4": 0, "4->0": 0, "4->5": 0, "5->4": 0, "4->6": 0, "6->4": 0, "6->7": 0, "7->6": 0, "0->8": 0, "8->0": 0, "0->9": 0, "9->0": 0, "9->10": 0, "10->9": 0, "9->11": 0, "11->9": 0, "11->12": 0, "12->11": 0, "0->13": 0, "13->0": 0, "13->14": 0, "14->13": 0, "1->4": 1, "4->1": 12, "4->8": 1, "8->4": 12, "8->9": 1, "9->8": 12, "9->13": 1, "13->9": 12, "2->3": 2, "3->2": 3, "5->6": 1, "6->5": 12, "10->11": 1, "11->10": 12, "3->5": 2, "5->3": 3, "5->7": 2, "7->5": 3, "7->8": 2, "8->7": 3, "8->10": 2, "10->8": 3, "10->12": 2, "12->10": 3, "12->14": 2, "14->12": 3}, "metrics": [0.0, 0.0, 1.0, 0.0, 5.0, 1.0, 0.0, 0.0, -1.0, 0.0, 0.0]}