{"nodelist": ["ClassDeclaration", "{'public', 'static'}", "public", "static", "getVer_call", "FieldDeclaration", "{'private'}", "private", "ReferenceType", "ByteBuffer", "VariableDeclarator", "tableName", "FieldDeclaration", "{'private'}", "private", "ReferenceType", "ByteBuffer", "VariableDeclarator", "row", "FieldDeclaration", "{'private'}", "private", "ReferenceType", "ByteBuffer", "VariableDeclarator", "column", "FieldDeclaration", "{'private'}", "private", "BasicType", "int", "VariableDeclarator", "numVersions", "FieldDeclaration", "{'private'}", "private", "ReferenceType", "Map", "TypeArgument", "ReferenceType", "ByteBuffer", "TypeArgument", "ReferenceType", "ByteBuffer", "VariableDeclarator", "attributes", "ConstructorDeclaration", "{'public'}", "public", "getVer_call", "FormalParameter", "ReferenceType", "ByteBuffer", "tableName", "FormalParameter", "ReferenceType", "ByteBuffer", "row", "FormalParameter", "ReferenceType", "ByteBuffer", "column", "FormalParameter", "BasicType", "int", "numVersions", "FormalParameter", "ReferenceType", "Map", "TypeArgument", "ReferenceType", "ByteBuffer", "TypeArgument", "ReferenceType", "ByteBuffer", "attributes", "FormalParameter", "ReferenceType", "org", "ReferenceType", "apache", "ReferenceType", "thrift", "ReferenceType", "async", "ReferenceType", "AsyncMethodCallback", "TypeArgument", "ReferenceType", "getVer_call", "resultHandler", "FormalParameter", "ReferenceType", "org", "ReferenceType", "apache", "ReferenceType", "thrift", "ReferenceType", "async", "ReferenceType", "TAsyncClient", "client", "FormalParameter", "ReferenceType", "org", "ReferenceType", "apache", "ReferenceType", "thrift", "ReferenceType", "protocol", "ReferenceType", "TProtocolFactory", "protocolFactory", "FormalParameter", "ReferenceType", "org", "ReferenceType", "apache", "ReferenceType", "thrift", "ReferenceType", "transport", "ReferenceType", "TNonblockingTransport", "transport", "org.apache.thrift.TException", "StatementExpression", "SuperConstructorInvocation", "MemberReference", "client", "MemberReference", "protocolFactory", "MemberReference", "transport", "MemberReference", "resultHandler", "Literal", "false", "StatementExpression", "Assignment", "This", "MemberReference", "tableName", "MemberReference", "tableName", "=", "StatementExpression", "Assignment", "This", "MemberReference", "row", "MemberReference", "row", "=", "StatementExpression", "Assignment", "This", "MemberReference", "column", "MemberReference", "column", "=", "StatementExpression", "Assignment", "This", "MemberReference", "numVersions", "MemberReference", "numVersions", "=", "StatementExpression", "Assignment", "This", "MemberReference", "attributes", "MemberReference", "attributes", "=", "MethodDeclaration", "{'public'}", "public", "write_args", "FormalParameter", "ReferenceType", "org", "ReferenceType", "apache", "ReferenceType", "thrift", "ReferenceType", "protocol", "ReferenceType", "TProtocol", "prot", "org.apache.thrift.TException", "StatementExpression", "MethodInvocation", "prot", "ClassCreator", "ReferenceType", "org", "ReferenceType", "apache", "ReferenceType", "thrift", "ReferenceType", "protocol", "ReferenceType", "TMessage", "Literal", "\"getVer\"", "MemberReference", "org.apache.thrift.protocol.TMessageType", "CALL", "Literal", "0", "writeMessageBegin", "LocalVariableDeclaration", "ReferenceType", "getVer_args", "VariableDeclarator", "args", "ClassCreator", "ReferenceType", "getVer_args", "StatementExpression", "MethodInvocation", "args", "MemberReference", "tableName", "setTableName", "StatementExpression", "MethodInvocation", "args", "MemberReference", "row", "setRow", "StatementExpression", "MethodInvocation", "args", "MemberReference", "column", "setColumn", "StatementExpression", "MethodInvocation", "args", "MemberReference", "numVersions", "setNumVersions", "StatementExpression", "MethodInvocation", "args", "MemberReference", "attributes", "setAttributes", "StatementExpression", "MethodInvocation", "args", "MemberReference", "prot", "write", "StatementExpression", "MethodInvocation", "prot", "writeMessageEnd", "MethodDeclaration", "{'public'}", "public", "ReferenceType", "List", "TypeArgument", "ReferenceType", "TCell", "getResult", "IOError", "org.apache.thrift.TException", "IfStatement", "BinaryOperation", "!=", "MethodInvocation", "getState", "MemberReference", "org.apache.thrift.async.TAsyncMethodCall.State", "RESPONSE_READ", "BlockStatement", "ThrowStatement", "ClassCreator", "ReferenceType", "IllegalStateException", "Literal", "\"Method call not finished!\"", "LocalVariableDeclaration", "ReferenceType", "org", "ReferenceType", "apache", "ReferenceType", "thrift", "ReferenceType", "transport", "ReferenceType", "TMemoryInputTransport", "VariableDeclarator", "memoryTransport", "ClassCreator", "ReferenceType", "org", "ReferenceType", "apache", "ReferenceType", "thrift", "ReferenceType", "transport", "ReferenceType", "TMemoryInputTransport", "MethodInvocation", "MethodInvocation", "array", "getFrameBuffer", "LocalVariableDeclaration", "ReferenceType", "org", "ReferenceType", "apache", "ReferenceType", "thrift", "ReferenceType", "protocol", "ReferenceType", "TProtocol", "VariableDeclarator", "prot", "MethodInvocation", "client", "MethodInvocation", "MemberReference", "memoryTransport", "getProtocol", "getProtocolFactory", "ReturnStatement", "ClassCreator", "MethodInvocation", "recv_getVer", "ReferenceType", "Client", "MemberReference", "prot", "ReferenceType", "org", "ReferenceType", "apache", "ReferenceType", "thrift", "ReferenceType", "async", "ReferenceType", "TAsyncMethodCall"], "nodes": {"0": "ClassDeclaration", "1": "Modifier", "2": "public", "3": "static", "4": "getVer_call", "5": "FieldDeclaration", "6": "Modifier", "7": "private", "8": "ReferenceType", "9": "ByteBuffer", "10": "VariableDeclarator", "11": "tableName", "12": "FieldDeclaration", "13": "Modifier", "14": "private", "15": "ReferenceType", "16": "ByteBuffer", "17": "VariableDeclarator", "18": "row", "19": "FieldDeclaration", "20": "Modifier", "21": "private", "22": "ReferenceType", "23": "ByteBuffer", "24": "VariableDeclarator", "25": "column", "26": "FieldDeclaration", "27": "Modifier", "28": "private", "29": "BasicType", "30": "int", "31": "VariableDeclarator", "32": "numVersions", "33": "FieldDeclaration", "34": "Modifier", "35": "private", "36": "ReferenceType", "37": "Map", "38": "TypeArgument", "39": "ReferenceType", "40": "ByteBuffer", "41": "TypeArgument", "42": "ReferenceType", "43": "ByteBuffer", "44": "VariableDeclarator", "45": "attributes", "46": "ConstructorDeclaration", "47": "Modifier", "48": "public", "49": "getVer_call", "50": "FormalParameter", "51": "ReferenceType", "52": "ByteBuffer", "53": "tableName", "54": "FormalParameter", "55": "ReferenceType", "56": "ByteBuffer", "57": "row", "58": "FormalParameter", "59": "ReferenceType", "60": "ByteBuffer", "61": "column", "62": "FormalParameter", "63": "BasicType", "64": "int", "65": "numVersions", "66": "FormalParameter", "67": "ReferenceType", "68": "Map", "69": "TypeArgument", "70": "ReferenceType", "71": "ByteBuffer", "72": "TypeArgument", "73": "ReferenceType", "74": "ByteBuffer", "75": "attributes", "76": "FormalParameter", "77": "ReferenceType", "78": "org", "79": "ReferenceType", "80": "apache", "81": "ReferenceType", "82": "thrift", "83": "ReferenceType", "84": "async", "85": "ReferenceType", "86": "AsyncMethodCallback", "87": "TypeArgument", "88": "ReferenceType", "89": "getVer_call", "90": "resultHandler", "91": "FormalParameter", "92": "ReferenceType", "93": "org", "94": "ReferenceType", "95": "apache", "96": "ReferenceType", "97": "thrift", "98": "ReferenceType", "99": "async", "100": "ReferenceType", "101": "TAsyncClient", "102": "client", "103": "FormalParameter", "104": "ReferenceType", "105": "org", "106": "ReferenceType", "107": "apache", "108": "ReferenceType", "109": "thrift", "110": "ReferenceType", "111": "protocol", "112": "ReferenceType", "113": "TProtocolFactory", "114": "protocolFactory", "115": "FormalParameter", "116": "ReferenceType", "117": "org", "118": "ReferenceType", "119": "apache", "120": "ReferenceType", "121": "thrift", "122": "ReferenceType", "123": "transport", "124": "ReferenceType", "125": "TNonblockingTransport", "126": "transport", "127": "org.apache.thrift.TException", "128": "StatementExpression", "129": "SuperConstructorInvocation", "130": "MemberReference", "131": "client", "132": "MemberReference", "133": "protocolFactory", "134": "MemberReference", "135": "transport", "136": "MemberReference", "137": "resultHandler", "138": "Literal", "139": "false", "140": "StatementExpression", "141": "Assignment", "142": "This", "143": "MemberReference", "144": "tableName", "145": "MemberReference", "146": "tableName", "147": "=", "148": "StatementExpression", "149": "Assignment", "150": "This", "151": "MemberReference", "152": "row", "153": "MemberReference", "154": "row", "155": "=", "156": "StatementExpression", "157": "Assignment", "158": "This", "159": "MemberReference", "160": "column", "161": "MemberReference", "162": "column", "163": "=", "164": "StatementExpression", "165": "Assignment", "166": "This", "167": "MemberReference", "168": "numVersions", "169": "MemberReference", "170": "numVersions", "171": "=", "172": "StatementExpression", "173": "Assignment", "174": "This", "175": "MemberReference", "176": "attributes", "177": "MemberReference", "178": "attributes", "179": "=", "180": "MethodDeclaration", "181": "Modifier", "182": "public", "183": "write_args", "184": "FormalParameter", "185": "ReferenceType", "186": "org", "187": "ReferenceType", "188": "apache", "189": "ReferenceType", "190": "thrift", "191": "ReferenceType", "192": "protocol", "193": "ReferenceType", "194": "TProtocol", "195": "prot", "196": "org.apache.thrift.TException", "197": "StatementExpression", "198": "MethodInvocation", "199": "prot", "200": "ClassCreator", "201": "ReferenceType", "202": "org", "203": "ReferenceType", "204": "apache", "205": "ReferenceType", "206": "thrift", "207": "ReferenceType", "208": "protocol", "209": "ReferenceType", "210": "TMessage", "211": "Literal", "212": "\"getVer\"", "213": "MemberReference", "214": "org.apache.thrift.protocol.TMessageType", "215": "CALL", "216": "Literal", "217": "0", "218": "writeMessageBegin", "219": "LocalVariableDeclaration", "220": "ReferenceType", "221": "getVer_args", "222": "VariableDeclarator", "223": "args", "224": "ClassCreator", "225": "ReferenceType", "226": "getVer_args", "227": "StatementExpression", "228": "MethodInvocation", "229": "args", "230": "MemberReference", "231": "tableName", "232": "setTableName", "233": "StatementExpression", "234": "MethodInvocation", "235": "args", "236": "MemberReference", "237": "row", "238": "setRow", "239": "StatementExpression", "240": "MethodInvocation", "241": "args", "242": "MemberReference", "243": "column", "244": "setColumn", "245": "StatementExpression", "246": "MethodInvocation", "247": "args", "248": "MemberReference", "249": "numVersions", "250": "setNumVersions", "251": "StatementExpression", "252": "MethodInvocation", "253": "args", "254": "MemberReference", "255": "attributes", "256": "setAttributes", "257": "StatementExpression", "258": "MethodInvocation", "259": "args", "260": "MemberReference", "261": "prot", "262": "write", "263": "StatementExpression", "264": "MethodInvocation", "265": "prot", "266": "writeMessageEnd", "267": "MethodDeclaration", "268": "Modifier", "269": "public", "270": "ReferenceType", "271": "List", "272": "TypeArgument", "273": "ReferenceType", "274": "TCell", "275": "getResult", "276": "IOError", "277": "org.apache.thrift.TException", "278": "IfStatement", "279": "BinaryOperation", "280": "!=", "281": "MethodInvocation", "282": "getState", "283": "MemberReference", "284": "org.apache.thrift.async.TAsyncMethodCall.State", "285": "RESPONSE_READ", "286": "BlockStatement", "287": "ThrowStatement", "288": "ClassCreator", "289": "ReferenceType", "290": "IllegalStateException", "291": "Literal", "292": "\"Method call not finished!\"", "293": "LocalVariableDeclaration", "294": "ReferenceType", "295": "org", "296": "ReferenceType", "297": "apache", "298": "ReferenceType", "299": "thrift", "300": "ReferenceType", "301": "transport", "302": "ReferenceType", "303": "TMemoryInputTransport", "304": "VariableDeclarator", "305": "memoryTransport", "306": "ClassCreator", "307": "ReferenceType", "308": "org", "309": "ReferenceType", "310": "apache", "311": "ReferenceType", "312": "thrift", "313": "ReferenceType", "314": "transport", "315": "ReferenceType", "316": "TMemoryInputTransport", "317": "MethodInvocation", "318": "MethodInvocation", "319": "array", "320": "getFrameBuffer", "321": "LocalVariableDeclaration", "322": "ReferenceType", "323": "org", "324": "ReferenceType", "325": "apache", "326": "ReferenceType", "327": "thrift", "328": "ReferenceType", "329": "protocol", "330": "ReferenceType", "331": "TProtocol", "332": "VariableDeclarator", "333": "prot", "334": "MethodInvocation", "335": "client", "336": "MethodInvocation", "337": "MemberReference", "338": "memoryTransport", "339": "getProtocol", "340": "getProtocolFactory", "341": "ReturnStatement", "342": "ClassCreator", "343": "MethodInvocation", "344": "recv_getVer", "345": "ReferenceType", "346": "Client", "347": "MemberReference", "348": "prot", "349": "ReferenceType", "350": "org", "351": "ReferenceType", "352": "apache", "353": "ReferenceType", "354": "thrift", "355": "ReferenceType", "356": "async", "357": "ReferenceType", "358": "TAsyncMethodCall"}, "edges": {"0->1": 0, "1->0": 0, "1->2": 0, "2->1": 0, "1->3": 0, "3->1": 0, "0->4": 0, "4->0": 0, "0->5": 0, "5->0": 0, "5->6": 0, "6->5": 0, "6->7": 0, "7->6": 0, "5->8": 0, "8->5": 0, "8->9": 0, "9->8": 0, "5->10": 0, "10->5": 0, "10->11": 0, "11->10": 0, "0->12": 0, "12->0": 0, "12->13": 0, "13->12": 0, "13->14": 0, "14->13": 0, "12->15": 0, "15->12": 0, "15->16": 0, "16->15": 0, "12->17": 0, "17->12": 0, "17->18": 0, "18->17": 0, "0->19": 0, "19->0": 0, "19->20": 0, "20->19": 0, "20->21": 0, "21->20": 0, "19->22": 0, "22->19": 0, "22->23": 0, "23->22": 0, "19->24": 0, "24->19": 0, "24->25": 0, "25->24": 0, "0->26": 0, "26->0": 0, "26->27": 0, "27->26": 0, "27->28": 0, "28->27": 0, "26->29": 0, "29->26": 0, "29->30": 0, "30->29": 0, "26->31": 0, "31->26": 0, "31->32": 0, "32->31": 0, "0->33": 0, "33->0": 0, "33->34": 0, "34->33": 0, "34->35": 0, "35->34": 0, "33->36": 0, "36->33": 0, "36->37": 0, "37->36": 0, "36->38": 0, "38->36": 0, "38->39": 0, "39->38": 0, "39->40": 0, "40->39": 0, "36->41": 0, "41->36": 0, "41->42": 0, "42->41": 0, "42->43": 0, "43->42": 0, "33->44": 0, "44->33": 0, "44->45": 0, "45->44": 0, "0->46": 0, "46->0": 0, "46->47": 0, "47->46": 0, "47->48": 0, "48->47": 0, "46->49": 0, "49->46": 0, "46->50": 0, "50->46": 0, "50->51": 0, "51->50": 0, "51->52": 0, "52->51": 0, "50->53": 0, "53->50": 0, "46->54": 0, "54->46": 0, "54->55": 0, "55->54": 0, "55->56": 0, "56->55": 0, "54->57": 0, "57->54": 0, "46->58": 0, "58->46": 0, "58->59": 0, "59->58": 0, "59->60": 0, "60->59": 0, "58->61": 0, "61->58": 0, "46->62": 0, "62->46": 0, "62->63": 0, "63->62": 0, "63->64": 0, "64->63": 0, "62->65": 0, "65->62": 0, "46->66": 0, "66->46": 0, "66->67": 0, "67->66": 0, "67->68": 0, "68->67": 0, "67->69": 0, "69->67": 0, "69->70": 0, "70->69": 0, "70->71": 0, "71->70": 0, "67->72": 0, "72->67": 0, "72->73": 0, "73->72": 0, "73->74": 0, "74->73": 0, "66->75": 0, "75->66": 0, "46->76": 0, "76->46": 0, "76->77": 0, "77->76": 0, "77->78": 0, "78->77": 0, "77->79": 0, "79->77": 0, "79->80": 0, "80->79": 0, "79->81": 0, "81->79": 0, "81->82": 0, "82->81": 0, "81->83": 0, "83->81": 0, "83->84": 0, "84->83": 0, "83->85": 0, "85->83": 0, "85->86": 0, "86->85": 0, "85->87": 0, "87->85": 0, "87->88": 0, "88->87": 0, "88->89": 0, "89->88": 0, "76->90": 0, "90->76": 0, "46->91": 0, "91->46": 0, "91->92": 0, "92->91": 0, "92->93": 0, "93->92": 0, "92->94": 0, "94->92": 0, "94->95": 0, "95->94": 0, "94->96": 0, "96->94": 0, "96->97": 0, "97->96": 0, "96->98": 0, "98->96": 0, "98->99": 0, "99->98": 0, "98->100": 0, "100->98": 0, "100->101": 0, "101->100": 0, "91->102": 0, "102->91": 0, "46->103": 0, "103->46": 0, "103->104": 0, "104->103": 0, "104->105": 0, "105->104": 0, "104->106": 0, "106->104": 0, "106->107": 0, "107->106": 0, "106->108": 0, "108->106": 0, "108->109": 0, "109->108": 0, "108->110": 0, "110->108": 0, "110->111": 0, "111->110": 0, "110->112": 0, "112->110": 0, "112->113": 0, "113->112": 0, "103->114": 0, "114->103": 0, "46->115": 0, "115->46": 0, "115->116": 0, "116->115": 0, "116->117": 0, "117->116": 0, "116->118": 0, "118->116": 0, "118->119": 0, "119->118": 0, "118->120": 0, "120->118": 0, "120->121": 0, "121->120": 0, "120->122": 0, "122->120": 0, "122->123": 0, "123->122": 0, "122->124": 0, "124->122": 0, "124->125": 0, "125->124": 0, "115->126": 0, "126->115": 0, "46->127": 0, "127->46": 0, "46->128": 0, "128->46": 0, "128->129": 0, "129->128": 0, "129->130": 0, "130->129": 0, "130->131": 0, "131->130": 0, "129->132": 0, "132->129": 0, "132->133": 0, "133->132": 0, "129->134": 0, "134->129": 0, "134->135": 0, "135->134": 0, "129->136": 0, "136->129": 0, "136->137": 0, "137->136": 0, "129->138": 0, "138->129": 0, "138->139": 0, "139->138": 0, "46->140": 0, "140->46": 0, "140->141": 0, "141->140": 0, "141->142": 0, "142->141": 0, "142->143": 0, "143->142": 0, "143->144": 0, "144->143": 0, "141->145": 0, "145->141": 0, "145->146": 0, "146->145": 0, "141->147": 0, "147->141": 0, "46->148": 0, "148->46": 0, "148->149": 0, "149->148": 0, "149->150": 0, "150->149": 0, "150->151": 0, "151->150": 0, "151->152": 0, "152->151": 0, "149->153": 0, "153->149": 0, "153->154": 0, "154->153": 0, "149->155": 0, "155->149": 0, "46->156": 0, "156->46": 0, "156->157": 0, "157->156": 0, "157->158": 0, "158->157": 0, "158->159": 0, "159->158": 0, "159->160": 0, "160->159": 0, "157->161": 0, "161->157": 0, "161->162": 0, "162->161": 0, "157->163": 0, "163->157": 0, "46->164": 0, "164->46": 0, "164->165": 0, "165->164": 0, "165->166": 0, "166->165": 0, "166->167": 0, "167->166": 0, "167->168": 0, "168->167": 0, "165->169": 0, "169->165": 0, "169->170": 0, "170->169": 0, "165->171": 0, "171->165": 0, "46->172": 0, "172->46": 0, "172->173": 0, "173->172": 0, "173->174": 0, "174->173": 0, "174->175": 0, "175->174": 0, "175->176": 0, "176->175": 0, "173->177": 0, "177->173": 0, "177->178": 0, "178->177": 0, "173->179": 0, "179->173": 0, "0->180": 0, "180->0": 0, "180->181": 0, "181->180": 0, "181->182": 0, "182->181": 0, "180->183": 0, "183->180": 0, "180->184": 0, "184->180": 0, "184->185": 0, "185->184": 0, "185->186": 0, "186->185": 0, "185->187": 0, "187->185": 0, "187->188": 0, "188->187": 0, "187->189": 0, "189->187": 0, "189->190": 0, "190->189": 0, "189->191": 0, "191->189": 0, "191->192": 0, "192->191": 0, "191->193": 0, "193->191": 0, "193->194": 0, "194->193": 0, "184->195": 0, "195->184": 0, "180->196": 0, "196->180": 0, "180->197": 0, "197->180": 0, "197->198": 0, "198->197": 0, "198->199": 0, "199->198": 0, "198->200": 0, "200->198": 0, "200->201": 0, "201->200": 0, "201->202": 0, "202->201": 0, "201->203": 0, "203->201": 0, "203->204": 0, "204->203": 0, "203->205": 0, "205->203": 0, "205->206": 0, "206->205": 0, "205->207": 0, "207->205": 0, "207->208": 0, "208->207": 0, "207->209": 0, "209->207": 0, "209->210": 0, "210->209": 0, "200->211": 0, "211->200": 0, "211->212": 0, "212->211": 0, "200->213": 0, "213->200": 0, "213->214": 0, "214->213": 0, "213->215": 0, "215->213": 0, "200->216": 0, "216->200": 0, "216->217": 0, "217->216": 0, "198->218": 0, "218->198": 0, "180->219": 0, "219->180": 0, "219->220": 0, "220->219": 0, "220->221": 0, "221->220": 0, "219->222": 0, "222->219": 0, "222->223": 0, "223->222": 0, "222->224": 0, "224->222": 0, "224->225": 0, "225->224": 0, "225->226": 0, "226->225": 0, "180->227": 0, "227->180": 0, "227->228": 0, "228->227": 0, "228->229": 0, "229->228": 0, "228->230": 0, "230->228": 0, "230->231": 0, "231->230": 0, "228->232": 0, "232->228": 0, "180->233": 0, "233->180": 0, "233->234": 0, "234->233": 0, "234->235": 0, "235->234": 0, "234->236": 0, "236->234": 0, "236->237": 0, "237->236": 0, "234->238": 0, "238->234": 0, "180->239": 0, "239->180": 0, "239->240": 0, "240->239": 0, "240->241": 0, "241->240": 0, "240->242": 0, "242->240": 0, "242->243": 0, "243->242": 0, "240->244": 0, "244->240": 0, "180->245": 0, "245->180": 0, "245->246": 0, "246->245": 0, "246->247": 0, "247->246": 0, "246->248": 0, "248->246": 0, "248->249": 0, "249->248": 0, "246->250": 0, "250->246": 0, "180->251": 0, "251->180": 0, "251->252": 0, "252->251": 0, "252->253": 0, "253->252": 0, "252->254": 0, "254->252": 0, "254->255": 0, "255->254": 0, "252->256": 0, "256->252": 0, "180->257": 0, "257->180": 0, "257->258": 0, "258->257": 0, "258->259": 0, "259->258": 0, "258->260": 0, "260->258": 0, "260->261": 0, "261->260": 0, "258->262": 0, "262->258": 0, "180->263": 0, "263->180": 0, "263->264": 0, "264->263": 0, "264->265": 0, "265->264": 0, "264->266": 0, "266->264": 0, "0->267": 0, "267->0": 0, "267->268": 0, "268->267": 0, "268->269": 0, "269->268": 0, "267->270": 0, "270->267": 0, "270->271": 0, "271->270": 0, "270->272": 0, "272->270": 0, "272->273": 0, "273->272": 0, "273->274": 0, "274->273": 0, "267->275": 0, "275->267": 0, "267->276": 0, "276->267": 0, "267->277": 0, "277->267": 0, "267->278": 0, "278->267": 0, "278->279": 0, "279->278": 0, "279->280": 0, "280->279": 0, "279->281": 0, "281->279": 0, "281->282": 0, "282->281": 0, "279->283": 0, "283->279": 0, "283->284": 0, "284->283": 0, "283->285": 0, "285->283": 0, "278->286": 0, "286->278": 0, "286->287": 0, "287->286": 0, "287->288": 0, "288->287": 0, "288->289": 0, "289->288": 0, "289->290": 0, "290->289": 0, "288->291": 0, "291->288": 0, "291->292": 0, "292->291": 0, "267->293": 0, "293->267": 0, "293->294": 0, "294->293": 0, "294->295": 0, "295->294": 0, "294->296": 0, "296->294": 0, "296->297": 0, "297->296": 0, "296->298": 0, "298->296": 0, "298->299": 0, "299->298": 0, "298->300": 0, "300->298": 0, "300->301": 0, "301->300": 0, "300->302": 0, "302->300": 0, "302->303": 0, "303->302": 0, "293->304": 0, "304->293": 0, "304->305": 0, "305->304": 0, "304->306": 0, "306->304": 0, "306->307": 0, "307->306": 0, "307->308": 0, "308->307": 0, "307->309": 0, "309->307": 0, "309->310": 0, "310->309": 0, "309->311": 0, "311->309": 0, "311->312": 0, "312->311": 0, "311->313": 0, "313->311": 0, "313->314": 0, "314->313": 0, "313->315": 0, "315->313": 0, "315->316": 0, "316->315": 0, "306->317": 0, "317->306": 0, "317->318": 0, "318->317": 0, "318->319": 0, "319->318": 0, "317->320": 0, "320->317": 0, "267->321": 0, "321->267": 0, "321->322": 0, "322->321": 0, "322->323": 0, "323->322": 0, "322->324": 0, "324->322": 0, "324->325": 0, "325->324": 0, "324->326": 0, "326->324": 0, "326->327": 0, "327->326": 0, "326->328": 0, "328->326": 0, "328->329": 0, "329->328": 0, "328->330": 0, "330->328": 0, "330->331": 0, "331->330": 0, "321->332": 0, "332->321": 0, "332->333": 0, "333->332": 0, "332->334": 0, "334->332": 0, "334->335": 0, "335->334": 0, "334->336": 0, "336->334": 0, "336->337": 0, "337->336": 0, "337->338": 0, "338->337": 0, "336->339": 0, "339->336": 0, "334->340": 0, "340->334": 0, "267->341": 0, "341->267": 0, "341->342": 0, "342->341": 0, "342->343": 0, "343->342": 0, "343->344": 0, "344->343": 0, "342->345": 0, "345->342": 0, "345->346": 0, "346->345": 0, "342->347": 0, "347->342": 0, "347->348": 0, "348->347": 0, "0->349": 0, "349->0": 0, "349->350": 0, "350->349": 0, "349->351": 0, "351->349": 0, "351->352": 0, "352->351": 0, "351->353": 0, "353->351": 0, "353->354": 0, "354->353": 0, "353->355": 0, "355->353": 0, "355->356": 0, "356->355": 0, "355->357": 0, "357->355": 0, "357->358": 0, "358->357": 0, "1->4": 1, "4->1": 12, "4->5": 1, "5->4": 12, "5->12": 1, "12->5": 12, "12->19": 1, "19->12": 12, "19->26": 1, "26->19": 12, "26->33": 1, "33->26": 12, "33->46": 1, "46->33": 12, "46->180": 1, "180->46": 12, "180->267": 1, "267->180": 12, "267->349": 1, "349->267": 12, "2->3": 2, "3->2": 3, "6->8": 1, "8->6": 12, "8->10": 1, "10->8": 12, "13->15": 1, "15->13": 12, "15->17": 1, "17->15": 12, "20->22": 1, "22->20": 12, "22->24": 1, "24->22": 12, "27->29": 1, "29->27": 12, "29->31": 1, "31->29": 12, "34->36": 1, "36->34": 12, "36->44": 1, "44->36": 12, "37->38": 1, "38->37": 12, "38->41": 1, "41->38": 12, "47->49": 1, "49->47": 12, "49->50": 1, "50->49": 12, "50->54": 1, "54->50": 12, "54->58": 1, "58->54": 12, "58->62": 1, "62->58": 12, "62->66": 1, "66->62": 12, "66->76": 1, "76->66": 12, "76->91": 1, "91->76": 12, "91->103": 1, "103->91": 12, "103->115": 1, "115->103": 12, "115->127": 1, "127->115": 12, "127->128": 1, "128->127": 12, "128->140": 1, "140->128": 12, "140->148": 1, "148->140": 12, "148->156": 1, "156->148": 12, "156->164": 1, "164->156": 12, "164->172": 1, "172->164": 12, "51->53": 1, "53->51": 12, "55->57": 1, "57->55": 12, "59->61": 1, "61->59": 12, "63->65": 1, "65->63": 12, "67->75": 1, "75->67": 12, "68->69": 1, "69->68": 12, "69->72": 1, "72->69": 12, "77->90": 1, "90->77": 12, "78->79": 1, "79->78": 12, "80->81": 1, "81->80": 12, "82->83": 1, "83->82": 12, "84->85": 1, "85->84": 12, "86->87": 1, "87->86": 12, "92->102": 1, "102->92": 12, "93->94": 1, "94->93": 12, "95->96": 1, "96->95": 12, "97->98": 1, "98->97": 12, "99->100": 1, "100->99": 12, "104->114": 1, "114->104": 12, "105->106": 1, "106->105": 12, "107->108": 1, "108->107": 12, "109->110": 1, "110->109": 12, "111->112": 1, "112->111": 12, "116->126": 1, "126->116": 12, "117->118": 1, "118->117": 12, "119->120": 1, "120->119": 12, "121->122": 1, "122->121": 12, "123->124": 1, "124->123": 12, "130->132": 1, "132->130": 12, "132->134": 1, "134->132": 12, "134->136": 1, "136->134": 12, "136->138": 1, "138->136": 12, "142->145": 1, "145->142": 12, "145->147": 1, "147->145": 12, "150->153": 1, "153->150": 12, "153->155": 1, "155->153": 12, "158->161": 1, "161->158": 12, "161->163": 1, "163->161": 12, "166->169": 1, "169->166": 12, "169->171": 1, "171->169": 12, "174->177": 1, "177->174": 12, "177->179": 1, "179->177": 12, "181->183": 1, "183->181": 12, "183->184": 1, "184->183": 12, "184->196": 1, "196->184": 12, "196->197": 1, "197->196": 12, "197->219": 1, "219->197": 12, "219->227": 1, "227->219": 12, "227->233": 1, "233->227": 12, "233->239": 1, "239->233": 12, "239->245": 1, "245->239": 12, "245->251": 1, "251->245": 12, "251->257": 1, "257->251": 12, "257->263": 1, "263->257": 12, "185->195": 1, "195->185": 12, "186->187": 1, "187->186": 12, "188->189": 1, "189->188": 12, "190->191": 1, "191->190": 12, "192->193": 1, "193->192": 12, "199->200": 1, "200->199": 12, "200->218": 1, "218->200": 12, "201->211": 1, "211->201": 12, "211->213": 1, "213->211": 12, "213->216": 1, "216->213": 12, "202->203": 1, "203->202": 12, "204->205": 1, "205->204": 12, "206->207": 1, "207->206": 12, "208->209": 1, "209->208": 12, "214->215": 2, "215->214": 3, "220->222": 1, "222->220": 12, "223->224": 1, "224->223": 12, "229->230": 1, "230->229": 12, "230->232": 1, "232->230": 12, "235->236": 1, "236->235": 12, "236->238": 1, "238->236": 12, "241->242": 1, "242->241": 12, "242->244": 1, "244->242": 12, "247->248": 1, "248->247": 12, "248->250": 1, "250->248": 12, "253->254": 1, "254->253": 12, "254->256": 1, "256->254": 12, "259->260": 1, "260->259": 12, "260->262": 1, "262->260": 12, "265->266": 2, "266->265": 3, "268->270": 1, "270->268": 12, "270->275": 1, "275->270": 12, "275->276": 2, "276->275": 3, "276->277": 2, "277->276": 3, "277->278": 1, "278->277": 12, "278->293": 1, "293->278": 12, "293->321": 1, "321->293": 12, "321->341": 1, "341->321": 12, "271->272": 1, "272->271": 12, "279->286": 6, "286->279": 6, "280->281": 1, "281->280": 12, "281->283": 1, "283->281": 12, "284->285": 2, "285->284": 3, "289->291": 1, "291->289": 12, "294->304": 1, "304->294": 12, "295->296": 1, "296->295": 12, "297->298": 1, "298->297": 12, "299->300": 1, "300->299": 12, "301->302": 1, "302->301": 12, "305->306": 1, "306->305": 12, "307->317": 1, "317->307": 12, "308->309": 1, "309->308": 12, "310->311": 1, "311->310": 12, "312->313": 1, "313->312": 12, "314->315": 1, "315->314": 12, "318->320": 1, "320->318": 12, "322->332": 1, "332->322": 12, "323->324": 1, "324->323": 12, "325->326": 1, "326->325": 12, "327->328": 1, "328->327": 12, "329->330": 1, "330->329": 12, "333->334": 1, "334->333": 12, "335->336": 1, "336->335": 12, "336->340": 1, "340->336": 12, "337->339": 1, "339->337": 12, "343->345": 1, "345->343": 12, "345->347": 1, "347->345": 12, "350->351": 1, "351->350": 12, "352->353": 1, "353->352": 12, "354->355": 1, "355->354": 12, "356->357": 1, "357->356": 12, "3->4": 2, "4->3": 3, "4->7": 2, "7->4": 3, "7->9": 2, "9->7": 3, "9->11": 2, "11->9": 3, "11->14": 2, "14->11": 3, "14->16": 2, "16->14": 3, "16->18": 2, "18->16": 3, "18->21": 2, "21->18": 3, "21->23": 2, "23->21": 3, "23->25": 2, "25->23": 3, "25->28": 2, "28->25": 3, "28->30": 2, "30->28": 3, "30->32": 2, "32->30": 3, "32->35": 2, "35->32": 3, "35->37": 2, "37->35": 3, "37->40": 2, "40->37": 3, "40->43": 2, "43->40": 3, "43->45": 2, "45->43": 3, "45->48": 2, "48->45": 3, "48->49": 2, "49->48": 3, "49->52": 2, "52->49": 3, "52->53": 2, "53->52": 3, "53->56": 2, "56->53": 3, "56->57": 2, "57->56": 3, "57->60": 2, "60->57": 3, "60->61": 2, "61->60": 3, "61->64": 2, "64->61": 3, "64->65": 2, "65->64": 3, "65->68": 2, "68->65": 3, "68->71": 2, "71->68": 3, "71->74": 2, "74->71": 3, "74->75": 2, "75->74": 3, "75->78": 2, "78->75": 3, "78->80": 2, "80->78": 3, "80->82": 2, "82->80": 3, "82->84": 2, "84->82": 3, "84->86": 2, "86->84": 3, "86->89": 2, "89->86": 3, "89->90": 2, "90->89": 3, "90->93": 2, "93->90": 3, "93->95": 2, "95->93": 3, "95->97": 2, "97->95": 3, "97->99": 2, "99->97": 3, "99->101": 2, "101->99": 3, "101->102": 2, "102->101": 3, "102->105": 2, "105->102": 3, "105->107": 2, "107->105": 3, "107->109": 2, "109->107": 3, "109->111": 2, "111->109": 3, "111->113": 2, "113->111": 3, "113->114": 2, "114->113": 3, "114->117": 2, "117->114": 3, "117->119": 2, "119->117": 3, "119->121": 2, "121->119": 3, "121->123": 2, "123->121": 3, "123->125": 2, "125->123": 3, "125->126": 2, "126->125": 3, "126->127": 2, "127->126": 3, "127->131": 2, "131->127": 3, "131->133": 2, "133->131": 3, "133->135": 2, "135->133": 3, "135->137": 2, "137->135": 3, "137->139": 2, "139->137": 3, "139->144": 2, "144->139": 3, "144->146": 4, "146->144": 5, "146->147": 2, "147->146": 3, "147->152": 2, "152->147": 3, "152->154": 4, "154->152": 5, "154->155": 2, "155->154": 3, "155->160": 2, "160->155": 3, "160->162": 4, "162->160": 5, "162->163": 2, "163->162": 3, "163->168": 2, "168->163": 3, "168->170": 4, "170->168": 5, "170->171": 2, "171->170": 3, "171->176": 2, "176->171": 3, "176->178": 4, "178->176": 5, "178->179": 2, "179->178": 3, "179->182": 2, "182->179": 3, "182->183": 2, "183->182": 3, "183->186": 2, "186->183": 3, "186->188": 2, "188->186": 3, "188->190": 2, "190->188": 3, "190->192": 2, "192->190": 3, "192->194": 2, "194->192": 3, "194->195": 2, "195->194": 3, "195->196": 2, "196->195": 3, "196->199": 2, "199->196": 3, "199->202": 2, "202->199": 3, "202->204": 2, "204->202": 3, "204->206": 2, "206->204": 3, "206->208": 2, "208->206": 3, "208->210": 2, "210->208": 3, "210->212": 2, "212->210": 3, "212->214": 2, "214->212": 3, "215->217": 2, "217->215": 3, "217->218": 2, "218->217": 3, "218->221": 2, "221->218": 3, "221->223": 2, "223->221": 3, "223->226": 2, "226->223": 3, "226->229": 2, "229->226": 3, "229->231": 2, "231->229": 3, "231->232": 2, "232->231": 3, "232->235": 2, "235->232": 3, "235->237": 2, "237->235": 3, "237->238": 2, "238->237": 3, "238->241": 2, "241->238": 3, "241->243": 2, "243->241": 3, "243->244": 2, "244->243": 3, "244->247": 2, "247->244": 3, "247->249": 2, "249->247": 3, "249->250": 2, "250->249": 3, "250->253": 2, "253->250": 3, "253->255": 2, "255->253": 3, "255->256": 2, "256->255": 3, "256->259": 2, "259->256": 3, "259->261": 2, "261->259": 3, "261->262": 2, "262->261": 3, "262->265": 2, "265->262": 3, "266->269": 2, "269->266": 3, "269->271": 2, "271->269": 3, "271->274": 2, "274->271": 3, "274->275": 2, "275->274": 3, "277->280": 2, "280->277": 3, "280->282": 2, "282->280": 3, "282->284": 2, "284->282": 3, "285->290": 2, "290->285": 3, "290->292": 2, "292->290": 3, "292->295": 2, "295->292": 3, "295->297": 2, "297->295": 3, "297->299": 2, "299->297": 3, "299->301": 2, "301->299": 3, "301->303": 2, "303->301": 3, "303->305": 2, "305->303": 3, "305->308": 2, "308->305": 3, "308->310": 2, "310->308": 3, "310->312": 2, "312->310": 3, "312->314": 2, "314->312": 3, "314->316": 2, "316->314": 3, "316->319": 2, "319->316": 3, "319->320": 2, "320->319": 3, "320->323": 2, "323->320": 3, "323->325": 2, "325->323": 3, "325->327": 2, "327->325": 3, "327->329": 2, "329->327": 3, "329->331": 2, "331->329": 3, "331->333": 2, "333->331": 3, "333->335": 2, "335->333": 3, "335->338": 2, "338->335": 3, "338->339": 2, "339->338": 3, "339->340": 2, "340->339": 3, "340->344": 2, "344->340": 3, "344->346": 2, "346->344": 3, "346->348": 2, "348->346": 3, "348->350": 2, "350->348": 3, "350->352": 2, "352->350": 3, "352->354": 2, "354->352": 3, "354->356": 2, "356->354": 3, "356->358": 2, "358->356": 3, "146->231": 4, "231->146": 5, "154->237": 4, "237->154": 5, "162->243": 4, "243->162": 5, "170->249": 4, "249->170": 5, "178->255": 4, "255->178": 5, "261->348": 4, "348->261": 5}, "metrics": [5.0, 0.0, 3.0, 3.0, 34.0, 4.0, 0.0, 0.0, 0.6666666666666666, 2.0, 1.0]}