{"nodelist": ["ClassDeclaration", "{'public', 'static'}", "public", "static", "DummyMaster", "FieldDeclaration", "{'volatile', 'private'}", "volatile", "private", "BasicType", "boolean", "VariableDeclarator", "stopped", "MethodDeclaration", "{'public'}", "public", "Annotation", "Override", "abort", "FormalParameter", "{'final'}", "final", "ReferenceType", "String", "msg", "FormalParameter", "{'final'}", "final", "ReferenceType", "Throwable", "t", "MethodDeclaration", "{'public'}", "public", "Annotation", "Override", "ReferenceType", "Configuration", "getConfiguration", "ReturnStatement", "Literal", "null", "MethodDeclaration", "{'public'}", "public", "Annotation", "Override", "ReferenceType", "ZooKeeperWatcher", "getZooKeeper", "ReturnStatement", "Literal", "null", "MethodDeclaration", "{'public'}", "public", "Annotation", "Override", "ReferenceType", "String", "getServerName", "ReturnStatement", "Literal", "null", "MethodDeclaration", "{'public'}", "public", "Annotation", "Override", "BasicType", "boolean", "isStopped", "ReturnStatement", "This", "MemberReference", "stopped", "MethodDeclaration", "{'public'}", "public", "Annotation", "Override", "stop", "FormalParameter", "ReferenceType", "String", "why", "StatementExpression", "Assignment", "This", "MemberReference", "stopped", "Literal", "true", "=", "MethodDeclaration", "{'public'}", "public", "Annotation", "Override", "ReferenceType", "CatalogTracker", "getCatalogTracker", "ReturnStatement", "Literal", "null", "ReferenceType", "Server"], "nodes": {"0": "ClassDeclaration", "1": "Modifier", "2": "public", "3": "static", "4": "DummyMaster", "5": "FieldDeclaration", "6": "Modifier", "7": "volatile", "8": "private", "9": "BasicType", "10": "boolean", "11": "VariableDeclarator", "12": "stopped", "13": "MethodDeclaration", "14": "Modifier", "15": "public", "16": "Annotation", "17": "Override", "18": "abort", "19": "FormalParameter", "20": "Modifier", "21": "final", "22": "ReferenceType", "23": "String", "24": "msg", "25": "FormalParameter", "26": "Modifier", "27": "final", "28": "ReferenceType", "29": "Throwable", "30": "t", "31": "MethodDeclaration", "32": "Modifier", "33": "public", "34": "Annotation", "35": "Override", "36": "ReferenceType", "37": "Configuration", "38": "getConfiguration", "39": "ReturnStatement", "40": "Literal", "41": "null", "42": "MethodDeclaration", "43": "Modifier", "44": "public", "45": "Annotation", "46": "Override", "47": "ReferenceType", "48": "ZooKeeperWatcher", "49": "getZooKeeper", "50": "ReturnStatement", "51": "Literal", "52": "null", "53": "MethodDeclaration", "54": "Modifier", "55": "public", "56": "Annotation", "57": "Override", "58": "ReferenceType", "59": "String", "60": "getServerName", "61": "ReturnStatement", "62": "Literal", "63": "null", "64": "MethodDeclaration", "65": "Modifier", "66": "public", "67": "Annotation", "68": "Override", "69": "BasicType", "70": "boolean", "71": "isStopped", "72": "ReturnStatement", "73": "This", "74": "MemberReference", "75": "stopped", "76": "MethodDeclaration", "77": "Modifier", "78": "public", "79": "Annotation", "80": "Override", "81": "stop", "82": "FormalParameter", "83": "ReferenceType", "84": "String", "85": "why", "86": "StatementExpression", "87": "Assignment", "88": "This", "89": "MemberReference", "90": "stopped", "91": "Literal", "92": "true", "93": "=", "94": "MethodDeclaration", "95": "Modifier", "96": "public", "97": "Annotation", "98": "Override", "99": "ReferenceType", "100": "CatalogTracker", "101": "getCatalogTracker", "102": "ReturnStatement", "103": "Literal", "104": "null", "105": "ReferenceType", "106": "Server"}, "edges": {"0->1": 0, "1->0": 0, "1->2": 0, "2->1": 0, "1->3": 0, "3->1": 0, "0->4": 0, "4->0": 0, "0->5": 0, "5->0": 0, "5->6": 0, "6->5": 0, "6->7": 0, "7->6": 0, "6->8": 0, "8->6": 0, "5->9": 0, "9->5": 0, "9->10": 0, "10->9": 0, "5->11": 0, "11->5": 0, "11->12": 0, "12->11": 0, "0->13": 0, "13->0": 0, "13->14": 0, "14->13": 0, "14->15": 0, "15->14": 0, "13->16": 0, "16->13": 0, "16->17": 0, "17->16": 0, "13->18": 0, "18->13": 0, "13->19": 0, "19->13": 0, "19->20": 0, "20->19": 0, "20->21": 0, "21->20": 0, "19->22": 0, "22->19": 0, "22->23": 0, "23->22": 0, "19->24": 0, "24->19": 0, "13->25": 0, "25->13": 0, "25->26": 0, "26->25": 0, "26->27": 0, "27->26": 0, "25->28": 0, "28->25": 0, "28->29": 0, "29->28": 0, "25->30": 0, "30->25": 0, "0->31": 0, "31->0": 0, "31->32": 0, "32->31": 0, "32->33": 0, "33->32": 0, "31->34": 0, "34->31": 0, "34->35": 0, "35->34": 0, "31->36": 0, "36->31": 0, "36->37": 0, "37->36": 0, "31->38": 0, "38->31": 0, "31->39": 0, "39->31": 0, "39->40": 0, "40->39": 0, "40->41": 0, "41->40": 0, "0->42": 0, "42->0": 0, "42->43": 0, "43->42": 0, "43->44": 0, "44->43": 0, "42->45": 0, "45->42": 0, "45->46": 0, "46->45": 0, "42->47": 0, "47->42": 0, "47->48": 0, "48->47": 0, "42->49": 0, "49->42": 0, "42->50": 0, "50->42": 0, "50->51": 0, "51->50": 0, "51->52": 0, "52->51": 0, "0->53": 0, "53->0": 0, "53->54": 0, "54->53": 0, "54->55": 0, "55->54": 0, "53->56": 0, "56->53": 0, "56->57": 0, "57->56": 0, "53->58": 0, "58->53": 0, "58->59": 0, "59->58": 0, "53->60": 0, "60->53": 0, "53->61": 0, "61->53": 0, "61->62": 0, "62->61": 0, "62->63": 0, "63->62": 0, "0->64": 0, "64->0": 0, "64->65": 0, "65->64": 0, "65->66": 0, "66->65": 0, "64->67": 0, "67->64": 0, "67->68": 0, "68->67": 0, "64->69": 0, "69->64": 0, "69->70": 0, "70->69": 0, "64->71": 0, "71->64": 0, "64->72": 0, "72->64": 0, "72->73": 0, "73->72": 0, "73->74": 0, "74->73": 0, "74->75": 0, "75->74": 0, "0->76": 0, "76->0": 0, "76->77": 0, "77->76": 0, "77->78": 0, "78->77": 0, "76->79": 0, "79->76": 0, "79->80": 0, "80->79": 0, "76->81": 0, "81->76": 0, "76->82": 0, "82->76": 0, "82->83": 0, "83->82": 0, "83->84": 0, "84->83": 0, "82->85": 0, "85->82": 0, "76->86": 0, "86->76": 0, "86->87": 0, "87->86": 0, "87->88": 0, "88->87": 0, "88->89": 0, "89->88": 0, "89->90": 0, "90->89": 0, "87->91": 0, "91->87": 0, "91->92": 0, "92->91": 0, "87->93": 0, "93->87": 0, "0->94": 0, "94->0": 0, "94->95": 0, "95->94": 0, "95->96": 0, "96->95": 0, "94->97": 0, "97->94": 0, "97->98": 0, "98->97": 0, "94->99": 0, "99->94": 0, "99->100": 0, "100->99": 0, "94->101": 0, "101->94": 0, "94->102": 0, "102->94": 0, "102->103": 0, "103->102": 0, "103->104": 0, "104->103": 0, "0->105": 0, "105->0": 0, "105->106": 0, "106->105": 0, "1->4": 1, "4->1": 12, "4->5": 1, "5->4": 12, "5->13": 1, "13->5": 12, "13->31": 1, "31->13": 12, "31->42": 1, "42->31": 12, "42->53": 1, "53->42": 12, "53->64": 1, "64->53": 12, "64->76": 1, "76->64": 12, "76->94": 1, "94->76": 12, "94->105": 1, "105->94": 12, "2->3": 2, "3->2": 3, "6->9": 1, "9->6": 12, "9->11": 1, "11->9": 12, "7->8": 2, "8->7": 3, "14->16": 1, "16->14": 12, "16->18": 1, "18->16": 12, "18->19": 1, "19->18": 12, "19->25": 1, "25->19": 12, "20->22": 1, "22->20": 12, "22->24": 1, "24->22": 12, "26->28": 1, "28->26": 12, "28->30": 1, "30->28": 12, "32->34": 1, "34->32": 12, "34->36": 1, "36->34": 12, "36->38": 1, "38->36": 12, "38->39": 1, "39->38": 12, "43->45": 1, "45->43": 12, "45->47": 1, "47->45": 12, "47->49": 1, "49->47": 12, "49->50": 1, "50->49": 12, "54->56": 1, "56->54": 12, "56->58": 1, "58->56": 12, "58->60": 1, "60->58": 12, "60->61": 1, "61->60": 12, "65->67": 1, "67->65": 12, "67->69": 1, "69->67": 12, "69->71": 1, "71->69": 12, "71->72": 1, "72->71": 12, "77->79": 1, "79->77": 12, "79->81": 1, "81->79": 12, "81->82": 1, "82->81": 12, "82->86": 1, "86->82": 12, "83->85": 1, "85->83": 12, "88->91": 1, "91->88": 12, "91->93": 1, "93->91": 12, "95->97": 1, "97->95": 12, "97->99": 1, "99->97": 12, "99->101": 1, "101->99": 12, "101->102": 1, "102->101": 12, "3->4": 2, "4->3": 3, "4->7": 2, "7->4": 3, "8->10": 2, "10->8": 3, "10->12": 2, "12->10": 3, "12->15": 2, "15->12": 3, "15->17": 2, "17->15": 3, "17->18": 2, "18->17": 3, "18->21": 2, "21->18": 3, "21->23": 2, "23->21": 3, "23->24": 2, "24->23": 3, "24->27": 2, "27->24": 3, "27->29": 2, "29->27": 3, "29->30": 2, "30->29": 3, "30->33": 2, "33->30": 3, "33->35": 2, "35->33": 3, "35->37": 2, "37->35": 3, "37->38": 2, "38->37": 3, "38->41": 2, "41->38": 3, "41->44": 2, "44->41": 3, "44->46": 2, "46->44": 3, "46->48": 2, "48->46": 3, "48->49": 2, "49->48": 3, "49->52": 2, "52->49": 3, "52->55": 2, "55->52": 3, "55->57": 2, "57->55": 3, "57->59": 2, "59->57": 3, "59->60": 2, "60->59": 3, "60->63": 2, "63->60": 3, "63->66": 2, "66->63": 3, "66->68": 2, "68->66": 3, "68->70": 2, "70->68": 3, "70->71": 2, "71->70": 3, "71->75": 2, "75->71": 3, "75->78": 2, "78->75": 3, "78->80": 2, "80->78": 3, "80->81": 2, "81->80": 3, "81->84": 2, "84->81": 3, "84->85": 2, "85->84": 3, "85->90": 2, "90->85": 3, "90->92": 2, "92->90": 3, "92->93": 2, "93->92": 3, "93->96": 2, "96->93": 3, "96->98": 2, "98->96": 3, "98->100": 2, "100->98": 3, "100->101": 2, "101->100": 3, "101->104": 2, "104->101": 3, "104->106": 2, "106->104": 3, "75->90": 4, "90->75": 5}, "metrics": [1.0, 0.0, 7.0, 7.0, 26.0, 7.0, 0.0, 0.0, 0.8571428571428571, 1.0, 0.0]}