{"nodelist": ["ClassDeclaration", "{'public'}", "public", "Annotation", "InterfaceAudience.Public", "Annotation", "InterfaceStability.Stable", "NotServingRegionException", "FieldDeclaration", "{'final', 'private', 'static'}", "final", "private", "static", "BasicType", "long", "VariableDeclarator", "serialVersionUID", "BinaryOperation", "<<", "Literal", "1L", "BinaryOperation", "-", "Literal", "17", "Literal", "1L", "ConstructorDeclaration", "{'public'}", "public", "NotServingRegionException", "StatementExpression", "SuperConstructorInvocation", "ConstructorDeclaration", "{'public'}", "public", "NotServingRegionException", "FormalParameter", "ReferenceType", "String", "s", "StatementExpression", "SuperConstructorInvocation", "MemberReference", "s", "ConstructorDeclaration", "{'public'}", "public", "NotServingRegionException", "FormalParameter", "{'final'}", "final", "BasicType", "byte", "s", "StatementExpression", "SuperConstructorInvocation", "MethodInvocation", "Bytes", "MemberReference", "s", "toString", "ReferenceType", "IOException"], "nodes": {"0": "ClassDeclaration", "1": "Modifier", "2": "public", "3": "Annotation", "4": "InterfaceAudience.Public", "5": "Annotation", "6": "InterfaceStability.Stable", "7": "NotServingRegionException", "8": "FieldDeclaration", "9": "Modifier", "10": "final", "11": "private", "12": "static", "13": "BasicType", "14": "long", "15": "VariableDeclarator", "16": "serialVersionUID", "17": "BinaryOperation", "18": "<<", "19": "Literal", "20": "1L", "21": "BinaryOperation", "22": "-", "23": "Literal", "24": "17", "25": "Literal", "26": "1L", "27": "ConstructorDeclaration", "28": "Modifier", "29": "public", "30": "NotServingRegionException", "31": "StatementExpression", "32": "SuperConstructorInvocation", "33": "ConstructorDeclaration", "34": "Modifier", "35": "public", "36": "NotServingRegionException", "37": "FormalParameter", "38": "ReferenceType", "39": "String", "40": "s", "41": "StatementExpression", "42": "SuperConstructorInvocation", "43": "MemberReference", "44": "s", "45": "ConstructorDeclaration", "46": "Modifier", "47": "public", "48": "NotServingRegionException", "49": "FormalParameter", "50": "Modifier", "51": "final", "52": "BasicType", "53": "byte", "54": "s", "55": "StatementExpression", "56": "SuperConstructorInvocation", "57": "MethodInvocation", "58": "Bytes", "59": "MemberReference", "60": "s", "61": "toString", "62": "ReferenceType", "63": "IOException"}, "edges": {"0->1": 0, "1->0": 0, "1->2": 0, "2->1": 0, "0->3": 0, "3->0": 0, "3->4": 0, "4->3": 0, "0->5": 0, "5->0": 0, "5->6": 0, "6->5": 0, "0->7": 0, "7->0": 0, "0->8": 0, "8->0": 0, "8->9": 0, "9->8": 0, "9->10": 0, "10->9": 0, "9->11": 0, "11->9": 0, "9->12": 0, "12->9": 0, "8->13": 0, "13->8": 0, "13->14": 0, "14->13": 0, "8->15": 0, "15->8": 0, "15->16": 0, "16->15": 0, "15->17": 0, "17->15": 0, "17->18": 0, "18->17": 0, "17->19": 0, "19->17": 0, "19->20": 0, "20->19": 0, "17->21": 0, "21->17": 0, "21->22": 0, "22->21": 0, "21->23": 0, "23->21": 0, "23->24": 0, "24->23": 0, "21->25": 0, "25->21": 0, "25->26": 0, "26->25": 0, "0->27": 0, "27->0": 0, "27->28": 0, "28->27": 0, "28->29": 0, "29->28": 0, "27->30": 0, "30->27": 0, "27->31": 0, "31->27": 0, "31->32": 0, "32->31": 0, "0->33": 0, "33->0": 0, "33->34": 0, "34->33": 0, "34->35": 0, "35->34": 0, "33->36": 0, "36->33": 0, "33->37": 0, "37->33": 0, "37->38": 0, "38->37": 0, "38->39": 0, "39->38": 0, "37->40": 0, "40->37": 0, "33->41": 0, "41->33": 0, "41->42": 0, "42->41": 0, "42->43": 0, "43->42": 0, "43->44": 0, "44->43": 0, "0->45": 0, "45->0": 0, "45->46": 0, "46->45": 0, "46->47": 0, "47->46": 0, "45->48": 0, "48->45": 0, "45->49": 0, "49->45": 0, "49->50": 0, "50->49": 0, "50->51": 0, "51->50": 0, "49->52": 0, "52->49": 0, "52->53": 0, "53->52": 0, "49->54": 0, "54->49": 0, "45->55": 0, "55->45": 0, "55->56": 0, "56->55": 0, "56->57": 0, "57->56": 0, "57->58": 0, "58->57": 0, "57->59": 0, "59->57": 0, "59->60": 0, "60->59": 0, "57->61": 0, "61->57": 0, "0->62": 0, "62->0": 0, "62->63": 0, "63->62": 0, "1->3": 1, "3->1": 12, "3->5": 1, "5->3": 12, "5->7": 1, "7->5": 12, "7->8": 1, "8->7": 12, "8->27": 1, "27->8": 12, "27->33": 1, "33->27": 12, "33->45": 1, "45->33": 12, "45->62": 1, "62->45": 12, "9->13": 1, "13->9": 12, "13->15": 1, "15->13": 12, "10->11": 2, "11->10": 3, "11->12": 2, "12->11": 3, "16->17": 1, "17->16": 12, "18->19": 1, "19->18": 12, "19->21": 1, "21->19": 12, "22->23": 1, "23->22": 12, "23->25": 1, "25->23": 12, "28->30": 1, "30->28": 12, "30->31": 1, "31->30": 12, "34->36": 1, "36->34": 12, "36->37": 1, "37->36": 12, "37->41": 1, "41->37": 12, "38->40": 1, "40->38": 12, "46->48": 1, "48->46": 12, "48->49": 1, "49->48": 12, "49->55": 1, "55->49": 12, "50->52": 1, "52->50": 12, "52->54": 1, "54->52": 12, "58->59": 1, "59->58": 12, "59->61": 1, "61->59": 12, "2->4": 2, "4->2": 3, "4->6": 2, "6->4": 3, "6->7": 2, "7->6": 3, "7->10": 2, "10->7": 3, "12->14": 2, "14->12": 3, "14->16": 2, "16->14": 3, "16->18": 2, "18->16": 3, "18->20": 2, "20->18": 3, "20->22": 2, "22->20": 3, "22->24": 2, "24->22": 3, "24->26": 2, "26->24": 3, "26->29": 2, "29->26": 3, "29->30": 2, "30->29": 3, "30->32": 2, "32->30": 3, "32->35": 2, "35->32": 3, "35->36": 2, "36->35": 3, "36->39": 2, "39->36": 3, "39->40": 2, "40->39": 3, "40->44": 2, "44->40": 3, "44->47": 2, "47->44": 3, "47->48": 2, "48->47": 3, "48->51": 2, "51->48": 3, "51->53": 2, "53->51": 3, "53->54": 2, "54->53": 3, "54->58": 2, "58->54": 3, "58->60": 2, "60->58": 3, "60->61": 2, "61->60": 3, "61->63": 2, "63->61": 3, "44->60": 4, "60->44": 5}, "metrics": [1.0, 0.0, 3.0, 3.0, 26.0, 3.0, 0.0, 0.0, 1.0, 1.0, 1.0]}