{"nodelist": ["ClassDeclaration", "{'public'}", "public", "PairOfSameType", "FieldDeclaration", "{'final', 'private'}", "final", "private", "ReferenceType", "T", "VariableDeclarator", "first", "FieldDeclaration", "{'final', 'private'}", "final", "private", "ReferenceType", "T", "VariableDeclarator", "second", "ConstructorDeclaration", "{'public'}", "public", "PairOfSameType", "FormalParameter", "ReferenceType", "T", "a", "FormalParameter", "ReferenceType", "T", "b", "StatementExpression", "Assignment", "This", "MemberReference", "first", "MemberReference", "a", "=", "StatementExpression", "Assignment", "This", "MemberReference", "second", "MemberReference", "b", "=", "MethodDeclaration", "{'public'}", "public", "ReferenceType", "T", "getFirst", "ReturnStatement", "MemberReference", "first", "MethodDeclaration", "{'public'}", "public", "ReferenceType", "T", "getSecond", "ReturnStatement", "MemberReference", "second", "MethodDeclaration", "{'private', 'static'}", "private", "static", "BasicType", "boolean", "equals", "FormalParameter", "ReferenceType", "Object", "x", "FormalParameter", "ReferenceType", "Object", "y", "ReturnStatement", "BinaryOperation", "||", "BinaryOperation", "&&", "BinaryOperation", "==", "MemberReference", "x", "Literal", "null", "BinaryOperation", "==", "MemberReference", "y", "Literal", "null", "BinaryOperation", "&&", "BinaryOperation", "!=", "MemberReference", "x", "Literal", "null", "MethodInvocation", "x", "MemberReference", "y", "equals", "MethodDeclaration", "{'public'}", "public", "Annotation", "Override", "Annotation", "SuppressWarnings", "Literal", "\"unchecked\"", "BasicType", "boolean", "equals", "FormalParameter", "ReferenceType", "Object", "other", "ReturnStatement", "BinaryOperation", "&&", "BinaryOperation", "&&", "BinaryOperation", "instanceof", "MemberReference", "other", "ReferenceType", "PairOfSameType", "MethodInvocation", "MemberReference", "first", "Cast", "ReferenceType", "PairOfSameType", "MemberReference", "other", "equals", "MethodInvocation", "MemberReference", "second", "Cast", "ReferenceType", "PairOfSameType", "MemberReference", "other", "equals", "MethodDeclaration", "{'public'}", "public", "Annotation", "Override", "BasicType", "int", "hashCode", "IfStatement", "BinaryOperation", "==", "MemberReference", "first", "Literal", "null", "ReturnStatement", "TernaryExpression", "BinaryOperation", "==", "MemberReference", "second", "Literal", "null", "Literal", "0", "BinaryOperation", "+", "MethodInvocation", "second", "hashCode", "Literal", "1", "IfStatement", "BinaryOperation", "==", "MemberReference", "second", "Literal", "null", "ReturnStatement", "BinaryOperation", "+", "MethodInvocation", "first", "hashCode", "Literal", "2", "ReturnStatement", "BinaryOperation", "+", "BinaryOperation", "*", "MethodInvocation", "first", "hashCode", "Literal", "17", "MethodInvocation", "second", "hashCode", "MethodDeclaration", "{'public'}", "public", "Annotation", "Override", "ReferenceType", "String", "toString", "ReturnStatement", "BinaryOperation", "+", "BinaryOperation", "+", "BinaryOperation", "+", "BinaryOperation", "+", "Literal", "\"{\"", "MethodInvocation", "getFirst", "Literal", "\",\"", "MethodInvocation", "getSecond", "Literal", "\"}\"", "MethodDeclaration", "{'public'}", "public", "Annotation", "Override", "ReferenceType", "Iterator", "TypeArgument", "ReferenceType", "T", "iterator", "ReturnStatement", "ClassCreator", "ReferenceType", "Iterator", "TypeArgument", "ReferenceType", "T", "FieldDeclaration", "{'private'}", "private", "BasicType", "int", "VariableDeclarator", "returned", "Literal", "0", "MethodDeclaration", "{'public'}", "public", "Annotation", "Override", "BasicType", "boolean", "hasNext", "ReturnStatement", "BinaryOperation", "<", "This", "MemberReference", "returned", "Literal", "2", "MethodDeclaration", "{'public'}", "public", "Annotation", "Override", "ReferenceType", "T", "next", "IfStatement", "BinaryOperation", "==", "This", "++", "MemberReference", "returned", "Literal", "1", "ReturnStatement", "MethodInvocation", "getFirst", "IfStatement", "BinaryOperation", "==", "This", "MemberReference", "returned", "Literal", "2", "ReturnStatement", "MethodInvocation", "getSecond", "ThrowStatement", "ClassCreator", "ReferenceType", "IllegalAccessError", "BinaryOperation", "+", "Literal", "\"this.returned=\"", "This", "MemberReference", "returned", "MethodDeclaration", "{'public'}", "public", "Annotation", "Override", "remove", "ThrowStatement", "ClassCreator", "ReferenceType", "NotImplementedException", "TypeParameter", "T", "ReferenceType", "Iterable", "TypeArgument", "ReferenceType", "T"], "nodes": {"0": "ClassDeclaration", "1": "Modifier", "2": "public", "3": "PairOfSameType", "4": "FieldDeclaration", "5": "Modifier", "6": "final", "7": "private", "8": "ReferenceType", "9": "T", "10": "VariableDeclarator", "11": "first", "12": "FieldDeclaration", "13": "Modifier", "14": "final", "15": "private", "16": "ReferenceType", "17": "T", "18": "VariableDeclarator", "19": "second", "20": "ConstructorDeclaration", "21": "Modifier", "22": "public", "23": "PairOfSameType", "24": "FormalParameter", "25": "ReferenceType", "26": "T", "27": "a", "28": "FormalParameter", "29": "ReferenceType", "30": "T", "31": "b", "32": "StatementExpression", "33": "Assignment", "34": "This", "35": "MemberReference", "36": "first", "37": "MemberReference", "38": "a", "39": "=", "40": "StatementExpression", "41": "Assignment", "42": "This", "43": "MemberReference", "44": "second", "45": "MemberReference", "46": "b", "47": "=", "48": "MethodDeclaration", "49": "Modifier", "50": "public", "51": "ReferenceType", "52": "T", "53": "getFirst", "54": "ReturnStatement", "55": "MemberReference", "56": "first", "57": "MethodDeclaration", "58": "Modifier", "59": "public", "60": "ReferenceType", "61": "T", "62": "getSecond", "63": "ReturnStatement", "64": "MemberReference", "65": "second", "66": "MethodDeclaration", "67": "Modifier", "68": "private", "69": "static", "70": "BasicType", "71": "boolean", "72": "equals", "73": "FormalParameter", "74": "ReferenceType", "75": "Object", "76": "x", "77": "FormalParameter", "78": "ReferenceType", "79": "Object", "80": "y", "81": "ReturnStatement", "82": "BinaryOperation", "83": "||", "84": "BinaryOperation", "85": "&&", "86": "BinaryOperation", "87": "==", "88": "MemberReference", "89": "x", "90": "Literal", "91": "null", "92": "BinaryOperation", "93": "==", "94": "MemberReference", "95": "y", "96": "Literal", "97": "null", "98": "BinaryOperation", "99": "&&", "100": "BinaryOperation", "101": "!=", "102": "MemberReference", "103": "x", "104": "Literal", "105": "null", "106": "MethodInvocation", "107": "x", "108": "MemberReference", "109": "y", "110": "equals", "111": "MethodDeclaration", "112": "Modifier", "113": "public", "114": "Annotation", "115": "Override", "116": "Annotation", "117": "SuppressWarnings", "118": "Literal", "119": "\"unchecked\"", "120": "BasicType", "121": "boolean", "122": "equals", "123": "FormalParameter", "124": "ReferenceType", "125": "Object", "126": "other", "127": "ReturnStatement", "128": "BinaryOperation", "129": "&&", "130": "BinaryOperation", "131": "&&", "132": "BinaryOperation", "133": "instanceof", "134": "MemberReference", "135": "other", "136": "ReferenceType", "137": "PairOfSameType", "138": "MethodInvocation", "139": "MemberReference", "140": "first", "141": "Cast", "142": "ReferenceType", "143": "PairOfSameType", "144": "MemberReference", "145": "other", "146": "equals", "147": "MethodInvocation", "148": "MemberReference", "149": "second", "150": "Cast", "151": "ReferenceType", "152": "PairOfSameType", "153": "MemberReference", "154": "other", "155": "equals", "156": "MethodDeclaration", "157": "Modifier", "158": "public", "159": "Annotation", "160": "Override", "161": "BasicType", "162": "int", "163": "hashCode", "164": "IfStatement", "165": "BinaryOperation", "166": "==", "167": "MemberReference", "168": "first", "169": "Literal", "170": "null", "171": "ReturnStatement", "172": "TernaryExpression", "173": "BinaryOperation", "174": "==", "175": "MemberReference", "176": "second", "177": "Literal", "178": "null", "179": "Literal", "180": "0", "181": "BinaryOperation", "182": "+", "183": "MethodInvocation", "184": "second", "185": "hashCode", "186": "Literal", "187": "1", "188": "IfStatement", "189": "BinaryOperation", "190": "==", "191": "MemberReference", "192": "second", "193": "Literal", "194": "null", "195": "ReturnStatement", "196": "BinaryOperation", "197": "+", "198": "MethodInvocation", "199": "first", "200": "hashCode", "201": "Literal", "202": "2", "203": "ReturnStatement", "204": "BinaryOperation", "205": "+", "206": "BinaryOperation", "207": "*", "208": "MethodInvocation", "209": "first", "210": "hashCode", "211": "Literal", "212": "17", "213": "MethodInvocation", "214": "second", "215": "hashCode", "216": "MethodDeclaration", "217": "Modifier", "218": "public", "219": "Annotation", "220": "Override", "221": "ReferenceType", "222": "String", "223": "toString", "224": "ReturnStatement", "225": "BinaryOperation", "226": "+", "227": "BinaryOperation", "228": "+", "229": "BinaryOperation", "230": "+", "231": "BinaryOperation", "232": "+", "233": "Literal", "234": "\"{\"", "235": "MethodInvocation", "236": "getFirst", "237": "Literal", "238": "\",\"", "239": "MethodInvocation", "240": "getSecond", "241": "Literal", "242": "\"}\"", "243": "MethodDeclaration", "244": "Modifier", "245": "public", "246": "Annotation", "247": "Override", "248": "ReferenceType", "249": "Iterator", "250": "TypeArgument", "251": "ReferenceType", "252": "T", "253": "iterator", "254": "ReturnStatement", "255": "ClassCreator", "256": "ReferenceType", "257": "Iterator", "258": "TypeArgument", "259": "ReferenceType", "260": "T", "261": "FieldDeclaration", "262": "Modifier", "263": "private", "264": "BasicType", "265": "int", "266": "VariableDeclarator", "267": "returned", "268": "Literal", "269": "0", "270": "MethodDeclaration", "271": "Modifier", "272": "public", "273": "Annotation", "274": "Override", "275": "BasicType", "276": "boolean", "277": "hasNext", "278": "ReturnStatement", "279": "BinaryOperation", "280": "<", "281": "This", "282": "MemberReference", "283": "returned", "284": "Literal", "285": "2", "286": "MethodDeclaration", "287": "Modifier", "288": "public", "289": "Annotation", "290": "Override", "291": "ReferenceType", "292": "T", "293": "next", "294": "IfStatement", "295": "BinaryOperation", "296": "==", "297": "This", "298": "++", "299": "MemberReference", "300": "returned", "301": "Literal", "302": "1", "303": "ReturnStatement", "304": "MethodInvocation", "305": "getFirst", "306": "IfStatement", "307": "BinaryOperation", "308": "==", "309": "This", "310": "MemberReference", "311": "returned", "312": "Literal", "313": "2", "314": "ReturnStatement", "315": "MethodInvocation", "316": "getSecond", "317": "ThrowStatement", "318": "ClassCreator", "319": "ReferenceType", "320": "IllegalAccessError", "321": "BinaryOperation", "322": "+", "323": "Literal", "324": "\"this.returned=\"", "325": "This", "326": "MemberReference", "327": "returned", "328": "MethodDeclaration", "329": "Modifier", "330": "public", "331": "Annotation", "332": "Override", "333": "remove", "334": "ThrowStatement", "335": "ClassCreator", "336": "ReferenceType", "337": "NotImplementedException", "338": "TypeParameter", "339": "T", "340": "ReferenceType", "341": "Iterable", "342": "TypeArgument", "343": "ReferenceType", "344": "T"}, "edges": {"0->1": 0, "1->0": 0, "1->2": 0, "2->1": 0, "0->3": 0, "3->0": 0, "0->4": 0, "4->0": 0, "4->5": 0, "5->4": 0, "5->6": 0, "6->5": 0, "5->7": 0, "7->5": 0, "4->8": 0, "8->4": 0, "8->9": 0, "9->8": 0, "4->10": 0, "10->4": 0, "10->11": 0, "11->10": 0, "0->12": 0, "12->0": 0, "12->13": 0, "13->12": 0, "13->14": 0, "14->13": 0, "13->15": 0, "15->13": 0, "12->16": 0, "16->12": 0, "16->17": 0, "17->16": 0, "12->18": 0, "18->12": 0, "18->19": 0, "19->18": 0, "0->20": 0, "20->0": 0, "20->21": 0, "21->20": 0, "21->22": 0, "22->21": 0, "20->23": 0, "23->20": 0, "20->24": 0, "24->20": 0, "24->25": 0, "25->24": 0, "25->26": 0, "26->25": 0, "24->27": 0, "27->24": 0, "20->28": 0, "28->20": 0, "28->29": 0, "29->28": 0, "29->30": 0, "30->29": 0, "28->31": 0, "31->28": 0, "20->32": 0, "32->20": 0, "32->33": 0, "33->32": 0, "33->34": 0, "34->33": 0, "34->35": 0, "35->34": 0, "35->36": 0, "36->35": 0, "33->37": 0, "37->33": 0, "37->38": 0, "38->37": 0, "33->39": 0, "39->33": 0, "20->40": 0, "40->20": 0, "40->41": 0, "41->40": 0, "41->42": 0, "42->41": 0, "42->43": 0, "43->42": 0, "43->44": 0, "44->43": 0, "41->45": 0, "45->41": 0, "45->46": 0, "46->45": 0, "41->47": 0, "47->41": 0, "0->48": 0, "48->0": 0, "48->49": 0, "49->48": 0, "49->50": 0, "50->49": 0, "48->51": 0, "51->48": 0, "51->52": 0, "52->51": 0, "48->53": 0, "53->48": 0, "48->54": 0, "54->48": 0, "54->55": 0, "55->54": 0, "55->56": 0, "56->55": 0, "0->57": 0, "57->0": 0, "57->58": 0, "58->57": 0, "58->59": 0, "59->58": 0, "57->60": 0, "60->57": 0, "60->61": 0, "61->60": 0, "57->62": 0, "62->57": 0, "57->63": 0, "63->57": 0, "63->64": 0, "64->63": 0, "64->65": 0, "65->64": 0, "0->66": 0, "66->0": 0, "66->67": 0, "67->66": 0, "67->68": 0, "68->67": 0, "67->69": 0, "69->67": 0, "66->70": 0, "70->66": 0, "70->71": 0, "71->70": 0, "66->72": 0, "72->66": 0, "66->73": 0, "73->66": 0, "73->74": 0, "74->73": 0, "74->75": 0, "75->74": 0, "73->76": 0, "76->73": 0, "66->77": 0, "77->66": 0, "77->78": 0, "78->77": 0, "78->79": 0, "79->78": 0, "77->80": 0, "80->77": 0, "66->81": 0, "81->66": 0, "81->82": 0, "82->81": 0, "82->83": 0, "83->82": 0, "82->84": 0, "84->82": 0, "84->85": 0, "85->84": 0, "84->86": 0, "86->84": 0, "86->87": 0, "87->86": 0, "86->88": 0, "88->86": 0, "88->89": 0, "89->88": 0, "86->90": 0, "90->86": 0, "90->91": 0, "91->90": 0, "84->92": 0, "92->84": 0, "92->93": 0, "93->92": 0, "92->94": 0, "94->92": 0, "94->95": 0, "95->94": 0, "92->96": 0, "96->92": 0, "96->97": 0, "97->96": 0, "82->98": 0, "98->82": 0, "98->99": 0, "99->98": 0, "98->100": 0, "100->98": 0, "100->101": 0, "101->100": 0, "100->102": 0, "102->100": 0, "102->103": 0, "103->102": 0, "100->104": 0, "104->100": 0, "104->105": 0, "105->104": 0, "98->106": 0, "106->98": 0, "106->107": 0, "107->106": 0, "106->108": 0, "108->106": 0, "108->109": 0, "109->108": 0, "106->110": 0, "110->106": 0, "0->111": 0, "111->0": 0, "111->112": 0, "112->111": 0, "112->113": 0, "113->112": 0, "111->114": 0, "114->111": 0, "114->115": 0, "115->114": 0, "111->116": 0, "116->111": 0, "116->117": 0, "117->116": 0, "116->118": 0, "118->116": 0, "118->119": 0, "119->118": 0, "111->120": 0, "120->111": 0, "120->121": 0, "121->120": 0, "111->122": 0, "122->111": 0, "111->123": 0, "123->111": 0, "123->124": 0, "124->123": 0, "124->125": 0, "125->124": 0, "123->126": 0, "126->123": 0, "111->127": 0, "127->111": 0, "127->128": 0, "128->127": 0, "128->129": 0, "129->128": 0, "128->130": 0, "130->128": 0, "130->131": 0, "131->130": 0, "130->132": 0, "132->130": 0, "132->133": 0, "133->132": 0, "132->134": 0, "134->132": 0, "134->135": 0, "135->134": 0, "132->136": 0, "136->132": 0, "136->137": 0, "137->136": 0, "130->138": 0, "138->130": 0, "138->139": 0, "139->138": 0, "139->140": 0, "140->139": 0, "138->141": 0, "141->138": 0, "141->142": 0, "142->141": 0, "142->143": 0, "143->142": 0, "141->144": 0, "144->141": 0, "144->145": 0, "145->144": 0, "138->146": 0, "146->138": 0, "128->147": 0, "147->128": 0, "147->148": 0, "148->147": 0, "148->149": 0, "149->148": 0, "147->150": 0, "150->147": 0, "150->151": 0, "151->150": 0, "151->152": 0, "152->151": 0, "150->153": 0, "153->150": 0, "153->154": 0, "154->153": 0, "147->155": 0, "155->147": 0, "0->156": 0, "156->0": 0, "156->157": 0, "157->156": 0, "157->158": 0, "158->157": 0, "156->159": 0, "159->156": 0, "159->160": 0, "160->159": 0, "156->161": 0, "161->156": 0, "161->162": 0, "162->161": 0, "156->163": 0, "163->156": 0, "156->164": 0, "164->156": 0, "164->165": 0, "165->164": 0, "165->166": 0, "166->165": 0, "165->167": 0, "167->165": 0, "167->168": 0, "168->167": 0, "165->169": 0, "169->165": 0, "169->170": 0, "170->169": 0, "164->171": 0, "171->164": 0, "171->172": 0, "172->171": 0, "172->173": 0, "173->172": 0, "173->174": 0, "174->173": 0, "173->175": 0, "175->173": 0, "175->176": 0, "176->175": 0, "173->177": 0, "177->173": 0, "177->178": 0, "178->177": 0, "172->179": 0, "179->172": 0, "179->180": 0, "180->179": 0, "172->181": 0, "181->172": 0, "181->182": 0, "182->181": 0, "181->183": 0, "183->181": 0, "183->184": 0, "184->183": 0, "183->185": 0, "185->183": 0, "181->186": 0, "186->181": 0, "186->187": 0, "187->186": 0, "164->188": 0, "188->164": 0, "188->189": 0, "189->188": 0, "189->190": 0, "190->189": 0, "189->191": 0, "191->189": 0, "191->192": 0, "192->191": 0, "189->193": 0, "193->189": 0, "193->194": 0, "194->193": 0, "188->195": 0, "195->188": 0, "195->196": 0, "196->195": 0, "196->197": 0, "197->196": 0, "196->198": 0, "198->196": 0, "198->199": 0, "199->198": 0, "198->200": 0, "200->198": 0, "196->201": 0, "201->196": 0, "201->202": 0, "202->201": 0, "188->203": 0, "203->188": 0, "203->204": 0, "204->203": 0, "204->205": 0, "205->204": 0, "204->206": 0, "206->204": 0, "206->207": 0, "207->206": 0, "206->208": 0, "208->206": 0, "208->209": 0, "209->208": 0, "208->210": 0, "210->208": 0, "206->211": 0, "211->206": 0, "211->212": 0, "212->211": 0, "204->213": 0, "213->204": 0, "213->214": 0, "214->213": 0, "213->215": 0, "215->213": 0, "0->216": 0, "216->0": 0, "216->217": 0, "217->216": 0, "217->218": 0, "218->217": 0, "216->219": 0, "219->216": 0, "219->220": 0, "220->219": 0, "216->221": 0, "221->216": 0, "221->222": 0, "222->221": 0, "216->223": 0, "223->216": 0, "216->224": 0, "224->216": 0, "224->225": 0, "225->224": 0, "225->226": 0, "226->225": 0, "225->227": 0, "227->225": 0, "227->228": 0, "228->227": 0, "227->229": 0, "229->227": 0, "229->230": 0, "230->229": 0, "229->231": 0, "231->229": 0, "231->232": 0, "232->231": 0, "231->233": 0, "233->231": 0, "233->234": 0, "234->233": 0, "231->235": 0, "235->231": 0, "235->236": 0, "236->235": 0, "229->237": 0, "237->229": 0, "237->238": 0, "238->237": 0, "227->239": 0, "239->227": 0, "239->240": 0, "240->239": 0, "225->241": 0, "241->225": 0, "241->242": 0, "242->241": 0, "0->243": 0, "243->0": 0, "243->244": 0, "244->243": 0, "244->245": 0, "245->244": 0, "243->246": 0, "246->243": 0, "246->247": 0, "247->246": 0, "243->248": 0, "248->243": 0, "248->249": 0, "249->248": 0, "248->250": 0, "250->248": 0, "250->251": 0, "251->250": 0, "251->252": 0, "252->251": 0, "243->253": 0, "253->243": 0, "243->254": 0, "254->243": 0, "254->255": 0, "255->254": 0, "255->256": 0, "256->255": 0, "256->257": 0, "257->256": 0, "256->258": 0, "258->256": 0, "258->259": 0, "259->258": 0, "259->260": 0, "260->259": 0, "255->261": 0, "261->255": 0, "261->262": 0, "262->261": 0, "262->263": 0, "263->262": 0, "261->264": 0, "264->261": 0, "264->265": 0, "265->264": 0, "261->266": 0, "266->261": 0, "266->267": 0, "267->266": 0, "266->268": 0, "268->266": 0, "268->269": 0, "269->268": 0, "255->270": 0, "270->255": 0, "270->271": 0, "271->270": 0, "271->272": 0, "272->271": 0, "270->273": 0, "273->270": 0, "273->274": 0, "274->273": 0, "270->275": 0, "275->270": 0, "275->276": 0, "276->275": 0, "270->277": 0, "277->270": 0, "270->278": 0, "278->270": 0, "278->279": 0, "279->278": 0, "279->280": 0, "280->279": 0, "279->281": 0, "281->279": 0, "281->282": 0, "282->281": 0, "282->283": 0, "283->282": 0, "279->284": 0, "284->279": 0, "284->285": 0, "285->284": 0, "255->286": 0, "286->255": 0, "286->287": 0, "287->286": 0, "287->288": 0, "288->287": 0, "286->289": 0, "289->286": 0, "289->290": 0, "290->289": 0, "286->291": 0, "291->286": 0, "291->292": 0, "292->291": 0, "286->293": 0, "293->286": 0, "286->294": 0, "294->286": 0, "294->295": 0, "295->294": 0, "295->296": 0, "296->295": 0, "295->297": 0, "297->295": 0, "297->298": 0, "298->297": 0, "297->299": 0, "299->297": 0, "299->300": 0, "300->299": 0, "295->301": 0, "301->295": 0, "301->302": 0, "302->301": 0, "294->303": 0, "303->294": 0, "303->304": 0, "304->303": 0, "304->305": 0, "305->304": 0, "294->306": 0, "306->294": 0, "306->307": 0, "307->306": 0, "307->308": 0, "308->307": 0, "307->309": 0, "309->307": 0, "309->310": 0, "310->309": 0, "310->311": 0, "311->310": 0, "307->312": 0, "312->307": 0, "312->313": 0, "313->312": 0, "306->314": 0, "314->306": 0, "314->315": 0, "315->314": 0, "315->316": 0, "316->315": 0, "306->317": 0, "317->306": 0, "317->318": 0, "318->317": 0, "318->319": 0, "319->318": 0, "319->320": 0, "320->319": 0, "318->321": 0, "321->318": 0, "321->322": 0, "322->321": 0, "321->323": 0, "323->321": 0, "323->324": 0, "324->323": 0, "321->325": 0, "325->321": 0, "325->326": 0, "326->325": 0, "326->327": 0, "327->326": 0, "255->328": 0, "328->255": 0, "328->329": 0, "329->328": 0, "329->330": 0, "330->329": 0, "328->331": 0, "331->328": 0, "331->332": 0, "332->331": 0, "328->333": 0, "333->328": 0, "328->334": 0, "334->328": 0, "334->335": 0, "335->334": 0, "335->336": 0, "336->335": 0, "336->337": 0, "337->336": 0, "0->338": 0, "338->0": 0, "338->339": 0, "339->338": 0, "0->340": 0, "340->0": 0, "340->341": 0, "341->340": 0, "340->342": 0, "342->340": 0, "342->343": 0, "343->342": 0, "343->344": 0, "344->343": 0, "1->3": 1, "3->1": 12, "3->4": 1, "4->3": 12, "4->12": 1, "12->4": 12, "12->20": 1, "20->12": 12, "20->48": 1, "48->20": 12, "48->57": 1, "57->48": 12, "57->66": 1, "66->57": 12, "66->111": 1, "111->66": 12, "111->156": 1, "156->111": 12, "156->216": 1, "216->156": 12, "216->243": 1, "243->216": 12, "243->338": 1, "338->243": 12, "338->340": 1, "340->338": 12, "5->8": 1, "8->5": 12, "8->10": 1, "10->8": 12, "6->7": 2, "7->6": 3, "13->16": 1, "16->13": 12, "16->18": 1, "18->16": 12, "14->15": 2, "15->14": 3, "21->23": 1, "23->21": 12, "23->24": 1, "24->23": 12, "24->28": 1, "28->24": 12, "28->32": 1, "32->28": 12, "32->40": 1, "40->32": 12, "25->27": 1, "27->25": 12, "29->31": 1, "31->29": 12, "34->37": 1, "37->34": 12, "37->39": 1, "39->37": 12, "42->45": 1, "45->42": 12, "45->47": 1, "47->45": 12, "49->51": 1, "51->49": 12, "51->53": 1, "53->51": 12, "53->54": 1, "54->53": 12, "58->60": 1, "60->58": 12, "60->62": 1, "62->60": 12, "62->63": 1, "63->62": 12, "67->70": 1, "70->67": 12, "70->72": 1, "72->70": 12, "72->73": 1, "73->72": 12, "73->77": 1, "77->73": 12, "77->81": 1, "81->77": 12, "68->69": 2, "69->68": 3, "74->76": 1, "76->74": 12, "78->80": 1, "80->78": 12, "83->84": 1, "84->83": 12, "84->98": 1, "98->84": 12, "85->86": 1, "86->85": 12, "86->92": 1, "92->86": 12, "87->88": 1, "88->87": 12, "88->90": 1, "90->88": 12, "93->94": 1, "94->93": 12, "94->96": 1, "96->94": 12, "99->100": 1, "100->99": 12, "100->106": 1, "106->100": 12, "101->102": 1, "102->101": 12, "102->104": 1, "104->102": 12, "107->108": 1, "108->107": 12, "108->110": 1, "110->108": 12, "112->114": 1, "114->112": 12, "114->116": 1, "116->114": 12, "116->120": 1, "120->116": 12, "120->122": 1, "122->120": 12, "122->123": 1, "123->122": 12, "123->127": 1, "127->123": 12, "117->118": 1, "118->117": 12, "124->126": 1, "126->124": 12, "129->130": 1, "130->129": 12, "130->147": 1, "147->130": 12, "131->132": 1, "132->131": 12, "132->138": 1, "138->132": 12, "133->134": 1, "134->133": 12, "134->136": 1, "136->134": 12, "139->141": 1, "141->139": 12, "141->146": 1, "146->141": 12, "142->144": 1, "144->142": 12, "148->150": 1, "150->148": 12, "150->155": 1, "155->150": 12, "151->153": 1, "153->151": 12, "157->159": 1, "159->157": 12, "159->161": 1, "161->159": 12, "161->163": 1, "163->161": 12, "163->164": 1, "164->163": 12, "165->171": 6, "171->165": 6, "171->188": 1, "188->171": 12, "166->167": 1, "167->166": 12, "167->169": 1, "169->167": 12, "173->179": 1, "179->173": 12, "179->181": 1, "181->179": 12, "174->175": 1, "175->174": 12, "175->177": 1, "177->175": 12, "182->183": 1, "183->182": 12, "183->186": 1, "186->183": 12, "184->185": 2, "185->184": 3, "189->195": 6, "195->189": 6, "195->203": 1, "203->195": 12, "190->191": 1, "191->190": 12, "191->193": 1, "193->191": 12, "197->198": 1, "198->197": 12, "198->201": 1, "201->198": 12, "199->200": 2, "200->199": 3, "205->206": 1, "206->205": 12, "206->213": 1, "213->206": 12, "207->208": 1, "208->207": 12, "208->211": 1, "211->208": 12, "209->210": 2, "210->209": 3, "214->215": 2, "215->214": 3, "217->219": 1, "219->217": 12, "219->221": 1, "221->219": 12, "221->223": 1, "223->221": 12, "223->224": 1, "224->223": 12, "226->227": 1, "227->226": 12, "227->241": 1, "241->227": 12, "228->229": 1, "229->228": 12, "229->239": 1, "239->229": 12, "230->231": 1, "231->230": 12, "231->237": 1, "237->231": 12, "232->233": 1, "233->232": 12, "233->235": 1, "235->233": 12, "244->246": 1, "246->244": 12, "246->248": 1, "248->246": 12, "248->253": 1, "253->248": 12, "253->254": 1, "254->253": 12, "249->250": 1, "250->249": 12, "256->261": 1, "261->256": 12, "261->270": 1, "270->261": 12, "270->286": 1, "286->270": 12, "286->328": 1, "328->286": 12, "257->258": 1, "258->257": 12, "262->264": 1, "264->262": 12, "264->266": 1, "266->264": 12, "267->268": 1, "268->267": 12, "271->273": 1, "273->271": 12, "273->275": 1, "275->273": 12, "275->277": 1, "277->275": 12, "277->278": 1, "278->277": 12, "280->281": 1, "281->280": 12, "281->284": 1, "284->281": 12, "287->289": 1, "289->287": 12, "289->291": 1, "291->289": 12, "291->293": 1, "293->291": 12, "293->294": 1, "294->293": 12, "295->303": 6, "303->295": 6, "303->306": 1, "306->303": 12, "296->297": 1, "297->296": 12, "297->301": 1, "301->297": 12, "298->299": 1, "299->298": 12, "307->314": 6, "314->307": 6, "314->317": 1, "317->314": 12, "308->309": 1, "309->308": 12, "309->312": 1, "312->309": 12, "319->321": 1, "321->319": 12, "322->323": 1, "323->322": 12, "323->325": 1, "325->323": 12, "329->331": 1, "331->329": 12, "331->333": 1, "333->331": 12, "333->334": 1, "334->333": 12, "341->342": 1, "342->341": 12, "165->188": 7, "188->165": 7, "189->203": 7, "203->189": 7, "295->306": 7, "306->295": 7, "307->317": 7, "317->307": 7, "2->3": 2, "3->2": 3, "3->6": 2, "6->3": 3, "7->9": 2, "9->7": 3, "9->11": 2, "11->9": 3, "11->14": 2, "14->11": 3, "15->17": 2, "17->15": 3, "17->19": 2, "19->17": 3, "19->22": 2, "22->19": 3, "22->23": 2, "23->22": 3, "23->26": 2, "26->23": 3, "26->27": 2, "27->26": 3, "27->30": 2, "30->27": 3, "30->31": 2, "31->30": 3, "31->36": 2, "36->31": 3, "36->38": 2, "38->36": 3, "38->39": 2, "39->38": 3, "39->44": 2, "44->39": 3, "44->46": 2, "46->44": 3, "46->47": 2, "47->46": 3, "47->50": 2, "50->47": 3, "50->52": 2, "52->50": 3, "52->53": 2, "53->52": 3, "53->56": 2, "56->53": 3, "56->59": 2, "59->56": 3, "59->61": 2, "61->59": 3, "61->62": 2, "62->61": 3, "62->65": 2, "65->62": 3, "65->68": 2, "68->65": 3, "69->71": 2, "71->69": 3, "71->72": 2, "72->71": 3, "72->75": 2, "75->72": 3, "75->76": 2, "76->75": 3, "76->79": 2, "79->76": 3, "79->80": 2, "80->79": 3, "80->83": 2, "83->80": 3, "83->85": 2, "85->83": 3, "85->87": 2, "87->85": 3, "87->89": 2, "89->87": 3, "89->91": 2, "91->89": 3, "91->93": 2, "93->91": 3, "93->95": 2, "95->93": 3, "95->97": 2, "97->95": 3, "97->99": 2, "99->97": 3, "99->101": 2, "101->99": 3, "101->103": 2, "103->101": 3, "103->105": 2, "105->103": 3, "105->107": 2, "107->105": 3, "107->109": 2, "109->107": 3, "109->110": 2, "110->109": 3, "110->113": 2, "113->110": 3, "113->115": 2, "115->113": 3, "115->117": 2, "117->115": 3, "117->119": 2, "119->117": 3, "119->121": 2, "121->119": 3, "121->122": 2, "122->121": 3, "122->125": 2, "125->122": 3, "125->126": 2, "126->125": 3, "126->129": 2, "129->126": 3, "129->131": 2, "131->129": 3, "131->133": 2, "133->131": 3, "133->135": 2, "135->133": 3, "135->137": 2, "137->135": 3, "137->140": 2, "140->137": 3, "140->143": 2, "143->140": 3, "143->145": 2, "145->143": 3, "145->146": 2, "146->145": 3, "146->149": 2, "149->146": 3, "149->152": 2, "152->149": 3, "152->154": 2, "154->152": 3, "154->155": 2, "155->154": 3, "155->158": 2, "158->155": 3, "158->160": 2, "160->158": 3, "160->162": 2, "162->160": 3, "162->163": 2, "163->162": 3, "163->166": 2, "166->163": 3, "166->168": 2, "168->166": 3, "168->170": 2, "170->168": 3, "170->174": 2, "174->170": 3, "174->176": 2, "176->174": 3, "176->178": 2, "178->176": 3, "178->180": 2, "180->178": 3, "180->182": 2, "182->180": 3, "182->184": 2, "184->182": 3, "185->187": 2, "187->185": 3, "187->190": 2, "190->187": 3, "190->192": 2, "192->190": 3, "192->194": 2, "194->192": 3, "194->197": 2, "197->194": 3, "197->199": 2, "199->197": 3, "200->202": 2, "202->200": 3, "202->205": 2, "205->202": 3, "205->207": 2, "207->205": 3, "207->209": 2, "209->207": 3, "210->212": 2, "212->210": 3, "212->214": 2, "214->212": 3, "215->218": 2, "218->215": 3, "218->220": 2, "220->218": 3, "220->222": 2, "222->220": 3, "222->223": 2, "223->222": 3, "223->226": 2, "226->223": 3, "226->228": 2, "228->226": 3, "228->230": 2, "230->228": 3, "230->232": 2, "232->230": 3, "232->234": 2, "234->232": 3, "234->236": 2, "236->234": 3, "236->238": 2, "238->236": 3, "238->240": 2, "240->238": 3, "240->242": 2, "242->240": 3, "242->245": 2, "245->242": 3, "245->247": 2, "247->245": 3, "247->249": 2, "249->247": 3, "249->252": 2, "252->249": 3, "252->253": 2, "253->252": 3, "253->257": 2, "257->253": 3, "257->260": 2, "260->257": 3, "260->263": 2, "263->260": 3, "263->265": 2, "265->263": 3, "265->267": 2, "267->265": 3, "267->269": 2, "269->267": 3, "269->272": 2, "272->269": 3, "272->274": 2, "274->272": 3, "274->276": 2, "276->274": 3, "276->277": 2, "277->276": 3, "277->280": 2, "280->277": 3, "280->283": 2, "283->280": 3, "283->285": 2, "285->283": 3, "285->288": 2, "288->285": 3, "288->290": 2, "290->288": 3, "290->292": 2, "292->290": 3, "292->293": 2, "293->292": 3, "293->296": 2, "296->293": 3, "296->298": 2, "298->296": 3, "298->300": 2, "300->298": 3, "300->302": 2, "302->300": 3, "302->305": 2, "305->302": 3, "305->308": 2, "308->305": 3, "308->311": 2, "311->308": 3, "311->313": 2, "313->311": 3, "313->316": 2, "316->313": 3, "316->320": 2, "320->316": 3, "320->322": 2, "322->320": 3, "322->324": 2, "324->322": 3, "324->327": 2, "327->324": 3, "327->330": 2, "330->327": 3, "330->332": 2, "332->330": 3, "332->333": 2, "333->332": 3, "333->337": 2, "337->333": 3, "337->339": 2, "339->337": 3, "339->341": 2, "341->339": 3, "341->344": 2, "344->341": 3, "36->56": 4, "56->36": 5, "56->140": 4, "140->56": 5, "140->168": 4, "168->140": 5, "44->65": 4, "65->44": 5, "65->149": 4, "149->65": 5, "149->176": 4, "176->149": 5, "176->192": 4, "192->176": 5, "89->103": 4, "103->89": 5, "95->109": 4, "109->95": 5, "135->145": 4, "145->135": 5, "145->154": 4, "154->145": 5, "283->300": 4, "300->283": 5, "300->311": 4, "311->300": 5, "311->327": 4, "327->311": 5}, "metrics": [3.0, 0.0, 11.0, 10.0, 63.0, 17.0, 0.0, 0.0, 0.45454545454545453, 0.0, 1.0]}