{"nodelist": ["ClassDeclaration", "{'public', 'static'}", "public", "static", "CoprocessorCounter", "FieldDeclaration", "{'private'}", "private", "BasicType", "int", "VariableDeclarator", "nCount", "Literal", "0", "FieldDeclaration", "{'private'}", "private", "BasicType", "int", "VariableDeclarator", "nDelete", "Literal", "0", "MethodDeclaration", "{'public'}", "public", "Annotation", "Override", "prePut", "FormalParameter", "{'final'}", "final", "ReferenceType", "ObserverContext", "TypeArgument", "ReferenceType", "RegionCoprocessorEnvironment", "e", "FormalParameter", "{'final'}", "final", "ReferenceType", "Put", "put", "FormalParameter", "{'final'}", "final", "ReferenceType", "WALEdit", "edit", "FormalParameter", "{'final'}", "final", "BasicType", "boolean", "writeToWAL", "IOException", "StatementExpression", "MemberReference", "++", "nCount", "MethodDeclaration", "{'public'}", "public", "Annotation", "Override", "postDelete", "FormalParameter", "{'final'}", "final", "ReferenceType", "ObserverContext", "TypeArgument", "ReferenceType", "RegionCoprocessorEnvironment", "c", "FormalParameter", "{'final'}", "final", "ReferenceType", "Delete", "delete", "FormalParameter", "{'final'}", "final", "ReferenceType", "WALEdit", "edit", "FormalParameter", "{'final'}", "final", "BasicType", "boolean", "writeToWAL", "IOException", "StatementExpression", "MemberReference", "++", "nDelete", "MethodDeclaration", "{'public'}", "public", "Annotation", "Override", "preGet", "FormalParameter", "{'final'}", "final", "ReferenceType", "ObserverContext", "TypeArgument", "ReferenceType", "RegionCoprocessorEnvironment", "c", "FormalParameter", "{'final'}", "final", "ReferenceType", "Get", "get", "FormalParameter", "{'final'}", "final", "ReferenceType", "List", "TypeArgument", "ReferenceType", "KeyValue", "result", "IOException", "IfStatement", "BinaryOperation", "!=", "MethodInvocation", "get", "Literal", "\"count\"", "getAttribute", "Literal", "null", "BlockStatement", "StatementExpression", "MethodInvocation", "result", "clear", "StatementExpression", "MethodInvocation", "result", "ClassCreator", "ReferenceType", "KeyValue", "MemberReference", "count", "MemberReference", "count", "MemberReference", "delete", "MethodInvocation", "Bytes", "MemberReference", "nDelete", "toBytes", "add", "StatementExpression", "MethodInvocation", "result", "ClassCreator", "ReferenceType", "KeyValue", "MemberReference", "count", "MemberReference", "count", "MemberReference", "put", "MethodInvocation", "Bytes", "MemberReference", "nCount", "toBytes", "add", "StatementExpression", "MethodInvocation", "c", "bypass", "ReferenceType", "BaseRegionObserver"], "nodes": {"0": "ClassDeclaration", "1": "Modifier", "2": "public", "3": "static", "4": "CoprocessorCounter", "5": "FieldDeclaration", "6": "Modifier", "7": "private", "8": "BasicType", "9": "int", "10": "VariableDeclarator", "11": "nCount", "12": "Literal", "13": "0", "14": "FieldDeclaration", "15": "Modifier", "16": "private", "17": "BasicType", "18": "int", "19": "VariableDeclarator", "20": "nDelete", "21": "Literal", "22": "0", "23": "MethodDeclaration", "24": "Modifier", "25": "public", "26": "Annotation", "27": "Override", "28": "prePut", "29": "FormalParameter", "30": "Modifier", "31": "final", "32": "ReferenceType", "33": "ObserverContext", "34": "TypeArgument", "35": "ReferenceType", "36": "RegionCoprocessorEnvironment", "37": "e", "38": "FormalParameter", "39": "Modifier", "40": "final", "41": "ReferenceType", "42": "Put", "43": "put", "44": "FormalParameter", "45": "Modifier", "46": "final", "47": "ReferenceType", "48": "WALEdit", "49": "edit", "50": "FormalParameter", "51": "Modifier", "52": "final", "53": "BasicType", "54": "boolean", "55": "writeToWAL", "56": "IOException", "57": "StatementExpression", "58": "MemberReference", "59": "++", "60": "nCount", "61": "MethodDeclaration", "62": "Modifier", "63": "public", "64": "Annotation", "65": "Override", "66": "postDelete", "67": "FormalParameter", "68": "Modifier", "69": "final", "70": "ReferenceType", "71": "ObserverContext", "72": "TypeArgument", "73": "ReferenceType", "74": "RegionCoprocessorEnvironment", "75": "c", "76": "FormalParameter", "77": "Modifier", "78": "final", "79": "ReferenceType", "80": "Delete", "81": "delete", "82": "FormalParameter", "83": "Modifier", "84": "final", "85": "ReferenceType", "86": "WALEdit", "87": "edit", "88": "FormalParameter", "89": "Modifier", "90": "final", "91": "BasicType", "92": "boolean", "93": "writeToWAL", "94": "IOException", "95": "StatementExpression", "96": "MemberReference", "97": "++", "98": "nDelete", "99": "MethodDeclaration", "100": "Modifier", "101": "public", "102": "Annotation", "103": "Override", "104": "preGet", "105": "FormalParameter", "106": "Modifier", "107": "final", "108": "ReferenceType", "109": "ObserverContext", "110": "TypeArgument", "111": "ReferenceType", "112": "RegionCoprocessorEnvironment", "113": "c", "114": "FormalParameter", "115": "Modifier", "116": "final", "117": "ReferenceType", "118": "Get", "119": "get", "120": "FormalParameter", "121": "Modifier", "122": "final", "123": "ReferenceType", "124": "List", "125": "TypeArgument", "126": "ReferenceType", "127": "KeyValue", "128": "result", "129": "IOException", "130": "IfStatement", "131": "BinaryOperation", "132": "!=", "133": "MethodInvocation", "134": "get", "135": "Literal", "136": "\"count\"", "137": "getAttribute", "138": "Literal", "139": "null", "140": "BlockStatement", "141": "StatementExpression", "142": "MethodInvocation", "143": "result", "144": "clear", "145": "StatementExpression", "146": "MethodInvocation", "147": "result", "148": "ClassCreator", "149": "ReferenceType", "150": "KeyValue", "151": "MemberReference", "152": "count", "153": "MemberReference", "154": "count", "155": "MemberReference", "156": "delete", "157": "MethodInvocation", "158": "Bytes", "159": "MemberReference", "160": "nDelete", "161": "toBytes", "162": "add", "163": "StatementExpression", "164": "MethodInvocation", "165": "result", "166": "ClassCreator", "167": "ReferenceType", "168": "KeyValue", "169": "MemberReference", "170": "count", "171": "MemberReference", "172": "count", "173": "MemberReference", "174": "put", "175": "MethodInvocation", "176": "Bytes", "177": "MemberReference", "178": "nCount", "179": "toBytes", "180": "add", "181": "StatementExpression", "182": "MethodInvocation", "183": "c", "184": "bypass", "185": "ReferenceType", "186": "BaseRegionObserver"}, "edges": {"0->1": 0, "1->0": 0, "1->2": 0, "2->1": 0, "1->3": 0, "3->1": 0, "0->4": 0, "4->0": 0, "0->5": 0, "5->0": 0, "5->6": 0, "6->5": 0, "6->7": 0, "7->6": 0, "5->8": 0, "8->5": 0, "8->9": 0, "9->8": 0, "5->10": 0, "10->5": 0, "10->11": 0, "11->10": 0, "10->12": 0, "12->10": 0, "12->13": 0, "13->12": 0, "0->14": 0, "14->0": 0, "14->15": 0, "15->14": 0, "15->16": 0, "16->15": 0, "14->17": 0, "17->14": 0, "17->18": 0, "18->17": 0, "14->19": 0, "19->14": 0, "19->20": 0, "20->19": 0, "19->21": 0, "21->19": 0, "21->22": 0, "22->21": 0, "0->23": 0, "23->0": 0, "23->24": 0, "24->23": 0, "24->25": 0, "25->24": 0, "23->26": 0, "26->23": 0, "26->27": 0, "27->26": 0, "23->28": 0, "28->23": 0, "23->29": 0, "29->23": 0, "29->30": 0, "30->29": 0, "30->31": 0, "31->30": 0, "29->32": 0, "32->29": 0, "32->33": 0, "33->32": 0, "32->34": 0, "34->32": 0, "34->35": 0, "35->34": 0, "35->36": 0, "36->35": 0, "29->37": 0, "37->29": 0, "23->38": 0, "38->23": 0, "38->39": 0, "39->38": 0, "39->40": 0, "40->39": 0, "38->41": 0, "41->38": 0, "41->42": 0, "42->41": 0, "38->43": 0, "43->38": 0, "23->44": 0, "44->23": 0, "44->45": 0, "45->44": 0, "45->46": 0, "46->45": 0, "44->47": 0, "47->44": 0, "47->48": 0, "48->47": 0, "44->49": 0, "49->44": 0, "23->50": 0, "50->23": 0, "50->51": 0, "51->50": 0, "51->52": 0, "52->51": 0, "50->53": 0, "53->50": 0, "53->54": 0, "54->53": 0, "50->55": 0, "55->50": 0, "23->56": 0, "56->23": 0, "23->57": 0, "57->23": 0, "57->58": 0, "58->57": 0, "58->59": 0, "59->58": 0, "58->60": 0, "60->58": 0, "0->61": 0, "61->0": 0, "61->62": 0, "62->61": 0, "62->63": 0, "63->62": 0, "61->64": 0, "64->61": 0, "64->65": 0, "65->64": 0, "61->66": 0, "66->61": 0, "61->67": 0, "67->61": 0, "67->68": 0, "68->67": 0, "68->69": 0, "69->68": 0, "67->70": 0, "70->67": 0, "70->71": 0, "71->70": 0, "70->72": 0, "72->70": 0, "72->73": 0, "73->72": 0, "73->74": 0, "74->73": 0, "67->75": 0, "75->67": 0, "61->76": 0, "76->61": 0, "76->77": 0, "77->76": 0, "77->78": 0, "78->77": 0, "76->79": 0, "79->76": 0, "79->80": 0, "80->79": 0, "76->81": 0, "81->76": 0, "61->82": 0, "82->61": 0, "82->83": 0, "83->82": 0, "83->84": 0, "84->83": 0, "82->85": 0, "85->82": 0, "85->86": 0, "86->85": 0, "82->87": 0, "87->82": 0, "61->88": 0, "88->61": 0, "88->89": 0, "89->88": 0, "89->90": 0, "90->89": 0, "88->91": 0, "91->88": 0, "91->92": 0, "92->91": 0, "88->93": 0, "93->88": 0, "61->94": 0, "94->61": 0, "61->95": 0, "95->61": 0, "95->96": 0, "96->95": 0, "96->97": 0, "97->96": 0, "96->98": 0, "98->96": 0, "0->99": 0, "99->0": 0, "99->100": 0, "100->99": 0, "100->101": 0, "101->100": 0, "99->102": 0, "102->99": 0, "102->103": 0, "103->102": 0, "99->104": 0, "104->99": 0, "99->105": 0, "105->99": 0, "105->106": 0, "106->105": 0, "106->107": 0, "107->106": 0, "105->108": 0, "108->105": 0, "108->109": 0, "109->108": 0, "108->110": 0, "110->108": 0, "110->111": 0, "111->110": 0, "111->112": 0, "112->111": 0, "105->113": 0, "113->105": 0, "99->114": 0, "114->99": 0, "114->115": 0, "115->114": 0, "115->116": 0, "116->115": 0, "114->117": 0, "117->114": 0, "117->118": 0, "118->117": 0, "114->119": 0, "119->114": 0, "99->120": 0, "120->99": 0, "120->121": 0, "121->120": 0, "121->122": 0, "122->121": 0, "120->123": 0, "123->120": 0, "123->124": 0, "124->123": 0, "123->125": 0, "125->123": 0, "125->126": 0, "126->125": 0, "126->127": 0, "127->126": 0, "120->128": 0, "128->120": 0, "99->129": 0, "129->99": 0, "99->130": 0, "130->99": 0, "130->131": 0, "131->130": 0, "131->132": 0, "132->131": 0, "131->133": 0, "133->131": 0, "133->134": 0, "134->133": 0, "133->135": 0, "135->133": 0, "135->136": 0, "136->135": 0, "133->137": 0, "137->133": 0, "131->138": 0, "138->131": 0, "138->139": 0, "139->138": 0, "130->140": 0, "140->130": 0, "140->141": 0, "141->140": 0, "141->142": 0, "142->141": 0, "142->143": 0, "143->142": 0, "142->144": 0, "144->142": 0, "140->145": 0, "145->140": 0, "145->146": 0, "146->145": 0, "146->147": 0, "147->146": 0, "146->148": 0, "148->146": 0, "148->149": 0, "149->148": 0, "149->150": 0, "150->149": 0, "148->151": 0, "151->148": 0, "151->152": 0, "152->151": 0, "148->153": 0, "153->148": 0, "153->154": 0, "154->153": 0, "148->155": 0, "155->148": 0, "155->156": 0, "156->155": 0, "148->157": 0, "157->148": 0, "157->158": 0, "158->157": 0, "157->159": 0, "159->157": 0, "159->160": 0, "160->159": 0, "157->161": 0, "161->157": 0, "146->162": 0, "162->146": 0, "140->163": 0, "163->140": 0, "163->164": 0, "164->163": 0, "164->165": 0, "165->164": 0, "164->166": 0, "166->164": 0, "166->167": 0, "167->166": 0, "167->168": 0, "168->167": 0, "166->169": 0, "169->166": 0, "169->170": 0, "170->169": 0, "166->171": 0, "171->166": 0, "171->172": 0, "172->171": 0, "166->173": 0, "173->166": 0, "173->174": 0, "174->173": 0, "166->175": 0, "175->166": 0, "175->176": 0, "176->175": 0, "175->177": 0, "177->175": 0, "177->178": 0, "178->177": 0, "175->179": 0, "179->175": 0, "164->180": 0, "180->164": 0, "140->181": 0, "181->140": 0, "181->182": 0, "182->181": 0, "182->183": 0, "183->182": 0, "182->184": 0, "184->182": 0, "0->185": 0, "185->0": 0, "185->186": 0, "186->185": 0, "1->4": 1, "4->1": 12, "4->5": 1, "5->4": 12, "5->14": 1, "14->5": 12, "14->23": 1, "23->14": 12, "23->61": 1, "61->23": 12, "61->99": 1, "99->61": 12, "99->185": 1, "185->99": 12, "2->3": 2, "3->2": 3, "6->8": 1, "8->6": 12, "8->10": 1, "10->8": 12, "11->12": 1, "12->11": 12, "15->17": 1, "17->15": 12, "17->19": 1, "19->17": 12, "20->21": 1, "21->20": 12, "24->26": 1, "26->24": 12, "26->28": 1, "28->26": 12, "28->29": 1, "29->28": 12, "29->38": 1, "38->29": 12, "38->44": 1, "44->38": 12, "44->50": 1, "50->44": 12, "50->56": 1, "56->50": 12, "56->57": 1, "57->56": 12, "30->32": 1, "32->30": 12, "32->37": 1, "37->32": 12, "33->34": 1, "34->33": 12, "39->41": 1, "41->39": 12, "41->43": 1, "43->41": 12, "45->47": 1, "47->45": 12, "47->49": 1, "49->47": 12, "51->53": 1, "53->51": 12, "53->55": 1, "55->53": 12, "59->60": 2, "60->59": 3, "62->64": 1, "64->62": 12, "64->66": 1, "66->64": 12, "66->67": 1, "67->66": 12, "67->76": 1, "76->67": 12, "76->82": 1, "82->76": 12, "82->88": 1, "88->82": 12, "88->94": 1, "94->88": 12, "94->95": 1, "95->94": 12, "68->70": 1, "70->68": 12, "70->75": 1, "75->70": 12, "71->72": 1, "72->71": 12, "77->79": 1, "79->77": 12, "79->81": 1, "81->79": 12, "83->85": 1, "85->83": 12, "85->87": 1, "87->85": 12, "89->91": 1, "91->89": 12, "91->93": 1, "93->91": 12, "97->98": 2, "98->97": 3, "100->102": 1, "102->100": 12, "102->104": 1, "104->102": 12, "104->105": 1, "105->104": 12, "105->114": 1, "114->105": 12, "114->120": 1, "120->114": 12, "120->129": 1, "129->120": 12, "129->130": 1, "130->129": 12, "106->108": 1, "108->106": 12, "108->113": 1, "113->108": 12, "109->110": 1, "110->109": 12, "115->117": 1, "117->115": 12, "117->119": 1, "119->117": 12, "121->123": 1, "123->121": 12, "123->128": 1, "128->123": 12, "124->125": 1, "125->124": 12, "131->140": 6, "140->131": 6, "132->133": 1, "133->132": 12, "133->138": 1, "138->133": 12, "134->135": 1, "135->134": 12, "135->137": 1, "137->135": 12, "141->145": 10, "145->141": 11, "145->163": 10, "163->145": 11, "163->181": 10, "181->163": 11, "143->144": 2, "144->143": 3, "147->148": 1, "148->147": 12, "148->162": 1, "162->148": 12, "149->151": 1, "151->149": 12, "151->153": 1, "153->151": 12, "153->155": 1, "155->153": 12, "155->157": 1, "157->155": 12, "158->159": 1, "159->158": 12, "159->161": 1, "161->159": 12, "165->166": 1, "166->165": 12, "166->180": 1, "180->166": 12, "167->169": 1, "169->167": 12, "169->171": 1, "171->169": 12, "171->173": 1, "173->171": 12, "173->175": 1, "175->173": 12, "176->177": 1, "177->176": 12, "177->179": 1, "179->177": 12, "183->184": 2, "184->183": 3, "3->4": 2, "4->3": 3, "4->7": 2, "7->4": 3, "7->9": 2, "9->7": 3, "9->11": 2, "11->9": 3, "11->13": 2, "13->11": 3, "13->16": 2, "16->13": 3, "16->18": 2, "18->16": 3, "18->20": 2, "20->18": 3, "20->22": 2, "22->20": 3, "22->25": 2, "25->22": 3, "25->27": 2, "27->25": 3, "27->28": 2, "28->27": 3, "28->31": 2, "31->28": 3, "31->33": 2, "33->31": 3, "33->36": 2, "36->33": 3, "36->37": 2, "37->36": 3, "37->40": 2, "40->37": 3, "40->42": 2, "42->40": 3, "42->43": 2, "43->42": 3, "43->46": 2, "46->43": 3, "46->48": 2, "48->46": 3, "48->49": 2, "49->48": 3, "49->52": 2, "52->49": 3, "52->54": 2, "54->52": 3, "54->55": 2, "55->54": 3, "55->56": 2, "56->55": 3, "56->59": 2, "59->56": 3, "60->63": 2, "63->60": 3, "63->65": 2, "65->63": 3, "65->66": 2, "66->65": 3, "66->69": 2, "69->66": 3, "69->71": 2, "71->69": 3, "71->74": 2, "74->71": 3, "74->75": 2, "75->74": 3, "75->78": 2, "78->75": 3, "78->80": 2, "80->78": 3, "80->81": 2, "81->80": 3, "81->84": 2, "84->81": 3, "84->86": 2, "86->84": 3, "86->87": 2, "87->86": 3, "87->90": 2, "90->87": 3, "90->92": 2, "92->90": 3, "92->93": 2, "93->92": 3, "93->94": 2, "94->93": 3, "94->97": 2, "97->94": 3, "98->101": 2, "101->98": 3, "101->103": 2, "103->101": 3, "103->104": 2, "104->103": 3, "104->107": 2, "107->104": 3, "107->109": 2, "109->107": 3, "109->112": 2, "112->109": 3, "112->113": 2, "113->112": 3, "113->116": 2, "116->113": 3, "116->118": 2, "118->116": 3, "118->119": 2, "119->118": 3, "119->122": 2, "122->119": 3, "122->124": 2, "124->122": 3, "124->127": 2, "127->124": 3, "127->128": 2, "128->127": 3, "128->129": 2, "129->128": 3, "129->132": 2, "132->129": 3, "132->134": 2, "134->132": 3, "134->136": 2, "136->134": 3, "136->137": 2, "137->136": 3, "137->139": 2, "139->137": 3, "139->143": 2, "143->139": 3, "144->147": 2, "147->144": 3, "147->150": 2, "150->147": 3, "150->152": 2, "152->150": 3, "152->154": 4, "154->152": 5, "154->156": 2, "156->154": 3, "156->158": 2, "158->156": 3, "158->160": 2, "160->158": 3, "160->161": 2, "161->160": 3, "161->162": 2, "162->161": 3, "162->165": 2, "165->162": 3, "165->168": 2, "168->165": 3, "168->170": 2, "170->168": 3, "170->172": 4, "172->170": 5, "172->174": 2, "174->172": 3, "174->176": 2, "176->174": 3, "176->178": 2, "178->176": 3, "178->179": 2, "179->178": 3, "179->180": 2, "180->179": 3, "180->183": 2, "183->180": 3, "184->186": 2, "186->184": 3, "60->178": 4, "178->60": 5, "98->160": 4, "160->98": 5, "154->170": 4, "170->154": 5}, "metrics": [2.0, 0.0, 3.0, 3.0, 21.0, 4.0, 0.0, 0.0, 0.0, 0.0, 6.0]}