{"nodelist": ["ClassDeclaration", "{'public', 'abstract'}", "public", "abstract", "BulkAssigner", "FieldDeclaration", "{'final'}", "final", "ReferenceType", "Server", "VariableDeclarator", "server", "ConstructorDeclaration", "{'public'}", "public", "BulkAssigner", "FormalParameter", "{'final'}", "final", "ReferenceType", "Server", "server", "StatementExpression", "Assignment", "This", "MemberReference", "server", "MemberReference", "server", "=", "MethodDeclaration", "{'protected'}", "protected", "ReferenceType", "String", "getThreadNamePrefix", "ReturnStatement", "BinaryOperation", "+", "BinaryOperation", "+", "This", "MemberReference", "server", "MethodInvocation", "getServerName", "Literal", "\"-\"", "This", "MethodInvocation", "getClass", "MethodInvocation", "getName", "MethodDeclaration", "{'protected'}", "protected", "ReferenceType", "UncaughtExceptionHandler", "getUncaughtExceptionHandler", "ReturnStatement", "ClassCreator", "ReferenceType", "UncaughtExceptionHandler", "MethodDeclaration", "{'public'}", "public", "Annotation", "Override", "uncaughtException", "FormalParameter", "ReferenceType", "Thread", "t", "FormalParameter", "ReferenceType", "Throwable", "e", "StatementExpression", "MethodInvocation", "server", "BinaryOperation", "+", "Literal", "\"Uncaught exception in \"", "MethodInvocation", "t", "getName", "MemberReference", "e", "abort", "MethodDeclaration", "{'protected'}", "protected", "BasicType", "int", "getThreadCount", "ReturnStatement", "This", "MemberReference", "server", "MethodInvocation", "getConfiguration", "MethodInvocation", "Literal", "\"hbase.bulk.assignment.threadpool.size\"", "Literal", "20", "getInt", "MethodDeclaration", "{'protected'}", "protected", "BasicType", "long", "getTimeoutOnRIT", "ReturnStatement", "This", "MemberReference", "server", "MethodInvocation", "getConfiguration", "MethodInvocation", "Literal", "\"hbase.bulk.assignment.waiton.empty.rit\"", "BinaryOperation", "*", "BinaryOperation", "*", "Literal", "5", "Literal", "60", "Literal", "1000", "getLong", "MethodDeclaration", "{'protected', 'abstract'}", "protected", "abstract", "populatePool", "FormalParameter", "{'final'}", "final", "ReferenceType", "java", "ReferenceType", "util", "ReferenceType", "concurrent", "ReferenceType", "ExecutorService", "pool", "MethodDeclaration", "{'public'}", "public", "BasicType", "boolean", "bulkAssign", "InterruptedException", "ReturnStatement", "MethodInvocation", "Literal", "true", "bulkAssign", "MethodDeclaration", "{'public'}", "public", "BasicType", "boolean", "bulkAssign", "FormalParameter", "BasicType", "boolean", "sync", "InterruptedException", "LocalVariableDeclaration", "BasicType", "boolean", "VariableDeclarator", "result", "Literal", "false", "LocalVariableDeclaration", "ReferenceType", "ThreadFactoryBuilder", "VariableDeclarator", "builder", "ClassCreator", "ReferenceType", "ThreadFactoryBuilder", "StatementExpression", "MethodInvocation", "builder", "Literal", "true", "setDaemon", "StatementExpression", "MethodInvocation", "builder", "BinaryOperation", "+", "MethodInvocation", "getThreadNamePrefix", "Literal", "\"-%1$d\"", "setNameFormat", "StatementExpression", "MethodInvocation", "builder", "MethodInvocation", "getUncaughtExceptionHandler", "setUncaughtExceptionHandler", "LocalVariableDeclaration", "BasicType", "int", "VariableDeclarator", "threadCount", "MethodInvocation", "getThreadCount", "LocalVariableDeclaration", "ReferenceType", "java", "ReferenceType", "util", "ReferenceType", "concurrent", "ReferenceType", "ExecutorService", "VariableDeclarator", "pool", "MethodInvocation", "Executors", "MemberReference", "threadCount", "MethodInvocation", "builder", "build", "newFixedThreadPool", "TryStatement", "StatementExpression", "MethodInvocation", "MemberReference", "pool", "populatePool", "IfStatement", "MemberReference", "sync", "StatementExpression", "Assignment", "MemberReference", "result", "MethodInvocation", "MethodInvocation", "getTimeoutOnRIT", "waitUntilDone", "=", "StatementExpression", "MethodInvocation", "pool", "shutdown", "ReturnStatement", "MemberReference", "result", "MethodDeclaration", "{'protected', 'abstract'}", "protected", "abstract", "BasicType", "boolean", "waitUntilDone", "FormalParameter", "{'final'}", "final", "BasicType", "long", "timeout", "InterruptedException"], "nodes": {"0": "ClassDeclaration", "1": "Modifier", "2": "public", "3": "abstract", "4": "BulkAssigner", "5": "FieldDeclaration", "6": "Modifier", "7": "final", "8": "ReferenceType", "9": "Server", "10": "VariableDeclarator", "11": "server", "12": "ConstructorDeclaration", "13": "Modifier", "14": "public", "15": "BulkAssigner", "16": "FormalParameter", "17": "Modifier", "18": "final", "19": "ReferenceType", "20": "Server", "21": "server", "22": "StatementExpression", "23": "Assignment", "24": "This", "25": "MemberReference", "26": "server", "27": "MemberReference", "28": "server", "29": "=", "30": "MethodDeclaration", "31": "Modifier", "32": "protected", "33": "ReferenceType", "34": "String", "35": "getThreadNamePrefix", "36": "ReturnStatement", "37": "BinaryOperation", "38": "+", "39": "BinaryOperation", "40": "+", "41": "This", "42": "MemberReference", "43": "server", "44": "MethodInvocation", "45": "getServerName", "46": "Literal", "47": "\"-\"", "48": "This", "49": "MethodInvocation", "50": "getClass", "51": "MethodInvocation", "52": "getName", "53": "MethodDeclaration", "54": "Modifier", "55": "protected", "56": "ReferenceType", "57": "UncaughtExceptionHandler", "58": "getUncaughtExceptionHandler", "59": "ReturnStatement", "60": "ClassCreator", "61": "ReferenceType", "62": "UncaughtExceptionHandler", "63": "MethodDeclaration", "64": "Modifier", "65": "public", "66": "Annotation", "67": "Override", "68": "uncaughtException", "69": "FormalParameter", "70": "ReferenceType", "71": "Thread", "72": "t", "73": "FormalParameter", "74": "ReferenceType", "75": "Throwable", "76": "e", "77": "StatementExpression", "78": "MethodInvocation", "79": "server", "80": "BinaryOperation", "81": "+", "82": "Literal", "83": "\"Uncaught exception in \"", "84": "MethodInvocation", "85": "t", "86": "getName", "87": "MemberReference", "88": "e", "89": "abort", "90": "MethodDeclaration", "91": "Modifier", "92": "protected", "93": "BasicType", "94": "int", "95": "getThreadCount", "96": "ReturnStatement", "97": "This", "98": "MemberReference", "99": "server", "100": "MethodInvocation", "101": "getConfiguration", "102": "MethodInvocation", "103": "Literal", "104": "\"hbase.bulk.assignment.threadpool.size\"", "105": "Literal", "106": "20", "107": "getInt", "108": "MethodDeclaration", "109": "Modifier", "110": "protected", "111": "BasicType", "112": "long", "113": "getTimeoutOnRIT", "114": "ReturnStatement", "115": "This", "116": "MemberReference", "117": "server", "118": "MethodInvocation", "119": "getConfiguration", "120": "MethodInvocation", "121": "Literal", "122": "\"hbase.bulk.assignment.waiton.empty.rit\"", "123": "BinaryOperation", "124": "*", "125": "BinaryOperation", "126": "*", "127": "Literal", "128": "5", "129": "Literal", "130": "60", "131": "Literal", "132": "1000", "133": "getLong", "134": "MethodDeclaration", "135": "Modifier", "136": "protected", "137": "abstract", "138": "populatePool", "139": "FormalParameter", "140": "Modifier", "141": "final", "142": "ReferenceType", "143": "java", "144": "ReferenceType", "145": "util", "146": "ReferenceType", "147": "concurrent", "148": "ReferenceType", "149": "ExecutorService", "150": "pool", "151": "MethodDeclaration", "152": "Modifier", "153": "public", "154": "BasicType", "155": "boolean", "156": "bulkAssign", "157": "InterruptedException", "158": "ReturnStatement", "159": "MethodInvocation", "160": "Literal", "161": "true", "162": "bulkAssign", "163": "MethodDeclaration", "164": "Modifier", "165": "public", "166": "BasicType", "167": "boolean", "168": "bulkAssign", "169": "FormalParameter", "170": "BasicType", "171": "boolean", "172": "sync", "173": "InterruptedException", "174": "LocalVariableDeclaration", "175": "BasicType", "176": "boolean", "177": "VariableDeclarator", "178": "result", "179": "Literal", "180": "false", "181": "LocalVariableDeclaration", "182": "ReferenceType", "183": "ThreadFactoryBuilder", "184": "VariableDeclarator", "185": "builder", "186": "ClassCreator", "187": "ReferenceType", "188": "ThreadFactoryBuilder", "189": "StatementExpression", "190": "MethodInvocation", "191": "builder", "192": "Literal", "193": "true", "194": "setDaemon", "195": "StatementExpression", "196": "MethodInvocation", "197": "builder", "198": "BinaryOperation", "199": "+", "200": "MethodInvocation", "201": "getThreadNamePrefix", "202": "Literal", "203": "\"-%1$d\"", "204": "setNameFormat", "205": "StatementExpression", "206": "MethodInvocation", "207": "builder", "208": "MethodInvocation", "209": "getUncaughtExceptionHandler", "210": "setUncaughtExceptionHandler", "211": "LocalVariableDeclaration", "212": "BasicType", "213": "int", "214": "VariableDeclarator", "215": "threadCount", "216": "MethodInvocation", "217": "getThreadCount", "218": "LocalVariableDeclaration", "219": "ReferenceType", "220": "java", "221": "ReferenceType", "222": "util", "223": "ReferenceType", "224": "concurrent", "225": "ReferenceType", "226": "ExecutorService", "227": "VariableDeclarator", "228": "pool", "229": "MethodInvocation", "230": "Executors", "231": "MemberReference", "232": "threadCount", "233": "MethodInvocation", "234": "builder", "235": "build", "236": "newFixedThreadPool", "237": "TryStatement", "238": "StatementExpression", "239": "MethodInvocation", "240": "MemberReference", "241": "pool", "242": "populatePool", "243": "IfStatement", "244": "MemberReference", "245": "sync", "246": "StatementExpression", "247": "Assignment", "248": "MemberReference", "249": "result", "250": "MethodInvocation", "251": "MethodInvocation", "252": "getTimeoutOnRIT", "253": "waitUntilDone", "254": "=", "255": "StatementExpression", "256": "MethodInvocation", "257": "pool", "258": "shutdown", "259": "ReturnStatement", "260": "MemberReference", "261": "result", "262": "MethodDeclaration", "263": "Modifier", "264": "protected", "265": "abstract", "266": "BasicType", "267": "boolean", "268": "waitUntilDone", "269": "FormalParameter", "270": "Modifier", "271": "final", "272": "BasicType", "273": "long", "274": "timeout", "275": "InterruptedException"}, "edges": {"0->1": 0, "1->0": 0, "1->2": 0, "2->1": 0, "1->3": 0, "3->1": 0, "0->4": 0, "4->0": 0, "0->5": 0, "5->0": 0, "5->6": 0, "6->5": 0, "6->7": 0, "7->6": 0, "5->8": 0, "8->5": 0, "8->9": 0, "9->8": 0, "5->10": 0, "10->5": 0, "10->11": 0, "11->10": 0, "0->12": 0, "12->0": 0, "12->13": 0, "13->12": 0, "13->14": 0, "14->13": 0, "12->15": 0, "15->12": 0, "12->16": 0, "16->12": 0, "16->17": 0, "17->16": 0, "17->18": 0, "18->17": 0, "16->19": 0, "19->16": 0, "19->20": 0, "20->19": 0, "16->21": 0, "21->16": 0, "12->22": 0, "22->12": 0, "22->23": 0, "23->22": 0, "23->24": 0, "24->23": 0, "24->25": 0, "25->24": 0, "25->26": 0, "26->25": 0, "23->27": 0, "27->23": 0, "27->28": 0, "28->27": 0, "23->29": 0, "29->23": 0, "0->30": 0, "30->0": 0, "30->31": 0, "31->30": 0, "31->32": 0, "32->31": 0, "30->33": 0, "33->30": 0, "33->34": 0, "34->33": 0, "30->35": 0, "35->30": 0, "30->36": 0, "36->30": 0, "36->37": 0, "37->36": 0, "37->38": 0, "38->37": 0, "37->39": 0, "39->37": 0, "39->40": 0, "40->39": 0, "39->41": 0, "41->39": 0, "41->42": 0, "42->41": 0, "42->43": 0, "43->42": 0, "41->44": 0, "44->41": 0, "44->45": 0, "45->44": 0, "39->46": 0, "46->39": 0, "46->47": 0, "47->46": 0, "37->48": 0, "48->37": 0, "48->49": 0, "49->48": 0, "49->50": 0, "50->49": 0, "48->51": 0, "51->48": 0, "51->52": 0, "52->51": 0, "0->53": 0, "53->0": 0, "53->54": 0, "54->53": 0, "54->55": 0, "55->54": 0, "53->56": 0, "56->53": 0, "56->57": 0, "57->56": 0, "53->58": 0, "58->53": 0, "53->59": 0, "59->53": 0, "59->60": 0, "60->59": 0, "60->61": 0, "61->60": 0, "61->62": 0, "62->61": 0, "60->63": 0, "63->60": 0, "63->64": 0, "64->63": 0, "64->65": 0, "65->64": 0, "63->66": 0, "66->63": 0, "66->67": 0, "67->66": 0, "63->68": 0, "68->63": 0, "63->69": 0, "69->63": 0, "69->70": 0, "70->69": 0, "70->71": 0, "71->70": 0, "69->72": 0, "72->69": 0, "63->73": 0, "73->63": 0, "73->74": 0, "74->73": 0, "74->75": 0, "75->74": 0, "73->76": 0, "76->73": 0, "63->77": 0, "77->63": 0, "77->78": 0, "78->77": 0, "78->79": 0, "79->78": 0, "78->80": 0, "80->78": 0, "80->81": 0, "81->80": 0, "80->82": 0, "82->80": 0, "82->83": 0, "83->82": 0, "80->84": 0, "84->80": 0, "84->85": 0, "85->84": 0, "84->86": 0, "86->84": 0, "78->87": 0, "87->78": 0, "87->88": 0, "88->87": 0, "78->89": 0, "89->78": 0, "0->90": 0, "90->0": 0, "90->91": 0, "91->90": 0, "91->92": 0, "92->91": 0, "90->93": 0, "93->90": 0, "93->94": 0, "94->93": 0, "90->95": 0, "95->90": 0, "90->96": 0, "96->90": 0, "96->97": 0, "97->96": 0, "97->98": 0, "98->97": 0, "98->99": 0, "99->98": 0, "97->100": 0, "100->97": 0, "100->101": 0, "101->100": 0, "97->102": 0, "102->97": 0, "102->103": 0, "103->102": 0, "103->104": 0, "104->103": 0, "102->105": 0, "105->102": 0, "105->106": 0, "106->105": 0, "102->107": 0, "107->102": 0, "0->108": 0, "108->0": 0, "108->109": 0, "109->108": 0, "109->110": 0, "110->109": 0, "108->111": 0, "111->108": 0, "111->112": 0, "112->111": 0, "108->113": 0, "113->108": 0, "108->114": 0, "114->108": 0, "114->115": 0, "115->114": 0, "115->116": 0, "116->115": 0, "116->117": 0, "117->116": 0, "115->118": 0, "118->115": 0, "118->119": 0, "119->118": 0, "115->120": 0, "120->115": 0, "120->121": 0, "121->120": 0, "121->122": 0, "122->121": 0, "120->123": 0, "123->120": 0, "123->124": 0, "124->123": 0, "123->125": 0, "125->123": 0, "125->126": 0, "126->125": 0, "125->127": 0, "127->125": 0, "127->128": 0, "128->127": 0, "125->129": 0, "129->125": 0, "129->130": 0, "130->129": 0, "123->131": 0, "131->123": 0, "131->132": 0, "132->131": 0, "120->133": 0, "133->120": 0, "0->134": 0, "134->0": 0, "134->135": 0, "135->134": 0, "135->136": 0, "136->135": 0, "135->137": 0, "137->135": 0, "134->138": 0, "138->134": 0, "134->139": 0, "139->134": 0, "139->140": 0, "140->139": 0, "140->141": 0, "141->140": 0, "139->142": 0, "142->139": 0, "142->143": 0, "143->142": 0, "142->144": 0, "144->142": 0, "144->145": 0, "145->144": 0, "144->146": 0, "146->144": 0, "146->147": 0, "147->146": 0, "146->148": 0, "148->146": 0, "148->149": 0, "149->148": 0, "139->150": 0, "150->139": 0, "0->151": 0, "151->0": 0, "151->152": 0, "152->151": 0, "152->153": 0, "153->152": 0, "151->154": 0, "154->151": 0, "154->155": 0, "155->154": 0, "151->156": 0, "156->151": 0, "151->157": 0, "157->151": 0, "151->158": 0, "158->151": 0, "158->159": 0, "159->158": 0, "159->160": 0, "160->159": 0, "160->161": 0, "161->160": 0, "159->162": 0, "162->159": 0, "0->163": 0, "163->0": 0, "163->164": 0, "164->163": 0, "164->165": 0, "165->164": 0, "163->166": 0, "166->163": 0, "166->167": 0, "167->166": 0, "163->168": 0, "168->163": 0, "163->169": 0, "169->163": 0, "169->170": 0, "170->169": 0, "170->171": 0, "171->170": 0, "169->172": 0, "172->169": 0, "163->173": 0, "173->163": 0, "163->174": 0, "174->163": 0, "174->175": 0, "175->174": 0, "175->176": 0, "176->175": 0, "174->177": 0, "177->174": 0, "177->178": 0, "178->177": 0, "177->179": 0, "179->177": 0, "179->180": 0, "180->179": 0, "163->181": 0, "181->163": 0, "181->182": 0, "182->181": 0, "182->183": 0, "183->182": 0, "181->184": 0, "184->181": 0, "184->185": 0, "185->184": 0, "184->186": 0, "186->184": 0, "186->187": 0, "187->186": 0, "187->188": 0, "188->187": 0, "163->189": 0, "189->163": 0, "189->190": 0, "190->189": 0, "190->191": 0, "191->190": 0, "190->192": 0, "192->190": 0, "192->193": 0, "193->192": 0, "190->194": 0, "194->190": 0, "163->195": 0, "195->163": 0, "195->196": 0, "196->195": 0, "196->197": 0, "197->196": 0, "196->198": 0, "198->196": 0, "198->199": 0, "199->198": 0, "198->200": 0, "200->198": 0, "200->201": 0, "201->200": 0, "198->202": 0, "202->198": 0, "202->203": 0, "203->202": 0, "196->204": 0, "204->196": 0, "163->205": 0, "205->163": 0, "205->206": 0, "206->205": 0, "206->207": 0, "207->206": 0, "206->208": 0, "208->206": 0, "208->209": 0, "209->208": 0, "206->210": 0, "210->206": 0, "163->211": 0, "211->163": 0, "211->212": 0, "212->211": 0, "212->213": 0, "213->212": 0, "211->214": 0, "214->211": 0, "214->215": 0, "215->214": 0, "214->216": 0, "216->214": 0, "216->217": 0, "217->216": 0, "163->218": 0, "218->163": 0, "218->219": 0, "219->218": 0, "219->220": 0, "220->219": 0, "219->221": 0, "221->219": 0, "221->222": 0, "222->221": 0, "221->223": 0, "223->221": 0, "223->224": 0, "224->223": 0, "223->225": 0, "225->223": 0, "225->226": 0, "226->225": 0, "218->227": 0, "227->218": 0, "227->228": 0, "228->227": 0, "227->229": 0, "229->227": 0, "229->230": 0, "230->229": 0, "229->231": 0, "231->229": 0, "231->232": 0, "232->231": 0, "229->233": 0, "233->229": 0, "233->234": 0, "234->233": 0, "233->235": 0, "235->233": 0, "229->236": 0, "236->229": 0, "163->237": 0, "237->163": 0, "237->238": 0, "238->237": 0, "238->239": 0, "239->238": 0, "239->240": 0, "240->239": 0, "240->241": 0, "241->240": 0, "239->242": 0, "242->239": 0, "237->243": 0, "243->237": 0, "243->244": 0, "244->243": 0, "244->245": 0, "245->244": 0, "243->246": 0, "246->243": 0, "246->247": 0, "247->246": 0, "247->248": 0, "248->247": 0, "248->249": 0, "249->248": 0, "247->250": 0, "250->247": 0, "250->251": 0, "251->250": 0, "251->252": 0, "252->251": 0, "250->253": 0, "253->250": 0, "247->254": 0, "254->247": 0, "237->255": 0, "255->237": 0, "255->256": 0, "256->255": 0, "256->257": 0, "257->256": 0, "256->258": 0, "258->256": 0, "163->259": 0, "259->163": 0, "259->260": 0, "260->259": 0, "260->261": 0, "261->260": 0, "0->262": 0, "262->0": 0, "262->263": 0, "263->262": 0, "263->264": 0, "264->263": 0, "263->265": 0, "265->263": 0, "262->266": 0, "266->262": 0, "266->267": 0, "267->266": 0, "262->268": 0, "268->262": 0, "262->269": 0, "269->262": 0, "269->270": 0, "270->269": 0, "270->271": 0, "271->270": 0, "269->272": 0, "272->269": 0, "272->273": 0, "273->272": 0, "269->274": 0, "274->269": 0, "262->275": 0, "275->262": 0, "1->4": 1, "4->1": 12, "4->5": 1, "5->4": 12, "5->12": 1, "12->5": 12, "12->30": 1, "30->12": 12, "30->53": 1, "53->30": 12, "53->90": 1, "90->53": 12, "90->108": 1, "108->90": 12, "108->134": 1, "134->108": 12, "134->151": 1, "151->134": 12, "151->163": 1, "163->151": 12, "163->262": 1, "262->163": 12, "2->3": 2, "3->2": 3, "6->8": 1, "8->6": 12, "8->10": 1, "10->8": 12, "13->15": 1, "15->13": 12, "15->16": 1, "16->15": 12, "16->22": 1, "22->16": 12, "17->19": 1, "19->17": 12, "19->21": 1, "21->19": 12, "24->27": 1, "27->24": 12, "27->29": 1, "29->27": 12, "31->33": 1, "33->31": 12, "33->35": 1, "35->33": 12, "35->36": 1, "36->35": 12, "38->39": 1, "39->38": 12, "39->48": 1, "48->39": 12, "40->41": 1, "41->40": 12, "41->46": 1, "46->41": 12, "42->44": 1, "44->42": 12, "49->51": 1, "51->49": 12, "54->56": 1, "56->54": 12, "56->58": 1, "58->56": 12, "58->59": 1, "59->58": 12, "61->63": 1, "63->61": 12, "64->66": 1, "66->64": 12, "66->68": 1, "68->66": 12, "68->69": 1, "69->68": 12, "69->73": 1, "73->69": 12, "73->77": 1, "77->73": 12, "70->72": 1, "72->70": 12, "74->76": 1, "76->74": 12, "79->80": 1, "80->79": 12, "80->87": 1, "87->80": 12, "87->89": 1, "89->87": 12, "81->82": 1, "82->81": 12, "82->84": 1, "84->82": 12, "85->86": 2, "86->85": 3, "91->93": 1, "93->91": 12, "93->95": 1, "95->93": 12, "95->96": 1, "96->95": 12, "98->100": 1, "100->98": 12, "100->102": 1, "102->100": 12, "103->105": 1, "105->103": 12, "105->107": 1, "107->105": 12, "109->111": 1, "111->109": 12, "111->113": 1, "113->111": 12, "113->114": 1, "114->113": 12, "116->118": 1, "118->116": 12, "118->120": 1, "120->118": 12, "121->123": 1, "123->121": 12, "123->133": 1, "133->123": 12, "124->125": 1, "125->124": 12, "125->131": 1, "131->125": 12, "126->127": 1, "127->126": 12, "127->129": 1, "129->127": 12, "135->138": 1, "138->135": 12, "138->139": 1, "139->138": 12, "136->137": 2, "137->136": 3, "140->142": 1, "142->140": 12, "142->150": 1, "150->142": 12, "143->144": 1, "144->143": 12, "145->146": 1, "146->145": 12, "147->148": 1, "148->147": 12, "152->154": 1, "154->152": 12, "154->156": 1, "156->154": 12, "156->157": 2, "157->156": 3, "157->158": 1, "158->157": 12, "160->162": 1, "162->160": 12, "164->166": 1, "166->164": 12, "166->168": 1, "168->166": 12, "168->169": 1, "169->168": 12, "169->173": 1, "173->169": 12, "173->174": 1, "174->173": 12, "174->181": 1, "181->174": 12, "181->189": 1, "189->181": 12, "189->195": 1, "195->189": 12, "195->205": 1, "205->195": 12, "205->211": 1, "211->205": 12, "211->218": 1, "218->211": 12, "218->237": 1, "237->218": 12, "237->259": 1, "259->237": 12, "170->172": 1, "172->170": 12, "175->177": 1, "177->175": 12, "178->179": 1, "179->178": 12, "182->184": 1, "184->182": 12, "185->186": 1, "186->185": 12, "191->192": 1, "192->191": 12, "192->194": 1, "194->192": 12, "197->198": 1, "198->197": 12, "198->204": 1, "204->198": 12, "199->200": 1, "200->199": 12, "200->202": 1, "202->200": 12, "207->208": 1, "208->207": 12, "208->210": 1, "210->208": 12, "212->214": 1, "214->212": 12, "215->216": 1, "216->215": 12, "219->227": 1, "227->219": 12, "220->221": 1, "221->220": 12, "222->223": 1, "223->222": 12, "224->225": 1, "225->224": 12, "228->229": 1, "229->228": 12, "230->231": 1, "231->230": 12, "231->233": 1, "233->231": 12, "233->236": 1, "236->233": 12, "234->235": 2, "235->234": 3, "238->243": 1, "243->238": 12, "243->255": 1, "255->243": 12, "240->242": 1, "242->240": 12, "244->246": 6, "246->244": 6, "248->250": 1, "250->248": 12, "250->254": 1, "254->250": 12, "251->253": 1, "253->251": 12, "257->258": 2, "258->257": 3, "263->266": 1, "266->263": 12, "266->268": 1, "268->266": 12, "268->269": 1, "269->268": 12, "269->275": 1, "275->269": 12, "264->265": 2, "265->264": 3, "270->272": 1, "272->270": 12, "272->274": 1, "274->272": 12, "3->4": 2, "4->3": 3, "4->7": 2, "7->4": 3, "7->9": 2, "9->7": 3, "9->11": 2, "11->9": 3, "11->14": 2, "14->11": 3, "14->15": 2, "15->14": 3, "15->18": 2, "18->15": 3, "18->20": 2, "20->18": 3, "20->21": 2, "21->20": 3, "21->26": 2, "26->21": 3, "26->28": 4, "28->26": 5, "28->29": 2, "29->28": 3, "29->32": 2, "32->29": 3, "32->34": 2, "34->32": 3, "34->35": 2, "35->34": 3, "35->38": 2, "38->35": 3, "38->40": 2, "40->38": 3, "40->43": 2, "43->40": 3, "43->45": 2, "45->43": 3, "45->47": 2, "47->45": 3, "47->50": 2, "50->47": 3, "50->52": 2, "52->50": 3, "52->55": 2, "55->52": 3, "55->57": 2, "57->55": 3, "57->58": 2, "58->57": 3, "58->62": 2, "62->58": 3, "62->65": 2, "65->62": 3, "65->67": 2, "67->65": 3, "67->68": 2, "68->67": 3, "68->71": 2, "71->68": 3, "71->72": 2, "72->71": 3, "72->75": 2, "75->72": 3, "75->76": 2, "76->75": 3, "76->79": 2, "79->76": 3, "79->81": 2, "81->79": 3, "81->83": 2, "83->81": 3, "83->85": 2, "85->83": 3, "86->88": 2, "88->86": 3, "88->89": 2, "89->88": 3, "89->92": 2, "92->89": 3, "92->94": 2, "94->92": 3, "94->95": 2, "95->94": 3, "95->99": 2, "99->95": 3, "99->101": 2, "101->99": 3, "101->104": 2, "104->101": 3, "104->106": 2, "106->104": 3, "106->107": 2, "107->106": 3, "107->110": 2, "110->107": 3, "110->112": 2, "112->110": 3, "112->113": 2, "113->112": 3, "113->117": 2, "117->113": 3, "117->119": 2, "119->117": 3, "119->122": 2, "122->119": 3, "122->124": 2, "124->122": 3, "124->126": 2, "126->124": 3, "126->128": 2, "128->126": 3, "128->130": 2, "130->128": 3, "130->132": 2, "132->130": 3, "132->133": 2, "133->132": 3, "133->136": 2, "136->133": 3, "137->138": 2, "138->137": 3, "138->141": 2, "141->138": 3, "141->143": 2, "143->141": 3, "143->145": 2, "145->143": 3, "145->147": 2, "147->145": 3, "147->149": 2, "149->147": 3, "149->150": 2, "150->149": 3, "150->153": 2, "153->150": 3, "153->155": 2, "155->153": 3, "155->156": 2, "156->155": 3, "157->161": 2, "161->157": 3, "161->162": 2, "162->161": 3, "162->165": 2, "165->162": 3, "165->167": 2, "167->165": 3, "167->168": 2, "168->167": 3, "168->171": 2, "171->168": 3, "171->172": 2, "172->171": 3, "172->173": 2, "173->172": 3, "173->176": 2, "176->173": 3, "176->178": 2, "178->176": 3, "178->180": 2, "180->178": 3, "180->183": 2, "183->180": 3, "183->185": 2, "185->183": 3, "185->188": 2, "188->185": 3, "188->191": 2, "191->188": 3, "191->193": 2, "193->191": 3, "193->194": 2, "194->193": 3, "194->197": 2, "197->194": 3, "197->199": 2, "199->197": 3, "199->201": 2, "201->199": 3, "201->203": 2, "203->201": 3, "203->204": 2, "204->203": 3, "204->207": 2, "207->204": 3, "207->209": 2, "209->207": 3, "209->210": 2, "210->209": 3, "210->213": 2, "213->210": 3, "213->215": 2, "215->213": 3, "215->217": 2, "217->215": 3, "217->220": 2, "220->217": 3, "220->222": 2, "222->220": 3, "222->224": 2, "224->222": 3, "224->226": 2, "226->224": 3, "226->228": 2, "228->226": 3, "228->230": 2, "230->228": 3, "230->232": 2, "232->230": 3, "232->234": 2, "234->232": 3, "235->236": 2, "236->235": 3, "236->241": 2, "241->236": 3, "241->242": 2, "242->241": 3, "242->245": 2, "245->242": 3, "245->249": 2, "249->245": 3, "249->252": 2, "252->249": 3, "252->253": 2, "253->252": 3, "253->254": 2, "254->253": 3, "254->257": 2, "257->254": 3, "258->261": 2, "261->258": 3, "261->264": 2, "264->261": 3, "265->267": 2, "267->265": 3, "267->268": 2, "268->267": 3, "268->271": 2, "271->268": 3, "271->273": 2, "273->271": 3, "273->274": 2, "274->273": 3, "274->275": 2, "275->274": 3, "28->43": 4, "43->28": 5, "43->99": 4, "99->43": 5, "99->117": 4, "117->99": 5, "249->261": 4, "261->249": 5}, "metrics": [1.0, 0.0, 10.0, 4.0, 66.0, 11.0, 1.0, 0.0, 0.2, 1.0, 1.0]}