{"nodelist": ["InterfaceDeclaration", "{'public'}", "public", "Abortable", "MethodDeclaration", "{'public'}", "public", "abort", "FormalParameter", "ReferenceType", "String", "why", "FormalParameter", "ReferenceType", "Throwable", "e"], "nodes": {"0": "InterfaceDeclaration", "1": "Modifier", "2": "public", "3": "Abortable", "4": "MethodDeclaration", "5": "Modifier", "6": "public", "7": "abort", "8": "FormalParameter", "9": "ReferenceType", "10": "String", "11": "why", "12": "FormalParameter", "13": "ReferenceType", "14": "Throwable", "15": "e"}, "edges": {"0->1": 0, "1->0": 0, "1->2": 0, "2->1": 0, "0->3": 0, "3->0": 0, "0->4": 0, "4->0": 0, "4->5": 0, "5->4": 0, "5->6": 0, "6->5": 0, "4->7": 0, "7->4": 0, "4->8": 0, "8->4": 0, "8->9": 0, "9->8": 0, "9->10": 0, "10->9": 0, "8->11": 0, "11->8": 0, "4->12": 0, "12->4": 0, "12->13": 0, "13->12": 0, "13->14": 0, "14->13": 0, "12->15": 0, "15->12": 0, "1->3": 1, "3->1": 12, "3->4": 1, "4->3": 12, "5->7": 1, "7->5": 12, "7->8": 1, "8->7": 12, "8->12": 1, "12->8": 12, "9->11": 1, "11->9": 12, "13->15": 1, "15->13": 12, "2->3": 2, "3->2": 3, "3->6": 2, "6->3": 3, "6->7": 2, "7->6": 3, "7->10": 2, "10->7": 3, "10->11": 2, "11->10": 3, "11->14": 2, "14->11": 3, "14->15": 2, "15->14": 3}, "metrics": [0.0, 0.0, 1.0, 1.0, 11.0, 1.0, 1.0, 0.0, -1.0, 15.0, 0.0]}