{"nodelist": ["ClassDeclaration", "FailedLogCloseException", "FieldDeclaration", "{'final', 'private', 'static'}", "final", "private", "static", "BasicType", "long", "VariableDeclarator", "serialVersionUID", "Literal", "1759152841462990925L", "ConstructorDeclaration", "{'public'}", "public", "FailedLogCloseException", "StatementExpression", "SuperConstructorInvocation", "ConstructorDeclaration", "{'public'}", "public", "FailedLogCloseException", "FormalParameter", "ReferenceType", "String", "arg0", "StatementExpression", "SuperConstructorInvocation", "MemberReference", "arg0", "ReferenceType", "IOException"], "nodes": {"0": "ClassDeclaration", "1": "FailedLogCloseException", "2": "FieldDeclaration", "3": "Modifier", "4": "final", "5": "private", "6": "static", "7": "BasicType", "8": "long", "9": "VariableDeclarator", "10": "serialVersionUID", "11": "Literal", "12": "1759152841462990925L", "13": "ConstructorDeclaration", "14": "Modifier", "15": "public", "16": "FailedLogCloseException", "17": "StatementExpression", "18": "SuperConstructorInvocation", "19": "ConstructorDeclaration", "20": "Modifier", "21": "public", "22": "FailedLogCloseException", "23": "FormalParameter", "24": "ReferenceType", "25": "String", "26": "arg0", "27": "StatementExpression", "28": "SuperConstructorInvocation", "29": "MemberReference", "30": "arg0", "31": "ReferenceType", "32": "IOException"}, "edges": {"0->1": 0, "1->0": 0, "0->2": 0, "2->0": 0, "2->3": 0, "3->2": 0, "3->4": 0, "4->3": 0, "3->5": 0, "5->3": 0, "3->6": 0, "6->3": 0, "2->7": 0, "7->2": 0, "7->8": 0, "8->7": 0, "2->9": 0, "9->2": 0, "9->10": 0, "10->9": 0, "9->11": 0, "11->9": 0, "11->12": 0, "12->11": 0, "0->13": 0, "13->0": 0, "13->14": 0, "14->13": 0, "14->15": 0, "15->14": 0, "13->16": 0, "16->13": 0, "13->17": 0, "17->13": 0, "17->18": 0, "18->17": 0, "0->19": 0, "19->0": 0, "19->20": 0, "20->19": 0, "20->21": 0, "21->20": 0, "19->22": 0, "22->19": 0, "19->23": 0, "23->19": 0, "23->24": 0, "24->23": 0, "24->25": 0, "25->24": 0, "23->26": 0, "26->23": 0, "19->27": 0, "27->19": 0, "27->28": 0, "28->27": 0, "28->29": 0, "29->28": 0, "29->30": 0, "30->29": 0, "0->31": 0, "31->0": 0, "31->32": 0, "32->31": 0, "1->2": 1, "2->1": 12, "2->13": 1, "13->2": 12, "13->19": 1, "19->13": 12, "19->31": 1, "31->19": 12, "3->7": 1, "7->3": 12, "7->9": 1, "9->7": 12, "4->5": 2, "5->4": 3, "5->6": 2, "6->5": 3, "10->11": 1, "11->10": 12, "14->16": 1, "16->14": 12, "16->17": 1, "17->16": 12, "20->22": 1, "22->20": 12, "22->23": 1, "23->22": 12, "23->27": 1, "27->23": 12, "24->26": 1, "26->24": 12, "1->4": 2, "4->1": 3, "6->8": 2, "8->6": 3, "8->10": 2, "10->8": 3, "10->12": 2, "12->10": 3, "12->15": 2, "15->12": 3, "15->16": 2, "16->15": 3, "16->18": 2, "18->16": 3, "18->21": 2, "21->18": 3, "21->22": 2, "22->21": 3, "22->25": 2, "25->22": 3, "25->26": 2, "26->25": 3, "26->30": 2, "30->26": 3, "30->32": 2, "32->30": 3}, "metrics": [1.0, 0.0, 2.0, 2.0, 12.0, 2.0, 0.0, 0.0, 1.0, 1.0, 0.0]}