{"nodelist": ["ClassDeclaration", "{'public'}", "public", "WhileMatchFilter", "FieldDeclaration", "{'private'}", "private", "BasicType", "boolean", "VariableDeclarator", "filterAllRemaining", "Literal", "false", "FieldDeclaration", "{'private'}", "private", "ReferenceType", "Filter", "VariableDeclarator", "filter", "ConstructorDeclaration", "{'public'}", "public", "WhileMatchFilter", "StatementExpression", "SuperConstructorInvocation", "ConstructorDeclaration", "{'public'}", "public", "WhileMatchFilter", "FormalParameter", "ReferenceType", "Filter", "filter", "StatementExpression", "Assignment", "This", "MemberReference", "filter", "MemberReference", "filter", "=", "MethodDeclaration", "{'public'}", "public", "reset", "MethodDeclaration", "{'private'}", "private", "changeFAR", "FormalParameter", "BasicType", "boolean", "value", "StatementExpression", "Assignment", "MemberReference", "filterAllRemaining", "BinaryOperation", "||", "MemberReference", "filterAllRemaining", "MemberReference", "value", "=", "MethodDeclaration", "{'public'}", "public", "BasicType", "boolean", "filterRowKey", "FormalParameter", "BasicType", "byte", "buffer", "FormalParameter", "BasicType", "int", "offset", "FormalParameter", "BasicType", "int", "length", "StatementExpression", "MethodInvocation", "MethodInvocation", "filter", "MemberReference", "buffer", "MemberReference", "offset", "MemberReference", "length", "filterRowKey", "changeFAR", "ReturnStatement", "MethodInvocation", "filterAllRemaining", "MethodDeclaration", "{'public'}", "public", "BasicType", "boolean", "filterAllRemaining", "ReturnStatement", "BinaryOperation", "||", "This", "MemberReference", "filterAllRemaining", "This", "MemberReference", "filter", "MethodInvocation", "filterAllRemaining", "MethodDeclaration", "{'public'}", "public", "ReferenceType", "ReturnCode", "filterKeyValue", "FormalParameter", "ReferenceType", "KeyValue", "v", "LocalVariableDeclaration", "ReferenceType", "ReturnCode", "VariableDeclarator", "c", "MethodInvocation", "filter", "MemberReference", "v", "filterKeyValue", "StatementExpression", "MethodInvocation", "BinaryOperation", "!=", "MemberReference", "c", "MemberReference", "ReturnCode", "INCLUDE", "changeFAR", "ReturnStatement", "MemberReference", "c", "MethodDeclaration", "{'public'}", "public", "BasicType", "boolean", "filterRow", "ReturnStatement", "Literal", "false", "MethodDeclaration", "{'public'}", "public", "write", "FormalParameter", "ReferenceType", "DataOutput", "out", "IOException", "StatementExpression", "MethodInvocation", "out", "This", "MemberReference", "filter", "MethodInvocation", "getClass", "MethodInvocation", "getName", "writeUTF", "StatementExpression", "This", "MemberReference", "filter", "MethodInvocation", "MemberReference", "out", "write", "MethodDeclaration", "{'public'}", "public", "readFields", "FormalParameter", "ReferenceType", "DataInput", "in", "IOException", "LocalVariableDeclaration", "ReferenceType", "String", "VariableDeclarator", "className", "MethodInvocation", "in", "readUTF", "TryStatement", "StatementExpression", "Assignment", "This", "MemberReference", "filter", "Cast", "ReferenceType", "Filter", "MethodInvocation", "Class", "MemberReference", "className", "forName", "=", "StatementExpression", "This", "MemberReference", "filter", "MethodInvocation", "MemberReference", "in", "readFields", "CatchClause", "CatchClauseParameter", "InstantiationException", "e", "ThrowStatement", "ClassCreator", "ReferenceType", "RuntimeException", "Literal", "\"Failed deserialize.\"", "MemberReference", "e", "CatchClause", "CatchClauseParameter", "IllegalAccessException", "e", "ThrowStatement", "ClassCreator", "ReferenceType", "RuntimeException", "Literal", "\"Failed deserialize.\"", "MemberReference", "e", "CatchClause", "CatchClauseParameter", "ClassNotFoundException", "e", "ThrowStatement", "ClassCreator", "ReferenceType", "RuntimeException", "Literal", "\"Failed deserialize.\"", "MemberReference", "e", "ReferenceType", "Filter"], "nodes": {"0": "ClassDeclaration", "1": "Modifier", "2": "public", "3": "WhileMatchFilter", "4": "FieldDeclaration", "5": "Modifier", "6": "private", "7": "BasicType", "8": "boolean", "9": "VariableDeclarator", "10": "filterAllRemaining", "11": "Literal", "12": "false", "13": "FieldDeclaration", "14": "Modifier", "15": "private", "16": "ReferenceType", "17": "Filter", "18": "VariableDeclarator", "19": "filter", "20": "ConstructorDeclaration", "21": "Modifier", "22": "public", "23": "WhileMatchFilter", "24": "StatementExpression", "25": "SuperConstructorInvocation", "26": "ConstructorDeclaration", "27": "Modifier", "28": "public", "29": "WhileMatchFilter", "30": "FormalParameter", "31": "ReferenceType", "32": "Filter", "33": "filter", "34": "StatementExpression", "35": "Assignment", "36": "This", "37": "MemberReference", "38": "filter", "39": "MemberReference", "40": "filter", "41": "=", "42": "MethodDeclaration", "43": "Modifier", "44": "public", "45": "reset", "46": "MethodDeclaration", "47": "Modifier", "48": "private", "49": "changeFAR", "50": "FormalParameter", "51": "BasicType", "52": "boolean", "53": "value", "54": "StatementExpression", "55": "Assignment", "56": "MemberReference", "57": "filterAllRemaining", "58": "BinaryOperation", "59": "||", "60": "MemberReference", "61": "filterAllRemaining", "62": "MemberReference", "63": "value", "64": "=", "65": "MethodDeclaration", "66": "Modifier", "67": "public", "68": "BasicType", "69": "boolean", "70": "filterRowKey", "71": "FormalParameter", "72": "BasicType", "73": "byte", "74": "buffer", "75": "FormalParameter", "76": "BasicType", "77": "int", "78": "offset", "79": "FormalParameter", "80": "BasicType", "81": "int", "82": "length", "83": "StatementExpression", "84": "MethodInvocation", "85": "MethodInvocation", "86": "filter", "87": "MemberReference", "88": "buffer", "89": "MemberReference", "90": "offset", "91": "MemberReference", "92": "length", "93": "filterRowKey", "94": "changeFAR", "95": "ReturnStatement", "96": "MethodInvocation", "97": "filterAllRemaining", "98": "MethodDeclaration", "99": "Modifier", "100": "public", "101": "BasicType", "102": "boolean", "103": "filterAllRemaining", "104": "ReturnStatement", "105": "BinaryOperation", "106": "||", "107": "This", "108": "MemberReference", "109": "filterAllRemaining", "110": "This", "111": "MemberReference", "112": "filter", "113": "MethodInvocation", "114": "filterAllRemaining", "115": "MethodDeclaration", "116": "Modifier", "117": "public", "118": "ReferenceType", "119": "ReturnCode", "120": "filterKeyValue", "121": "FormalParameter", "122": "ReferenceType", "123": "KeyValue", "124": "v", "125": "LocalVariableDeclaration", "126": "ReferenceType", "127": "ReturnCode", "128": "VariableDeclarator", "129": "c", "130": "MethodInvocation", "131": "filter", "132": "MemberReference", "133": "v", "134": "filterKeyValue", "135": "StatementExpression", "136": "MethodInvocation", "137": "BinaryOperation", "138": "!=", "139": "MemberReference", "140": "c", "141": "MemberReference", "142": "ReturnCode", "143": "INCLUDE", "144": "changeFAR", "145": "ReturnStatement", "146": "MemberReference", "147": "c", "148": "MethodDeclaration", "149": "Modifier", "150": "public", "151": "BasicType", "152": "boolean", "153": "filterRow", "154": "ReturnStatement", "155": "Literal", "156": "false", "157": "MethodDeclaration", "158": "Modifier", "159": "public", "160": "write", "161": "FormalParameter", "162": "ReferenceType", "163": "DataOutput", "164": "out", "165": "IOException", "166": "StatementExpression", "167": "MethodInvocation", "168": "out", "169": "This", "170": "MemberReference", "171": "filter", "172": "MethodInvocation", "173": "getClass", "174": "MethodInvocation", "175": "getName", "176": "writeUTF", "177": "StatementExpression", "178": "This", "179": "MemberReference", "180": "filter", "181": "MethodInvocation", "182": "MemberReference", "183": "out", "184": "write", "185": "MethodDeclaration", "186": "Modifier", "187": "public", "188": "readFields", "189": "FormalParameter", "190": "ReferenceType", "191": "DataInput", "192": "in", "193": "IOException", "194": "LocalVariableDeclaration", "195": "ReferenceType", "196": "String", "197": "VariableDeclarator", "198": "className", "199": "MethodInvocation", "200": "in", "201": "readUTF", "202": "TryStatement", "203": "StatementExpression", "204": "Assignment", "205": "This", "206": "MemberReference", "207": "filter", "208": "Cast", "209": "ReferenceType", "210": "Filter", "211": "MethodInvocation", "212": "Class", "213": "MemberReference", "214": "className", "215": "forName", "216": "=", "217": "StatementExpression", "218": "This", "219": "MemberReference", "220": "filter", "221": "MethodInvocation", "222": "MemberReference", "223": "in", "224": "readFields", "225": "CatchClause", "226": "CatchClauseParameter", "227": "InstantiationException", "228": "e", "229": "ThrowStatement", "230": "ClassCreator", "231": "ReferenceType", "232": "RuntimeException", "233": "Literal", "234": "\"Failed deserialize.\"", "235": "MemberReference", "236": "e", "237": "CatchClause", "238": "CatchClauseParameter", "239": "IllegalAccessException", "240": "e", "241": "ThrowStatement", "242": "ClassCreator", "243": "ReferenceType", "244": "RuntimeException", "245": "Literal", "246": "\"Failed deserialize.\"", "247": "MemberReference", "248": "e", "249": "CatchClause", "250": "CatchClauseParameter", "251": "ClassNotFoundException", "252": "e", "253": "ThrowStatement", "254": "ClassCreator", "255": "ReferenceType", "256": "RuntimeException", "257": "Literal", "258": "\"Failed deserialize.\"", "259": "MemberReference", "260": "e", "261": "ReferenceType", "262": "Filter"}, "edges": {"0->1": 0, "1->0": 0, "1->2": 0, "2->1": 0, "0->3": 0, "3->0": 0, "0->4": 0, "4->0": 0, "4->5": 0, "5->4": 0, "5->6": 0, "6->5": 0, "4->7": 0, "7->4": 0, "7->8": 0, "8->7": 0, "4->9": 0, "9->4": 0, "9->10": 0, "10->9": 0, "9->11": 0, "11->9": 0, "11->12": 0, "12->11": 0, "0->13": 0, "13->0": 0, "13->14": 0, "14->13": 0, "14->15": 0, "15->14": 0, "13->16": 0, "16->13": 0, "16->17": 0, "17->16": 0, "13->18": 0, "18->13": 0, "18->19": 0, "19->18": 0, "0->20": 0, "20->0": 0, "20->21": 0, "21->20": 0, "21->22": 0, "22->21": 0, "20->23": 0, "23->20": 0, "20->24": 0, "24->20": 0, "24->25": 0, "25->24": 0, "0->26": 0, "26->0": 0, "26->27": 0, "27->26": 0, "27->28": 0, "28->27": 0, "26->29": 0, "29->26": 0, "26->30": 0, "30->26": 0, "30->31": 0, "31->30": 0, "31->32": 0, "32->31": 0, "30->33": 0, "33->30": 0, "26->34": 0, "34->26": 0, "34->35": 0, "35->34": 0, "35->36": 0, "36->35": 0, "36->37": 0, "37->36": 0, "37->38": 0, "38->37": 0, "35->39": 0, "39->35": 0, "39->40": 0, "40->39": 0, "35->41": 0, "41->35": 0, "0->42": 0, "42->0": 0, "42->43": 0, "43->42": 0, "43->44": 0, "44->43": 0, "42->45": 0, "45->42": 0, "0->46": 0, "46->0": 0, "46->47": 0, "47->46": 0, "47->48": 0, "48->47": 0, "46->49": 0, "49->46": 0, "46->50": 0, "50->46": 0, "50->51": 0, "51->50": 0, "51->52": 0, "52->51": 0, "50->53": 0, "53->50": 0, "46->54": 0, "54->46": 0, "54->55": 0, "55->54": 0, "55->56": 0, "56->55": 0, "56->57": 0, "57->56": 0, "55->58": 0, "58->55": 0, "58->59": 0, "59->58": 0, "58->60": 0, "60->58": 0, "60->61": 0, "61->60": 0, "58->62": 0, "62->58": 0, "62->63": 0, "63->62": 0, "55->64": 0, "64->55": 0, "0->65": 0, "65->0": 0, "65->66": 0, "66->65": 0, "66->67": 0, "67->66": 0, "65->68": 0, "68->65": 0, "68->69": 0, "69->68": 0, "65->70": 0, "70->65": 0, "65->71": 0, "71->65": 0, "71->72": 0, "72->71": 0, "72->73": 0, "73->72": 0, "71->74": 0, "74->71": 0, "65->75": 0, "75->65": 0, "75->76": 0, "76->75": 0, "76->77": 0, "77->76": 0, "75->78": 0, "78->75": 0, "65->79": 0, "79->65": 0, "79->80": 0, "80->79": 0, "80->81": 0, "81->80": 0, "79->82": 0, "82->79": 0, "65->83": 0, "83->65": 0, "83->84": 0, "84->83": 0, "84->85": 0, "85->84": 0, "85->86": 0, "86->85": 0, "85->87": 0, "87->85": 0, "87->88": 0, "88->87": 0, "85->89": 0, "89->85": 0, "89->90": 0, "90->89": 0, "85->91": 0, "91->85": 0, "91->92": 0, "92->91": 0, "85->93": 0, "93->85": 0, "84->94": 0, "94->84": 0, "65->95": 0, "95->65": 0, "95->96": 0, "96->95": 0, "96->97": 0, "97->96": 0, "0->98": 0, "98->0": 0, "98->99": 0, "99->98": 0, "99->100": 0, "100->99": 0, "98->101": 0, "101->98": 0, "101->102": 0, "102->101": 0, "98->103": 0, "103->98": 0, "98->104": 0, "104->98": 0, "104->105": 0, "105->104": 0, "105->106": 0, "106->105": 0, "105->107": 0, "107->105": 0, "107->108": 0, "108->107": 0, "108->109": 0, "109->108": 0, "105->110": 0, "110->105": 0, "110->111": 0, "111->110": 0, "111->112": 0, "112->111": 0, "110->113": 0, "113->110": 0, "113->114": 0, "114->113": 0, "0->115": 0, "115->0": 0, "115->116": 0, "116->115": 0, "116->117": 0, "117->116": 0, "115->118": 0, "118->115": 0, "118->119": 0, "119->118": 0, "115->120": 0, "120->115": 0, "115->121": 0, "121->115": 0, "121->122": 0, "122->121": 0, "122->123": 0, "123->122": 0, "121->124": 0, "124->121": 0, "115->125": 0, "125->115": 0, "125->126": 0, "126->125": 0, "126->127": 0, "127->126": 0, "125->128": 0, "128->125": 0, "128->129": 0, "129->128": 0, "128->130": 0, "130->128": 0, "130->131": 0, "131->130": 0, "130->132": 0, "132->130": 0, "132->133": 0, "133->132": 0, "130->134": 0, "134->130": 0, "115->135": 0, "135->115": 0, "135->136": 0, "136->135": 0, "136->137": 0, "137->136": 0, "137->138": 0, "138->137": 0, "137->139": 0, "139->137": 0, "139->140": 0, "140->139": 0, "137->141": 0, "141->137": 0, "141->142": 0, "142->141": 0, "141->143": 0, "143->141": 0, "136->144": 0, "144->136": 0, "115->145": 0, "145->115": 0, "145->146": 0, "146->145": 0, "146->147": 0, "147->146": 0, "0->148": 0, "148->0": 0, "148->149": 0, "149->148": 0, "149->150": 0, "150->149": 0, "148->151": 0, "151->148": 0, "151->152": 0, "152->151": 0, "148->153": 0, "153->148": 0, "148->154": 0, "154->148": 0, "154->155": 0, "155->154": 0, "155->156": 0, "156->155": 0, "0->157": 0, "157->0": 0, "157->158": 0, "158->157": 0, "158->159": 0, "159->158": 0, "157->160": 0, "160->157": 0, "157->161": 0, "161->157": 0, "161->162": 0, "162->161": 0, "162->163": 0, "163->162": 0, "161->164": 0, "164->161": 0, "157->165": 0, "165->157": 0, "157->166": 0, "166->157": 0, "166->167": 0, "167->166": 0, "167->168": 0, "168->167": 0, "167->169": 0, "169->167": 0, "169->170": 0, "170->169": 0, "170->171": 0, "171->170": 0, "169->172": 0, "172->169": 0, "172->173": 0, "173->172": 0, "169->174": 0, "174->169": 0, "174->175": 0, "175->174": 0, "167->176": 0, "176->167": 0, "157->177": 0, "177->157": 0, "177->178": 0, "178->177": 0, "178->179": 0, "179->178": 0, "179->180": 0, "180->179": 0, "178->181": 0, "181->178": 0, "181->182": 0, "182->181": 0, "182->183": 0, "183->182": 0, "181->184": 0, "184->181": 0, "0->185": 0, "185->0": 0, "185->186": 0, "186->185": 0, "186->187": 0, "187->186": 0, "185->188": 0, "188->185": 0, "185->189": 0, "189->185": 0, "189->190": 0, "190->189": 0, "190->191": 0, "191->190": 0, "189->192": 0, "192->189": 0, "185->193": 0, "193->185": 0, "185->194": 0, "194->185": 0, "194->195": 0, "195->194": 0, "195->196": 0, "196->195": 0, "194->197": 0, "197->194": 0, "197->198": 0, "198->197": 0, "197->199": 0, "199->197": 0, "199->200": 0, "200->199": 0, "199->201": 0, "201->199": 0, "185->202": 0, "202->185": 0, "202->203": 0, "203->202": 0, "203->204": 0, "204->203": 0, "204->205": 0, "205->204": 0, "205->206": 0, "206->205": 0, "206->207": 0, "207->206": 0, "204->208": 0, "208->204": 0, "208->209": 0, "209->208": 0, "209->210": 0, "210->209": 0, "208->211": 0, "211->208": 0, "211->212": 0, "212->211": 0, "211->213": 0, "213->211": 0, "213->214": 0, "214->213": 0, "211->215": 0, "215->211": 0, "204->216": 0, "216->204": 0, "202->217": 0, "217->202": 0, "217->218": 0, "218->217": 0, "218->219": 0, "219->218": 0, "219->220": 0, "220->219": 0, "218->221": 0, "221->218": 0, "221->222": 0, "222->221": 0, "222->223": 0, "223->222": 0, "221->224": 0, "224->221": 0, "202->225": 0, "225->202": 0, "225->226": 0, "226->225": 0, "226->227": 0, "227->226": 0, "226->228": 0, "228->226": 0, "225->229": 0, "229->225": 0, "229->230": 0, "230->229": 0, "230->231": 0, "231->230": 0, "231->232": 0, "232->231": 0, "230->233": 0, "233->230": 0, "233->234": 0, "234->233": 0, "230->235": 0, "235->230": 0, "235->236": 0, "236->235": 0, "202->237": 0, "237->202": 0, "237->238": 0, "238->237": 0, "238->239": 0, "239->238": 0, "238->240": 0, "240->238": 0, "237->241": 0, "241->237": 0, "241->242": 0, "242->241": 0, "242->243": 0, "243->242": 0, "243->244": 0, "244->243": 0, "242->245": 0, "245->242": 0, "245->246": 0, "246->245": 0, "242->247": 0, "247->242": 0, "247->248": 0, "248->247": 0, "202->249": 0, "249->202": 0, "249->250": 0, "250->249": 0, "250->251": 0, "251->250": 0, "250->252": 0, "252->250": 0, "249->253": 0, "253->249": 0, "253->254": 0, "254->253": 0, "254->255": 0, "255->254": 0, "255->256": 0, "256->255": 0, "254->257": 0, "257->254": 0, "257->258": 0, "258->257": 0, "254->259": 0, "259->254": 0, "259->260": 0, "260->259": 0, "0->261": 0, "261->0": 0, "261->262": 0, "262->261": 0, "1->3": 1, "3->1": 12, "3->4": 1, "4->3": 12, "4->13": 1, "13->4": 12, "13->20": 1, "20->13": 12, "20->26": 1, "26->20": 12, "26->42": 1, "42->26": 12, "42->46": 1, "46->42": 12, "46->65": 1, "65->46": 12, "65->98": 1, "98->65": 12, "98->115": 1, "115->98": 12, "115->148": 1, "148->115": 12, "148->157": 1, "157->148": 12, "157->185": 1, "185->157": 12, "185->261": 1, "261->185": 12, "5->7": 1, "7->5": 12, "7->9": 1, "9->7": 12, "10->11": 1, "11->10": 12, "14->16": 1, "16->14": 12, "16->18": 1, "18->16": 12, "21->23": 1, "23->21": 12, "23->24": 1, "24->23": 12, "27->29": 1, "29->27": 12, "29->30": 1, "30->29": 12, "30->34": 1, "34->30": 12, "31->33": 1, "33->31": 12, "36->39": 1, "39->36": 12, "39->41": 1, "41->39": 12, "43->45": 1, "45->43": 12, "47->49": 1, "49->47": 12, "49->50": 1, "50->49": 12, "50->54": 1, "54->50": 12, "51->53": 1, "53->51": 12, "56->58": 1, "58->56": 12, "58->64": 1, "64->58": 12, "59->60": 1, "60->59": 12, "60->62": 1, "62->60": 12, "66->68": 1, "68->66": 12, "68->70": 1, "70->68": 12, "70->71": 1, "71->70": 12, "71->75": 1, "75->71": 12, "75->79": 1, "79->75": 12, "79->83": 1, "83->79": 12, "83->95": 1, "95->83": 12, "72->74": 1, "74->72": 12, "76->78": 1, "78->76": 12, "80->82": 1, "82->80": 12, "85->94": 1, "94->85": 12, "86->87": 1, "87->86": 12, "87->89": 1, "89->87": 12, "89->91": 1, "91->89": 12, "91->93": 1, "93->91": 12, "99->101": 1, "101->99": 12, "101->103": 1, "103->101": 12, "103->104": 1, "104->103": 12, "106->107": 1, "107->106": 12, "107->110": 1, "110->107": 12, "111->113": 1, "113->111": 12, "116->118": 1, "118->116": 12, "118->120": 1, "120->118": 12, "120->121": 1, "121->120": 12, "121->125": 1, "125->121": 12, "125->135": 1, "135->125": 12, "135->145": 1, "145->135": 12, "122->124": 1, "124->122": 12, "126->128": 1, "128->126": 12, "129->130": 1, "130->129": 12, "131->132": 1, "132->131": 12, "132->134": 1, "134->132": 12, "137->144": 1, "144->137": 12, "138->139": 1, "139->138": 12, "139->141": 1, "141->139": 12, "142->143": 2, "143->142": 3, "149->151": 1, "151->149": 12, "151->153": 1, "153->151": 12, "153->154": 1, "154->153": 12, "158->160": 1, "160->158": 12, "160->161": 1, "161->160": 12, "161->165": 1, "165->161": 12, "165->166": 1, "166->165": 12, "166->177": 1, "177->166": 12, "162->164": 1, "164->162": 12, "168->169": 1, "169->168": 12, "169->176": 1, "176->169": 12, "170->172": 1, "172->170": 12, "172->174": 1, "174->172": 12, "179->181": 1, "181->179": 12, "182->184": 1, "184->182": 12, "186->188": 1, "188->186": 12, "188->189": 1, "189->188": 12, "189->193": 1, "193->189": 12, "193->194": 1, "194->193": 12, "194->202": 1, "202->194": 12, "190->192": 1, "192->190": 12, "195->197": 1, "197->195": 12, "198->199": 1, "199->198": 12, "200->201": 2, "201->200": 3, "203->217": 1, "217->203": 12, "217->225": 1, "225->217": 12, "225->237": 1, "237->225": 12, "237->249": 1, "249->237": 12, "205->208": 1, "208->205": 12, "208->216": 1, "216->208": 12, "209->211": 1, "211->209": 12, "212->213": 1, "213->212": 12, "213->215": 1, "215->213": 12, "219->221": 1, "221->219": 12, "222->224": 1, "224->222": 12, "226->229": 1, "229->226": 12, "227->228": 2, "228->227": 3, "231->233": 1, "233->231": 12, "233->235": 1, "235->233": 12, "238->241": 1, "241->238": 12, "239->240": 2, "240->239": 3, "243->245": 1, "245->243": 12, "245->247": 1, "247->245": 12, "250->253": 1, "253->250": 12, "251->252": 2, "252->251": 3, "255->257": 1, "257->255": 12, "257->259": 1, "259->257": 12, "2->3": 2, "3->2": 3, "3->6": 2, "6->3": 3, "6->8": 2, "8->6": 3, "8->10": 2, "10->8": 3, "10->12": 2, "12->10": 3, "12->15": 2, "15->12": 3, "15->17": 2, "17->15": 3, "17->19": 2, "19->17": 3, "19->22": 2, "22->19": 3, "22->23": 2, "23->22": 3, "23->25": 2, "25->23": 3, "25->28": 2, "28->25": 3, "28->29": 2, "29->28": 3, "29->32": 2, "32->29": 3, "32->33": 2, "33->32": 3, "33->38": 2, "38->33": 3, "38->40": 4, "40->38": 5, "40->41": 2, "41->40": 3, "41->44": 2, "44->41": 3, "44->45": 2, "45->44": 3, "45->48": 2, "48->45": 3, "48->49": 2, "49->48": 3, "49->52": 2, "52->49": 3, "52->53": 2, "53->52": 3, "53->57": 2, "57->53": 3, "57->59": 2, "59->57": 3, "59->61": 2, "61->59": 3, "61->63": 2, "63->61": 3, "63->64": 2, "64->63": 3, "64->67": 2, "67->64": 3, "67->69": 2, "69->67": 3, "69->70": 2, "70->69": 3, "70->73": 2, "73->70": 3, "73->74": 2, "74->73": 3, "74->77": 2, "77->74": 3, "77->78": 2, "78->77": 3, "78->81": 2, "81->78": 3, "81->82": 2, "82->81": 3, "82->86": 2, "86->82": 3, "86->88": 2, "88->86": 3, "88->90": 2, "90->88": 3, "90->92": 2, "92->90": 3, "92->93": 2, "93->92": 3, "93->94": 2, "94->93": 3, "94->97": 2, "97->94": 3, "97->100": 2, "100->97": 3, "100->102": 2, "102->100": 3, "102->103": 2, "103->102": 3, "103->106": 2, "106->103": 3, "106->109": 2, "109->106": 3, "109->112": 2, "112->109": 3, "112->114": 2, "114->112": 3, "114->117": 2, "117->114": 3, "117->119": 2, "119->117": 3, "119->120": 2, "120->119": 3, "120->123": 2, "123->120": 3, "123->124": 2, "124->123": 3, "124->127": 2, "127->124": 3, "127->129": 2, "129->127": 3, "129->131": 2, "131->129": 3, "131->133": 2, "133->131": 3, "133->134": 2, "134->133": 3, "134->138": 2, "138->134": 3, "138->140": 2, "140->138": 3, "140->142": 2, "142->140": 3, "143->144": 2, "144->143": 3, "144->147": 2, "147->144": 3, "147->150": 2, "150->147": 3, "150->152": 2, "152->150": 3, "152->153": 2, "153->152": 3, "153->156": 2, "156->153": 3, "156->159": 2, "159->156": 3, "159->160": 2, "160->159": 3, "160->163": 2, "163->160": 3, "163->164": 2, "164->163": 3, "164->165": 2, "165->164": 3, "165->168": 2, "168->165": 3, "168->171": 2, "171->168": 3, "171->173": 2, "173->171": 3, "173->175": 2, "175->173": 3, "175->176": 2, "176->175": 3, "176->180": 2, "180->176": 3, "180->183": 2, "183->180": 3, "183->184": 2, "184->183": 3, "184->187": 2, "187->184": 3, "187->188": 2, "188->187": 3, "188->191": 2, "191->188": 3, "191->192": 2, "192->191": 3, "192->193": 2, "193->192": 3, "193->196": 2, "196->193": 3, "196->198": 2, "198->196": 3, "198->200": 2, "200->198": 3, "201->207": 2, "207->201": 3, "207->210": 2, "210->207": 3, "210->212": 2, "212->210": 3, "212->214": 2, "214->212": 3, "214->215": 2, "215->214": 3, "215->216": 2, "216->215": 3, "216->220": 2, "220->216": 3, "220->223": 2, "223->220": 3, "223->224": 2, "224->223": 3, "224->227": 2, "227->224": 3, "228->232": 2, "232->228": 3, "232->234": 2, "234->232": 3, "234->236": 2, "236->234": 3, "236->239": 2, "239->236": 3, "240->244": 2, "244->240": 3, "244->246": 2, "246->244": 3, "246->248": 2, "248->246": 3, "248->251": 2, "251->248": 3, "252->256": 2, "256->252": 3, "256->258": 2, "258->256": 3, "258->260": 2, "260->258": 3, "260->262": 2, "262->260": 3, "40->112": 4, "112->40": 5, "112->171": 4, "171->112": 5, "171->180": 4, "180->171": 5, "180->207": 4, "207->180": 5, "207->220": 4, "220->207": 5, "57->61": 4, "61->57": 5, "61->109": 4, "109->61": 5, "140->147": 4, "147->140": 5, "236->248": 4, "248->236": 5, "248->260": 4, "260->248": 5}, "metrics": [2.0, 0.0, 10.0, 9.0, 53.0, 10.0, 0.0, 1.0, 0.4, 0.0, 2.0]}