{"nodelist": ["ClassDeclaration", "{'private'}", "private", "Worker", "FieldDeclaration", "{'private'}", "private", "ReferenceType", "Exception", "VariableDeclarator", "savedException", "FieldDeclaration", "{'private'}", "private", "ReferenceType", "ACTION", "VariableDeclarator", "action", "MethodDeclaration", "{'public'}", "public", "Annotation", "Override", "run", "WhileStatement", "MethodInvocation", "running", "get", "BlockStatement", "LocalVariableDeclaration", "ReferenceType", "ACTION", "VariableDeclarator", "selectedAction", "MethodInvocation", "ACTION", "ArraySelector", "BinaryOperation", "%", "MethodInvocation", "RandomUtils", "nextInt", "MethodInvocation", "ACTION", "MemberReference", "length", "values", "values", "StatementExpression", "Assignment", "This", "MemberReference", "action", "MemberReference", "selectedAction", "=", "StatementExpression", "MethodInvocation", "LOG", "BinaryOperation", "+", "Literal", "\"Performing Action: \"", "MemberReference", "selectedAction", "info", "TryStatement", "SwitchStatement", "MemberReference", "selectedAction", "SwitchStatementCase", "CREATE_TABLE", "IfStatement", "MethodInvocation", "create_table", "get", "BlockStatement", "StatementExpression", "ClassCreator", "MethodInvocation", "perform", "ReferenceType", "CreateTableAction", "BreakStatement", "SwitchStatementCase", "ADD_ROW", "StatementExpression", "ClassCreator", "MethodInvocation", "perform", "ReferenceType", "AddRowAction", "BreakStatement", "SwitchStatementCase", "DISABLE_TABLE", "StatementExpression", "ClassCreator", "MethodInvocation", "perform", "ReferenceType", "DisableTableAction", "BreakStatement", "SwitchStatementCase", "ENABLE_TABLE", "StatementExpression", "ClassCreator", "MethodInvocation", "perform", "ReferenceType", "EnableTableAction", "BreakStatement", "SwitchStatementCase", "DELETE_TABLE", "IfStatement", "BinaryOperation", "<", "MethodInvocation", "RandomUtils", "Literal", "100", "nextInt", "Literal", "20", "BlockStatement", "StatementExpression", "ClassCreator", "MethodInvocation", "perform", "ReferenceType", "DeleteTableAction", "BreakStatement", "SwitchStatementCase", "ADD_COLUMNFAMILY", "StatementExpression", "ClassCreator", "MethodInvocation", "perform", "ReferenceType", "AddColumnFamilyAction", "BreakStatement", "SwitchStatementCase", "DELETE_COLUMNFAMILY", "IfStatement", "BinaryOperation", "<", "MethodInvocation", "RandomUtils", "Literal", "100", "nextInt", "Literal", "20", "BlockStatement", "StatementExpression", "ClassCreator", "MethodInvocation", "perform", "ReferenceType", "DeleteColumnFamilyAction", "BreakStatement", "SwitchStatementCase", "ALTER_FAMILYVERSIONS", "StatementExpression", "ClassCreator", "MethodInvocation", "perform", "ReferenceType", "AlterFamilyVersionsAction", "BreakStatement", "SwitchStatementCase", "ALTER_FAMILYENCODING", "StatementExpression", "ClassCreator", "MethodInvocation", "perform", "ReferenceType", "AlterFamilyEncodingAction", "BreakStatement", "CatchClause", "CatchClauseParameter", "Exception", "ex", "StatementExpression", "Assignment", "This", "MemberReference", "savedException", "MemberReference", "ex", "=", "ReturnStatement", "StatementExpression", "MethodInvocation", "LOG", "BinaryOperation", "+", "This", "MethodInvocation", "getName", "Literal", "\" stopped\"", "info", "MethodDeclaration", "{'public'}", "public", "ReferenceType", "Exception", "getSavedException", "ReturnStatement", "This", "MemberReference", "savedException", "MethodDeclaration", "{'public'}", "public", "ReferenceType", "ACTION", "getAction", "ReturnStatement", "This", "MemberReference", "action", "ReferenceType", "Thread"], "nodes": {"0": "ClassDeclaration", "1": "Modifier", "2": "private", "3": "Worker", "4": "FieldDeclaration", "5": "Modifier", "6": "private", "7": "ReferenceType", "8": "Exception", "9": "VariableDeclarator", "10": "savedException", "11": "FieldDeclaration", "12": "Modifier", "13": "private", "14": "ReferenceType", "15": "ACTION", "16": "VariableDeclarator", "17": "action", "18": "MethodDeclaration", "19": "Modifier", "20": "public", "21": "Annotation", "22": "Override", "23": "run", "24": "WhileStatement", "25": "MethodInvocation", "26": "running", "27": "get", "28": "BlockStatement", "29": "LocalVariableDeclaration", "30": "ReferenceType", "31": "ACTION", "32": "VariableDeclarator", "33": "selectedAction", "34": "MethodInvocation", "35": "ACTION", "36": "ArraySelector", "37": "BinaryOperation", "38": "%", "39": "MethodInvocation", "40": "RandomUtils", "41": "nextInt", "42": "MethodInvocation", "43": "ACTION", "44": "MemberReference", "45": "length", "46": "values", "47": "values", "48": "StatementExpression", "49": "Assignment", "50": "This", "51": "MemberReference", "52": "action", "53": "MemberReference", "54": "selectedAction", "55": "=", "56": "StatementExpression", "57": "MethodInvocation", "58": "LOG", "59": "BinaryOperation", "60": "+", "61": "Literal", "62": "\"Performing Action: \"", "63": "MemberReference", "64": "selectedAction", "65": "info", "66": "TryStatement", "67": "SwitchStatement", "68": "MemberReference", "69": "selectedAction", "70": "SwitchStatementCase", "71": "CREATE_TABLE", "72": "IfStatement", "73": "MethodInvocation", "74": "create_table", "75": "get", "76": "BlockStatement", "77": "StatementExpression", "78": "ClassCreator", "79": "MethodInvocation", "80": "perform", "81": "ReferenceType", "82": "CreateTableAction", "83": "BreakStatement", "84": "SwitchStatementCase", "85": "ADD_ROW", "86": "StatementExpression", "87": "ClassCreator", "88": "MethodInvocation", "89": "perform", "90": "ReferenceType", "91": "AddRowAction", "92": "BreakStatement", "93": "SwitchStatementCase", "94": "DISABLE_TABLE", "95": "StatementExpression", "96": "ClassCreator", "97": "MethodInvocation", "98": "perform", "99": "ReferenceType", "100": "DisableTableAction", "101": "BreakStatement", "102": "SwitchStatementCase", "103": "ENABLE_TABLE", "104": "StatementExpression", "105": "ClassCreator", "106": "MethodInvocation", "107": "perform", "108": "ReferenceType", "109": "EnableTableAction", "110": "BreakStatement", "111": "SwitchStatementCase", "112": "DELETE_TABLE", "113": "IfStatement", "114": "BinaryOperation", "115": "<", "116": "MethodInvocation", "117": "RandomUtils", "118": "Literal", "119": "100", "120": "nextInt", "121": "Literal", "122": "20", "123": "BlockStatement", "124": "StatementExpression", "125": "ClassCreator", "126": "MethodInvocation", "127": "perform", "128": "ReferenceType", "129": "DeleteTableAction", "130": "BreakStatement", "131": "SwitchStatementCase", "132": "ADD_COLUMNFAMILY", "133": "StatementExpression", "134": "ClassCreator", "135": "MethodInvocation", "136": "perform", "137": "ReferenceType", "138": "AddColumnFamilyAction", "139": "BreakStatement", "140": "SwitchStatementCase", "141": "DELETE_COLUMNFAMILY", "142": "IfStatement", "143": "BinaryOperation", "144": "<", "145": "MethodInvocation", "146": "RandomUtils", "147": "Literal", "148": "100", "149": "nextInt", "150": "Literal", "151": "20", "152": "BlockStatement", "153": "StatementExpression", "154": "ClassCreator", "155": "MethodInvocation", "156": "perform", "157": "ReferenceType", "158": "DeleteColumnFamilyAction", "159": "BreakStatement", "160": "SwitchStatementCase", "161": "ALTER_FAMILYVERSIONS", "162": "StatementExpression", "163": "ClassCreator", "164": "MethodInvocation", "165": "perform", "166": "ReferenceType", "167": "AlterFamilyVersionsAction", "168": "BreakStatement", "169": "SwitchStatementCase", "170": "ALTER_FAMILYENCODING", "171": "StatementExpression", "172": "ClassCreator", "173": "MethodInvocation", "174": "perform", "175": "ReferenceType", "176": "AlterFamilyEncodingAction", "177": "BreakStatement", "178": "CatchClause", "179": "CatchClauseParameter", "180": "Exception", "181": "ex", "182": "StatementExpression", "183": "Assignment", "184": "This", "185": "MemberReference", "186": "savedException", "187": "MemberReference", "188": "ex", "189": "=", "190": "ReturnStatement", "191": "StatementExpression", "192": "MethodInvocation", "193": "LOG", "194": "BinaryOperation", "195": "+", "196": "This", "197": "MethodInvocation", "198": "getName", "199": "Literal", "200": "\" stopped\"", "201": "info", "202": "MethodDeclaration", "203": "Modifier", "204": "public", "205": "ReferenceType", "206": "Exception", "207": "getSavedException", "208": "ReturnStatement", "209": "This", "210": "MemberReference", "211": "savedException", "212": "MethodDeclaration", "213": "Modifier", "214": "public", "215": "ReferenceType", "216": "ACTION", "217": "getAction", "218": "ReturnStatement", "219": "This", "220": "MemberReference", "221": "action", "222": "ReferenceType", "223": "Thread"}, "edges": {"0->1": 0, "1->0": 0, "1->2": 0, "2->1": 0, "0->3": 0, "3->0": 0, "0->4": 0, "4->0": 0, "4->5": 0, "5->4": 0, "5->6": 0, "6->5": 0, "4->7": 0, "7->4": 0, "7->8": 0, "8->7": 0, "4->9": 0, "9->4": 0, "9->10": 0, "10->9": 0, "0->11": 0, "11->0": 0, "11->12": 0, "12->11": 0, "12->13": 0, "13->12": 0, "11->14": 0, "14->11": 0, "14->15": 0, "15->14": 0, "11->16": 0, "16->11": 0, "16->17": 0, "17->16": 0, "0->18": 0, "18->0": 0, "18->19": 0, "19->18": 0, "19->20": 0, "20->19": 0, "18->21": 0, "21->18": 0, "21->22": 0, "22->21": 0, "18->23": 0, "23->18": 0, "18->24": 0, "24->18": 0, "24->25": 0, "25->24": 0, "25->26": 0, "26->25": 0, "25->27": 0, "27->25": 0, "24->28": 0, "28->24": 0, "28->29": 0, "29->28": 0, "29->30": 0, "30->29": 0, "30->31": 0, "31->30": 0, "29->32": 0, "32->29": 0, "32->33": 0, "33->32": 0, "32->34": 0, "34->32": 0, "34->35": 0, "35->34": 0, "34->36": 0, "36->34": 0, "36->37": 0, "37->36": 0, "37->38": 0, "38->37": 0, "37->39": 0, "39->37": 0, "39->40": 0, "40->39": 0, "39->41": 0, "41->39": 0, "37->42": 0, "42->37": 0, "42->43": 0, "43->42": 0, "42->44": 0, "44->42": 0, "44->45": 0, "45->44": 0, "42->46": 0, "46->42": 0, "34->47": 0, "47->34": 0, "28->48": 0, "48->28": 0, "48->49": 0, "49->48": 0, "49->50": 0, "50->49": 0, "50->51": 0, "51->50": 0, "51->52": 0, "52->51": 0, "49->53": 0, "53->49": 0, "53->54": 0, "54->53": 0, "49->55": 0, "55->49": 0, "28->56": 0, "56->28": 0, "56->57": 0, "57->56": 0, "57->58": 0, "58->57": 0, "57->59": 0, "59->57": 0, "59->60": 0, "60->59": 0, "59->61": 0, "61->59": 0, "61->62": 0, "62->61": 0, "59->63": 0, "63->59": 0, "63->64": 0, "64->63": 0, "57->65": 0, "65->57": 0, "28->66": 0, "66->28": 0, "66->67": 0, "67->66": 0, "67->68": 0, "68->67": 0, "68->69": 0, "69->68": 0, "67->70": 0, "70->67": 0, "70->71": 0, "71->70": 0, "70->72": 0, "72->70": 0, "72->73": 0, "73->72": 0, "73->74": 0, "74->73": 0, "73->75": 0, "75->73": 0, "72->76": 0, "76->72": 0, "76->77": 0, "77->76": 0, "77->78": 0, "78->77": 0, "78->79": 0, "79->78": 0, "79->80": 0, "80->79": 0, "78->81": 0, "81->78": 0, "81->82": 0, "82->81": 0, "70->83": 0, "83->70": 0, "67->84": 0, "84->67": 0, "84->85": 0, "85->84": 0, "84->86": 0, "86->84": 0, "86->87": 0, "87->86": 0, "87->88": 0, "88->87": 0, "88->89": 0, "89->88": 0, "87->90": 0, "90->87": 0, "90->91": 0, "91->90": 0, "84->92": 0, "92->84": 0, "67->93": 0, "93->67": 0, "93->94": 0, "94->93": 0, "93->95": 0, "95->93": 0, "95->96": 0, "96->95": 0, "96->97": 0, "97->96": 0, "97->98": 0, "98->97": 0, "96->99": 0, "99->96": 0, "99->100": 0, "100->99": 0, "93->101": 0, "101->93": 0, "67->102": 0, "102->67": 0, "102->103": 0, "103->102": 0, "102->104": 0, "104->102": 0, "104->105": 0, "105->104": 0, "105->106": 0, "106->105": 0, "106->107": 0, "107->106": 0, "105->108": 0, "108->105": 0, "108->109": 0, "109->108": 0, "102->110": 0, "110->102": 0, "67->111": 0, "111->67": 0, "111->112": 0, "112->111": 0, "111->113": 0, "113->111": 0, "113->114": 0, "114->113": 0, "114->115": 0, "115->114": 0, "114->116": 0, "116->114": 0, "116->117": 0, "117->116": 0, "116->118": 0, "118->116": 0, "118->119": 0, "119->118": 0, "116->120": 0, "120->116": 0, "114->121": 0, "121->114": 0, "121->122": 0, "122->121": 0, "113->123": 0, "123->113": 0, "123->124": 0, "124->123": 0, "124->125": 0, "125->124": 0, "125->126": 0, "126->125": 0, "126->127": 0, "127->126": 0, "125->128": 0, "128->125": 0, "128->129": 0, "129->128": 0, "111->130": 0, "130->111": 0, "67->131": 0, "131->67": 0, "131->132": 0, "132->131": 0, "131->133": 0, "133->131": 0, "133->134": 0, "134->133": 0, "134->135": 0, "135->134": 0, "135->136": 0, "136->135": 0, "134->137": 0, "137->134": 0, "137->138": 0, "138->137": 0, "131->139": 0, "139->131": 0, "67->140": 0, "140->67": 0, "140->141": 0, "141->140": 0, "140->142": 0, "142->140": 0, "142->143": 0, "143->142": 0, "143->144": 0, "144->143": 0, "143->145": 0, "145->143": 0, "145->146": 0, "146->145": 0, "145->147": 0, "147->145": 0, "147->148": 0, "148->147": 0, "145->149": 0, "149->145": 0, "143->150": 0, "150->143": 0, "150->151": 0, "151->150": 0, "142->152": 0, "152->142": 0, "152->153": 0, "153->152": 0, "153->154": 0, "154->153": 0, "154->155": 0, "155->154": 0, "155->156": 0, "156->155": 0, "154->157": 0, "157->154": 0, "157->158": 0, "158->157": 0, "140->159": 0, "159->140": 0, "67->160": 0, "160->67": 0, "160->161": 0, "161->160": 0, "160->162": 0, "162->160": 0, "162->163": 0, "163->162": 0, "163->164": 0, "164->163": 0, "164->165": 0, "165->164": 0, "163->166": 0, "166->163": 0, "166->167": 0, "167->166": 0, "160->168": 0, "168->160": 0, "67->169": 0, "169->67": 0, "169->170": 0, "170->169": 0, "169->171": 0, "171->169": 0, "171->172": 0, "172->171": 0, "172->173": 0, "173->172": 0, "173->174": 0, "174->173": 0, "172->175": 0, "175->172": 0, "175->176": 0, "176->175": 0, "169->177": 0, "177->169": 0, "66->178": 0, "178->66": 0, "178->179": 0, "179->178": 0, "179->180": 0, "180->179": 0, "179->181": 0, "181->179": 0, "178->182": 0, "182->178": 0, "182->183": 0, "183->182": 0, "183->184": 0, "184->183": 0, "184->185": 0, "185->184": 0, "185->186": 0, "186->185": 0, "183->187": 0, "187->183": 0, "187->188": 0, "188->187": 0, "183->189": 0, "189->183": 0, "178->190": 0, "190->178": 0, "18->191": 0, "191->18": 0, "191->192": 0, "192->191": 0, "192->193": 0, "193->192": 0, "192->194": 0, "194->192": 0, "194->195": 0, "195->194": 0, "194->196": 0, "196->194": 0, "196->197": 0, "197->196": 0, "197->198": 0, "198->197": 0, "194->199": 0, "199->194": 0, "199->200": 0, "200->199": 0, "192->201": 0, "201->192": 0, "0->202": 0, "202->0": 0, "202->203": 0, "203->202": 0, "203->204": 0, "204->203": 0, "202->205": 0, "205->202": 0, "205->206": 0, "206->205": 0, "202->207": 0, "207->202": 0, "202->208": 0, "208->202": 0, "208->209": 0, "209->208": 0, "209->210": 0, "210->209": 0, "210->211": 0, "211->210": 0, "0->212": 0, "212->0": 0, "212->213": 0, "213->212": 0, "213->214": 0, "214->213": 0, "212->215": 0, "215->212": 0, "215->216": 0, "216->215": 0, "212->217": 0, "217->212": 0, "212->218": 0, "218->212": 0, "218->219": 0, "219->218": 0, "219->220": 0, "220->219": 0, "220->221": 0, "221->220": 0, "0->222": 0, "222->0": 0, "222->223": 0, "223->222": 0, "1->3": 1, "3->1": 12, "3->4": 1, "4->3": 12, "4->11": 1, "11->4": 12, "11->18": 1, "18->11": 12, "18->202": 1, "202->18": 12, "202->212": 1, "212->202": 12, "212->222": 1, "222->212": 12, "5->7": 1, "7->5": 12, "7->9": 1, "9->7": 12, "12->14": 1, "14->12": 12, "14->16": 1, "16->14": 12, "19->21": 1, "21->19": 12, "21->23": 1, "23->21": 12, "23->24": 1, "24->23": 12, "24->191": 1, "191->24": 12, "25->28": 8, "28->25": 8, "26->27": 2, "27->26": 3, "29->48": 10, "48->29": 11, "48->56": 10, "56->48": 11, "56->66": 10, "66->56": 11, "30->32": 1, "32->30": 12, "33->34": 1, "34->33": 12, "35->36": 1, "36->35": 12, "36->47": 1, "47->36": 12, "38->39": 1, "39->38": 12, "39->42": 1, "42->39": 12, "40->41": 2, "41->40": 3, "43->44": 1, "44->43": 12, "44->46": 1, "46->44": 12, "50->53": 1, "53->50": 12, "53->55": 1, "55->53": 12, "58->59": 1, "59->58": 12, "59->65": 1, "65->59": 12, "60->61": 1, "61->60": 12, "61->63": 1, "63->61": 12, "67->178": 1, "178->67": 12, "68->70": 1, "70->68": 12, "70->84": 1, "84->70": 12, "84->93": 1, "93->84": 12, "93->102": 1, "102->93": 12, "102->111": 1, "111->102": 12, "111->131": 1, "131->111": 12, "131->140": 1, "140->131": 12, "140->160": 1, "160->140": 12, "160->169": 1, "169->160": 12, "71->72": 1, "72->71": 12, "72->83": 1, "83->72": 12, "73->76": 6, "76->73": 6, "74->75": 2, "75->74": 3, "79->81": 1, "81->79": 12, "85->86": 1, "86->85": 12, "86->92": 1, "92->86": 12, "88->90": 1, "90->88": 12, "94->95": 1, "95->94": 12, "95->101": 1, "101->95": 12, "97->99": 1, "99->97": 12, "103->104": 1, "104->103": 12, "104->110": 1, "110->104": 12, "106->108": 1, "108->106": 12, "112->113": 1, "113->112": 12, "113->130": 1, "130->113": 12, "114->123": 6, "123->114": 6, "115->116": 1, "116->115": 12, "116->121": 1, "121->116": 12, "117->118": 1, "118->117": 12, "118->120": 1, "120->118": 12, "126->128": 1, "128->126": 12, "132->133": 1, "133->132": 12, "133->139": 1, "139->133": 12, "135->137": 1, "137->135": 12, "141->142": 1, "142->141": 12, "142->159": 1, "159->142": 12, "143->152": 6, "152->143": 6, "144->145": 1, "145->144": 12, "145->150": 1, "150->145": 12, "146->147": 1, "147->146": 12, "147->149": 1, "149->147": 12, "155->157": 1, "157->155": 12, "161->162": 1, "162->161": 12, "162->168": 1, "168->162": 12, "164->166": 1, "166->164": 12, "170->171": 1, "171->170": 12, "171->177": 1, "177->171": 12, "173->175": 1, "175->173": 12, "179->182": 1, "182->179": 12, "182->190": 1, "190->182": 12, "180->181": 2, "181->180": 3, "184->187": 1, "187->184": 12, "187->189": 1, "189->187": 12, "193->194": 1, "194->193": 12, "194->201": 1, "201->194": 12, "195->196": 1, "196->195": 12, "196->199": 1, "199->196": 12, "203->205": 1, "205->203": 12, "205->207": 1, "207->205": 12, "207->208": 1, "208->207": 12, "213->215": 1, "215->213": 12, "215->217": 1, "217->215": 12, "217->218": 1, "218->217": 12, "2->3": 2, "3->2": 3, "3->6": 2, "6->3": 3, "6->8": 2, "8->6": 3, "8->10": 2, "10->8": 3, "10->13": 2, "13->10": 3, "13->15": 2, "15->13": 3, "15->17": 2, "17->15": 3, "17->20": 2, "20->17": 3, "20->22": 2, "22->20": 3, "22->23": 2, "23->22": 3, "23->26": 2, "26->23": 3, "27->31": 2, "31->27": 3, "31->33": 2, "33->31": 3, "33->35": 2, "35->33": 3, "35->38": 2, "38->35": 3, "38->40": 2, "40->38": 3, "41->43": 2, "43->41": 3, "43->45": 2, "45->43": 3, "45->46": 2, "46->45": 3, "46->47": 2, "47->46": 3, "47->52": 2, "52->47": 3, "52->54": 2, "54->52": 3, "54->55": 2, "55->54": 3, "55->58": 2, "58->55": 3, "58->60": 2, "60->58": 3, "60->62": 2, "62->60": 3, "62->64": 2, "64->62": 3, "64->65": 2, "65->64": 3, "65->69": 2, "69->65": 3, "69->71": 2, "71->69": 3, "71->74": 2, "74->71": 3, "75->80": 2, "80->75": 3, "80->82": 2, "82->80": 3, "82->83": 2, "83->82": 3, "83->85": 2, "85->83": 3, "85->89": 2, "89->85": 3, "89->91": 2, "91->89": 3, "91->92": 2, "92->91": 3, "92->94": 2, "94->92": 3, "94->98": 2, "98->94": 3, "98->100": 2, "100->98": 3, "100->101": 2, "101->100": 3, "101->103": 2, "103->101": 3, "103->107": 2, "107->103": 3, "107->109": 2, "109->107": 3, "109->110": 2, "110->109": 3, "110->112": 2, "112->110": 3, "112->115": 2, "115->112": 3, "115->117": 2, "117->115": 3, "117->119": 2, "119->117": 3, "119->120": 2, "120->119": 3, "120->122": 2, "122->120": 3, "122->127": 2, "127->122": 3, "127->129": 2, "129->127": 3, "129->130": 2, "130->129": 3, "130->132": 2, "132->130": 3, "132->136": 2, "136->132": 3, "136->138": 2, "138->136": 3, "138->139": 2, "139->138": 3, "139->141": 2, "141->139": 3, "141->144": 2, "144->141": 3, "144->146": 2, "146->144": 3, "146->148": 2, "148->146": 3, "148->149": 2, "149->148": 3, "149->151": 2, "151->149": 3, "151->156": 2, "156->151": 3, "156->158": 2, "158->156": 3, "158->159": 2, "159->158": 3, "159->161": 2, "161->159": 3, "161->165": 2, "165->161": 3, "165->167": 2, "167->165": 3, "167->168": 2, "168->167": 3, "168->170": 2, "170->168": 3, "170->174": 2, "174->170": 3, "174->176": 2, "176->174": 3, "176->177": 2, "177->176": 3, "177->180": 2, "180->177": 3, "181->186": 2, "186->181": 3, "186->188": 2, "188->186": 3, "188->189": 2, "189->188": 3, "189->190": 2, "190->189": 3, "190->193": 2, "193->190": 3, "193->195": 2, "195->193": 3, "195->198": 2, "198->195": 3, "198->200": 2, "200->198": 3, "200->201": 2, "201->200": 3, "201->204": 2, "204->201": 3, "204->206": 2, "206->204": 3, "206->207": 2, "207->206": 3, "207->211": 2, "211->207": 3, "211->214": 2, "214->211": 3, "214->216": 2, "216->214": 3, "216->217": 2, "217->216": 3, "217->221": 2, "221->217": 3, "221->223": 2, "223->221": 3, "52->221": 4, "221->52": 5, "54->64": 4, "64->54": 5, "64->69": 4, "69->64": 5, "186->211": 4, "211->186": 5}, "metrics": [2.0, 0.0, 3.0, 3.0, 59.0, 16.0, 0.0, 0.0, 0.0, 1.0, 0.0]}