{"nodelist": ["InterfaceDeclaration", "{'public'}", "public", "HeapSize", "MethodDeclaration", "{'public'}", "public", "BasicType", "long", "heapSize"], "nodes": {"0": "InterfaceDeclaration", "1": "Modifier", "2": "public", "3": "HeapSize", "4": "MethodDeclaration", "5": "Modifier", "6": "public", "7": "BasicType", "8": "long", "9": "heapSize"}, "edges": {"0->1": 0, "1->0": 0, "1->2": 0, "2->1": 0, "0->3": 0, "3->0": 0, "0->4": 0, "4->0": 0, "4->5": 0, "5->4": 0, "5->6": 0, "6->5": 0, "4->7": 0, "7->4": 0, "7->8": 0, "8->7": 0, "4->9": 0, "9->4": 0, "1->3": 1, "3->1": 12, "3->4": 1, "4->3": 12, "5->7": 1, "7->5": 12, "7->9": 1, "9->7": 12, "2->3": 2, "3->2": 3, "3->6": 2, "6->3": 3, "6->8": 2, "8->6": 3, "8->9": 2, "9->8": 3}, "metrics": [0.0, 0.0, 1.0, 1.0, 9.0, 1.0, 0.0, 0.0, -1.0, 0.0, 0.0]}