{"nodelist": ["ClassDeclaration", "{'public'}", "public", "Annotation", "InterfaceAudience.Public", "DoNotRetryRegionException", "FieldDeclaration", "{'final', 'private', 'static'}", "final", "private", "static", "BasicType", "long", "VariableDeclarator", "serialVersionUID", "Literal", "6907047686199321701L", "ConstructorDeclaration", "{'public'}", "public", "DoNotRetryRegionException", "StatementExpression", "SuperConstructorInvocation", "ConstructorDeclaration", "{'public'}", "public", "DoNotRetryRegionException", "FormalParameter", "ReferenceType", "String", "s", "StatementExpression", "SuperConstructorInvocation", "MemberReference", "s", "ConstructorDeclaration", "{'public'}", "public", "DoNotRetryRegionException", "FormalParameter", "ReferenceType", "Throwable", "cause", "StatementExpression", "SuperConstructorInvocation", "MemberReference", "cause", "ReferenceType", "DoNotRetryIOException"], "nodes": {"0": "ClassDeclaration", "1": "Modifier", "2": "public", "3": "Annotation", "4": "InterfaceAudience.Public", "5": "DoNotRetryRegionException", "6": "FieldDeclaration", "7": "Modifier", "8": "final", "9": "private", "10": "static", "11": "BasicType", "12": "long", "13": "VariableDeclarator", "14": "serialVersionUID", "15": "Literal", "16": "6907047686199321701L", "17": "ConstructorDeclaration", "18": "Modifier", "19": "public", "20": "DoNotRetryRegionException", "21": "StatementExpression", "22": "SuperConstructorInvocation", "23": "ConstructorDeclaration", "24": "Modifier", "25": "public", "26": "DoNotRetryRegionException", "27": "FormalParameter", "28": "ReferenceType", "29": "String", "30": "s", "31": "StatementExpression", "32": "SuperConstructorInvocation", "33": "MemberReference", "34": "s", "35": "ConstructorDeclaration", "36": "Modifier", "37": "public", "38": "DoNotRetryRegionException", "39": "FormalParameter", "40": "ReferenceType", "41": "Throwable", "42": "cause", "43": "StatementExpression", "44": "SuperConstructorInvocation", "45": "MemberReference", "46": "cause", "47": "ReferenceType", "48": "DoNotRetryIOException"}, "edges": {"0->1": 0, "1->0": 0, "1->2": 0, "2->1": 0, "0->3": 0, "3->0": 0, "3->4": 0, "4->3": 0, "0->5": 0, "5->0": 0, "0->6": 0, "6->0": 0, "6->7": 0, "7->6": 0, "7->8": 0, "8->7": 0, "7->9": 0, "9->7": 0, "7->10": 0, "10->7": 0, "6->11": 0, "11->6": 0, "11->12": 0, "12->11": 0, "6->13": 0, "13->6": 0, "13->14": 0, "14->13": 0, "13->15": 0, "15->13": 0, "15->16": 0, "16->15": 0, "0->17": 0, "17->0": 0, "17->18": 0, "18->17": 0, "18->19": 0, "19->18": 0, "17->20": 0, "20->17": 0, "17->21": 0, "21->17": 0, "21->22": 0, "22->21": 0, "0->23": 0, "23->0": 0, "23->24": 0, "24->23": 0, "24->25": 0, "25->24": 0, "23->26": 0, "26->23": 0, "23->27": 0, "27->23": 0, "27->28": 0, "28->27": 0, "28->29": 0, "29->28": 0, "27->30": 0, "30->27": 0, "23->31": 0, "31->23": 0, "31->32": 0, "32->31": 0, "32->33": 0, "33->32": 0, "33->34": 0, "34->33": 0, "0->35": 0, "35->0": 0, "35->36": 0, "36->35": 0, "36->37": 0, "37->36": 0, "35->38": 0, "38->35": 0, "35->39": 0, "39->35": 0, "39->40": 0, "40->39": 0, "40->41": 0, "41->40": 0, "39->42": 0, "42->39": 0, "35->43": 0, "43->35": 0, "43->44": 0, "44->43": 0, "44->45": 0, "45->44": 0, "45->46": 0, "46->45": 0, "0->47": 0, "47->0": 0, "47->48": 0, "48->47": 0, "1->3": 1, "3->1": 12, "3->5": 1, "5->3": 12, "5->6": 1, "6->5": 12, "6->17": 1, "17->6": 12, "17->23": 1, "23->17": 12, "23->35": 1, "35->23": 12, "35->47": 1, "47->35": 12, "7->11": 1, "11->7": 12, "11->13": 1, "13->11": 12, "8->9": 2, "9->8": 3, "9->10": 2, "10->9": 3, "14->15": 1, "15->14": 12, "18->20": 1, "20->18": 12, "20->21": 1, "21->20": 12, "24->26": 1, "26->24": 12, "26->27": 1, "27->26": 12, "27->31": 1, "31->27": 12, "28->30": 1, "30->28": 12, "36->38": 1, "38->36": 12, "38->39": 1, "39->38": 12, "39->43": 1, "43->39": 12, "40->42": 1, "42->40": 12, "2->4": 2, "4->2": 3, "4->5": 2, "5->4": 3, "5->8": 2, "8->5": 3, "10->12": 2, "12->10": 3, "12->14": 2, "14->12": 3, "14->16": 2, "16->14": 3, "16->19": 2, "19->16": 3, "19->20": 2, "20->19": 3, "20->22": 2, "22->20": 3, "22->25": 2, "25->22": 3, "25->26": 2, "26->25": 3, "26->29": 2, "29->26": 3, "29->30": 2, "30->29": 3, "30->34": 2, "34->30": 3, "34->37": 2, "37->34": 3, "37->38": 2, "38->37": 3, "38->41": 2, "41->38": 3, "41->42": 2, "42->41": 3, "42->46": 2, "46->42": 3, "46->48": 2, "48->46": 3}, "metrics": [1.0, 0.0, 3.0, 3.0, 15.0, 3.0, 2.0, 0.0, 1.0, 0.0, 0.0]}