{"nodelist": ["InterfaceDeclaration", "{'private', 'static'}", "private", "static", "ImmutableConfigMap", "MethodDeclaration", "ReferenceType", "String", "get", "FormalParameter", "ReferenceType", "String", "key", "MethodDeclaration", "ReferenceType", "String", "getRaw", "FormalParameter", "ReferenceType", "String", "key", "MethodDeclaration", "ReferenceType", "Class", "TypeArgument", "?", "getClassByName", "FormalParameter", "ReferenceType", "String", "name", "ClassNotFoundException", "MethodDeclaration", "BasicType", "int", "size"], "nodes": {"0": "InterfaceDeclaration", "1": "Modifier", "2": "private", "3": "static", "4": "ImmutableConfigMap", "5": "MethodDeclaration", "6": "ReferenceType", "7": "String", "8": "get", "9": "FormalParameter", "10": "ReferenceType", "11": "String", "12": "key", "13": "MethodDeclaration", "14": "ReferenceType", "15": "String", "16": "getRaw", "17": "FormalParameter", "18": "ReferenceType", "19": "String", "20": "key", "21": "MethodDeclaration", "22": "ReferenceType", "23": "Class", "24": "TypeArgument", "25": "?", "26": "getClassByName", "27": "FormalParameter", "28": "ReferenceType", "29": "String", "30": "name", "31": "ClassNotFoundException", "32": "MethodDeclaration", "33": "BasicType", "34": "int", "35": "size"}, "edges": {"0->1": 0, "1->0": 0, "1->2": 0, "2->1": 0, "1->3": 0, "3->1": 0, "0->4": 0, "4->0": 0, "0->5": 0, "5->0": 0, "5->6": 0, "6->5": 0, "6->7": 0, "7->6": 0, "5->8": 0, "8->5": 0, "5->9": 0, "9->5": 0, "9->10": 0, "10->9": 0, "10->11": 0, "11->10": 0, "9->12": 0, "12->9": 0, "0->13": 0, "13->0": 0, "13->14": 0, "14->13": 0, "14->15": 0, "15->14": 0, "13->16": 0, "16->13": 0, "13->17": 0, "17->13": 0, "17->18": 0, "18->17": 0, "18->19": 0, "19->18": 0, "17->20": 0, "20->17": 0, "0->21": 0, "21->0": 0, "21->22": 0, "22->21": 0, "22->23": 0, "23->22": 0, "22->24": 0, "24->22": 0, "24->25": 0, "25->24": 0, "21->26": 0, "26->21": 0, "21->27": 0, "27->21": 0, "27->28": 0, "28->27": 0, "28->29": 0, "29->28": 0, "27->30": 0, "30->27": 0, "21->31": 0, "31->21": 0, "0->32": 0, "32->0": 0, "32->33": 0, "33->32": 0, "33->34": 0, "34->33": 0, "32->35": 0, "35->32": 0, "1->4": 1, "4->1": 12, "4->5": 1, "5->4": 12, "5->13": 1, "13->5": 12, "13->21": 1, "21->13": 12, "21->32": 1, "32->21": 12, "2->3": 2, "3->2": 3, "6->8": 1, "8->6": 12, "8->9": 1, "9->8": 12, "10->12": 1, "12->10": 12, "14->16": 1, "16->14": 12, "16->17": 1, "17->16": 12, "18->20": 1, "20->18": 12, "22->26": 1, "26->22": 12, "26->27": 1, "27->26": 12, "27->31": 1, "31->27": 12, "23->24": 1, "24->23": 12, "28->30": 1, "30->28": 12, "33->35": 1, "35->33": 12, "3->4": 2, "4->3": 3, "4->7": 2, "7->4": 3, "7->8": 2, "8->7": 3, "8->11": 2, "11->8": 3, "11->12": 2, "12->11": 3, "12->15": 2, "15->12": 3, "15->16": 2, "16->15": 3, "16->19": 2, "19->16": 3, "19->20": 2, "20->19": 3, "20->23": 2, "23->20": 3, "23->25": 2, "25->23": 3, "25->26": 2, "26->25": 3, "26->29": 2, "29->26": 3, "29->30": 2, "30->29": 3, "30->31": 2, "31->30": 3, "31->34": 2, "34->31": 3, "34->35": 2, "35->34": 3}, "metrics": [0.0, 0.0, 4.0, 0.0, 6.0, 4.0, 0.0, 0.0, -1.0, 0.0, 0.0]}