{"nodelist": ["ClassDeclaration", "{'private', 'static'}", "private", "static", "HostAndWeight", "FieldDeclaration", "{'final', 'private'}", "final", "private", "ReferenceType", "String", "VariableDeclarator", "host", "FieldDeclaration", "{'private'}", "private", "BasicType", "long", "VariableDeclarator", "weight", "ConstructorDeclaration", "{'public'}", "public", "HostAndWeight", "FormalParameter", "ReferenceType", "String", "host", "FormalParameter", "BasicType", "long", "weight", "StatementExpression", "Assignment", "This", "MemberReference", "host", "MemberReference", "host", "=", "StatementExpression", "Assignment", "This", "MemberReference", "weight", "MemberReference", "weight", "=", "MethodDeclaration", "{'public'}", "public", "addWeight", "FormalParameter", "BasicType", "long", "weight", "StatementExpression", "Assignment", "This", "MemberReference", "weight", "MemberReference", "weight", "+=", "MethodDeclaration", "{'public'}", "public", "ReferenceType", "String", "getHost", "ReturnStatement", "MemberReference", "host", "MethodDeclaration", "{'public'}", "public", "BasicType", "long", "getWeight", "ReturnStatement", "MemberReference", "weight", "ClassDeclaration", "{'private', 'static'}", "private", "static", "HostComparator", "MethodDeclaration", "{'public'}", "public", "Annotation", "Override", "BasicType", "int", "compare", "FormalParameter", "ReferenceType", "HostAndWeight", "l", "FormalParameter", "ReferenceType", "HostAndWeight", "r", "ReturnStatement", "MethodInvocation", "l", "MethodInvocation", "MethodInvocation", "r", "getHost", "compareTo", "getHost", "ReferenceType", "Comparator", "TypeArgument", "ReferenceType", "HostAndWeight", "ClassDeclaration", "{'private', 'static'}", "private", "static", "WeightComparator", "MethodDeclaration", "{'public'}", "public", "Annotation", "Override", "BasicType", "int", "compare", "FormalParameter", "ReferenceType", "HostAndWeight", "l", "FormalParameter", "ReferenceType", "HostAndWeight", "r", "IfStatement", "BinaryOperation", "==", "MethodInvocation", "l", "getWeight", "MethodInvocation", "r", "getWeight", "BlockStatement", "ReturnStatement", "MethodInvocation", "l", "MethodInvocation", "MethodInvocation", "r", "getHost", "compareTo", "getHost", "ReturnStatement", "TernaryExpression", "BinaryOperation", "<", "MethodInvocation", "l", "getWeight", "MethodInvocation", "r", "getWeight", "Literal", "-", "1", "Literal", "1", "ReferenceType", "Comparator", "TypeArgument", "ReferenceType", "HostAndWeight"], "nodes": {"0": "ClassDeclaration", "1": "Modifier", "2": "private", "3": "static", "4": "HostAndWeight", "5": "FieldDeclaration", "6": "Modifier", "7": "final", "8": "private", "9": "ReferenceType", "10": "String", "11": "VariableDeclarator", "12": "host", "13": "FieldDeclaration", "14": "Modifier", "15": "private", "16": "BasicType", "17": "long", "18": "VariableDeclarator", "19": "weight", "20": "ConstructorDeclaration", "21": "Modifier", "22": "public", "23": "HostAndWeight", "24": "FormalParameter", "25": "ReferenceType", "26": "String", "27": "host", "28": "FormalParameter", "29": "BasicType", "30": "long", "31": "weight", "32": "StatementExpression", "33": "Assignment", "34": "This", "35": "MemberReference", "36": "host", "37": "MemberReference", "38": "host", "39": "=", "40": "StatementExpression", "41": "Assignment", "42": "This", "43": "MemberReference", "44": "weight", "45": "MemberReference", "46": "weight", "47": "=", "48": "MethodDeclaration", "49": "Modifier", "50": "public", "51": "addWeight", "52": "FormalParameter", "53": "BasicType", "54": "long", "55": "weight", "56": "StatementExpression", "57": "Assignment", "58": "This", "59": "MemberReference", "60": "weight", "61": "MemberReference", "62": "weight", "63": "+=", "64": "MethodDeclaration", "65": "Modifier", "66": "public", "67": "ReferenceType", "68": "String", "69": "getHost", "70": "ReturnStatement", "71": "MemberReference", "72": "host", "73": "MethodDeclaration", "74": "Modifier", "75": "public", "76": "BasicType", "77": "long", "78": "getWeight", "79": "ReturnStatement", "80": "MemberReference", "81": "weight", "82": "ClassDeclaration", "83": "Modifier", "84": "private", "85": "static", "86": "HostComparator", "87": "MethodDeclaration", "88": "Modifier", "89": "public", "90": "Annotation", "91": "Override", "92": "BasicType", "93": "int", "94": "compare", "95": "FormalParameter", "96": "ReferenceType", "97": "HostAndWeight", "98": "l", "99": "FormalParameter", "100": "ReferenceType", "101": "HostAndWeight", "102": "r", "103": "ReturnStatement", "104": "MethodInvocation", "105": "l", "106": "MethodInvocation", "107": "MethodInvocation", "108": "r", "109": "getHost", "110": "compareTo", "111": "getHost", "112": "ReferenceType", "113": "Comparator", "114": "TypeArgument", "115": "ReferenceType", "116": "HostAndWeight", "117": "ClassDeclaration", "118": "Modifier", "119": "private", "120": "static", "121": "WeightComparator", "122": "MethodDeclaration", "123": "Modifier", "124": "public", "125": "Annotation", "126": "Override", "127": "BasicType", "128": "int", "129": "compare", "130": "FormalParameter", "131": "ReferenceType", "132": "HostAndWeight", "133": "l", "134": "FormalParameter", "135": "ReferenceType", "136": "HostAndWeight", "137": "r", "138": "IfStatement", "139": "BinaryOperation", "140": "==", "141": "MethodInvocation", "142": "l", "143": "getWeight", "144": "MethodInvocation", "145": "r", "146": "getWeight", "147": "BlockStatement", "148": "ReturnStatement", "149": "MethodInvocation", "150": "l", "151": "MethodInvocation", "152": "MethodInvocation", "153": "r", "154": "getHost", "155": "compareTo", "156": "getHost", "157": "ReturnStatement", "158": "TernaryExpression", "159": "BinaryOperation", "160": "<", "161": "MethodInvocation", "162": "l", "163": "getWeight", "164": "MethodInvocation", "165": "r", "166": "getWeight", "167": "Literal", "168": "-", "169": "1", "170": "Literal", "171": "1", "172": "ReferenceType", "173": "Comparator", "174": "TypeArgument", "175": "ReferenceType", "176": "HostAndWeight"}, "edges": {"0->1": 0, "1->0": 0, "1->2": 0, "2->1": 0, "1->3": 0, "3->1": 0, "0->4": 0, "4->0": 0, "0->5": 0, "5->0": 0, "5->6": 0, "6->5": 0, "6->7": 0, "7->6": 0, "6->8": 0, "8->6": 0, "5->9": 0, "9->5": 0, "9->10": 0, "10->9": 0, "5->11": 0, "11->5": 0, "11->12": 0, "12->11": 0, "0->13": 0, "13->0": 0, "13->14": 0, "14->13": 0, "14->15": 0, "15->14": 0, "13->16": 0, "16->13": 0, "16->17": 0, "17->16": 0, "13->18": 0, "18->13": 0, "18->19": 0, "19->18": 0, "0->20": 0, "20->0": 0, "20->21": 0, "21->20": 0, "21->22": 0, "22->21": 0, "20->23": 0, "23->20": 0, "20->24": 0, "24->20": 0, "24->25": 0, "25->24": 0, "25->26": 0, "26->25": 0, "24->27": 0, "27->24": 0, "20->28": 0, "28->20": 0, "28->29": 0, "29->28": 0, "29->30": 0, "30->29": 0, "28->31": 0, "31->28": 0, "20->32": 0, "32->20": 0, "32->33": 0, "33->32": 0, "33->34": 0, "34->33": 0, "34->35": 0, "35->34": 0, "35->36": 0, "36->35": 0, "33->37": 0, "37->33": 0, "37->38": 0, "38->37": 0, "33->39": 0, "39->33": 0, "20->40": 0, "40->20": 0, "40->41": 0, "41->40": 0, "41->42": 0, "42->41": 0, "42->43": 0, "43->42": 0, "43->44": 0, "44->43": 0, "41->45": 0, "45->41": 0, "45->46": 0, "46->45": 0, "41->47": 0, "47->41": 0, "0->48": 0, "48->0": 0, "48->49": 0, "49->48": 0, "49->50": 0, "50->49": 0, "48->51": 0, "51->48": 0, "48->52": 0, "52->48": 0, "52->53": 0, "53->52": 0, "53->54": 0, "54->53": 0, "52->55": 0, "55->52": 0, "48->56": 0, "56->48": 0, "56->57": 0, "57->56": 0, "57->58": 0, "58->57": 0, "58->59": 0, "59->58": 0, "59->60": 0, "60->59": 0, "57->61": 0, "61->57": 0, "61->62": 0, "62->61": 0, "57->63": 0, "63->57": 0, "0->64": 0, "64->0": 0, "64->65": 0, "65->64": 0, "65->66": 0, "66->65": 0, "64->67": 0, "67->64": 0, "67->68": 0, "68->67": 0, "64->69": 0, "69->64": 0, "64->70": 0, "70->64": 0, "70->71": 0, "71->70": 0, "71->72": 0, "72->71": 0, "0->73": 0, "73->0": 0, "73->74": 0, "74->73": 0, "74->75": 0, "75->74": 0, "73->76": 0, "76->73": 0, "76->77": 0, "77->76": 0, "73->78": 0, "78->73": 0, "73->79": 0, "79->73": 0, "79->80": 0, "80->79": 0, "80->81": 0, "81->80": 0, "0->82": 0, "82->0": 0, "82->83": 0, "83->82": 0, "83->84": 0, "84->83": 0, "83->85": 0, "85->83": 0, "82->86": 0, "86->82": 0, "82->87": 0, "87->82": 0, "87->88": 0, "88->87": 0, "88->89": 0, "89->88": 0, "87->90": 0, "90->87": 0, "90->91": 0, "91->90": 0, "87->92": 0, "92->87": 0, "92->93": 0, "93->92": 0, "87->94": 0, "94->87": 0, "87->95": 0, "95->87": 0, "95->96": 0, "96->95": 0, "96->97": 0, "97->96": 0, "95->98": 0, "98->95": 0, "87->99": 0, "99->87": 0, "99->100": 0, "100->99": 0, "100->101": 0, "101->100": 0, "99->102": 0, "102->99": 0, "87->103": 0, "103->87": 0, "103->104": 0, "104->103": 0, "104->105": 0, "105->104": 0, "104->106": 0, "106->104": 0, "106->107": 0, "107->106": 0, "107->108": 0, "108->107": 0, "107->109": 0, "109->107": 0, "106->110": 0, "110->106": 0, "104->111": 0, "111->104": 0, "82->112": 0, "112->82": 0, "112->113": 0, "113->112": 0, "112->114": 0, "114->112": 0, "114->115": 0, "115->114": 0, "115->116": 0, "116->115": 0, "0->117": 0, "117->0": 0, "117->118": 0, "118->117": 0, "118->119": 0, "119->118": 0, "118->120": 0, "120->118": 0, "117->121": 0, "121->117": 0, "117->122": 0, "122->117": 0, "122->123": 0, "123->122": 0, "123->124": 0, "124->123": 0, "122->125": 0, "125->122": 0, "125->126": 0, "126->125": 0, "122->127": 0, "127->122": 0, "127->128": 0, "128->127": 0, "122->129": 0, "129->122": 0, "122->130": 0, "130->122": 0, "130->131": 0, "131->130": 0, "131->132": 0, "132->131": 0, "130->133": 0, "133->130": 0, "122->134": 0, "134->122": 0, "134->135": 0, "135->134": 0, "135->136": 0, "136->135": 0, "134->137": 0, "137->134": 0, "122->138": 0, "138->122": 0, "138->139": 0, "139->138": 0, "139->140": 0, "140->139": 0, "139->141": 0, "141->139": 0, "141->142": 0, "142->141": 0, "141->143": 0, "143->141": 0, "139->144": 0, "144->139": 0, "144->145": 0, "145->144": 0, "144->146": 0, "146->144": 0, "138->147": 0, "147->138": 0, "147->148": 0, "148->147": 0, "148->149": 0, "149->148": 0, "149->150": 0, "150->149": 0, "149->151": 0, "151->149": 0, "151->152": 0, "152->151": 0, "152->153": 0, "153->152": 0, "152->154": 0, "154->152": 0, "151->155": 0, "155->151": 0, "149->156": 0, "156->149": 0, "122->157": 0, "157->122": 0, "157->158": 0, "158->157": 0, "158->159": 0, "159->158": 0, "159->160": 0, "160->159": 0, "159->161": 0, "161->159": 0, "161->162": 0, "162->161": 0, "161->163": 0, "163->161": 0, "159->164": 0, "164->159": 0, "164->165": 0, "165->164": 0, "164->166": 0, "166->164": 0, "158->167": 0, "167->158": 0, "167->168": 0, "168->167": 0, "167->169": 0, "169->167": 0, "158->170": 0, "170->158": 0, "170->171": 0, "171->170": 0, "117->172": 0, "172->117": 0, "172->173": 0, "173->172": 0, "172->174": 0, "174->172": 0, "174->175": 0, "175->174": 0, "175->176": 0, "176->175": 0, "1->4": 1, "4->1": 12, "4->5": 1, "5->4": 12, "5->13": 1, "13->5": 12, "13->20": 1, "20->13": 12, "20->48": 1, "48->20": 12, "48->64": 1, "64->48": 12, "64->73": 1, "73->64": 12, "73->82": 1, "82->73": 12, "82->117": 1, "117->82": 12, "2->3": 2, "3->2": 3, "6->9": 1, "9->6": 12, "9->11": 1, "11->9": 12, "7->8": 2, "8->7": 3, "14->16": 1, "16->14": 12, "16->18": 1, "18->16": 12, "21->23": 1, "23->21": 12, "23->24": 1, "24->23": 12, "24->28": 1, "28->24": 12, "28->32": 1, "32->28": 12, "32->40": 1, "40->32": 12, "25->27": 1, "27->25": 12, "29->31": 1, "31->29": 12, "34->37": 1, "37->34": 12, "37->39": 1, "39->37": 12, "42->45": 1, "45->42": 12, "45->47": 1, "47->45": 12, "49->51": 1, "51->49": 12, "51->52": 1, "52->51": 12, "52->56": 1, "56->52": 12, "53->55": 1, "55->53": 12, "58->61": 1, "61->58": 12, "61->63": 1, "63->61": 12, "65->67": 1, "67->65": 12, "67->69": 1, "69->67": 12, "69->70": 1, "70->69": 12, "74->76": 1, "76->74": 12, "76->78": 1, "78->76": 12, "78->79": 1, "79->78": 12, "83->86": 1, "86->83": 12, "86->87": 1, "87->86": 12, "87->112": 1, "112->87": 12, "84->85": 2, "85->84": 3, "88->90": 1, "90->88": 12, "90->92": 1, "92->90": 12, "92->94": 1, "94->92": 12, "94->95": 1, "95->94": 12, "95->99": 1, "99->95": 12, "99->103": 1, "103->99": 12, "96->98": 1, "98->96": 12, "100->102": 1, "102->100": 12, "105->106": 1, "106->105": 12, "106->111": 1, "111->106": 12, "107->110": 1, "110->107": 12, "108->109": 2, "109->108": 3, "113->114": 1, "114->113": 12, "118->121": 1, "121->118": 12, "121->122": 1, "122->121": 12, "122->172": 1, "172->122": 12, "119->120": 2, "120->119": 3, "123->125": 1, "125->123": 12, "125->127": 1, "127->125": 12, "127->129": 1, "129->127": 12, "129->130": 1, "130->129": 12, "130->134": 1, "134->130": 12, "134->138": 1, "138->134": 12, "138->157": 1, "157->138": 12, "131->133": 1, "133->131": 12, "135->137": 1, "137->135": 12, "139->147": 6, "147->139": 6, "140->141": 1, "141->140": 12, "141->144": 1, "144->141": 12, "142->143": 2, "143->142": 3, "145->146": 2, "146->145": 3, "150->151": 1, "151->150": 12, "151->156": 1, "156->151": 12, "152->155": 1, "155->152": 12, "153->154": 2, "154->153": 3, "159->167": 1, "167->159": 12, "167->170": 1, "170->167": 12, "160->161": 1, "161->160": 12, "161->164": 1, "164->161": 12, "162->163": 2, "163->162": 3, "165->166": 2, "166->165": 3, "168->169": 2, "169->168": 3, "173->174": 1, "174->173": 12, "3->4": 2, "4->3": 3, "4->7": 2, "7->4": 3, "8->10": 2, "10->8": 3, "10->12": 2, "12->10": 3, "12->15": 2, "15->12": 3, "15->17": 2, "17->15": 3, "17->19": 2, "19->17": 3, "19->22": 2, "22->19": 3, "22->23": 2, "23->22": 3, "23->26": 2, "26->23": 3, "26->27": 2, "27->26": 3, "27->30": 2, "30->27": 3, "30->31": 2, "31->30": 3, "31->36": 2, "36->31": 3, "36->38": 4, "38->36": 5, "38->39": 2, "39->38": 3, "39->44": 2, "44->39": 3, "44->46": 4, "46->44": 5, "46->47": 2, "47->46": 3, "47->50": 2, "50->47": 3, "50->51": 2, "51->50": 3, "51->54": 2, "54->51": 3, "54->55": 2, "55->54": 3, "55->60": 2, "60->55": 3, "60->62": 4, "62->60": 5, "62->63": 2, "63->62": 3, "63->66": 2, "66->63": 3, "66->68": 2, "68->66": 3, "68->69": 2, "69->68": 3, "69->72": 2, "72->69": 3, "72->75": 2, "75->72": 3, "75->77": 2, "77->75": 3, "77->78": 2, "78->77": 3, "78->81": 2, "81->78": 3, "81->84": 2, "84->81": 3, "85->86": 2, "86->85": 3, "86->89": 2, "89->86": 3, "89->91": 2, "91->89": 3, "91->93": 2, "93->91": 3, "93->94": 2, "94->93": 3, "94->97": 2, "97->94": 3, "97->98": 2, "98->97": 3, "98->101": 2, "101->98": 3, "101->102": 2, "102->101": 3, "102->105": 2, "105->102": 3, "105->108": 2, "108->105": 3, "109->110": 2, "110->109": 3, "110->111": 2, "111->110": 3, "111->113": 2, "113->111": 3, "113->116": 2, "116->113": 3, "116->119": 2, "119->116": 3, "120->121": 2, "121->120": 3, "121->124": 2, "124->121": 3, "124->126": 2, "126->124": 3, "126->128": 2, "128->126": 3, "128->129": 2, "129->128": 3, "129->132": 2, "132->129": 3, "132->133": 2, "133->132": 3, "133->136": 2, "136->133": 3, "136->137": 2, "137->136": 3, "137->140": 2, "140->137": 3, "140->142": 2, "142->140": 3, "143->145": 2, "145->143": 3, "146->150": 2, "150->146": 3, "150->153": 2, "153->150": 3, "154->155": 2, "155->154": 3, "155->156": 2, "156->155": 3, "156->160": 2, "160->156": 3, "160->162": 2, "162->160": 3, "163->165": 2, "165->163": 3, "166->168": 2, "168->166": 3, "169->171": 2, "171->169": 3, "171->173": 2, "173->171": 3, "173->176": 2, "176->173": 3, "38->72": 4, "72->38": 5, "46->60": 4, "60->46": 5, "62->81": 4, "81->62": 5}, "metrics": [2.0, 0.0, 6.0, 6.0, 33.0, 7.0, 0.0, 0.0, 0.5, 0.0, 1.0]}