{"nodelist": ["ClassDeclaration", "{'public'}", "public", "SubstringComparator", "FieldDeclaration", "{'private'}", "private", "ReferenceType", "String", "VariableDeclarator", "substr", "ConstructorDeclaration", "{'public'}", "public", "SubstringComparator", "StatementExpression", "SuperConstructorInvocation", "ConstructorDeclaration", "{'public'}", "public", "SubstringComparator", "FormalParameter", "ReferenceType", "String", "substr", "StatementExpression", "SuperConstructorInvocation", "MethodInvocation", "Bytes", "MethodInvocation", "substr", "toLowerCase", "toBytes", "StatementExpression", "Assignment", "This", "MemberReference", "substr", "MethodInvocation", "substr", "toLowerCase", "=", "MethodDeclaration", "{'public'}", "public", "Annotation", "Override", "BasicType", "byte", "getValue", "ReturnStatement", "MethodInvocation", "Bytes", "MemberReference", "substr", "toBytes", "MethodDeclaration", "{'public'}", "public", "Annotation", "Override", "BasicType", "int", "compareTo", "FormalParameter", "BasicType", "byte", "value", "ReturnStatement", "TernaryExpression", "MethodInvocation", "Bytes", "MethodInvocation", "toLowerCase", "MethodInvocation", "MemberReference", "substr", "contains", "MemberReference", "value", "toString", "Literal", "0", "Literal", "1", "MethodDeclaration", "{'public'}", "public", "Annotation", "Override", "readFields", "FormalParameter", "ReferenceType", "DataInput", "in", "IOException", "LocalVariableDeclaration", "ReferenceType", "String", "VariableDeclarator", "substr", "MethodInvocation", "in", "readUTF", "StatementExpression", "Assignment", "This", "MemberReference", "value", "MethodInvocation", "Bytes", "MemberReference", "substr", "toBytes", "=", "StatementExpression", "Assignment", "This", "MemberReference", "substr", "MemberReference", "substr", "=", "MethodDeclaration", "{'public'}", "public", "Annotation", "Override", "write", "FormalParameter", "ReferenceType", "DataOutput", "out", "IOException", "StatementExpression", "MethodInvocation", "out", "MemberReference", "substr", "writeUTF", "ReferenceType", "WritableByteArrayComparable"], "nodes": {"0": "ClassDeclaration", "1": "Modifier", "2": "public", "3": "SubstringComparator", "4": "FieldDeclaration", "5": "Modifier", "6": "private", "7": "ReferenceType", "8": "String", "9": "VariableDeclarator", "10": "substr", "11": "ConstructorDeclaration", "12": "Modifier", "13": "public", "14": "SubstringComparator", "15": "StatementExpression", "16": "SuperConstructorInvocation", "17": "ConstructorDeclaration", "18": "Modifier", "19": "public", "20": "SubstringComparator", "21": "FormalParameter", "22": "ReferenceType", "23": "String", "24": "substr", "25": "StatementExpression", "26": "SuperConstructorInvocation", "27": "MethodInvocation", "28": "Bytes", "29": "MethodInvocation", "30": "substr", "31": "toLowerCase", "32": "toBytes", "33": "StatementExpression", "34": "Assignment", "35": "This", "36": "MemberReference", "37": "substr", "38": "MethodInvocation", "39": "substr", "40": "toLowerCase", "41": "=", "42": "MethodDeclaration", "43": "Modifier", "44": "public", "45": "Annotation", "46": "Override", "47": "BasicType", "48": "byte", "49": "getValue", "50": "ReturnStatement", "51": "MethodInvocation", "52": "Bytes", "53": "MemberReference", "54": "substr", "55": "toBytes", "56": "MethodDeclaration", "57": "Modifier", "58": "public", "59": "Annotation", "60": "Override", "61": "BasicType", "62": "int", "63": "compareTo", "64": "FormalParameter", "65": "BasicType", "66": "byte", "67": "value", "68": "ReturnStatement", "69": "TernaryExpression", "70": "MethodInvocation", "71": "Bytes", "72": "MethodInvocation", "73": "toLowerCase", "74": "MethodInvocation", "75": "MemberReference", "76": "substr", "77": "contains", "78": "MemberReference", "79": "value", "80": "toString", "81": "Literal", "82": "0", "83": "Literal", "84": "1", "85": "MethodDeclaration", "86": "Modifier", "87": "public", "88": "Annotation", "89": "Override", "90": "readFields", "91": "FormalParameter", "92": "ReferenceType", "93": "DataInput", "94": "in", "95": "IOException", "96": "LocalVariableDeclaration", "97": "ReferenceType", "98": "String", "99": "VariableDeclarator", "100": "substr", "101": "MethodInvocation", "102": "in", "103": "readUTF", "104": "StatementExpression", "105": "Assignment", "106": "This", "107": "MemberReference", "108": "value", "109": "MethodInvocation", "110": "Bytes", "111": "MemberReference", "112": "substr", "113": "toBytes", "114": "=", "115": "StatementExpression", "116": "Assignment", "117": "This", "118": "MemberReference", "119": "substr", "120": "MemberReference", "121": "substr", "122": "=", "123": "MethodDeclaration", "124": "Modifier", "125": "public", "126": "Annotation", "127": "Override", "128": "write", "129": "FormalParameter", "130": "ReferenceType", "131": "DataOutput", "132": "out", "133": "IOException", "134": "StatementExpression", "135": "MethodInvocation", "136": "out", "137": "MemberReference", "138": "substr", "139": "writeUTF", "140": "ReferenceType", "141": "WritableByteArrayComparable"}, "edges": {"0->1": 0, "1->0": 0, "1->2": 0, "2->1": 0, "0->3": 0, "3->0": 0, "0->4": 0, "4->0": 0, "4->5": 0, "5->4": 0, "5->6": 0, "6->5": 0, "4->7": 0, "7->4": 0, "7->8": 0, "8->7": 0, "4->9": 0, "9->4": 0, "9->10": 0, "10->9": 0, "0->11": 0, "11->0": 0, "11->12": 0, "12->11": 0, "12->13": 0, "13->12": 0, "11->14": 0, "14->11": 0, "11->15": 0, "15->11": 0, "15->16": 0, "16->15": 0, "0->17": 0, "17->0": 0, "17->18": 0, "18->17": 0, "18->19": 0, "19->18": 0, "17->20": 0, "20->17": 0, "17->21": 0, "21->17": 0, "21->22": 0, "22->21": 0, "22->23": 0, "23->22": 0, "21->24": 0, "24->21": 0, "17->25": 0, "25->17": 0, "25->26": 0, "26->25": 0, "26->27": 0, "27->26": 0, "27->28": 0, "28->27": 0, "27->29": 0, "29->27": 0, "29->30": 0, "30->29": 0, "29->31": 0, "31->29": 0, "27->32": 0, "32->27": 0, "17->33": 0, "33->17": 0, "33->34": 0, "34->33": 0, "34->35": 0, "35->34": 0, "35->36": 0, "36->35": 0, "36->37": 0, "37->36": 0, "34->38": 0, "38->34": 0, "38->39": 0, "39->38": 0, "38->40": 0, "40->38": 0, "34->41": 0, "41->34": 0, "0->42": 0, "42->0": 0, "42->43": 0, "43->42": 0, "43->44": 0, "44->43": 0, "42->45": 0, "45->42": 0, "45->46": 0, "46->45": 0, "42->47": 0, "47->42": 0, "47->48": 0, "48->47": 0, "42->49": 0, "49->42": 0, "42->50": 0, "50->42": 0, "50->51": 0, "51->50": 0, "51->52": 0, "52->51": 0, "51->53": 0, "53->51": 0, "53->54": 0, "54->53": 0, "51->55": 0, "55->51": 0, "0->56": 0, "56->0": 0, "56->57": 0, "57->56": 0, "57->58": 0, "58->57": 0, "56->59": 0, "59->56": 0, "59->60": 0, "60->59": 0, "56->61": 0, "61->56": 0, "61->62": 0, "62->61": 0, "56->63": 0, "63->56": 0, "56->64": 0, "64->56": 0, "64->65": 0, "65->64": 0, "65->66": 0, "66->65": 0, "64->67": 0, "67->64": 0, "56->68": 0, "68->56": 0, "68->69": 0, "69->68": 0, "69->70": 0, "70->69": 0, "70->71": 0, "71->70": 0, "70->72": 0, "72->70": 0, "72->73": 0, "73->72": 0, "70->74": 0, "74->70": 0, "74->75": 0, "75->74": 0, "75->76": 0, "76->75": 0, "74->77": 0, "77->74": 0, "70->78": 0, "78->70": 0, "78->79": 0, "79->78": 0, "70->80": 0, "80->70": 0, "69->81": 0, "81->69": 0, "81->82": 0, "82->81": 0, "69->83": 0, "83->69": 0, "83->84": 0, "84->83": 0, "0->85": 0, "85->0": 0, "85->86": 0, "86->85": 0, "86->87": 0, "87->86": 0, "85->88": 0, "88->85": 0, "88->89": 0, "89->88": 0, "85->90": 0, "90->85": 0, "85->91": 0, "91->85": 0, "91->92": 0, "92->91": 0, "92->93": 0, "93->92": 0, "91->94": 0, "94->91": 0, "85->95": 0, "95->85": 0, "85->96": 0, "96->85": 0, "96->97": 0, "97->96": 0, "97->98": 0, "98->97": 0, "96->99": 0, "99->96": 0, "99->100": 0, "100->99": 0, "99->101": 0, "101->99": 0, "101->102": 0, "102->101": 0, "101->103": 0, "103->101": 0, "85->104": 0, "104->85": 0, "104->105": 0, "105->104": 0, "105->106": 0, "106->105": 0, "106->107": 0, "107->106": 0, "107->108": 0, "108->107": 0, "105->109": 0, "109->105": 0, "109->110": 0, "110->109": 0, "109->111": 0, "111->109": 0, "111->112": 0, "112->111": 0, "109->113": 0, "113->109": 0, "105->114": 0, "114->105": 0, "85->115": 0, "115->85": 0, "115->116": 0, "116->115": 0, "116->117": 0, "117->116": 0, "117->118": 0, "118->117": 0, "118->119": 0, "119->118": 0, "116->120": 0, "120->116": 0, "120->121": 0, "121->120": 0, "116->122": 0, "122->116": 0, "0->123": 0, "123->0": 0, "123->124": 0, "124->123": 0, "124->125": 0, "125->124": 0, "123->126": 0, "126->123": 0, "126->127": 0, "127->126": 0, "123->128": 0, "128->123": 0, "123->129": 0, "129->123": 0, "129->130": 0, "130->129": 0, "130->131": 0, "131->130": 0, "129->132": 0, "132->129": 0, "123->133": 0, "133->123": 0, "123->134": 0, "134->123": 0, "134->135": 0, "135->134": 0, "135->136": 0, "136->135": 0, "135->137": 0, "137->135": 0, "137->138": 0, "138->137": 0, "135->139": 0, "139->135": 0, "0->140": 0, "140->0": 0, "140->141": 0, "141->140": 0, "1->3": 1, "3->1": 12, "3->4": 1, "4->3": 12, "4->11": 1, "11->4": 12, "11->17": 1, "17->11": 12, "17->42": 1, "42->17": 12, "42->56": 1, "56->42": 12, "56->85": 1, "85->56": 12, "85->123": 1, "123->85": 12, "123->140": 1, "140->123": 12, "5->7": 1, "7->5": 12, "7->9": 1, "9->7": 12, "12->14": 1, "14->12": 12, "14->15": 1, "15->14": 12, "18->20": 1, "20->18": 12, "20->21": 1, "21->20": 12, "21->25": 1, "25->21": 12, "25->33": 1, "33->25": 12, "22->24": 1, "24->22": 12, "28->29": 1, "29->28": 12, "29->32": 1, "32->29": 12, "30->31": 2, "31->30": 3, "35->38": 1, "38->35": 12, "38->41": 1, "41->38": 12, "39->40": 2, "40->39": 3, "43->45": 1, "45->43": 12, "45->47": 1, "47->45": 12, "47->49": 1, "49->47": 12, "49->50": 1, "50->49": 12, "52->53": 1, "53->52": 12, "53->55": 1, "55->53": 12, "57->59": 1, "59->57": 12, "59->61": 1, "61->59": 12, "61->63": 1, "63->61": 12, "63->64": 1, "64->63": 12, "64->68": 1, "68->64": 12, "65->67": 1, "67->65": 12, "70->81": 1, "81->70": 12, "81->83": 1, "83->81": 12, "71->72": 1, "72->71": 12, "72->74": 1, "74->72": 12, "74->78": 1, "78->74": 12, "78->80": 1, "80->78": 12, "75->77": 1, "77->75": 12, "86->88": 1, "88->86": 12, "88->90": 1, "90->88": 12, "90->91": 1, "91->90": 12, "91->95": 1, "95->91": 12, "95->96": 1, "96->95": 12, "96->104": 1, "104->96": 12, "104->115": 1, "115->104": 12, "92->94": 1, "94->92": 12, "97->99": 1, "99->97": 12, "100->101": 1, "101->100": 12, "102->103": 2, "103->102": 3, "106->109": 1, "109->106": 12, "109->114": 1, "114->109": 12, "110->111": 1, "111->110": 12, "111->113": 1, "113->111": 12, "117->120": 1, "120->117": 12, "120->122": 1, "122->120": 12, "124->126": 1, "126->124": 12, "126->128": 1, "128->126": 12, "128->129": 1, "129->128": 12, "129->133": 1, "133->129": 12, "133->134": 1, "134->133": 12, "130->132": 1, "132->130": 12, "136->137": 1, "137->136": 12, "137->139": 1, "139->137": 12, "2->3": 2, "3->2": 3, "3->6": 2, "6->3": 3, "6->8": 2, "8->6": 3, "8->10": 2, "10->8": 3, "10->13": 2, "13->10": 3, "13->14": 2, "14->13": 3, "14->16": 2, "16->14": 3, "16->19": 2, "19->16": 3, "19->20": 2, "20->19": 3, "20->23": 2, "23->20": 3, "23->24": 2, "24->23": 3, "24->28": 2, "28->24": 3, "28->30": 2, "30->28": 3, "31->32": 2, "32->31": 3, "32->37": 2, "37->32": 3, "37->39": 2, "39->37": 3, "40->41": 2, "41->40": 3, "41->44": 2, "44->41": 3, "44->46": 2, "46->44": 3, "46->48": 2, "48->46": 3, "48->49": 2, "49->48": 3, "49->52": 2, "52->49": 3, "52->54": 2, "54->52": 3, "54->55": 2, "55->54": 3, "55->58": 2, "58->55": 3, "58->60": 2, "60->58": 3, "60->62": 2, "62->60": 3, "62->63": 2, "63->62": 3, "63->66": 2, "66->63": 3, "66->67": 2, "67->66": 3, "67->71": 2, "71->67": 3, "71->73": 2, "73->71": 3, "73->76": 2, "76->73": 3, "76->77": 2, "77->76": 3, "77->79": 2, "79->77": 3, "79->80": 2, "80->79": 3, "80->82": 2, "82->80": 3, "82->84": 2, "84->82": 3, "84->87": 2, "87->84": 3, "87->89": 2, "89->87": 3, "89->90": 2, "90->89": 3, "90->93": 2, "93->90": 3, "93->94": 2, "94->93": 3, "94->95": 2, "95->94": 3, "95->98": 2, "98->95": 3, "98->100": 2, "100->98": 3, "100->102": 2, "102->100": 3, "103->108": 2, "108->103": 3, "108->110": 2, "110->108": 3, "110->112": 2, "112->110": 3, "112->113": 2, "113->112": 3, "113->114": 2, "114->113": 3, "114->119": 2, "119->114": 3, "119->121": 4, "121->119": 5, "121->122": 2, "122->121": 3, "122->125": 2, "125->122": 3, "125->127": 2, "127->125": 3, "127->128": 2, "128->127": 3, "128->131": 2, "131->128": 3, "131->132": 2, "132->131": 3, "132->133": 2, "133->132": 3, "133->136": 2, "136->133": 3, "136->138": 2, "138->136": 3, "138->139": 2, "139->138": 3, "139->141": 2, "141->139": 3, "37->54": 4, "54->37": 5, "54->76": 4, "76->54": 5, "76->112": 4, "112->76": 5, "112->119": 4, "119->112": 5, "121->138": 4, "138->121": 5, "79->108": 4, "108->79": 5}, "metrics": [1.0, 0.0, 6.0, 6.0, 34.0, 6.0, 0.0, 1.0, 0.3333333333333333, 1.0, 1.0]}