{"nodelist": ["ClassDeclaration", "{'public'}", "public", "RegionTransitionData", "FieldDeclaration", "{'private'}", "private", "ReferenceType", "EventType", "VariableDeclarator", "eventType", "FieldDeclaration", "{'private'}", "private", "BasicType", "byte", "VariableDeclarator", "regionName", "FieldDeclaration", "{'private'}", "private", "ReferenceType", "String", "VariableDeclarator", "serverName", "FieldDeclaration", "{'private'}", "private", "BasicType", "long", "VariableDeclarator", "stamp", "ConstructorDeclaration", "{'public'}", "public", "RegionTransitionData", "ConstructorDeclaration", "{'public'}", "public", "RegionTransitionData", "FormalParameter", "ReferenceType", "EventType", "eventType", "FormalParameter", "BasicType", "byte", "regionName", "StatementExpression", "ExplicitConstructorInvocation", "MemberReference", "eventType", "MemberReference", "regionName", "Literal", "null", "ConstructorDeclaration", "{'public'}", "public", "RegionTransitionData", "FormalParameter", "ReferenceType", "EventType", "eventType", "FormalParameter", "BasicType", "byte", "regionName", "FormalParameter", "ReferenceType", "String", "serverName", "StatementExpression", "Assignment", "This", "MemberReference", "eventType", "MemberReference", "eventType", "=", "StatementExpression", "Assignment", "This", "MemberReference", "stamp", "MethodInvocation", "System", "currentTimeMillis", "=", "StatementExpression", "Assignment", "This", "MemberReference", "regionName", "MemberReference", "regionName", "=", "StatementExpression", "Assignment", "This", "MemberReference", "serverName", "MemberReference", "serverName", "=", "MethodDeclaration", "{'public'}", "public", "ReferenceType", "EventType", "getEventType", "ReturnStatement", "MemberReference", "eventType", "MethodDeclaration", "{'public'}", "public", "BasicType", "byte", "getRegionName", "ReturnStatement", "MemberReference", "regionName", "MethodDeclaration", "{'public'}", "public", "ReferenceType", "String", "getServerName", "ReturnStatement", "MemberReference", "serverName", "MethodDeclaration", "{'public'}", "public", "BasicType", "long", "getStamp", "ReturnStatement", "MemberReference", "stamp", "MethodDeclaration", "{'public'}", "public", "Annotation", "Override", "readFields", "FormalParameter", "ReferenceType", "DataInput", "in", "IOException", "StatementExpression", "Assignment", "MemberReference", "eventType", "MethodInvocation", "EventType", "ArraySelector", "MethodInvocation", "in", "readShort", "values", "=", "StatementExpression", "Assignment", "MemberReference", "stamp", "MethodInvocation", "in", "readLong", "=", "StatementExpression", "Assignment", "MemberReference", "regionName", "MethodInvocation", "Bytes", "MemberReference", "in", "readByteArray", "=", "IfStatement", "MethodInvocation", "in", "readBoolean", "BlockStatement", "StatementExpression", "Assignment", "MemberReference", "serverName", "MethodInvocation", "in", "readUTF", "=", "BlockStatement", "StatementExpression", "Assignment", "MemberReference", "serverName", "Literal", "null", "=", "MethodDeclaration", "{'public'}", "public", "Annotation", "Override", "write", "FormalParameter", "ReferenceType", "DataOutput", "out", "IOException", "StatementExpression", "MethodInvocation", "out", "MethodInvocation", "eventType", "ordinal", "writeShort", "StatementExpression", "MethodInvocation", "out", "MethodInvocation", "System", "currentTimeMillis", "writeLong", "StatementExpression", "MethodInvocation", "Bytes", "MemberReference", "out", "MemberReference", "regionName", "writeByteArray", "StatementExpression", "MethodInvocation", "out", "BinaryOperation", "!=", "MemberReference", "serverName", "Literal", "null", "writeBoolean", "IfStatement", "BinaryOperation", "!=", "MemberReference", "serverName", "Literal", "null", "BlockStatement", "StatementExpression", "MethodInvocation", "out", "MemberReference", "serverName", "writeUTF", "MethodDeclaration", "{'public'}", "public", "BasicType", "byte", "getBytes", "TryStatement", "ReturnStatement", "MethodInvocation", "Writables", "This", "getBytes", "CatchClause", "CatchClauseParameter", "IOException", "e", "ThrowStatement", "ClassCreator", "ReferenceType", "RuntimeException", "MemberReference", "e", "MethodDeclaration", "{'public', 'static'}", "public", "static", "ReferenceType", "RegionTransitionData", "fromBytes", "FormalParameter", "BasicType", "byte", "bytes", "TryStatement", "LocalVariableDeclaration", "ReferenceType", "RegionTransitionData", "VariableDeclarator", "data", "ClassCreator", "ReferenceType", "RegionTransitionData", "StatementExpression", "MethodInvocation", "Writables", "MemberReference", "bytes", "MemberReference", "data", "getWritable", "ReturnStatement", "MemberReference", "data", "CatchClause", "CatchClauseParameter", "IOException", "e", "ThrowStatement", "ClassCreator", "ReferenceType", "RuntimeException", "MemberReference", "e", "MethodDeclaration", "{'public'}", "public", "Annotation", "Override", "ReferenceType", "String", "toString", "ReturnStatement", "BinaryOperation", "+", "BinaryOperation", "+", "BinaryOperation", "+", "BinaryOperation", "+", "BinaryOperation", "+", "Literal", "\"region=\"", "MethodInvocation", "Bytes", "MemberReference", "regionName", "toString", "Literal", "\", server=\"", "MemberReference", "serverName", "Literal", "\", state=\"", "MemberReference", "eventType", "ReferenceType", "Writable"], "nodes": {"0": "ClassDeclaration", "1": "Modifier", "2": "public", "3": "RegionTransitionData", "4": "FieldDeclaration", "5": "Modifier", "6": "private", "7": "ReferenceType", "8": "EventType", "9": "VariableDeclarator", "10": "eventType", "11": "FieldDeclaration", "12": "Modifier", "13": "private", "14": "BasicType", "15": "byte", "16": "VariableDeclarator", "17": "regionName", "18": "FieldDeclaration", "19": "Modifier", "20": "private", "21": "ReferenceType", "22": "String", "23": "VariableDeclarator", "24": "serverName", "25": "FieldDeclaration", "26": "Modifier", "27": "private", "28": "BasicType", "29": "long", "30": "VariableDeclarator", "31": "stamp", "32": "ConstructorDeclaration", "33": "Modifier", "34": "public", "35": "RegionTransitionData", "36": "ConstructorDeclaration", "37": "Modifier", "38": "public", "39": "RegionTransitionData", "40": "FormalParameter", "41": "ReferenceType", "42": "EventType", "43": "eventType", "44": "FormalParameter", "45": "BasicType", "46": "byte", "47": "regionName", "48": "StatementExpression", "49": "ExplicitConstructorInvocation", "50": "MemberReference", "51": "eventType", "52": "MemberReference", "53": "regionName", "54": "Literal", "55": "null", "56": "ConstructorDeclaration", "57": "Modifier", "58": "public", "59": "RegionTransitionData", "60": "FormalParameter", "61": "ReferenceType", "62": "EventType", "63": "eventType", "64": "FormalParameter", "65": "BasicType", "66": "byte", "67": "regionName", "68": "FormalParameter", "69": "ReferenceType", "70": "String", "71": "serverName", "72": "StatementExpression", "73": "Assignment", "74": "This", "75": "MemberReference", "76": "eventType", "77": "MemberReference", "78": "eventType", "79": "=", "80": "StatementExpression", "81": "Assignment", "82": "This", "83": "MemberReference", "84": "stamp", "85": "MethodInvocation", "86": "System", "87": "currentTimeMillis", "88": "=", "89": "StatementExpression", "90": "Assignment", "91": "This", "92": "MemberReference", "93": "regionName", "94": "MemberReference", "95": "regionName", "96": "=", "97": "StatementExpression", "98": "Assignment", "99": "This", "100": "MemberReference", "101": "serverName", "102": "MemberReference", "103": "serverName", "104": "=", "105": "MethodDeclaration", "106": "Modifier", "107": "public", "108": "ReferenceType", "109": "EventType", "110": "getEventType", "111": "ReturnStatement", "112": "MemberReference", "113": "eventType", "114": "MethodDeclaration", "115": "Modifier", "116": "public", "117": "BasicType", "118": "byte", "119": "getRegionName", "120": "ReturnStatement", "121": "MemberReference", "122": "regionName", "123": "MethodDeclaration", "124": "Modifier", "125": "public", "126": "ReferenceType", "127": "String", "128": "getServerName", "129": "ReturnStatement", "130": "MemberReference", "131": "serverName", "132": "MethodDeclaration", "133": "Modifier", "134": "public", "135": "BasicType", "136": "long", "137": "getStamp", "138": "ReturnStatement", "139": "MemberReference", "140": "stamp", "141": "MethodDeclaration", "142": "Modifier", "143": "public", "144": "Annotation", "145": "Override", "146": "readFields", "147": "FormalParameter", "148": "ReferenceType", "149": "DataInput", "150": "in", "151": "IOException", "152": "StatementExpression", "153": "Assignment", "154": "MemberReference", "155": "eventType", "156": "MethodInvocation", "157": "EventType", "158": "ArraySelector", "159": "MethodInvocation", "160": "in", "161": "readShort", "162": "values", "163": "=", "164": "StatementExpression", "165": "Assignment", "166": "MemberReference", "167": "stamp", "168": "MethodInvocation", "169": "in", "170": "readLong", "171": "=", "172": "StatementExpression", "173": "Assignment", "174": "MemberReference", "175": "regionName", "176": "MethodInvocation", "177": "Bytes", "178": "MemberReference", "179": "in", "180": "readByteArray", "181": "=", "182": "IfStatement", "183": "MethodInvocation", "184": "in", "185": "readBoolean", "186": "BlockStatement", "187": "StatementExpression", "188": "Assignment", "189": "MemberReference", "190": "serverName", "191": "MethodInvocation", "192": "in", "193": "readUTF", "194": "=", "195": "BlockStatement", "196": "StatementExpression", "197": "Assignment", "198": "MemberReference", "199": "serverName", "200": "Literal", "201": "null", "202": "=", "203": "MethodDeclaration", "204": "Modifier", "205": "public", "206": "Annotation", "207": "Override", "208": "write", "209": "FormalParameter", "210": "ReferenceType", "211": "DataOutput", "212": "out", "213": "IOException", "214": "StatementExpression", "215": "MethodInvocation", "216": "out", "217": "MethodInvocation", "218": "eventType", "219": "ordinal", "220": "writeShort", "221": "StatementExpression", "222": "MethodInvocation", "223": "out", "224": "MethodInvocation", "225": "System", "226": "currentTimeMillis", "227": "writeLong", "228": "StatementExpression", "229": "MethodInvocation", "230": "Bytes", "231": "MemberReference", "232": "out", "233": "MemberReference", "234": "regionName", "235": "writeByteArray", "236": "StatementExpression", "237": "MethodInvocation", "238": "out", "239": "BinaryOperation", "240": "!=", "241": "MemberReference", "242": "serverName", "243": "Literal", "244": "null", "245": "writeBoolean", "246": "IfStatement", "247": "BinaryOperation", "248": "!=", "249": "MemberReference", "250": "serverName", "251": "Literal", "252": "null", "253": "BlockStatement", "254": "StatementExpression", "255": "MethodInvocation", "256": "out", "257": "MemberReference", "258": "serverName", "259": "writeUTF", "260": "MethodDeclaration", "261": "Modifier", "262": "public", "263": "BasicType", "264": "byte", "265": "getBytes", "266": "TryStatement", "267": "ReturnStatement", "268": "MethodInvocation", "269": "Writables", "270": "This", "271": "getBytes", "272": "CatchClause", "273": "CatchClauseParameter", "274": "IOException", "275": "e", "276": "ThrowStatement", "277": "ClassCreator", "278": "ReferenceType", "279": "RuntimeException", "280": "MemberReference", "281": "e", "282": "MethodDeclaration", "283": "Modifier", "284": "public", "285": "static", "286": "ReferenceType", "287": "RegionTransitionData", "288": "fromBytes", "289": "FormalParameter", "290": "BasicType", "291": "byte", "292": "bytes", "293": "TryStatement", "294": "LocalVariableDeclaration", "295": "ReferenceType", "296": "RegionTransitionData", "297": "VariableDeclarator", "298": "data", "299": "ClassCreator", "300": "ReferenceType", "301": "RegionTransitionData", "302": "StatementExpression", "303": "MethodInvocation", "304": "Writables", "305": "MemberReference", "306": "bytes", "307": "MemberReference", "308": "data", "309": "getWritable", "310": "ReturnStatement", "311": "MemberReference", "312": "data", "313": "CatchClause", "314": "CatchClauseParameter", "315": "IOException", "316": "e", "317": "ThrowStatement", "318": "ClassCreator", "319": "ReferenceType", "320": "RuntimeException", "321": "MemberReference", "322": "e", "323": "MethodDeclaration", "324": "Modifier", "325": "public", "326": "Annotation", "327": "Override", "328": "ReferenceType", "329": "String", "330": "toString", "331": "ReturnStatement", "332": "BinaryOperation", "333": "+", "334": "BinaryOperation", "335": "+", "336": "BinaryOperation", "337": "+", "338": "BinaryOperation", "339": "+", "340": "BinaryOperation", "341": "+", "342": "Literal", "343": "\"region=\"", "344": "MethodInvocation", "345": "Bytes", "346": "MemberReference", "347": "regionName", "348": "toString", "349": "Literal", "350": "\", server=\"", "351": "MemberReference", "352": "serverName", "353": "Literal", "354": "\", state=\"", "355": "MemberReference", "356": "eventType", "357": "ReferenceType", "358": "Writable"}, "edges": {"0->1": 0, "1->0": 0, "1->2": 0, "2->1": 0, "0->3": 0, "3->0": 0, "0->4": 0, "4->0": 0, "4->5": 0, "5->4": 0, "5->6": 0, "6->5": 0, "4->7": 0, "7->4": 0, "7->8": 0, "8->7": 0, "4->9": 0, "9->4": 0, "9->10": 0, "10->9": 0, "0->11": 0, "11->0": 0, "11->12": 0, "12->11": 0, "12->13": 0, "13->12": 0, "11->14": 0, "14->11": 0, "14->15": 0, "15->14": 0, "11->16": 0, "16->11": 0, "16->17": 0, "17->16": 0, "0->18": 0, "18->0": 0, "18->19": 0, "19->18": 0, "19->20": 0, "20->19": 0, "18->21": 0, "21->18": 0, "21->22": 0, "22->21": 0, "18->23": 0, "23->18": 0, "23->24": 0, "24->23": 0, "0->25": 0, "25->0": 0, "25->26": 0, "26->25": 0, "26->27": 0, "27->26": 0, "25->28": 0, "28->25": 0, "28->29": 0, "29->28": 0, "25->30": 0, "30->25": 0, "30->31": 0, "31->30": 0, "0->32": 0, "32->0": 0, "32->33": 0, "33->32": 0, "33->34": 0, "34->33": 0, "32->35": 0, "35->32": 0, "0->36": 0, "36->0": 0, "36->37": 0, "37->36": 0, "37->38": 0, "38->37": 0, "36->39": 0, "39->36": 0, "36->40": 0, "40->36": 0, "40->41": 0, "41->40": 0, "41->42": 0, "42->41": 0, "40->43": 0, "43->40": 0, "36->44": 0, "44->36": 0, "44->45": 0, "45->44": 0, "45->46": 0, "46->45": 0, "44->47": 0, "47->44": 0, "36->48": 0, "48->36": 0, "48->49": 0, "49->48": 0, "49->50": 0, "50->49": 0, "50->51": 0, "51->50": 0, "49->52": 0, "52->49": 0, "52->53": 0, "53->52": 0, "49->54": 0, "54->49": 0, "54->55": 0, "55->54": 0, "0->56": 0, "56->0": 0, "56->57": 0, "57->56": 0, "57->58": 0, "58->57": 0, "56->59": 0, "59->56": 0, "56->60": 0, "60->56": 0, "60->61": 0, "61->60": 0, "61->62": 0, "62->61": 0, "60->63": 0, "63->60": 0, "56->64": 0, "64->56": 0, "64->65": 0, "65->64": 0, "65->66": 0, "66->65": 0, "64->67": 0, "67->64": 0, "56->68": 0, "68->56": 0, "68->69": 0, "69->68": 0, "69->70": 0, "70->69": 0, "68->71": 0, "71->68": 0, "56->72": 0, "72->56": 0, "72->73": 0, "73->72": 0, "73->74": 0, "74->73": 0, "74->75": 0, "75->74": 0, "75->76": 0, "76->75": 0, "73->77": 0, "77->73": 0, "77->78": 0, "78->77": 0, "73->79": 0, "79->73": 0, "56->80": 0, "80->56": 0, "80->81": 0, "81->80": 0, "81->82": 0, "82->81": 0, "82->83": 0, "83->82": 0, "83->84": 0, "84->83": 0, "81->85": 0, "85->81": 0, "85->86": 0, "86->85": 0, "85->87": 0, "87->85": 0, "81->88": 0, "88->81": 0, "56->89": 0, "89->56": 0, "89->90": 0, "90->89": 0, "90->91": 0, "91->90": 0, "91->92": 0, "92->91": 0, "92->93": 0, "93->92": 0, "90->94": 0, "94->90": 0, "94->95": 0, "95->94": 0, "90->96": 0, "96->90": 0, "56->97": 0, "97->56": 0, "97->98": 0, "98->97": 0, "98->99": 0, "99->98": 0, "99->100": 0, "100->99": 0, "100->101": 0, "101->100": 0, "98->102": 0, "102->98": 0, "102->103": 0, "103->102": 0, "98->104": 0, "104->98": 0, "0->105": 0, "105->0": 0, "105->106": 0, "106->105": 0, "106->107": 0, "107->106": 0, "105->108": 0, "108->105": 0, "108->109": 0, "109->108": 0, "105->110": 0, "110->105": 0, "105->111": 0, "111->105": 0, "111->112": 0, "112->111": 0, "112->113": 0, "113->112": 0, "0->114": 0, "114->0": 0, "114->115": 0, "115->114": 0, "115->116": 0, "116->115": 0, "114->117": 0, "117->114": 0, "117->118": 0, "118->117": 0, "114->119": 0, "119->114": 0, "114->120": 0, "120->114": 0, "120->121": 0, "121->120": 0, "121->122": 0, "122->121": 0, "0->123": 0, "123->0": 0, "123->124": 0, "124->123": 0, "124->125": 0, "125->124": 0, "123->126": 0, "126->123": 0, "126->127": 0, "127->126": 0, "123->128": 0, "128->123": 0, "123->129": 0, "129->123": 0, "129->130": 0, "130->129": 0, "130->131": 0, "131->130": 0, "0->132": 0, "132->0": 0, "132->133": 0, "133->132": 0, "133->134": 0, "134->133": 0, "132->135": 0, "135->132": 0, "135->136": 0, "136->135": 0, "132->137": 0, "137->132": 0, "132->138": 0, "138->132": 0, "138->139": 0, "139->138": 0, "139->140": 0, "140->139": 0, "0->141": 0, "141->0": 0, "141->142": 0, "142->141": 0, "142->143": 0, "143->142": 0, "141->144": 0, "144->141": 0, "144->145": 0, "145->144": 0, "141->146": 0, "146->141": 0, "141->147": 0, "147->141": 0, "147->148": 0, "148->147": 0, "148->149": 0, "149->148": 0, "147->150": 0, "150->147": 0, "141->151": 0, "151->141": 0, "141->152": 0, "152->141": 0, "152->153": 0, "153->152": 0, "153->154": 0, "154->153": 0, "154->155": 0, "155->154": 0, "153->156": 0, "156->153": 0, "156->157": 0, "157->156": 0, "156->158": 0, "158->156": 0, "158->159": 0, "159->158": 0, "159->160": 0, "160->159": 0, "159->161": 0, "161->159": 0, "156->162": 0, "162->156": 0, "153->163": 0, "163->153": 0, "141->164": 0, "164->141": 0, "164->165": 0, "165->164": 0, "165->166": 0, "166->165": 0, "166->167": 0, "167->166": 0, "165->168": 0, "168->165": 0, "168->169": 0, "169->168": 0, "168->170": 0, "170->168": 0, "165->171": 0, "171->165": 0, "141->172": 0, "172->141": 0, "172->173": 0, "173->172": 0, "173->174": 0, "174->173": 0, "174->175": 0, "175->174": 0, "173->176": 0, "176->173": 0, "176->177": 0, "177->176": 0, "176->178": 0, "178->176": 0, "178->179": 0, "179->178": 0, "176->180": 0, "180->176": 0, "173->181": 0, "181->173": 0, "141->182": 0, "182->141": 0, "182->183": 0, "183->182": 0, "183->184": 0, "184->183": 0, "183->185": 0, "185->183": 0, "182->186": 0, "186->182": 0, "186->187": 0, "187->186": 0, "187->188": 0, "188->187": 0, "188->189": 0, "189->188": 0, "189->190": 0, "190->189": 0, "188->191": 0, "191->188": 0, "191->192": 0, "192->191": 0, "191->193": 0, "193->191": 0, "188->194": 0, "194->188": 0, "182->195": 0, "195->182": 0, "195->196": 0, "196->195": 0, "196->197": 0, "197->196": 0, "197->198": 0, "198->197": 0, "198->199": 0, "199->198": 0, "197->200": 0, "200->197": 0, "200->201": 0, "201->200": 0, "197->202": 0, "202->197": 0, "0->203": 0, "203->0": 0, "203->204": 0, "204->203": 0, "204->205": 0, "205->204": 0, "203->206": 0, "206->203": 0, "206->207": 0, "207->206": 0, "203->208": 0, "208->203": 0, "203->209": 0, "209->203": 0, "209->210": 0, "210->209": 0, "210->211": 0, "211->210": 0, "209->212": 0, "212->209": 0, "203->213": 0, "213->203": 0, "203->214": 0, "214->203": 0, "214->215": 0, "215->214": 0, "215->216": 0, "216->215": 0, "215->217": 0, "217->215": 0, "217->218": 0, "218->217": 0, "217->219": 0, "219->217": 0, "215->220": 0, "220->215": 0, "203->221": 0, "221->203": 0, "221->222": 0, "222->221": 0, "222->223": 0, "223->222": 0, "222->224": 0, "224->222": 0, "224->225": 0, "225->224": 0, "224->226": 0, "226->224": 0, "222->227": 0, "227->222": 0, "203->228": 0, "228->203": 0, "228->229": 0, "229->228": 0, "229->230": 0, "230->229": 0, "229->231": 0, "231->229": 0, "231->232": 0, "232->231": 0, "229->233": 0, "233->229": 0, "233->234": 0, "234->233": 0, "229->235": 0, "235->229": 0, "203->236": 0, "236->203": 0, "236->237": 0, "237->236": 0, "237->238": 0, "238->237": 0, "237->239": 0, "239->237": 0, "239->240": 0, "240->239": 0, "239->241": 0, "241->239": 0, "241->242": 0, "242->241": 0, "239->243": 0, "243->239": 0, "243->244": 0, "244->243": 0, "237->245": 0, "245->237": 0, "203->246": 0, "246->203": 0, "246->247": 0, "247->246": 0, "247->248": 0, "248->247": 0, "247->249": 0, "249->247": 0, "249->250": 0, "250->249": 0, "247->251": 0, "251->247": 0, "251->252": 0, "252->251": 0, "246->253": 0, "253->246": 0, "253->254": 0, "254->253": 0, "254->255": 0, "255->254": 0, "255->256": 0, "256->255": 0, "255->257": 0, "257->255": 0, "257->258": 0, "258->257": 0, "255->259": 0, "259->255": 0, "0->260": 0, "260->0": 0, "260->261": 0, "261->260": 0, "261->262": 0, "262->261": 0, "260->263": 0, "263->260": 0, "263->264": 0, "264->263": 0, "260->265": 0, "265->260": 0, "260->266": 0, "266->260": 0, "266->267": 0, "267->266": 0, "267->268": 0, "268->267": 0, "268->269": 0, "269->268": 0, "268->270": 0, "270->268": 0, "268->271": 0, "271->268": 0, "266->272": 0, "272->266": 0, "272->273": 0, "273->272": 0, "273->274": 0, "274->273": 0, "273->275": 0, "275->273": 0, "272->276": 0, "276->272": 0, "276->277": 0, "277->276": 0, "277->278": 0, "278->277": 0, "278->279": 0, "279->278": 0, "277->280": 0, "280->277": 0, "280->281": 0, "281->280": 0, "0->282": 0, "282->0": 0, "282->283": 0, "283->282": 0, "283->284": 0, "284->283": 0, "283->285": 0, "285->283": 0, "282->286": 0, "286->282": 0, "286->287": 0, "287->286": 0, "282->288": 0, "288->282": 0, "282->289": 0, "289->282": 0, "289->290": 0, "290->289": 0, "290->291": 0, "291->290": 0, "289->292": 0, "292->289": 0, "282->293": 0, "293->282": 0, "293->294": 0, "294->293": 0, "294->295": 0, "295->294": 0, "295->296": 0, "296->295": 0, "294->297": 0, "297->294": 0, "297->298": 0, "298->297": 0, "297->299": 0, "299->297": 0, "299->300": 0, "300->299": 0, "300->301": 0, "301->300": 0, "293->302": 0, "302->293": 0, "302->303": 0, "303->302": 0, "303->304": 0, "304->303": 0, "303->305": 0, "305->303": 0, "305->306": 0, "306->305": 0, "303->307": 0, "307->303": 0, "307->308": 0, "308->307": 0, "303->309": 0, "309->303": 0, "293->310": 0, "310->293": 0, "310->311": 0, "311->310": 0, "311->312": 0, "312->311": 0, "293->313": 0, "313->293": 0, "313->314": 0, "314->313": 0, "314->315": 0, "315->314": 0, "314->316": 0, "316->314": 0, "313->317": 0, "317->313": 0, "317->318": 0, "318->317": 0, "318->319": 0, "319->318": 0, "319->320": 0, "320->319": 0, "318->321": 0, "321->318": 0, "321->322": 0, "322->321": 0, "0->323": 0, "323->0": 0, "323->324": 0, "324->323": 0, "324->325": 0, "325->324": 0, "323->326": 0, "326->323": 0, "326->327": 0, "327->326": 0, "323->328": 0, "328->323": 0, "328->329": 0, "329->328": 0, "323->330": 0, "330->323": 0, "323->331": 0, "331->323": 0, "331->332": 0, "332->331": 0, "332->333": 0, "333->332": 0, "332->334": 0, "334->332": 0, "334->335": 0, "335->334": 0, "334->336": 0, "336->334": 0, "336->337": 0, "337->336": 0, "336->338": 0, "338->336": 0, "338->339": 0, "339->338": 0, "338->340": 0, "340->338": 0, "340->341": 0, "341->340": 0, "340->342": 0, "342->340": 0, "342->343": 0, "343->342": 0, "340->344": 0, "344->340": 0, "344->345": 0, "345->344": 0, "344->346": 0, "346->344": 0, "346->347": 0, "347->346": 0, "344->348": 0, "348->344": 0, "338->349": 0, "349->338": 0, "349->350": 0, "350->349": 0, "336->351": 0, "351->336": 0, "351->352": 0, "352->351": 0, "334->353": 0, "353->334": 0, "353->354": 0, "354->353": 0, "332->355": 0, "355->332": 0, "355->356": 0, "356->355": 0, "0->357": 0, "357->0": 0, "357->358": 0, "358->357": 0, "1->3": 1, "3->1": 12, "3->4": 1, "4->3": 12, "4->11": 1, "11->4": 12, "11->18": 1, "18->11": 12, "18->25": 1, "25->18": 12, "25->32": 1, "32->25": 12, "32->36": 1, "36->32": 12, "36->56": 1, "56->36": 12, "56->105": 1, "105->56": 12, "105->114": 1, "114->105": 12, "114->123": 1, "123->114": 12, "123->132": 1, "132->123": 12, "132->141": 1, "141->132": 12, "141->203": 1, "203->141": 12, "203->260": 1, "260->203": 12, "260->282": 1, "282->260": 12, "282->323": 1, "323->282": 12, "323->357": 1, "357->323": 12, "5->7": 1, "7->5": 12, "7->9": 1, "9->7": 12, "12->14": 1, "14->12": 12, "14->16": 1, "16->14": 12, "19->21": 1, "21->19": 12, "21->23": 1, "23->21": 12, "26->28": 1, "28->26": 12, "28->30": 1, "30->28": 12, "33->35": 1, "35->33": 12, "37->39": 1, "39->37": 12, "39->40": 1, "40->39": 12, "40->44": 1, "44->40": 12, "44->48": 1, "48->44": 12, "41->43": 1, "43->41": 12, "45->47": 1, "47->45": 12, "50->52": 1, "52->50": 12, "52->54": 1, "54->52": 12, "57->59": 1, "59->57": 12, "59->60": 1, "60->59": 12, "60->64": 1, "64->60": 12, "64->68": 1, "68->64": 12, "68->72": 1, "72->68": 12, "72->80": 1, "80->72": 12, "80->89": 1, "89->80": 12, "89->97": 1, "97->89": 12, "61->63": 1, "63->61": 12, "65->67": 1, "67->65": 12, "69->71": 1, "71->69": 12, "74->77": 1, "77->74": 12, "77->79": 1, "79->77": 12, "82->85": 1, "85->82": 12, "85->88": 1, "88->85": 12, "86->87": 2, "87->86": 3, "91->94": 1, "94->91": 12, "94->96": 1, "96->94": 12, "99->102": 1, "102->99": 12, "102->104": 1, "104->102": 12, "106->108": 1, "108->106": 12, "108->110": 1, "110->108": 12, "110->111": 1, "111->110": 12, "115->117": 1, "117->115": 12, "117->119": 1, "119->117": 12, "119->120": 1, "120->119": 12, "124->126": 1, "126->124": 12, "126->128": 1, "128->126": 12, "128->129": 1, "129->128": 12, "133->135": 1, "135->133": 12, "135->137": 1, "137->135": 12, "137->138": 1, "138->137": 12, "142->144": 1, "144->142": 12, "144->146": 1, "146->144": 12, "146->147": 1, "147->146": 12, "147->151": 1, "151->147": 12, "151->152": 1, "152->151": 12, "152->164": 1, "164->152": 12, "164->172": 1, "172->164": 12, "172->182": 1, "182->172": 12, "148->150": 1, "150->148": 12, "154->156": 1, "156->154": 12, "156->163": 1, "163->156": 12, "157->158": 1, "158->157": 12, "158->162": 1, "162->158": 12, "160->161": 2, "161->160": 3, "166->168": 1, "168->166": 12, "168->171": 1, "171->168": 12, "169->170": 2, "170->169": 3, "174->176": 1, "176->174": 12, "176->181": 1, "181->176": 12, "177->178": 1, "178->177": 12, "178->180": 1, "180->178": 12, "183->186": 6, "186->183": 6, "186->195": 1, "195->186": 12, "184->185": 2, "185->184": 3, "189->191": 1, "191->189": 12, "191->194": 1, "194->191": 12, "192->193": 2, "193->192": 3, "198->200": 1, "200->198": 12, "200->202": 1, "202->200": 12, "204->206": 1, "206->204": 12, "206->208": 1, "208->206": 12, "208->209": 1, "209->208": 12, "209->213": 1, "213->209": 12, "213->214": 1, "214->213": 12, "214->221": 1, "221->214": 12, "221->228": 1, "228->221": 12, "228->236": 1, "236->228": 12, "236->246": 1, "246->236": 12, "210->212": 1, "212->210": 12, "216->217": 1, "217->216": 12, "217->220": 1, "220->217": 12, "218->219": 2, "219->218": 3, "223->224": 1, "224->223": 12, "224->227": 1, "227->224": 12, "225->226": 2, "226->225": 3, "230->231": 1, "231->230": 12, "231->233": 1, "233->231": 12, "233->235": 1, "235->233": 12, "238->239": 1, "239->238": 12, "239->245": 1, "245->239": 12, "240->241": 1, "241->240": 12, "241->243": 1, "243->241": 12, "247->253": 6, "253->247": 6, "248->249": 1, "249->248": 12, "249->251": 1, "251->249": 12, "256->257": 1, "257->256": 12, "257->259": 1, "259->257": 12, "261->263": 1, "263->261": 12, "263->265": 1, "265->263": 12, "265->266": 1, "266->265": 12, "267->272": 1, "272->267": 12, "269->270": 2, "270->269": 3, "270->271": 2, "271->270": 3, "273->276": 1, "276->273": 12, "274->275": 2, "275->274": 3, "278->280": 1, "280->278": 12, "283->286": 1, "286->283": 12, "286->288": 1, "288->286": 12, "288->289": 1, "289->288": 12, "289->293": 1, "293->289": 12, "284->285": 2, "285->284": 3, "290->292": 1, "292->290": 12, "294->302": 1, "302->294": 12, "302->310": 1, "310->302": 12, "310->313": 1, "313->310": 12, "295->297": 1, "297->295": 12, "298->299": 1, "299->298": 12, "304->305": 1, "305->304": 12, "305->307": 1, "307->305": 12, "307->309": 1, "309->307": 12, "314->317": 1, "317->314": 12, "315->316": 2, "316->315": 3, "319->321": 1, "321->319": 12, "324->326": 1, "326->324": 12, "326->328": 1, "328->326": 12, "328->330": 1, "330->328": 12, "330->331": 1, "331->330": 12, "333->334": 1, "334->333": 12, "334->355": 1, "355->334": 12, "335->336": 1, "336->335": 12, "336->353": 1, "353->336": 12, "337->338": 1, "338->337": 12, "338->351": 1, "351->338": 12, "339->340": 1, "340->339": 12, "340->349": 1, "349->340": 12, "341->342": 1, "342->341": 12, "342->344": 1, "344->342": 12, "345->346": 1, "346->345": 12, "346->348": 1, "348->346": 12, "183->195": 7, "195->183": 7, "2->3": 2, "3->2": 3, "3->6": 2, "6->3": 3, "6->8": 2, "8->6": 3, "8->10": 2, "10->8": 3, "10->13": 2, "13->10": 3, "13->15": 2, "15->13": 3, "15->17": 2, "17->15": 3, "17->20": 2, "20->17": 3, "20->22": 2, "22->20": 3, "22->24": 2, "24->22": 3, "24->27": 2, "27->24": 3, "27->29": 2, "29->27": 3, "29->31": 2, "31->29": 3, "31->34": 2, "34->31": 3, "34->35": 2, "35->34": 3, "35->38": 2, "38->35": 3, "38->39": 2, "39->38": 3, "39->42": 2, "42->39": 3, "42->43": 2, "43->42": 3, "43->46": 2, "46->43": 3, "46->47": 2, "47->46": 3, "47->51": 2, "51->47": 3, "51->53": 2, "53->51": 3, "53->55": 2, "55->53": 3, "55->58": 2, "58->55": 3, "58->59": 2, "59->58": 3, "59->62": 2, "62->59": 3, "62->63": 2, "63->62": 3, "63->66": 2, "66->63": 3, "66->67": 2, "67->66": 3, "67->70": 2, "70->67": 3, "70->71": 2, "71->70": 3, "71->76": 2, "76->71": 3, "76->78": 4, "78->76": 5, "78->79": 2, "79->78": 3, "79->84": 2, "84->79": 3, "84->86": 2, "86->84": 3, "87->88": 2, "88->87": 3, "88->93": 2, "93->88": 3, "93->95": 4, "95->93": 5, "95->96": 2, "96->95": 3, "96->101": 2, "101->96": 3, "101->103": 4, "103->101": 5, "103->104": 2, "104->103": 3, "104->107": 2, "107->104": 3, "107->109": 2, "109->107": 3, "109->110": 2, "110->109": 3, "110->113": 2, "113->110": 3, "113->116": 2, "116->113": 3, "116->118": 2, "118->116": 3, "118->119": 2, "119->118": 3, "119->122": 2, "122->119": 3, "122->125": 2, "125->122": 3, "125->127": 2, "127->125": 3, "127->128": 2, "128->127": 3, "128->131": 2, "131->128": 3, "131->134": 2, "134->131": 3, "134->136": 2, "136->134": 3, "136->137": 2, "137->136": 3, "137->140": 2, "140->137": 3, "140->143": 2, "143->140": 3, "143->145": 2, "145->143": 3, "145->146": 2, "146->145": 3, "146->149": 2, "149->146": 3, "149->150": 2, "150->149": 3, "150->151": 2, "151->150": 3, "151->155": 2, "155->151": 3, "155->157": 2, "157->155": 3, "157->160": 2, "160->157": 3, "161->162": 2, "162->161": 3, "162->163": 2, "163->162": 3, "163->167": 2, "167->163": 3, "167->169": 2, "169->167": 3, "170->171": 2, "171->170": 3, "171->175": 2, "175->171": 3, "175->177": 2, "177->175": 3, "177->179": 2, "179->177": 3, "179->180": 2, "180->179": 3, "180->181": 2, "181->180": 3, "181->184": 2, "184->181": 3, "185->190": 2, "190->185": 3, "190->192": 2, "192->190": 3, "193->194": 2, "194->193": 3, "194->199": 2, "199->194": 3, "199->201": 2, "201->199": 3, "201->202": 2, "202->201": 3, "202->205": 2, "205->202": 3, "205->207": 2, "207->205": 3, "207->208": 2, "208->207": 3, "208->211": 2, "211->208": 3, "211->212": 2, "212->211": 3, "212->213": 2, "213->212": 3, "213->216": 2, "216->213": 3, "216->218": 2, "218->216": 3, "219->220": 2, "220->219": 3, "220->223": 2, "223->220": 3, "223->225": 2, "225->223": 3, "226->227": 2, "227->226": 3, "227->230": 2, "230->227": 3, "230->232": 2, "232->230": 3, "232->234": 2, "234->232": 3, "234->235": 2, "235->234": 3, "235->238": 2, "238->235": 3, "238->240": 2, "240->238": 3, "240->242": 2, "242->240": 3, "242->244": 2, "244->242": 3, "244->245": 2, "245->244": 3, "245->248": 2, "248->245": 3, "248->250": 2, "250->248": 3, "250->252": 2, "252->250": 3, "252->256": 2, "256->252": 3, "256->258": 2, "258->256": 3, "258->259": 2, "259->258": 3, "259->262": 2, "262->259": 3, "262->264": 2, "264->262": 3, "264->265": 2, "265->264": 3, "265->269": 2, "269->265": 3, "271->274": 2, "274->271": 3, "275->279": 2, "279->275": 3, "279->281": 2, "281->279": 3, "281->284": 2, "284->281": 3, "285->287": 2, "287->285": 3, "287->288": 2, "288->287": 3, "288->291": 2, "291->288": 3, "291->292": 2, "292->291": 3, "292->296": 2, "296->292": 3, "296->298": 2, "298->296": 3, "298->301": 2, "301->298": 3, "301->304": 2, "304->301": 3, "304->306": 2, "306->304": 3, "306->308": 2, "308->306": 3, "308->309": 2, "309->308": 3, "309->312": 2, "312->309": 3, "312->315": 2, "315->312": 3, "316->320": 2, "320->316": 3, "320->322": 2, "322->320": 3, "322->325": 2, "325->322": 3, "325->327": 2, "327->325": 3, "327->329": 2, "329->327": 3, "329->330": 2, "330->329": 3, "330->333": 2, "333->330": 3, "333->335": 2, "335->333": 3, "335->337": 2, "337->335": 3, "337->339": 2, "339->337": 3, "339->341": 2, "341->339": 3, "341->343": 2, "343->341": 3, "343->345": 2, "345->343": 3, "345->347": 2, "347->345": 3, "347->348": 2, "348->347": 3, "348->350": 2, "350->348": 3, "350->352": 2, "352->350": 3, "352->354": 2, "354->352": 3, "354->356": 2, "356->354": 3, "356->358": 2, "358->356": 3, "51->76": 4, "76->51": 5, "78->113": 4, "113->78": 5, "113->155": 4, "155->113": 5, "155->356": 4, "356->155": 5, "53->93": 4, "93->53": 5, "95->122": 4, "122->95": 5, "122->175": 4, "175->122": 5, "175->234": 4, "234->175": 5, "234->347": 4, "347->234": 5, "84->140": 4, "140->84": 5, "140->167": 4, "167->140": 5, "103->131": 4, "131->103": 5, "131->190": 4, "190->131": 5, "190->199": 4, "199->190": 5, "199->242": 4, "242->199": 5, "242->250": 4, "250->242": 5, "250->258": 4, "258->250": 5, "258->352": 4, "352->258": 5, "281->322": 4, "322->281": 5, "308->312": 4, "312->308": 5}, "metrics": [4.0, 0.0, 12.0, 12.0, 124.0, 14.0, 0.0, 0.0, 0.3333333333333333, 0.0, 3.0]}