{"nodelist": ["ClassDeclaration", "{'public', 'static'}", "public", "static", "atomicIncrement_call", "FieldDeclaration", "{'private'}", "private", "ReferenceType", "ByteBuffer", "VariableDeclarator", "tableName", "FieldDeclaration", "{'private'}", "private", "ReferenceType", "ByteBuffer", "VariableDeclarator", "row", "FieldDeclaration", "{'private'}", "private", "ReferenceType", "ByteBuffer", "VariableDeclarator", "column", "FieldDeclaration", "{'private'}", "private", "BasicType", "long", "VariableDeclarator", "value", "ConstructorDeclaration", "{'public'}", "public", "atomicIncrement_call", "FormalParameter", "ReferenceType", "ByteBuffer", "tableName", "FormalParameter", "ReferenceType", "ByteBuffer", "row", "FormalParameter", "ReferenceType", "ByteBuffer", "column", "FormalParameter", "BasicType", "long", "value", "FormalParameter", "ReferenceType", "org", "ReferenceType", "apache", "ReferenceType", "thrift", "ReferenceType", "async", "ReferenceType", "AsyncMethodCallback", "TypeArgument", "ReferenceType", "atomicIncrement_call", "resultHandler", "FormalParameter", "ReferenceType", "org", "ReferenceType", "apache", "ReferenceType", "thrift", "ReferenceType", "async", "ReferenceType", "TAsyncClient", "client", "FormalParameter", "ReferenceType", "org", "ReferenceType", "apache", "ReferenceType", "thrift", "ReferenceType", "protocol", "ReferenceType", "TProtocolFactory", "protocolFactory", "FormalParameter", "ReferenceType", "org", "ReferenceType", "apache", "ReferenceType", "thrift", "ReferenceType", "transport", "ReferenceType", "TNonblockingTransport", "transport", "org.apache.thrift.TException", "StatementExpression", "SuperConstructorInvocation", "MemberReference", "client", "MemberReference", "protocolFactory", "MemberReference", "transport", "MemberReference", "resultHandler", "Literal", "false", "StatementExpression", "Assignment", "This", "MemberReference", "tableName", "MemberReference", "tableName", "=", "StatementExpression", "Assignment", "This", "MemberReference", "row", "MemberReference", "row", "=", "StatementExpression", "Assignment", "This", "MemberReference", "column", "MemberReference", "column", "=", "StatementExpression", "Assignment", "This", "MemberReference", "value", "MemberReference", "value", "=", "MethodDeclaration", "{'public'}", "public", "write_args", "FormalParameter", "ReferenceType", "org", "ReferenceType", "apache", "ReferenceType", "thrift", "ReferenceType", "protocol", "ReferenceType", "TProtocol", "prot", "org.apache.thrift.TException", "StatementExpression", "MethodInvocation", "prot", "ClassCreator", "ReferenceType", "org", "ReferenceType", "apache", "ReferenceType", "thrift", "ReferenceType", "protocol", "ReferenceType", "TMessage", "Literal", "\"atomicIncrement\"", "MemberReference", "org.apache.thrift.protocol.TMessageType", "CALL", "Literal", "0", "writeMessageBegin", "LocalVariableDeclaration", "ReferenceType", "atomicIncrement_args", "VariableDeclarator", "args", "ClassCreator", "ReferenceType", "atomicIncrement_args", "StatementExpression", "MethodInvocation", "args", "MemberReference", "tableName", "setTableName", "StatementExpression", "MethodInvocation", "args", "MemberReference", "row", "setRow", "StatementExpression", "MethodInvocation", "args", "MemberReference", "column", "setColumn", "StatementExpression", "MethodInvocation", "args", "MemberReference", "value", "setValue", "StatementExpression", "MethodInvocation", "args", "MemberReference", "prot", "write", "StatementExpression", "MethodInvocation", "prot", "writeMessageEnd", "MethodDeclaration", "{'public'}", "public", "BasicType", "long", "getResult", "IOError", "IllegalArgument", "org.apache.thrift.TException", "IfStatement", "BinaryOperation", "!=", "MethodInvocation", "getState", "MemberReference", "org.apache.thrift.async.TAsyncMethodCall.State", "RESPONSE_READ", "BlockStatement", "ThrowStatement", "ClassCreator", "ReferenceType", "IllegalStateException", "Literal", "\"Method call not finished!\"", "LocalVariableDeclaration", "ReferenceType", "org", "ReferenceType", "apache", "ReferenceType", "thrift", "ReferenceType", "transport", "ReferenceType", "TMemoryInputTransport", "VariableDeclarator", "memoryTransport", "ClassCreator", "ReferenceType", "org", "ReferenceType", "apache", "ReferenceType", "thrift", "ReferenceType", "transport", "ReferenceType", "TMemoryInputTransport", "MethodInvocation", "MethodInvocation", "array", "getFrameBuffer", "LocalVariableDeclaration", "ReferenceType", "org", "ReferenceType", "apache", "ReferenceType", "thrift", "ReferenceType", "protocol", "ReferenceType", "TProtocol", "VariableDeclarator", "prot", "MethodInvocation", "client", "MethodInvocation", "MemberReference", "memoryTransport", "getProtocol", "getProtocolFactory", "ReturnStatement", "ClassCreator", "MethodInvocation", "recv_atomicIncrement", "ReferenceType", "Client", "MemberReference", "prot", "ReferenceType", "org", "ReferenceType", "apache", "ReferenceType", "thrift", "ReferenceType", "async", "ReferenceType", "TAsyncMethodCall"], "nodes": {"0": "ClassDeclaration", "1": "Modifier", "2": "public", "3": "static", "4": "atomicIncrement_call", "5": "FieldDeclaration", "6": "Modifier", "7": "private", "8": "ReferenceType", "9": "ByteBuffer", "10": "VariableDeclarator", "11": "tableName", "12": "FieldDeclaration", "13": "Modifier", "14": "private", "15": "ReferenceType", "16": "ByteBuffer", "17": "VariableDeclarator", "18": "row", "19": "FieldDeclaration", "20": "Modifier", "21": "private", "22": "ReferenceType", "23": "ByteBuffer", "24": "VariableDeclarator", "25": "column", "26": "FieldDeclaration", "27": "Modifier", "28": "private", "29": "BasicType", "30": "long", "31": "VariableDeclarator", "32": "value", "33": "ConstructorDeclaration", "34": "Modifier", "35": "public", "36": "atomicIncrement_call", "37": "FormalParameter", "38": "ReferenceType", "39": "ByteBuffer", "40": "tableName", "41": "FormalParameter", "42": "ReferenceType", "43": "ByteBuffer", "44": "row", "45": "FormalParameter", "46": "ReferenceType", "47": "ByteBuffer", "48": "column", "49": "FormalParameter", "50": "BasicType", "51": "long", "52": "value", "53": "FormalParameter", "54": "ReferenceType", "55": "org", "56": "ReferenceType", "57": "apache", "58": "ReferenceType", "59": "thrift", "60": "ReferenceType", "61": "async", "62": "ReferenceType", "63": "AsyncMethodCallback", "64": "TypeArgument", "65": "ReferenceType", "66": "atomicIncrement_call", "67": "resultHandler", "68": "FormalParameter", "69": "ReferenceType", "70": "org", "71": "ReferenceType", "72": "apache", "73": "ReferenceType", "74": "thrift", "75": "ReferenceType", "76": "async", "77": "ReferenceType", "78": "TAsyncClient", "79": "client", "80": "FormalParameter", "81": "ReferenceType", "82": "org", "83": "ReferenceType", "84": "apache", "85": "ReferenceType", "86": "thrift", "87": "ReferenceType", "88": "protocol", "89": "ReferenceType", "90": "TProtocolFactory", "91": "protocolFactory", "92": "FormalParameter", "93": "ReferenceType", "94": "org", "95": "ReferenceType", "96": "apache", "97": "ReferenceType", "98": "thrift", "99": "ReferenceType", "100": "transport", "101": "ReferenceType", "102": "TNonblockingTransport", "103": "transport", "104": "org.apache.thrift.TException", "105": "StatementExpression", "106": "SuperConstructorInvocation", "107": "MemberReference", "108": "client", "109": "MemberReference", "110": "protocolFactory", "111": "MemberReference", "112": "transport", "113": "MemberReference", "114": "resultHandler", "115": "Literal", "116": "false", "117": "StatementExpression", "118": "Assignment", "119": "This", "120": "MemberReference", "121": "tableName", "122": "MemberReference", "123": "tableName", "124": "=", "125": "StatementExpression", "126": "Assignment", "127": "This", "128": "MemberReference", "129": "row", "130": "MemberReference", "131": "row", "132": "=", "133": "StatementExpression", "134": "Assignment", "135": "This", "136": "MemberReference", "137": "column", "138": "MemberReference", "139": "column", "140": "=", "141": "StatementExpression", "142": "Assignment", "143": "This", "144": "MemberReference", "145": "value", "146": "MemberReference", "147": "value", "148": "=", "149": "MethodDeclaration", "150": "Modifier", "151": "public", "152": "write_args", "153": "FormalParameter", "154": "ReferenceType", "155": "org", "156": "ReferenceType", "157": "apache", "158": "ReferenceType", "159": "thrift", "160": "ReferenceType", "161": "protocol", "162": "ReferenceType", "163": "TProtocol", "164": "prot", "165": "org.apache.thrift.TException", "166": "StatementExpression", "167": "MethodInvocation", "168": "prot", "169": "ClassCreator", "170": "ReferenceType", "171": "org", "172": "ReferenceType", "173": "apache", "174": "ReferenceType", "175": "thrift", "176": "ReferenceType", "177": "protocol", "178": "ReferenceType", "179": "TMessage", "180": "Literal", "181": "\"atomicIncrement\"", "182": "MemberReference", "183": "org.apache.thrift.protocol.TMessageType", "184": "CALL", "185": "Literal", "186": "0", "187": "writeMessageBegin", "188": "LocalVariableDeclaration", "189": "ReferenceType", "190": "atomicIncrement_args", "191": "VariableDeclarator", "192": "args", "193": "ClassCreator", "194": "ReferenceType", "195": "atomicIncrement_args", "196": "StatementExpression", "197": "MethodInvocation", "198": "args", "199": "MemberReference", "200": "tableName", "201": "setTableName", "202": "StatementExpression", "203": "MethodInvocation", "204": "args", "205": "MemberReference", "206": "row", "207": "setRow", "208": "StatementExpression", "209": "MethodInvocation", "210": "args", "211": "MemberReference", "212": "column", "213": "setColumn", "214": "StatementExpression", "215": "MethodInvocation", "216": "args", "217": "MemberReference", "218": "value", "219": "setValue", "220": "StatementExpression", "221": "MethodInvocation", "222": "args", "223": "MemberReference", "224": "prot", "225": "write", "226": "StatementExpression", "227": "MethodInvocation", "228": "prot", "229": "writeMessageEnd", "230": "MethodDeclaration", "231": "Modifier", "232": "public", "233": "BasicType", "234": "long", "235": "getResult", "236": "IOError", "237": "IllegalArgument", "238": "org.apache.thrift.TException", "239": "IfStatement", "240": "BinaryOperation", "241": "!=", "242": "MethodInvocation", "243": "getState", "244": "MemberReference", "245": "org.apache.thrift.async.TAsyncMethodCall.State", "246": "RESPONSE_READ", "247": "BlockStatement", "248": "ThrowStatement", "249": "ClassCreator", "250": "ReferenceType", "251": "IllegalStateException", "252": "Literal", "253": "\"Method call not finished!\"", "254": "LocalVariableDeclaration", "255": "ReferenceType", "256": "org", "257": "ReferenceType", "258": "apache", "259": "ReferenceType", "260": "thrift", "261": "ReferenceType", "262": "transport", "263": "ReferenceType", "264": "TMemoryInputTransport", "265": "VariableDeclarator", "266": "memoryTransport", "267": "ClassCreator", "268": "ReferenceType", "269": "org", "270": "ReferenceType", "271": "apache", "272": "ReferenceType", "273": "thrift", "274": "ReferenceType", "275": "transport", "276": "ReferenceType", "277": "TMemoryInputTransport", "278": "MethodInvocation", "279": "MethodInvocation", "280": "array", "281": "getFrameBuffer", "282": "LocalVariableDeclaration", "283": "ReferenceType", "284": "org", "285": "ReferenceType", "286": "apache", "287": "ReferenceType", "288": "thrift", "289": "ReferenceType", "290": "protocol", "291": "ReferenceType", "292": "TProtocol", "293": "VariableDeclarator", "294": "prot", "295": "MethodInvocation", "296": "client", "297": "MethodInvocation", "298": "MemberReference", "299": "memoryTransport", "300": "getProtocol", "301": "getProtocolFactory", "302": "ReturnStatement", "303": "ClassCreator", "304": "MethodInvocation", "305": "recv_atomicIncrement", "306": "ReferenceType", "307": "Client", "308": "MemberReference", "309": "prot", "310": "ReferenceType", "311": "org", "312": "ReferenceType", "313": "apache", "314": "ReferenceType", "315": "thrift", "316": "ReferenceType", "317": "async", "318": "ReferenceType", "319": "TAsyncMethodCall"}, "edges": {"0->1": 0, "1->0": 0, "1->2": 0, "2->1": 0, "1->3": 0, "3->1": 0, "0->4": 0, "4->0": 0, "0->5": 0, "5->0": 0, "5->6": 0, "6->5": 0, "6->7": 0, "7->6": 0, "5->8": 0, "8->5": 0, "8->9": 0, "9->8": 0, "5->10": 0, "10->5": 0, "10->11": 0, "11->10": 0, "0->12": 0, "12->0": 0, "12->13": 0, "13->12": 0, "13->14": 0, "14->13": 0, "12->15": 0, "15->12": 0, "15->16": 0, "16->15": 0, "12->17": 0, "17->12": 0, "17->18": 0, "18->17": 0, "0->19": 0, "19->0": 0, "19->20": 0, "20->19": 0, "20->21": 0, "21->20": 0, "19->22": 0, "22->19": 0, "22->23": 0, "23->22": 0, "19->24": 0, "24->19": 0, "24->25": 0, "25->24": 0, "0->26": 0, "26->0": 0, "26->27": 0, "27->26": 0, "27->28": 0, "28->27": 0, "26->29": 0, "29->26": 0, "29->30": 0, "30->29": 0, "26->31": 0, "31->26": 0, "31->32": 0, "32->31": 0, "0->33": 0, "33->0": 0, "33->34": 0, "34->33": 0, "34->35": 0, "35->34": 0, "33->36": 0, "36->33": 0, "33->37": 0, "37->33": 0, "37->38": 0, "38->37": 0, "38->39": 0, "39->38": 0, "37->40": 0, "40->37": 0, "33->41": 0, "41->33": 0, "41->42": 0, "42->41": 0, "42->43": 0, "43->42": 0, "41->44": 0, "44->41": 0, "33->45": 0, "45->33": 0, "45->46": 0, "46->45": 0, "46->47": 0, "47->46": 0, "45->48": 0, "48->45": 0, "33->49": 0, "49->33": 0, "49->50": 0, "50->49": 0, "50->51": 0, "51->50": 0, "49->52": 0, "52->49": 0, "33->53": 0, "53->33": 0, "53->54": 0, "54->53": 0, "54->55": 0, "55->54": 0, "54->56": 0, "56->54": 0, "56->57": 0, "57->56": 0, "56->58": 0, "58->56": 0, "58->59": 0, "59->58": 0, "58->60": 0, "60->58": 0, "60->61": 0, "61->60": 0, "60->62": 0, "62->60": 0, "62->63": 0, "63->62": 0, "62->64": 0, "64->62": 0, "64->65": 0, "65->64": 0, "65->66": 0, "66->65": 0, "53->67": 0, "67->53": 0, "33->68": 0, "68->33": 0, "68->69": 0, "69->68": 0, "69->70": 0, "70->69": 0, "69->71": 0, "71->69": 0, "71->72": 0, "72->71": 0, "71->73": 0, "73->71": 0, "73->74": 0, "74->73": 0, "73->75": 0, "75->73": 0, "75->76": 0, "76->75": 0, "75->77": 0, "77->75": 0, "77->78": 0, "78->77": 0, "68->79": 0, "79->68": 0, "33->80": 0, "80->33": 0, "80->81": 0, "81->80": 0, "81->82": 0, "82->81": 0, "81->83": 0, "83->81": 0, "83->84": 0, "84->83": 0, "83->85": 0, "85->83": 0, "85->86": 0, "86->85": 0, "85->87": 0, "87->85": 0, "87->88": 0, "88->87": 0, "87->89": 0, "89->87": 0, "89->90": 0, "90->89": 0, "80->91": 0, "91->80": 0, "33->92": 0, "92->33": 0, "92->93": 0, "93->92": 0, "93->94": 0, "94->93": 0, "93->95": 0, "95->93": 0, "95->96": 0, "96->95": 0, "95->97": 0, "97->95": 0, "97->98": 0, "98->97": 0, "97->99": 0, "99->97": 0, "99->100": 0, "100->99": 0, "99->101": 0, "101->99": 0, "101->102": 0, "102->101": 0, "92->103": 0, "103->92": 0, "33->104": 0, "104->33": 0, "33->105": 0, "105->33": 0, "105->106": 0, "106->105": 0, "106->107": 0, "107->106": 0, "107->108": 0, "108->107": 0, "106->109": 0, "109->106": 0, "109->110": 0, "110->109": 0, "106->111": 0, "111->106": 0, "111->112": 0, "112->111": 0, "106->113": 0, "113->106": 0, "113->114": 0, "114->113": 0, "106->115": 0, "115->106": 0, "115->116": 0, "116->115": 0, "33->117": 0, "117->33": 0, "117->118": 0, "118->117": 0, "118->119": 0, "119->118": 0, "119->120": 0, "120->119": 0, "120->121": 0, "121->120": 0, "118->122": 0, "122->118": 0, "122->123": 0, "123->122": 0, "118->124": 0, "124->118": 0, "33->125": 0, "125->33": 0, "125->126": 0, "126->125": 0, "126->127": 0, "127->126": 0, "127->128": 0, "128->127": 0, "128->129": 0, "129->128": 0, "126->130": 0, "130->126": 0, "130->131": 0, "131->130": 0, "126->132": 0, "132->126": 0, "33->133": 0, "133->33": 0, "133->134": 0, "134->133": 0, "134->135": 0, "135->134": 0, "135->136": 0, "136->135": 0, "136->137": 0, "137->136": 0, "134->138": 0, "138->134": 0, "138->139": 0, "139->138": 0, "134->140": 0, "140->134": 0, "33->141": 0, "141->33": 0, "141->142": 0, "142->141": 0, "142->143": 0, "143->142": 0, "143->144": 0, "144->143": 0, "144->145": 0, "145->144": 0, "142->146": 0, "146->142": 0, "146->147": 0, "147->146": 0, "142->148": 0, "148->142": 0, "0->149": 0, "149->0": 0, "149->150": 0, "150->149": 0, "150->151": 0, "151->150": 0, "149->152": 0, "152->149": 0, "149->153": 0, "153->149": 0, "153->154": 0, "154->153": 0, "154->155": 0, "155->154": 0, "154->156": 0, "156->154": 0, "156->157": 0, "157->156": 0, "156->158": 0, "158->156": 0, "158->159": 0, "159->158": 0, "158->160": 0, "160->158": 0, "160->161": 0, "161->160": 0, "160->162": 0, "162->160": 0, "162->163": 0, "163->162": 0, "153->164": 0, "164->153": 0, "149->165": 0, "165->149": 0, "149->166": 0, "166->149": 0, "166->167": 0, "167->166": 0, "167->168": 0, "168->167": 0, "167->169": 0, "169->167": 0, "169->170": 0, "170->169": 0, "170->171": 0, "171->170": 0, "170->172": 0, "172->170": 0, "172->173": 0, "173->172": 0, "172->174": 0, "174->172": 0, "174->175": 0, "175->174": 0, "174->176": 0, "176->174": 0, "176->177": 0, "177->176": 0, "176->178": 0, "178->176": 0, "178->179": 0, "179->178": 0, "169->180": 0, "180->169": 0, "180->181": 0, "181->180": 0, "169->182": 0, "182->169": 0, "182->183": 0, "183->182": 0, "182->184": 0, "184->182": 0, "169->185": 0, "185->169": 0, "185->186": 0, "186->185": 0, "167->187": 0, "187->167": 0, "149->188": 0, "188->149": 0, "188->189": 0, "189->188": 0, "189->190": 0, "190->189": 0, "188->191": 0, "191->188": 0, "191->192": 0, "192->191": 0, "191->193": 0, "193->191": 0, "193->194": 0, "194->193": 0, "194->195": 0, "195->194": 0, "149->196": 0, "196->149": 0, "196->197": 0, "197->196": 0, "197->198": 0, "198->197": 0, "197->199": 0, "199->197": 0, "199->200": 0, "200->199": 0, "197->201": 0, "201->197": 0, "149->202": 0, "202->149": 0, "202->203": 0, "203->202": 0, "203->204": 0, "204->203": 0, "203->205": 0, "205->203": 0, "205->206": 0, "206->205": 0, "203->207": 0, "207->203": 0, "149->208": 0, "208->149": 0, "208->209": 0, "209->208": 0, "209->210": 0, "210->209": 0, "209->211": 0, "211->209": 0, "211->212": 0, "212->211": 0, "209->213": 0, "213->209": 0, "149->214": 0, "214->149": 0, "214->215": 0, "215->214": 0, "215->216": 0, "216->215": 0, "215->217": 0, "217->215": 0, "217->218": 0, "218->217": 0, "215->219": 0, "219->215": 0, "149->220": 0, "220->149": 0, "220->221": 0, "221->220": 0, "221->222": 0, "222->221": 0, "221->223": 0, "223->221": 0, "223->224": 0, "224->223": 0, "221->225": 0, "225->221": 0, "149->226": 0, "226->149": 0, "226->227": 0, "227->226": 0, "227->228": 0, "228->227": 0, "227->229": 0, "229->227": 0, "0->230": 0, "230->0": 0, "230->231": 0, "231->230": 0, "231->232": 0, "232->231": 0, "230->233": 0, "233->230": 0, "233->234": 0, "234->233": 0, "230->235": 0, "235->230": 0, "230->236": 0, "236->230": 0, "230->237": 0, "237->230": 0, "230->238": 0, "238->230": 0, "230->239": 0, "239->230": 0, "239->240": 0, "240->239": 0, "240->241": 0, "241->240": 0, "240->242": 0, "242->240": 0, "242->243": 0, "243->242": 0, "240->244": 0, "244->240": 0, "244->245": 0, "245->244": 0, "244->246": 0, "246->244": 0, "239->247": 0, "247->239": 0, "247->248": 0, "248->247": 0, "248->249": 0, "249->248": 0, "249->250": 0, "250->249": 0, "250->251": 0, "251->250": 0, "249->252": 0, "252->249": 0, "252->253": 0, "253->252": 0, "230->254": 0, "254->230": 0, "254->255": 0, "255->254": 0, "255->256": 0, "256->255": 0, "255->257": 0, "257->255": 0, "257->258": 0, "258->257": 0, "257->259": 0, "259->257": 0, "259->260": 0, "260->259": 0, "259->261": 0, "261->259": 0, "261->262": 0, "262->261": 0, "261->263": 0, "263->261": 0, "263->264": 0, "264->263": 0, "254->265": 0, "265->254": 0, "265->266": 0, "266->265": 0, "265->267": 0, "267->265": 0, "267->268": 0, "268->267": 0, "268->269": 0, "269->268": 0, "268->270": 0, "270->268": 0, "270->271": 0, "271->270": 0, "270->272": 0, "272->270": 0, "272->273": 0, "273->272": 0, "272->274": 0, "274->272": 0, "274->275": 0, "275->274": 0, "274->276": 0, "276->274": 0, "276->277": 0, "277->276": 0, "267->278": 0, "278->267": 0, "278->279": 0, "279->278": 0, "279->280": 0, "280->279": 0, "278->281": 0, "281->278": 0, "230->282": 0, "282->230": 0, "282->283": 0, "283->282": 0, "283->284": 0, "284->283": 0, "283->285": 0, "285->283": 0, "285->286": 0, "286->285": 0, "285->287": 0, "287->285": 0, "287->288": 0, "288->287": 0, "287->289": 0, "289->287": 0, "289->290": 0, "290->289": 0, "289->291": 0, "291->289": 0, "291->292": 0, "292->291": 0, "282->293": 0, "293->282": 0, "293->294": 0, "294->293": 0, "293->295": 0, "295->293": 0, "295->296": 0, "296->295": 0, "295->297": 0, "297->295": 0, "297->298": 0, "298->297": 0, "298->299": 0, "299->298": 0, "297->300": 0, "300->297": 0, "295->301": 0, "301->295": 0, "230->302": 0, "302->230": 0, "302->303": 0, "303->302": 0, "303->304": 0, "304->303": 0, "304->305": 0, "305->304": 0, "303->306": 0, "306->303": 0, "306->307": 0, "307->306": 0, "303->308": 0, "308->303": 0, "308->309": 0, "309->308": 0, "0->310": 0, "310->0": 0, "310->311": 0, "311->310": 0, "310->312": 0, "312->310": 0, "312->313": 0, "313->312": 0, "312->314": 0, "314->312": 0, "314->315": 0, "315->314": 0, "314->316": 0, "316->314": 0, "316->317": 0, "317->316": 0, "316->318": 0, "318->316": 0, "318->319": 0, "319->318": 0, "1->4": 1, "4->1": 12, "4->5": 1, "5->4": 12, "5->12": 1, "12->5": 12, "12->19": 1, "19->12": 12, "19->26": 1, "26->19": 12, "26->33": 1, "33->26": 12, "33->149": 1, "149->33": 12, "149->230": 1, "230->149": 12, "230->310": 1, "310->230": 12, "2->3": 2, "3->2": 3, "6->8": 1, "8->6": 12, "8->10": 1, "10->8": 12, "13->15": 1, "15->13": 12, "15->17": 1, "17->15": 12, "20->22": 1, "22->20": 12, "22->24": 1, "24->22": 12, "27->29": 1, "29->27": 12, "29->31": 1, "31->29": 12, "34->36": 1, "36->34": 12, "36->37": 1, "37->36": 12, "37->41": 1, "41->37": 12, "41->45": 1, "45->41": 12, "45->49": 1, "49->45": 12, "49->53": 1, "53->49": 12, "53->68": 1, "68->53": 12, "68->80": 1, "80->68": 12, "80->92": 1, "92->80": 12, "92->104": 1, "104->92": 12, "104->105": 1, "105->104": 12, "105->117": 1, "117->105": 12, "117->125": 1, "125->117": 12, "125->133": 1, "133->125": 12, "133->141": 1, "141->133": 12, "38->40": 1, "40->38": 12, "42->44": 1, "44->42": 12, "46->48": 1, "48->46": 12, "50->52": 1, "52->50": 12, "54->67": 1, "67->54": 12, "55->56": 1, "56->55": 12, "57->58": 1, "58->57": 12, "59->60": 1, "60->59": 12, "61->62": 1, "62->61": 12, "63->64": 1, "64->63": 12, "69->79": 1, "79->69": 12, "70->71": 1, "71->70": 12, "72->73": 1, "73->72": 12, "74->75": 1, "75->74": 12, "76->77": 1, "77->76": 12, "81->91": 1, "91->81": 12, "82->83": 1, "83->82": 12, "84->85": 1, "85->84": 12, "86->87": 1, "87->86": 12, "88->89": 1, "89->88": 12, "93->103": 1, "103->93": 12, "94->95": 1, "95->94": 12, "96->97": 1, "97->96": 12, "98->99": 1, "99->98": 12, "100->101": 1, "101->100": 12, "107->109": 1, "109->107": 12, "109->111": 1, "111->109": 12, "111->113": 1, "113->111": 12, "113->115": 1, "115->113": 12, "119->122": 1, "122->119": 12, "122->124": 1, "124->122": 12, "127->130": 1, "130->127": 12, "130->132": 1, "132->130": 12, "135->138": 1, "138->135": 12, "138->140": 1, "140->138": 12, "143->146": 1, "146->143": 12, "146->148": 1, "148->146": 12, "150->152": 1, "152->150": 12, "152->153": 1, "153->152": 12, "153->165": 1, "165->153": 12, "165->166": 1, "166->165": 12, "166->188": 1, "188->166": 12, "188->196": 1, "196->188": 12, "196->202": 1, "202->196": 12, "202->208": 1, "208->202": 12, "208->214": 1, "214->208": 12, "214->220": 1, "220->214": 12, "220->226": 1, "226->220": 12, "154->164": 1, "164->154": 12, "155->156": 1, "156->155": 12, "157->158": 1, "158->157": 12, "159->160": 1, "160->159": 12, "161->162": 1, "162->161": 12, "168->169": 1, "169->168": 12, "169->187": 1, "187->169": 12, "170->180": 1, "180->170": 12, "180->182": 1, "182->180": 12, "182->185": 1, "185->182": 12, "171->172": 1, "172->171": 12, "173->174": 1, "174->173": 12, "175->176": 1, "176->175": 12, "177->178": 1, "178->177": 12, "183->184": 2, "184->183": 3, "189->191": 1, "191->189": 12, "192->193": 1, "193->192": 12, "198->199": 1, "199->198": 12, "199->201": 1, "201->199": 12, "204->205": 1, "205->204": 12, "205->207": 1, "207->205": 12, "210->211": 1, "211->210": 12, "211->213": 1, "213->211": 12, "216->217": 1, "217->216": 12, "217->219": 1, "219->217": 12, "222->223": 1, "223->222": 12, "223->225": 1, "225->223": 12, "228->229": 2, "229->228": 3, "231->233": 1, "233->231": 12, "233->235": 1, "235->233": 12, "235->236": 2, "236->235": 3, "236->237": 2, "237->236": 3, "237->238": 2, "238->237": 3, "238->239": 1, "239->238": 12, "239->254": 1, "254->239": 12, "254->282": 1, "282->254": 12, "282->302": 1, "302->282": 12, "240->247": 6, "247->240": 6, "241->242": 1, "242->241": 12, "242->244": 1, "244->242": 12, "245->246": 2, "246->245": 3, "250->252": 1, "252->250": 12, "255->265": 1, "265->255": 12, "256->257": 1, "257->256": 12, "258->259": 1, "259->258": 12, "260->261": 1, "261->260": 12, "262->263": 1, "263->262": 12, "266->267": 1, "267->266": 12, "268->278": 1, "278->268": 12, "269->270": 1, "270->269": 12, "271->272": 1, "272->271": 12, "273->274": 1, "274->273": 12, "275->276": 1, "276->275": 12, "279->281": 1, "281->279": 12, "283->293": 1, "293->283": 12, "284->285": 1, "285->284": 12, "286->287": 1, "287->286": 12, "288->289": 1, "289->288": 12, "290->291": 1, "291->290": 12, "294->295": 1, "295->294": 12, "296->297": 1, "297->296": 12, "297->301": 1, "301->297": 12, "298->300": 1, "300->298": 12, "304->306": 1, "306->304": 12, "306->308": 1, "308->306": 12, "311->312": 1, "312->311": 12, "313->314": 1, "314->313": 12, "315->316": 1, "316->315": 12, "317->318": 1, "318->317": 12, "3->4": 2, "4->3": 3, "4->7": 2, "7->4": 3, "7->9": 2, "9->7": 3, "9->11": 2, "11->9": 3, "11->14": 2, "14->11": 3, "14->16": 2, "16->14": 3, "16->18": 2, "18->16": 3, "18->21": 2, "21->18": 3, "21->23": 2, "23->21": 3, "23->25": 2, "25->23": 3, "25->28": 2, "28->25": 3, "28->30": 2, "30->28": 3, "30->32": 2, "32->30": 3, "32->35": 2, "35->32": 3, "35->36": 2, "36->35": 3, "36->39": 2, "39->36": 3, "39->40": 2, "40->39": 3, "40->43": 2, "43->40": 3, "43->44": 2, "44->43": 3, "44->47": 2, "47->44": 3, "47->48": 2, "48->47": 3, "48->51": 2, "51->48": 3, "51->52": 2, "52->51": 3, "52->55": 2, "55->52": 3, "55->57": 2, "57->55": 3, "57->59": 2, "59->57": 3, "59->61": 2, "61->59": 3, "61->63": 2, "63->61": 3, "63->66": 2, "66->63": 3, "66->67": 2, "67->66": 3, "67->70": 2, "70->67": 3, "70->72": 2, "72->70": 3, "72->74": 2, "74->72": 3, "74->76": 2, "76->74": 3, "76->78": 2, "78->76": 3, "78->79": 2, "79->78": 3, "79->82": 2, "82->79": 3, "82->84": 2, "84->82": 3, "84->86": 2, "86->84": 3, "86->88": 2, "88->86": 3, "88->90": 2, "90->88": 3, "90->91": 2, "91->90": 3, "91->94": 2, "94->91": 3, "94->96": 2, "96->94": 3, "96->98": 2, "98->96": 3, "98->100": 2, "100->98": 3, "100->102": 2, "102->100": 3, "102->103": 2, "103->102": 3, "103->104": 2, "104->103": 3, "104->108": 2, "108->104": 3, "108->110": 2, "110->108": 3, "110->112": 2, "112->110": 3, "112->114": 2, "114->112": 3, "114->116": 2, "116->114": 3, "116->121": 2, "121->116": 3, "121->123": 4, "123->121": 5, "123->124": 2, "124->123": 3, "124->129": 2, "129->124": 3, "129->131": 4, "131->129": 5, "131->132": 2, "132->131": 3, "132->137": 2, "137->132": 3, "137->139": 4, "139->137": 5, "139->140": 2, "140->139": 3, "140->145": 2, "145->140": 3, "145->147": 4, "147->145": 5, "147->148": 2, "148->147": 3, "148->151": 2, "151->148": 3, "151->152": 2, "152->151": 3, "152->155": 2, "155->152": 3, "155->157": 2, "157->155": 3, "157->159": 2, "159->157": 3, "159->161": 2, "161->159": 3, "161->163": 2, "163->161": 3, "163->164": 2, "164->163": 3, "164->165": 2, "165->164": 3, "165->168": 2, "168->165": 3, "168->171": 2, "171->168": 3, "171->173": 2, "173->171": 3, "173->175": 2, "175->173": 3, "175->177": 2, "177->175": 3, "177->179": 2, "179->177": 3, "179->181": 2, "181->179": 3, "181->183": 2, "183->181": 3, "184->186": 2, "186->184": 3, "186->187": 2, "187->186": 3, "187->190": 2, "190->187": 3, "190->192": 2, "192->190": 3, "192->195": 2, "195->192": 3, "195->198": 2, "198->195": 3, "198->200": 2, "200->198": 3, "200->201": 2, "201->200": 3, "201->204": 2, "204->201": 3, "204->206": 2, "206->204": 3, "206->207": 2, "207->206": 3, "207->210": 2, "210->207": 3, "210->212": 2, "212->210": 3, "212->213": 2, "213->212": 3, "213->216": 2, "216->213": 3, "216->218": 2, "218->216": 3, "218->219": 2, "219->218": 3, "219->222": 2, "222->219": 3, "222->224": 2, "224->222": 3, "224->225": 2, "225->224": 3, "225->228": 2, "228->225": 3, "229->232": 2, "232->229": 3, "232->234": 2, "234->232": 3, "234->235": 2, "235->234": 3, "238->241": 2, "241->238": 3, "241->243": 2, "243->241": 3, "243->245": 2, "245->243": 3, "246->251": 2, "251->246": 3, "251->253": 2, "253->251": 3, "253->256": 2, "256->253": 3, "256->258": 2, "258->256": 3, "258->260": 2, "260->258": 3, "260->262": 2, "262->260": 3, "262->264": 2, "264->262": 3, "264->266": 2, "266->264": 3, "266->269": 2, "269->266": 3, "269->271": 2, "271->269": 3, "271->273": 2, "273->271": 3, "273->275": 2, "275->273": 3, "275->277": 2, "277->275": 3, "277->280": 2, "280->277": 3, "280->281": 2, "281->280": 3, "281->284": 2, "284->281": 3, "284->286": 2, "286->284": 3, "286->288": 2, "288->286": 3, "288->290": 2, "290->288": 3, "290->292": 2, "292->290": 3, "292->294": 2, "294->292": 3, "294->296": 2, "296->294": 3, "296->299": 2, "299->296": 3, "299->300": 2, "300->299": 3, "300->301": 2, "301->300": 3, "301->305": 2, "305->301": 3, "305->307": 2, "307->305": 3, "307->309": 2, "309->307": 3, "309->311": 2, "311->309": 3, "311->313": 2, "313->311": 3, "313->315": 2, "315->313": 3, "315->317": 2, "317->315": 3, "317->319": 2, "319->317": 3, "123->200": 4, "200->123": 5, "131->206": 4, "206->131": 5, "139->212": 4, "212->139": 5, "147->218": 4, "218->147": 5, "224->309": 4, "309->224": 5}, "metrics": [4.0, 0.0, 3.0, 3.0, 31.0, 4.0, 0.0, 0.0, 0.6666666666666666, 0.0, 1.0]}