{"nodelist": ["ClassDeclaration", "{'public', 'static'}", "public", "static", "getRowWithColumns_call", "FieldDeclaration", "{'private'}", "private", "ReferenceType", "ByteBuffer", "VariableDeclarator", "tableName", "FieldDeclaration", "{'private'}", "private", "ReferenceType", "ByteBuffer", "VariableDeclarator", "row", "FieldDeclaration", "{'private'}", "private", "ReferenceType", "List", "TypeArgument", "ReferenceType", "ByteBuffer", "VariableDeclarator", "columns", "FieldDeclaration", "{'private'}", "private", "ReferenceType", "Map", "TypeArgument", "ReferenceType", "ByteBuffer", "TypeArgument", "ReferenceType", "ByteBuffer", "VariableDeclarator", "attributes", "ConstructorDeclaration", "{'public'}", "public", "getRowWithColumns_call", "FormalParameter", "ReferenceType", "ByteBuffer", "tableName", "FormalParameter", "ReferenceType", "ByteBuffer", "row", "FormalParameter", "ReferenceType", "List", "TypeArgument", "ReferenceType", "ByteBuffer", "columns", "FormalParameter", "ReferenceType", "Map", "TypeArgument", "ReferenceType", "ByteBuffer", "TypeArgument", "ReferenceType", "ByteBuffer", "attributes", "FormalParameter", "ReferenceType", "org", "ReferenceType", "apache", "ReferenceType", "thrift", "ReferenceType", "async", "ReferenceType", "AsyncMethodCallback", "TypeArgument", "ReferenceType", "getRowWithColumns_call", "resultHandler", "FormalParameter", "ReferenceType", "org", "ReferenceType", "apache", "ReferenceType", "thrift", "ReferenceType", "async", "ReferenceType", "TAsyncClient", "client", "FormalParameter", "ReferenceType", "org", "ReferenceType", "apache", "ReferenceType", "thrift", "ReferenceType", "protocol", "ReferenceType", "TProtocolFactory", "protocolFactory", "FormalParameter", "ReferenceType", "org", "ReferenceType", "apache", "ReferenceType", "thrift", "ReferenceType", "transport", "ReferenceType", "TNonblockingTransport", "transport", "org.apache.thrift.TException", "StatementExpression", "SuperConstructorInvocation", "MemberReference", "client", "MemberReference", "protocolFactory", "MemberReference", "transport", "MemberReference", "resultHandler", "Literal", "false", "StatementExpression", "Assignment", "This", "MemberReference", "tableName", "MemberReference", "tableName", "=", "StatementExpression", "Assignment", "This", "MemberReference", "row", "MemberReference", "row", "=", "StatementExpression", "Assignment", "This", "MemberReference", "columns", "MemberReference", "columns", "=", "StatementExpression", "Assignment", "This", "MemberReference", "attributes", "MemberReference", "attributes", "=", "MethodDeclaration", "{'public'}", "public", "write_args", "FormalParameter", "ReferenceType", "org", "ReferenceType", "apache", "ReferenceType", "thrift", "ReferenceType", "protocol", "ReferenceType", "TProtocol", "prot", "org.apache.thrift.TException", "StatementExpression", "MethodInvocation", "prot", "ClassCreator", "ReferenceType", "org", "ReferenceType", "apache", "ReferenceType", "thrift", "ReferenceType", "protocol", "ReferenceType", "TMessage", "Literal", "\"getRowWithColumns\"", "MemberReference", "org.apache.thrift.protocol.TMessageType", "CALL", "Literal", "0", "writeMessageBegin", "LocalVariableDeclaration", "ReferenceType", "getRowWithColumns_args", "VariableDeclarator", "args", "ClassCreator", "ReferenceType", "getRowWithColumns_args", "StatementExpression", "MethodInvocation", "args", "MemberReference", "tableName", "setTableName", "StatementExpression", "MethodInvocation", "args", "MemberReference", "row", "setRow", "StatementExpression", "MethodInvocation", "args", "MemberReference", "columns", "setColumns", "StatementExpression", "MethodInvocation", "args", "MemberReference", "attributes", "setAttributes", "StatementExpression", "MethodInvocation", "args", "MemberReference", "prot", "write", "StatementExpression", "MethodInvocation", "prot", "writeMessageEnd", "MethodDeclaration", "{'public'}", "public", "ReferenceType", "List", "TypeArgument", "ReferenceType", "TRowResult", "getResult", "IOError", "org.apache.thrift.TException", "IfStatement", "BinaryOperation", "!=", "MethodInvocation", "getState", "MemberReference", "org.apache.thrift.async.TAsyncMethodCall.State", "RESPONSE_READ", "BlockStatement", "ThrowStatement", "ClassCreator", "ReferenceType", "IllegalStateException", "Literal", "\"Method call not finished!\"", "LocalVariableDeclaration", "ReferenceType", "org", "ReferenceType", "apache", "ReferenceType", "thrift", "ReferenceType", "transport", "ReferenceType", "TMemoryInputTransport", "VariableDeclarator", "memoryTransport", "ClassCreator", "ReferenceType", "org", "ReferenceType", "apache", "ReferenceType", "thrift", "ReferenceType", "transport", "ReferenceType", "TMemoryInputTransport", "MethodInvocation", "MethodInvocation", "array", "getFrameBuffer", "LocalVariableDeclaration", "ReferenceType", "org", "ReferenceType", "apache", "ReferenceType", "thrift", "ReferenceType", "protocol", "ReferenceType", "TProtocol", "VariableDeclarator", "prot", "MethodInvocation", "client", "MethodInvocation", "MemberReference", "memoryTransport", "getProtocol", "getProtocolFactory", "ReturnStatement", "ClassCreator", "MethodInvocation", "recv_getRowWithColumns", "ReferenceType", "Client", "MemberReference", "prot", "ReferenceType", "org", "ReferenceType", "apache", "ReferenceType", "thrift", "ReferenceType", "async", "ReferenceType", "TAsyncMethodCall"], "nodes": {"0": "ClassDeclaration", "1": "Modifier", "2": "public", "3": "static", "4": "getRowWithColumns_call", "5": "FieldDeclaration", "6": "Modifier", "7": "private", "8": "ReferenceType", "9": "ByteBuffer", "10": "VariableDeclarator", "11": "tableName", "12": "FieldDeclaration", "13": "Modifier", "14": "private", "15": "ReferenceType", "16": "ByteBuffer", "17": "VariableDeclarator", "18": "row", "19": "FieldDeclaration", "20": "Modifier", "21": "private", "22": "ReferenceType", "23": "List", "24": "TypeArgument", "25": "ReferenceType", "26": "ByteBuffer", "27": "VariableDeclarator", "28": "columns", "29": "FieldDeclaration", "30": "Modifier", "31": "private", "32": "ReferenceType", "33": "Map", "34": "TypeArgument", "35": "ReferenceType", "36": "ByteBuffer", "37": "TypeArgument", "38": "ReferenceType", "39": "ByteBuffer", "40": "VariableDeclarator", "41": "attributes", "42": "ConstructorDeclaration", "43": "Modifier", "44": "public", "45": "getRowWithColumns_call", "46": "FormalParameter", "47": "ReferenceType", "48": "ByteBuffer", "49": "tableName", "50": "FormalParameter", "51": "ReferenceType", "52": "ByteBuffer", "53": "row", "54": "FormalParameter", "55": "ReferenceType", "56": "List", "57": "TypeArgument", "58": "ReferenceType", "59": "ByteBuffer", "60": "columns", "61": "FormalParameter", "62": "ReferenceType", "63": "Map", "64": "TypeArgument", "65": "ReferenceType", "66": "ByteBuffer", "67": "TypeArgument", "68": "ReferenceType", "69": "ByteBuffer", "70": "attributes", "71": "FormalParameter", "72": "ReferenceType", "73": "org", "74": "ReferenceType", "75": "apache", "76": "ReferenceType", "77": "thrift", "78": "ReferenceType", "79": "async", "80": "ReferenceType", "81": "AsyncMethodCallback", "82": "TypeArgument", "83": "ReferenceType", "84": "getRowWithColumns_call", "85": "resultHandler", "86": "FormalParameter", "87": "ReferenceType", "88": "org", "89": "ReferenceType", "90": "apache", "91": "ReferenceType", "92": "thrift", "93": "ReferenceType", "94": "async", "95": "ReferenceType", "96": "TAsyncClient", "97": "client", "98": "FormalParameter", "99": "ReferenceType", "100": "org", "101": "ReferenceType", "102": "apache", "103": "ReferenceType", "104": "thrift", "105": "ReferenceType", "106": "protocol", "107": "ReferenceType", "108": "TProtocolFactory", "109": "protocolFactory", "110": "FormalParameter", "111": "ReferenceType", "112": "org", "113": "ReferenceType", "114": "apache", "115": "ReferenceType", "116": "thrift", "117": "ReferenceType", "118": "transport", "119": "ReferenceType", "120": "TNonblockingTransport", "121": "transport", "122": "org.apache.thrift.TException", "123": "StatementExpression", "124": "SuperConstructorInvocation", "125": "MemberReference", "126": "client", "127": "MemberReference", "128": "protocolFactory", "129": "MemberReference", "130": "transport", "131": "MemberReference", "132": "resultHandler", "133": "Literal", "134": "false", "135": "StatementExpression", "136": "Assignment", "137": "This", "138": "MemberReference", "139": "tableName", "140": "MemberReference", "141": "tableName", "142": "=", "143": "StatementExpression", "144": "Assignment", "145": "This", "146": "MemberReference", "147": "row", "148": "MemberReference", "149": "row", "150": "=", "151": "StatementExpression", "152": "Assignment", "153": "This", "154": "MemberReference", "155": "columns", "156": "MemberReference", "157": "columns", "158": "=", "159": "StatementExpression", "160": "Assignment", "161": "This", "162": "MemberReference", "163": "attributes", "164": "MemberReference", "165": "attributes", "166": "=", "167": "MethodDeclaration", "168": "Modifier", "169": "public", "170": "write_args", "171": "FormalParameter", "172": "ReferenceType", "173": "org", "174": "ReferenceType", "175": "apache", "176": "ReferenceType", "177": "thrift", "178": "ReferenceType", "179": "protocol", "180": "ReferenceType", "181": "TProtocol", "182": "prot", "183": "org.apache.thrift.TException", "184": "StatementExpression", "185": "MethodInvocation", "186": "prot", "187": "ClassCreator", "188": "ReferenceType", "189": "org", "190": "ReferenceType", "191": "apache", "192": "ReferenceType", "193": "thrift", "194": "ReferenceType", "195": "protocol", "196": "ReferenceType", "197": "TMessage", "198": "Literal", "199": "\"getRowWithColumns\"", "200": "MemberReference", "201": "org.apache.thrift.protocol.TMessageType", "202": "CALL", "203": "Literal", "204": "0", "205": "writeMessageBegin", "206": "LocalVariableDeclaration", "207": "ReferenceType", "208": "getRowWithColumns_args", "209": "VariableDeclarator", "210": "args", "211": "ClassCreator", "212": "ReferenceType", "213": "getRowWithColumns_args", "214": "StatementExpression", "215": "MethodInvocation", "216": "args", "217": "MemberReference", "218": "tableName", "219": "setTableName", "220": "StatementExpression", "221": "MethodInvocation", "222": "args", "223": "MemberReference", "224": "row", "225": "setRow", "226": "StatementExpression", "227": "MethodInvocation", "228": "args", "229": "MemberReference", "230": "columns", "231": "setColumns", "232": "StatementExpression", "233": "MethodInvocation", "234": "args", "235": "MemberReference", "236": "attributes", "237": "setAttributes", "238": "StatementExpression", "239": "MethodInvocation", "240": "args", "241": "MemberReference", "242": "prot", "243": "write", "244": "StatementExpression", "245": "MethodInvocation", "246": "prot", "247": "writeMessageEnd", "248": "MethodDeclaration", "249": "Modifier", "250": "public", "251": "ReferenceType", "252": "List", "253": "TypeArgument", "254": "ReferenceType", "255": "TRowResult", "256": "getResult", "257": "IOError", "258": "org.apache.thrift.TException", "259": "IfStatement", "260": "BinaryOperation", "261": "!=", "262": "MethodInvocation", "263": "getState", "264": "MemberReference", "265": "org.apache.thrift.async.TAsyncMethodCall.State", "266": "RESPONSE_READ", "267": "BlockStatement", "268": "ThrowStatement", "269": "ClassCreator", "270": "ReferenceType", "271": "IllegalStateException", "272": "Literal", "273": "\"Method call not finished!\"", "274": "LocalVariableDeclaration", "275": "ReferenceType", "276": "org", "277": "ReferenceType", "278": "apache", "279": "ReferenceType", "280": "thrift", "281": "ReferenceType", "282": "transport", "283": "ReferenceType", "284": "TMemoryInputTransport", "285": "VariableDeclarator", "286": "memoryTransport", "287": "ClassCreator", "288": "ReferenceType", "289": "org", "290": "ReferenceType", "291": "apache", "292": "ReferenceType", "293": "thrift", "294": "ReferenceType", "295": "transport", "296": "ReferenceType", "297": "TMemoryInputTransport", "298": "MethodInvocation", "299": "MethodInvocation", "300": "array", "301": "getFrameBuffer", "302": "LocalVariableDeclaration", "303": "ReferenceType", "304": "org", "305": "ReferenceType", "306": "apache", "307": "ReferenceType", "308": "thrift", "309": "ReferenceType", "310": "protocol", "311": "ReferenceType", "312": "TProtocol", "313": "VariableDeclarator", "314": "prot", "315": "MethodInvocation", "316": "client", "317": "MethodInvocation", "318": "MemberReference", "319": "memoryTransport", "320": "getProtocol", "321": "getProtocolFactory", "322": "ReturnStatement", "323": "ClassCreator", "324": "MethodInvocation", "325": "recv_getRowWithColumns", "326": "ReferenceType", "327": "Client", "328": "MemberReference", "329": "prot", "330": "ReferenceType", "331": "org", "332": "ReferenceType", "333": "apache", "334": "ReferenceType", "335": "thrift", "336": "ReferenceType", "337": "async", "338": "ReferenceType", "339": "TAsyncMethodCall"}, "edges": {"0->1": 0, "1->0": 0, "1->2": 0, "2->1": 0, "1->3": 0, "3->1": 0, "0->4": 0, "4->0": 0, "0->5": 0, "5->0": 0, "5->6": 0, "6->5": 0, "6->7": 0, "7->6": 0, "5->8": 0, "8->5": 0, "8->9": 0, "9->8": 0, "5->10": 0, "10->5": 0, "10->11": 0, "11->10": 0, "0->12": 0, "12->0": 0, "12->13": 0, "13->12": 0, "13->14": 0, "14->13": 0, "12->15": 0, "15->12": 0, "15->16": 0, "16->15": 0, "12->17": 0, "17->12": 0, "17->18": 0, "18->17": 0, "0->19": 0, "19->0": 0, "19->20": 0, "20->19": 0, "20->21": 0, "21->20": 0, "19->22": 0, "22->19": 0, "22->23": 0, "23->22": 0, "22->24": 0, "24->22": 0, "24->25": 0, "25->24": 0, "25->26": 0, "26->25": 0, "19->27": 0, "27->19": 0, "27->28": 0, "28->27": 0, "0->29": 0, "29->0": 0, "29->30": 0, "30->29": 0, "30->31": 0, "31->30": 0, "29->32": 0, "32->29": 0, "32->33": 0, "33->32": 0, "32->34": 0, "34->32": 0, "34->35": 0, "35->34": 0, "35->36": 0, "36->35": 0, "32->37": 0, "37->32": 0, "37->38": 0, "38->37": 0, "38->39": 0, "39->38": 0, "29->40": 0, "40->29": 0, "40->41": 0, "41->40": 0, "0->42": 0, "42->0": 0, "42->43": 0, "43->42": 0, "43->44": 0, "44->43": 0, "42->45": 0, "45->42": 0, "42->46": 0, "46->42": 0, "46->47": 0, "47->46": 0, "47->48": 0, "48->47": 0, "46->49": 0, "49->46": 0, "42->50": 0, "50->42": 0, "50->51": 0, "51->50": 0, "51->52": 0, "52->51": 0, "50->53": 0, "53->50": 0, "42->54": 0, "54->42": 0, "54->55": 0, "55->54": 0, "55->56": 0, "56->55": 0, "55->57": 0, "57->55": 0, "57->58": 0, "58->57": 0, "58->59": 0, "59->58": 0, "54->60": 0, "60->54": 0, "42->61": 0, "61->42": 0, "61->62": 0, "62->61": 0, "62->63": 0, "63->62": 0, "62->64": 0, "64->62": 0, "64->65": 0, "65->64": 0, "65->66": 0, "66->65": 0, "62->67": 0, "67->62": 0, "67->68": 0, "68->67": 0, "68->69": 0, "69->68": 0, "61->70": 0, "70->61": 0, "42->71": 0, "71->42": 0, "71->72": 0, "72->71": 0, "72->73": 0, "73->72": 0, "72->74": 0, "74->72": 0, "74->75": 0, "75->74": 0, "74->76": 0, "76->74": 0, "76->77": 0, "77->76": 0, "76->78": 0, "78->76": 0, "78->79": 0, "79->78": 0, "78->80": 0, "80->78": 0, "80->81": 0, "81->80": 0, "80->82": 0, "82->80": 0, "82->83": 0, "83->82": 0, "83->84": 0, "84->83": 0, "71->85": 0, "85->71": 0, "42->86": 0, "86->42": 0, "86->87": 0, "87->86": 0, "87->88": 0, "88->87": 0, "87->89": 0, "89->87": 0, "89->90": 0, "90->89": 0, "89->91": 0, "91->89": 0, "91->92": 0, "92->91": 0, "91->93": 0, "93->91": 0, "93->94": 0, "94->93": 0, "93->95": 0, "95->93": 0, "95->96": 0, "96->95": 0, "86->97": 0, "97->86": 0, "42->98": 0, "98->42": 0, "98->99": 0, "99->98": 0, "99->100": 0, "100->99": 0, "99->101": 0, "101->99": 0, "101->102": 0, "102->101": 0, "101->103": 0, "103->101": 0, "103->104": 0, "104->103": 0, "103->105": 0, "105->103": 0, "105->106": 0, "106->105": 0, "105->107": 0, "107->105": 0, "107->108": 0, "108->107": 0, "98->109": 0, "109->98": 0, "42->110": 0, "110->42": 0, "110->111": 0, "111->110": 0, "111->112": 0, "112->111": 0, "111->113": 0, "113->111": 0, "113->114": 0, "114->113": 0, "113->115": 0, "115->113": 0, "115->116": 0, "116->115": 0, "115->117": 0, "117->115": 0, "117->118": 0, "118->117": 0, "117->119": 0, "119->117": 0, "119->120": 0, "120->119": 0, "110->121": 0, "121->110": 0, "42->122": 0, "122->42": 0, "42->123": 0, "123->42": 0, "123->124": 0, "124->123": 0, "124->125": 0, "125->124": 0, "125->126": 0, "126->125": 0, "124->127": 0, "127->124": 0, "127->128": 0, "128->127": 0, "124->129": 0, "129->124": 0, "129->130": 0, "130->129": 0, "124->131": 0, "131->124": 0, "131->132": 0, "132->131": 0, "124->133": 0, "133->124": 0, "133->134": 0, "134->133": 0, "42->135": 0, "135->42": 0, "135->136": 0, "136->135": 0, "136->137": 0, "137->136": 0, "137->138": 0, "138->137": 0, "138->139": 0, "139->138": 0, "136->140": 0, "140->136": 0, "140->141": 0, "141->140": 0, "136->142": 0, "142->136": 0, "42->143": 0, "143->42": 0, "143->144": 0, "144->143": 0, "144->145": 0, "145->144": 0, "145->146": 0, "146->145": 0, "146->147": 0, "147->146": 0, "144->148": 0, "148->144": 0, "148->149": 0, "149->148": 0, "144->150": 0, "150->144": 0, "42->151": 0, "151->42": 0, "151->152": 0, "152->151": 0, "152->153": 0, "153->152": 0, "153->154": 0, "154->153": 0, "154->155": 0, "155->154": 0, "152->156": 0, "156->152": 0, "156->157": 0, "157->156": 0, "152->158": 0, "158->152": 0, "42->159": 0, "159->42": 0, "159->160": 0, "160->159": 0, "160->161": 0, "161->160": 0, "161->162": 0, "162->161": 0, "162->163": 0, "163->162": 0, "160->164": 0, "164->160": 0, "164->165": 0, "165->164": 0, "160->166": 0, "166->160": 0, "0->167": 0, "167->0": 0, "167->168": 0, "168->167": 0, "168->169": 0, "169->168": 0, "167->170": 0, "170->167": 0, "167->171": 0, "171->167": 0, "171->172": 0, "172->171": 0, "172->173": 0, "173->172": 0, "172->174": 0, "174->172": 0, "174->175": 0, "175->174": 0, "174->176": 0, "176->174": 0, "176->177": 0, "177->176": 0, "176->178": 0, "178->176": 0, "178->179": 0, "179->178": 0, "178->180": 0, "180->178": 0, "180->181": 0, "181->180": 0, "171->182": 0, "182->171": 0, "167->183": 0, "183->167": 0, "167->184": 0, "184->167": 0, "184->185": 0, "185->184": 0, "185->186": 0, "186->185": 0, "185->187": 0, "187->185": 0, "187->188": 0, "188->187": 0, "188->189": 0, "189->188": 0, "188->190": 0, "190->188": 0, "190->191": 0, "191->190": 0, "190->192": 0, "192->190": 0, "192->193": 0, "193->192": 0, "192->194": 0, "194->192": 0, "194->195": 0, "195->194": 0, "194->196": 0, "196->194": 0, "196->197": 0, "197->196": 0, "187->198": 0, "198->187": 0, "198->199": 0, "199->198": 0, "187->200": 0, "200->187": 0, "200->201": 0, "201->200": 0, "200->202": 0, "202->200": 0, "187->203": 0, "203->187": 0, "203->204": 0, "204->203": 0, "185->205": 0, "205->185": 0, "167->206": 0, "206->167": 0, "206->207": 0, "207->206": 0, "207->208": 0, "208->207": 0, "206->209": 0, "209->206": 0, "209->210": 0, "210->209": 0, "209->211": 0, "211->209": 0, "211->212": 0, "212->211": 0, "212->213": 0, "213->212": 0, "167->214": 0, "214->167": 0, "214->215": 0, "215->214": 0, "215->216": 0, "216->215": 0, "215->217": 0, "217->215": 0, "217->218": 0, "218->217": 0, "215->219": 0, "219->215": 0, "167->220": 0, "220->167": 0, "220->221": 0, "221->220": 0, "221->222": 0, "222->221": 0, "221->223": 0, "223->221": 0, "223->224": 0, "224->223": 0, "221->225": 0, "225->221": 0, "167->226": 0, "226->167": 0, "226->227": 0, "227->226": 0, "227->228": 0, "228->227": 0, "227->229": 0, "229->227": 0, "229->230": 0, "230->229": 0, "227->231": 0, "231->227": 0, "167->232": 0, "232->167": 0, "232->233": 0, "233->232": 0, "233->234": 0, "234->233": 0, "233->235": 0, "235->233": 0, "235->236": 0, "236->235": 0, "233->237": 0, "237->233": 0, "167->238": 0, "238->167": 0, "238->239": 0, "239->238": 0, "239->240": 0, "240->239": 0, "239->241": 0, "241->239": 0, "241->242": 0, "242->241": 0, "239->243": 0, "243->239": 0, "167->244": 0, "244->167": 0, "244->245": 0, "245->244": 0, "245->246": 0, "246->245": 0, "245->247": 0, "247->245": 0, "0->248": 0, "248->0": 0, "248->249": 0, "249->248": 0, "249->250": 0, "250->249": 0, "248->251": 0, "251->248": 0, "251->252": 0, "252->251": 0, "251->253": 0, "253->251": 0, "253->254": 0, "254->253": 0, "254->255": 0, "255->254": 0, "248->256": 0, "256->248": 0, "248->257": 0, "257->248": 0, "248->258": 0, "258->248": 0, "248->259": 0, "259->248": 0, "259->260": 0, "260->259": 0, "260->261": 0, "261->260": 0, "260->262": 0, "262->260": 0, "262->263": 0, "263->262": 0, "260->264": 0, "264->260": 0, "264->265": 0, "265->264": 0, "264->266": 0, "266->264": 0, "259->267": 0, "267->259": 0, "267->268": 0, "268->267": 0, "268->269": 0, "269->268": 0, "269->270": 0, "270->269": 0, "270->271": 0, "271->270": 0, "269->272": 0, "272->269": 0, "272->273": 0, "273->272": 0, "248->274": 0, "274->248": 0, "274->275": 0, "275->274": 0, "275->276": 0, "276->275": 0, "275->277": 0, "277->275": 0, "277->278": 0, "278->277": 0, "277->279": 0, "279->277": 0, "279->280": 0, "280->279": 0, "279->281": 0, "281->279": 0, "281->282": 0, "282->281": 0, "281->283": 0, "283->281": 0, "283->284": 0, "284->283": 0, "274->285": 0, "285->274": 0, "285->286": 0, "286->285": 0, "285->287": 0, "287->285": 0, "287->288": 0, "288->287": 0, "288->289": 0, "289->288": 0, "288->290": 0, "290->288": 0, "290->291": 0, "291->290": 0, "290->292": 0, "292->290": 0, "292->293": 0, "293->292": 0, "292->294": 0, "294->292": 0, "294->295": 0, "295->294": 0, "294->296": 0, "296->294": 0, "296->297": 0, "297->296": 0, "287->298": 0, "298->287": 0, "298->299": 0, "299->298": 0, "299->300": 0, "300->299": 0, "298->301": 0, "301->298": 0, "248->302": 0, "302->248": 0, "302->303": 0, "303->302": 0, "303->304": 0, "304->303": 0, "303->305": 0, "305->303": 0, "305->306": 0, "306->305": 0, "305->307": 0, "307->305": 0, "307->308": 0, "308->307": 0, "307->309": 0, "309->307": 0, "309->310": 0, "310->309": 0, "309->311": 0, "311->309": 0, "311->312": 0, "312->311": 0, "302->313": 0, "313->302": 0, "313->314": 0, "314->313": 0, "313->315": 0, "315->313": 0, "315->316": 0, "316->315": 0, "315->317": 0, "317->315": 0, "317->318": 0, "318->317": 0, "318->319": 0, "319->318": 0, "317->320": 0, "320->317": 0, "315->321": 0, "321->315": 0, "248->322": 0, "322->248": 0, "322->323": 0, "323->322": 0, "323->324": 0, "324->323": 0, "324->325": 0, "325->324": 0, "323->326": 0, "326->323": 0, "326->327": 0, "327->326": 0, "323->328": 0, "328->323": 0, "328->329": 0, "329->328": 0, "0->330": 0, "330->0": 0, "330->331": 0, "331->330": 0, "330->332": 0, "332->330": 0, "332->333": 0, "333->332": 0, "332->334": 0, "334->332": 0, "334->335": 0, "335->334": 0, "334->336": 0, "336->334": 0, "336->337": 0, "337->336": 0, "336->338": 0, "338->336": 0, "338->339": 0, "339->338": 0, "1->4": 1, "4->1": 12, "4->5": 1, "5->4": 12, "5->12": 1, "12->5": 12, "12->19": 1, "19->12": 12, "19->29": 1, "29->19": 12, "29->42": 1, "42->29": 12, "42->167": 1, "167->42": 12, "167->248": 1, "248->167": 12, "248->330": 1, "330->248": 12, "2->3": 2, "3->2": 3, "6->8": 1, "8->6": 12, "8->10": 1, "10->8": 12, "13->15": 1, "15->13": 12, "15->17": 1, "17->15": 12, "20->22": 1, "22->20": 12, "22->27": 1, "27->22": 12, "23->24": 1, "24->23": 12, "30->32": 1, "32->30": 12, "32->40": 1, "40->32": 12, "33->34": 1, "34->33": 12, "34->37": 1, "37->34": 12, "43->45": 1, "45->43": 12, "45->46": 1, "46->45": 12, "46->50": 1, "50->46": 12, "50->54": 1, "54->50": 12, "54->61": 1, "61->54": 12, "61->71": 1, "71->61": 12, "71->86": 1, "86->71": 12, "86->98": 1, "98->86": 12, "98->110": 1, "110->98": 12, "110->122": 1, "122->110": 12, "122->123": 1, "123->122": 12, "123->135": 1, "135->123": 12, "135->143": 1, "143->135": 12, "143->151": 1, "151->143": 12, "151->159": 1, "159->151": 12, "47->49": 1, "49->47": 12, "51->53": 1, "53->51": 12, "55->60": 1, "60->55": 12, "56->57": 1, "57->56": 12, "62->70": 1, "70->62": 12, "63->64": 1, "64->63": 12, "64->67": 1, "67->64": 12, "72->85": 1, "85->72": 12, "73->74": 1, "74->73": 12, "75->76": 1, "76->75": 12, "77->78": 1, "78->77": 12, "79->80": 1, "80->79": 12, "81->82": 1, "82->81": 12, "87->97": 1, "97->87": 12, "88->89": 1, "89->88": 12, "90->91": 1, "91->90": 12, "92->93": 1, "93->92": 12, "94->95": 1, "95->94": 12, "99->109": 1, "109->99": 12, "100->101": 1, "101->100": 12, "102->103": 1, "103->102": 12, "104->105": 1, "105->104": 12, "106->107": 1, "107->106": 12, "111->121": 1, "121->111": 12, "112->113": 1, "113->112": 12, "114->115": 1, "115->114": 12, "116->117": 1, "117->116": 12, "118->119": 1, "119->118": 12, "125->127": 1, "127->125": 12, "127->129": 1, "129->127": 12, "129->131": 1, "131->129": 12, "131->133": 1, "133->131": 12, "137->140": 1, "140->137": 12, "140->142": 1, "142->140": 12, "145->148": 1, "148->145": 12, "148->150": 1, "150->148": 12, "153->156": 1, "156->153": 12, "156->158": 1, "158->156": 12, "161->164": 1, "164->161": 12, "164->166": 1, "166->164": 12, "168->170": 1, "170->168": 12, "170->171": 1, "171->170": 12, "171->183": 1, "183->171": 12, "183->184": 1, "184->183": 12, "184->206": 1, "206->184": 12, "206->214": 1, "214->206": 12, "214->220": 1, "220->214": 12, "220->226": 1, "226->220": 12, "226->232": 1, "232->226": 12, "232->238": 1, "238->232": 12, "238->244": 1, "244->238": 12, "172->182": 1, "182->172": 12, "173->174": 1, "174->173": 12, "175->176": 1, "176->175": 12, "177->178": 1, "178->177": 12, "179->180": 1, "180->179": 12, "186->187": 1, "187->186": 12, "187->205": 1, "205->187": 12, "188->198": 1, "198->188": 12, "198->200": 1, "200->198": 12, "200->203": 1, "203->200": 12, "189->190": 1, "190->189": 12, "191->192": 1, "192->191": 12, "193->194": 1, "194->193": 12, "195->196": 1, "196->195": 12, "201->202": 2, "202->201": 3, "207->209": 1, "209->207": 12, "210->211": 1, "211->210": 12, "216->217": 1, "217->216": 12, "217->219": 1, "219->217": 12, "222->223": 1, "223->222": 12, "223->225": 1, "225->223": 12, "228->229": 1, "229->228": 12, "229->231": 1, "231->229": 12, "234->235": 1, "235->234": 12, "235->237": 1, "237->235": 12, "240->241": 1, "241->240": 12, "241->243": 1, "243->241": 12, "246->247": 2, "247->246": 3, "249->251": 1, "251->249": 12, "251->256": 1, "256->251": 12, "256->257": 2, "257->256": 3, "257->258": 2, "258->257": 3, "258->259": 1, "259->258": 12, "259->274": 1, "274->259": 12, "274->302": 1, "302->274": 12, "302->322": 1, "322->302": 12, "252->253": 1, "253->252": 12, "260->267": 6, "267->260": 6, "261->262": 1, "262->261": 12, "262->264": 1, "264->262": 12, "265->266": 2, "266->265": 3, "270->272": 1, "272->270": 12, "275->285": 1, "285->275": 12, "276->277": 1, "277->276": 12, "278->279": 1, "279->278": 12, "280->281": 1, "281->280": 12, "282->283": 1, "283->282": 12, "286->287": 1, "287->286": 12, "288->298": 1, "298->288": 12, "289->290": 1, "290->289": 12, "291->292": 1, "292->291": 12, "293->294": 1, "294->293": 12, "295->296": 1, "296->295": 12, "299->301": 1, "301->299": 12, "303->313": 1, "313->303": 12, "304->305": 1, "305->304": 12, "306->307": 1, "307->306": 12, "308->309": 1, "309->308": 12, "310->311": 1, "311->310": 12, "314->315": 1, "315->314": 12, "316->317": 1, "317->316": 12, "317->321": 1, "321->317": 12, "318->320": 1, "320->318": 12, "324->326": 1, "326->324": 12, "326->328": 1, "328->326": 12, "331->332": 1, "332->331": 12, "333->334": 1, "334->333": 12, "335->336": 1, "336->335": 12, "337->338": 1, "338->337": 12, "3->4": 2, "4->3": 3, "4->7": 2, "7->4": 3, "7->9": 2, "9->7": 3, "9->11": 2, "11->9": 3, "11->14": 2, "14->11": 3, "14->16": 2, "16->14": 3, "16->18": 2, "18->16": 3, "18->21": 2, "21->18": 3, "21->23": 2, "23->21": 3, "23->26": 2, "26->23": 3, "26->28": 2, "28->26": 3, "28->31": 2, "31->28": 3, "31->33": 2, "33->31": 3, "33->36": 2, "36->33": 3, "36->39": 2, "39->36": 3, "39->41": 2, "41->39": 3, "41->44": 2, "44->41": 3, "44->45": 2, "45->44": 3, "45->48": 2, "48->45": 3, "48->49": 2, "49->48": 3, "49->52": 2, "52->49": 3, "52->53": 2, "53->52": 3, "53->56": 2, "56->53": 3, "56->59": 2, "59->56": 3, "59->60": 2, "60->59": 3, "60->63": 2, "63->60": 3, "63->66": 2, "66->63": 3, "66->69": 2, "69->66": 3, "69->70": 2, "70->69": 3, "70->73": 2, "73->70": 3, "73->75": 2, "75->73": 3, "75->77": 2, "77->75": 3, "77->79": 2, "79->77": 3, "79->81": 2, "81->79": 3, "81->84": 2, "84->81": 3, "84->85": 2, "85->84": 3, "85->88": 2, "88->85": 3, "88->90": 2, "90->88": 3, "90->92": 2, "92->90": 3, "92->94": 2, "94->92": 3, "94->96": 2, "96->94": 3, "96->97": 2, "97->96": 3, "97->100": 2, "100->97": 3, "100->102": 2, "102->100": 3, "102->104": 2, "104->102": 3, "104->106": 2, "106->104": 3, "106->108": 2, "108->106": 3, "108->109": 2, "109->108": 3, "109->112": 2, "112->109": 3, "112->114": 2, "114->112": 3, "114->116": 2, "116->114": 3, "116->118": 2, "118->116": 3, "118->120": 2, "120->118": 3, "120->121": 2, "121->120": 3, "121->122": 2, "122->121": 3, "122->126": 2, "126->122": 3, "126->128": 2, "128->126": 3, "128->130": 2, "130->128": 3, "130->132": 2, "132->130": 3, "132->134": 2, "134->132": 3, "134->139": 2, "139->134": 3, "139->141": 4, "141->139": 5, "141->142": 2, "142->141": 3, "142->147": 2, "147->142": 3, "147->149": 4, "149->147": 5, "149->150": 2, "150->149": 3, "150->155": 2, "155->150": 3, "155->157": 4, "157->155": 5, "157->158": 2, "158->157": 3, "158->163": 2, "163->158": 3, "163->165": 4, "165->163": 5, "165->166": 2, "166->165": 3, "166->169": 2, "169->166": 3, "169->170": 2, "170->169": 3, "170->173": 2, "173->170": 3, "173->175": 2, "175->173": 3, "175->177": 2, "177->175": 3, "177->179": 2, "179->177": 3, "179->181": 2, "181->179": 3, "181->182": 2, "182->181": 3, "182->183": 2, "183->182": 3, "183->186": 2, "186->183": 3, "186->189": 2, "189->186": 3, "189->191": 2, "191->189": 3, "191->193": 2, "193->191": 3, "193->195": 2, "195->193": 3, "195->197": 2, "197->195": 3, "197->199": 2, "199->197": 3, "199->201": 2, "201->199": 3, "202->204": 2, "204->202": 3, "204->205": 2, "205->204": 3, "205->208": 2, "208->205": 3, "208->210": 2, "210->208": 3, "210->213": 2, "213->210": 3, "213->216": 2, "216->213": 3, "216->218": 2, "218->216": 3, "218->219": 2, "219->218": 3, "219->222": 2, "222->219": 3, "222->224": 2, "224->222": 3, "224->225": 2, "225->224": 3, "225->228": 2, "228->225": 3, "228->230": 2, "230->228": 3, "230->231": 2, "231->230": 3, "231->234": 2, "234->231": 3, "234->236": 2, "236->234": 3, "236->237": 2, "237->236": 3, "237->240": 2, "240->237": 3, "240->242": 2, "242->240": 3, "242->243": 2, "243->242": 3, "243->246": 2, "246->243": 3, "247->250": 2, "250->247": 3, "250->252": 2, "252->250": 3, "252->255": 2, "255->252": 3, "255->256": 2, "256->255": 3, "258->261": 2, "261->258": 3, "261->263": 2, "263->261": 3, "263->265": 2, "265->263": 3, "266->271": 2, "271->266": 3, "271->273": 2, "273->271": 3, "273->276": 2, "276->273": 3, "276->278": 2, "278->276": 3, "278->280": 2, "280->278": 3, "280->282": 2, "282->280": 3, "282->284": 2, "284->282": 3, "284->286": 2, "286->284": 3, "286->289": 2, "289->286": 3, "289->291": 2, "291->289": 3, "291->293": 2, "293->291": 3, "293->295": 2, "295->293": 3, "295->297": 2, "297->295": 3, "297->300": 2, "300->297": 3, "300->301": 2, "301->300": 3, "301->304": 2, "304->301": 3, "304->306": 2, "306->304": 3, "306->308": 2, "308->306": 3, "308->310": 2, "310->308": 3, "310->312": 2, "312->310": 3, "312->314": 2, "314->312": 3, "314->316": 2, "316->314": 3, "316->319": 2, "319->316": 3, "319->320": 2, "320->319": 3, "320->321": 2, "321->320": 3, "321->325": 2, "325->321": 3, "325->327": 2, "327->325": 3, "327->329": 2, "329->327": 3, "329->331": 2, "331->329": 3, "331->333": 2, "333->331": 3, "333->335": 2, "335->333": 3, "335->337": 2, "337->335": 3, "337->339": 2, "339->337": 3, "141->218": 4, "218->141": 5, "149->224": 4, "224->149": 5, "157->230": 4, "230->157": 5, "165->236": 4, "236->165": 5, "242->329": 4, "329->242": 5}, "metrics": [4.0, 0.0, 3.0, 3.0, 31.0, 4.0, 0.0, 0.0, 0.6666666666666666, 0.0, 1.0]}