{"nodelist": ["ClassDeclaration", "{'public'}", "public", "Annotation", "InterfaceAudience.Private", "SplitNormalizationPlan", "FieldDeclaration", "{'final', 'private', 'static'}", "final", "private", "static", "ReferenceType", "Log", "VariableDeclarator", "LOG", "MethodInvocation", "LogFactory", "ClassReference", "MethodInvocation", "getName", "ReferenceType", "SplitNormalizationPlan", "getLog", "FieldDeclaration", "{'private'}", "private", "ReferenceType", "HRegionInfo", "VariableDeclarator", "regionInfo", "FieldDeclaration", "{'private'}", "private", "BasicType", "byte", "VariableDeclarator", "splitPoint", "ConstructorDeclaration", "{'public'}", "public", "SplitNormalizationPlan", "FormalParameter", "ReferenceType", "HRegionInfo", "regionInfo", "FormalParameter", "BasicType", "byte", "splitPoint", "StatementExpression", "Assignment", "This", "MemberReference", "regionInfo", "MemberReference", "regionInfo", "=", "StatementExpression", "Assignment", "This", "MemberReference", "splitPoint", "MemberReference", "splitPoint", "=", "MethodDeclaration", "{'public'}", "public", "Annotation", "Override", "ReferenceType", "PlanType", "getType", "ReturnStatement", "MemberReference", "PlanType", "SPLIT", "MethodDeclaration", "{'public'}", "public", "ReferenceType", "HRegionInfo", "getRegionInfo", "ReturnStatement", "MemberReference", "regionInfo", "MethodDeclaration", "{'public'}", "public", "setRegionInfo", "FormalParameter", "ReferenceType", "HRegionInfo", "regionInfo", "StatementExpression", "Assignment", "This", "MemberReference", "regionInfo", "MemberReference", "regionInfo", "=", "MethodDeclaration", "{'public'}", "public", "BasicType", "byte", "getSplitPoint", "ReturnStatement", "MemberReference", "splitPoint", "MethodDeclaration", "{'public'}", "public", "setSplitPoint", "FormalParameter", "BasicType", "byte", "splitPoint", "StatementExpression", "Assignment", "This", "MemberReference", "splitPoint", "MemberReference", "splitPoint", "=", "MethodDeclaration", "{'public'}", "public", "Annotation", "Override", "ReferenceType", "String", "toString", "ReturnStatement", "BinaryOperation", "+", "BinaryOperation", "+", "BinaryOperation", "+", "BinaryOperation", "+", "BinaryOperation", "+", "Literal", "\"SplitNormalizationPlan{\"", "Literal", "\"regionInfo=\"", "MemberReference", "regionInfo", "Literal", "\", splitPoint=\"", "MethodInvocation", "Arrays", "MemberReference", "splitPoint", "toString", "Literal", "'}'", "MethodDeclaration", "{'public'}", "public", "Annotation", "Override", "execute", "FormalParameter", "ReferenceType", "Admin", "admin", "StatementExpression", "MethodInvocation", "LOG", "BinaryOperation", "+", "Literal", "\"Executing splitting normalization plan: \"", "This", "info", "TryStatement", "StatementExpression", "MethodInvocation", "admin", "MethodInvocation", "regionInfo", "getRegionName", "splitRegion", "CatchClause", "CatchClauseParameter", "IOException", "ex", "StatementExpression", "MethodInvocation", "LOG", "Literal", "\"Error during region split: \"", "MemberReference", "ex", "error", "ReferenceType", "NormalizationPlan"], "nodes": {"0": "ClassDeclaration", "1": "Modifier", "2": "public", "3": "Annotation", "4": "InterfaceAudience.Private", "5": "SplitNormalizationPlan", "6": "FieldDeclaration", "7": "Modifier", "8": "final", "9": "private", "10": "static", "11": "ReferenceType", "12": "Log", "13": "VariableDeclarator", "14": "LOG", "15": "MethodInvocation", "16": "LogFactory", "17": "ClassReference", "18": "MethodInvocation", "19": "getName", "20": "ReferenceType", "21": "SplitNormalizationPlan", "22": "getLog", "23": "FieldDeclaration", "24": "Modifier", "25": "private", "26": "ReferenceType", "27": "HRegionInfo", "28": "VariableDeclarator", "29": "regionInfo", "30": "FieldDeclaration", "31": "Modifier", "32": "private", "33": "BasicType", "34": "byte", "35": "VariableDeclarator", "36": "splitPoint", "37": "ConstructorDeclaration", "38": "Modifier", "39": "public", "40": "SplitNormalizationPlan", "41": "FormalParameter", "42": "ReferenceType", "43": "HRegionInfo", "44": "regionInfo", "45": "FormalParameter", "46": "BasicType", "47": "byte", "48": "splitPoint", "49": "StatementExpression", "50": "Assignment", "51": "This", "52": "MemberReference", "53": "regionInfo", "54": "MemberReference", "55": "regionInfo", "56": "=", "57": "StatementExpression", "58": "Assignment", "59": "This", "60": "MemberReference", "61": "splitPoint", "62": "MemberReference", "63": "splitPoint", "64": "=", "65": "MethodDeclaration", "66": "Modifier", "67": "public", "68": "Annotation", "69": "Override", "70": "ReferenceType", "71": "PlanType", "72": "getType", "73": "ReturnStatement", "74": "MemberReference", "75": "PlanType", "76": "SPLIT", "77": "MethodDeclaration", "78": "Modifier", "79": "public", "80": "ReferenceType", "81": "HRegionInfo", "82": "getRegionInfo", "83": "ReturnStatement", "84": "MemberReference", "85": "regionInfo", "86": "MethodDeclaration", "87": "Modifier", "88": "public", "89": "setRegionInfo", "90": "FormalParameter", "91": "ReferenceType", "92": "HRegionInfo", "93": "regionInfo", "94": "StatementExpression", "95": "Assignment", "96": "This", "97": "MemberReference", "98": "regionInfo", "99": "MemberReference", "100": "regionInfo", "101": "=", "102": "MethodDeclaration", "103": "Modifier", "104": "public", "105": "BasicType", "106": "byte", "107": "getSplitPoint", "108": "ReturnStatement", "109": "MemberReference", "110": "splitPoint", "111": "MethodDeclaration", "112": "Modifier", "113": "public", "114": "setSplitPoint", "115": "FormalParameter", "116": "BasicType", "117": "byte", "118": "splitPoint", "119": "StatementExpression", "120": "Assignment", "121": "This", "122": "MemberReference", "123": "splitPoint", "124": "MemberReference", "125": "splitPoint", "126": "=", "127": "MethodDeclaration", "128": "Modifier", "129": "public", "130": "Annotation", "131": "Override", "132": "ReferenceType", "133": "String", "134": "toString", "135": "ReturnStatement", "136": "BinaryOperation", "137": "+", "138": "BinaryOperation", "139": "+", "140": "BinaryOperation", "141": "+", "142": "BinaryOperation", "143": "+", "144": "BinaryOperation", "145": "+", "146": "Literal", "147": "\"SplitNormalizationPlan{\"", "148": "Literal", "149": "\"regionInfo=\"", "150": "MemberReference", "151": "regionInfo", "152": "Literal", "153": "\", splitPoint=\"", "154": "MethodInvocation", "155": "Arrays", "156": "MemberReference", "157": "splitPoint", "158": "toString", "159": "Literal", "160": "'}'", "161": "MethodDeclaration", "162": "Modifier", "163": "public", "164": "Annotation", "165": "Override", "166": "execute", "167": "FormalParameter", "168": "ReferenceType", "169": "Admin", "170": "admin", "171": "StatementExpression", "172": "MethodInvocation", "173": "LOG", "174": "BinaryOperation", "175": "+", "176": "Literal", "177": "\"Executing splitting normalization plan: \"", "178": "This", "179": "info", "180": "TryStatement", "181": "StatementExpression", "182": "MethodInvocation", "183": "admin", "184": "MethodInvocation", "185": "regionInfo", "186": "getRegionName", "187": "splitRegion", "188": "CatchClause", "189": "CatchClauseParameter", "190": "IOException", "191": "ex", "192": "StatementExpression", "193": "MethodInvocation", "194": "LOG", "195": "Literal", "196": "\"Error during region split: \"", "197": "MemberReference", "198": "ex", "199": "error", "200": "ReferenceType", "201": "NormalizationPlan"}, "edges": {"0->1": 0, "1->0": 0, "1->2": 0, "2->1": 0, "0->3": 0, "3->0": 0, "3->4": 0, "4->3": 0, "0->5": 0, "5->0": 0, "0->6": 0, "6->0": 0, "6->7": 0, "7->6": 0, "7->8": 0, "8->7": 0, "7->9": 0, "9->7": 0, "7->10": 0, "10->7": 0, "6->11": 0, "11->6": 0, "11->12": 0, "12->11": 0, "6->13": 0, "13->6": 0, "13->14": 0, "14->13": 0, "13->15": 0, "15->13": 0, "15->16": 0, "16->15": 0, "15->17": 0, "17->15": 0, "17->18": 0, "18->17": 0, "18->19": 0, "19->18": 0, "17->20": 0, "20->17": 0, "20->21": 0, "21->20": 0, "15->22": 0, "22->15": 0, "0->23": 0, "23->0": 0, "23->24": 0, "24->23": 0, "24->25": 0, "25->24": 0, "23->26": 0, "26->23": 0, "26->27": 0, "27->26": 0, "23->28": 0, "28->23": 0, "28->29": 0, "29->28": 0, "0->30": 0, "30->0": 0, "30->31": 0, "31->30": 0, "31->32": 0, "32->31": 0, "30->33": 0, "33->30": 0, "33->34": 0, "34->33": 0, "30->35": 0, "35->30": 0, "35->36": 0, "36->35": 0, "0->37": 0, "37->0": 0, "37->38": 0, "38->37": 0, "38->39": 0, "39->38": 0, "37->40": 0, "40->37": 0, "37->41": 0, "41->37": 0, "41->42": 0, "42->41": 0, "42->43": 0, "43->42": 0, "41->44": 0, "44->41": 0, "37->45": 0, "45->37": 0, "45->46": 0, "46->45": 0, "46->47": 0, "47->46": 0, "45->48": 0, "48->45": 0, "37->49": 0, "49->37": 0, "49->50": 0, "50->49": 0, "50->51": 0, "51->50": 0, "51->52": 0, "52->51": 0, "52->53": 0, "53->52": 0, "50->54": 0, "54->50": 0, "54->55": 0, "55->54": 0, "50->56": 0, "56->50": 0, "37->57": 0, "57->37": 0, "57->58": 0, "58->57": 0, "58->59": 0, "59->58": 0, "59->60": 0, "60->59": 0, "60->61": 0, "61->60": 0, "58->62": 0, "62->58": 0, "62->63": 0, "63->62": 0, "58->64": 0, "64->58": 0, "0->65": 0, "65->0": 0, "65->66": 0, "66->65": 0, "66->67": 0, "67->66": 0, "65->68": 0, "68->65": 0, "68->69": 0, "69->68": 0, "65->70": 0, "70->65": 0, "70->71": 0, "71->70": 0, "65->72": 0, "72->65": 0, "65->73": 0, "73->65": 0, "73->74": 0, "74->73": 0, "74->75": 0, "75->74": 0, "74->76": 0, "76->74": 0, "0->77": 0, "77->0": 0, "77->78": 0, "78->77": 0, "78->79": 0, "79->78": 0, "77->80": 0, "80->77": 0, "80->81": 0, "81->80": 0, "77->82": 0, "82->77": 0, "77->83": 0, "83->77": 0, "83->84": 0, "84->83": 0, "84->85": 0, "85->84": 0, "0->86": 0, "86->0": 0, "86->87": 0, "87->86": 0, "87->88": 0, "88->87": 0, "86->89": 0, "89->86": 0, "86->90": 0, "90->86": 0, "90->91": 0, "91->90": 0, "91->92": 0, "92->91": 0, "90->93": 0, "93->90": 0, "86->94": 0, "94->86": 0, "94->95": 0, "95->94": 0, "95->96": 0, "96->95": 0, "96->97": 0, "97->96": 0, "97->98": 0, "98->97": 0, "95->99": 0, "99->95": 0, "99->100": 0, "100->99": 0, "95->101": 0, "101->95": 0, "0->102": 0, "102->0": 0, "102->103": 0, "103->102": 0, "103->104": 0, "104->103": 0, "102->105": 0, "105->102": 0, "105->106": 0, "106->105": 0, "102->107": 0, "107->102": 0, "102->108": 0, "108->102": 0, "108->109": 0, "109->108": 0, "109->110": 0, "110->109": 0, "0->111": 0, "111->0": 0, "111->112": 0, "112->111": 0, "112->113": 0, "113->112": 0, "111->114": 0, "114->111": 0, "111->115": 0, "115->111": 0, "115->116": 0, "116->115": 0, "116->117": 0, "117->116": 0, "115->118": 0, "118->115": 0, "111->119": 0, "119->111": 0, "119->120": 0, "120->119": 0, "120->121": 0, "121->120": 0, "121->122": 0, "122->121": 0, "122->123": 0, "123->122": 0, "120->124": 0, "124->120": 0, "124->125": 0, "125->124": 0, "120->126": 0, "126->120": 0, "0->127": 0, "127->0": 0, "127->128": 0, "128->127": 0, "128->129": 0, "129->128": 0, "127->130": 0, "130->127": 0, "130->131": 0, "131->130": 0, "127->132": 0, "132->127": 0, "132->133": 0, "133->132": 0, "127->134": 0, "134->127": 0, "127->135": 0, "135->127": 0, "135->136": 0, "136->135": 0, "136->137": 0, "137->136": 0, "136->138": 0, "138->136": 0, "138->139": 0, "139->138": 0, "138->140": 0, "140->138": 0, "140->141": 0, "141->140": 0, "140->142": 0, "142->140": 0, "142->143": 0, "143->142": 0, "142->144": 0, "144->142": 0, "144->145": 0, "145->144": 0, "144->146": 0, "146->144": 0, "146->147": 0, "147->146": 0, "144->148": 0, "148->144": 0, "148->149": 0, "149->148": 0, "142->150": 0, "150->142": 0, "150->151": 0, "151->150": 0, "140->152": 0, "152->140": 0, "152->153": 0, "153->152": 0, "138->154": 0, "154->138": 0, "154->155": 0, "155->154": 0, "154->156": 0, "156->154": 0, "156->157": 0, "157->156": 0, "154->158": 0, "158->154": 0, "136->159": 0, "159->136": 0, "159->160": 0, "160->159": 0, "0->161": 0, "161->0": 0, "161->162": 0, "162->161": 0, "162->163": 0, "163->162": 0, "161->164": 0, "164->161": 0, "164->165": 0, "165->164": 0, "161->166": 0, "166->161": 0, "161->167": 0, "167->161": 0, "167->168": 0, "168->167": 0, "168->169": 0, "169->168": 0, "167->170": 0, "170->167": 0, "161->171": 0, "171->161": 0, "171->172": 0, "172->171": 0, "172->173": 0, "173->172": 0, "172->174": 0, "174->172": 0, "174->175": 0, "175->174": 0, "174->176": 0, "176->174": 0, "176->177": 0, "177->176": 0, "174->178": 0, "178->174": 0, "172->179": 0, "179->172": 0, "161->180": 0, "180->161": 0, "180->181": 0, "181->180": 0, "181->182": 0, "182->181": 0, "182->183": 0, "183->182": 0, "182->184": 0, "184->182": 0, "184->185": 0, "185->184": 0, "184->186": 0, "186->184": 0, "182->187": 0, "187->182": 0, "180->188": 0, "188->180": 0, "188->189": 0, "189->188": 0, "189->190": 0, "190->189": 0, "189->191": 0, "191->189": 0, "188->192": 0, "192->188": 0, "192->193": 0, "193->192": 0, "193->194": 0, "194->193": 0, "193->195": 0, "195->193": 0, "195->196": 0, "196->195": 0, "193->197": 0, "197->193": 0, "197->198": 0, "198->197": 0, "193->199": 0, "199->193": 0, "0->200": 0, "200->0": 0, "200->201": 0, "201->200": 0, "1->3": 1, "3->1": 12, "3->5": 1, "5->3": 12, "5->6": 1, "6->5": 12, "6->23": 1, "23->6": 12, "23->30": 1, "30->23": 12, "30->37": 1, "37->30": 12, "37->65": 1, "65->37": 12, "65->77": 1, "77->65": 12, "77->86": 1, "86->77": 12, "86->102": 1, "102->86": 12, "102->111": 1, "111->102": 12, "111->127": 1, "127->111": 12, "127->161": 1, "161->127": 12, "161->200": 1, "200->161": 12, "7->11": 1, "11->7": 12, "11->13": 1, "13->11": 12, "8->9": 2, "9->8": 3, "9->10": 2, "10->9": 3, "14->15": 1, "15->14": 12, "16->17": 1, "17->16": 12, "17->22": 1, "22->17": 12, "18->20": 1, "20->18": 12, "24->26": 1, "26->24": 12, "26->28": 1, "28->26": 12, "31->33": 1, "33->31": 12, "33->35": 1, "35->33": 12, "38->40": 1, "40->38": 12, "40->41": 1, "41->40": 12, "41->45": 1, "45->41": 12, "45->49": 1, "49->45": 12, "49->57": 1, "57->49": 12, "42->44": 1, "44->42": 12, "46->48": 1, "48->46": 12, "51->54": 1, "54->51": 12, "54->56": 1, "56->54": 12, "59->62": 1, "62->59": 12, "62->64": 1, "64->62": 12, "66->68": 1, "68->66": 12, "68->70": 1, "70->68": 12, "70->72": 1, "72->70": 12, "72->73": 1, "73->72": 12, "75->76": 2, "76->75": 3, "78->80": 1, "80->78": 12, "80->82": 1, "82->80": 12, "82->83": 1, "83->82": 12, "87->89": 1, "89->87": 12, "89->90": 1, "90->89": 12, "90->94": 1, "94->90": 12, "91->93": 1, "93->91": 12, "96->99": 1, "99->96": 12, "99->101": 1, "101->99": 12, "103->105": 1, "105->103": 12, "105->107": 1, "107->105": 12, "107->108": 1, "108->107": 12, "112->114": 1, "114->112": 12, "114->115": 1, "115->114": 12, "115->119": 1, "119->115": 12, "116->118": 1, "118->116": 12, "121->124": 1, "124->121": 12, "124->126": 1, "126->124": 12, "128->130": 1, "130->128": 12, "130->132": 1, "132->130": 12, "132->134": 1, "134->132": 12, "134->135": 1, "135->134": 12, "137->138": 1, "138->137": 12, "138->159": 1, "159->138": 12, "139->140": 1, "140->139": 12, "140->154": 1, "154->140": 12, "141->142": 1, "142->141": 12, "142->152": 1, "152->142": 12, "143->144": 1, "144->143": 12, "144->150": 1, "150->144": 12, "145->146": 1, "146->145": 12, "146->148": 1, "148->146": 12, "155->156": 1, "156->155": 12, "156->158": 1, "158->156": 12, "162->164": 1, "164->162": 12, "164->166": 1, "166->164": 12, "166->167": 1, "167->166": 12, "167->171": 1, "171->167": 12, "171->180": 1, "180->171": 12, "168->170": 1, "170->168": 12, "173->174": 1, "174->173": 12, "174->179": 1, "179->174": 12, "175->176": 1, "176->175": 12, "176->178": 1, "178->176": 12, "181->188": 1, "188->181": 12, "183->184": 1, "184->183": 12, "184->187": 1, "187->184": 12, "185->186": 2, "186->185": 3, "189->192": 1, "192->189": 12, "190->191": 2, "191->190": 3, "194->195": 1, "195->194": 12, "195->197": 1, "197->195": 12, "197->199": 1, "199->197": 12, "2->4": 2, "4->2": 3, "4->5": 2, "5->4": 3, "5->8": 2, "8->5": 3, "10->12": 2, "12->10": 3, "12->14": 2, "14->12": 3, "14->16": 2, "16->14": 3, "16->19": 2, "19->16": 3, "19->21": 2, "21->19": 3, "21->22": 2, "22->21": 3, "22->25": 2, "25->22": 3, "25->27": 2, "27->25": 3, "27->29": 2, "29->27": 3, "29->32": 2, "32->29": 3, "32->34": 2, "34->32": 3, "34->36": 2, "36->34": 3, "36->39": 2, "39->36": 3, "39->40": 2, "40->39": 3, "40->43": 2, "43->40": 3, "43->44": 2, "44->43": 3, "44->47": 2, "47->44": 3, "47->48": 2, "48->47": 3, "48->53": 2, "53->48": 3, "53->55": 4, "55->53": 5, "55->56": 2, "56->55": 3, "56->61": 2, "61->56": 3, "61->63": 4, "63->61": 5, "63->64": 2, "64->63": 3, "64->67": 2, "67->64": 3, "67->69": 2, "69->67": 3, "69->71": 2, "71->69": 3, "71->72": 2, "72->71": 3, "72->75": 2, "75->72": 3, "76->79": 2, "79->76": 3, "79->81": 2, "81->79": 3, "81->82": 2, "82->81": 3, "82->85": 2, "85->82": 3, "85->88": 2, "88->85": 3, "88->89": 2, "89->88": 3, "89->92": 2, "92->89": 3, "92->93": 2, "93->92": 3, "93->98": 2, "98->93": 3, "98->100": 4, "100->98": 5, "100->101": 2, "101->100": 3, "101->104": 2, "104->101": 3, "104->106": 2, "106->104": 3, "106->107": 2, "107->106": 3, "107->110": 2, "110->107": 3, "110->113": 2, "113->110": 3, "113->114": 2, "114->113": 3, "114->117": 2, "117->114": 3, "117->118": 2, "118->117": 3, "118->123": 2, "123->118": 3, "123->125": 4, "125->123": 5, "125->126": 2, "126->125": 3, "126->129": 2, "129->126": 3, "129->131": 2, "131->129": 3, "131->133": 2, "133->131": 3, "133->134": 2, "134->133": 3, "134->137": 2, "137->134": 3, "137->139": 2, "139->137": 3, "139->141": 2, "141->139": 3, "141->143": 2, "143->141": 3, "143->145": 2, "145->143": 3, "145->147": 2, "147->145": 3, "147->149": 2, "149->147": 3, "149->151": 2, "151->149": 3, "151->153": 2, "153->151": 3, "153->155": 2, "155->153": 3, "155->157": 2, "157->155": 3, "157->158": 2, "158->157": 3, "158->160": 2, "160->158": 3, "160->163": 2, "163->160": 3, "163->165": 2, "165->163": 3, "165->166": 2, "166->165": 3, "166->169": 2, "169->166": 3, "169->170": 2, "170->169": 3, "170->173": 2, "173->170": 3, "173->175": 2, "175->173": 3, "175->177": 2, "177->175": 3, "177->178": 2, "178->177": 3, "178->179": 2, "179->178": 3, "179->183": 2, "183->179": 3, "183->185": 2, "185->183": 3, "186->187": 2, "187->186": 3, "187->190": 2, "190->187": 3, "191->194": 2, "194->191": 3, "194->196": 2, "196->194": 3, "196->198": 2, "198->196": 3, "198->199": 2, "199->198": 3, "199->201": 2, "201->199": 3, "55->85": 4, "85->55": 5, "85->98": 4, "98->85": 5, "100->151": 4, "151->100": 5, "63->110": 4, "110->63": 5, "110->123": 4, "123->110": 5, "125->157": 4, "157->125": 5}, "metrics": [3.0, 0.0, 8.0, 8.0, 42.0, 8.0, 0.0, 1.0, 0.25, 0.0, 2.0]}