{"nodelist": ["ClassDeclaration", "{'public'}", "public", "StopRowFilter", "FieldDeclaration", "{'private'}", "private", "BasicType", "byte", "VariableDeclarator", "stopRowKey", "ConstructorDeclaration", "{'public'}", "public", "StopRowFilter", "StatementExpression", "SuperConstructorInvocation", "ConstructorDeclaration", "{'public'}", "public", "StopRowFilter", "FormalParameter", "{'final'}", "final", "BasicType", "byte", "stopRowKey", "StatementExpression", "Assignment", "This", "MemberReference", "stopRowKey", "MemberReference", "stopRowKey", "=", "MethodDeclaration", "{'public'}", "public", "BasicType", "byte", "getStopRowKey", "ReturnStatement", "This", "MemberReference", "stopRowKey", "MethodDeclaration", "{'public'}", "public", "validate", "FormalParameter", "{'final'}", "final", "BasicType", "byte", "columns", "MethodDeclaration", "{'public'}", "public", "reset", "MethodDeclaration", "{'public'}", "public", "rowProcessed", "FormalParameter", "BasicType", "boolean", "filtered", "FormalParameter", "BasicType", "byte", "rowKey", "MethodDeclaration", "{'public'}", "public", "BasicType", "boolean", "processAlways", "ReturnStatement", "Literal", "false", "MethodDeclaration", "{'public'}", "public", "BasicType", "boolean", "filterAllRemaining", "ReturnStatement", "Literal", "false", "MethodDeclaration", "{'public'}", "public", "BasicType", "boolean", "filterRowKey", "FormalParameter", "{'final'}", "final", "BasicType", "byte", "rowKey", "IfStatement", "BinaryOperation", "==", "MemberReference", "rowKey", "Literal", "null", "BlockStatement", "IfStatement", "BinaryOperation", "==", "This", "MemberReference", "stopRowKey", "Literal", "null", "BlockStatement", "ReturnStatement", "Literal", "true", "ReturnStatement", "Literal", "false", "ReturnStatement", "BinaryOperation", "<=", "MethodInvocation", "Bytes", "MemberReference", "stopRowKey", "MemberReference", "rowKey", "compareTo", "Literal", "0", "MethodDeclaration", "{'public'}", "public", "BasicType", "boolean", "filterColumn", "FormalParameter", "{'final'}", "final", "BasicType", "byte", "rowKey", "FormalParameter", "{'final'}", "final", "BasicType", "byte", "colKey", "FormalParameter", "{'final'}", "final", "BasicType", "byte", "data", "ReturnStatement", "MethodInvocation", "MemberReference", "rowKey", "filterRowKey", "MethodDeclaration", "{'public'}", "public", "BasicType", "boolean", "filterRow", "FormalParameter", "{'final'}", "final", "ReferenceType", "SortedMap", "TypeArgument", "BasicType", "byte", "TypeArgument", "ReferenceType", "Cell", "columns", "ReturnStatement", "MethodInvocation", "filterAllRemaining", "MethodDeclaration", "{'public'}", "public", "readFields", "FormalParameter", "ReferenceType", "DataInput", "in", "IOException", "StatementExpression", "Assignment", "This", "MemberReference", "stopRowKey", "MethodInvocation", "Bytes", "MemberReference", "in", "readByteArray", "=", "MethodDeclaration", "{'public'}", "public", "write", "FormalParameter", "ReferenceType", "DataOutput", "out", "IOException", "StatementExpression", "MethodInvocation", "Bytes", "MemberReference", "out", "This", "MemberReference", "stopRowKey", "writeByteArray", "ReferenceType", "RowFilterInterface"], "nodes": {"0": "ClassDeclaration", "1": "Modifier", "2": "public", "3": "StopRowFilter", "4": "FieldDeclaration", "5": "Modifier", "6": "private", "7": "BasicType", "8": "byte", "9": "VariableDeclarator", "10": "stopRowKey", "11": "ConstructorDeclaration", "12": "Modifier", "13": "public", "14": "StopRowFilter", "15": "StatementExpression", "16": "SuperConstructorInvocation", "17": "ConstructorDeclaration", "18": "Modifier", "19": "public", "20": "StopRowFilter", "21": "FormalParameter", "22": "Modifier", "23": "final", "24": "BasicType", "25": "byte", "26": "stopRowKey", "27": "StatementExpression", "28": "Assignment", "29": "This", "30": "MemberReference", "31": "stopRowKey", "32": "MemberReference", "33": "stopRowKey", "34": "=", "35": "MethodDeclaration", "36": "Modifier", "37": "public", "38": "BasicType", "39": "byte", "40": "getStopRowKey", "41": "ReturnStatement", "42": "This", "43": "MemberReference", "44": "stopRowKey", "45": "MethodDeclaration", "46": "Modifier", "47": "public", "48": "validate", "49": "FormalParameter", "50": "Modifier", "51": "final", "52": "BasicType", "53": "byte", "54": "columns", "55": "MethodDeclaration", "56": "Modifier", "57": "public", "58": "reset", "59": "MethodDeclaration", "60": "Modifier", "61": "public", "62": "rowProcessed", "63": "FormalParameter", "64": "BasicType", "65": "boolean", "66": "filtered", "67": "FormalParameter", "68": "BasicType", "69": "byte", "70": "rowKey", "71": "MethodDeclaration", "72": "Modifier", "73": "public", "74": "BasicType", "75": "boolean", "76": "processAlways", "77": "ReturnStatement", "78": "Literal", "79": "false", "80": "MethodDeclaration", "81": "Modifier", "82": "public", "83": "BasicType", "84": "boolean", "85": "filterAllRemaining", "86": "ReturnStatement", "87": "Literal", "88": "false", "89": "MethodDeclaration", "90": "Modifier", "91": "public", "92": "BasicType", "93": "boolean", "94": "filterRowKey", "95": "FormalParameter", "96": "Modifier", "97": "final", "98": "BasicType", "99": "byte", "100": "rowKey", "101": "IfStatement", "102": "BinaryOperation", "103": "==", "104": "MemberReference", "105": "rowKey", "106": "Literal", "107": "null", "108": "BlockStatement", "109": "IfStatement", "110": "BinaryOperation", "111": "==", "112": "This", "113": "MemberReference", "114": "stopRowKey", "115": "Literal", "116": "null", "117": "BlockStatement", "118": "ReturnStatement", "119": "Literal", "120": "true", "121": "ReturnStatement", "122": "Literal", "123": "false", "124": "ReturnStatement", "125": "BinaryOperation", "126": "<=", "127": "MethodInvocation", "128": "Bytes", "129": "MemberReference", "130": "stopRowKey", "131": "MemberReference", "132": "rowKey", "133": "compareTo", "134": "Literal", "135": "0", "136": "MethodDeclaration", "137": "Modifier", "138": "public", "139": "BasicType", "140": "boolean", "141": "filterColumn", "142": "FormalParameter", "143": "Modifier", "144": "final", "145": "BasicType", "146": "byte", "147": "rowKey", "148": "FormalParameter", "149": "Modifier", "150": "final", "151": "BasicType", "152": "byte", "153": "colKey", "154": "FormalParameter", "155": "Modifier", "156": "final", "157": "BasicType", "158": "byte", "159": "data", "160": "ReturnStatement", "161": "MethodInvocation", "162": "MemberReference", "163": "rowKey", "164": "filterRowKey", "165": "MethodDeclaration", "166": "Modifier", "167": "public", "168": "BasicType", "169": "boolean", "170": "filterRow", "171": "FormalParameter", "172": "Modifier", "173": "final", "174": "ReferenceType", "175": "SortedMap", "176": "TypeArgument", "177": "BasicType", "178": "byte", "179": "TypeArgument", "180": "ReferenceType", "181": "Cell", "182": "columns", "183": "ReturnStatement", "184": "MethodInvocation", "185": "filterAllRemaining", "186": "MethodDeclaration", "187": "Modifier", "188": "public", "189": "readFields", "190": "FormalParameter", "191": "ReferenceType", "192": "DataInput", "193": "in", "194": "IOException", "195": "StatementExpression", "196": "Assignment", "197": "This", "198": "MemberReference", "199": "stopRowKey", "200": "MethodInvocation", "201": "Bytes", "202": "MemberReference", "203": "in", "204": "readByteArray", "205": "=", "206": "MethodDeclaration", "207": "Modifier", "208": "public", "209": "write", "210": "FormalParameter", "211": "ReferenceType", "212": "DataOutput", "213": "out", "214": "IOException", "215": "StatementExpression", "216": "MethodInvocation", "217": "Bytes", "218": "MemberReference", "219": "out", "220": "This", "221": "MemberReference", "222": "stopRowKey", "223": "writeByteArray", "224": "ReferenceType", "225": "RowFilterInterface"}, "edges": {"0->1": 0, "1->0": 0, "1->2": 0, "2->1": 0, "0->3": 0, "3->0": 0, "0->4": 0, "4->0": 0, "4->5": 0, "5->4": 0, "5->6": 0, "6->5": 0, "4->7": 0, "7->4": 0, "7->8": 0, "8->7": 0, "4->9": 0, "9->4": 0, "9->10": 0, "10->9": 0, "0->11": 0, "11->0": 0, "11->12": 0, "12->11": 0, "12->13": 0, "13->12": 0, "11->14": 0, "14->11": 0, "11->15": 0, "15->11": 0, "15->16": 0, "16->15": 0, "0->17": 0, "17->0": 0, "17->18": 0, "18->17": 0, "18->19": 0, "19->18": 0, "17->20": 0, "20->17": 0, "17->21": 0, "21->17": 0, "21->22": 0, "22->21": 0, "22->23": 0, "23->22": 0, "21->24": 0, "24->21": 0, "24->25": 0, "25->24": 0, "21->26": 0, "26->21": 0, "17->27": 0, "27->17": 0, "27->28": 0, "28->27": 0, "28->29": 0, "29->28": 0, "29->30": 0, "30->29": 0, "30->31": 0, "31->30": 0, "28->32": 0, "32->28": 0, "32->33": 0, "33->32": 0, "28->34": 0, "34->28": 0, "0->35": 0, "35->0": 0, "35->36": 0, "36->35": 0, "36->37": 0, "37->36": 0, "35->38": 0, "38->35": 0, "38->39": 0, "39->38": 0, "35->40": 0, "40->35": 0, "35->41": 0, "41->35": 0, "41->42": 0, "42->41": 0, "42->43": 0, "43->42": 0, "43->44": 0, "44->43": 0, "0->45": 0, "45->0": 0, "45->46": 0, "46->45": 0, "46->47": 0, "47->46": 0, "45->48": 0, "48->45": 0, "45->49": 0, "49->45": 0, "49->50": 0, "50->49": 0, "50->51": 0, "51->50": 0, "49->52": 0, "52->49": 0, "52->53": 0, "53->52": 0, "49->54": 0, "54->49": 0, "0->55": 0, "55->0": 0, "55->56": 0, "56->55": 0, "56->57": 0, "57->56": 0, "55->58": 0, "58->55": 0, "0->59": 0, "59->0": 0, "59->60": 0, "60->59": 0, "60->61": 0, "61->60": 0, "59->62": 0, "62->59": 0, "59->63": 0, "63->59": 0, "63->64": 0, "64->63": 0, "64->65": 0, "65->64": 0, "63->66": 0, "66->63": 0, "59->67": 0, "67->59": 0, "67->68": 0, "68->67": 0, "68->69": 0, "69->68": 0, "67->70": 0, "70->67": 0, "0->71": 0, "71->0": 0, "71->72": 0, "72->71": 0, "72->73": 0, "73->72": 0, "71->74": 0, "74->71": 0, "74->75": 0, "75->74": 0, "71->76": 0, "76->71": 0, "71->77": 0, "77->71": 0, "77->78": 0, "78->77": 0, "78->79": 0, "79->78": 0, "0->80": 0, "80->0": 0, "80->81": 0, "81->80": 0, "81->82": 0, "82->81": 0, "80->83": 0, "83->80": 0, "83->84": 0, "84->83": 0, "80->85": 0, "85->80": 0, "80->86": 0, "86->80": 0, "86->87": 0, "87->86": 0, "87->88": 0, "88->87": 0, "0->89": 0, "89->0": 0, "89->90": 0, "90->89": 0, "90->91": 0, "91->90": 0, "89->92": 0, "92->89": 0, "92->93": 0, "93->92": 0, "89->94": 0, "94->89": 0, "89->95": 0, "95->89": 0, "95->96": 0, "96->95": 0, "96->97": 0, "97->96": 0, "95->98": 0, "98->95": 0, "98->99": 0, "99->98": 0, "95->100": 0, "100->95": 0, "89->101": 0, "101->89": 0, "101->102": 0, "102->101": 0, "102->103": 0, "103->102": 0, "102->104": 0, "104->102": 0, "104->105": 0, "105->104": 0, "102->106": 0, "106->102": 0, "106->107": 0, "107->106": 0, "101->108": 0, "108->101": 0, "108->109": 0, "109->108": 0, "109->110": 0, "110->109": 0, "110->111": 0, "111->110": 0, "110->112": 0, "112->110": 0, "112->113": 0, "113->112": 0, "113->114": 0, "114->113": 0, "110->115": 0, "115->110": 0, "115->116": 0, "116->115": 0, "109->117": 0, "117->109": 0, "117->118": 0, "118->117": 0, "118->119": 0, "119->118": 0, "119->120": 0, "120->119": 0, "108->121": 0, "121->108": 0, "121->122": 0, "122->121": 0, "122->123": 0, "123->122": 0, "89->124": 0, "124->89": 0, "124->125": 0, "125->124": 0, "125->126": 0, "126->125": 0, "125->127": 0, "127->125": 0, "127->128": 0, "128->127": 0, "127->129": 0, "129->127": 0, "129->130": 0, "130->129": 0, "127->131": 0, "131->127": 0, "131->132": 0, "132->131": 0, "127->133": 0, "133->127": 0, "125->134": 0, "134->125": 0, "134->135": 0, "135->134": 0, "0->136": 0, "136->0": 0, "136->137": 0, "137->136": 0, "137->138": 0, "138->137": 0, "136->139": 0, "139->136": 0, "139->140": 0, "140->139": 0, "136->141": 0, "141->136": 0, "136->142": 0, "142->136": 0, "142->143": 0, "143->142": 0, "143->144": 0, "144->143": 0, "142->145": 0, "145->142": 0, "145->146": 0, "146->145": 0, "142->147": 0, "147->142": 0, "136->148": 0, "148->136": 0, "148->149": 0, "149->148": 0, "149->150": 0, "150->149": 0, "148->151": 0, "151->148": 0, "151->152": 0, "152->151": 0, "148->153": 0, "153->148": 0, "136->154": 0, "154->136": 0, "154->155": 0, "155->154": 0, "155->156": 0, "156->155": 0, "154->157": 0, "157->154": 0, "157->158": 0, "158->157": 0, "154->159": 0, "159->154": 0, "136->160": 0, "160->136": 0, "160->161": 0, "161->160": 0, "161->162": 0, "162->161": 0, "162->163": 0, "163->162": 0, "161->164": 0, "164->161": 0, "0->165": 0, "165->0": 0, "165->166": 0, "166->165": 0, "166->167": 0, "167->166": 0, "165->168": 0, "168->165": 0, "168->169": 0, "169->168": 0, "165->170": 0, "170->165": 0, "165->171": 0, "171->165": 0, "171->172": 0, "172->171": 0, "172->173": 0, "173->172": 0, "171->174": 0, "174->171": 0, "174->175": 0, "175->174": 0, "174->176": 0, "176->174": 0, "176->177": 0, "177->176": 0, "177->178": 0, "178->177": 0, "174->179": 0, "179->174": 0, "179->180": 0, "180->179": 0, "180->181": 0, "181->180": 0, "171->182": 0, "182->171": 0, "165->183": 0, "183->165": 0, "183->184": 0, "184->183": 0, "184->185": 0, "185->184": 0, "0->186": 0, "186->0": 0, "186->187": 0, "187->186": 0, "187->188": 0, "188->187": 0, "186->189": 0, "189->186": 0, "186->190": 0, "190->186": 0, "190->191": 0, "191->190": 0, "191->192": 0, "192->191": 0, "190->193": 0, "193->190": 0, "186->194": 0, "194->186": 0, "186->195": 0, "195->186": 0, "195->196": 0, "196->195": 0, "196->197": 0, "197->196": 0, "197->198": 0, "198->197": 0, "198->199": 0, "199->198": 0, "196->200": 0, "200->196": 0, "200->201": 0, "201->200": 0, "200->202": 0, "202->200": 0, "202->203": 0, "203->202": 0, "200->204": 0, "204->200": 0, "196->205": 0, "205->196": 0, "0->206": 0, "206->0": 0, "206->207": 0, "207->206": 0, "207->208": 0, "208->207": 0, "206->209": 0, "209->206": 0, "206->210": 0, "210->206": 0, "210->211": 0, "211->210": 0, "211->212": 0, "212->211": 0, "210->213": 0, "213->210": 0, "206->214": 0, "214->206": 0, "206->215": 0, "215->206": 0, "215->216": 0, "216->215": 0, "216->217": 0, "217->216": 0, "216->218": 0, "218->216": 0, "218->219": 0, "219->218": 0, "216->220": 0, "220->216": 0, "220->221": 0, "221->220": 0, "221->222": 0, "222->221": 0, "216->223": 0, "223->216": 0, "0->224": 0, "224->0": 0, "224->225": 0, "225->224": 0, "1->3": 1, "3->1": 12, "3->4": 1, "4->3": 12, "4->11": 1, "11->4": 12, "11->17": 1, "17->11": 12, "17->35": 1, "35->17": 12, "35->45": 1, "45->35": 12, "45->55": 1, "55->45": 12, "55->59": 1, "59->55": 12, "59->71": 1, "71->59": 12, "71->80": 1, "80->71": 12, "80->89": 1, "89->80": 12, "89->136": 1, "136->89": 12, "136->165": 1, "165->136": 12, "165->186": 1, "186->165": 12, "186->206": 1, "206->186": 12, "206->224": 1, "224->206": 12, "5->7": 1, "7->5": 12, "7->9": 1, "9->7": 12, "12->14": 1, "14->12": 12, "14->15": 1, "15->14": 12, "18->20": 1, "20->18": 12, "20->21": 1, "21->20": 12, "21->27": 1, "27->21": 12, "22->24": 1, "24->22": 12, "24->26": 1, "26->24": 12, "29->32": 1, "32->29": 12, "32->34": 1, "34->32": 12, "36->38": 1, "38->36": 12, "38->40": 1, "40->38": 12, "40->41": 1, "41->40": 12, "46->48": 1, "48->46": 12, "48->49": 1, "49->48": 12, "50->52": 1, "52->50": 12, "52->54": 1, "54->52": 12, "56->58": 1, "58->56": 12, "60->62": 1, "62->60": 12, "62->63": 1, "63->62": 12, "63->67": 1, "67->63": 12, "64->66": 1, "66->64": 12, "68->70": 1, "70->68": 12, "72->74": 1, "74->72": 12, "74->76": 1, "76->74": 12, "76->77": 1, "77->76": 12, "81->83": 1, "83->81": 12, "83->85": 1, "85->83": 12, "85->86": 1, "86->85": 12, "90->92": 1, "92->90": 12, "92->94": 1, "94->92": 12, "94->95": 1, "95->94": 12, "95->101": 1, "101->95": 12, "101->124": 1, "124->101": 12, "96->98": 1, "98->96": 12, "98->100": 1, "100->98": 12, "102->108": 6, "108->102": 6, "103->104": 1, "104->103": 12, "104->106": 1, "106->104": 12, "109->121": 10, "121->109": 11, "110->117": 6, "117->110": 6, "111->112": 1, "112->111": 12, "112->115": 1, "115->112": 12, "126->127": 1, "127->126": 12, "127->134": 1, "134->127": 12, "128->129": 1, "129->128": 12, "129->131": 1, "131->129": 12, "131->133": 1, "133->131": 12, "137->139": 1, "139->137": 12, "139->141": 1, "141->139": 12, "141->142": 1, "142->141": 12, "142->148": 1, "148->142": 12, "148->154": 1, "154->148": 12, "154->160": 1, "160->154": 12, "143->145": 1, "145->143": 12, "145->147": 1, "147->145": 12, "149->151": 1, "151->149": 12, "151->153": 1, "153->151": 12, "155->157": 1, "157->155": 12, "157->159": 1, "159->157": 12, "162->164": 1, "164->162": 12, "166->168": 1, "168->166": 12, "168->170": 1, "170->168": 12, "170->171": 1, "171->170": 12, "171->183": 1, "183->171": 12, "172->174": 1, "174->172": 12, "174->182": 1, "182->174": 12, "175->176": 1, "176->175": 12, "176->179": 1, "179->176": 12, "187->189": 1, "189->187": 12, "189->190": 1, "190->189": 12, "190->194": 1, "194->190": 12, "194->195": 1, "195->194": 12, "191->193": 1, "193->191": 12, "197->200": 1, "200->197": 12, "200->205": 1, "205->200": 12, "201->202": 1, "202->201": 12, "202->204": 1, "204->202": 12, "207->209": 1, "209->207": 12, "209->210": 1, "210->209": 12, "210->214": 1, "214->210": 12, "214->215": 1, "215->214": 12, "211->213": 1, "213->211": 12, "217->218": 1, "218->217": 12, "218->220": 1, "220->218": 12, "220->223": 1, "223->220": 12, "2->3": 2, "3->2": 3, "3->6": 2, "6->3": 3, "6->8": 2, "8->6": 3, "8->10": 2, "10->8": 3, "10->13": 2, "13->10": 3, "13->14": 2, "14->13": 3, "14->16": 2, "16->14": 3, "16->19": 2, "19->16": 3, "19->20": 2, "20->19": 3, "20->23": 2, "23->20": 3, "23->25": 2, "25->23": 3, "25->26": 2, "26->25": 3, "26->31": 2, "31->26": 3, "31->33": 4, "33->31": 5, "33->34": 2, "34->33": 3, "34->37": 2, "37->34": 3, "37->39": 2, "39->37": 3, "39->40": 2, "40->39": 3, "40->44": 2, "44->40": 3, "44->47": 2, "47->44": 3, "47->48": 2, "48->47": 3, "48->51": 2, "51->48": 3, "51->53": 2, "53->51": 3, "53->54": 2, "54->53": 3, "54->57": 2, "57->54": 3, "57->58": 2, "58->57": 3, "58->61": 2, "61->58": 3, "61->62": 2, "62->61": 3, "62->65": 2, "65->62": 3, "65->66": 2, "66->65": 3, "66->69": 2, "69->66": 3, "69->70": 2, "70->69": 3, "70->73": 2, "73->70": 3, "73->75": 2, "75->73": 3, "75->76": 2, "76->75": 3, "76->79": 2, "79->76": 3, "79->82": 2, "82->79": 3, "82->84": 2, "84->82": 3, "84->85": 2, "85->84": 3, "85->88": 2, "88->85": 3, "88->91": 2, "91->88": 3, "91->93": 2, "93->91": 3, "93->94": 2, "94->93": 3, "94->97": 2, "97->94": 3, "97->99": 2, "99->97": 3, "99->100": 2, "100->99": 3, "100->103": 2, "103->100": 3, "103->105": 2, "105->103": 3, "105->107": 2, "107->105": 3, "107->111": 2, "111->107": 3, "111->114": 2, "114->111": 3, "114->116": 2, "116->114": 3, "116->120": 2, "120->116": 3, "120->123": 2, "123->120": 3, "123->126": 2, "126->123": 3, "126->128": 2, "128->126": 3, "128->130": 2, "130->128": 3, "130->132": 2, "132->130": 3, "132->133": 2, "133->132": 3, "133->135": 2, "135->133": 3, "135->138": 2, "138->135": 3, "138->140": 2, "140->138": 3, "140->141": 2, "141->140": 3, "141->144": 2, "144->141": 3, "144->146": 2, "146->144": 3, "146->147": 2, "147->146": 3, "147->150": 2, "150->147": 3, "150->152": 2, "152->150": 3, "152->153": 2, "153->152": 3, "153->156": 2, "156->153": 3, "156->158": 2, "158->156": 3, "158->159": 2, "159->158": 3, "159->163": 2, "163->159": 3, "163->164": 2, "164->163": 3, "164->167": 2, "167->164": 3, "167->169": 2, "169->167": 3, "169->170": 2, "170->169": 3, "170->173": 2, "173->170": 3, "173->175": 2, "175->173": 3, "175->178": 2, "178->175": 3, "178->181": 2, "181->178": 3, "181->182": 2, "182->181": 3, "182->185": 2, "185->182": 3, "185->188": 2, "188->185": 3, "188->189": 2, "189->188": 3, "189->192": 2, "192->189": 3, "192->193": 2, "193->192": 3, "193->194": 2, "194->193": 3, "194->199": 2, "199->194": 3, "199->201": 2, "201->199": 3, "201->203": 2, "203->201": 3, "203->204": 2, "204->203": 3, "204->205": 2, "205->204": 3, "205->208": 2, "208->205": 3, "208->209": 2, "209->208": 3, "209->212": 2, "212->209": 3, "212->213": 2, "213->212": 3, "213->214": 2, "214->213": 3, "214->217": 2, "217->214": 3, "217->219": 2, "219->217": 3, "219->222": 2, "222->219": 3, "222->223": 2, "223->222": 3, "223->225": 2, "225->223": 3, "33->44": 4, "44->33": 5, "44->114": 4, "114->44": 5, "114->130": 4, "130->114": 5, "130->199": 4, "199->130": 5, "199->222": 4, "222->199": 5, "105->132": 4, "132->105": 5, "132->163": 4, "163->132": 5}, "metrics": [1.0, 0.0, 13.0, 13.0, 65.0, 15.0, 1.0, 1.0, 0.5384615384615384, 1.0, 1.0]}