{"nodelist": ["ClassDeclaration", "{'private'}", "private", "CarriedTrieNodeRef", "FieldDeclaration", "ReferenceType", "TrieNode", "VariableDeclarator", "content", "ConstructorDeclaration", "CarriedTrieNodeRef", "StatementExpression", "Assignment", "MemberReference", "content", "Literal", "null", "="], "nodes": {"0": "ClassDeclaration", "1": "Modifier", "2": "private", "3": "CarriedTrieNodeRef", "4": "FieldDeclaration", "5": "ReferenceType", "6": "TrieNode", "7": "VariableDeclarator", "8": "content", "9": "ConstructorDeclaration", "10": "CarriedTrieNodeRef", "11": "StatementExpression", "12": "Assignment", "13": "MemberReference", "14": "content", "15": "Literal", "16": "null", "17": "="}, "edges": {"0->1": 0, "1->0": 0, "1->2": 0, "2->1": 0, "0->3": 0, "3->0": 0, "0->4": 0, "4->0": 0, "4->5": 0, "5->4": 0, "5->6": 0, "6->5": 0, "4->7": 0, "7->4": 0, "7->8": 0, "8->7": 0, "0->9": 0, "9->0": 0, "9->10": 0, "10->9": 0, "9->11": 0, "11->9": 0, "11->12": 0, "12->11": 0, "12->13": 0, "13->12": 0, "13->14": 0, "14->13": 0, "12->15": 0, "15->12": 0, "15->16": 0, "16->15": 0, "12->17": 0, "17->12": 0, "1->3": 1, "3->1": 12, "3->4": 1, "4->3": 12, "4->9": 1, "9->4": 12, "5->7": 1, "7->5": 12, "10->11": 1, "11->10": 12, "13->15": 1, "15->13": 12, "15->17": 1, "17->15": 12, "2->3": 2, "3->2": 3, "3->6": 2, "6->3": 3, "6->8": 2, "8->6": 3, "8->10": 2, "10->8": 3, "10->14": 2, "14->10": 3, "14->16": 2, "16->14": 3, "16->17": 2, "17->16": 3}, "metrics": [1.0, 0.0, 1.0, 0.0, 9.0, 1.0, 0.0, 0.0, 0.0, 1.0, 1.0]}