{"nodelist": ["ClassDeclaration", "{'public'}", "public", "Annotation", "InterfaceAudience.Private", "FieldInfo", "FieldDeclaration", "{'final', 'private'}", "final", "private", "ReferenceType", "Field", "VariableDeclarator", "field", "FieldDeclaration", "{'final', 'private'}", "final", "private", "BasicType", "int", "VariableDeclarator", "defaultLength", "FieldDeclaration", "{'final', 'private'}", "final", "private", "BasicType", "boolean", "VariableDeclarator", "displayByDefault", "ConstructorDeclaration", "{'public'}", "public", "FieldInfo", "FormalParameter", "ReferenceType", "Field", "field", "FormalParameter", "BasicType", "int", "defaultLength", "FormalParameter", "BasicType", "boolean", "displayByDefault", "StatementExpression", "Assignment", "This", "MemberReference", "field", "MethodInvocation", "Objects", "MemberReference", "field", "requireNonNull", "=", "StatementExpression", "Assignment", "This", "MemberReference", "defaultLength", "MemberReference", "defaultLength", "=", "StatementExpression", "Assignment", "This", "MemberReference", "displayByDefault", "MemberReference", "displayByDefault", "=", "MethodDeclaration", "{'public'}", "public", "ReferenceType", "Field", "getField", "ReturnStatement", "MemberReference", "field", "MethodDeclaration", "{'public'}", "public", "BasicType", "int", "getDefaultLength", "ReturnStatement", "MemberReference", "defaultLength", "MethodDeclaration", "{'public'}", "public", "BasicType", "boolean", "isDisplayByDefault", "ReturnStatement", "MemberReference", "displayByDefault"], "nodes": {"0": "ClassDeclaration", "1": "Modifier", "2": "public", "3": "Annotation", "4": "InterfaceAudience.Private", "5": "FieldInfo", "6": "FieldDeclaration", "7": "Modifier", "8": "final", "9": "private", "10": "ReferenceType", "11": "Field", "12": "VariableDeclarator", "13": "field", "14": "FieldDeclaration", "15": "Modifier", "16": "final", "17": "private", "18": "BasicType", "19": "int", "20": "VariableDeclarator", "21": "defaultLength", "22": "FieldDeclaration", "23": "Modifier", "24": "final", "25": "private", "26": "BasicType", "27": "boolean", "28": "VariableDeclarator", "29": "displayByDefault", "30": "ConstructorDeclaration", "31": "Modifier", "32": "public", "33": "FieldInfo", "34": "FormalParameter", "35": "ReferenceType", "36": "Field", "37": "field", "38": "FormalParameter", "39": "BasicType", "40": "int", "41": "defaultLength", "42": "FormalParameter", "43": "BasicType", "44": "boolean", "45": "displayByDefault", "46": "StatementExpression", "47": "Assignment", "48": "This", "49": "MemberReference", "50": "field", "51": "MethodInvocation", "52": "Objects", "53": "MemberReference", "54": "field", "55": "requireNonNull", "56": "=", "57": "StatementExpression", "58": "Assignment", "59": "This", "60": "MemberReference", "61": "defaultLength", "62": "MemberReference", "63": "defaultLength", "64": "=", "65": "StatementExpression", "66": "Assignment", "67": "This", "68": "MemberReference", "69": "displayByDefault", "70": "MemberReference", "71": "displayByDefault", "72": "=", "73": "MethodDeclaration", "74": "Modifier", "75": "public", "76": "ReferenceType", "77": "Field", "78": "getField", "79": "ReturnStatement", "80": "MemberReference", "81": "field", "82": "MethodDeclaration", "83": "Modifier", "84": "public", "85": "BasicType", "86": "int", "87": "getDefaultLength", "88": "ReturnStatement", "89": "MemberReference", "90": "defaultLength", "91": "MethodDeclaration", "92": "Modifier", "93": "public", "94": "BasicType", "95": "boolean", "96": "isDisplayByDefault", "97": "ReturnStatement", "98": "MemberReference", "99": "displayByDefault"}, "edges": {"0->1": 0, "1->0": 0, "1->2": 0, "2->1": 0, "0->3": 0, "3->0": 0, "3->4": 0, "4->3": 0, "0->5": 0, "5->0": 0, "0->6": 0, "6->0": 0, "6->7": 0, "7->6": 0, "7->8": 0, "8->7": 0, "7->9": 0, "9->7": 0, "6->10": 0, "10->6": 0, "10->11": 0, "11->10": 0, "6->12": 0, "12->6": 0, "12->13": 0, "13->12": 0, "0->14": 0, "14->0": 0, "14->15": 0, "15->14": 0, "15->16": 0, "16->15": 0, "15->17": 0, "17->15": 0, "14->18": 0, "18->14": 0, "18->19": 0, "19->18": 0, "14->20": 0, "20->14": 0, "20->21": 0, "21->20": 0, "0->22": 0, "22->0": 0, "22->23": 0, "23->22": 0, "23->24": 0, "24->23": 0, "23->25": 0, "25->23": 0, "22->26": 0, "26->22": 0, "26->27": 0, "27->26": 0, "22->28": 0, "28->22": 0, "28->29": 0, "29->28": 0, "0->30": 0, "30->0": 0, "30->31": 0, "31->30": 0, "31->32": 0, "32->31": 0, "30->33": 0, "33->30": 0, "30->34": 0, "34->30": 0, "34->35": 0, "35->34": 0, "35->36": 0, "36->35": 0, "34->37": 0, "37->34": 0, "30->38": 0, "38->30": 0, "38->39": 0, "39->38": 0, "39->40": 0, "40->39": 0, "38->41": 0, "41->38": 0, "30->42": 0, "42->30": 0, "42->43": 0, "43->42": 0, "43->44": 0, "44->43": 0, "42->45": 0, "45->42": 0, "30->46": 0, "46->30": 0, "46->47": 0, "47->46": 0, "47->48": 0, "48->47": 0, "48->49": 0, "49->48": 0, "49->50": 0, "50->49": 0, "47->51": 0, "51->47": 0, "51->52": 0, "52->51": 0, "51->53": 0, "53->51": 0, "53->54": 0, "54->53": 0, "51->55": 0, "55->51": 0, "47->56": 0, "56->47": 0, "30->57": 0, "57->30": 0, "57->58": 0, "58->57": 0, "58->59": 0, "59->58": 0, "59->60": 0, "60->59": 0, "60->61": 0, "61->60": 0, "58->62": 0, "62->58": 0, "62->63": 0, "63->62": 0, "58->64": 0, "64->58": 0, "30->65": 0, "65->30": 0, "65->66": 0, "66->65": 0, "66->67": 0, "67->66": 0, "67->68": 0, "68->67": 0, "68->69": 0, "69->68": 0, "66->70": 0, "70->66": 0, "70->71": 0, "71->70": 0, "66->72": 0, "72->66": 0, "0->73": 0, "73->0": 0, "73->74": 0, "74->73": 0, "74->75": 0, "75->74": 0, "73->76": 0, "76->73": 0, "76->77": 0, "77->76": 0, "73->78": 0, "78->73": 0, "73->79": 0, "79->73": 0, "79->80": 0, "80->79": 0, "80->81": 0, "81->80": 0, "0->82": 0, "82->0": 0, "82->83": 0, "83->82": 0, "83->84": 0, "84->83": 0, "82->85": 0, "85->82": 0, "85->86": 0, "86->85": 0, "82->87": 0, "87->82": 0, "82->88": 0, "88->82": 0, "88->89": 0, "89->88": 0, "89->90": 0, "90->89": 0, "0->91": 0, "91->0": 0, "91->92": 0, "92->91": 0, "92->93": 0, "93->92": 0, "91->94": 0, "94->91": 0, "94->95": 0, "95->94": 0, "91->96": 0, "96->91": 0, "91->97": 0, "97->91": 0, "97->98": 0, "98->97": 0, "98->99": 0, "99->98": 0, "1->3": 1, "3->1": 12, "3->5": 1, "5->3": 12, "5->6": 1, "6->5": 12, "6->14": 1, "14->6": 12, "14->22": 1, "22->14": 12, "22->30": 1, "30->22": 12, "30->73": 1, "73->30": 12, "73->82": 1, "82->73": 12, "82->91": 1, "91->82": 12, "7->10": 1, "10->7": 12, "10->12": 1, "12->10": 12, "8->9": 2, "9->8": 3, "15->18": 1, "18->15": 12, "18->20": 1, "20->18": 12, "16->17": 2, "17->16": 3, "23->26": 1, "26->23": 12, "26->28": 1, "28->26": 12, "24->25": 2, "25->24": 3, "31->33": 1, "33->31": 12, "33->34": 1, "34->33": 12, "34->38": 1, "38->34": 12, "38->42": 1, "42->38": 12, "42->46": 1, "46->42": 12, "46->57": 1, "57->46": 12, "57->65": 1, "65->57": 12, "35->37": 1, "37->35": 12, "39->41": 1, "41->39": 12, "43->45": 1, "45->43": 12, "48->51": 1, "51->48": 12, "51->56": 1, "56->51": 12, "52->53": 1, "53->52": 12, "53->55": 1, "55->53": 12, "59->62": 1, "62->59": 12, "62->64": 1, "64->62": 12, "67->70": 1, "70->67": 12, "70->72": 1, "72->70": 12, "74->76": 1, "76->74": 12, "76->78": 1, "78->76": 12, "78->79": 1, "79->78": 12, "83->85": 1, "85->83": 12, "85->87": 1, "87->85": 12, "87->88": 1, "88->87": 12, "92->94": 1, "94->92": 12, "94->96": 1, "96->94": 12, "96->97": 1, "97->96": 12, "2->4": 2, "4->2": 3, "4->5": 2, "5->4": 3, "5->8": 2, "8->5": 3, "9->11": 2, "11->9": 3, "11->13": 2, "13->11": 3, "13->16": 2, "16->13": 3, "17->19": 2, "19->17": 3, "19->21": 2, "21->19": 3, "21->24": 2, "24->21": 3, "25->27": 2, "27->25": 3, "27->29": 2, "29->27": 3, "29->32": 2, "32->29": 3, "32->33": 2, "33->32": 3, "33->36": 2, "36->33": 3, "36->37": 2, "37->36": 3, "37->40": 2, "40->37": 3, "40->41": 2, "41->40": 3, "41->44": 2, "44->41": 3, "44->45": 2, "45->44": 3, "45->50": 2, "50->45": 3, "50->52": 2, "52->50": 3, "52->54": 2, "54->52": 3, "54->55": 2, "55->54": 3, "55->56": 2, "56->55": 3, "56->61": 2, "61->56": 3, "61->63": 4, "63->61": 5, "63->64": 2, "64->63": 3, "64->69": 2, "69->64": 3, "69->71": 4, "71->69": 5, "71->72": 2, "72->71": 3, "72->75": 2, "75->72": 3, "75->77": 2, "77->75": 3, "77->78": 2, "78->77": 3, "78->81": 2, "81->78": 3, "81->84": 2, "84->81": 3, "84->86": 2, "86->84": 3, "86->87": 2, "87->86": 3, "87->90": 2, "90->87": 3, "90->93": 2, "93->90": 3, "93->95": 2, "95->93": 3, "95->96": 2, "96->95": 3, "96->99": 2, "99->96": 3, "50->54": 4, "54->50": 5, "54->81": 4, "81->54": 5, "63->90": 4, "90->63": 5, "71->99": 4, "99->71": 5}, "metrics": [3.0, 0.0, 4.0, 4.0, 22.0, 4.0, 0.0, 0.0, 0.0, 1.0, 0.0]}