{"nodelist": ["ClassDeclaration", "{'public'}", "public", "RegexStringComparator", "FieldDeclaration", "{'final', 'private', 'static'}", "final", "private", "static", "ReferenceType", "Log", "VariableDeclarator", "LOG", "MethodInvocation", "LogFactory", "ClassReference", "ReferenceType", "RegexStringComparator", "getLog", "FieldDeclaration", "{'private'}", "private", "ReferenceType", "Charset", "VariableDeclarator", "charset", "MethodInvocation", "Charset", "MemberReference", "HConstants", "UTF8_ENCODING", "forName", "FieldDeclaration", "{'private'}", "private", "ReferenceType", "Pattern", "VariableDeclarator", "pattern", "ConstructorDeclaration", "{'public'}", "public", "RegexStringComparator", "ConstructorDeclaration", "{'public'}", "public", "RegexStringComparator", "FormalParameter", "ReferenceType", "String", "expr", "StatementExpression", "SuperConstructorInvocation", "MethodInvocation", "Bytes", "MemberReference", "expr", "toBytes", "StatementExpression", "Assignment", "This", "MemberReference", "pattern", "MethodInvocation", "Pattern", "MemberReference", "expr", "MemberReference", "Pattern", "DOTALL", "compile", "=", "MethodDeclaration", "{'public'}", "public", "setCharset", "FormalParameter", "{'final'}", "final", "ReferenceType", "Charset", "charset", "StatementExpression", "Assignment", "This", "MemberReference", "charset", "MemberReference", "charset", "=", "MethodDeclaration", "{'public'}", "public", "Annotation", "Override", "BasicType", "int", "compareTo", "FormalParameter", "BasicType", "byte", "value", "ReturnStatement", "TernaryExpression", "MethodInvocation", "pattern", "MethodInvocation", "find", "ClassCreator", "ReferenceType", "String", "MemberReference", "value", "MemberReference", "charset", "matcher", "Literal", "0", "Literal", "1", "MethodDeclaration", "{'public'}", "public", "Annotation", "Override", "readFields", "FormalParameter", "ReferenceType", "DataInput", "in", "IOException", "LocalVariableDeclaration", "{'final'}", "final", "ReferenceType", "String", "VariableDeclarator", "expr", "MethodInvocation", "in", "readUTF", "StatementExpression", "Assignment", "This", "MemberReference", "value", "MethodInvocation", "Bytes", "MemberReference", "expr", "toBytes", "=", "StatementExpression", "Assignment", "This", "MemberReference", "pattern", "MethodInvocation", "Pattern", "MemberReference", "expr", "compile", "=", "LocalVariableDeclaration", "{'final'}", "final", "ReferenceType", "String", "VariableDeclarator", "charset", "MethodInvocation", "in", "readUTF", "IfStatement", "BinaryOperation", ">", "MethodInvocation", "charset", "length", "Literal", "0", "BlockStatement", "TryStatement", "StatementExpression", "Assignment", "This", "MemberReference", "charset", "MethodInvocation", "Charset", "MemberReference", "charset", "forName", "=", "CatchClause", "CatchClauseParameter", "IllegalCharsetNameException", "e", "StatementExpression", "MethodInvocation", "LOG", "Literal", "\"invalid charset\"", "MemberReference", "e", "error", "MethodDeclaration", "{'public'}", "public", "Annotation", "Override", "write", "FormalParameter", "ReferenceType", "DataOutput", "out", "IOException", "StatementExpression", "MethodInvocation", "out", "MethodInvocation", "pattern", "toString", "writeUTF", "StatementExpression", "MethodInvocation", "out", "MethodInvocation", "charset", "name", "writeUTF", "ReferenceType", "WritableByteArrayComparable"], "nodes": {"0": "ClassDeclaration", "1": "Modifier", "2": "public", "3": "RegexStringComparator", "4": "FieldDeclaration", "5": "Modifier", "6": "final", "7": "private", "8": "static", "9": "ReferenceType", "10": "Log", "11": "VariableDeclarator", "12": "LOG", "13": "MethodInvocation", "14": "LogFactory", "15": "ClassReference", "16": "ReferenceType", "17": "RegexStringComparator", "18": "getLog", "19": "FieldDeclaration", "20": "Modifier", "21": "private", "22": "ReferenceType", "23": "Charset", "24": "VariableDeclarator", "25": "charset", "26": "MethodInvocation", "27": "Charset", "28": "MemberReference", "29": "HConstants", "30": "UTF8_ENCODING", "31": "forName", "32": "FieldDeclaration", "33": "Modifier", "34": "private", "35": "ReferenceType", "36": "Pattern", "37": "VariableDeclarator", "38": "pattern", "39": "ConstructorDeclaration", "40": "Modifier", "41": "public", "42": "RegexStringComparator", "43": "ConstructorDeclaration", "44": "Modifier", "45": "public", "46": "RegexStringComparator", "47": "FormalParameter", "48": "ReferenceType", "49": "String", "50": "expr", "51": "StatementExpression", "52": "SuperConstructorInvocation", "53": "MethodInvocation", "54": "Bytes", "55": "MemberReference", "56": "expr", "57": "toBytes", "58": "StatementExpression", "59": "Assignment", "60": "This", "61": "MemberReference", "62": "pattern", "63": "MethodInvocation", "64": "Pattern", "65": "MemberReference", "66": "expr", "67": "MemberReference", "68": "Pattern", "69": "DOTALL", "70": "compile", "71": "=", "72": "MethodDeclaration", "73": "Modifier", "74": "public", "75": "setCharset", "76": "FormalParameter", "77": "Modifier", "78": "final", "79": "ReferenceType", "80": "Charset", "81": "charset", "82": "StatementExpression", "83": "Assignment", "84": "This", "85": "MemberReference", "86": "charset", "87": "MemberReference", "88": "charset", "89": "=", "90": "MethodDeclaration", "91": "Modifier", "92": "public", "93": "Annotation", "94": "Override", "95": "BasicType", "96": "int", "97": "compareTo", "98": "FormalParameter", "99": "BasicType", "100": "byte", "101": "value", "102": "ReturnStatement", "103": "TernaryExpression", "104": "MethodInvocation", "105": "pattern", "106": "MethodInvocation", "107": "find", "108": "ClassCreator", "109": "ReferenceType", "110": "String", "111": "MemberReference", "112": "value", "113": "MemberReference", "114": "charset", "115": "matcher", "116": "Literal", "117": "0", "118": "Literal", "119": "1", "120": "MethodDeclaration", "121": "Modifier", "122": "public", "123": "Annotation", "124": "Override", "125": "readFields", "126": "FormalParameter", "127": "ReferenceType", "128": "DataInput", "129": "in", "130": "IOException", "131": "LocalVariableDeclaration", "132": "Modifier", "133": "final", "134": "ReferenceType", "135": "String", "136": "VariableDeclarator", "137": "expr", "138": "MethodInvocation", "139": "in", "140": "readUTF", "141": "StatementExpression", "142": "Assignment", "143": "This", "144": "MemberReference", "145": "value", "146": "MethodInvocation", "147": "Bytes", "148": "MemberReference", "149": "expr", "150": "toBytes", "151": "=", "152": "StatementExpression", "153": "Assignment", "154": "This", "155": "MemberReference", "156": "pattern", "157": "MethodInvocation", "158": "Pattern", "159": "MemberReference", "160": "expr", "161": "compile", "162": "=", "163": "LocalVariableDeclaration", "164": "Modifier", "165": "final", "166": "ReferenceType", "167": "String", "168": "VariableDeclarator", "169": "charset", "170": "MethodInvocation", "171": "in", "172": "readUTF", "173": "IfStatement", "174": "BinaryOperation", "175": ">", "176": "MethodInvocation", "177": "charset", "178": "length", "179": "Literal", "180": "0", "181": "BlockStatement", "182": "TryStatement", "183": "StatementExpression", "184": "Assignment", "185": "This", "186": "MemberReference", "187": "charset", "188": "MethodInvocation", "189": "Charset", "190": "MemberReference", "191": "charset", "192": "forName", "193": "=", "194": "CatchClause", "195": "CatchClauseParameter", "196": "IllegalCharsetNameException", "197": "e", "198": "StatementExpression", "199": "MethodInvocation", "200": "LOG", "201": "Literal", "202": "\"invalid charset\"", "203": "MemberReference", "204": "e", "205": "error", "206": "MethodDeclaration", "207": "Modifier", "208": "public", "209": "Annotation", "210": "Override", "211": "write", "212": "FormalParameter", "213": "ReferenceType", "214": "DataOutput", "215": "out", "216": "IOException", "217": "StatementExpression", "218": "MethodInvocation", "219": "out", "220": "MethodInvocation", "221": "pattern", "222": "toString", "223": "writeUTF", "224": "StatementExpression", "225": "MethodInvocation", "226": "out", "227": "MethodInvocation", "228": "charset", "229": "name", "230": "writeUTF", "231": "ReferenceType", "232": "WritableByteArrayComparable"}, "edges": {"0->1": 0, "1->0": 0, "1->2": 0, "2->1": 0, "0->3": 0, "3->0": 0, "0->4": 0, "4->0": 0, "4->5": 0, "5->4": 0, "5->6": 0, "6->5": 0, "5->7": 0, "7->5": 0, "5->8": 0, "8->5": 0, "4->9": 0, "9->4": 0, "9->10": 0, "10->9": 0, "4->11": 0, "11->4": 0, "11->12": 0, "12->11": 0, "11->13": 0, "13->11": 0, "13->14": 0, "14->13": 0, "13->15": 0, "15->13": 0, "15->16": 0, "16->15": 0, "16->17": 0, "17->16": 0, "13->18": 0, "18->13": 0, "0->19": 0, "19->0": 0, "19->20": 0, "20->19": 0, "20->21": 0, "21->20": 0, "19->22": 0, "22->19": 0, "22->23": 0, "23->22": 0, "19->24": 0, "24->19": 0, "24->25": 0, "25->24": 0, "24->26": 0, "26->24": 0, "26->27": 0, "27->26": 0, "26->28": 0, "28->26": 0, "28->29": 0, "29->28": 0, "28->30": 0, "30->28": 0, "26->31": 0, "31->26": 0, "0->32": 0, "32->0": 0, "32->33": 0, "33->32": 0, "33->34": 0, "34->33": 0, "32->35": 0, "35->32": 0, "35->36": 0, "36->35": 0, "32->37": 0, "37->32": 0, "37->38": 0, "38->37": 0, "0->39": 0, "39->0": 0, "39->40": 0, "40->39": 0, "40->41": 0, "41->40": 0, "39->42": 0, "42->39": 0, "0->43": 0, "43->0": 0, "43->44": 0, "44->43": 0, "44->45": 0, "45->44": 0, "43->46": 0, "46->43": 0, "43->47": 0, "47->43": 0, "47->48": 0, "48->47": 0, "48->49": 0, "49->48": 0, "47->50": 0, "50->47": 0, "43->51": 0, "51->43": 0, "51->52": 0, "52->51": 0, "52->53": 0, "53->52": 0, "53->54": 0, "54->53": 0, "53->55": 0, "55->53": 0, "55->56": 0, "56->55": 0, "53->57": 0, "57->53": 0, "43->58": 0, "58->43": 0, "58->59": 0, "59->58": 0, "59->60": 0, "60->59": 0, "60->61": 0, "61->60": 0, "61->62": 0, "62->61": 0, "59->63": 0, "63->59": 0, "63->64": 0, "64->63": 0, "63->65": 0, "65->63": 0, "65->66": 0, "66->65": 0, "63->67": 0, "67->63": 0, "67->68": 0, "68->67": 0, "67->69": 0, "69->67": 0, "63->70": 0, "70->63": 0, "59->71": 0, "71->59": 0, "0->72": 0, "72->0": 0, "72->73": 0, "73->72": 0, "73->74": 0, "74->73": 0, "72->75": 0, "75->72": 0, "72->76": 0, "76->72": 0, "76->77": 0, "77->76": 0, "77->78": 0, "78->77": 0, "76->79": 0, "79->76": 0, "79->80": 0, "80->79": 0, "76->81": 0, "81->76": 0, "72->82": 0, "82->72": 0, "82->83": 0, "83->82": 0, "83->84": 0, "84->83": 0, "84->85": 0, "85->84": 0, "85->86": 0, "86->85": 0, "83->87": 0, "87->83": 0, "87->88": 0, "88->87": 0, "83->89": 0, "89->83": 0, "0->90": 0, "90->0": 0, "90->91": 0, "91->90": 0, "91->92": 0, "92->91": 0, "90->93": 0, "93->90": 0, "93->94": 0, "94->93": 0, "90->95": 0, "95->90": 0, "95->96": 0, "96->95": 0, "90->97": 0, "97->90": 0, "90->98": 0, "98->90": 0, "98->99": 0, "99->98": 0, "99->100": 0, "100->99": 0, "98->101": 0, "101->98": 0, "90->102": 0, "102->90": 0, "102->103": 0, "103->102": 0, "103->104": 0, "104->103": 0, "104->105": 0, "105->104": 0, "104->106": 0, "106->104": 0, "106->107": 0, "107->106": 0, "104->108": 0, "108->104": 0, "108->109": 0, "109->108": 0, "109->110": 0, "110->109": 0, "108->111": 0, "111->108": 0, "111->112": 0, "112->111": 0, "108->113": 0, "113->108": 0, "113->114": 0, "114->113": 0, "104->115": 0, "115->104": 0, "103->116": 0, "116->103": 0, "116->117": 0, "117->116": 0, "103->118": 0, "118->103": 0, "118->119": 0, "119->118": 0, "0->120": 0, "120->0": 0, "120->121": 0, "121->120": 0, "121->122": 0, "122->121": 0, "120->123": 0, "123->120": 0, "123->124": 0, "124->123": 0, "120->125": 0, "125->120": 0, "120->126": 0, "126->120": 0, "126->127": 0, "127->126": 0, "127->128": 0, "128->127": 0, "126->129": 0, "129->126": 0, "120->130": 0, "130->120": 0, "120->131": 0, "131->120": 0, "131->132": 0, "132->131": 0, "132->133": 0, "133->132": 0, "131->134": 0, "134->131": 0, "134->135": 0, "135->134": 0, "131->136": 0, "136->131": 0, "136->137": 0, "137->136": 0, "136->138": 0, "138->136": 0, "138->139": 0, "139->138": 0, "138->140": 0, "140->138": 0, "120->141": 0, "141->120": 0, "141->142": 0, "142->141": 0, "142->143": 0, "143->142": 0, "143->144": 0, "144->143": 0, "144->145": 0, "145->144": 0, "142->146": 0, "146->142": 0, "146->147": 0, "147->146": 0, "146->148": 0, "148->146": 0, "148->149": 0, "149->148": 0, "146->150": 0, "150->146": 0, "142->151": 0, "151->142": 0, "120->152": 0, "152->120": 0, "152->153": 0, "153->152": 0, "153->154": 0, "154->153": 0, "154->155": 0, "155->154": 0, "155->156": 0, "156->155": 0, "153->157": 0, "157->153": 0, "157->158": 0, "158->157": 0, "157->159": 0, "159->157": 0, "159->160": 0, "160->159": 0, "157->161": 0, "161->157": 0, "153->162": 0, "162->153": 0, "120->163": 0, "163->120": 0, "163->164": 0, "164->163": 0, "164->165": 0, "165->164": 0, "163->166": 0, "166->163": 0, "166->167": 0, "167->166": 0, "163->168": 0, "168->163": 0, "168->169": 0, "169->168": 0, "168->170": 0, "170->168": 0, "170->171": 0, "171->170": 0, "170->172": 0, "172->170": 0, "120->173": 0, "173->120": 0, "173->174": 0, "174->173": 0, "174->175": 0, "175->174": 0, "174->176": 0, "176->174": 0, "176->177": 0, "177->176": 0, "176->178": 0, "178->176": 0, "174->179": 0, "179->174": 0, "179->180": 0, "180->179": 0, "173->181": 0, "181->173": 0, "181->182": 0, "182->181": 0, "182->183": 0, "183->182": 0, "183->184": 0, "184->183": 0, "184->185": 0, "185->184": 0, "185->186": 0, "186->185": 0, "186->187": 0, "187->186": 0, "184->188": 0, "188->184": 0, "188->189": 0, "189->188": 0, "188->190": 0, "190->188": 0, "190->191": 0, "191->190": 0, "188->192": 0, "192->188": 0, "184->193": 0, "193->184": 0, "182->194": 0, "194->182": 0, "194->195": 0, "195->194": 0, "195->196": 0, "196->195": 0, "195->197": 0, "197->195": 0, "194->198": 0, "198->194": 0, "198->199": 0, "199->198": 0, "199->200": 0, "200->199": 0, "199->201": 0, "201->199": 0, "201->202": 0, "202->201": 0, "199->203": 0, "203->199": 0, "203->204": 0, "204->203": 0, "199->205": 0, "205->199": 0, "0->206": 0, "206->0": 0, "206->207": 0, "207->206": 0, "207->208": 0, "208->207": 0, "206->209": 0, "209->206": 0, "209->210": 0, "210->209": 0, "206->211": 0, "211->206": 0, "206->212": 0, "212->206": 0, "212->213": 0, "213->212": 0, "213->214": 0, "214->213": 0, "212->215": 0, "215->212": 0, "206->216": 0, "216->206": 0, "206->217": 0, "217->206": 0, "217->218": 0, "218->217": 0, "218->219": 0, "219->218": 0, "218->220": 0, "220->218": 0, "220->221": 0, "221->220": 0, "220->222": 0, "222->220": 0, "218->223": 0, "223->218": 0, "206->224": 0, "224->206": 0, "224->225": 0, "225->224": 0, "225->226": 0, "226->225": 0, "225->227": 0, "227->225": 0, "227->228": 0, "228->227": 0, "227->229": 0, "229->227": 0, "225->230": 0, "230->225": 0, "0->231": 0, "231->0": 0, "231->232": 0, "232->231": 0, "1->3": 1, "3->1": 12, "3->4": 1, "4->3": 12, "4->19": 1, "19->4": 12, "19->32": 1, "32->19": 12, "32->39": 1, "39->32": 12, "39->43": 1, "43->39": 12, "43->72": 1, "72->43": 12, "72->90": 1, "90->72": 12, "90->120": 1, "120->90": 12, "120->206": 1, "206->120": 12, "206->231": 1, "231->206": 12, "5->9": 1, "9->5": 12, "9->11": 1, "11->9": 12, "6->7": 2, "7->6": 3, "7->8": 2, "8->7": 3, "12->13": 1, "13->12": 12, "14->15": 1, "15->14": 12, "15->18": 1, "18->15": 12, "20->22": 1, "22->20": 12, "22->24": 1, "24->22": 12, "25->26": 1, "26->25": 12, "27->28": 1, "28->27": 12, "28->31": 1, "31->28": 12, "29->30": 2, "30->29": 3, "33->35": 1, "35->33": 12, "35->37": 1, "37->35": 12, "40->42": 1, "42->40": 12, "44->46": 1, "46->44": 12, "46->47": 1, "47->46": 12, "47->51": 1, "51->47": 12, "51->58": 1, "58->51": 12, "48->50": 1, "50->48": 12, "54->55": 1, "55->54": 12, "55->57": 1, "57->55": 12, "60->63": 1, "63->60": 12, "63->71": 1, "71->63": 12, "64->65": 1, "65->64": 12, "65->67": 1, "67->65": 12, "67->70": 1, "70->67": 12, "68->69": 2, "69->68": 3, "73->75": 1, "75->73": 12, "75->76": 1, "76->75": 12, "76->82": 1, "82->76": 12, "77->79": 1, "79->77": 12, "79->81": 1, "81->79": 12, "84->87": 1, "87->84": 12, "87->89": 1, "89->87": 12, "91->93": 1, "93->91": 12, "93->95": 1, "95->93": 12, "95->97": 1, "97->95": 12, "97->98": 1, "98->97": 12, "98->102": 1, "102->98": 12, "99->101": 1, "101->99": 12, "104->116": 1, "116->104": 12, "116->118": 1, "118->116": 12, "105->106": 1, "106->105": 12, "106->108": 1, "108->106": 12, "108->115": 1, "115->108": 12, "109->111": 1, "111->109": 12, "111->113": 1, "113->111": 12, "121->123": 1, "123->121": 12, "123->125": 1, "125->123": 12, "125->126": 1, "126->125": 12, "126->130": 1, "130->126": 12, "130->131": 1, "131->130": 12, "131->141": 1, "141->131": 12, "141->152": 1, "152->141": 12, "152->163": 1, "163->152": 12, "163->173": 1, "173->163": 12, "127->129": 1, "129->127": 12, "132->134": 1, "134->132": 12, "134->136": 1, "136->134": 12, "137->138": 1, "138->137": 12, "139->140": 2, "140->139": 3, "143->146": 1, "146->143": 12, "146->151": 1, "151->146": 12, "147->148": 1, "148->147": 12, "148->150": 1, "150->148": 12, "154->157": 1, "157->154": 12, "157->162": 1, "162->157": 12, "158->159": 1, "159->158": 12, "159->161": 1, "161->159": 12, "164->166": 1, "166->164": 12, "166->168": 1, "168->166": 12, "169->170": 1, "170->169": 12, "171->172": 2, "172->171": 3, "174->181": 6, "181->174": 6, "175->176": 1, "176->175": 12, "176->179": 1, "179->176": 12, "177->178": 2, "178->177": 3, "183->194": 1, "194->183": 12, "185->188": 1, "188->185": 12, "188->193": 1, "193->188": 12, "189->190": 1, "190->189": 12, "190->192": 1, "192->190": 12, "195->198": 1, "198->195": 12, "196->197": 2, "197->196": 3, "200->201": 1, "201->200": 12, "201->203": 1, "203->201": 12, "203->205": 1, "205->203": 12, "207->209": 1, "209->207": 12, "209->211": 1, "211->209": 12, "211->212": 1, "212->211": 12, "212->216": 1, "216->212": 12, "216->217": 1, "217->216": 12, "217->224": 1, "224->217": 12, "213->215": 1, "215->213": 12, "219->220": 1, "220->219": 12, "220->223": 1, "223->220": 12, "221->222": 2, "222->221": 3, "226->227": 1, "227->226": 12, "227->230": 1, "230->227": 12, "228->229": 2, "229->228": 3, "2->3": 2, "3->2": 3, "3->6": 2, "6->3": 3, "8->10": 2, "10->8": 3, "10->12": 2, "12->10": 3, "12->14": 2, "14->12": 3, "14->17": 2, "17->14": 3, "17->18": 2, "18->17": 3, "18->21": 2, "21->18": 3, "21->23": 2, "23->21": 3, "23->25": 2, "25->23": 3, "25->27": 2, "27->25": 3, "27->29": 2, "29->27": 3, "30->31": 2, "31->30": 3, "31->34": 2, "34->31": 3, "34->36": 2, "36->34": 3, "36->38": 2, "38->36": 3, "38->41": 2, "41->38": 3, "41->42": 2, "42->41": 3, "42->45": 2, "45->42": 3, "45->46": 2, "46->45": 3, "46->49": 2, "49->46": 3, "49->50": 2, "50->49": 3, "50->54": 2, "54->50": 3, "54->56": 2, "56->54": 3, "56->57": 2, "57->56": 3, "57->62": 2, "62->57": 3, "62->64": 2, "64->62": 3, "64->66": 2, "66->64": 3, "66->68": 2, "68->66": 3, "69->70": 2, "70->69": 3, "70->71": 2, "71->70": 3, "71->74": 2, "74->71": 3, "74->75": 2, "75->74": 3, "75->78": 2, "78->75": 3, "78->80": 2, "80->78": 3, "80->81": 2, "81->80": 3, "81->86": 2, "86->81": 3, "86->88": 4, "88->86": 5, "88->89": 2, "89->88": 3, "89->92": 2, "92->89": 3, "92->94": 2, "94->92": 3, "94->96": 2, "96->94": 3, "96->97": 2, "97->96": 3, "97->100": 2, "100->97": 3, "100->101": 2, "101->100": 3, "101->105": 2, "105->101": 3, "105->107": 2, "107->105": 3, "107->110": 2, "110->107": 3, "110->112": 2, "112->110": 3, "112->114": 2, "114->112": 3, "114->115": 2, "115->114": 3, "115->117": 2, "117->115": 3, "117->119": 2, "119->117": 3, "119->122": 2, "122->119": 3, "122->124": 2, "124->122": 3, "124->125": 2, "125->124": 3, "125->128": 2, "128->125": 3, "128->129": 2, "129->128": 3, "129->130": 2, "130->129": 3, "130->133": 2, "133->130": 3, "133->135": 2, "135->133": 3, "135->137": 2, "137->135": 3, "137->139": 2, "139->137": 3, "140->145": 2, "145->140": 3, "145->147": 2, "147->145": 3, "147->149": 2, "149->147": 3, "149->150": 2, "150->149": 3, "150->151": 2, "151->150": 3, "151->156": 2, "156->151": 3, "156->158": 2, "158->156": 3, "158->160": 2, "160->158": 3, "160->161": 2, "161->160": 3, "161->162": 2, "162->161": 3, "162->165": 2, "165->162": 3, "165->167": 2, "167->165": 3, "167->169": 2, "169->167": 3, "169->171": 2, "171->169": 3, "172->175": 2, "175->172": 3, "175->177": 2, "177->175": 3, "178->180": 2, "180->178": 3, "180->187": 2, "187->180": 3, "187->189": 2, "189->187": 3, "189->191": 2, "191->189": 3, "191->192": 2, "192->191": 3, "192->193": 2, "193->192": 3, "193->196": 2, "196->193": 3, "197->200": 2, "200->197": 3, "200->202": 2, "202->200": 3, "202->204": 2, "204->202": 3, "204->205": 2, "205->204": 3, "205->208": 2, "208->205": 3, "208->210": 2, "210->208": 3, "210->211": 2, "211->210": 3, "211->214": 2, "214->211": 3, "214->215": 2, "215->214": 3, "215->216": 2, "216->215": 3, "216->219": 2, "219->216": 3, "219->221": 2, "221->219": 3, "222->223": 2, "223->222": 3, "223->226": 2, "226->223": 3, "226->228": 2, "228->226": 3, "229->230": 2, "230->229": 3, "230->232": 2, "232->230": 3, "56->66": 4, "66->56": 5, "66->149": 4, "149->66": 5, "149->160": 4, "160->149": 5, "62->156": 4, "156->62": 5, "88->114": 4, "114->88": 5, "114->187": 4, "187->114": 5, "187->191": 4, "191->187": 5, "112->145": 4, "145->112": 5}, "metrics": [3.0, 0.0, 6.0, 6.0, 49.0, 7.0, 0.0, 1.0, 0.3333333333333333, 1.0, 2.0]}