{"nodelist": ["ClassDeclaration", "{'public'}", "public", "DoubleOutputStream", "FieldDeclaration", "{'private'}", "private", "ReferenceType", "OutputStream", "VariableDeclarator", "out1", "FieldDeclaration", "{'private'}", "private", "ReferenceType", "OutputStream", "VariableDeclarator", "out2", "ConstructorDeclaration", "{'public'}", "public", "DoubleOutputStream", "FormalParameter", "ReferenceType", "OutputStream", "out1", "FormalParameter", "ReferenceType", "OutputStream", "out2", "StatementExpression", "Assignment", "This", "MemberReference", "out1", "MemberReference", "out1", "=", "StatementExpression", "Assignment", "This", "MemberReference", "out2", "MemberReference", "out2", "=", "MethodDeclaration", "{'public'}", "public", "Annotation", "Override", "write", "FormalParameter", "BasicType", "int", "b", "IOException", "StatementExpression", "MethodInvocation", "out1", "MemberReference", "b", "write", "StatementExpression", "MethodInvocation", "out2", "MemberReference", "b", "write", "MethodDeclaration", "{'public'}", "public", "Annotation", "Override", "write", "FormalParameter", "BasicType", "byte", "b", "IOException", "StatementExpression", "MethodInvocation", "out1", "MemberReference", "b", "Literal", "0", "MemberReference", "b", "length", "write", "StatementExpression", "MethodInvocation", "out2", "MemberReference", "b", "Literal", "0", "MemberReference", "b", "length", "write", "MethodDeclaration", "{'public'}", "public", "Annotation", "Override", "write", "FormalParameter", "BasicType", "byte", "b", "FormalParameter", "BasicType", "int", "off", "FormalParameter", "BasicType", "int", "len", "IOException", "StatementExpression", "MethodInvocation", "out1", "MemberReference", "b", "MemberReference", "off", "MemberReference", "len", "write", "StatementExpression", "MethodInvocation", "out2", "MemberReference", "b", "MemberReference", "off", "MemberReference", "len", "write", "MethodDeclaration", "{'public'}", "public", "Annotation", "Override", "flush", "IOException", "StatementExpression", "MethodInvocation", "out1", "flush", "StatementExpression", "MethodInvocation", "out2", "flush", "MethodDeclaration", "{'public'}", "public", "Annotation", "Override", "close", "IOException", "TryStatement", "StatementExpression", "MethodInvocation", "out1", "close", "StatementExpression", "MethodInvocation", "out2", "close", "ReferenceType", "OutputStream"], "nodes": {"0": "ClassDeclaration", "1": "Modifier", "2": "public", "3": "DoubleOutputStream", "4": "FieldDeclaration", "5": "Modifier", "6": "private", "7": "ReferenceType", "8": "OutputStream", "9": "VariableDeclarator", "10": "out1", "11": "FieldDeclaration", "12": "Modifier", "13": "private", "14": "ReferenceType", "15": "OutputStream", "16": "VariableDeclarator", "17": "out2", "18": "ConstructorDeclaration", "19": "Modifier", "20": "public", "21": "DoubleOutputStream", "22": "FormalParameter", "23": "ReferenceType", "24": "OutputStream", "25": "out1", "26": "FormalParameter", "27": "ReferenceType", "28": "OutputStream", "29": "out2", "30": "StatementExpression", "31": "Assignment", "32": "This", "33": "MemberReference", "34": "out1", "35": "MemberReference", "36": "out1", "37": "=", "38": "StatementExpression", "39": "Assignment", "40": "This", "41": "MemberReference", "42": "out2", "43": "MemberReference", "44": "out2", "45": "=", "46": "MethodDeclaration", "47": "Modifier", "48": "public", "49": "Annotation", "50": "Override", "51": "write", "52": "FormalParameter", "53": "BasicType", "54": "int", "55": "b", "56": "IOException", "57": "StatementExpression", "58": "MethodInvocation", "59": "out1", "60": "MemberReference", "61": "b", "62": "write", "63": "StatementExpression", "64": "MethodInvocation", "65": "out2", "66": "MemberReference", "67": "b", "68": "write", "69": "MethodDeclaration", "70": "Modifier", "71": "public", "72": "Annotation", "73": "Override", "74": "write", "75": "FormalParameter", "76": "BasicType", "77": "byte", "78": "b", "79": "IOException", "80": "StatementExpression", "81": "MethodInvocation", "82": "out1", "83": "MemberReference", "84": "b", "85": "Literal", "86": "0", "87": "MemberReference", "88": "b", "89": "length", "90": "write", "91": "StatementExpression", "92": "MethodInvocation", "93": "out2", "94": "MemberReference", "95": "b", "96": "Literal", "97": "0", "98": "MemberReference", "99": "b", "100": "length", "101": "write", "102": "MethodDeclaration", "103": "Modifier", "104": "public", "105": "Annotation", "106": "Override", "107": "write", "108": "FormalParameter", "109": "BasicType", "110": "byte", "111": "b", "112": "FormalParameter", "113": "BasicType", "114": "int", "115": "off", "116": "FormalParameter", "117": "BasicType", "118": "int", "119": "len", "120": "IOException", "121": "StatementExpression", "122": "MethodInvocation", "123": "out1", "124": "MemberReference", "125": "b", "126": "MemberReference", "127": "off", "128": "MemberReference", "129": "len", "130": "write", "131": "StatementExpression", "132": "MethodInvocation", "133": "out2", "134": "MemberReference", "135": "b", "136": "MemberReference", "137": "off", "138": "MemberReference", "139": "len", "140": "write", "141": "MethodDeclaration", "142": "Modifier", "143": "public", "144": "Annotation", "145": "Override", "146": "flush", "147": "IOException", "148": "StatementExpression", "149": "MethodInvocation", "150": "out1", "151": "flush", "152": "StatementExpression", "153": "MethodInvocation", "154": "out2", "155": "flush", "156": "MethodDeclaration", "157": "Modifier", "158": "public", "159": "Annotation", "160": "Override", "161": "close", "162": "IOException", "163": "TryStatement", "164": "StatementExpression", "165": "MethodInvocation", "166": "out1", "167": "close", "168": "StatementExpression", "169": "MethodInvocation", "170": "out2", "171": "close", "172": "ReferenceType", "173": "OutputStream"}, "edges": {"0->1": 0, "1->0": 0, "1->2": 0, "2->1": 0, "0->3": 0, "3->0": 0, "0->4": 0, "4->0": 0, "4->5": 0, "5->4": 0, "5->6": 0, "6->5": 0, "4->7": 0, "7->4": 0, "7->8": 0, "8->7": 0, "4->9": 0, "9->4": 0, "9->10": 0, "10->9": 0, "0->11": 0, "11->0": 0, "11->12": 0, "12->11": 0, "12->13": 0, "13->12": 0, "11->14": 0, "14->11": 0, "14->15": 0, "15->14": 0, "11->16": 0, "16->11": 0, "16->17": 0, "17->16": 0, "0->18": 0, "18->0": 0, "18->19": 0, "19->18": 0, "19->20": 0, "20->19": 0, "18->21": 0, "21->18": 0, "18->22": 0, "22->18": 0, "22->23": 0, "23->22": 0, "23->24": 0, "24->23": 0, "22->25": 0, "25->22": 0, "18->26": 0, "26->18": 0, "26->27": 0, "27->26": 0, "27->28": 0, "28->27": 0, "26->29": 0, "29->26": 0, "18->30": 0, "30->18": 0, "30->31": 0, "31->30": 0, "31->32": 0, "32->31": 0, "32->33": 0, "33->32": 0, "33->34": 0, "34->33": 0, "31->35": 0, "35->31": 0, "35->36": 0, "36->35": 0, "31->37": 0, "37->31": 0, "18->38": 0, "38->18": 0, "38->39": 0, "39->38": 0, "39->40": 0, "40->39": 0, "40->41": 0, "41->40": 0, "41->42": 0, "42->41": 0, "39->43": 0, "43->39": 0, "43->44": 0, "44->43": 0, "39->45": 0, "45->39": 0, "0->46": 0, "46->0": 0, "46->47": 0, "47->46": 0, "47->48": 0, "48->47": 0, "46->49": 0, "49->46": 0, "49->50": 0, "50->49": 0, "46->51": 0, "51->46": 0, "46->52": 0, "52->46": 0, "52->53": 0, "53->52": 0, "53->54": 0, "54->53": 0, "52->55": 0, "55->52": 0, "46->56": 0, "56->46": 0, "46->57": 0, "57->46": 0, "57->58": 0, "58->57": 0, "58->59": 0, "59->58": 0, "58->60": 0, "60->58": 0, "60->61": 0, "61->60": 0, "58->62": 0, "62->58": 0, "46->63": 0, "63->46": 0, "63->64": 0, "64->63": 0, "64->65": 0, "65->64": 0, "64->66": 0, "66->64": 0, "66->67": 0, "67->66": 0, "64->68": 0, "68->64": 0, "0->69": 0, "69->0": 0, "69->70": 0, "70->69": 0, "70->71": 0, "71->70": 0, "69->72": 0, "72->69": 0, "72->73": 0, "73->72": 0, "69->74": 0, "74->69": 0, "69->75": 0, "75->69": 0, "75->76": 0, "76->75": 0, "76->77": 0, "77->76": 0, "75->78": 0, "78->75": 0, "69->79": 0, "79->69": 0, "69->80": 0, "80->69": 0, "80->81": 0, "81->80": 0, "81->82": 0, "82->81": 0, "81->83": 0, "83->81": 0, "83->84": 0, "84->83": 0, "81->85": 0, "85->81": 0, "85->86": 0, "86->85": 0, "81->87": 0, "87->81": 0, "87->88": 0, "88->87": 0, "87->89": 0, "89->87": 0, "81->90": 0, "90->81": 0, "69->91": 0, "91->69": 0, "91->92": 0, "92->91": 0, "92->93": 0, "93->92": 0, "92->94": 0, "94->92": 0, "94->95": 0, "95->94": 0, "92->96": 0, "96->92": 0, "96->97": 0, "97->96": 0, "92->98": 0, "98->92": 0, "98->99": 0, "99->98": 0, "98->100": 0, "100->98": 0, "92->101": 0, "101->92": 0, "0->102": 0, "102->0": 0, "102->103": 0, "103->102": 0, "103->104": 0, "104->103": 0, "102->105": 0, "105->102": 0, "105->106": 0, "106->105": 0, "102->107": 0, "107->102": 0, "102->108": 0, "108->102": 0, "108->109": 0, "109->108": 0, "109->110": 0, "110->109": 0, "108->111": 0, "111->108": 0, "102->112": 0, "112->102": 0, "112->113": 0, "113->112": 0, "113->114": 0, "114->113": 0, "112->115": 0, "115->112": 0, "102->116": 0, "116->102": 0, "116->117": 0, "117->116": 0, "117->118": 0, "118->117": 0, "116->119": 0, "119->116": 0, "102->120": 0, "120->102": 0, "102->121": 0, "121->102": 0, "121->122": 0, "122->121": 0, "122->123": 0, "123->122": 0, "122->124": 0, "124->122": 0, "124->125": 0, "125->124": 0, "122->126": 0, "126->122": 0, "126->127": 0, "127->126": 0, "122->128": 0, "128->122": 0, "128->129": 0, "129->128": 0, "122->130": 0, "130->122": 0, "102->131": 0, "131->102": 0, "131->132": 0, "132->131": 0, "132->133": 0, "133->132": 0, "132->134": 0, "134->132": 0, "134->135": 0, "135->134": 0, "132->136": 0, "136->132": 0, "136->137": 0, "137->136": 0, "132->138": 0, "138->132": 0, "138->139": 0, "139->138": 0, "132->140": 0, "140->132": 0, "0->141": 0, "141->0": 0, "141->142": 0, "142->141": 0, "142->143": 0, "143->142": 0, "141->144": 0, "144->141": 0, "144->145": 0, "145->144": 0, "141->146": 0, "146->141": 0, "141->147": 0, "147->141": 0, "141->148": 0, "148->141": 0, "148->149": 0, "149->148": 0, "149->150": 0, "150->149": 0, "149->151": 0, "151->149": 0, "141->152": 0, "152->141": 0, "152->153": 0, "153->152": 0, "153->154": 0, "154->153": 0, "153->155": 0, "155->153": 0, "0->156": 0, "156->0": 0, "156->157": 0, "157->156": 0, "157->158": 0, "158->157": 0, "156->159": 0, "159->156": 0, "159->160": 0, "160->159": 0, "156->161": 0, "161->156": 0, "156->162": 0, "162->156": 0, "156->163": 0, "163->156": 0, "163->164": 0, "164->163": 0, "164->165": 0, "165->164": 0, "165->166": 0, "166->165": 0, "165->167": 0, "167->165": 0, "163->168": 0, "168->163": 0, "168->169": 0, "169->168": 0, "169->170": 0, "170->169": 0, "169->171": 0, "171->169": 0, "0->172": 0, "172->0": 0, "172->173": 0, "173->172": 0, "1->3": 1, "3->1": 12, "3->4": 1, "4->3": 12, "4->11": 1, "11->4": 12, "11->18": 1, "18->11": 12, "18->46": 1, "46->18": 12, "46->69": 1, "69->46": 12, "69->102": 1, "102->69": 12, "102->141": 1, "141->102": 12, "141->156": 1, "156->141": 12, "156->172": 1, "172->156": 12, "5->7": 1, "7->5": 12, "7->9": 1, "9->7": 12, "12->14": 1, "14->12": 12, "14->16": 1, "16->14": 12, "19->21": 1, "21->19": 12, "21->22": 1, "22->21": 12, "22->26": 1, "26->22": 12, "26->30": 1, "30->26": 12, "30->38": 1, "38->30": 12, "23->25": 1, "25->23": 12, "27->29": 1, "29->27": 12, "32->35": 1, "35->32": 12, "35->37": 1, "37->35": 12, "40->43": 1, "43->40": 12, "43->45": 1, "45->43": 12, "47->49": 1, "49->47": 12, "49->51": 1, "51->49": 12, "51->52": 1, "52->51": 12, "52->56": 1, "56->52": 12, "56->57": 1, "57->56": 12, "57->63": 1, "63->57": 12, "53->55": 1, "55->53": 12, "59->60": 1, "60->59": 12, "60->62": 1, "62->60": 12, "65->66": 1, "66->65": 12, "66->68": 1, "68->66": 12, "70->72": 1, "72->70": 12, "72->74": 1, "74->72": 12, "74->75": 1, "75->74": 12, "75->79": 1, "79->75": 12, "79->80": 1, "80->79": 12, "80->91": 1, "91->80": 12, "76->78": 1, "78->76": 12, "82->83": 1, "83->82": 12, "83->85": 1, "85->83": 12, "85->87": 1, "87->85": 12, "87->90": 1, "90->87": 12, "88->89": 2, "89->88": 3, "93->94": 1, "94->93": 12, "94->96": 1, "96->94": 12, "96->98": 1, "98->96": 12, "98->101": 1, "101->98": 12, "99->100": 2, "100->99": 3, "103->105": 1, "105->103": 12, "105->107": 1, "107->105": 12, "107->108": 1, "108->107": 12, "108->112": 1, "112->108": 12, "112->116": 1, "116->112": 12, "116->120": 1, "120->116": 12, "120->121": 1, "121->120": 12, "121->131": 1, "131->121": 12, "109->111": 1, "111->109": 12, "113->115": 1, "115->113": 12, "117->119": 1, "119->117": 12, "123->124": 1, "124->123": 12, "124->126": 1, "126->124": 12, "126->128": 1, "128->126": 12, "128->130": 1, "130->128": 12, "133->134": 1, "134->133": 12, "134->136": 1, "136->134": 12, "136->138": 1, "138->136": 12, "138->140": 1, "140->138": 12, "142->144": 1, "144->142": 12, "144->146": 1, "146->144": 12, "146->147": 2, "147->146": 3, "147->148": 1, "148->147": 12, "148->152": 1, "152->148": 12, "150->151": 2, "151->150": 3, "154->155": 2, "155->154": 3, "157->159": 1, "159->157": 12, "159->161": 1, "161->159": 12, "161->162": 2, "162->161": 3, "162->163": 1, "163->162": 12, "164->168": 1, "168->164": 12, "166->167": 2, "167->166": 3, "170->171": 2, "171->170": 3, "2->3": 2, "3->2": 3, "3->6": 2, "6->3": 3, "6->8": 2, "8->6": 3, "8->10": 2, "10->8": 3, "10->13": 2, "13->10": 3, "13->15": 2, "15->13": 3, "15->17": 2, "17->15": 3, "17->20": 2, "20->17": 3, "20->21": 2, "21->20": 3, "21->24": 2, "24->21": 3, "24->25": 2, "25->24": 3, "25->28": 2, "28->25": 3, "28->29": 2, "29->28": 3, "29->34": 2, "34->29": 3, "34->36": 4, "36->34": 5, "36->37": 2, "37->36": 3, "37->42": 2, "42->37": 3, "42->44": 4, "44->42": 5, "44->45": 2, "45->44": 3, "45->48": 2, "48->45": 3, "48->50": 2, "50->48": 3, "50->51": 2, "51->50": 3, "51->54": 2, "54->51": 3, "54->55": 2, "55->54": 3, "55->56": 2, "56->55": 3, "56->59": 2, "59->56": 3, "59->61": 2, "61->59": 3, "61->62": 2, "62->61": 3, "62->65": 2, "65->62": 3, "65->67": 2, "67->65": 3, "67->68": 2, "68->67": 3, "68->71": 2, "71->68": 3, "71->73": 2, "73->71": 3, "73->74": 2, "74->73": 3, "74->77": 2, "77->74": 3, "77->78": 2, "78->77": 3, "78->79": 2, "79->78": 3, "79->82": 2, "82->79": 3, "82->84": 2, "84->82": 3, "84->86": 2, "86->84": 3, "86->88": 2, "88->86": 3, "89->90": 2, "90->89": 3, "90->93": 2, "93->90": 3, "93->95": 2, "95->93": 3, "95->97": 2, "97->95": 3, "97->99": 2, "99->97": 3, "100->101": 2, "101->100": 3, "101->104": 2, "104->101": 3, "104->106": 2, "106->104": 3, "106->107": 2, "107->106": 3, "107->110": 2, "110->107": 3, "110->111": 2, "111->110": 3, "111->114": 2, "114->111": 3, "114->115": 2, "115->114": 3, "115->118": 2, "118->115": 3, "118->119": 2, "119->118": 3, "119->120": 2, "120->119": 3, "120->123": 2, "123->120": 3, "123->125": 2, "125->123": 3, "125->127": 2, "127->125": 3, "127->129": 2, "129->127": 3, "129->130": 2, "130->129": 3, "130->133": 2, "133->130": 3, "133->135": 2, "135->133": 3, "135->137": 2, "137->135": 3, "137->139": 2, "139->137": 3, "139->140": 2, "140->139": 3, "140->143": 2, "143->140": 3, "143->145": 2, "145->143": 3, "145->146": 2, "146->145": 3, "147->150": 2, "150->147": 3, "151->154": 2, "154->151": 3, "155->158": 2, "158->155": 3, "158->160": 2, "160->158": 3, "160->161": 2, "161->160": 3, "162->166": 2, "166->162": 3, "167->170": 2, "170->167": 3, "171->173": 2, "173->171": 3, "61->67": 4, "67->61": 5, "67->84": 4, "84->67": 5, "84->95": 4, "95->84": 5, "95->125": 4, "125->95": 5, "125->135": 4, "135->125": 5, "89->100": 4, "100->89": 5, "127->137": 4, "137->127": 5, "129->139": 4, "139->129": 5}, "metrics": [2.0, 0.0, 6.0, 6.0, 35.0, 6.0, 0.0, 0.0, 0.0, 0.0, 0.0]}