{"nodelist": ["ClassDeclaration", "{'public', 'abstract'}", "public", "abstract", "Annotation", "InterfaceAudience.Public", "Annotation", "InterfaceStability.Evolving", "Operation", "FieldDeclaration", "{'final', 'private', 'static'}", "final", "private", "static", "BasicType", "int", "VariableDeclarator", "DEFAULT_MAX_COLS", "Literal", "5", "FieldDeclaration", "{'final', 'private', 'static'}", "final", "private", "static", "ReferenceType", "ObjectMapper", "VariableDeclarator", "MAPPER", "ClassCreator", "ReferenceType", "ObjectMapper", "MethodDeclaration", "{'public', 'abstract'}", "public", "abstract", "ReferenceType", "Map", "TypeArgument", "ReferenceType", "String", "TypeArgument", "ReferenceType", "Object", "getFingerprint", "MethodDeclaration", "{'public', 'abstract'}", "public", "abstract", "ReferenceType", "Map", "TypeArgument", "ReferenceType", "String", "TypeArgument", "ReferenceType", "Object", "toMap", "FormalParameter", "BasicType", "int", "maxCols", "MethodDeclaration", "{'public'}", "public", "ReferenceType", "Map", "TypeArgument", "ReferenceType", "String", "TypeArgument", "ReferenceType", "Object", "toMap", "ReturnStatement", "MethodInvocation", "MemberReference", "DEFAULT_MAX_COLS", "toMap", "MethodDeclaration", "{'public'}", "public", "ReferenceType", "String", "toJSON", "FormalParameter", "BasicType", "int", "maxCols", "IOException", "ReturnStatement", "MethodInvocation", "MAPPER", "MethodInvocation", "MemberReference", "maxCols", "toMap", "writeValueAsString", "MethodDeclaration", "{'public'}", "public", "ReferenceType", "String", "toJSON", "IOException", "ReturnStatement", "MethodInvocation", "MemberReference", "DEFAULT_MAX_COLS", "toJSON", "MethodDeclaration", "{'public'}", "public", "ReferenceType", "String", "toString", "FormalParameter", "BasicType", "int", "maxCols", "TryStatement", "ReturnStatement", "MethodInvocation", "MemberReference", "maxCols", "toJSON", "CatchClause", "CatchClauseParameter", "IOException", "ioe", "ReturnStatement", "MethodInvocation", "MethodInvocation", "toString", "MemberReference", "maxCols", "toMap", "MethodDeclaration", "{'public'}", "public", "Annotation", "Override", "ReferenceType", "String", "toString", "ReturnStatement", "MethodInvocation", "MemberReference", "DEFAULT_MAX_COLS", "toString"], "nodes": {"0": "ClassDeclaration", "1": "Modifier", "2": "public", "3": "abstract", "4": "Annotation", "5": "InterfaceAudience.Public", "6": "Annotation", "7": "InterfaceStability.Evolving", "8": "Operation", "9": "FieldDeclaration", "10": "Modifier", "11": "final", "12": "private", "13": "static", "14": "BasicType", "15": "int", "16": "VariableDeclarator", "17": "DEFAULT_MAX_COLS", "18": "Literal", "19": "5", "20": "FieldDeclaration", "21": "Modifier", "22": "final", "23": "private", "24": "static", "25": "ReferenceType", "26": "ObjectMapper", "27": "VariableDeclarator", "28": "MAPPER", "29": "ClassCreator", "30": "ReferenceType", "31": "ObjectMapper", "32": "MethodDeclaration", "33": "Modifier", "34": "public", "35": "abstract", "36": "ReferenceType", "37": "Map", "38": "TypeArgument", "39": "ReferenceType", "40": "String", "41": "TypeArgument", "42": "ReferenceType", "43": "Object", "44": "getFingerprint", "45": "MethodDeclaration", "46": "Modifier", "47": "public", "48": "abstract", "49": "ReferenceType", "50": "Map", "51": "TypeArgument", "52": "ReferenceType", "53": "String", "54": "TypeArgument", "55": "ReferenceType", "56": "Object", "57": "toMap", "58": "FormalParameter", "59": "BasicType", "60": "int", "61": "maxCols", "62": "MethodDeclaration", "63": "Modifier", "64": "public", "65": "ReferenceType", "66": "Map", "67": "TypeArgument", "68": "ReferenceType", "69": "String", "70": "TypeArgument", "71": "ReferenceType", "72": "Object", "73": "toMap", "74": "ReturnStatement", "75": "MethodInvocation", "76": "MemberReference", "77": "DEFAULT_MAX_COLS", "78": "toMap", "79": "MethodDeclaration", "80": "Modifier", "81": "public", "82": "ReferenceType", "83": "String", "84": "toJSON", "85": "FormalParameter", "86": "BasicType", "87": "int", "88": "maxCols", "89": "IOException", "90": "ReturnStatement", "91": "MethodInvocation", "92": "MAPPER", "93": "MethodInvocation", "94": "MemberReference", "95": "maxCols", "96": "toMap", "97": "writeValueAsString", "98": "MethodDeclaration", "99": "Modifier", "100": "public", "101": "ReferenceType", "102": "String", "103": "toJSON", "104": "IOException", "105": "ReturnStatement", "106": "MethodInvocation", "107": "MemberReference", "108": "DEFAULT_MAX_COLS", "109": "toJSON", "110": "MethodDeclaration", "111": "Modifier", "112": "public", "113": "ReferenceType", "114": "String", "115": "toString", "116": "FormalParameter", "117": "BasicType", "118": "int", "119": "maxCols", "120": "TryStatement", "121": "ReturnStatement", "122": "MethodInvocation", "123": "MemberReference", "124": "maxCols", "125": "toJSON", "126": "CatchClause", "127": "CatchClauseParameter", "128": "IOException", "129": "ioe", "130": "ReturnStatement", "131": "MethodInvocation", "132": "MethodInvocation", "133": "toString", "134": "MemberReference", "135": "maxCols", "136": "toMap", "137": "MethodDeclaration", "138": "Modifier", "139": "public", "140": "Annotation", "141": "Override", "142": "ReferenceType", "143": "String", "144": "toString", "145": "ReturnStatement", "146": "MethodInvocation", "147": "MemberReference", "148": "DEFAULT_MAX_COLS", "149": "toString"}, "edges": {"0->1": 0, "1->0": 0, "1->2": 0, "2->1": 0, "1->3": 0, "3->1": 0, "0->4": 0, "4->0": 0, "4->5": 0, "5->4": 0, "0->6": 0, "6->0": 0, "6->7": 0, "7->6": 0, "0->8": 0, "8->0": 0, "0->9": 0, "9->0": 0, "9->10": 0, "10->9": 0, "10->11": 0, "11->10": 0, "10->12": 0, "12->10": 0, "10->13": 0, "13->10": 0, "9->14": 0, "14->9": 0, "14->15": 0, "15->14": 0, "9->16": 0, "16->9": 0, "16->17": 0, "17->16": 0, "16->18": 0, "18->16": 0, "18->19": 0, "19->18": 0, "0->20": 0, "20->0": 0, "20->21": 0, "21->20": 0, "21->22": 0, "22->21": 0, "21->23": 0, "23->21": 0, "21->24": 0, "24->21": 0, "20->25": 0, "25->20": 0, "25->26": 0, "26->25": 0, "20->27": 0, "27->20": 0, "27->28": 0, "28->27": 0, "27->29": 0, "29->27": 0, "29->30": 0, "30->29": 0, "30->31": 0, "31->30": 0, "0->32": 0, "32->0": 0, "32->33": 0, "33->32": 0, "33->34": 0, "34->33": 0, "33->35": 0, "35->33": 0, "32->36": 0, "36->32": 0, "36->37": 0, "37->36": 0, "36->38": 0, "38->36": 0, "38->39": 0, "39->38": 0, "39->40": 0, "40->39": 0, "36->41": 0, "41->36": 0, "41->42": 0, "42->41": 0, "42->43": 0, "43->42": 0, "32->44": 0, "44->32": 0, "0->45": 0, "45->0": 0, "45->46": 0, "46->45": 0, "46->47": 0, "47->46": 0, "46->48": 0, "48->46": 0, "45->49": 0, "49->45": 0, "49->50": 0, "50->49": 0, "49->51": 0, "51->49": 0, "51->52": 0, "52->51": 0, "52->53": 0, "53->52": 0, "49->54": 0, "54->49": 0, "54->55": 0, "55->54": 0, "55->56": 0, "56->55": 0, "45->57": 0, "57->45": 0, "45->58": 0, "58->45": 0, "58->59": 0, "59->58": 0, "59->60": 0, "60->59": 0, "58->61": 0, "61->58": 0, "0->62": 0, "62->0": 0, "62->63": 0, "63->62": 0, "63->64": 0, "64->63": 0, "62->65": 0, "65->62": 0, "65->66": 0, "66->65": 0, "65->67": 0, "67->65": 0, "67->68": 0, "68->67": 0, "68->69": 0, "69->68": 0, "65->70": 0, "70->65": 0, "70->71": 0, "71->70": 0, "71->72": 0, "72->71": 0, "62->73": 0, "73->62": 0, "62->74": 0, "74->62": 0, "74->75": 0, "75->74": 0, "75->76": 0, "76->75": 0, "76->77": 0, "77->76": 0, "75->78": 0, "78->75": 0, "0->79": 0, "79->0": 0, "79->80": 0, "80->79": 0, "80->81": 0, "81->80": 0, "79->82": 0, "82->79": 0, "82->83": 0, "83->82": 0, "79->84": 0, "84->79": 0, "79->85": 0, "85->79": 0, "85->86": 0, "86->85": 0, "86->87": 0, "87->86": 0, "85->88": 0, "88->85": 0, "79->89": 0, "89->79": 0, "79->90": 0, "90->79": 0, "90->91": 0, "91->90": 0, "91->92": 0, "92->91": 0, "91->93": 0, "93->91": 0, "93->94": 0, "94->93": 0, "94->95": 0, "95->94": 0, "93->96": 0, "96->93": 0, "91->97": 0, "97->91": 0, "0->98": 0, "98->0": 0, "98->99": 0, "99->98": 0, "99->100": 0, "100->99": 0, "98->101": 0, "101->98": 0, "101->102": 0, "102->101": 0, "98->103": 0, "103->98": 0, "98->104": 0, "104->98": 0, "98->105": 0, "105->98": 0, "105->106": 0, "106->105": 0, "106->107": 0, "107->106": 0, "107->108": 0, "108->107": 0, "106->109": 0, "109->106": 0, "0->110": 0, "110->0": 0, "110->111": 0, "111->110": 0, "111->112": 0, "112->111": 0, "110->113": 0, "113->110": 0, "113->114": 0, "114->113": 0, "110->115": 0, "115->110": 0, "110->116": 0, "116->110": 0, "116->117": 0, "117->116": 0, "117->118": 0, "118->117": 0, "116->119": 0, "119->116": 0, "110->120": 0, "120->110": 0, "120->121": 0, "121->120": 0, "121->122": 0, "122->121": 0, "122->123": 0, "123->122": 0, "123->124": 0, "124->123": 0, "122->125": 0, "125->122": 0, "120->126": 0, "126->120": 0, "126->127": 0, "127->126": 0, "127->128": 0, "128->127": 0, "127->129": 0, "129->127": 0, "126->130": 0, "130->126": 0, "130->131": 0, "131->130": 0, "131->132": 0, "132->131": 0, "132->133": 0, "133->132": 0, "131->134": 0, "134->131": 0, "134->135": 0, "135->134": 0, "131->136": 0, "136->131": 0, "0->137": 0, "137->0": 0, "137->138": 0, "138->137": 0, "138->139": 0, "139->138": 0, "137->140": 0, "140->137": 0, "140->141": 0, "141->140": 0, "137->142": 0, "142->137": 0, "142->143": 0, "143->142": 0, "137->144": 0, "144->137": 0, "137->145": 0, "145->137": 0, "145->146": 0, "146->145": 0, "146->147": 0, "147->146": 0, "147->148": 0, "148->147": 0, "146->149": 0, "149->146": 0, "1->4": 1, "4->1": 12, "4->6": 1, "6->4": 12, "6->8": 1, "8->6": 12, "8->9": 1, "9->8": 12, "9->20": 1, "20->9": 12, "20->32": 1, "32->20": 12, "32->45": 1, "45->32": 12, "45->62": 1, "62->45": 12, "62->79": 1, "79->62": 12, "79->98": 1, "98->79": 12, "98->110": 1, "110->98": 12, "110->137": 1, "137->110": 12, "2->3": 2, "3->2": 3, "10->14": 1, "14->10": 12, "14->16": 1, "16->14": 12, "11->12": 2, "12->11": 3, "12->13": 2, "13->12": 3, "17->18": 1, "18->17": 12, "21->25": 1, "25->21": 12, "25->27": 1, "27->25": 12, "22->23": 2, "23->22": 3, "23->24": 2, "24->23": 3, "28->29": 1, "29->28": 12, "33->36": 1, "36->33": 12, "36->44": 1, "44->36": 12, "34->35": 2, "35->34": 3, "37->38": 1, "38->37": 12, "38->41": 1, "41->38": 12, "46->49": 1, "49->46": 12, "49->57": 1, "57->49": 12, "57->58": 1, "58->57": 12, "47->48": 2, "48->47": 3, "50->51": 1, "51->50": 12, "51->54": 1, "54->51": 12, "59->61": 1, "61->59": 12, "63->65": 1, "65->63": 12, "65->73": 1, "73->65": 12, "73->74": 1, "74->73": 12, "66->67": 1, "67->66": 12, "67->70": 1, "70->67": 12, "76->78": 1, "78->76": 12, "80->82": 1, "82->80": 12, "82->84": 1, "84->82": 12, "84->85": 1, "85->84": 12, "85->89": 1, "89->85": 12, "89->90": 1, "90->89": 12, "86->88": 1, "88->86": 12, "92->93": 1, "93->92": 12, "93->97": 1, "97->93": 12, "94->96": 1, "96->94": 12, "99->101": 1, "101->99": 12, "101->103": 1, "103->101": 12, "103->104": 2, "104->103": 3, "104->105": 1, "105->104": 12, "107->109": 1, "109->107": 12, "111->113": 1, "113->111": 12, "113->115": 1, "115->113": 12, "115->116": 1, "116->115": 12, "116->120": 1, "120->116": 12, "117->119": 1, "119->117": 12, "121->126": 1, "126->121": 12, "123->125": 1, "125->123": 12, "127->130": 1, "130->127": 12, "128->129": 2, "129->128": 3, "132->134": 1, "134->132": 12, "134->136": 1, "136->134": 12, "138->140": 1, "140->138": 12, "140->142": 1, "142->140": 12, "142->144": 1, "144->142": 12, "144->145": 1, "145->144": 12, "147->149": 1, "149->147": 12, "3->5": 2, "5->3": 3, "5->7": 2, "7->5": 3, "7->8": 2, "8->7": 3, "8->11": 2, "11->8": 3, "13->15": 2, "15->13": 3, "15->17": 2, "17->15": 3, "17->19": 2, "19->17": 3, "19->22": 2, "22->19": 3, "24->26": 2, "26->24": 3, "26->28": 2, "28->26": 3, "28->31": 2, "31->28": 3, "31->34": 2, "34->31": 3, "35->37": 2, "37->35": 3, "37->40": 2, "40->37": 3, "40->43": 2, "43->40": 3, "43->44": 2, "44->43": 3, "44->47": 2, "47->44": 3, "48->50": 2, "50->48": 3, "50->53": 2, "53->50": 3, "53->56": 2, "56->53": 3, "56->57": 2, "57->56": 3, "57->60": 2, "60->57": 3, "60->61": 2, "61->60": 3, "61->64": 2, "64->61": 3, "64->66": 2, "66->64": 3, "66->69": 2, "69->66": 3, "69->72": 2, "72->69": 3, "72->73": 2, "73->72": 3, "73->77": 2, "77->73": 3, "77->78": 2, "78->77": 3, "78->81": 2, "81->78": 3, "81->83": 2, "83->81": 3, "83->84": 2, "84->83": 3, "84->87": 2, "87->84": 3, "87->88": 2, "88->87": 3, "88->89": 2, "89->88": 3, "89->92": 2, "92->89": 3, "92->95": 2, "95->92": 3, "95->96": 2, "96->95": 3, "96->97": 2, "97->96": 3, "97->100": 2, "100->97": 3, "100->102": 2, "102->100": 3, "102->103": 2, "103->102": 3, "104->108": 2, "108->104": 3, "108->109": 2, "109->108": 3, "109->112": 2, "112->109": 3, "112->114": 2, "114->112": 3, "114->115": 2, "115->114": 3, "115->118": 2, "118->115": 3, "118->119": 2, "119->118": 3, "119->124": 2, "124->119": 3, "124->125": 2, "125->124": 3, "125->128": 2, "128->125": 3, "129->133": 2, "133->129": 3, "133->135": 2, "135->133": 3, "135->136": 2, "136->135": 3, "136->139": 2, "139->136": 3, "139->141": 2, "141->139": 3, "141->143": 2, "143->141": 3, "143->144": 2, "144->143": 3, "144->148": 2, "148->144": 3, "148->149": 2, "149->148": 3, "77->108": 4, "108->77": 5, "108->148": 4, "148->108": 5, "95->124": 4, "124->95": 5, "124->135": 4, "135->124": 5}, "metrics": [2.0, 0.0, 7.0, 7.0, 60.0, 7.0, 1.0, 0.0, 0.2857142857142857, 1.0, 0.0]}