{"nodelist": ["InterfaceDeclaration", "{'public'}", "public", "ResultScanner", "MethodDeclaration", "{'public'}", "public", "ReferenceType", "Result", "next", "IOException", "MethodDeclaration", "{'public'}", "public", "ReferenceType", "Result", "next", "FormalParameter", "BasicType", "int", "nbRows", "IOException", "MethodDeclaration", "{'public'}", "public", "close", "ReferenceType", "Closeable", "ReferenceType", "Iterable", "TypeArgument", "ReferenceType", "Result"], "nodes": {"0": "InterfaceDeclaration", "1": "Modifier", "2": "public", "3": "ResultScanner", "4": "MethodDeclaration", "5": "Modifier", "6": "public", "7": "ReferenceType", "8": "Result", "9": "next", "10": "IOException", "11": "MethodDeclaration", "12": "Modifier", "13": "public", "14": "ReferenceType", "15": "Result", "16": "next", "17": "FormalParameter", "18": "BasicType", "19": "int", "20": "nbRows", "21": "IOException", "22": "MethodDeclaration", "23": "Modifier", "24": "public", "25": "close", "26": "ReferenceType", "27": "Closeable", "28": "ReferenceType", "29": "Iterable", "30": "TypeArgument", "31": "ReferenceType", "32": "Result"}, "edges": {"0->1": 0, "1->0": 0, "1->2": 0, "2->1": 0, "0->3": 0, "3->0": 0, "0->4": 0, "4->0": 0, "4->5": 0, "5->4": 0, "5->6": 0, "6->5": 0, "4->7": 0, "7->4": 0, "7->8": 0, "8->7": 0, "4->9": 0, "9->4": 0, "4->10": 0, "10->4": 0, "0->11": 0, "11->0": 0, "11->12": 0, "12->11": 0, "12->13": 0, "13->12": 0, "11->14": 0, "14->11": 0, "14->15": 0, "15->14": 0, "11->16": 0, "16->11": 0, "11->17": 0, "17->11": 0, "17->18": 0, "18->17": 0, "18->19": 0, "19->18": 0, "17->20": 0, "20->17": 0, "11->21": 0, "21->11": 0, "0->22": 0, "22->0": 0, "22->23": 0, "23->22": 0, "23->24": 0, "24->23": 0, "22->25": 0, "25->22": 0, "0->26": 0, "26->0": 0, "26->27": 0, "27->26": 0, "0->28": 0, "28->0": 0, "28->29": 0, "29->28": 0, "28->30": 0, "30->28": 0, "30->31": 0, "31->30": 0, "31->32": 0, "32->31": 0, "1->3": 1, "3->1": 12, "3->4": 1, "4->3": 12, "4->11": 1, "11->4": 12, "11->22": 1, "22->11": 12, "22->26": 1, "26->22": 12, "26->28": 1, "28->26": 12, "5->7": 1, "7->5": 12, "7->9": 1, "9->7": 12, "9->10": 2, "10->9": 3, "12->14": 1, "14->12": 12, "14->16": 1, "16->14": 12, "16->17": 1, "17->16": 12, "17->21": 1, "21->17": 12, "18->20": 1, "20->18": 12, "23->25": 1, "25->23": 12, "29->30": 1, "30->29": 12, "2->3": 2, "3->2": 3, "3->6": 2, "6->3": 3, "6->8": 2, "8->6": 3, "8->9": 2, "9->8": 3, "10->13": 2, "13->10": 3, "13->15": 2, "15->13": 3, "15->16": 2, "16->15": 3, "16->19": 2, "19->16": 3, "19->20": 2, "20->19": 3, "20->21": 2, "21->20": 3, "21->24": 2, "24->21": 3, "24->25": 2, "25->24": 3, "25->27": 2, "27->25": 3, "27->29": 2, "29->27": 3, "29->32": 2, "32->29": 3}, "metrics": [0.0, 0.0, 3.0, 3.0, 21.0, 3.0, 1.0, 0.0, -1.0, 51.0, 0.0]}